feature,shap,lwr_shap,upr_shap,rate,rate_lwr,rate_upr
baseline,0.14006175711750984,0.09001350402832031,0.20718851685523987,NA,NA,NA
Abyssomedon__lat_range_z_trans,0.26165242239832875,0.005458620926867815,0.02784221672476377,0.2915784200752387,0.13985059829428792,0.5266670808196068
Abyssomedon__Temperate_N,0.191710627975408,-0.004923188325581864,0.03484316168066306,NA,NA,NA
Abyssomedon__Tropical,-0.2487166974809952,-0.028414802774447103,0.02021945415917928,NA,NA,NA
Abyssomedon__Temperate_S,0.18138255994592328,-0.00170383234778201,0.032284971138255104,NA,NA,NA
Abyssomedon__Antarctic,0.06485736284404993,0.001137267069643705,0.0068767536663223265,NA,NA,NA
Abyssomedon__mean_z_trans,0.17842649859376253,-0.014564955092926104,0.05736922737952376,NA,NA,NA
Abyssomedon__Mod_R_deltaTMyr_z_trans,-0.09827915425179526,-0.011089135396626329,0.009860069632587102,NA,NA,NA
Abyssomedon__time,-0.44772357936948537,-0.03591347808746843,0.01789266247394546,NA,NA,NA
Acadiella__lat_range_z_trans,0.20816431952994138,0.009518903566264367,0.034425037154864606,0.4025779008329846,0.20777822588570416,0.6624075435101986
Acadiella__Temperate_N,0.16431759402170718,-0.002564253232345781,0.0524018852240767,NA,NA,NA
Acadiella__Tropical,-0.21315535407894226,-0.048254756814815,0.03583156892748145,NA,NA,NA
Acadiella__Temperate_S,0.14925835934206452,-0.005138652642261034,0.05152770342300087,NA,NA,NA
Acadiella__Antarctic,0.04552063876717406,0.0019014206761512615,0.007437019251434715,NA,NA,NA
Acadiella__mean_z_trans,-0.019400262030572414,-0.010891083211197222,0.011128280744947582,NA,NA,NA
Acadiella__Mod_R_deltaTMyr_z_trans,-0.07461597403340715,-0.01691041711090452,0.012831106688207259,NA,NA,NA
Acadiella__time,-0.12002756440045553,-0.017674665259212387,0.00160591544122671,NA,NA,NA
Acaenasuchus__lat_range_z_trans,0.07619441900912893,0.0075358557223483055,0.02451020698029914,0.7872587046818807,0.21545350924134254,2.3760910211130977
Acaenasuchus__Temperate_N,0.04942690165082214,-0.00597987223900324,0.030978616277694545,NA,NA,NA
Acaenasuchus__Tropical,-0.040874967941052706,-0.03029682229925615,0.03370275571685376,NA,NA,NA
Acaenasuchus__Temperate_S,0.04262960091967252,-0.005650274021056952,0.02690677169494808,NA,NA,NA
Acaenasuchus__Antarctic,0.01469135738171809,0.001261791485918808,0.004645428919012478,NA,NA,NA
Acaenasuchus__mean_z_trans,-0.009651121323167863,-0.01660412612980708,0.01515330040013839,NA,NA,NA
Acaenasuchus__Mod_R_deltaTMyr_z_trans,-0.09880400685822127,-0.031226295873556888,-0.00399422156834013,NA,NA,NA
Acaenasuchus__time,0.10644957427860997,-0.009053760673907122,0.0752856584346336,NA,NA,NA
Acallosuchus__lat_range_z_trans,0.23080418437108266,0.006765367334674588,0.033145698693802385,0.3796066027961206,0.08039659634232521,0.6144305020570755
Acallosuchus__Temperate_N,0.15719715593124925,-0.0072456505905771846,0.03995178104601915,NA,NA,NA
Acallosuchus__Tropical,-0.15895879432280188,-0.02790858062170575,0.04497272660753532,NA,NA,NA
Acallosuchus__Temperate_S,0.1460530089681418,-0.0053673414375760556,0.03666483172044533,NA,NA,NA
Acallosuchus__Antarctic,0.052342935192890246,0.0012014863502175348,0.007435130761288038,NA,NA,NA
Acallosuchus__mean_z_trans,-0.051088108469353806,-0.01601927867013892,0.014423353402157923,NA,NA,NA
Acallosuchus__Mod_R_deltaTMyr_z_trans,-0.3629692681074545,-0.03076571078946863,-0.014068411728615842,NA,NA,NA
Acallosuchus__time,0.12668064355375613,-0.010673795603745899,0.04466340635260756,NA,NA,NA
Acerosodontosaurus__lat_range_z_trans,0.06265682008617257,0.010601555874893287,0.028594979358064706,0.8893820833142673,0.41489554941654205,1.4990822516847402
Acerosodontosaurus__Temperate_N,0.05310330742651656,-0.006575772960662696,0.03708406455389137,NA,NA,NA
Acerosodontosaurus__Tropical,0.045448267637168804,-0.0017084726192178087,0.036144813538502706,NA,NA,NA
Acerosodontosaurus__Temperate_S,-0.0543656891567537,-0.04880787323003971,0.028028673714600116,NA,NA,NA
Acerosodontosaurus__Antarctic,0.010883838483798449,0.0012719374673054358,0.005308953143203414,NA,NA,NA
Acerosodontosaurus__mean_z_trans,0.07360051917158297,0.0005052515672852807,0.04930461412470203,NA,NA,NA
Acerosodontosaurus__Mod_R_deltaTMyr_z_trans,0.013658137703371572,-0.009975028028331927,0.020924846943338217,NA,NA,NA
Acerosodontosaurus__time,-0.06492344423434739,-0.035325102099552176,0.0017975714789373277,NA,NA,NA
Acleistorhinus__lat_range_z_trans,0.08052978731924107,0.006374995643779405,0.02516637056622407,0.7142127059167251,0.22375883907079697,1.2866207286715508
Acleistorhinus__Temperate_N,0.06011324259317964,-0.006467129720530598,0.03148529847691587,NA,NA,NA
Acleistorhinus__Tropical,-0.06448074051334554,-0.030267615998820285,0.02576565581920166,NA,NA,NA
Acleistorhinus__Temperate_S,0.056043243089244,-0.0025186277241503238,0.028474428535260603,NA,NA,NA
Acleistorhinus__Antarctic,0.016162186894582337,0.0008734175409429791,0.005089611249459308,NA,NA,NA
Acleistorhinus__mean_z_trans,0.10376923137717932,-0.007229022529542589,0.06386872728216854,NA,NA,NA
Acleistorhinus__Mod_R_deltaTMyr_z_trans,9.837353015027102e-05,-0.009349220936196632,0.01571801032880445,NA,NA,NA
Acleistorhinus__time,-0.11217356717272126,-0.041430300303802264,0.011620414597205374,NA,NA,NA
Acrodenta__lat_range_z_trans,0.039492183111246804,0.010666797411690517,0.023093141105522536,1.4092552126053488,0.24718616157770157,2.8690784806385636
Acrodenta__Temperate_N,0.03442681967804279,-0.002682592777306527,0.037575314739147145,NA,NA,NA
Acrodenta__Tropical,-0.017801416803477414,-0.045491761458025914,0.01819710228500219,NA,NA,NA
Acrodenta__Temperate_S,0.0308324645904419,0.0006006161337406721,0.02977117636354143,NA,NA,NA
Acrodenta__Antarctic,0.00509247114820541,0.0009559483577488776,0.0036362829063062456,NA,NA,NA
Acrodenta__mean_z_trans,0.06515876727848212,0.002675313226765234,0.05910730190730592,NA,NA,NA
Acrodenta__Mod_R_deltaTMyr_z_trans,0.012053270977089907,-0.021172561062674077,0.023509365123269264,NA,NA,NA
Acrodenta__time,-0.029192802862521672,-0.0355652638602591,0.012298832425145146,NA,NA,NA
Actiosaurus__lat_range_z_trans,0.038841154226784504,0.010200368541915644,0.026176172363934134,1.5910630645614583,0.9984516687691212,2.2921414375305176
Actiosaurus__Temperate_N,-0.019298473823853725,-0.031125125573532218,0.022251737870423834,NA,NA,NA
Actiosaurus__Tropical,0.01828077837012913,-0.015556928982473463,0.026256712393214643,NA,NA,NA
Actiosaurus__Temperate_S,0.017502496850406318,-0.013292108721473144,0.024467973410247618,NA,NA,NA
Actiosaurus__Antarctic,0.005378152643551295,0.0006993754527665911,0.003903305214537218,NA,NA,NA
Actiosaurus__mean_z_trans,-0.0012503734400442106,-0.01496211585166638,0.014665896002218064,NA,NA,NA
Actiosaurus__Mod_R_deltaTMyr_z_trans,-0.027629862934573996,-0.03401690555971739,0.013763568312119619,NA,NA,NA
Actiosaurus__time,0.10823788522511053,0.008039936665860043,0.07570315128854473,NA,NA,NA
Adamanasuchus__lat_range_z_trans,0.27985777631402015,0.007544424548602774,0.03175892234642962,0.3228864585678093,0.10355991497635841,0.4940805099904537
Adamanasuchus__Temperate_N,0.18828491643304004,-0.008080014207946632,0.04000720336719816,NA,NA,NA
Adamanasuchus__Tropical,-0.20330090350704266,-0.031122357492682124,0.04383265745106609,NA,NA,NA
Adamanasuchus__Temperate_S,0.1781715125765186,-0.0034418651315146543,0.04146422571526052,NA,NA,NA
Adamanasuchus__Antarctic,0.06492152571096085,0.0014745033214878227,0.007246648454461665,NA,NA,NA
Adamanasuchus__mean_z_trans,-0.0760004274873063,-0.01786395819639822,0.017228894454059073,NA,NA,NA
Adamanasuchus__Mod_R_deltaTMyr_z_trans,-0.44969804791733625,-0.03156185070703832,-0.009160868328423454,NA,NA,NA
Adamanasuchus__time,0.13120563801378013,-0.006962386162830955,0.03481083339518818,NA,NA,NA
Adelosaurus__lat_range_z_trans,0.06006181231437755,0.00890512652444285,0.028276228372103536,0.9006275280599948,0.25783179700374603,1.6285438362974674
Adelosaurus__Temperate_N,-0.04703499389959907,-0.03732341213924203,0.029705009937945247,NA,NA,NA
Adelosaurus__Tropical,0.04174146460130494,-0.013088419216053167,0.03370584797242994,NA,NA,NA
Adelosaurus__Temperate_S,0.045777804203176724,-0.0015555786100108337,0.034320711700851304,NA,NA,NA
Adelosaurus__Antarctic,0.01022716266137035,0.001010039907224174,0.005364361017946402,NA,NA,NA
Adelosaurus__mean_z_trans,0.07099162619953542,-0.0006702995817480666,0.052585843366491795,NA,NA,NA
Adelosaurus__Mod_R_deltaTMyr_z_trans,0.005901264699799854,-0.018056885999316343,0.017835971022217473,NA,NA,NA
Adelosaurus__time,-0.047604383662455924,-0.029234074913616903,0.0053945434652541415,NA,NA,NA
Aenigmasaurus__lat_range_z_trans,0.02761792093115002,0.013382418290004586,0.019917853993523218,2.1187411318629166,0.9821061752736568,3.3555527087301016
Aenigmasaurus__Temperate_N,0.029249514285249273,0.00019890062093798748,0.029013488664441076,NA,NA,NA
Aenigmasaurus__Tropical,0.025975791766737522,-0.007565171414264818,0.026511587217256265,NA,NA,NA
Aenigmasaurus__Temperate_S,-0.02539093879100328,-0.06141405060449416,0.01778734484847439,NA,NA,NA
Aenigmasaurus__Antarctic,0.0027070892947436854,0.0005244496787212798,0.002940252694331548,NA,NA,NA
Aenigmasaurus__mean_z_trans,0.03115562544572686,-0.01513448509651832,0.04032816337734337,NA,NA,NA
Aenigmasaurus__Mod_R_deltaTMyr_z_trans,0.06957219911533305,0.022575835395713183,0.06582540766087243,NA,NA,NA
Aenigmasaurus__time,-0.02082544493042729,-0.04258140089842005,0.00486441839899756,NA,NA,NA
Aenigmaspina__lat_range_z_trans,0.23366505632654558,0.010376793502692385,0.035049082267038234,0.36578033907164353,0.17165971919894218,0.5350561924278736
Aenigmaspina__Temperate_N,-0.2512447609612634,-0.04050437981205087,0.03348156837231799,NA,NA,NA
Aenigmaspina__Tropical,0.15706906476798374,-0.006419154514390734,0.04996397517569105,NA,NA,NA
Aenigmaspina__Temperate_S,0.17581783457583966,-0.005088148862980973,0.050603458031672155,NA,NA,NA
Aenigmaspina__Antarctic,0.05041341911176758,0.0018086635638346993,0.007609467534793837,NA,NA,NA
Aenigmaspina__mean_z_trans,-0.052683638804461815,-0.014456912783259541,0.01308043148697571,NA,NA,NA
Aenigmaspina__Mod_R_deltaTMyr_z_trans,-0.039844014016995825,-0.0188550011602854,0.01571791768364502,NA,NA,NA
Aenigmaspina__time,-0.13313120388190566,-0.016875363961879875,0.0016826163031058638,NA,NA,NA
Aenigmastropheus__lat_range_z_trans,0.06265682008617257,0.010601555874893287,0.028594979358064706,0.8893820833142673,0.41489554941654205,1.4990822516847402
Aenigmastropheus__Temperate_N,0.05310330742651656,-0.006575772960662696,0.03708406455389137,NA,NA,NA
Aenigmastropheus__Tropical,0.045448267637168804,-0.0017084726192178087,0.036144813538502706,NA,NA,NA
Aenigmastropheus__Temperate_S,-0.0543656891567537,-0.04880787323003971,0.028028673714600116,NA,NA,NA
Aenigmastropheus__Antarctic,0.010883838483798449,0.0012719374673054358,0.005308953143203414,NA,NA,NA
Aenigmastropheus__mean_z_trans,0.07360051917158297,0.0005052515672852807,0.04930461412470203,NA,NA,NA
Aenigmastropheus__Mod_R_deltaTMyr_z_trans,0.013658137703371572,-0.009975028028331927,0.020924846943338217,NA,NA,NA
Aenigmastropheus__time,-0.06492344423434739,-0.035325102099552176,0.0017975714789373277,NA,NA,NA
Aetobarbakinoides__lat_range_z_trans,0.09129635455501339,0.009052031293132812,0.030468830328554845,0.6601012544910191,0.3721710368990898,0.9344987943768501
Aetobarbakinoides__Temperate_N,0.08071410289599239,-0.008580052341798042,0.046719508968253894,NA,NA,NA
Aetobarbakinoides__Tropical,0.06695346769285343,-0.005565414607935759,0.053176662075737895,NA,NA,NA
Aetobarbakinoides__Temperate_S,-0.08372556635945295,-0.053948375162933826,0.033114349127299464,NA,NA,NA
Aetobarbakinoides__Antarctic,0.01698965357261711,0.0014239259864570785,0.006546211516384029,NA,NA,NA
Aetobarbakinoides__mean_z_trans,-0.005748453104446184,-0.008440550592819385,0.01262963841585651,NA,NA,NA
Aetobarbakinoides__Mod_R_deltaTMyr_z_trans,0.02225322393893636,-0.0074332934358239434,0.02365889568610816,NA,NA,NA
Aetobarbakinoides__time,-0.048671026074003684,-0.01652177516659925,0.0008744207370450806,NA,NA,NA
Aetosauroides__lat_range_z_trans,-0.3824661171695426,-0.03958115890497484,-0.015206897604002678,0.44407550996838835,0.013757318258285522,1.2063796818256378
Aetosauroides__Temperate_N,0.0830203224487566,-0.006460187023322827,0.028963202113904633,NA,NA,NA
Aetosauroides__Tropical,0.06155984476342566,-0.007631091306613081,0.025288489534503952,NA,NA,NA
Aetosauroides__Temperate_S,0.02547712353242828,-0.01821610732382629,0.04660947980080689,NA,NA,NA
Aetosauroides__Antarctic,0.029659592586618835,0.0009125015259790317,0.005736911688184486,NA,NA,NA
Aetosauroides__mean_z_trans,0.005743045478607123,-0.0074900819764427565,0.01831163690381353,NA,NA,NA
Aetosauroides__Mod_R_deltaTMyr_z_trans,-0.03869322033561241,-0.010553420949433278,0.011612962018659974,NA,NA,NA
Aetosauroides__time,0.3557611658128284,-0.000993958069686262,0.08587273239936907,NA,NA,NA
Aetosaurus__lat_range_z_trans,-0.6040961010754109,-0.05588624784361989,-0.02044448315713363,0.11796489881875459,0.0034926440566778183,0.3275570422410965
Aetosaurus__Temperate_N,0.010568817256717012,-0.0069813482690112855,0.023300726087616713,NA,NA,NA
Aetosaurus__Tropical,0.01638417741865851,-0.00904513491170579,0.03339888764625671,NA,NA,NA
Aetosaurus__Temperate_S,0.09878090791462454,-0.004031174180621964,0.03327559481933759,NA,NA,NA
Aetosaurus__Antarctic,0.057851659655570986,0.001466868478335305,0.008480397411310547,NA,NA,NA
Aetosaurus__mean_z_trans,0.028161129310028628,-0.005589207505419575,0.018609486600242572,NA,NA,NA
Aetosaurus__Mod_R_deltaTMyr_z_trans,-0.07836055308696814,-0.008638477463218757,0.0072678434205123,NA,NA,NA
Aetosaurus__time,0.3895136702340096,-0.0013087823330583555,0.10330006402709706,NA,NA,NA
Agkistrognathus__lat_range_z_trans,0.03240551528549279,0.015351884526336181,0.022861299041022316,1.8455275285424433,0.9757713153958321,2.8556380048394203
Agkistrognathus__Temperate_N,-0.029306109125478683,-0.05009981397371066,0.01283735936201034,NA,NA,NA
Agkistrognathus__Tropical,0.032901847895154795,-0.0010662511000828923,0.031336427009198246,NA,NA,NA
Agkistrognathus__Temperate_S,0.026199051208947475,-0.0012797753289366198,0.025697073031461706,NA,NA,NA
Agkistrognathus__Antarctic,0.0034442329960425824,0.0008073443203152159,0.0026106184751793385,NA,NA,NA
Agkistrognathus__mean_z_trans,0.03251202050890384,-0.0219990976280935,0.04683221562084253,NA,NA,NA
Agkistrognathus__Mod_R_deltaTMyr_z_trans,0.06282495223080871,0.010089310898906438,0.0561386285618685,NA,NA,NA
Agkistrognathus__time,-0.020919753882361683,-0.04181710574305447,0.008874895753656901,NA,NA,NA
Agnosphitys__lat_range_z_trans,0.24107195352322225,0.009575945646818853,0.037152277134980614,0.3610138848499628,0.17165971919894218,0.5350561924278736
Agnosphitys__Temperate_N,-0.27040292214359096,-0.046707621540963695,0.020317354643823587,NA,NA,NA
Agnosphitys__Tropical,0.16537084169290575,-0.005923744624231804,0.0529621699749409,NA,NA,NA
Agnosphitys__Temperate_S,0.18280813468161586,-0.004868722272488226,0.053640026362376816,NA,NA,NA
Agnosphitys__Antarctic,0.05239909575551765,0.0016690766734607336,0.008066089849324555,NA,NA,NA
Agnosphitys__mean_z_trans,-0.05518211796353642,-0.013341174323009746,0.013865350651599646,NA,NA,NA
Agnosphitys__Mod_R_deltaTMyr_z_trans,-0.03739539785194655,-0.01484428644161178,0.019401662958312818,NA,NA,NA
Agnosphitys__time,-0.13860783057667775,-0.01557297714629465,0.0017835852798809436,NA,NA,NA
Ahvaytum__lat_range_z_trans,0.09129635455501339,0.009052031293132812,0.030468830328554845,0.6601012544910191,0.3721710368990898,0.9344987943768501
Ahvaytum__Temperate_N,0.08071410289599239,-0.008580052341798042,0.046719508968253894,NA,NA,NA
Ahvaytum__Tropical,0.06695346769285343,-0.005565414607935759,0.053176662075737895,NA,NA,NA
Ahvaytum__Temperate_S,-0.08372556635945295,-0.053948375162933826,0.033114349127299464,NA,NA,NA
Ahvaytum__Antarctic,0.01698965357261711,0.0014239259864570785,0.006546211516384029,NA,NA,NA
Ahvaytum__mean_z_trans,-0.005748453104446184,-0.008440550592819385,0.01262963841585651,NA,NA,NA
Ahvaytum__Mod_R_deltaTMyr_z_trans,0.02225322393893636,-0.0074332934358239434,0.02365889568610816,NA,NA,NA
Ahvaytum__time,-0.048671026074003684,-0.01652177516659925,0.0008744207370450806,NA,NA,NA
Alexeyisaurus__lat_range_z_trans,0.13965857528939862,0.007296281425835747,0.029198539644064225,0.47826647860754745,0.18964093178510666,0.9349627122282982
Alexeyisaurus__Temperate_N,-0.08627388930316886,-0.030430348883264485,0.024321670087316977,NA,NA,NA
Alexeyisaurus__Tropical,0.08738340490800908,-0.0054159017263113955,0.039089346161466525,NA,NA,NA
Alexeyisaurus__Temperate_S,0.0986873015926243,-0.009051321795624363,0.03192425780639855,NA,NA,NA
Alexeyisaurus__Antarctic,0.028142478688677815,0.001325311800479053,0.006525826224652445,NA,NA,NA
Alexeyisaurus__mean_z_trans,-0.04199643662650317,-0.016512777837497352,0.01686681920351643,NA,NA,NA
Alexeyisaurus__Mod_R_deltaTMyr_z_trans,-0.14754721945451504,-0.02729983124936908,0.0078056092632848885,NA,NA,NA
Alexeyisaurus__time,0.062007542022987076,-0.00992491576256844,0.05145644846453984,NA,NA,NA
Alwalkeria__lat_range_z_trans,0.09129635455501339,0.009052031293132812,0.030468830328554845,0.6601012544910191,0.3721710368990898,0.9344987943768501
Alwalkeria__Temperate_N,0.08071410289599239,-0.008580052341798042,0.046719508968253894,NA,NA,NA
Alwalkeria__Tropical,0.06695346769285343,-0.005565414607935759,0.053176662075737895,NA,NA,NA
Alwalkeria__Temperate_S,-0.08372556635945295,-0.053948375162933826,0.033114349127299464,NA,NA,NA
Alwalkeria__Antarctic,0.01698965357261711,0.0014239259864570785,0.006546211516384029,NA,NA,NA
Alwalkeria__mean_z_trans,-0.005748453104446184,-0.008440550592819385,0.01262963841585651,NA,NA,NA
Alwalkeria__Mod_R_deltaTMyr_z_trans,0.02225322393893636,-0.0074332934358239434,0.02365889568610816,NA,NA,NA
Alwalkeria__time,-0.048671026074003684,-0.01652177516659925,0.0008744207370450806,NA,NA,NA
Amanasaurus__lat_range_z_trans,-0.17885452916187783,-0.028742790521883853,-0.011040402531753457,0.5531009096410707,0.009688347578048706,1.58262437582016
Amanasaurus__Temperate_N,0.06898224399812972,-0.008054180038870994,0.03103661097413167,NA,NA,NA
Amanasaurus__Tropical,0.05697778049257858,-0.0035030394057294443,0.027677375872879387,NA,NA,NA
Amanasaurus__Temperate_S,-0.01989334822985545,-0.026272224376941232,0.03807282056613716,NA,NA,NA
Amanasaurus__Antarctic,0.022124729549421882,0.0010353249612583102,0.005068915190387814,NA,NA,NA
Amanasaurus__mean_z_trans,-0.009856105203173362,-0.0084968163036369,0.01352061516317357,NA,NA,NA
Amanasaurus__Mod_R_deltaTMyr_z_trans,-0.042853003939104385,-0.014247746900821654,0.01596252062990187,NA,NA,NA
Amanasaurus__time,0.24343398961139068,-0.001732031441694554,0.08689006099038185,NA,NA,NA
Ammorhynchus__lat_range_z_trans,-0.1069294446281856,-0.010686585878825173,0.0014768802848276702,0.22542054478893989,0.1135176345705986,0.3730116607621312
Ammorhynchus__Temperate_N,0.25939039919001516,-0.0006522833800804736,0.04460577178546275,NA,NA,NA
Ammorhynchus__Tropical,-0.4168113361485302,-0.044799897848391036,0.020527485977829427,NA,NA,NA
Ammorhynchus__Temperate_S,0.23725281873717904,-0.0015213065963523276,0.049125983943127255,NA,NA,NA
Ammorhynchus__Antarctic,0.06308661675080657,0.001288240536705062,0.007884060957084292,NA,NA,NA
Ammorhynchus__mean_z_trans,-0.0027767486369702967,-0.010065160939565086,0.03701733445995196,NA,NA,NA
Ammorhynchus__Mod_R_deltaTMyr_z_trans,0.21860294278711082,-0.0006139106319031226,0.041354033451457016,NA,NA,NA
Ammorhynchus__time,-0.23507098163012416,-0.022962599289908153,0.005196965995499504,NA,NA,NA
Ammosaurus__lat_range_z_trans,0.038841154226784504,0.010200368541915644,0.026176172363934134,1.5910630645614583,0.9984516687691212,2.2921414375305176
Ammosaurus__Temperate_N,-0.019298473823853725,-0.031125125573532218,0.022251737870423834,NA,NA,NA
Ammosaurus__Tropical,0.01828077837012913,-0.015556928982473463,0.026256712393214643,NA,NA,NA
Ammosaurus__Temperate_S,0.017502496850406318,-0.013292108721473144,0.024467973410247618,NA,NA,NA
Ammosaurus__Antarctic,0.005378152643551295,0.0006993754527665911,0.003903305214537218,NA,NA,NA
Ammosaurus__mean_z_trans,-0.0012503734400442106,-0.01496211585166638,0.014665896002218064,NA,NA,NA
Ammosaurus__Mod_R_deltaTMyr_z_trans,-0.027629862934573996,-0.03401690555971739,0.013763568312119619,NA,NA,NA
Ammosaurus__time,0.10823788522511053,0.008039936665860043,0.07570315128854473,NA,NA,NA
Amotosaurus__lat_range_z_trans,-0.29215425610542295,-0.026504807413530125,-0.025358175823970472,0.0910740440635709,0.0314630139619112,0.1521954946219921
Amotosaurus__Temperate_N,-0.022073873239569365,-0.01177781948036746,0.019795368293909748,NA,NA,NA
Amotosaurus__Tropical,-0.05487246470991522,-0.01329964813027395,0.03591914915857063,NA,NA,NA
Amotosaurus__Temperate_S,0.14105881363910158,-0.0051925977011088075,0.0520596473476637,NA,NA,NA
Amotosaurus__Antarctic,0.051696207374334335,0.0020573723939208066,0.011194040344307444,NA,NA,NA
Amotosaurus__mean_z_trans,0.037953815819928426,-0.014865317312504296,0.05588810408715918,NA,NA,NA
Amotosaurus__Mod_R_deltaTMyr_z_trans,0.14773199134040624,-0.0013465510095701998,0.04831218507471646,NA,NA,NA
Amotosaurus__time,-0.11320498461602256,-0.01908413537488628,0.00937819837288316,NA,NA,NA
Anarosaurus__lat_range_z_trans,-0.3586624176055193,-0.02603083353898804,-0.01679453906763661,0.23098020486184395,0.081512950360775,0.4406439084559679
Anarosaurus__Temperate_N,-0.3342632919549942,-0.041905572797037084,0.027674553245100153,NA,NA,NA
Anarosaurus__Tropical,0.22534090023837053,-0.00024045137820680613,0.04672049073525753,NA,NA,NA
Anarosaurus__Temperate_S,0.23198322724085302,-0.0011266466429602612,0.04751679820646293,NA,NA,NA
Anarosaurus__Antarctic,0.059961793683469294,0.0012213292052402453,0.008491283355854095,NA,NA,NA
Anarosaurus__mean_z_trans,0.11014888178324327,-0.004446976481519207,0.041353017374912,NA,NA,NA
Anarosaurus__Mod_R_deltaTMyr_z_trans,0.23648331238422543,-0.0011963543823605928,0.04685657064856098,NA,NA,NA
Anarosaurus__time,-0.14562325818929822,-0.016287998012488567,0.005370342356728787,NA,NA,NA
Ancistronychus__lat_range_z_trans,0.26186552762985227,0.00656584695497071,0.03543551543557171,0.20058030788059114,0.08005526103079319,0.41613077372312546
Ancistronychus__Temperate_N,0.1894016780424863,-0.005469225335064257,0.04896294075791417,NA,NA,NA
Ancistronychus__Tropical,-0.20514999135397374,-0.030242751618365597,0.04470431431994001,NA,NA,NA
Ancistronychus__Temperate_S,0.18334907573182135,-0.004411762096156113,0.04530088410386333,NA,NA,NA
Ancistronychus__Antarctic,0.0637877485412173,0.0015679446086359207,0.008956947486854149,NA,NA,NA
Ancistronychus__mean_z_trans,-0.05536484002368525,-0.01508800287210746,0.019415532168484177,NA,NA,NA
Ancistronychus__Mod_R_deltaTMyr_z_trans,-0.4345327515527606,-0.03113314912664216,-0.018027229090160357,NA,NA,NA
Ancistronychus__time,-0.010941781902511138,-0.01180240454359135,0.02243961167277267,NA,NA,NA
Angistorhinus__lat_range_z_trans,-0.7052516943216324,-0.04873996994722923,-0.02243124309367247,0.14178157972128247,0.0034683141857385635,0.3333243355154991
Angistorhinus__Temperate_N,0.11920467687072232,-0.004787653703863837,0.03332821653455856,NA,NA,NA
Angistorhinus__Tropical,-0.008727630588691682,-0.009451689743512567,0.03481004343229302,NA,NA,NA
Angistorhinus__Temperate_S,0.10992762698093429,-0.005152002308289823,0.028184026860278825,NA,NA,NA
Angistorhinus__Antarctic,0.05601523071527481,0.0009626264616999377,0.006905836776510331,NA,NA,NA
Angistorhinus__mean_z_trans,0.02041452685269178,-0.007408791535123165,0.017955853804756474,NA,NA,NA
Angistorhinus__Mod_R_deltaTMyr_z_trans,-0.10999526418454479,-0.012100261822698612,0.004385739232964408,NA,NA,NA
Angistorhinus__time,0.4617647918779403,-0.0033357614293030163,0.10405004330755073,NA,NA,NA
Anisodontosaurus__lat_range_z_trans,-0.08668300617369096,-0.015429543334685452,0.002465905109384471,0.4476747730830903,0.05201366264373064,0.9554482772946358
Anisodontosaurus__Temperate_N,0.16318289673843134,-0.0016956606956998299,0.04209240216278995,NA,NA,NA
Anisodontosaurus__Tropical,-0.20441291510386037,-0.04141419455277432,0.023926412137303586,NA,NA,NA
Anisodontosaurus__Temperate_S,0.14277390667310108,-7.62282585849563e-05,0.05138360400427512,NA,NA,NA
Anisodontosaurus__Antarctic,0.036532168370167095,0.0012094517735241571,0.007017366756384914,NA,NA,NA
Anisodontosaurus__mean_z_trans,0.01520820850034063,-0.00955683022906602,0.025493617670842527,NA,NA,NA
Anisodontosaurus__Mod_R_deltaTMyr_z_trans,0.17005486681283646,-0.003922213727179719,0.05097770601656366,NA,NA,NA
Anisodontosaurus__time,-0.09659436869981541,-0.01912828500385417,0.003831502997695628,NA,NA,NA
Anomoepus__lat_range_z_trans,0.038841154226784504,0.010200368541915644,0.026176172363934134,1.5910630645614583,0.9984516687691212,2.2921414375305176
Anomoepus__Temperate_N,-0.019298473823853725,-0.031125125573532218,0.022251737870423834,NA,NA,NA
Anomoepus__Tropical,0.01828077837012913,-0.015556928982473463,0.026256712393214643,NA,NA,NA
Anomoepus__Temperate_S,0.017502496850406318,-0.013292108721473144,0.024467973410247618,NA,NA,NA
Anomoepus__Antarctic,0.005378152643551295,0.0006993754527665911,0.003903305214537218,NA,NA,NA
Anomoepus__mean_z_trans,-0.0012503734400442106,-0.01496211585166638,0.014665896002218064,NA,NA,NA
Anomoepus__Mod_R_deltaTMyr_z_trans,-0.027629862934573996,-0.03401690555971739,0.013763568312119619,NA,NA,NA
Anomoepus__time,0.10823788522511053,0.008039936665860043,0.07570315128854473,NA,NA,NA
Anomoiodon__lat_range_z_trans,-0.3619507563114166,-0.03474246542903154,-0.04866469995664992,0.07108930370668531,0.025280972942709923,0.12199921114370227
Anomoiodon__Temperate_N,-0.022848192055244,-0.00985179944500503,0.024918648536192613,NA,NA,NA
Anomoiodon__Tropical,-0.045826582186855376,-0.014272202486862038,0.033914045687089805,NA,NA,NA
Anomoiodon__Temperate_S,0.1360743059287779,-0.004247249331743321,0.05915988272897851,NA,NA,NA
Anomoiodon__Antarctic,0.05279234956949949,0.0022939240411010485,0.013988353705348908,NA,NA,NA
Anomoiodon__mean_z_trans,0.05514818954281509,-0.010265936423390805,0.05863233391217115,NA,NA,NA
Anomoiodon__Mod_R_deltaTMyr_z_trans,0.15103182376828045,-0.001483651647500793,0.06076440340173054,NA,NA,NA
Anomoiodon__time,-0.08727635000468581,-0.017444123305887845,0.00447554884037826,NA,NA,NA
Anshunsaurus__lat_range_z_trans,-0.33590504541993144,-0.042016829182757905,-0.02118245546345638,0.12093380512837029,0.015708979219198227,0.23386116325855255
Anshunsaurus__Temperate_N,0.03066441132570617,-0.00789142067113434,0.035141331073211296,NA,NA,NA
Anshunsaurus__Tropical,0.022416225284032407,-0.012315283679274319,0.04226386438777895,NA,NA,NA
Anshunsaurus__Temperate_S,0.12581304622872266,-0.003542956336482175,0.05544665354298321,NA,NA,NA
Anshunsaurus__Antarctic,0.05550541333854198,0.002658154627955933,0.013092049265405283,NA,NA,NA
Anshunsaurus__mean_z_trans,0.033493706190784,-0.004609952084226825,0.026062333326438668,NA,NA,NA
Anshunsaurus__Mod_R_deltaTMyr_z_trans,-0.0005275653139688075,-0.01190068543133963,0.025375754486819495,NA,NA,NA
Anshunsaurus__time,-0.00791258562967414,-0.010394531271061054,0.03098898623605933,NA,NA,NA
Antarctanax__lat_range_z_trans,0.020693079518963795,0.008462890010441747,0.01689422236755253,3.257641453706892,0.3383268155157566,5.687463051872328
Antarctanax__Temperate_N,0.014459755724653424,-0.01117095675874317,0.021996783446049675,NA,NA,NA
Antarctanax__Tropical,0.014868877991325498,-0.004273819982493568,0.021408772495348435,NA,NA,NA
Antarctanax__Temperate_S,0.01264279071252811,-0.0059530246723884985,0.018263379881870816,NA,NA,NA
Antarctanax__Antarctic,0.03244230729366603,-0.044173012728659644,0.055516443205554517,NA,NA,NA
Antarctanax__mean_z_trans,0.01971119959444129,-0.015668270361151447,0.03136162540242615,NA,NA,NA
Antarctanax__Mod_R_deltaTMyr_z_trans,0.03567372808422855,0.0029008363143455964,0.03856074270185948,NA,NA,NA
Antarctanax__time,-0.010429981802296841,-0.02013814584967132,0.0031865473545782427,NA,NA,NA
Anthodon__lat_range_z_trans,-0.6572144731879235,-0.054566054572025416,-0.04250058859982168,0.11556968592689372,0.0014887452125549316,0.3316149264574051
Anthodon__Temperate_N,0.1659485753811896,-0.001651399603226918,0.045196147334193644,NA,NA,NA
Anthodon__Tropical,0.1497690392145887,-0.0008331789400361791,0.03710910070549615,NA,NA,NA
Anthodon__Temperate_S,-0.023902865424752236,-0.014482166671591535,0.03506921641772503,NA,NA,NA
Anthodon__Antarctic,0.05677675232291222,0.0018215463756163111,0.010096579831850855,NA,NA,NA
Anthodon__mean_z_trans,0.18528257557656616,-0.0024593808670211564,0.04432706894610405,NA,NA,NA
Anthodon__Mod_R_deltaTMyr_z_trans,0.14129614127334209,-0.00581899555995517,0.07369906230590502,NA,NA,NA
Anthodon__time,-0.10003237609635107,-0.012023874190080249,0.004191929913786797,NA,NA,NA
Apachesuchus__lat_range_z_trans,0.2696019387245178,0.007129703947660371,0.03277115819045293,0.26094106911652487,0.08005526103079319,0.4709327854216099
Apachesuchus__Temperate_N,0.18627006222726777,-0.005424674784715275,0.04958376462454909,NA,NA,NA
Apachesuchus__Tropical,-0.20071401031687855,-0.029996403891562728,0.03933167906521146,NA,NA,NA
Apachesuchus__Temperate_S,0.18411071923561395,-0.004375825301207763,0.03985655214822861,NA,NA,NA
Apachesuchus__Antarctic,0.06378966550109907,0.0014722160771613907,0.0079635948575395,NA,NA,NA
Apachesuchus__mean_z_trans,-0.054782712089363486,-0.01646667606363852,0.01584672185648672,NA,NA,NA
Apachesuchus__Mod_R_deltaTMyr_z_trans,-0.43974891437217595,-0.03087954850814204,-0.011936125185575588,NA,NA,NA
Apachesuchus__time,0.04411848398129223,-0.011472295503875744,0.03377117129834716,NA,NA,NA
Apatopus__lat_range_z_trans,-0.659172877073288,-0.06140975775692045,-0.03008295067172586,0.11795757765623421,0.0036669827677542344,0.24364242795854807
Apatopus__Temperate_N,0.0005993734941876028,-0.005647655985444157,0.024509597439811324,NA,NA,NA
Apatopus__Tropical,0.0088907685058075,-0.008869495833686904,0.032173723398758076,NA,NA,NA
Apatopus__Temperate_S,0.09868588863871991,-0.00284423108835779,0.036349163682553934,NA,NA,NA
Apatopus__Antarctic,0.05707723636180163,0.0013147083839534753,0.008636671723982017,NA,NA,NA
Apatopus__mean_z_trans,0.031594626805199366,-0.004043081749808782,0.02006216118812327,NA,NA,NA
Apatopus__Mod_R_deltaTMyr_z_trans,-0.07370550466541317,-0.00820971340849007,0.009670568132397748,NA,NA,NA
Apatopus__time,0.455846698936075,-0.00030427658956563034,0.10586958196133936,NA,NA,NA
Apatosuchus__lat_range_z_trans,0.12793179274927782,0.008366450759465637,0.02989066064665993,0.5105431991675868,0.23763789981603622,0.9000419564545155
Apatosuchus__Temperate_N,-0.08223454479997948,-0.031122449368686033,0.026654173295563646,NA,NA,NA
Apatosuchus__Tropical,0.07917207736328313,-0.005588451943870334,0.041078484067541214,NA,NA,NA
Apatosuchus__Temperate_S,0.08670254257362175,-0.01030667548480578,0.032522367572177774,NA,NA,NA
Apatosuchus__Antarctic,0.025527557332409547,0.0012102869726147538,0.005862146341391599,NA,NA,NA
Apatosuchus__mean_z_trans,-0.04346904826556382,-0.018195529738982183,0.016548949378832646,NA,NA,NA
Apatosuchus__Mod_R_deltaTMyr_z_trans,-0.1332630031626628,-0.02800024948436233,0.008426972914940357,NA,NA,NA
Apatosuchus__time,0.07969438332712361,-0.00637688573969405,0.04620476263813272,NA,NA,NA
Aphelosaurus__lat_range_z_trans,0.25387125805020333,0.005060893557324808,0.026655716674386407,0.2247144781773386,0.10859423037618399,0.41684859432280064
Aphelosaurus__Temperate_N,0.19110069529619067,-0.004133757375753009,0.031681426175461186,NA,NA,NA
Aphelosaurus__Tropical,-0.2448548859776929,-0.027847078911664044,0.01881512871438375,NA,NA,NA
Aphelosaurus__Temperate_S,0.17993761982768774,-0.0005237650525847308,0.035807623653746824,NA,NA,NA
Aphelosaurus__Antarctic,0.0648132393695414,0.0010759089461369689,0.0068355789133590404,NA,NA,NA
Aphelosaurus__mean_z_trans,0.12943946609273552,-0.014930193594003886,0.05539161636253053,NA,NA,NA
Aphelosaurus__Mod_R_deltaTMyr_z_trans,-0.10226875226260745,-0.011150065033245862,0.011473730450849413,NA,NA,NA
Aphelosaurus__time,-0.45550029816105964,-0.037565446564530564,0.020527695910522715,NA,NA,NA
Araeoscelis__lat_range_z_trans,-0.16616945424932056,-0.011775706924328546,-0.003089999252558772,0.18419451196925365,0.04456750489771366,0.3677326887845993
Araeoscelis__Temperate_N,0.17745920547284186,-0.0031200826855981357,0.035034943629644114,NA,NA,NA
Araeoscelis__Tropical,-0.16162790283662617,-0.033381315003029086,0.022762580939017712,NA,NA,NA
Araeoscelis__Temperate_S,0.17661175902700052,-0.0020489831301624285,0.02923664399438873,NA,NA,NA
Araeoscelis__Antarctic,0.057956805471330884,0.0010714585533722755,0.007022803117413976,NA,NA,NA
Araeoscelis__mean_z_trans,0.1479049506690353,-0.009621055178253993,0.06537287793592783,NA,NA,NA
Araeoscelis__Mod_R_deltaTMyr_z_trans,0.03412769661750645,-0.006807614243021589,0.024579452762950076,NA,NA,NA
Araeoscelis__time,-0.2834898961149156,-0.024330205417298807,0.026269213728456215,NA,NA,NA
Archeopelta__lat_range_z_trans,0.1287631589002945,0.007943062261245198,0.03169555027838752,0.5414256812608801,0.2923736721277237,0.7838702527806163
Archeopelta__Temperate_N,0.10994276343831366,-0.004825742601597027,0.04598998143534115,NA,NA,NA
Archeopelta__Tropical,0.08338922158013867,-0.012766085982876225,0.04024562270506462,NA,NA,NA
Archeopelta__Temperate_S,-0.2239913492761131,-0.049308047346356375,0.020712038039651583,NA,NA,NA
Archeopelta__Antarctic,0.026255240556708505,0.0013513203970047293,0.007025100143100981,NA,NA,NA
Archeopelta__mean_z_trans,-0.009868627667326496,-0.010801624552687327,0.014492453218037583,NA,NA,NA
Archeopelta__Mod_R_deltaTMyr_z_trans,0.1424373285766516,0.0012752549753690288,0.04681763847812724,NA,NA,NA
Archeopelta__time,-0.11686597899115747,-0.022881641178422313,0.00021013255752919103,NA,NA,NA
Archosaurus__lat_range_z_trans,-0.44059388659894466,-0.030111024145789454,-0.019442432867140574,0.13533759423182345,0.029919747728854418,0.28713501803576946
Archosaurus__Temperate_N,-0.139374686232768,-0.027885911656749075,0.031621207815862216,NA,NA,NA
Archosaurus__Tropical,0.14885082861059346,-0.004296332650913084,0.04559626359583612,NA,NA,NA
Archosaurus__Temperate_S,0.17554182292893528,-0.0021318540336459045,0.04092314922705814,NA,NA,NA
Archosaurus__Antarctic,0.05636956049129367,0.00112022260779237,0.00807836282230598,NA,NA,NA
Archosaurus__mean_z_trans,0.19250224642455577,-0.00405736807903842,0.042540961851301594,NA,NA,NA
Archosaurus__Mod_R_deltaTMyr_z_trans,0.05480570045765489,-0.008051323050985814,0.04930741596518316,NA,NA,NA
Archosaurus__time,-0.1131837382633239,-0.014599913018990942,0.008563588444833205,NA,NA,NA
Arcticodactylus__lat_range_z_trans,0.13947956912083753,0.00784148947822148,0.032467847474646434,0.48107325893477537,0.23324467986822128,0.9292073091492057
Arcticodactylus__Temperate_N,-0.09062417648269033,-0.029252714643693622,0.02571319047526985,NA,NA,NA
Arcticodactylus__Tropical,0.08788315178608967,-0.005237798963655704,0.04462029029604792,NA,NA,NA
Arcticodactylus__Temperate_S,0.09591491955966772,-0.009659972871783173,0.035326461409806546,NA,NA,NA
Arcticodactylus__Antarctic,0.028183852372858798,0.0011343463117439384,0.006681333870125154,NA,NA,NA
Arcticodactylus__mean_z_trans,-0.048564785499070465,-0.020602429938541923,0.013532658661467597,NA,NA,NA
Arcticodactylus__Mod_R_deltaTMyr_z_trans,-0.14589512665463816,-0.024695595269495735,0.009153550485537149,NA,NA,NA
Arcticodactylus__time,0.0736843529144551,-0.009540828131115583,0.03969318418233922,NA,NA,NA
Arganaceras__lat_range_z_trans,0.039492183111246804,0.010666797411690517,0.023093141105522536,1.4092552126053488,0.24718616157770157,2.8690784806385636
Arganaceras__Temperate_N,0.03442681967804279,-0.002682592777306527,0.037575314739147145,NA,NA,NA
Arganaceras__Tropical,-0.017801416803477414,-0.045491761458025914,0.01819710228500219,NA,NA,NA
Arganaceras__Temperate_S,0.0308324645904419,0.0006006161337406721,0.02977117636354143,NA,NA,NA
Arganaceras__Antarctic,0.00509247114820541,0.0009559483577488776,0.0036362829063062456,NA,NA,NA
Arganaceras__mean_z_trans,0.06515876727848212,0.002675313226765234,0.05910730190730592,NA,NA,NA
Arganaceras__Mod_R_deltaTMyr_z_trans,0.012053270977089907,-0.021172561062674077,0.023509365123269264,NA,NA,NA
Arganaceras__time,-0.029192802862521672,-0.0355652638602591,0.012298832425145146,NA,NA,NA
Arganasuchus__lat_range_z_trans,0.20503792832296727,0.008142272135326287,0.03522639219620388,0.40644356329896253,0.1664029359817505,0.6477281037368812
Arganasuchus__Temperate_N,0.1661512768576689,-0.0029586246456006007,0.05197009378659237,NA,NA,NA
Arganasuchus__Tropical,-0.21225543741841973,-0.04427511920219903,0.02971379706828193,NA,NA,NA
Arganasuchus__Temperate_S,0.14756256247058408,-0.006478421341350135,0.05028223906146702,NA,NA,NA
Arganasuchus__Antarctic,0.04537557991024054,0.0016203838805157569,0.007408527668751478,NA,NA,NA
Arganasuchus__mean_z_trans,-0.024700620393427117,-0.010879912324993642,0.010892496007791169,NA,NA,NA
Arganasuchus__Mod_R_deltaTMyr_z_trans,-0.08900018153887354,-0.01920699954926684,0.012781950094044354,NA,NA,NA
Arganasuchus__time,-0.09810935109323057,-0.015977082980752108,0.008913020972107671,NA,NA,NA
Arizonasaurus__lat_range_z_trans,-0.24526787035167216,-0.014649766671978263,-0.00881073571312484,0.1241027594357729,0.05036581680178642,0.1955193355679512
Arizonasaurus__Temperate_N,0.23985169262159617,-7.244456153540445e-05,0.04618153725881314,NA,NA,NA
Arizonasaurus__Tropical,-0.3897987488284707,-0.04419597536478344,0.023020372988889957,NA,NA,NA
Arizonasaurus__Temperate_S,0.22308529805159197,-0.0012871006496934642,0.0521940886993508,NA,NA,NA
Arizonasaurus__Antarctic,0.06135390831157565,0.0012524838241174316,0.008192717936156309,NA,NA,NA
Arizonasaurus__mean_z_trans,0.03208183863433078,-0.007400532061989738,0.04339801583225871,NA,NA,NA
Arizonasaurus__Mod_R_deltaTMyr_z_trans,0.19639600401744248,-0.002018566272772563,0.038014670095670305,NA,NA,NA
Arizonasaurus__time,-0.2004012213042006,-0.021641602269684878,0.004997849757225494,NA,NA,NA
Asilisaurus__lat_range_z_trans,0.19121302387259603,0.0074293765790153935,0.02931393537185678,0.4273273971737945,0.1936409454792738,0.6904245094920043
Asilisaurus__Temperate_N,0.15941654677698977,-0.0070295161886413104,0.03931906446957278,NA,NA,NA
Asilisaurus__Tropical,0.13408415334376197,-0.003261414222369764,0.0502247466121631,NA,NA,NA
Asilisaurus__Temperate_S,-0.3483483992965881,-0.04800553191277101,0.02253180138412887,NA,NA,NA
Asilisaurus__Antarctic,0.04121301921304858,0.0013446723607407204,0.006881730734674322,NA,NA,NA
Asilisaurus__mean_z_trans,-0.006272112906525436,-0.009653891406084292,0.018408312756799387,NA,NA,NA
Asilisaurus__Mod_R_deltaTMyr_z_trans,0.1737178329053357,-0.0010658904011213016,0.04031458240352963,NA,NA,NA
Asilisaurus__time,-0.2049623067911087,-0.029771308837088752,0.00019434312251502127,NA,NA,NA
Askeptosaurus__lat_range_z_trans,-0.33505181230604647,-0.018947573551484263,-0.005911870811576291,0.1600931575396271,0.009474705904722214,0.348247729241848
Askeptosaurus__Temperate_N,0.2030392249324359,-0.004313382633054862,0.03540805111644941,NA,NA,NA
Askeptosaurus__Tropical,-0.26171561573632063,-0.03260032664758655,0.030040476833659208,NA,NA,NA
Askeptosaurus__Temperate_S,0.1906564899440855,-0.0051609364161711545,0.03944348569935718,NA,NA,NA
Askeptosaurus__Antarctic,0.06141054278239608,0.0009860726209375312,0.006896946493333285,NA,NA,NA
Askeptosaurus__mean_z_trans,0.024807243389077485,-0.007717834718739143,0.01631013290577889,NA,NA,NA
Askeptosaurus__Mod_R_deltaTMyr_z_trans,0.11149661159040988,-0.009640231237438948,0.04438397832452442,NA,NA,NA
Askeptosaurus__time,-0.040810656174912766,-0.012619291444782922,0.04061731629371379,NA,NA,NA
Asperoris__lat_range_z_trans,0.280005249530077,0.006917289842136643,0.026299706422316094,0.27357624649303036,0.14113495964556932,0.394744373857975
Asperoris__Temperate_N,0.24123189450008795,-0.0032338549144574954,0.0452329819694509,NA,NA,NA
Asperoris__Tropical,0.2122273411275819,-0.003348269814732283,0.04423885496276682,NA,NA,NA
Asperoris__Temperate_S,-0.5340908848284743,-0.05082394767561149,0.02097863269148632,NA,NA,NA
Asperoris__Antarctic,0.0646287059225142,0.001351717081281925,0.006540082775542944,NA,NA,NA
Asperoris__mean_z_trans,-0.029098667232319714,-0.009910986763959328,0.027679917873426527,NA,NA,NA
Asperoris__Mod_R_deltaTMyr_z_trans,0.1723080949508585,-0.0016761622809850164,0.03242176140144141,NA,NA,NA
Asperoris__time,-0.3446855058474466,-0.02928928950199327,0.0037965787588088618,NA,NA,NA
Asylosaurus__lat_range_z_trans,0.038841154226784504,0.010200368541915644,0.026176172363934134,1.5910630645614583,0.9984516687691212,2.2921414375305176
Asylosaurus__Temperate_N,-0.019298473823853725,-0.031125125573532218,0.022251737870423834,NA,NA,NA
Asylosaurus__Tropical,0.01828077837012913,-0.015556928982473463,0.026256712393214643,NA,NA,NA
Asylosaurus__Temperate_S,0.017502496850406318,-0.013292108721473144,0.024467973410247618,NA,NA,NA
Asylosaurus__Antarctic,0.005378152643551295,0.0006993754527665911,0.003903305214537218,NA,NA,NA
Asylosaurus__mean_z_trans,-0.0012503734400442106,-0.01496211585166638,0.014665896002218064,NA,NA,NA
Asylosaurus__Mod_R_deltaTMyr_z_trans,-0.027629862934573996,-0.03401690555971739,0.013763568312119619,NA,NA,NA
Asylosaurus__time,0.10823788522511053,0.008039936665860043,0.07570315128854473,NA,NA,NA
Atopodentatus__lat_range_z_trans,0.08131203460055904,0.009953532928369384,0.028229888049685275,0.7399603460366779,0.5062590576708317,1.0388508588075638
Atopodentatus__Temperate_N,0.08090439651276739,-0.0016524387739373688,0.03934925433813242,NA,NA,NA
Atopodentatus__Tropical,-0.10265597904172999,-0.04891363801374663,0.025056534948617162,NA,NA,NA
Atopodentatus__Temperate_S,0.07136485131576474,-0.0024981459585642998,0.04019418142829567,NA,NA,NA
Atopodentatus__Antarctic,0.015315375029652998,0.001390537102773296,0.005530086446579541,NA,NA,NA
Atopodentatus__mean_z_trans,-0.013089922778077768,-0.020477023045235486,0.022097594640366546,NA,NA,NA
Atopodentatus__Mod_R_deltaTMyr_z_trans,0.07698724634054975,0.0023856316257732796,0.037645232936418714,NA,NA,NA
Atopodentatus__time,-0.0700762448619763,-0.030201959893752486,0.009085744067144536,NA,NA,NA
Augustaburiania__lat_range_z_trans,-0.7828494757413864,-0.057556044359340204,-0.06338828196795201,0.13904558823000115,0.027713637799024582,0.31822823733091354
Augustaburiania__Temperate_N,-0.08338017014437354,-0.01643671692769842,0.014752445499243717,NA,NA,NA
Augustaburiania__Tropical,0.17552761330036445,-0.0002149001311351207,0.044788841377923216,NA,NA,NA
Augustaburiania__Temperate_S,0.16584770490881057,0.00040759329028103,0.042271049405986874,NA,NA,NA
Augustaburiania__Antarctic,0.05553103042766452,0.0016250663734393043,0.009707445105878976,NA,NA,NA
Augustaburiania__mean_z_trans,0.16016653950231557,-0.009140150463712743,0.06574859299400011,NA,NA,NA
Augustaburiania__Mod_R_deltaTMyr_z_trans,0.3433059483487159,0.004362608605347704,0.08080412759506113,NA,NA,NA
Augustaburiania__time,-0.0913673770800233,-0.013060960415501862,0.01250429684509785,NA,NA,NA
Augustasaurus__lat_range_z_trans,0.08308781706097326,0.00987694896198511,0.027813098272972833,0.7276380905146652,0.5062590576708317,1.0283975303173065
Augustasaurus__Temperate_N,0.0825239372794867,-0.0016472599299812182,0.039771536727388694,NA,NA,NA
Augustasaurus__Tropical,-0.10576094628776739,-0.04876033968729957,0.025325432888935476,NA,NA,NA
Augustasaurus__Temperate_S,0.07307953937912716,-0.002490316616682987,0.040625531278584766,NA,NA,NA
Augustasaurus__Antarctic,0.01573969314779924,0.001386179074636894,0.0055894333937259386,NA,NA,NA
Augustasaurus__mean_z_trans,-0.013705627916870322,-0.0204128468054193,0.020831006843535137,NA,NA,NA
Augustasaurus__Mod_R_deltaTMyr_z_trans,0.07770956851863789,0.002378154910677023,0.03804922836596093,NA,NA,NA
Augustasaurus__time,-0.07261222406387673,-0.030344023936236263,0.009183249084136095,NA,NA,NA
Australothyris__lat_range_z_trans,0.253700463026762,0.005760323339891881,0.025284762001162683,0.24532231171680904,0.04417639225721359,0.4490365870296955
Australothyris__Temperate_N,0.198986915659043,-0.002654522133901009,0.036911753166815574,NA,NA,NA
Australothyris__Tropical,0.1604894600948319,-0.0028567824079713936,0.034153395981219546,NA,NA,NA
Australothyris__Temperate_S,-0.2318151064403355,-0.02720947665752565,0.033626966959291044,NA,NA,NA
Australothyris__Antarctic,0.056037692255413274,0.0007780235943971405,0.006269563592037253,NA,NA,NA
Australothyris__mean_z_trans,-0.0585662586602848,-0.02212062367072797,0.03803465758562749,NA,NA,NA
Australothyris__Mod_R_deltaTMyr_z_trans,-0.022399156412575394,-0.014143125234973518,0.029374165066676085,NA,NA,NA
Australothyris__time,-0.31170949346385896,-0.02756732085750979,0.003533252502410201,NA,NA,NA
Austriadactylus__lat_range_z_trans,0.09457899434946992,0.007723293475154378,0.024763421694113247,0.6402177944360301,0.2689820006489754,1.5136376693844795
Austriadactylus__Temperate_N,-0.05750401038178571,-0.03185487024067705,0.018278753558055694,NA,NA,NA
Austriadactylus__Tropical,0.05653755074947952,-0.005257496172398435,0.03397026911193171,NA,NA,NA
Austriadactylus__Temperate_S,0.059336782962517196,-0.009696300058722749,0.025112546138879793,NA,NA,NA
Austriadactylus__Antarctic,0.017988084581969706,0.0011386121219142038,0.004564899998396935,NA,NA,NA
Austriadactylus__mean_z_trans,-0.024354323373216535,-0.018813689650673746,0.01349086133715034,NA,NA,NA
Austriadactylus__Mod_R_deltaTMyr_z_trans,-0.09622813882331191,-0.026342036393764482,0.008742781360727344,NA,NA,NA
Austriadactylus__time,0.08970681705238764,-0.006911017109152435,0.0782649836559848,NA,NA,NA
Austriadraco__lat_range_z_trans,0.11863067704000206,0.008092966707116152,0.03004764339369283,0.5370237827952952,0.25637080892920494,0.9349627122282982
Austriadraco__Temperate_N,-0.07522799392312558,-0.030105113126939767,0.02663639815304753,NA,NA,NA
Austriadraco__Tropical,0.07324711315182884,-0.005405775618160668,0.04105108963663729,NA,NA,NA
Austriadraco__Temperate_S,0.07986033269956655,-0.0099697690164749,0.03250067904662695,NA,NA,NA
Austriadraco__Antarctic,0.023407699911405542,0.001170724893628991,0.005819490688335675,NA,NA,NA
Austriadraco__mean_z_trans,-0.039159199323525976,-0.017600750979060303,0.016537913210858544,NA,NA,NA
Austriadraco__Mod_R_deltaTMyr_z_trans,-0.12118249017865938,-0.027084972275909707,0.008421353132894164,NA,NA,NA
Austriadraco__time,0.08048561774001778,-0.009110814612520116,0.04617394959314689,NA,NA,NA
Avalonnectes__lat_range_z_trans,0.038841154226784504,0.010200368541915644,0.026176172363934134,1.5910630645614583,0.9984516687691212,2.2921414375305176
Avalonnectes__Temperate_N,-0.019298473823853725,-0.031125125573532218,0.022251737870423834,NA,NA,NA
Avalonnectes__Tropical,0.01828077837012913,-0.015556928982473463,0.026256712393214643,NA,NA,NA
Avalonnectes__Temperate_S,0.017502496850406318,-0.013292108721473144,0.024467973410247618,NA,NA,NA
Avalonnectes__Antarctic,0.005378152643551295,0.0006993754527665911,0.003903305214537218,NA,NA,NA
Avalonnectes__mean_z_trans,-0.0012503734400442106,-0.01496211585166638,0.014665896002218064,NA,NA,NA
Avalonnectes__Mod_R_deltaTMyr_z_trans,-0.027629862934573996,-0.03401690555971739,0.013763568312119619,NA,NA,NA
Avalonnectes__time,0.10823788522511053,0.008039936665860043,0.07570315128854473,NA,NA,NA
Avicranium__lat_range_z_trans,0.030359271843414238,0.010922673195457047,0.023286426460365862,2.0649520329898223,0.896663174033165,3.5190459694713354
Avicranium__Temperate_N,0.02084086260020245,-0.009228289178994873,0.022824816775832125,NA,NA,NA
Avicranium__Tropical,-0.007069509299604287,-0.05792380227738069,0.025803276565493107,NA,NA,NA
Avicranium__Temperate_S,0.014984097195998306,-0.008531162329808314,0.022035014023486666,NA,NA,NA
Avicranium__Antarctic,0.003670892674972971,0.0011371154965527468,0.0031407719324345906,NA,NA,NA
Avicranium__mean_z_trans,0.0045372692628146616,-0.017136251979235833,0.016908742199784665,NA,NA,NA
Avicranium__Mod_R_deltaTMyr_z_trans,-0.02064102574271848,-0.042771107041680065,0.0035999000555129884,NA,NA,NA
Avicranium__time,0.09337989858242998,0.033517320086769664,0.08958956884232985,NA,NA,NA
Azendohsaurus__lat_range_z_trans,0.20152151400602786,0.010261703135778826,0.03501024435054053,0.4095366287580691,0.20777822588570416,0.631789181381464
Azendohsaurus__Temperate_N,0.1595869005183052,-0.002649548040149647,0.05288561059588087,NA,NA,NA
Azendohsaurus__Tropical,-0.2056030214698167,-0.0498598557793883,0.03616233258088163,NA,NA,NA
Azendohsaurus__Temperate_S,0.1447785370715978,-0.005309579750381133,0.052003359163055325,NA,NA,NA
Azendohsaurus__Antarctic,0.04389055934506244,0.001964667671058334,0.007505670882709656,NA,NA,NA
Azendohsaurus__mean_z_trans,-0.021195337184476616,-0.010949515663591059,0.011035322236906377,NA,NA,NA
Azendohsaurus__Mod_R_deltaTMyr_z_trans,-0.06513360175104231,-0.015208797589799724,0.010965237289215507,NA,NA,NA
Azendohsaurus__time,-0.1177837934181478,-0.01826257801184761,0.0016207397560499587,NA,NA,NA
Baeotherates__lat_range_z_trans,0.26372250765562055,0.0053772702035014075,0.02764691453828687,0.31358051137125587,0.13985059829428792,0.5627462528645992
Baeotherates__Temperate_N,0.19505845576757566,-0.006191303262785567,0.032691618704261516,NA,NA,NA
Baeotherates__Tropical,-0.25188450270565227,-0.027991332306176012,0.020077622650370396,NA,NA,NA
Baeotherates__Temperate_S,0.18339123640034813,-0.0016784398547248513,0.03527822919124125,NA,NA,NA
Baeotherates__Antarctic,0.06467819657176734,0.0011203181918931122,0.00682851594731552,NA,NA,NA
Baeotherates__mean_z_trans,0.1886926927883178,-0.014347891177244257,0.05696680484059762,NA,NA,NA
Baeotherates__Mod_R_deltaTMyr_z_trans,-0.09135008658049629,-0.010923872192218173,0.009931658490613856,NA,NA,NA
Baeotherates__time,-0.4467988714203239,-0.03537825363056597,0.017767152492552826,NA,NA,NA
Baisesaurus__lat_range_z_trans,0.04654502888073955,0.008633880482638434,0.02463094067821193,1.261164240151411,0.4523436911404133,2.17443535476923
Baisesaurus__Temperate_N,0.04763803248989444,0.0007997768061598057,0.030921043795958426,NA,NA,NA
Baisesaurus__Tropical,-0.06537532114485542,-0.048343711300486834,0.009955624485777565,NA,NA,NA
Baisesaurus__Temperate_S,0.03450626347479986,0.0004788827214155898,0.027634145858825516,NA,NA,NA
Baisesaurus__Antarctic,0.007105730526471241,0.0008266896819518963,0.003927709629867844,NA,NA,NA
Baisesaurus__mean_z_trans,0.008294933923006583,-0.028280011272775234,0.036423916859649304,NA,NA,NA
Baisesaurus__Mod_R_deltaTMyr_z_trans,0.09703018307929909,0.009191667517469465,0.06687165245817585,NA,NA,NA
Baisesaurus__time,-0.0356830941118455,-0.033320678664693425,0.006823483088773432,NA,NA,NA
Barasaurus__lat_range_z_trans,-0.7503580858558416,-0.05693062474965281,-0.030689426191380736,0.2418059051995806,0.02046818844974041,0.5098069235682487
Barasaurus__Temperate_N,0.1836922834906727,0.0004943143242467012,0.04121702323266449,NA,NA,NA
Barasaurus__Tropical,0.16441188024356962,-0.0003024457784095402,0.03532437524121123,NA,NA,NA
Barasaurus__Temperate_S,-0.054583749694284055,-0.018657287842279147,0.026032868189175967,NA,NA,NA
Barasaurus__Antarctic,0.05434652045369148,0.0012817611703198634,0.007244138167123381,NA,NA,NA
Barasaurus__mean_z_trans,0.1937174899794627,-0.003255489358346329,0.053065366904987706,NA,NA,NA
Barasaurus__Mod_R_deltaTMyr_z_trans,0.38021723601035773,0.0022353432612143057,0.06952501813576016,NA,NA,NA
Barasaurus__time,-0.12530729209145647,-0.01487907505541336,0.005469153175697689,NA,NA,NA
Barberenasuchus__lat_range_z_trans,0.12612697625498415,0.008024008146303876,0.029270602536591257,0.5456574247320531,0.2923736721277237,0.8123711030930281
Barberenasuchus__Temperate_N,0.10921315678677675,-0.003783466729516821,0.04386642775338327,NA,NA,NA
Barberenasuchus__Tropical,0.08268026864495191,-0.007081868003716038,0.04564350738779038,NA,NA,NA
Barberenasuchus__Temperate_S,-0.20925131058373578,-0.05070463644735201,0.0232374848358891,NA,NA,NA
Barberenasuchus__Antarctic,0.025556605659024373,0.0013536792735763421,0.006490921348264257,NA,NA,NA
Barberenasuchus__mean_z_trans,-0.006209878786164675,-0.010597665484608382,0.013823274813714148,NA,NA,NA
Barberenasuchus__Mod_R_deltaTMyr_z_trans,0.12498748469245621,-0.0020187018211367883,0.044655868338894254,NA,NA,NA
Barberenasuchus__time,-0.11304154555078305,-0.0252048529618705,0.00020042984071318826,NA,NA,NA
Barracudasauroides__lat_range_z_trans,0.07034502225155254,0.010034936131214063,0.02784408559965801,0.8365749568521278,0.50708844861947,1.4472582265734673
Barracudasauroides__Temperate_N,0.07049815970488153,-7.296025076189925e-05,0.04247294454883313,NA,NA,NA
Barracudasauroides__Tropical,-0.08321952469156178,-0.04954028783398822,0.024437847090524097,NA,NA,NA
Barracudasauroides__Temperate_S,0.06120578426391872,-0.0025301505850742236,0.0389647949958313,NA,NA,NA
Barracudasauroides__Antarctic,0.012640108062522458,0.0014083517626693205,0.005360942232014347,NA,NA,NA
Barracudasauroides__mean_z_trans,-0.005476581993087923,-0.02077776983362524,0.019979453453768625,NA,NA,NA
Barracudasauroides__Mod_R_deltaTMyr_z_trans,0.07155099596688513,0.003251928905019778,0.04392262976899499,NA,NA,NA
Barracudasauroides__time,-0.05748220644760083,-0.03178755232377389,0.004205819165615376,NA,NA,NA
Barracudasaurus__lat_range_z_trans,-0.42454310059547423,-0.025334994907225506,-0.023503450220376733,0.1138798879738897,0.007204135879874229,0.2339351437985897
Barracudasaurus__Temperate_N,0.22539232546114363,5.686830931792041e-05,0.054698314459319476,NA,NA,NA
Barracudasaurus__Tropical,-0.3058504868752789,-0.04012968488000445,0.023400689495921972,NA,NA,NA
Barracudasaurus__Temperate_S,0.21074932985240594,-0.0020339105803387257,0.052416391303225035,NA,NA,NA
Barracudasaurus__Antarctic,0.06159787856042385,0.0012965238823884637,0.009268027181365678,NA,NA,NA
Barracudasaurus__mean_z_trans,0.045558343650773166,-0.006504535419289685,0.031750236869886705,NA,NA,NA
Barracudasaurus__Mod_R_deltaTMyr_z_trans,0.20914695063605904,-0.002142481588715148,0.053098738622154834,NA,NA,NA
Barracudasaurus__time,-0.11455644597299397,-0.015221288844453186,0.006059569143742897,NA,NA,NA
Bashkyroleter__lat_range_z_trans,0.024742277897894384,-0.0038201752752864346,0.012417684535176067,0.138883771255787,0.05713408440351486,0.22827252745628357
Bashkyroleter__Temperate_N,-0.18730938038555905,-0.022230083170896205,0.026544550647471615,NA,NA,NA
Bashkyroleter__Tropical,0.1495961914162035,-0.004469804093719132,0.04436794402292459,NA,NA,NA
Bashkyroleter__Temperate_S,0.1824120517168194,-0.0028665228772586917,0.040151148146369886,NA,NA,NA
Bashkyroleter__Antarctic,0.057883653640747074,0.0008632764122300592,0.007807606045856547,NA,NA,NA
Bashkyroleter__mean_z_trans,-0.004977437285706401,-0.01767377620212182,0.04709946561022597,NA,NA,NA
Bashkyroleter__Mod_R_deltaTMyr_z_trans,-0.011747388513758778,-0.014796013182149029,0.02305805274690286,NA,NA,NA
Bashkyroleter__time,-0.2734022431308404,-0.02502040563911907,0.005742065100312337,NA,NA,NA
Batrachopus__lat_range_z_trans,0.03010830926413691,0.014700648804402274,0.023724843452322442,2.0894681466789917,0.9758232422173023,3.4438777044415474
Batrachopus__Temperate_N,0.020703620755708526,-0.009936728114296843,0.022770403106627316,NA,NA,NA
Batrachopus__Tropical,-0.006768358669213279,-0.062370506971836194,0.025741762338709843,NA,NA,NA
Batrachopus__Temperate_S,0.014614402411388169,-0.009186084107896326,0.021982483220029485,NA,NA,NA
Batrachopus__Antarctic,0.0036136922270798067,0.0012244097800399643,0.0031332844276428674,NA,NA,NA
Batrachopus__mean_z_trans,0.004515090733272493,-0.018451770800955114,0.01686843227249085,NA,NA,NA
Batrachopus__Mod_R_deltaTMyr_z_trans,-0.020461414606356965,-0.04605456694920702,0.003591318003235641,NA,NA,NA
Batrachopus__time,0.09373641500149418,0.040061094331428945,0.08937599003418144,NA,NA,NA
Batrachotomus__lat_range_z_trans,0.06210472591306936,0.011596814448192444,0.029047670214402795,0.9071153280399449,0.2135893777012825,1.8074634298682213
Batrachotomus__Temperate_N,-0.0645605026436849,-0.05325276854706787,0.020816033586656686,NA,NA,NA
Batrachotomus__Tropical,0.05004537527692145,-0.0022869338202435503,0.041047321291259674,NA,NA,NA
Batrachotomus__Temperate_S,0.05323317877470322,-0.004436905966628569,0.03812188577353433,NA,NA,NA
Batrachotomus__Antarctic,0.010549095123122434,0.0015363413855831436,0.005492574805035573,NA,NA,NA
Batrachotomus__mean_z_trans,0.008812373285614582,-0.01102760204552324,0.018399631040434166,NA,NA,NA
Batrachotomus__Mod_R_deltaTMyr_z_trans,0.05742058224049142,-0.00742460347660112,0.05095503866544441,NA,NA,NA
Batrachotomus__time,-0.03754307085272771,-0.024717846006031552,0.0033083614784722368,NA,NA,NA
Beesiiwo__lat_range_z_trans,0.20152151400602786,0.010261703135778826,0.03501024435054053,0.4095366287580691,0.20777822588570416,0.631789181381464
Beesiiwo__Temperate_N,0.1595869005183052,-0.002649548040149647,0.05288561059588087,NA,NA,NA
Beesiiwo__Tropical,-0.2056030214698167,-0.0498598557793883,0.03616233258088163,NA,NA,NA
Beesiiwo__Temperate_S,0.1447785370715978,-0.005309579750381133,0.052003359163055325,NA,NA,NA
Beesiiwo__Antarctic,0.04389055934506244,0.001964667671058334,0.007505670882709656,NA,NA,NA
Beesiiwo__mean_z_trans,-0.021195337184476616,-0.010949515663591059,0.011035322236906377,NA,NA,NA
Beesiiwo__Mod_R_deltaTMyr_z_trans,-0.06513360175104231,-0.015208797589799724,0.010965237289215507,NA,NA,NA
Beesiiwo__time,-0.1177837934181478,-0.01826257801184761,0.0016207397560499587,NA,NA,NA
Belebey__lat_range_z_trans,-0.2721303576976061,-0.01902865528895151,-0.012313055194020149,0.06784722221986157,0.009810950607061386,0.15148215554654598
Belebey__Temperate_N,-0.11275655173114502,-0.016255798257819278,0.02943200653615312,NA,NA,NA
Belebey__Tropical,0.12948143072542734,-0.005400853554775689,0.04007901963879441,NA,NA,NA
Belebey__Temperate_S,0.16038604662753642,-0.0029394125414166526,0.037788619073388645,NA,NA,NA
Belebey__Antarctic,0.05247512562200427,0.0012489138312286468,0.008532055262241127,NA,NA,NA
Belebey__mean_z_trans,0.04314868328132434,-0.01749963716073946,0.05758974102921462,NA,NA,NA
Belebey__Mod_R_deltaTMyr_z_trans,0.057292056551668795,-0.0072412312420493796,0.03724712046929651,NA,NA,NA
Belebey__time,-0.18561826026067138,-0.022896829813796996,0.008833010040171589,NA,NA,NA
Benggwigwishingasuchus__lat_range_z_trans,0.08074269080828889,0.00997444490959774,0.02746462791614431,0.7436562381694967,0.5062590576708317,1.0388508588075638
Benggwigwishingasuchus__Temperate_N,0.080537128555102,-0.0016635201302167327,0.0392732390742833,NA,NA,NA
Benggwigwishingasuchus__Tropical,-0.10133474839495782,-0.049241655885451874,0.02500813049604745,NA,NA,NA
Benggwigwishingasuchus__Temperate_S,0.07095048331392503,-0.0025148986793557286,0.04011653392625622,NA,NA,NA
Benggwigwishingasuchus__Antarctic,0.015178543972369186,0.0013408718664459428,0.005519403372975836,NA,NA,NA
Benggwigwishingasuchus__mean_z_trans,-0.013148746816840234,-0.019666824335917515,0.023165880411883985,NA,NA,NA
Benggwigwishingasuchus__Mod_R_deltaTMyr_z_trans,0.0765715458189087,0.002401629818513287,0.03757250951732332,NA,NA,NA
Benggwigwishingasuchus__time,-0.06943514013928592,-0.030643551591935426,0.009068192140325424,NA,NA,NA
Bentonyx__lat_range_z_trans,0.08056094247307621,0.009902991994999553,0.02760330368636029,0.746112191114662,0.5062590576708317,1.052185658365488
Bentonyx__Temperate_N,0.07993376764408798,-0.0016516033405733943,0.038475866975299915,NA,NA,NA
Bentonyx__Tropical,-0.10130004196219004,-0.048888908452933505,0.02450038563019702,NA,NA,NA
Bentonyx__Temperate_S,0.07060388778610308,-0.002496882955955804,0.039302040250289896,NA,NA,NA
Bentonyx__Antarctic,0.015127866034809992,0.001389834080605199,0.005407341868593133,NA,NA,NA
Bentonyx__mean_z_trans,-0.012778113898326135,-0.020466670354100006,0.021607121307834078,NA,NA,NA
Bentonyx__Mod_R_deltaTMyr_z_trans,0.07667445139823424,0.002384425507709628,0.04140837823913221,NA,NA,NA
Bentonyx__time,-0.0687610023582855,-0.03018669050807199,0.008884078897533317,NA,NA,NA
Bergamodactylus__lat_range_z_trans,0.2831045934557915,0.007473842665325747,0.03175892234642962,0.34716344098793345,0.18254610896110535,0.4940805099904537
Bergamodactylus__Temperate_N,0.18678556605475025,-0.008004421614233486,0.04000720336719816,NA,NA,NA
Bergamodactylus__Tropical,-0.20231969910906628,-0.030831192197078337,0.04383265745106609,NA,NA,NA
Bergamodactylus__Temperate_S,0.1770406940940302,-0.00410911569616821,0.04146422571526052,NA,NA,NA
Bergamodactylus__Antarctic,0.06491980529739522,0.001460708601869596,0.007246648454461665,NA,NA,NA
Bergamodactylus__mean_z_trans,-0.07548975424841046,-0.017696831889526032,0.017228894454059073,NA,NA,NA
Bergamodactylus__Mod_R_deltaTMyr_z_trans,-0.4517065253667533,-0.03126657373153676,-0.009160868328423454,NA,NA,NA
Bergamodactylus__time,0.15532494645565748,-0.007039920166972819,0.03481083339518818,NA,NA,NA
Besanosaurus__lat_range_z_trans,0.04615909761198766,0.013307921027720822,0.027067529840901952,1.2624563865398521,0.46935664117336273,2.3349434584379196
Besanosaurus__Temperate_N,0.04710789274942736,0.003938184346670255,0.03986123070117505,NA,NA,NA
Besanosaurus__Tropical,-0.041402623904917626,-0.058934922582097635,0.021076448774484367,NA,NA,NA
Besanosaurus__Temperate_S,0.03955770230458996,0.0003923685006802263,0.03660566491003185,NA,NA,NA
Besanosaurus__Antarctic,0.006766682095572791,0.0014181677375763185,0.004550595469833293,NA,NA,NA
Besanosaurus__mean_z_trans,0.0036097973223639702,-0.026222677970500145,0.024568753590748702,NA,NA,NA
Besanosaurus__Mod_R_deltaTMyr_z_trans,0.06312596406475757,0.009538283747367917,0.049941430910273074,NA,NA,NA
Besanosaurus__time,-0.02486275512627182,-0.03345082883573808,0.003516862657791574,NA,NA,NA
Blezingeria__lat_range_z_trans,0.05455196060013588,0.010869422592486253,0.02967422538304063,1.026257843952626,0.2774408720433712,1.5876378156244755
Blezingeria__Temperate_N,-0.05750393676948176,-0.05434632694646066,0.014997216991724118,NA,NA,NA
Blezingeria__Tropical,0.04835374731893954,-0.000988731105293055,0.043333998127723754,NA,NA,NA
Blezingeria__Temperate_S,0.04880099342185832,-0.005096609275312988,0.038171818215836435,NA,NA,NA
Blezingeria__Antarctic,0.008756620689340923,0.0010990247288474874,0.005042171320245369,NA,NA,NA
Blezingeria__mean_z_trans,0.014035271617740706,-0.010227504596980968,0.02384454107892522,NA,NA,NA
Blezingeria__Mod_R_deltaTMyr_z_trans,0.06190609045666397,0.0007428059870257883,0.04699980324459916,NA,NA,NA
Blezingeria__time,-0.03883899021768772,-0.03206558541263217,0.005124742493145174,NA,NA,NA
Blikanasaurus__lat_range_z_trans,0.027971547003467184,0.011888994075368553,0.02148140384492131,2.161303745445407,1.022490831092,3.864154029637575
Blikanasaurus__Temperate_N,0.019585912147333857,-0.010045188226275113,0.025019230164369844,NA,NA,NA
Blikanasaurus__Tropical,0.01500460839504689,-0.011823077382308166,0.02178588104181081,NA,NA,NA
Blikanasaurus__Temperate_S,-0.003853879591891493,-0.04870377008006544,0.036886867923793046,NA,NA,NA
Blikanasaurus__Antarctic,0.0033989234479958014,0.0008866670009787077,0.0030496365540425906,NA,NA,NA
Blikanasaurus__mean_z_trans,0.003535599705994486,-0.0130770588768876,0.01467929193304251,NA,NA,NA
Blikanasaurus__Mod_R_deltaTMyr_z_trans,-0.02001618109461501,-0.044948666776106254,0.011281186499036854,NA,NA,NA
Blikanasaurus__time,0.09443522710417812,0.025808596236975002,0.07300501889422292,NA,NA,NA
Blomosaurus__lat_range_z_trans,0.03204139107643495,0.016743686341453724,0.022108916784358293,1.8773396136373048,1.0066168308258057,2.8588281087577343
Blomosaurus__Temperate_N,-0.02955498294309048,-0.05464186299095291,0.012769598796704125,NA,NA,NA
Blomosaurus__Tropical,0.032780500875838434,0.004597450147330598,0.032896354040395176,NA,NA,NA
Blomosaurus__Temperate_S,0.02585684732379767,-0.0013957997572536123,0.025561433906138176,NA,NA,NA
Blomosaurus__Antarctic,0.0033767270116505745,0.0007561735918616049,0.0025968386176020482,NA,NA,NA
Blomosaurus__mean_z_trans,0.032488985524524526,-0.02399353576741136,0.04658501700970122,NA,NA,NA
Blomosaurus__Mod_R_deltaTMyr_z_trans,0.06352768241525632,0.015933094415777584,0.055842307091105214,NA,NA,NA
Blomosaurus__time,-0.020455394166902115,-0.04801271000912595,0.008828050609235602,NA,NA,NA
Bobosaurus__lat_range_z_trans,0.240258312869753,0.009521666219080951,0.037152277134980614,0.36132256969052834,0.17165971919894218,0.5350561924278736
Bobosaurus__Temperate_N,-0.27006997820033396,-0.046442868266274404,0.020317354643823587,NA,NA,NA
Bobosaurus__Tropical,0.16576151128623462,-0.005890167003793286,0.0529621699749409,NA,NA,NA
Bobosaurus__Temperate_S,0.18260529926497052,-0.004668846415198563,0.053640026362376816,NA,NA,NA
Bobosaurus__Antarctic,0.05219709760543693,0.0016596158295892748,0.008066089849324555,NA,NA,NA
Bobosaurus__mean_z_trans,-0.054698518713641266,-0.013265552412201898,0.013865350651599646,NA,NA,NA
Bobosaurus__Mod_R_deltaTMyr_z_trans,-0.037476886662804035,-0.015442647294126371,0.019401662958312818,NA,NA,NA
Bobosaurus__time,-0.1385150803321059,-0.015484704685396014,0.0017835852798809436,NA,NA,NA
Bolosaurus__lat_range_z_trans,-0.2556201468035579,-0.015384945564011581,-0.010473506549132573,0.13754805016535102,0.013047154992818832,0.3217155411839485
Bolosaurus__Temperate_N,0.17482708853669465,-0.002312422063072038,0.03529104372472439,NA,NA,NA
Bolosaurus__Tropical,-0.17825093001971254,-0.0288868577529189,0.03194294041656583,NA,NA,NA
Bolosaurus__Temperate_S,0.17510504396632315,-0.0018137277301059917,0.03157918665733919,NA,NA,NA
Bolosaurus__Antarctic,0.06147518003359437,0.0010607697570349096,0.007962483838313071,NA,NA,NA
Bolosaurus__mean_z_trans,0.21595550504978747,-0.008317345246663516,0.06850350618509439,NA,NA,NA
Bolosaurus__Mod_R_deltaTMyr_z_trans,0.017767054206924513,-0.007212709358611358,0.021319480430009915,NA,NA,NA
Bolosaurus__time,-0.2785936602158472,-0.027146266069971847,0.021063382152325647,NA,NA,NA
Boreopricea__lat_range_z_trans,0.032289348067618066,0.0173649615922685,0.022108916784358293,1.8564661467069528,0.9829022963531315,2.8588281087577343
Boreopricea__Temperate_N,-0.029892083009688958,-0.05666935182718629,0.012769598796704125,NA,NA,NA
Boreopricea__Tropical,0.03306578823897845,0.004768038746229498,0.032896354040395176,NA,NA,NA
Boreopricea__Temperate_S,0.026187849028349173,-0.0012449444441090245,0.025561433906138176,NA,NA,NA
Boreopricea__Antarctic,0.0034467936627121777,0.0007842314477221884,0.0025968386176020482,NA,NA,NA
Boreopricea__mean_z_trans,0.031918885059801214,-0.021110656545977286,0.04658501700970122,NA,NA,NA
Boreopricea__Mod_R_deltaTMyr_z_trans,0.06345606409344974,0.01588844082219304,0.055842307091105214,NA,NA,NA
Boreopricea__time,-0.02041088802371003,-0.04979422381946092,0.008828050609235602,NA,NA,NA
Bradysaurus__lat_range_z_trans,0.07599181060292443,0.007112369894434042,0.02691233948370936,0.7507675562806253,0.17638374119997025,1.3730312138795853
Bradysaurus__Temperate_N,0.06327619442791611,-0.005341239070044138,0.03818898549633398,NA,NA,NA
Bradysaurus__Tropical,0.05427529627420714,-0.0021125962198031496,0.03436993791545852,NA,NA,NA
Bradysaurus__Temperate_S,-0.07056340354812987,-0.041695107711826135,0.02679177621202553,NA,NA,NA
Bradysaurus__Antarctic,0.013961193655998499,0.0010331442608596576,0.005258275977089197,NA,NA,NA
Bradysaurus__mean_z_trans,0.07372728599805588,-0.010589201801803729,0.04923321409610973,NA,NA,NA
Bradysaurus__Mod_R_deltaTMyr_z_trans,0.01144037510659938,-0.010830075217583609,0.018105869415636897,NA,NA,NA
Bradysaurus__time,-0.08204699540006172,-0.027590798162553252,0.008328118258876643,NA,NA,NA
Brasinorhynchus__lat_range_z_trans,0.12055154655219388,0.00727069511917289,0.02867838338964157,0.5626727931573987,0.29426031187176704,0.8048672741279006
Brasinorhynchus__Temperate_N,0.10466196559136973,-0.006547710729962052,0.03964836670095797,NA,NA,NA
Brasinorhynchus__Tropical,0.0791876993401084,-0.005273219786854526,0.05074975655528493,NA,NA,NA
Brasinorhynchus__Temperate_S,-0.1923339965618331,-0.049685417063501915,0.02041651771029342,NA,NA,NA
Brasinorhynchus__Antarctic,0.024414350523491554,0.0014183287324136605,0.006565148564998187,NA,NA,NA
Brasinorhynchus__mean_z_trans,-0.005751223242776796,-0.00849332201588527,0.017795808089303807,NA,NA,NA
Brasinorhynchus__Mod_R_deltaTMyr_z_trans,0.11035218687691863,-0.005518865665561357,0.04375236591796195,NA,NA,NA
Brasinorhynchus__time,-0.10102077196196248,-0.023183992618141736,-0.0004178300732019579,NA,NA,NA
Brazilosaurus__lat_range_z_trans,-0.4687150193750858,-0.036911653430419245,-0.025394514716330908,0.07019197857589461,0.005409362725913525,0.1719026155769825
Brazilosaurus__Temperate_N,0.14422579068224878,-0.0018491427770678406,0.0402532723623335,NA,NA,NA
Brazilosaurus__Tropical,0.13579312361660414,-0.0016605160416555199,0.037328250956727045,NA,NA,NA
Brazilosaurus__Temperate_S,-0.013475071941502392,-0.00938249801610616,0.045911852876883326,NA,NA,NA
Brazilosaurus__Antarctic,0.057221298571676016,0.0012375922190365999,0.009877154379435852,NA,NA,NA
Brazilosaurus__mean_z_trans,0.17898968064691873,-0.008288867708158107,0.0671440359388147,NA,NA,NA
Brazilosaurus__Mod_R_deltaTMyr_z_trans,0.004685423517366871,-0.006225357079236337,0.013562762230903351,NA,NA,NA
Brazilosaurus__time,-0.16741043462534436,-0.026933061194713705,0.018505702826473003,NA,NA,NA
Bromsgroveia__lat_range_z_trans,-0.09827004857710563,-0.012597560144422877,0.0001533034383336359,0.18599536076970252,0.050945524126291275,0.423717238008976
Bromsgroveia__Temperate_N,-0.07686359732411802,-0.01584328417141817,0.017738839779093046,NA,NA,NA
Bromsgroveia__Tropical,-0.09915496061850718,-0.01762067755821331,0.024606672449018673,NA,NA,NA
Bromsgroveia__Temperate_S,0.16120243411976845,-0.0024731666335514775,0.055841495506306404,NA,NA,NA
Bromsgroveia__Antarctic,0.05235335305798799,0.001541471209872424,0.00896192577972044,NA,NA,NA
Bromsgroveia__mean_z_trans,0.0019308557093609124,-0.02031273914580049,0.03237325214041435,NA,NA,NA
Bromsgroveia__Mod_R_deltaTMyr_z_trans,0.1976548795486451,-0.0017186811183488278,0.05969591717450455,NA,NA,NA
Bromsgroveia__time,-0.15023952345829458,-0.020988866466437578,0.00781711058784878,NA,NA,NA
Broomia__lat_range_z_trans,-0.22620748963207007,-0.01742338383516255,-0.009751958282011204,0.1284265613858588,0.02648628130555153,0.2511632703244686
Broomia__Temperate_N,0.18120688906405122,-0.0016637454196938384,0.04435131959323339,NA,NA,NA
Broomia__Tropical,0.14541138460917863,-0.003176343047719891,0.03781576383844561,NA,NA,NA
Broomia__Temperate_S,-0.14582627814728766,-0.026502306770438317,0.03639142444691854,NA,NA,NA
Broomia__Antarctic,0.05352410256862641,0.000974693607534755,0.007813040555175742,NA,NA,NA
Broomia__mean_z_trans,0.07208471516380087,-0.01098723124805547,0.050122481901809124,NA,NA,NA
Broomia__Mod_R_deltaTMyr_z_trans,0.05512760277779307,-0.00915230089088836,0.03148796276249754,NA,NA,NA
Broomia__time,-0.20430103807710112,-0.022082886423896633,0.00895848203917113,NA,NA,NA
Bunostegos__lat_range_z_trans,0.03909224187507176,0.010010093998396847,0.021180180881625123,1.4301362955052173,0.24718616157770157,2.8690784806385636
Bunostegos__Temperate_N,0.03442113528385992,-0.002517438442285276,0.034462698652493386,NA,NA,NA
Bunostegos__Tropical,-0.020253448722177058,-0.05090359585469889,0.016689713891957763,NA,NA,NA
Bunostegos__Temperate_S,0.030887239845282206,0.0005636390871273684,0.027305029556493592,NA,NA,NA
Bunostegos__Antarctic,0.0050684075461355565,0.000897095215119756,0.0033350651321274686,NA,NA,NA
Bunostegos__mean_z_trans,0.06037354713967201,0.0021394049753466426,0.05841994961655666,NA,NA,NA
Bunostegos__Mod_R_deltaTMyr_z_trans,0.017815159501613307,-0.016827021387199537,0.03451584172209793,NA,NA,NA
Bunostegos__time,-0.027342525351947866,-0.033375681620127225,0.011280037401887957,NA,NA,NA
Buriolestes__lat_range_z_trans,-0.12455434413545269,-0.029125979617655524,-0.004541217349759479,0.7854188231116859,0.01843377947807312,2.0943750850856304
Buriolestes__Temperate_N,0.04520254806121723,-0.006898348723796762,0.02662625936132054,NA,NA,NA
Buriolestes__Tropical,0.0330817122861673,-0.005524886940448979,0.024195539879666512,NA,NA,NA
Buriolestes__Temperate_S,-0.004301653617047048,-0.026463621880595728,0.04729532680039138,NA,NA,NA
Buriolestes__Antarctic,0.013698369323737197,0.0007618663450361846,0.004348614307544558,NA,NA,NA
Buriolestes__mean_z_trans,0.0006934399305108938,-0.007374448892196507,0.015117168864443004,NA,NA,NA
Buriolestes__Mod_R_deltaTMyr_z_trans,-0.02480985294348784,-0.013720185972635354,0.01595179131982532,NA,NA,NA
Buriolestes__time,0.2010515382118648,-0.0016678983460276496,0.07819503367180805,NA,NA,NA
Bystrowisuchus__lat_range_z_trans,0.03204139107643495,0.016743686341453724,0.022108916784358293,1.8773396136373048,1.0066168308258057,2.8588281087577343
Bystrowisuchus__Temperate_N,-0.02955498294309048,-0.05464186299095291,0.012769598796704125,NA,NA,NA
Bystrowisuchus__Tropical,0.032780500875838434,0.004597450147330598,0.032896354040395176,NA,NA,NA
Bystrowisuchus__Temperate_S,0.02585684732379767,-0.0013957997572536123,0.025561433906138176,NA,NA,NA
Bystrowisuchus__Antarctic,0.0033767270116505745,0.0007561735918616049,0.0025968386176020482,NA,NA,NA
Bystrowisuchus__mean_z_trans,0.032488985524524526,-0.02399353576741136,0.04658501700970122,NA,NA,NA
Bystrowisuchus__Mod_R_deltaTMyr_z_trans,0.06352768241525632,0.015933094415777584,0.055842307091105214,NA,NA,NA
Bystrowisuchus__time,-0.020455394166902115,-0.04801271000912595,0.008828050609235602,NA,NA,NA
Callawayia__lat_range_z_trans,-0.41904463689774274,-0.04013500183780661,-0.009094879071300696,0.252464350774535,0.013145361095666885,0.6431841477751732
Callawayia__Temperate_N,0.040422866064473054,-0.007540755432116309,0.03139857799421908,NA,NA,NA
Callawayia__Tropical,0.047208683310309425,-0.00892698622761106,0.03089140753001449,NA,NA,NA
Callawayia__Temperate_S,0.09753053850028665,-0.004168693160226857,0.032448428420474414,NA,NA,NA
Callawayia__Antarctic,0.05569722106680274,0.0014033535552192289,0.007899644325793771,NA,NA,NA
Callawayia__mean_z_trans,0.023620553920045494,-0.012912817689306171,0.016958263321035158,NA,NA,NA
Callawayia__Mod_R_deltaTMyr_z_trans,-0.08451155208982528,-0.013682224959696973,0.007862868227212919,NA,NA,NA
Callawayia__time,0.29362359455320985,-0.00405037827677556,0.08882420610779074,NA,NA,NA
Calyptosuchus__lat_range_z_trans,-0.21191766783151098,-0.027708276813617257,-0.012401136843255755,0.5035412747252849,0.012078553438186646,1.4664122168906033
Calyptosuchus__Temperate_N,0.07541015072985141,-0.008643183736002447,0.025855903586012804,NA,NA,NA
Calyptosuchus__Tropical,-0.04091769818509057,-0.02185516050394581,0.03280710913616037,NA,NA,NA
Calyptosuchus__Temperate_S,0.06568075352814726,-0.007539683991631075,0.021911087885503267,NA,NA,NA
Calyptosuchus__Antarctic,0.026959441756229375,0.0006433984033792629,0.0054476783579067555,NA,NA,NA
Calyptosuchus__mean_z_trans,-0.0027323921033153686,-0.007607856966702615,0.017391237038211868,NA,NA,NA
Calyptosuchus__Mod_R_deltaTMyr_z_trans,-0.06441287550957511,-0.012861790393455308,0.01679604613541524,NA,NA,NA
Calyptosuchus__time,0.29199204473277385,-0.00444095002634506,0.09938059155928532,NA,NA,NA
Camelotia__lat_range_z_trans,-0.13487064995466055,-0.018684940864584984,-0.006480868718542305,0.5689283119144056,0.17177097871899605,1.0388875529170036
Camelotia__Temperate_N,-0.09516650054887307,-0.02563486581978127,0.02523160949206696,NA,NA,NA
Camelotia__Tropical,0.04441580821182864,-0.007724703186023399,0.03288390795377428,NA,NA,NA
Camelotia__Temperate_S,0.053023121876310385,-0.012291981306771397,0.02834735399027178,NA,NA,NA
Camelotia__Antarctic,0.02450513058953357,0.0010224741394655827,0.006489685439887053,NA,NA,NA
Camelotia__mean_z_trans,-0.014227017613278888,-0.011886255555957187,0.014888164665246308,NA,NA,NA
Camelotia__Mod_R_deltaTMyr_z_trans,-0.06795739094386231,-0.02141507815922286,0.012723461193994184,NA,NA,NA
Camelotia__time,0.3303392555005121,0.006601846724555206,0.0931052028385416,NA,NA,NA
Camposaurus__lat_range_z_trans,0.2766100476682186,0.006838580991987048,0.034127784081531026,0.3228045944019686,0.13069792091846466,0.4918280690908432
Camposaurus__Temperate_N,0.19028102905722336,-0.005521570732995298,0.04333856931214293,NA,NA,NA
Camposaurus__Tropical,-0.1977614504029043,-0.03390575470639866,0.028991174009317108,NA,NA,NA
Camposaurus__Temperate_S,0.17757542389794254,-0.0038346147773884232,0.04639143235959953,NA,NA,NA
Camposaurus__Antarctic,0.06397165172500535,0.0013631290049610336,0.008065420900053587,NA,NA,NA
Camposaurus__mean_z_trans,-0.05837877799058333,-0.016514631880483632,0.015813493705544236,NA,NA,NA
Camposaurus__Mod_R_deltaTMyr_z_trans,-0.4418791060708463,-0.029177875371350352,-0.00886390667879353,NA,NA,NA
Camposaurus__time,0.10394026788882911,-0.009260766556652025,0.03932454916584497,NA,NA,NA
Candelaria__lat_range_z_trans,0.10488020426012315,0.008004245539448944,0.03140518180472125,0.6118220443816972,0.32663774862885475,0.8315528952516615
Candelaria__Temperate_N,0.09038009218504353,-0.006548031878968309,0.044601103295164105,NA,NA,NA
Candelaria__Tropical,0.07088694909816198,-0.010612853924245704,0.039773131902012246,NA,NA,NA
Candelaria__Temperate_S,-0.14248349555559708,-0.04968785401024154,0.02413921262635355,NA,NA,NA
Candelaria__Antarctic,0.0204074200738365,0.0008177337108407608,0.006459622944048778,NA,NA,NA
Candelaria__mean_z_trans,-0.0048146008501581345,-0.00778493498585256,0.017605164632495948,NA,NA,NA
Candelaria__Mod_R_deltaTMyr_z_trans,0.08140912666631016,-0.002810552808922404,0.04319061134929659,NA,NA,NA
Candelaria__time,-0.08060393876021026,-0.0213912556703795,1.448830114739404e-05,NA,NA,NA
Captorhinikos__lat_range_z_trans,-0.20819199092686178,-0.014177324745169249,-0.008503591807629093,0.1824750399327604,0.04531209170818329,0.39811526611447334
Captorhinikos__Temperate_N,0.173296868968755,-0.00242936905868006,0.03871090971971875,NA,NA,NA
Captorhinikos__Tropical,-0.14695428283012008,-0.03306195759883057,0.025071786755515454,NA,NA,NA
Captorhinikos__Temperate_S,0.1715821598446928,-0.0018663328277041503,0.03285700557914488,NA,NA,NA
Captorhinikos__Antarctic,0.05573488399386406,0.000993651588973745,0.0076394362526967545,NA,NA,NA
Captorhinikos__mean_z_trans,0.1317902789171785,-0.009050925112334773,0.07477294669652343,NA,NA,NA
Captorhinikos__Mod_R_deltaTMyr_z_trans,0.061841420787386595,-0.006352047617441376,0.023277119718607683,NA,NA,NA
Captorhinikos__time,-0.25558165231719615,-0.024069198657133885,0.013362903940662007,NA,NA,NA
Captorhinoides__lat_range_z_trans,0.08085838977859142,0.006384944670193518,0.025038009427354947,0.7107470642673798,0.22375883907079697,1.2866207286715508
Captorhinoides__Temperate_N,0.05994549824992525,-0.006477222534394061,0.031324707629717764,NA,NA,NA
Captorhinoides__Tropical,-0.06335899618973757,-0.030314852628912467,0.02563423802433292,NA,NA,NA
Captorhinoides__Temperate_S,0.05634895445875576,-0.0025225583768370185,0.02832919463807167,NA,NA,NA
Captorhinoides__Antarctic,0.01623895753084337,0.0008747806248838866,0.005063651673974931,NA,NA,NA
Captorhinoides__mean_z_trans,0.10175797213957168,-0.007240304378207821,0.06459973024358774,NA,NA,NA
Captorhinoides__Mod_R_deltaTMyr_z_trans,0.00061810750478322,-0.009223333621443397,0.015637840576028506,NA,NA,NA
Captorhinoides__time,-0.11234712635522326,-0.04149495778360295,0.01156114464217139,NA,NA,NA
Captorhinus__lat_range_z_trans,-0.36224774541308624,-0.049467248352884526,-0.03575502051083648,0.025322414680122165,0.0011968640610575676,0.07536815968342125
Captorhinus__Temperate_N,0.11423566936466406,-0.00020156706190710457,0.05492881751107235,NA,NA,NA
Captorhinus__Tropical,-0.00915109905543854,-0.00839142802785361,0.04255146328712191,NA,NA,NA
Captorhinus__Temperate_S,-0.0039580171582433606,-0.01123385985249389,0.04184990840934933,NA,NA,NA
Captorhinus__Antarctic,0.046672490790916225,0.002042206615572436,0.013781285078506853,NA,NA,NA
Captorhinus__mean_z_trans,0.13810058574409934,-0.0008582994450169319,0.06913276888909949,NA,NA,NA
Captorhinus__Mod_R_deltaTMyr_z_trans,0.009430425500224437,-0.005253998449436505,0.018039663515679052,NA,NA,NA
Captorhinus__time,-0.07314406689064573,-0.016649309454300182,0.002659630675247372,NA,NA,NA
Cargninia__lat_range_z_trans,0.2592454575002193,0.006589454035794618,0.031961576506470295,0.16263467638113072,0.04617383889853954,0.2618588162586093
Cargninia__Temperate_N,0.1823679901356809,-0.010908058369596695,0.04371044249523902,NA,NA,NA
Cargninia__Tropical,0.15387857258203438,-0.005567870816723237,0.04351527838701198,NA,NA,NA
Cargninia__Temperate_S,-0.2611288440786302,-0.03566192662693846,0.03855321082219775,NA,NA,NA
Cargninia__Antarctic,0.06366456179879605,0.001416832290781616,0.0072848707668856,NA,NA,NA
Cargninia__mean_z_trans,-0.09632989448029548,-0.012857717505855836,0.018204048061380988,NA,NA,NA
Cargninia__Mod_R_deltaTMyr_z_trans,-0.40259079926647245,-0.02362234060699017,-0.006553839501149293,NA,NA,NA
Cargninia__time,0.05457735838543158,-0.009401876428792155,0.03051292931720352,NA,NA,NA
Carnufex__lat_range_z_trans,0.20152151400602786,0.010261703135778826,0.03501024435054053,0.4095366287580691,0.20777822588570416,0.631789181381464
Carnufex__Temperate_N,0.1595869005183052,-0.002649548040149647,0.05288561059588087,NA,NA,NA
Carnufex__Tropical,-0.2056030214698167,-0.0498598557793883,0.03616233258088163,NA,NA,NA
Carnufex__Temperate_S,0.1447785370715978,-0.005309579750381133,0.052003359163055325,NA,NA,NA
Carnufex__Antarctic,0.04389055934506244,0.001964667671058334,0.007505670882709656,NA,NA,NA
Carnufex__mean_z_trans,-0.021195337184476616,-0.010949515663591059,0.011035322236906377,NA,NA,NA
Carnufex__Mod_R_deltaTMyr_z_trans,-0.06513360175104231,-0.015208797589799724,0.010965237289215507,NA,NA,NA
Carnufex__time,-0.1177837934181478,-0.01826257801184761,0.0016207397560499587,NA,NA,NA
Cartorhynchus__lat_range_z_trans,0.03204139107643495,0.016743686341453724,0.022108916784358293,1.8773396136373048,1.0066168308258057,2.8588281087577343
Cartorhynchus__Temperate_N,-0.02955498294309048,-0.05464186299095291,0.012769598796704125,NA,NA,NA
Cartorhynchus__Tropical,0.032780500875838434,0.004597450147330598,0.032896354040395176,NA,NA,NA
Cartorhynchus__Temperate_S,0.02585684732379767,-0.0013957997572536123,0.025561433906138176,NA,NA,NA
Cartorhynchus__Antarctic,0.0033767270116505745,0.0007561735918616049,0.0025968386176020482,NA,NA,NA
Cartorhynchus__mean_z_trans,0.032488985524524526,-0.02399353576741136,0.04658501700970122,NA,NA,NA
Cartorhynchus__Mod_R_deltaTMyr_z_trans,0.06352768241525632,0.015933094415777584,0.055842307091105214,NA,NA,NA
Cartorhynchus__time,-0.020455394166902115,-0.04801271000912595,0.008828050609235602,NA,NA,NA
Caseosaurus__lat_range_z_trans,0.26620569318532944,0.007325335364355266,0.03450946516905714,0.2389988005394116,0.08039659634232521,0.45010334230028093
Caseosaurus__Temperate_N,0.1937523822952062,-0.0058071739559463495,0.04536354450456556,NA,NA,NA
Caseosaurus__Tropical,-0.2091798763885163,-0.035659529726044595,0.030003352505221827,NA,NA,NA
Caseosaurus__Temperate_S,0.18137212912435643,-0.0033464724040133337,0.04895486138116548,NA,NA,NA
Caseosaurus__Antarctic,0.06378246198757552,0.0015354607525257945,0.00829849840829442,NA,NA,NA
Caseosaurus__mean_z_trans,-0.06324914413504303,-0.014401498933755068,0.022692445160676436,NA,NA,NA
Caseosaurus__Mod_R_deltaTMyr_z_trans,-0.4324114465340972,-0.031902641584711,-0.016705829604607526,NA,NA,NA
Caseosaurus__time,0.03060939282178879,-0.007756983540731028,0.03407217933086654,NA,NA,NA
Ceresiosaurus__lat_range_z_trans,-0.6206885778903961,-0.053356209402212196,-0.05859726779915091,0.05988399538677186,0.00470094196498394,0.1489010564982891
Ceresiosaurus__Temperate_N,0.16882678871043028,0.00023563993289971177,0.06531905512731485,NA,NA,NA
Ceresiosaurus__Tropical,-0.06242471960838884,-0.018381338807507096,0.036221788962015534,NA,NA,NA
Ceresiosaurus__Temperate_S,0.1627153118280694,-0.003727853422336834,0.05394776726858512,NA,NA,NA
Ceresiosaurus__Antarctic,0.05488787898793816,0.001838835483057089,0.01262184300642007,NA,NA,NA
Ceresiosaurus__mean_z_trans,0.045740104940487074,-0.005262771161103885,0.03216918137494316,NA,NA,NA
Ceresiosaurus__Mod_R_deltaTMyr_z_trans,0.15420962062082252,-0.004696674382602749,0.060504903348056235,NA,NA,NA
Ceresiosaurus__time,-0.04000414923531934,-0.006663132268514355,0.005001245567055806,NA,NA,NA
Chalishevia__lat_range_z_trans,0.05410804233923068,0.01133033918142412,0.02798137945621573,1.0405191886615648,0.2093195915222168,2.021628215909004
Chalishevia__Temperate_N,-0.053683259518845935,-0.05051914210839495,0.02254745277435946,NA,NA,NA
Chalishevia__Tropical,0.04563933977665511,-0.005267889783403433,0.04076529962826123,NA,NA,NA
Chalishevia__Temperate_S,0.04673689380525103,-0.003981273552914945,0.038451581946035054,NA,NA,NA
Chalishevia__Antarctic,0.00872526060503298,0.0013615657232304375,0.005229691693463879,NA,NA,NA
Chalishevia__mean_z_trans,0.006103942778953137,-0.012769015842690789,0.01916842023780358,NA,NA,NA
Chalishevia__Mod_R_deltaTMyr_z_trans,0.06445047483848401,-0.006875597255434823,0.0498314166387459,NA,NA,NA
Chalishevia__time,-0.03201893750725117,-0.023292490390135933,0.003213274480355041,NA,NA,NA
Chanaresuchus__lat_range_z_trans,0.11614225988158625,0.00785308041846893,0.03130330938962063,0.5754346961562987,0.2923736721277237,0.8028032928705215
Chanaresuchus__Temperate_N,0.1008775722390357,-0.006424368252423265,0.041987431042204516,NA,NA,NA
Chanaresuchus__Tropical,0.07666216931783794,-0.012621467206893043,0.03974757238947898,NA,NA,NA
Chanaresuchus__Temperate_S,-0.18273142397649894,-0.048749468196653344,0.024060909628327146,NA,NA,NA
Chanaresuchus__Antarctic,0.023068784329535037,0.0012784133046145308,0.006720928408050324,NA,NA,NA
Chanaresuchus__mean_z_trans,-0.006018634634697224,-0.008614937198658155,0.017457865748975506,NA,NA,NA
Chanaresuchus__Mod_R_deltaTMyr_z_trans,0.11224460402894082,-0.0007582267173464905,0.045702968137501125,NA,NA,NA
Chanaresuchus__time,-0.10018357406822975,-0.02197653017942947,0.00020753211108165572,NA,NA,NA
Chaohusaurus__lat_range_z_trans,-0.40179101064801215,-0.04300511819660825,-0.04195692136383241,0.07377878583647543,0.026423480361700058,0.11731461714953184
Chaohusaurus__Temperate_N,-0.025683053567772732,-0.011102031257829973,0.022863770774163725,NA,NA,NA
Chaohusaurus__Tropical,-0.034316830874886364,-0.015468177024686888,0.0320180386424655,NA,NA,NA
Chaohusaurus__Temperate_S,0.13734047188423573,-0.004393844723469632,0.05494771774375399,NA,NA,NA
Chaohusaurus__Antarctic,0.053735618796199563,0.001959711041473338,0.012855529479884172,NA,NA,NA
Chaohusaurus__mean_z_trans,0.047115124077827204,-0.0062933135748233695,0.043937743950251476,NA,NA,NA
Chaohusaurus__Mod_R_deltaTMyr_z_trans,0.16579361316398716,-0.00035905671162808796,0.07245722222499712,NA,NA,NA
Chaohusaurus__time,-0.06328720009303651,-0.01135167358074745,0.010065415403556299,NA,NA,NA
Chasmatosuchus__lat_range_z_trans,-0.6335740220546723,-0.03898299044201489,-0.0372293434361641,0.17533802357938838,0.04204818978905678,0.3303555063903332
Chasmatosuchus__Temperate_N,-0.19850490969605744,-0.031725287740903683,0.02130062187369181,NA,NA,NA
Chasmatosuchus__Tropical,0.20112330454227048,-0.0005528213848953661,0.04113709490457347,NA,NA,NA
Chasmatosuchus__Temperate_S,0.1971863277675584,0.00024832578206226215,0.043546741675259855,NA,NA,NA
Chasmatosuchus__Antarctic,0.05806994148530066,0.0009969489958641339,0.008081942311015666,NA,NA,NA
Chasmatosuchus__mean_z_trans,0.13908359495690092,-0.004752930526246755,0.045464887203512494,NA,NA,NA
Chasmatosuchus__Mod_R_deltaTMyr_z_trans,0.3362154528684914,0.001460827958446821,0.07924915246331432,NA,NA,NA
Chasmatosuchus__time,-0.1266745050958707,-0.01670557667063284,0.005637419860036344,NA,NA,NA
Chelyoposuchus__lat_range_z_trans,0.03967012109541672,0.008383943435958833,0.025645491483220685,1.5476464743970428,0.7788858413696289,2.515775140374899
Chelyoposuchus__Temperate_N,-0.019484573668186705,-0.028316986425440605,0.02256214561154946,NA,NA,NA
Chelyoposuchus__Tropical,0.018641165146875076,-0.014153367695738802,0.02662298880860402,NA,NA,NA
Chelyoposuchus__Temperate_S,0.017935855055230092,-0.012092881724837358,0.024809297238544727,NA,NA,NA
Chelyoposuchus__Antarctic,0.005561341383313461,0.0006362771181594454,0.003957755620236937,NA,NA,NA
Chelyoposuchus__mean_z_trans,-0.0014942352862249222,-0.01361221918499798,0.01487048261366124,NA,NA,NA
Chelyoposuchus__Mod_R_deltaTMyr_z_trans,-0.0287623116736672,-0.03094786720440202,0.011961158846266922,NA,NA,NA
Chelyoposuchus__time,0.1079943950647533,8.959765297816388e-05,0.07675919663315586,NA,NA,NA
Chinchenia__lat_range_z_trans,0.04762072002000525,0.011100712545798372,0.02573601251723731,1.22005165543349,0.46935664117336273,2.279131389223039
Chinchenia__Temperate_N,0.04854766239643101,-7.834219870706651e-05,0.03925339940413437,NA,NA,NA
Chinchenia__Tropical,-0.043370807271700285,-0.05161475606573561,0.021739376671299472,NA,NA,NA
Chinchenia__Temperate_S,0.04063623857187585,0.0002727008847672238,0.03936864600913437,NA,NA,NA
Chinchenia__Antarctic,0.007042570032586532,0.0012800379554773304,0.004710712116791235,NA,NA,NA
Chinchenia__mean_z_trans,0.00475428074902041,-0.022269210344948377,0.02137962568782323,NA,NA,NA
Chinchenia__Mod_R_deltaTMyr_z_trans,0.06319996909392511,0.005427729585664297,0.05021515789380045,NA,NA,NA
Chinchenia__time,-0.028368876474634062,-0.03413237639063649,0.00478558655501942,NA,NA,NA
Chindesaurus__lat_range_z_trans,-0.10535803884452642,-0.025615022331955555,-0.008114093834428848,0.7129453491608001,0.013363108038902283,1.7808110509067774
Chindesaurus__Temperate_N,0.053250422441031356,-0.004183732685503398,0.03785005249911012,NA,NA,NA
Chindesaurus__Tropical,-0.03406022974545598,-0.025400979371310136,0.028187620060628124,NA,NA,NA
Chindesaurus__Temperate_S,0.04009274505538723,-0.00597452417759485,0.02691999878042499,NA,NA,NA
Chindesaurus__Antarctic,0.01587876246325062,0.0007531490438199995,0.005621336218125821,NA,NA,NA
Chindesaurus__mean_z_trans,0.0017037298748738162,-0.007016521920402858,0.018136455030385253,NA,NA,NA
Chindesaurus__Mod_R_deltaTMyr_z_trans,-0.03949071072709194,-0.018439478745372072,0.01381916065018816,NA,NA,NA
Chindesaurus__time,0.20804507660004115,-0.004136393840001447,0.08476798745080626,NA,NA,NA
Chinshakiangosaurus__lat_range_z_trans,0.038841154226784504,0.010200368541915644,0.026176172363934134,1.5910630645614583,0.9984516687691212,2.2921414375305176
Chinshakiangosaurus__Temperate_N,-0.019298473823853725,-0.031125125573532218,0.022251737870423834,NA,NA,NA
Chinshakiangosaurus__Tropical,0.01828077837012913,-0.015556928982473463,0.026256712393214643,NA,NA,NA
Chinshakiangosaurus__Temperate_S,0.017502496850406318,-0.013292108721473144,0.024467973410247618,NA,NA,NA
Chinshakiangosaurus__Antarctic,0.005378152643551295,0.0006993754527665911,0.003903305214537218,NA,NA,NA
Chinshakiangosaurus__mean_z_trans,-0.0012503734400442106,-0.01496211585166638,0.014665896002218064,NA,NA,NA
Chinshakiangosaurus__Mod_R_deltaTMyr_z_trans,-0.027629862934573996,-0.03401690555971739,0.013763568312119619,NA,NA,NA
Chinshakiangosaurus__time,0.10823788522511053,0.008039936665860043,0.07570315128854473,NA,NA,NA
Chirotherium__lat_range_z_trans,0.23548075018200007,0.009475879002159177,0.0365892297306069,0.36478058436128774,0.17165971919894218,0.5350561924278736
Chirotherium__Temperate_N,-0.25873545408554,-0.04621953658935467,0.020171845392968433,NA,NA,NA
Chirotherium__Tropical,0.16169340089587134,-0.005861842722296449,0.0525828644102246,NA,NA,NA
Chirotherium__Temperate_S,0.17839407951574698,-0.004646395146831399,0.05325586611176009,NA,NA,NA
Chirotherium__Antarctic,0.0509186085560692,0.00165163516861589,0.008008321960153887,NA,NA,NA
Chirotherium__mean_z_trans,-0.053486165792613866,-0.013201761820102851,0.01554686596048827,NA,NA,NA
Chirotherium__Mod_R_deltaTMyr_z_trans,-0.037546184090305586,-0.015368387618851714,0.01926271172711666,NA,NA,NA
Chirotherium__time,-0.13665727806371833,-0.015843094301658298,0.0017708115619210294,NA,NA,NA
Chromogisaurus__lat_range_z_trans,0.09129635455501339,0.009052031293132812,0.030468830328554845,0.6601012544910191,0.3721710368990898,0.9344987943768501
Chromogisaurus__Temperate_N,0.08071410289599239,-0.008580052341798042,0.046719508968253894,NA,NA,NA
Chromogisaurus__Tropical,0.06695346769285343,-0.005565414607935759,0.053176662075737895,NA,NA,NA
Chromogisaurus__Temperate_S,-0.08372556635945295,-0.053948375162933826,0.033114349127299464,NA,NA,NA
Chromogisaurus__Antarctic,0.01698965357261711,0.0014239259864570785,0.006546211516384029,NA,NA,NA
Chromogisaurus__mean_z_trans,-0.005748453104446184,-0.008440550592819385,0.01262963841585651,NA,NA,NA
Chromogisaurus__Mod_R_deltaTMyr_z_trans,0.02225322393893636,-0.0074332934358239434,0.02365889568610816,NA,NA,NA
Chromogisaurus__time,-0.048671026074003684,-0.01652177516659925,0.0008744207370450806,NA,NA,NA
Cladeiodon__lat_range_z_trans,0.04960509471427786,0.011899496759916155,0.026526081377266322,1.1122485023131594,0.6785317342728376,1.7256336566060781
Cladeiodon__Temperate_N,-0.046896943431893136,-0.056521380985765014,0.01898882647794106,NA,NA,NA
Cladeiodon__Tropical,0.04841668002187413,0.003336501645128858,0.041745720847172686,NA,NA,NA
Cladeiodon__Temperate_S,0.0458816681896478,-0.002235156289168747,0.03542172090613847,NA,NA,NA
Cladeiodon__Antarctic,0.0075688229127823595,0.001221860615014661,0.0048417642756995154,NA,NA,NA
Cladeiodon__mean_z_trans,0.027592979094196744,-0.009041558016956082,0.038673587583632374,NA,NA,NA
Cladeiodon__Mod_R_deltaTMyr_z_trans,0.04744865468867716,-0.0032090210011941293,0.0346205784216191,NA,NA,NA
Cladeiodon__time,-0.03955519907205307,-0.03546424675529602,0.0063702369657703374,NA,NA,NA
Clarazia__lat_range_z_trans,0.08134949680806002,0.009657767623199502,0.028768792237612306,0.7399368066723401,0.5062590576708317,1.0388508588075638
Clarazia__Temperate_N,0.08089136144207748,-0.001563468984414271,0.040100425505276385,NA,NA,NA
Clarazia__Tropical,-0.10285722802502059,-0.04628005415724909,0.02553486031763684,NA,NA,NA
Clarazia__Temperate_S,0.07152189731310697,-0.0023636420219362263,0.040961482122647844,NA,NA,NA
Clarazia__Antarctic,0.015306077918586274,0.0013156684932314046,0.005635654939816745,NA,NA,NA
Clarazia__mean_z_trans,-0.012410891345614539,-0.019374509318779393,0.021003267835859894,NA,NA,NA
Clarazia__Mod_R_deltaTMyr_z_trans,0.07680394284363484,-0.0026047470416281767,0.0359248443830714,NA,NA,NA
Clarazia__time,-0.07054289983732061,-0.02880051862074406,0.009259189513318453,NA,NA,NA
Claudiosaurus__lat_range_z_trans,0.03193857581032648,0.01171450884876569,0.01992295070608274,1.7512845279891918,0.41489554941654205,3.059546284377575
Claudiosaurus__Temperate_N,0.03130431234125778,-0.0010986517086635356,0.03492944580277213,NA,NA,NA
Claudiosaurus__Tropical,0.02730916516768654,-0.0025907115194636616,0.027874779625618462,NA,NA,NA
Claudiosaurus__Temperate_S,-0.024294649044053433,-0.04798174861508735,0.01870194770735483,NA,NA,NA
Claudiosaurus__Antarctic,0.0036893022877921336,0.000543143800907822,0.00313063738980817,NA,NA,NA
Claudiosaurus__mean_z_trans,0.03385720890472847,-0.010092973702878807,0.03654961630068972,NA,NA,NA
Claudiosaurus__Mod_R_deltaTMyr_z_trans,0.06067165649917833,-0.005303147386253351,0.06009837246008293,NA,NA,NA
Claudiosaurus__time,-0.02441381484940646,-0.03520392374564712,0.005980766862830896,NA,NA,NA
Clevosaurus__lat_range_z_trans,-0.8339009808003902,-0.06599674349756067,-0.026501845368494346,0.12516412438533733,0.020986512303352356,0.29649314610287547
Clevosaurus__Temperate_N,-0.028930796877248213,-0.00759109899139225,0.023474347666994133,NA,NA,NA
Clevosaurus__Tropical,0.11102996004745364,-0.0016754966252121048,0.03038039966213721,NA,NA,NA
Clevosaurus__Temperate_S,0.018860095262643883,-0.00948331544886634,0.04537301415543698,NA,NA,NA
Clevosaurus__Antarctic,0.05742751765996218,0.00112209518357977,0.008566036961417943,NA,NA,NA
Clevosaurus__mean_z_trans,0.038447013974073345,-0.004737334801426615,0.014193297035078255,NA,NA,NA
Clevosaurus__Mod_R_deltaTMyr_z_trans,-0.048558659762493336,-0.009869345783492953,0.008676343492765977,NA,NA,NA
Clevosaurus__time,0.6127737686038017,0.008217735936050857,0.10302692324990372,NA,NA,NA
Coahomasuchus__lat_range_z_trans,-0.00757103713918676,-0.00872972761737985,0.013120221845516786,0.41752011231414143,0.025902913883328438,2.387369155883789
Coahomasuchus__Temperate_N,0.12975629774021555,-0.004950995504907467,0.033211742252547145,NA,NA,NA
Coahomasuchus__Tropical,-0.11300141965188858,-0.027406483012020987,0.02702306285434318,NA,NA,NA
Coahomasuchus__Temperate_S,0.1186889904303543,-0.0038598469083359352,0.027361437145739093,NA,NA,NA
Coahomasuchus__Antarctic,0.040158280987850604,0.0014549369374716307,0.00475072098238369,NA,NA,NA
Coahomasuchus__mean_z_trans,-0.0187770773065161,-0.011607835110572413,0.013569178807626366,NA,NA,NA
Coahomasuchus__Mod_R_deltaTMyr_z_trans,-0.1987335756296055,-0.026212348441768993,0.003062489763406676,NA,NA,NA
Coahomasuchus__time,0.18954129768628633,-0.008701204370806301,0.08508966320367693,NA,NA,NA
Coartaredens__lat_range_z_trans,0.07422507971084444,0.009482299242598857,0.027933067806031213,0.7975222595116065,0.37774476408958435,1.2606926746666431
Coartaredens__Temperate_N,0.07397446663352106,-0.0015814409537340587,0.039943088010290374,NA,NA,NA
Coartaredens__Tropical,-0.09121623785792975,-0.04681204022267385,0.02543467208006649,NA,NA,NA
Coartaredens__Temperate_S,0.06525806343524808,-0.002390811925736469,0.04080076619739553,NA,NA,NA
Coartaredens__Antarctic,0.013639164816267247,0.0013307920128093926,0.0056135429592164485,NA,NA,NA
Coartaredens__mean_z_trans,-0.008867011179022603,-0.019597217981716823,0.02002716890938624,NA,NA,NA
Coartaredens__Mod_R_deltaTMyr_z_trans,0.07444451822227006,-0.0015407659205239374,0.03821335061208739,NA,NA,NA
Coartaredens__time,-0.061396286663688696,-0.02890431827934342,0.00922286028076618,NA,NA,NA
Coburgosuchus__lat_range_z_trans,0.1278091633914551,0.007895820995874483,0.029498753664344936,0.5060131621226901,0.18964093178510666,0.9349627122282982
Coburgosuchus__Temperate_N,-0.0783656375240273,-0.03145288254806905,0.02721181733153558,NA,NA,NA
Coburgosuchus__Tropical,0.07996882075917602,-0.00564945210110826,0.038815906921622,NA,NA,NA
Coburgosuchus__Temperate_S,0.09053990560640832,-0.009441642688543304,0.031855497849369495,NA,NA,NA
Coburgosuchus__Antarctic,0.025472273580922637,0.0012599281711355844,0.005751222738452798,NA,NA,NA
Coburgosuchus__mean_z_trans,-0.039242187762645826,-0.015961315103467377,0.01623580996145055,NA,NA,NA
Coburgosuchus__Mod_R_deltaTMyr_z_trans,-0.13108619970124033,-0.026989894998519906,0.00761560613282037,NA,NA,NA
Coburgosuchus__time,0.06496561876746121,-0.009674065755622477,0.050203902255644126,NA,NA,NA
Coelodontognathus__lat_range_z_trans,0.03214432620982632,0.01609595562136921,0.022108916784358293,1.8681316973402864,0.990300826728344,2.8588281087577343
Coelodontognathus__Temperate_N,-0.029801135192332972,-0.05386235940324358,0.012769598796704125,NA,NA,NA
Coelodontognathus__Tropical,0.03287109083094245,0.0045318643732007455,0.032896354040395176,NA,NA,NA
Coelodontognathus__Temperate_S,0.026005003206044333,-0.0013758877180414218,0.025561433906138176,NA,NA,NA
Coelodontognathus__Antarctic,0.0033964521369361476,0.0007453862578374198,0.0025968386176020482,NA,NA,NA
Coelodontognathus__mean_z_trans,0.03281619275156243,-0.02365125155181597,0.04658501700970122,NA,NA,NA
Coelodontognathus__Mod_R_deltaTMyr_z_trans,0.06330624514427258,0.01483056421991839,0.055842307091105214,NA,NA,NA
Coelodontognathus__time,-0.020676417969741432,-0.047327775827545104,0.008828050609235602,NA,NA,NA
Coelophysis__lat_range_z_trans,-0.9665490663051606,-0.06447914244142187,-0.06551547283215337,0.15156874902138953,0.030463792383670807,0.3200100064277649
Coelophysis__Temperate_N,0.15398171947337688,-0.0005593767072417373,0.037371395155727995,NA,NA,NA
Coelophysis__Tropical,-0.012598209329880775,-0.016751572287540855,0.028334036342991097,NA,NA,NA
Coelophysis__Temperate_S,0.11015457881614565,-0.0029795057756042726,0.04439045374641383,NA,NA,NA
Coelophysis__Antarctic,0.05656135678291321,0.0013464388543732904,0.008820665682202062,NA,NA,NA
Coelophysis__mean_z_trans,0.0423499862436438,-0.0038710871041119834,0.022140393309056813,NA,NA,NA
Coelophysis__Mod_R_deltaTMyr_z_trans,-0.0843188961269334,-0.01052073386166719,0.0096852892287757,NA,NA,NA
Coelophysis__time,0.6542560666799545,0.007801475294894303,0.12196175622222573,NA,NA,NA
Coelurosauravus__lat_range_z_trans,-0.5341159258782864,-0.04657130105033516,-0.02493216599232814,0.0758884976648551,0.0008742008358240128,0.21991885536408518
Coelurosauravus__Temperate_N,-0.04137811008942663,-0.010905189110587007,0.011753498218882092,NA,NA,NA
Coelurosauravus__Tropical,0.13915484262513927,-0.000937486693125091,0.03353653921889912,NA,NA,NA
Coelurosauravus__Temperate_S,-0.04244920843979344,-0.012431273575737492,0.029068278839108563,NA,NA,NA
Coelurosauravus__Antarctic,0.05434165781363845,0.001700863610084849,0.009646598576177409,NA,NA,NA
Coelurosauravus__mean_z_trans,0.15035810590721665,-0.0031252047706584723,0.07205256623647689,NA,NA,NA
Coelurosauravus__Mod_R_deltaTMyr_z_trans,0.2448767198465066,-0.004148593477344384,0.06771998799738091,NA,NA,NA
Coelurosauravus__time,-0.08985626875422895,-0.013595318960617551,0.008343213760643033,NA,NA,NA
Coletta__lat_range_z_trans,0.02734662179466367,0.013382418290004586,0.019971273664177593,2.143620612854429,0.9685754850506783,3.1604296378791332
Coletta__Temperate_N,0.02899143493643826,0.00019890062093798748,0.029352503229402475,NA,NA,NA
Coletta__Tropical,0.025834274416439575,-0.007565171414264818,0.02682136775798489,NA,NA,NA
Coletta__Temperate_S,-0.02499255014446154,-0.06141405060449416,0.017995185037752097,NA,NA,NA
Coletta__Antarctic,0.002648885555534124,0.0005244496787212798,0.0029746087312622965,NA,NA,NA
Coletta__mean_z_trans,0.030982063386864146,-0.01513448509651832,0.04079938677695538,NA,NA,NA
Coletta__Mod_R_deltaTMyr_z_trans,0.06963202330858083,0.022575835395713183,0.06435293387939682,NA,NA,NA
Coletta__time,-0.02038099613654921,-0.04258140089842005,0.004921257778308313,NA,NA,NA
Collilongus__lat_range_z_trans,0.03204139107643495,0.016743686341453724,0.022108916784358293,1.8773396136373048,1.0066168308258057,2.8588281087577343
Collilongus__Temperate_N,-0.02955498294309048,-0.05464186299095291,0.012769598796704125,NA,NA,NA
Collilongus__Tropical,0.032780500875838434,0.004597450147330598,0.032896354040395176,NA,NA,NA
Collilongus__Temperate_S,0.02585684732379767,-0.0013957997572536123,0.025561433906138176,NA,NA,NA
Collilongus__Antarctic,0.0033767270116505745,0.0007561735918616049,0.0025968386176020482,NA,NA,NA
Collilongus__mean_z_trans,0.032488985524524526,-0.02399353576741136,0.04658501700970122,NA,NA,NA
Collilongus__Mod_R_deltaTMyr_z_trans,0.06352768241525632,0.015933094415777584,0.055842307091105214,NA,NA,NA
Collilongus__time,-0.020455394166902115,-0.04801271000912595,0.008828050609235602,NA,NA,NA
Colobomycter__lat_range_z_trans,0.1490043546574042,0.0053032890666305016,0.02586220405154461,0.46547209784912413,0.14631826244294643,1.0961919911205769
Colobomycter__Temperate_N,0.10900633355609823,-0.005986837032286434,0.03323231819221412,NA,NA,NA
Colobomycter__Tropical,-0.13045293729871338,-0.028426038695001883,0.027078299806079946,NA,NA,NA
Colobomycter__Temperate_S,0.10326863171791092,-0.0017474205954906268,0.03126279373848247,NA,NA,NA
Colobomycter__Antarctic,0.033924437203024675,0.0011663611755321236,0.0059665977900580985,NA,NA,NA
Colobomycter__mean_z_trans,0.14293753235059836,-0.014065955632974548,0.05375208828618073,NA,NA,NA
Colobomycter__Mod_R_deltaTMyr_z_trans,-0.029430720793936646,-0.01137282292091342,0.008678051286532389,NA,NA,NA
Colobomycter__time,-0.23819587427487648,-0.03488407939381603,0.02135616370414751,NA,NA,NA
Colobops__lat_range_z_trans,0.2522911294464859,0.0063768210104259435,0.03582129309931876,0.3645854958018754,0.10180050786584616,0.5801232196390629
Colobops__Temperate_N,0.16887534139972601,-0.005204532894920014,0.04320493976834788,NA,NA,NA
Colobops__Tropical,-0.1751108472536548,-0.03227705894127371,0.02813009313648472,NA,NA,NA
Colobops__Temperate_S,0.15874478073807885,-0.0036504153427231495,0.04501353800267178,NA,NA,NA
Colobops__Antarctic,0.057611037778838914,0.0013454260333295902,0.008025114914632795,NA,NA,NA
Colobops__mean_z_trans,-0.05584112926860366,-0.015721335543644827,0.015343809485163116,NA,NA,NA
Colobops__Mod_R_deltaTMyr_z_trans,-0.3993703315999635,-0.030193498254174247,-0.015360854357611853,NA,NA,NA
Colobops__time,0.13286177587660217,-0.010688910095339905,0.04701058280623266,NA,NA,NA
Coloradisaurus__lat_range_z_trans,0.050145209045175644,0.005822006602458075,0.020912013644763274,1.1097645218006802,0.06623401492834091,3.2668008552864194
Coloradisaurus__Temperate_N,0.03412317574101063,-0.010997792047085756,0.025010399070240955,NA,NA,NA
Coloradisaurus__Tropical,0.02676473592400777,-0.006582765248482161,0.026581007050066132,NA,NA,NA
Coloradisaurus__Temperate_S,-0.024270052717905437,-0.03450698727109811,0.028059604018818643,NA,NA,NA
Coloradisaurus__Antarctic,0.0088732260236372,0.0007332651008535718,0.003967928780914279,NA,NA,NA
Coloradisaurus__mean_z_trans,-0.0034655454279011602,-0.010658136967713104,0.017910240197003748,NA,NA,NA
Coloradisaurus__Mod_R_deltaTMyr_z_trans,-0.056374627303902865,-0.025817981099759364,0.008612398908928561,NA,NA,NA
Coloradisaurus__time,0.10426563583338806,-0.008005113097493464,0.07613492518450428,NA,NA,NA
Coloradisuchus__lat_range_z_trans,0.2679004091024399,0.005033704075779024,0.029377016474825997,0.2889819994056597,0.041261911392211914,1.7749499157071114
Coloradisuchus__Temperate_N,0.1828247731900774,-0.009322170698514654,0.04275011309385442,NA,NA,NA
Coloradisuchus__Tropical,0.14981279795290903,-0.006252705172374231,0.0365872276212172,NA,NA,NA
Coloradisuchus__Temperate_S,-0.2387539790570736,-0.030477153329214978,0.04268207891736203,NA,NA,NA
Coloradisuchus__Antarctic,0.06260492871515452,0.0009524670284913364,0.007020315642972187,NA,NA,NA
Coloradisuchus__mean_z_trans,-0.08440454667434097,-0.015619964787760236,0.013751369698340645,NA,NA,NA
Coloradisuchus__Mod_R_deltaTMyr_z_trans,-0.3927045531757176,-0.025549500126623298,-0.0036722464437991664,NA,NA,NA
Coloradisuchus__time,0.1338737095380202,-0.008778181018103275,0.03869264185046654,NA,NA,NA
Concavispina__lat_range_z_trans,0.2385830037950795,0.009294030394528316,0.03682430681458344,0.36148537215951365,0.17165971919894218,0.5350561924278736
Concavispina__Temperate_N,-0.2583851754758448,-0.04533255202863976,0.020137998495936654,NA,NA,NA
Concavispina__Tropical,0.16341454208710537,-0.005749349945957936,0.052494634168387164,NA,NA,NA
Concavispina__Temperate_S,0.18043153221059077,-0.0045572276418683715,0.05316650662176265,NA,NA,NA
Concavispina__Antarctic,0.05155973619881081,0.0016199391586036766,0.007994884575348374,NA,NA,NA
Concavispina__mean_z_trans,-0.05894472511403113,-0.012948410969515487,0.015520779444302947,NA,NA,NA
Concavispina__Mod_R_deltaTMyr_z_trans,-0.04748257495372423,-0.015073457735367264,0.020810813528173634,NA,NA,NA
Concavispina__time,-0.12911458163047648,-0.01726647526010348,0.00023859320674499008,NA,NA,NA
Contectopalatus__lat_range_z_trans,0.041488557455107905,0.014064846173261203,0.024979099089308208,1.424940376415034,0.6745333299040794,2.348684698343277
Contectopalatus__Temperate_N,0.04215193846898023,-0.0015949335396315233,0.03841930705541937,NA,NA,NA
Contectopalatus__Tropical,-0.03450915668054787,-0.06400567228533298,0.020916739562153636,NA,NA,NA
Contectopalatus__Temperate_S,0.034979503254404035,-0.004425347085983328,0.03539618504358469,NA,NA,NA
Contectopalatus__Antarctic,0.005625074247789734,0.0012976671145395644,0.00437521481329781,NA,NA,NA
Contectopalatus__mean_z_trans,0.009995364032362723,-0.012486081393527282,0.028300797994163466,NA,NA,NA
Contectopalatus__Mod_R_deltaTMyr_z_trans,0.06162415215186777,0.008162157919831775,0.04873829634541797,NA,NA,NA
Contectopalatus__time,-0.021293675812454685,-0.031026140931477746,0.006062876951894708,NA,NA,NA
Cornualbus__lat_range_z_trans,0.09129635455501339,0.009052031293132812,0.030468830328554845,0.6601012544910191,0.3721710368990898,0.9344987943768501
Cornualbus__Temperate_N,0.08071410289599239,-0.008580052341798042,0.046719508968253894,NA,NA,NA
Cornualbus__Tropical,0.06695346769285343,-0.005565414607935759,0.053176662075737895,NA,NA,NA
Cornualbus__Temperate_S,-0.08372556635945295,-0.053948375162933826,0.033114349127299464,NA,NA,NA
Cornualbus__Antarctic,0.01698965357261711,0.0014239259864570785,0.006546211516384029,NA,NA,NA
Cornualbus__mean_z_trans,-0.005748453104446184,-0.008440550592819385,0.01262963841585651,NA,NA,NA
Cornualbus__Mod_R_deltaTMyr_z_trans,0.02225322393893636,-0.0074332934358239434,0.02365889568610816,NA,NA,NA
Cornualbus__time,-0.048671026074003684,-0.01652177516659925,0.0008744207370450806,NA,NA,NA
Corosaurus__lat_range_z_trans,0.047400251179160545,0.0077491672824701215,0.024731057103375014,1.2390021114214322,0.4523436911404133,2.17443535476923
Corosaurus__Temperate_N,0.04848907967728001,0.0004439671629545851,0.031046727358255373,NA,NA,NA
Corosaurus__Tropical,-0.06121900832699678,-0.04662873822870407,0.009996090724838575,NA,NA,NA
Corosaurus__Temperate_S,0.036436228685209605,-0.0019448924385195964,0.02879420605324142,NA,NA,NA
Corosaurus__Antarctic,0.007267552909871995,0.0007577628003814517,0.0039983188619626,NA,NA,NA
Corosaurus__mean_z_trans,0.00714302574142211,-0.02592210959531987,0.03657196773574317,NA,NA,NA
Corosaurus__Mod_R_deltaTMyr_z_trans,0.08997510522680138,0.003977883218286727,0.06445001514789107,NA,NA,NA
Corosaurus__time,-0.03543047797523901,-0.02844654422986967,0.007600133869932645,NA,NA,NA
Cosesaurus__lat_range_z_trans,0.03889795555732176,0.015847582291295334,0.025686722143962067,1.535087126303697,0.9377260692417622,2.463601525872946
Cosesaurus__Temperate_N,0.03950010122658208,-0.0018736874254974057,0.037242980129703215,NA,NA,NA
Cosesaurus__Tropical,-0.02980238931047582,-0.07519223863662858,0.020276308335487797,NA,NA,NA
Cosesaurus__Temperate_S,0.03267238026431456,0.0011413452908589975,0.039337917374897606,NA,NA,NA
Cosesaurus__Antarctic,0.004998370038900596,0.001720612955575383,0.004241253964309816,NA,NA,NA
Cosesaurus__mean_z_trans,0.010299845003065604,-0.014668331387773141,0.027434280785725365,NA,NA,NA
Cosesaurus__Mod_R_deltaTMyr_z_trans,0.060737655463466086,0.015646710699369605,0.04846643112536638,NA,NA,NA
Cosesaurus__time,-0.017242161125665033,-0.03263549781552052,0.004502622995787615,NA,NA,NA
Crosbysaurus__lat_range_z_trans,-0.15860863329491307,-0.028223747310532784,-0.00881442785172152,0.5865707526972983,0.015310843475162983,1.435415305197239
Crosbysaurus__Temperate_N,0.06491643010520746,-0.00912130415743617,0.02542588252348198,NA,NA,NA
Crosbysaurus__Tropical,-0.044933743413631766,-0.020584164386764733,0.027392911295888344,NA,NA,NA
Crosbysaurus__Temperate_S,0.054068571396067536,-0.005066317772187203,0.02677672299754522,NA,NA,NA
Crosbysaurus__Antarctic,0.02138223881989568,0.0009668423786140613,0.005195430882778726,NA,NA,NA
Crosbysaurus__mean_z_trans,0.0008847769924895833,-0.010267111867160008,0.01446438988948501,NA,NA,NA
Crosbysaurus__Mod_R_deltaTMyr_z_trans,-0.04955786273111007,-0.016722818103189548,0.009839571231720204,NA,NA,NA
Crosbysaurus__time,0.2519099792435045,-0.0009948828096639224,0.1069080358860619,NA,NA,NA
Ctenosauriscus__lat_range_z_trans,0.03204139107643495,0.016743686341453724,0.022108916784358293,1.8773396136373048,1.0066168308258057,2.8588281087577343
Ctenosauriscus__Temperate_N,-0.02955498294309048,-0.05464186299095291,0.012769598796704125,NA,NA,NA
Ctenosauriscus__Tropical,0.032780500875838434,0.004597450147330598,0.032896354040395176,NA,NA,NA
Ctenosauriscus__Temperate_S,0.02585684732379767,-0.0013957997572536123,0.025561433906138176,NA,NA,NA
Ctenosauriscus__Antarctic,0.0033767270116505745,0.0007561735918616049,0.0025968386176020482,NA,NA,NA
Ctenosauriscus__mean_z_trans,0.032488985524524526,-0.02399353576741136,0.04658501700970122,NA,NA,NA
Ctenosauriscus__Mod_R_deltaTMyr_z_trans,0.06352768241525632,0.015933094415777584,0.055842307091105214,NA,NA,NA
Ctenosauriscus__time,-0.020455394166902115,-0.04801271000912595,0.008828050609235602,NA,NA,NA
Cyamodus__lat_range_z_trans,-0.3830100552166139,-0.04863071552977261,-0.037894206899598167,0.05563977144745877,0.0064203254878520966,0.12274876516312361
Cyamodus__Temperate_N,0.016883984360921058,-0.008256227108056041,0.037264264674970855,NA,NA,NA
Cyamodus__Tropical,0.00988843248336747,-0.011975726167436642,0.045807014932626615,NA,NA,NA
Cyamodus__Temperate_S,0.12171642381415465,-0.0014810420935359248,0.06814600482187783,NA,NA,NA
Cyamodus__Antarctic,0.05605943890065084,0.0027732612195049155,0.014945154636117812,NA,NA,NA
Cyamodus__mean_z_trans,0.03511067337899043,-0.0039016506202174963,0.027363212014467796,NA,NA,NA
Cyamodus__Mod_R_deltaTMyr_z_trans,0.0032191370364275957,-0.010155370579158718,0.025432436100742868,NA,NA,NA
Cyamodus__time,7.020812459201097e-05,-0.008386033149647792,0.026124636574034275,NA,NA,NA
Cymatosaurus__lat_range_z_trans,-0.3554717575013637,-0.037550345488236186,-0.03274133689071829,0.08758981806015072,0.027797184884548187,0.15961878083180636
Cymatosaurus__Temperate_N,-0.024324061693623663,-0.010610926725745833,0.020253766116793664,NA,NA,NA
Cymatosaurus__Tropical,-0.044008534389431586,-0.013464814203003975,0.03965786403494339,NA,NA,NA
Cymatosaurus__Temperate_S,0.13712654955998005,-0.003578206164640856,0.05408011241372622,NA,NA,NA
Cymatosaurus__Antarctic,0.0523693242110312,0.0019209131948167769,0.011618314791336933,NA,NA,NA
Cymatosaurus__mean_z_trans,0.0467571139940992,-0.011766094882973022,0.04287492743155868,NA,NA,NA
Cymatosaurus__Mod_R_deltaTMyr_z_trans,0.16939054062590003,-0.00010221591494848428,0.06215278028343944,NA,NA,NA
Cymatosaurus__time,-0.08878230011439882,-0.014861813843588742,0.009292088674159822,NA,NA,NA
Cymbospondylus__lat_range_z_trans,-0.42219529937234235,-0.05263424231090504,-0.05068623713465296,0.04853220272652834,0.00545254722237587,0.1182752507738769
Cymbospondylus__Temperate_N,-0.011692981868608161,-0.007845926433195809,0.035377153884578544,NA,NA,NA
Cymbospondylus__Tropical,-0.018130935248024525,-0.015315612455126602,0.040228263506137035,NA,NA,NA
Cymbospondylus__Temperate_S,0.13397891515703106,-0.0022470276544696807,0.06138049493210264,NA,NA,NA
Cymbospondylus__Antarctic,0.05218844061247045,0.002229128455815283,0.013716551148860775,NA,NA,NA
Cymbospondylus__mean_z_trans,0.03623384982741821,-0.003367580720180268,0.027513809432422907,NA,NA,NA
Cymbospondylus__Mod_R_deltaTMyr_z_trans,0.11437564046972556,-0.003927730599781248,0.0652524790243108,NA,NA,NA
Cymbospondylus__time,-0.02481938669518012,-0.006904512310476953,0.014406002061480117,NA,NA,NA
Czatkowiella__lat_range_z_trans,0.03219133374851235,0.016445007366306053,0.022108916784358293,1.8676502818748122,1.0066168308258057,2.8588281087577343
Czatkowiella__Temperate_N,-0.02966064705259103,-0.05366714480133348,0.012769598796704125,NA,NA,NA
Czatkowiella__Tropical,0.0328436399024515,0.004515439431751343,0.032896354040395176,NA,NA,NA
Czatkowiella__Temperate_S,0.026001247583803483,-0.0013709010561846766,0.025561433906138176,NA,NA,NA
Czatkowiella__Antarctic,0.00341265601923528,0.0007426847370870267,0.0025968386176020482,NA,NA,NA
Czatkowiella__mean_z_trans,0.03275159092123721,-0.023565531770738474,0.04658501700970122,NA,NA,NA
Czatkowiella__Mod_R_deltaTMyr_z_trans,0.06331521584585048,0.014043186733660942,0.055842307091105214,NA,NA,NA
Czatkowiella__time,-0.02079327985098944,-0.04715624466886904,0.008828050609235602,NA,NA,NA
Dactylosaurus__lat_range_z_trans,-0.4153664763271809,-0.02898495244613031,-0.02411365077945485,0.2090874251385685,0.059468477964401245,0.39643445424735546
Dactylosaurus__Temperate_N,-0.27924995255598334,-0.03934382586051026,0.022319946300098998,NA,NA,NA
Dactylosaurus__Tropical,0.2111707223765552,0.0005150603644590763,0.051618824371575805,NA,NA,NA
Dactylosaurus__Temperate_S,0.2228911902429536,-0.001449110508011738,0.04955082155060097,NA,NA,NA
Dactylosaurus__Antarctic,0.05835892913863063,0.0013657866493806139,0.008318480625114524,NA,NA,NA
Dactylosaurus__mean_z_trans,0.1061937855067663,-0.004008930711883017,0.04147958442216309,NA,NA,NA
Dactylosaurus__Mod_R_deltaTMyr_z_trans,0.229078591610305,0.00024002514340288824,0.05212811444601095,NA,NA,NA
Dactylosaurus__time,-0.12771638979611452,-0.018347556659027563,0.005886395919130381,NA,NA,NA
Daemonosaurus__lat_range_z_trans,0.03010830926413691,0.014700648804402274,0.023724843452322442,2.0894681466789917,0.9758232422173023,3.4438777044415474
Daemonosaurus__Temperate_N,0.020703620755708526,-0.009936728114296843,0.022770403106627316,NA,NA,NA
Daemonosaurus__Tropical,-0.006768358669213279,-0.062370506971836194,0.025741762338709843,NA,NA,NA
Daemonosaurus__Temperate_S,0.014614402411388169,-0.009186084107896326,0.021982483220029485,NA,NA,NA
Daemonosaurus__Antarctic,0.0036136922270798067,0.0012244097800399643,0.0031332844276428674,NA,NA,NA
Daemonosaurus__mean_z_trans,0.004515090733272493,-0.018451770800955114,0.01686843227249085,NA,NA,NA
Daemonosaurus__Mod_R_deltaTMyr_z_trans,-0.020461414606356965,-0.04605456694920702,0.003591318003235641,NA,NA,NA
Daemonosaurus__time,0.09373641500149418,0.040061094331428945,0.08937599003418144,NA,NA,NA
Dagasuchus__lat_range_z_trans,0.09240415346684956,0.009052031293132812,0.030800305889851956,0.6541294122691034,0.3721710368990898,0.9543818663805723
Dagasuchus__Temperate_N,0.08167003225728361,-0.008580052341798042,0.04600562412900543,NA,NA,NA
Dagasuchus__Tropical,0.06768874424858164,-0.005565414607935759,0.0523641104523143,NA,NA,NA
Dagasuchus__Temperate_S,-0.08521850215727839,-0.053948375162933826,0.03260835425865427,NA,NA,NA
Dagasuchus__Antarctic,0.017239282177798274,0.0014239259864570785,0.006446183899243709,NA,NA,NA
Dagasuchus__mean_z_trans,-0.006185757478461638,-0.008440550592819385,0.012436654636930314,NA,NA,NA
Dagasuchus__Mod_R_deltaTMyr_z_trans,0.02147643647873896,-0.0074332934358239434,0.02517754343281387,NA,NA,NA
Dagasuchus__time,-0.04901263187600217,-0.01652177516659925,0.0013497401564260061,NA,NA,NA
Dawazisaurus__lat_range_z_trans,0.07944444872148224,0.00987694896198511,0.027470089948160026,0.754771296504041,0.5062590576708317,1.052185658365488
Dawazisaurus__Temperate_N,0.07872550922952468,-0.0016472599299812182,0.03829018217001306,NA,NA,NA
Dawazisaurus__Tropical,-0.09894159611711245,-0.04876033968729957,0.024382146596412108,NA,NA,NA
Dawazisaurus__Temperate_S,0.06984154059270382,-0.002490316616682987,0.039112368326953216,NA,NA,NA
Dawazisaurus__Antarctic,0.014827404443237603,0.001386179074636894,0.005381245998612249,NA,NA,NA
Dawazisaurus__mean_z_trans,-0.011702228459497881,-0.0204128468054193,0.0225860102708109,NA,NA,NA
Dawazisaurus__Mod_R_deltaTMyr_z_trans,0.07601633717347572,0.002378154910677023,0.041125269274139384,NA,NA,NA
Dawazisaurus__time,-0.0681496584663039,-0.030344023936236263,0.00884120427013894,NA,NA,NA
Decuriasuchus__lat_range_z_trans,-0.20495188656612298,-0.013624347007606103,-0.008179758685799557,0.10457819423201727,0.02400410920381546,0.2580878995358944
Decuriasuchus__Temperate_N,0.21641646998468786,-0.008916976166730806,0.048008869136505525,NA,NA,NA
Decuriasuchus__Tropical,0.17710864698514342,-0.007595484976353379,0.054104436697705066,NA,NA,NA
Decuriasuchus__Temperate_S,-0.3011788838519715,-0.03740716586822419,0.039821167092735144,NA,NA,NA
Decuriasuchus__Antarctic,0.06157372858375311,0.0012919756780173086,0.00942844762912415,NA,NA,NA
Decuriasuchus__mean_z_trans,7.509077986469492e-05,-0.00515201598600147,0.01949176117408833,NA,NA,NA
Decuriasuchus__Mod_R_deltaTMyr_z_trans,0.09083267151145265,-0.0044920478548345815,0.03982294947332263,NA,NA,NA
Decuriasuchus__time,-0.1425701619189931,-0.014117441846587085,0.004690644337558594,NA,NA,NA
Delorhynchus__lat_range_z_trans,0.11025814444244768,0.0059064500710625505,0.02303659545569666,0.5604948089789832,0.18921979516744614,1.2213349863886833
Delorhynchus__Temperate_N,0.08173024372528613,-0.006516911344518406,0.0329813387740669,NA,NA,NA
Delorhynchus__Tropical,-0.09148788466825812,-0.0288889866812274,0.026989924327131185,NA,NA,NA
Delorhynchus__Temperate_S,0.07649380610263451,-0.001850316823949444,0.029827405784573623,NA,NA,NA
Delorhynchus__Antarctic,0.02370542684702099,0.0011748151914197467,0.0060444680469214805,NA,NA,NA
Delorhynchus__mean_z_trans,0.1200256814396084,-0.010407333968359564,0.06004411013032026,NA,NA,NA
Delorhynchus__Mod_R_deltaTMyr_z_trans,-0.013212857467149458,-0.009279849069981897,0.016464859746800852,NA,NA,NA
Delorhynchus__time,-0.16745080330408024,-0.040151371402765895,0.011799814589728902,NA,NA,NA
Deltadectes__lat_range_z_trans,-0.7524210846424103,-0.04515013937727535,-0.05432127349116908,0.17674797100189607,0.08858533576130867,0.27700167894363403
Deltadectes__Temperate_N,-0.0506125680351397,-0.016356065479733242,0.027942665219805585,NA,NA,NA
Deltadectes__Tropical,0.07898893190314993,-0.00790468555471545,0.03857258593650164,NA,NA,NA
Deltadectes__Temperate_S,0.0992922042356804,-0.007919075614313303,0.041222472648775904,NA,NA,NA
Deltadectes__Antarctic,0.05499326908960939,0.0011717924584110121,0.008397067331783326,NA,NA,NA
Deltadectes__mean_z_trans,-0.005138088264502585,-0.007892463240876212,0.02048350453732969,NA,NA,NA
Deltadectes__Mod_R_deltaTMyr_z_trans,-0.09888207492069341,-0.016736730936357844,0.008702954437647575,NA,NA,NA
Deltadectes__time,0.652314070686698,0.01077386371654007,0.11618854023456522,NA,NA,NA
Deltavjatia__lat_range_z_trans,0.12025294037979402,0.005268069643374473,0.025298207705796463,0.525062094401801,0.10486920224502683,1.277450155466795
Deltavjatia__Temperate_N,-0.08707067547079543,-0.023098781079157,0.023988936340434804,NA,NA,NA
Deltavjatia__Tropical,0.07779833255480213,-0.008390503380617535,0.03472928665976964,NA,NA,NA
Deltavjatia__Temperate_S,0.09146708370078721,-0.003911442358544859,0.030146222516888883,NA,NA,NA
Deltavjatia__Antarctic,0.024541160649688403,0.0007497011270034975,0.005689163247549356,NA,NA,NA
Deltavjatia__mean_z_trans,0.025231020022826275,-0.02490086143720545,0.05512978364121569,NA,NA,NA
Deltavjatia__Mod_R_deltaTMyr_z_trans,0.008155872284916557,-0.010480306521037186,0.028430006601188832,NA,NA,NA
Deltavjatia__time,-0.12031397700450934,-0.025249380022136267,0.003776910142396199,NA,NA,NA
Desmatosuchus__lat_range_z_trans,-0.7769092914462089,-0.05166733436768312,-0.03355480893124484,0.15418922317112446,0.00380921084433794,0.3107701607514173
Desmatosuchus__Temperate_N,0.12905206644907594,-0.0038602041652963707,0.035931362079506556,NA,NA,NA
Desmatosuchus__Tropical,-0.006498646036488935,-0.014516059171188167,0.02847922247347035,NA,NA,NA
Desmatosuchus__Temperate_S,0.10481911521404981,-0.004429063107157214,0.034015580556089504,NA,NA,NA
Desmatosuchus__Antarctic,0.05592501694336534,0.0012248897931540375,0.007362536519651534,NA,NA,NA
Desmatosuchus__mean_z_trans,0.027021290918492015,-0.006876141585613286,0.016988713360205347,NA,NA,NA
Desmatosuchus__Mod_R_deltaTMyr_z_trans,-0.1009953963663429,-0.009411329250412225,0.010713378131619973,NA,NA,NA
Desmatosuchus__time,0.5241599990893155,-0.0004782621741239707,0.10725253266594145,NA,NA,NA
Diandongosaurus__lat_range_z_trans,0.08308781706097326,0.00987694896198511,0.027813098272972833,0.7276380905146652,0.5062590576708317,1.0283975303173065
Diandongosaurus__Temperate_N,0.0825239372794867,-0.0016472599299812182,0.039771536727388694,NA,NA,NA
Diandongosaurus__Tropical,-0.10576094628776739,-0.04876033968729957,0.025325432888935476,NA,NA,NA
Diandongosaurus__Temperate_S,0.07307953937912716,-0.002490316616682987,0.040625531278584766,NA,NA,NA
Diandongosaurus__Antarctic,0.01573969314779924,0.001386179074636894,0.0055894333937259386,NA,NA,NA
Diandongosaurus__mean_z_trans,-0.013705627916870322,-0.0204128468054193,0.020831006843535137,NA,NA,NA
Diandongosaurus__Mod_R_deltaTMyr_z_trans,0.07770956851863789,0.002378154910677023,0.03804922836596093,NA,NA,NA
Diandongosaurus__time,-0.07261222406387673,-0.030344023936236263,0.009183249084136095,NA,NA,NA
Diandongosuchus__lat_range_z_trans,0.03889795555732176,0.015847582291295334,0.025686722143962067,1.535087126303697,0.9377260692417622,2.463601525872946
Diandongosuchus__Temperate_N,0.03950010122658208,-0.0018736874254974057,0.037242980129703215,NA,NA,NA
Diandongosuchus__Tropical,-0.02980238931047582,-0.07519223863662858,0.020276308335487797,NA,NA,NA
Diandongosuchus__Temperate_S,0.03267238026431456,0.0011413452908589975,0.039337917374897606,NA,NA,NA
Diandongosuchus__Antarctic,0.004998370038900596,0.001720612955575383,0.004241253964309816,NA,NA,NA
Diandongosuchus__mean_z_trans,0.010299845003065604,-0.014668331387773141,0.027434280785725365,NA,NA,NA
Diandongosuchus__Mod_R_deltaTMyr_z_trans,0.060737655463466086,0.015646710699369605,0.04846643112536638,NA,NA,NA
Diandongosuchus__time,-0.017242161125665033,-0.03263549781552052,0.004502622995787615,NA,NA,NA
Dianmeisaurus__lat_range_z_trans,0.061817422727182214,0.009276578279909927,0.02784744779262005,0.9417156126016926,0.50708844861947,1.960667923092842
Dianmeisaurus__Temperate_N,0.06175370956548981,-7.185663378646283e-05,0.03990713890251459,NA,NA,NA
Dianmeisaurus__Tropical,-0.06863742933101621,-0.04879092770911668,0.022961548079123,NA,NA,NA
Dianmeisaurus__Temperate_S,0.05347636304486538,-0.0024918788260418863,0.03661091790843038,NA,NA,NA
Dianmeisaurus__Antarctic,0.01055867135905876,0.0015203049557595057,0.004841705507671886,NA,NA,NA
Dianmeisaurus__mean_z_trans,-0.00186337464480177,-0.021709179025659137,0.022386268292221786,NA,NA,NA
Dianmeisaurus__Mod_R_deltaTMyr_z_trans,0.06929061619047772,0.0023796467594778873,0.048681746234737734,NA,NA,NA
Dianmeisaurus__time,-0.04633422179374606,-0.03012619182886346,0.00395174413792043,NA,NA,NA
Dianopachysaurus__lat_range_z_trans,0.08308781706097326,0.00987694896198511,0.027813098272972833,0.7276380905146652,0.5062590576708317,1.0283975303173065
Dianopachysaurus__Temperate_N,0.0825239372794867,-0.0016472599299812182,0.039771536727388694,NA,NA,NA
Dianopachysaurus__Tropical,-0.10576094628776739,-0.04876033968729957,0.025325432888935476,NA,NA,NA
Dianopachysaurus__Temperate_S,0.07307953937912716,-0.002490316616682987,0.040625531278584766,NA,NA,NA
Dianopachysaurus__Antarctic,0.01573969314779924,0.001386179074636894,0.0055894333937259386,NA,NA,NA
Dianopachysaurus__mean_z_trans,-0.013705627916870322,-0.0204128468054193,0.020831006843535137,NA,NA,NA
Dianopachysaurus__Mod_R_deltaTMyr_z_trans,0.07770956851863789,0.002378154910677023,0.03804922836596093,NA,NA,NA
Dianopachysaurus__time,-0.07261222406387673,-0.030344023936236263,0.009183249084136095,NA,NA,NA
Dimetropus__lat_range_z_trans,0.09796379509790394,0.006341274108614211,0.02423373407111283,0.615378681619186,0.16810429841279984,1.2866207286715508
Dimetropus__Temperate_N,0.07215484362430587,-0.006432920827776053,0.030182199348217222,NA,NA,NA
Dimetropus__Tropical,-0.08187442510868445,-0.030938168506981632,0.023749166627283037,NA,NA,NA
Dimetropus__Temperate_S,0.06814479398712493,-0.00250530504942021,0.027419199249832285,NA,NA,NA
Dimetropus__Antarctic,0.020669060953937654,0.0009384770740696741,0.0052135153699729795,NA,NA,NA
Dimetropus__mean_z_trans,0.1131020116164395,-0.007570625240009153,0.06252464631147443,NA,NA,NA
Dimetropus__Mod_R_deltaTMyr_z_trans,-0.007545123187107092,-0.012358838334674,0.015135519102085705,NA,NA,NA
Dimetropus__time,-0.1425531998664105,-0.037487397252143145,0.01873053677526137,NA,NA,NA
Dimorphodon__lat_range_z_trans,0.038841154226784504,0.010200368541915644,0.026176172363934134,1.5910630645614583,0.9984516687691212,2.2921414375305176
Dimorphodon__Temperate_N,-0.019298473823853725,-0.031125125573532218,0.022251737870423834,NA,NA,NA
Dimorphodon__Tropical,0.01828077837012913,-0.015556928982473463,0.026256712393214643,NA,NA,NA
Dimorphodon__Temperate_S,0.017502496850406318,-0.013292108721473144,0.024467973410247618,NA,NA,NA
Dimorphodon__Antarctic,0.005378152643551295,0.0006993754527665911,0.003903305214537218,NA,NA,NA
Dimorphodon__mean_z_trans,-0.0012503734400442106,-0.01496211585166638,0.014665896002218064,NA,NA,NA
Dimorphodon__Mod_R_deltaTMyr_z_trans,-0.027629862934573996,-0.03401690555971739,0.013763568312119619,NA,NA,NA
Dimorphodon__time,0.10823788522511053,0.008039936665860043,0.07570315128854473,NA,NA,NA
Dinocephalosaurus__lat_range_z_trans,0.07976024835569985,0.009639790597024831,0.027650884621158552,0.7518547428432794,0.5062590576708317,1.052185658365488
Dinocephalosaurus__Temperate_N,0.079245611334903,0.0009586855451523176,0.045135941242121766,NA,NA,NA
Dinocephalosaurus__Tropical,-0.10010860004437439,-0.0473718458746724,0.02454261793921511,NA,NA,NA
Dinocephalosaurus__Temperate_S,0.07020105320903657,-0.0024194026477500023,0.03936978677207713,NA,NA,NA
Dinocephalosaurus__Antarctic,0.014911238541602966,0.0011569878633198754,0.005416662723219986,NA,NA,NA
Dinocephalosaurus__mean_z_trans,-0.011593218057230776,-0.01983157293265312,0.021644366379721402,NA,NA,NA
Dinocephalosaurus__Mod_R_deltaTMyr_z_trans,0.07612945834866242,-0.0026661955705423778,0.0345288644328514,NA,NA,NA
Dinocephalosaurus__time,-0.06848403457078978,-0.029479951008199442,0.008899392744874533,NA,NA,NA
Diphydontosaurus__lat_range_z_trans,-0.7892140612006188,-0.06809377822384574,-0.035245167486964636,0.15979379614751452,0.07733289897441864,0.24018712807446718
Diphydontosaurus__Temperate_N,-0.014324109847948421,-0.007210514842290617,0.021878182088739293,NA,NA,NA
Diphydontosaurus__Tropical,0.0011642102591031289,-0.00902010428402644,0.034460876277931,NA,NA,NA
Diphydontosaurus__Temperate_S,0.10620634857099504,-0.0037249866374302583,0.03513846165926036,NA,NA,NA
Diphydontosaurus__Antarctic,0.05643872633576393,0.001175251232267232,0.008390175300530461,NA,NA,NA
Diphydontosaurus__mean_z_trans,0.041209990088827905,-0.0026600756608052343,0.022713369835738562,NA,NA,NA
Diphydontosaurus__Mod_R_deltaTMyr_z_trans,-0.050816966623533515,-0.00780784910446458,0.012129357821843238,NA,NA,NA
Diphydontosaurus__time,0.6118794396519661,0.007328553492275318,0.10772326135816158,NA,NA,NA
Dolabrosaurus__lat_range_z_trans,0.27296929121017455,0.0066972315793888855,0.03355434286506275,0.2857872778188903,0.1146932328119874,0.4918280690908432
Dolabrosaurus__Temperate_N,0.19210324924439193,-0.0058323458448279715,0.04261036141423258,NA,NA,NA
Dolabrosaurus__Tropical,-0.20153592724585906,-0.02701625942627661,0.047965424428093095,NA,NA,NA
Dolabrosaurus__Temperate_S,0.17941223977482879,-0.004050441558191364,0.045611927914117785,NA,NA,NA
Dolabrosaurus__Antarctic,0.06394848367897793,0.001492862868258011,0.007813366565926804,NA,NA,NA
Dolabrosaurus__mean_z_trans,-0.060183281579520555,-0.017444138504181014,0.015547783249645397,NA,NA,NA
Dolabrosaurus__Mod_R_deltaTMyr_z_trans,-0.4442387598380446,-0.03200017215697029,-0.016021014732508623,NA,NA,NA
Dolabrosaurus__time,0.07484182667918503,-0.011860240985519955,0.030106325150670066,NA,NA,NA
Dolerosaurus__lat_range_z_trans,0.23091903632805194,0.008372353302409145,0.03268540579284071,0.3663246049702866,0.19339076873438898,0.5828943178057671
Dolerosaurus__Temperate_N,-0.24700569203239117,-0.043869945138801124,0.02552773965736657,NA,NA,NA
Dolerosaurus__Tropical,0.15655505517181229,-0.0058030030121065486,0.05011705028116045,NA,NA,NA
Dolerosaurus__Temperate_S,0.17726570271463254,-0.004599755795211229,0.05075849232684335,NA,NA,NA
Dolerosaurus__Antarctic,0.05013124794954791,0.0015978224496051342,0.007632780732780159,NA,NA,NA
Dolerosaurus__mean_z_trans,-0.050451785530901405,-0.013069245838987166,0.013120506129203702,NA,NA,NA
Dolerosaurus__Mod_R_deltaTMyr_z_trans,-0.061908668932713316,-0.015214123590214481,0.023079777864233913,NA,NA,NA
Dolerosaurus__time,-0.11544313855052896,-0.017427606405014045,0.004266764070810993,NA,NA,NA
Dolichobrachium__lat_range_z_trans,0.20152151400602786,0.010261703135778826,0.03501024435054053,0.4095366287580691,0.20777822588570416,0.631789181381464
Dolichobrachium__Temperate_N,0.1595869005183052,-0.002649548040149647,0.05288561059588087,NA,NA,NA
Dolichobrachium__Tropical,-0.2056030214698167,-0.0498598557793883,0.03616233258088163,NA,NA,NA
Dolichobrachium__Temperate_S,0.1447785370715978,-0.005309579750381133,0.052003359163055325,NA,NA,NA
Dolichobrachium__Antarctic,0.04389055934506244,0.001964667671058334,0.007505670882709656,NA,NA,NA
Dolichobrachium__mean_z_trans,-0.021195337184476616,-0.010949515663591059,0.011035322236906377,NA,NA,NA
Dolichobrachium__Mod_R_deltaTMyr_z_trans,-0.06513360175104231,-0.015208797589799724,0.010965237289215507,NA,NA,NA
Dolichobrachium__time,-0.1177837934181478,-0.01826257801184761,0.0016207397560499587,NA,NA,NA
Doliovertebra__lat_range_z_trans,0.0508531562309776,0.011612804026530593,0.027069901966949545,1.083160015824251,0.5981970988214016,1.47257000207901
Doliovertebra__Temperate_N,-0.048882761295379176,-0.0551596201032275,0.019378123135285873,NA,NA,NA
Doliovertebra__Tropical,0.04968980200307156,0.003256115827485746,0.04260156465632714,NA,NA,NA
Doliovertebra__Temperate_S,0.04734098938993408,-0.0021813050146976885,0.035934709846827916,NA,NA,NA
Doliovertebra__Antarctic,0.007871310126714784,0.00119242251636206,0.004941027000037482,NA,NA,NA
Doliovertebra__mean_z_trans,0.02777916669982753,-0.0136758077062216,0.03567548255300077,NA,NA,NA
Doliovertebra__Mod_R_deltaTMyr_z_trans,0.04683009495291621,-0.0004483014264390347,0.035330347162227535,NA,NA,NA
Doliovertebra__time,-0.04142000099055277,-0.034609812148112894,0.006257360534583619,NA,NA,NA
Dongusuchus__lat_range_z_trans,-0.3602450379729271,-0.023002777949888854,-0.0158130393533868,0.23319098748106626,0.10369733395054936,0.4608014142140746
Dongusuchus__Temperate_N,-0.3162619360536337,-0.03863936771757204,0.027260480939057037,NA,NA,NA
Dongusuchus__Tropical,0.22538603903318288,-0.0017182208838906231,0.0462104738416704,NA,NA,NA
Dongusuchus__Temperate_S,0.23278479112603237,-0.0013342796854709756,0.04662048561352306,NA,NA,NA
Dongusuchus__Antarctic,0.05974030747078359,0.0014195551196282796,0.008816904466458267,NA,NA,NA
Dongusuchus__mean_z_trans,0.11916043270917726,-0.006265154160722737,0.040869826774693384,NA,NA,NA
Dongusuchus__Mod_R_deltaTMyr_z_trans,0.22711165791843085,-0.0015833115305704522,0.0479424519792413,NA,NA,NA
Dongusuchus__time,-0.1598300287325401,-0.01888994721983292,0.005280932593983212,NA,NA,NA
Dorosuchus__lat_range_z_trans,0.048762037025582,0.012177733339140089,0.026653491963044514,1.1408901484152012,0.6785317342728376,1.7995235100388527
Dorosuchus__Temperate_N,-0.04636133429564151,-0.05718606593806303,0.018735406194208108,NA,NA,NA
Dorosuchus__Tropical,0.045677200825176595,-9.985599837376928e-06,0.038406778721722545,NA,NA,NA
Dorosuchus__Temperate_S,0.04429281453671784,-0.0011284409813601172,0.034948991189387886,NA,NA,NA
Dorosuchus__Antarctic,0.00742048621571724,0.0012362295555897397,0.004634764695380236,NA,NA,NA
Dorosuchus__mean_z_trans,0.02308495629223175,-0.009147885701354202,0.03449222879525239,NA,NA,NA
Dorosuchus__Mod_R_deltaTMyr_z_trans,0.05366675064888477,-0.0004647710568798915,0.04303163397170829,NA,NA,NA
Dorosuchus__time,-0.03648115413115884,-0.03549031764555552,0.006285221324535898,NA,NA,NA
Doswellia__lat_range_z_trans,-0.6210361620783806,-0.041194571570469574,-0.024161001505519177,0.20556790395945426,0.0029266243800520897,0.5662252670153975
Doswellia__Temperate_N,0.12717943963129075,-0.0037086749038596637,0.03510478358056644,NA,NA,NA
Doswellia__Tropical,-0.03284064058563672,-0.016062764522423913,0.023684990052117397,NA,NA,NA
Doswellia__Temperate_S,0.11898060871753842,-0.0044372836968806515,0.031577149553979014,NA,NA,NA
Doswellia__Antarctic,0.05556501140818,0.000616970826068205,0.006876638996066472,NA,NA,NA
Doswellia__mean_z_trans,0.0039383555932727176,-0.008297635397753618,0.016184283556923598,NA,NA,NA
Doswellia__Mod_R_deltaTMyr_z_trans,-0.11517149295308628,-0.013794703855542767,0.006155796447882624,NA,NA,NA
Doswellia__time,0.4697830376261845,-0.0031348409074583375,0.11176587617322348,NA,NA,NA
Dracoraptor__lat_range_z_trans,0.038841154226784504,0.010200368541915644,0.026176172363934134,1.5910630645614583,0.9984516687691212,2.2921414375305176
Dracoraptor__Temperate_N,-0.019298473823853725,-0.031125125573532218,0.022251737870423834,NA,NA,NA
Dracoraptor__Tropical,0.01828077837012913,-0.015556928982473463,0.026256712393214643,NA,NA,NA
Dracoraptor__Temperate_S,0.017502496850406318,-0.013292108721473144,0.024467973410247618,NA,NA,NA
Dracoraptor__Antarctic,0.005378152643551295,0.0006993754527665911,0.003903305214537218,NA,NA,NA
Dracoraptor__mean_z_trans,-0.0012503734400442106,-0.01496211585166638,0.014665896002218064,NA,NA,NA
Dracoraptor__Mod_R_deltaTMyr_z_trans,-0.027629862934573996,-0.03401690555971739,0.013763568312119619,NA,NA,NA
Dracoraptor__time,0.10823788522511053,0.008039936665860043,0.07570315128854473,NA,NA,NA
Drepanosaurus__lat_range_z_trans,-0.7766731509566307,-0.0642647571189282,-0.02898296253801548,0.16452649452287005,0.08368057198822498,0.27595973014831543
Drepanosaurus__Temperate_N,-0.013733119000680744,-0.007116599049707428,0.021936065395230714,NA,NA,NA
Drepanosaurus__Tropical,0.00367119369097054,-0.009114861767158658,0.03349455152480406,NA,NA,NA
Drepanosaurus__Temperate_S,0.09847047738730907,-0.003703319584097316,0.035385967539002326,NA,NA,NA
Drepanosaurus__Antarctic,0.05678379466757178,0.0012052410162172091,0.008286638215099755,NA,NA,NA
Drepanosaurus__mean_z_trans,0.04016495764866704,-0.0031468319057242618,0.023171191068469172,NA,NA,NA
Drepanosaurus__Mod_R_deltaTMyr_z_trans,-0.058824388670036566,-0.00935892528470559,0.00943744794640432,NA,NA,NA
Drepanosaurus__time,0.6169223362207412,0.005486549665783935,0.10445961770424501,NA,NA,NA
Dromomeron__lat_range_z_trans,-0.8643634624779224,-0.06478371804688801,-0.018031337877405382,0.2331926145136822,0.015759974718093872,0.5340790385380387
Dromomeron__Temperate_N,0.13136092422530055,-0.0020013915881874123,0.030128287334168953,NA,NA,NA
Dromomeron__Tropical,-0.005273316369857639,-0.009424334629222882,0.023275326204911937,NA,NA,NA
Dromomeron__Temperate_S,0.04516540599986911,-0.008894289645026603,0.03552332696584347,NA,NA,NA
Dromomeron__Antarctic,0.05720815835520625,0.0012205699307043913,0.007746043880387941,NA,NA,NA
Dromomeron__mean_z_trans,0.053431047482881695,-0.002696538770686531,0.016824637554243505,NA,NA,NA
Dromomeron__Mod_R_deltaTMyr_z_trans,-0.03694307797937654,-0.008243127039230911,0.012407039677014843,NA,NA,NA
Dromomeron__time,0.6547266524285078,0.004809325760217644,0.0993151931160746,NA,NA,NA
Dynamosuchus__lat_range_z_trans,0.09129635455501339,0.009052031293132812,0.030468830328554845,0.6601012544910191,0.3721710368990898,0.9344987943768501
Dynamosuchus__Temperate_N,0.08071410289599239,-0.008580052341798042,0.046719508968253894,NA,NA,NA
Dynamosuchus__Tropical,0.06695346769285343,-0.005565414607935759,0.053176662075737895,NA,NA,NA
Dynamosuchus__Temperate_S,-0.08372556635945295,-0.053948375162933826,0.033114349127299464,NA,NA,NA
Dynamosuchus__Antarctic,0.01698965357261711,0.0014239259864570785,0.006546211516384029,NA,NA,NA
Dynamosuchus__mean_z_trans,-0.005748453104446184,-0.008440550592819385,0.01262963841585651,NA,NA,NA
Dynamosuchus__Mod_R_deltaTMyr_z_trans,0.02225322393893636,-0.0074332934358239434,0.02365889568610816,NA,NA,NA
Dynamosuchus__time,-0.048671026074003684,-0.01652177516659925,0.0008744207370450806,NA,NA,NA
Dyoplax__lat_range_z_trans,0.24548934225254443,0.007910281946875585,0.03583615667939514,0.35696217556658666,0.17165971919894218,0.5828943178057671
Dyoplax__Temperate_N,-0.27409183561514333,-0.04417913418225024,0.021079215223922733,NA,NA,NA
Dyoplax__Tropical,0.17123295486342988,-0.009078752497652293,0.04513596408523549,NA,NA,NA
Dyoplax__Temperate_S,0.18695539244646886,-0.004441275914975304,0.05565142116831417,NA,NA,NA
Dyoplax__Antarctic,0.05339371896412526,0.0015787222702533742,0.0083685522515156,NA,NA,NA
Dyoplax__mean_z_trans,-0.05690811914913569,-0.012618958343835168,0.014385273853999278,NA,NA,NA
Dyoplax__Mod_R_deltaTMyr_z_trans,-0.048558787405881446,-0.014040700444756447,0.024881467395661837,NA,NA,NA
Dyoplax__time,-0.13745090923889808,-0.015143686861979824,0.0018504661971956138,NA,NA,NA
Ebrachosuchus__lat_range_z_trans,0.24359832816324192,0.008545080045498142,0.03501876526826788,0.35870094958052506,0.19339076873438898,0.5350561924278736
Ebrachosuchus__Temperate_N,-0.2640097140700535,-0.04411018005598484,0.019488434545164406,NA,NA,NA
Ebrachosuchus__Tropical,0.16750395873246654,-0.005594321298321155,0.05080138635273946,NA,NA,NA
Ebrachosuchus__Temperate_S,0.18414479887596652,-0.004597969431898594,0.05283300829990434,NA,NA,NA
Ebrachosuchus__Antarctic,0.05284010006074295,0.0015762582243462732,0.007691591572388994,NA,NA,NA
Ebrachosuchus__mean_z_trans,-0.05925724299982245,-0.012599262863987395,0.015020146830940682,NA,NA,NA
Ebrachosuchus__Mod_R_deltaTMyr_z_trans,-0.051435009848371425,-0.016432216164042016,0.023003742956127015,NA,NA,NA
Ebrachosuchus__time,-0.13332346179666074,-0.016800892483930723,0.0033314410297070845,NA,NA,NA
Effigia__lat_range_z_trans,0.03010830926413691,0.014700648804402274,0.023724843452322442,2.0894681466789917,0.9758232422173023,3.4438777044415474
Effigia__Temperate_N,0.020703620755708526,-0.009936728114296843,0.022770403106627316,NA,NA,NA
Effigia__Tropical,-0.006768358669213279,-0.062370506971836194,0.025741762338709843,NA,NA,NA
Effigia__Temperate_S,0.014614402411388169,-0.009186084107896326,0.021982483220029485,NA,NA,NA
Effigia__Antarctic,0.0036136922270798067,0.0012244097800399643,0.0031332844276428674,NA,NA,NA
Effigia__mean_z_trans,0.004515090733272493,-0.018451770800955114,0.01686843227249085,NA,NA,NA
Effigia__Mod_R_deltaTMyr_z_trans,-0.020461414606356965,-0.04605456694920702,0.003591318003235641,NA,NA,NA
Effigia__time,0.09373641500149418,0.040061094331428945,0.08937599003418144,NA,NA,NA
Efraasia__lat_range_z_trans,0.11243029078076859,0.007101201417721523,0.030129498343643566,0.5609538215724751,0.25637080892920494,1.000110836699605
Efraasia__Temperate_N,-0.06929567237322914,-0.026920957777045555,0.025853070095321957,NA,NA,NA
Efraasia__Tropical,0.06848820857637054,-0.007571293408240736,0.0398438517012445,NA,NA,NA
Efraasia__Temperate_S,0.07361479851229176,-0.008915287234022781,0.0315448931462182,NA,NA,NA
Efraasia__Antarctic,0.022096735580701982,0.001046899750784161,0.0060858366727844886,NA,NA,NA
Efraasia__mean_z_trans,-0.03481904489867878,-0.015739156068062286,0.01793314509259,NA,NA,NA
Efraasia__Mod_R_deltaTMyr_z_trans,-0.11800587344802503,-0.024519888543304575,0.010982164146147966,NA,NA,NA
Efraasia__time,0.08555231438730991,-0.014495022166150066,0.04481605765728919,NA,NA,NA
Eifelosaurus__lat_range_z_trans,0.0508531562309776,0.011612804026530593,0.027069901966949545,1.083160015824251,0.5981970988214016,1.47257000207901
Eifelosaurus__Temperate_N,-0.048882761295379176,-0.0551596201032275,0.019378123135285873,NA,NA,NA
Eifelosaurus__Tropical,0.04968980200307156,0.003256115827485746,0.04260156465632714,NA,NA,NA
Eifelosaurus__Temperate_S,0.04734098938993408,-0.0021813050146976885,0.035934709846827916,NA,NA,NA
Eifelosaurus__Antarctic,0.007871310126714784,0.00119242251636206,0.004941027000037482,NA,NA,NA
Eifelosaurus__mean_z_trans,0.02777916669982753,-0.0136758077062216,0.03567548255300077,NA,NA,NA
Eifelosaurus__Mod_R_deltaTMyr_z_trans,0.04683009495291621,-0.0004483014264390347,0.035330347162227535,NA,NA,NA
Eifelosaurus__time,-0.04142000099055277,-0.034609812148112894,0.006257360534583619,NA,NA,NA
Elachistosuchus__lat_range_z_trans,0.038841154226784504,0.010200368541915644,0.026176172363934134,1.5910630645614583,0.9984516687691212,2.2921414375305176
Elachistosuchus__Temperate_N,-0.019298473823853725,-0.031125125573532218,0.022251737870423834,NA,NA,NA
Elachistosuchus__Tropical,0.01828077837012913,-0.015556928982473463,0.026256712393214643,NA,NA,NA
Elachistosuchus__Temperate_S,0.017502496850406318,-0.013292108721473144,0.024467973410247618,NA,NA,NA
Elachistosuchus__Antarctic,0.005378152643551295,0.0006993754527665911,0.003903305214537218,NA,NA,NA
Elachistosuchus__mean_z_trans,-0.0012503734400442106,-0.01496211585166638,0.014665896002218064,NA,NA,NA
Elachistosuchus__Mod_R_deltaTMyr_z_trans,-0.027629862934573996,-0.03401690555971739,0.013763568312119619,NA,NA,NA
Elachistosuchus__time,0.10823788522511053,0.008039936665860043,0.07570315128854473,NA,NA,NA
Elessaurus__lat_range_z_trans,0.028961142993442896,0.012294932297402436,0.019690255089525252,2.003444532288995,0.19268503598868847,3.1604296378791332
Elessaurus__Temperate_N,0.03012478896325396,0.002145501286006348,0.03284163573154174,NA,NA,NA
Elessaurus__Tropical,0.026823481495245095,-0.006950408240198438,0.02620864252271959,NA,NA,NA
Elessaurus__Temperate_S,-0.026998469336776017,-0.060366301016447604,0.01675853859020676,NA,NA,NA
Elessaurus__Antarctic,0.0029985589112033625,0.0005428966712622833,0.002974150551166828,NA,NA,NA
Elessaurus__mean_z_trans,0.02858029135931349,-0.009473006096116949,0.03864818885814638,NA,NA,NA
Elessaurus__Mod_R_deltaTMyr_z_trans,0.07179974502238924,0.010368689018716463,0.06507322870405782,NA,NA,NA
Elessaurus__time,-0.022227782290562176,-0.03857580794894486,0.004993876807875484,NA,NA,NA
Elginia__lat_range_z_trans,-0.7634384253621102,-0.051998779969265156,-0.043191200350806785,0.14794014980623615,0.028958190232515335,0.33895341865718365
Elginia__Temperate_N,-0.0801622176473029,-0.016078440305079385,0.013559729206849046,NA,NA,NA
Elginia__Tropical,0.1721267127781175,-0.0007048557616900574,0.03838994543218016,NA,NA,NA
Elginia__Temperate_S,0.16631448052998166,-3.640846056071618e-05,0.03773475237059972,NA,NA,NA
Elginia__Antarctic,0.05565760102123022,0.001616661692970615,0.009257929284024849,NA,NA,NA
Elginia__mean_z_trans,0.18306494623422623,-0.005762228756958946,0.07240974303539845,NA,NA,NA
Elginia__Mod_R_deltaTMyr_z_trans,0.31393352290047916,-0.005382795546327433,0.06845113250921298,NA,NA,NA
Elginia__time,-0.09626446001697332,-0.011666656921409228,0.010576485367781455,NA,NA,NA
Elorhynchus__lat_range_z_trans,0.12036103233342099,0.008156486429180036,0.031329283966462,0.5631108453474007,0.32663774862885475,0.8028032928705215
Elorhynchus__Temperate_N,0.10383958027911862,-0.00495540671167692,0.045458532044562426,NA,NA,NA
Elorhynchus__Tropical,0.0788554253562645,-0.013109101206610962,0.03978055377047094,NA,NA,NA
Elorhynchus__Temperate_S,-0.2019670264930137,-0.05063291785992805,0.020472694607573137,NA,NA,NA
Elorhynchus__Antarctic,0.024244270802441056,0.001327805168714239,0.006726505239215598,NA,NA,NA
Elorhynchus__mean_z_trans,-0.011917681499762633,-0.008947777764230917,0.017472351778862603,NA,NA,NA
Elorhynchus__Mod_R_deltaTMyr_z_trans,0.13048918050434186,0.0016438617536608303,0.04574089113289406,NA,NA,NA
Elorhynchus__time,-0.10384302416530082,-0.023496453837428558,0.0002077043151990942,NA,NA,NA
Embrithosaurus__lat_range_z_trans,0.1003207042191634,0.006996229515025801,0.02715563830109605,0.5999493259477459,0.07437172112986445,1.2485888018272817
Embrithosaurus__Temperate_N,0.08148665261348374,-0.0045586313144756465,0.03577006499046331,NA,NA,NA
Embrithosaurus__Tropical,0.06969619638853966,-0.0050751792877397495,0.027337579740779328,NA,NA,NA
Embrithosaurus__Temperate_S,-0.09646422421926591,-0.03479532274397606,0.026935421762499117,NA,NA,NA
Embrithosaurus__Antarctic,0.019300224003987697,0.0008820546204481945,0.005134885781307364,NA,NA,NA
Embrithosaurus__mean_z_trans,0.06387198298491276,-0.013457087477373392,0.059229954905820975,NA,NA,NA
Embrithosaurus__Mod_R_deltaTMyr_z_trans,0.018166217654267947,-0.010794333000520392,0.023886337789759113,NA,NA,NA
Embrithosaurus__time,-0.11631599652757943,-0.029211234339709066,0.0017386335835146154,NA,NA,NA
Emeroleter__lat_range_z_trans,0.10626627327536058,0.006151583085281431,0.026769431212651757,0.5673571953625651,0.05868672579526901,1.4761921614408493
Emeroleter__Temperate_N,-0.0738715679093425,-0.027791007400622732,0.01937136942322793,NA,NA,NA
Emeroleter__Tropical,0.0712232070994117,-0.0054201912713422685,0.036985625652175454,NA,NA,NA
Emeroleter__Temperate_S,0.08141566739450003,-0.0014003188066343175,0.03223406219153524,NA,NA,NA
Emeroleter__Antarctic,0.020895544166024325,0.0007850098202826698,0.0056955875635509925,NA,NA,NA
Emeroleter__mean_z_trans,0.024587698575541515,-0.02433315090730695,0.05265299820037733,NA,NA,NA
Emeroleter__Mod_R_deltaTMyr_z_trans,0.0077111071780923985,-0.014033933443425755,0.02763545261224453,NA,NA,NA
Emeroleter__time,-0.0981661726620782,-0.02397149510455239,0.005843989999476639,NA,NA,NA
Endennasaurus__lat_range_z_trans,0.2831045934557915,0.007473842665325747,0.03175892234642962,0.34716344098793345,0.18254610896110535,0.4940805099904537
Endennasaurus__Temperate_N,0.18678556605475025,-0.008004421614233486,0.04000720336719816,NA,NA,NA
Endennasaurus__Tropical,-0.20231969910906628,-0.030831192197078337,0.04383265745106609,NA,NA,NA
Endennasaurus__Temperate_S,0.1770406940940302,-0.00410911569616821,0.04146422571526052,NA,NA,NA
Endennasaurus__Antarctic,0.06491980529739522,0.001460708601869596,0.007246648454461665,NA,NA,NA
Endennasaurus__mean_z_trans,-0.07548975424841046,-0.017696831889526032,0.017228894454059073,NA,NA,NA
Endennasaurus__Mod_R_deltaTMyr_z_trans,-0.4517065253667533,-0.03126657373153676,-0.009160868328423454,NA,NA,NA
Endennasaurus__time,0.15532494645565748,-0.007039920166972819,0.03481083339518818,NA,NA,NA
Energosuchus__lat_range_z_trans,0.04886984049069133,0.013040350906953995,0.0282817739623553,1.1562330271983228,0.44699177891016006,2.018031192943454
Energosuchus__Temperate_N,-0.05006754886239631,-0.05807841411519176,0.022789511281569846,NA,NA,NA
Energosuchus__Tropical,0.04230013921808401,-0.0025613373058223,0.04120293609534909,NA,NA,NA
Energosuchus__Temperate_S,0.04367134732876939,-0.0029743605155680432,0.0388643794632925,NA,NA,NA
Energosuchus__Antarctic,0.007485342273370108,0.0010352511257052813,0.004800339297611838,NA,NA,NA
Energosuchus__mean_z_trans,0.014079462357474166,-0.009289523870976979,0.01937420309206996,NA,NA,NA
Energosuchus__Mod_R_deltaTMyr_z_trans,0.06470757410221037,0.0008585621028754803,0.04862760302771558,NA,NA,NA
Energosuchus__time,-0.0309843997906932,-0.032044032356295986,0.003247770635275763,NA,NA,NA
Eodromaeus__lat_range_z_trans,0.09129635455501339,0.009052031293132812,0.030468830328554845,0.6601012544910191,0.3721710368990898,0.9344987943768501
Eodromaeus__Temperate_N,0.08071410289599239,-0.008580052341798042,0.046719508968253894,NA,NA,NA
Eodromaeus__Tropical,0.06695346769285343,-0.005565414607935759,0.053176662075737895,NA,NA,NA
Eodromaeus__Temperate_S,-0.08372556635945295,-0.053948375162933826,0.033114349127299464,NA,NA,NA
Eodromaeus__Antarctic,0.01698965357261711,0.0014239259864570785,0.006546211516384029,NA,NA,NA
Eodromaeus__mean_z_trans,-0.005748453104446184,-0.008440550592819385,0.01262963841585651,NA,NA,NA
Eodromaeus__Mod_R_deltaTMyr_z_trans,0.02225322393893636,-0.0074332934358239434,0.02365889568610816,NA,NA,NA
Eodromaeus__time,-0.048671026074003684,-0.01652177516659925,0.0008744207370450806,NA,NA,NA
Eohupehsuchus__lat_range_z_trans,0.04651914372495435,0.008561762117201244,0.024858031611413946,1.2610001973749605,0.4523436911404133,2.17443535476923
Eohupehsuchus__Temperate_N,0.04748800476062508,0.0007930963110926333,0.0312061278608726,NA,NA,NA
Eohupehsuchus__Tropical,-0.06411097053447029,-0.047939898733800355,0.010047412781020545,NA,NA,NA
Eohupehsuchus__Temperate_S,0.03466732445634645,0.0004748826383505006,0.027888925570786434,NA,NA,NA
Eohupehsuchus__Antarctic,0.00706044448096638,0.0008197843849992632,0.00396392210168717,NA,NA,NA
Eohupehsuchus__mean_z_trans,0.008015408942098635,-0.02804378977403674,0.03675973599780537,NA,NA,NA
Eohupehsuchus__Mod_R_deltaTMyr_z_trans,0.09606916398873154,0.008363011754955116,0.06748819188149235,NA,NA,NA
Eohupehsuchus__time,-0.0356467627017423,-0.033042352727081975,0.004976169050161453,NA,NA,NA
Eohyosaurus__lat_range_z_trans,0.11777577742669136,0.007891421963635188,0.029576585349020294,0.5659425502404338,0.3027215451002121,0.8571833595633507
Eohyosaurus__Temperate_N,0.10088835496302721,-0.004303197167950717,0.04788292817708605,NA,NA,NA
Eohyosaurus__Tropical,0.07913550083708755,-0.013016430250737671,0.038687634833143775,NA,NA,NA
Eohyosaurus__Temperate_S,-0.1765354425277628,-0.04719268965074324,0.03139922862588204,NA,NA,NA
Eohyosaurus__Antarctic,0.023446257525088367,0.0013184186385273953,0.006554660220785448,NA,NA,NA
Eohyosaurus__mean_z_trans,-0.014820820540307568,-0.009776609959062581,0.01134598669875343,NA,NA,NA
Eohyosaurus__Mod_R_deltaTMyr_z_trans,0.10252592914624507,-0.002270176785552578,0.04201184367925734,NA,NA,NA
Eohyosaurus__time,-0.09235379971255933,-0.02266424081643611,-0.00027035072868848963,NA,NA,NA
Eomurruna__lat_range_z_trans,-0.08673144713833403,-0.026636646132013567,-0.0036328420101878495,0.8182316199966044,0.29998577013611794,1.5873356126248837
Eomurruna__Temperate_N,0.07399449002682416,0.0007894289438451519,0.03190724919098788,NA,NA,NA
Eomurruna__Tropical,0.06479320473195357,-0.0002996918532986568,0.034402230858092867,NA,NA,NA
Eomurruna__Temperate_S,-0.08646098452007327,-0.04547265914504318,0.020549576334161726,NA,NA,NA
Eomurruna__Antarctic,0.01361450047718504,0.0011634513569882899,0.005128850513438126,NA,NA,NA
Eomurruna__mean_z_trans,0.06883803575265823,-0.005245472993049177,0.05097571211680386,NA,NA,NA
Eomurruna__Mod_R_deltaTMyr_z_trans,0.14943151481209863,0.010483206277796904,0.05910479881276343,NA,NA,NA
Eomurruna__time,-0.05741755702480248,-0.02479512048354608,0.008752941039179828,NA,NA,NA
Eoplesiosaurus__lat_range_z_trans,0.038841154226784504,0.010200368541915644,0.026176172363934134,1.5910630645614583,0.9984516687691212,2.2921414375305176
Eoplesiosaurus__Temperate_N,-0.019298473823853725,-0.031125125573532218,0.022251737870423834,NA,NA,NA
Eoplesiosaurus__Tropical,0.01828077837012913,-0.015556928982473463,0.026256712393214643,NA,NA,NA
Eoplesiosaurus__Temperate_S,0.017502496850406318,-0.013292108721473144,0.024467973410247618,NA,NA,NA
Eoplesiosaurus__Antarctic,0.005378152643551295,0.0006993754527665911,0.003903305214537218,NA,NA,NA
Eoplesiosaurus__mean_z_trans,-0.0012503734400442106,-0.01496211585166638,0.014665896002218064,NA,NA,NA
Eoplesiosaurus__Mod_R_deltaTMyr_z_trans,-0.027629862934573996,-0.03401690555971739,0.013763568312119619,NA,NA,NA
Eoplesiosaurus__time,0.10823788522511053,0.008039936665860043,0.07570315128854473,NA,NA,NA
Eoraptor__lat_range_z_trans,0.11468297620121967,0.008486579671980403,0.02896959425292303,0.5571979510132223,0.06634742394089699,0.9275609254837036
Eoraptor__Temperate_N,0.0979493878420666,-0.008044083745454057,0.04327113727818172,NA,NA,NA
Eoraptor__Tropical,0.08179605035538313,-0.005217760848184622,0.04925168726063203,NA,NA,NA
Eoraptor__Temperate_S,-0.10813703124886806,-0.043434629814911335,0.03914332322439726,NA,NA,NA
Eoraptor__Antarctic,0.022410538925017535,0.0013840126317269507,0.0060630349811669725,NA,NA,NA
Eoraptor__mean_z_trans,-0.008126753340334884,-0.007877663768777483,0.01169744352488107,NA,NA,NA
Eoraptor__Mod_R_deltaTMyr_z_trans,-0.005026894776686187,-0.01982024576492279,0.02673326211546589,NA,NA,NA
Eoraptor__time,-0.05548651684028795,-0.015489712389777375,0.0020590342175919106,NA,NA,NA
Eorasaurus__lat_range_z_trans,0.25710801154375074,0.005521420102181865,0.02864698719210048,0.24768299519841094,0.057947371155023575,0.4992912672460079
Eorasaurus__Temperate_N,-0.19242322622798383,-0.023047012300610088,0.02132960272098447,NA,NA,NA
Eorasaurus__Tropical,0.15892317558347713,-0.00837169866057972,0.037114621548935224,NA,NA,NA
Eorasaurus__Temperate_S,0.19599221576936543,-0.002478692655471546,0.03616850204977997,NA,NA,NA
Eorasaurus__Antarctic,0.05918936781585216,0.00079402778312048,0.006667076737744068,NA,NA,NA
Eorasaurus__mean_z_trans,-0.11085820427513682,-0.024845053852512886,0.04237024106391632,NA,NA,NA
Eorasaurus__Mod_R_deltaTMyr_z_trans,-0.029871627867687493,-0.014884333341886588,0.030525863990518234,NA,NA,NA
Eorasaurus__time,-0.29309984072344375,-0.022702161102561826,0.00436562155126112,NA,NA,NA
Eorhynchochelys__lat_range_z_trans,0.23831421356197793,0.009547925418626823,0.036278815839010124,0.3622384721477283,0.17165971919894218,0.5350561924278736
Eorhynchochelys__Temperate_N,-0.25824157054996083,-0.04657095010796329,0.01983968747813653,NA,NA,NA
Eorhynchochelys__Tropical,0.1632622543663351,-0.005906411121907946,0.051717013306464034,NA,NA,NA
Eorhynchochelys__Temperate_S,0.18007792130536288,-0.0046817223306995755,0.05237893308477905,NA,NA,NA
Eorhynchochelys__Antarctic,0.05156304154785031,0.0016641927788580216,0.007876453632206336,NA,NA,NA
Eorhynchochelys__mean_z_trans,-0.05368249151541856,-0.013302136638099269,0.013539372055315203,NA,NA,NA
Eorhynchochelys__Mod_R_deltaTMyr_z_trans,-0.046991722346814986,-0.01480085049191213,0.023816588809966597,NA,NA,NA
Eorhynchochelys__time,-0.134239889251822,-0.015963551535222952,0.0017416526493619954,NA,NA,NA
Eretmorhipis__lat_range_z_trans,0.05148850795608502,0.010164058791603155,0.02650016662252777,1.1267141232517315,0.46935664117336273,2.231030859053135
Eretmorhipis__Temperate_N,0.0518887080238381,0.00016779451104542898,0.03920135274306632,NA,NA,NA
Eretmorhipis__Tropical,-0.049997246538488076,-0.05121875120768363,0.022384862599576148,NA,NA,NA
Eretmorhipis__Temperate_S,0.04405116977661925,0.00024969098279599796,0.041192930722165205,NA,NA,NA
Eretmorhipis__Antarctic,0.008025989737021675,0.001172031162979671,0.004850582658137784,NA,NA,NA
Eretmorhipis__mean_z_trans,0.001439955766827302,-0.02167148140792672,0.022014429884004795,NA,NA,NA
Eretmorhipis__Mod_R_deltaTMyr_z_trans,0.06514194023867943,0.0023755145436179068,0.0472387647763231,NA,NA,NA
Eretmorhipis__time,-0.031977267843072844,-0.03125236140475213,0.0038054268494387444,NA,NA,NA
Erpetosuchus__lat_range_z_trans,0.2689951007068157,0.006591488745704225,0.03348233429003321,0.26791737829567863,0.08730798587203026,0.4940805099904537
Erpetosuchus__Temperate_N,0.1895406226348132,-0.007350267683007406,0.04558936881870894,NA,NA,NA
Erpetosuchus__Tropical,-0.20658684126101434,-0.033363625920813884,0.029682559396676925,NA,NA,NA
Erpetosuchus__Temperate_S,0.1809615964209661,-0.003131013064378178,0.04749778143058956,NA,NA,NA
Erpetosuchus__Antarctic,0.06367619718192145,0.0013907181246533222,0.00805150402797198,NA,NA,NA
Erpetosuchus__mean_z_trans,-0.05719575292430818,-0.013474272566580488,0.022017033037338544,NA,NA,NA
Erpetosuchus__Mod_R_deltaTMyr_z_trans,-0.43386101465672255,-0.029848621333351557,-0.01652479337224734,NA,NA,NA
Erpetosuchus__time,0.05440673857927322,-0.010827910330546354,0.03739272922616805,NA,NA,NA
Erythrosuchus__lat_range_z_trans,-0.2554661427438259,-0.016131001787543873,-0.011677928191849122,0.080819785175554,0.01200745441019535,0.16180485114455223
Erythrosuchus__Temperate_N,0.21073312930762766,-0.006472990273878292,0.05142163586281103,NA,NA,NA
Erythrosuchus__Tropical,0.1783830228354782,-0.00357535800514341,0.05949901156310764,NA,NA,NA
Erythrosuchus__Temperate_S,-0.2981315926706884,-0.0408824943665578,0.0462337606155552,NA,NA,NA
Erythrosuchus__Antarctic,0.060670022293925284,0.001276544690596182,0.00850995647087392,NA,NA,NA
Erythrosuchus__mean_z_trans,0.006852079114178195,-0.006001008135679417,0.013716854393327442,NA,NA,NA
Erythrosuchus__Mod_R_deltaTMyr_z_trans,0.11139932652091375,-0.004044270213653238,0.03716551871654981,NA,NA,NA
Erythrosuchus__time,-0.1403480660833884,-0.014182925936460459,0.002319707424863953,NA,NA,NA
Erythrovenator__lat_range_z_trans,0.09243809417497743,0.009015405260406593,0.030873124124553522,0.6533576678967802,0.3721710368990898,0.9543818663805723
Erythrovenator__Temperate_N,0.08198880634546031,-0.008545336014855848,0.04611439085188794,NA,NA,NA
Erythrovenator__Tropical,0.06769612085780778,-0.0055428960095168745,0.05248790993984185,NA,NA,NA
Erythrovenator__Temperate_S,-0.08535023279702653,-0.05373009101319354,0.03268544709020374,NA,NA,NA
Erythrovenator__Antarctic,0.017268568181953922,0.0014181645437387732,0.0064614239989291885,NA,NA,NA
Erythrovenator__mean_z_trans,-0.006071583378318266,-0.008406398713287723,0.012466057437002917,NA,NA,NA
Erythrovenator__Mod_R_deltaTMyr_z_trans,0.020925255613514368,-0.007403217087231267,0.0252370683048543,NA,NA,NA
Erythrovenator__time,-0.04883327188085919,-0.016819134994380435,0.0008630951079664104,NA,NA,NA
Eshanosaurus__lat_range_z_trans,0.038841154226784504,0.010200368541915644,0.026176172363934134,1.5910630645614583,0.9984516687691212,2.2921414375305176
Eshanosaurus__Temperate_N,-0.019298473823853725,-0.031125125573532218,0.022251737870423834,NA,NA,NA
Eshanosaurus__Tropical,0.01828077837012913,-0.015556928982473463,0.026256712393214643,NA,NA,NA
Eshanosaurus__Temperate_S,0.017502496850406318,-0.013292108721473144,0.024467973410247618,NA,NA,NA
Eshanosaurus__Antarctic,0.005378152643551295,0.0006993754527665911,0.003903305214537218,NA,NA,NA
Eshanosaurus__mean_z_trans,-0.0012503734400442106,-0.01496211585166638,0.014665896002218064,NA,NA,NA
Eshanosaurus__Mod_R_deltaTMyr_z_trans,-0.027629862934573996,-0.03401690555971739,0.013763568312119619,NA,NA,NA
Eshanosaurus__time,0.10823788522511053,0.008039936665860043,0.07570315128854473,NA,NA,NA
Eucoelophysis__lat_range_z_trans,-0.56382843601097,-0.04489616052060288,-0.03759329830242378,0.39360753710381685,0.14820752013474703,0.6689110733568668
Eucoelophysis__Temperate_N,0.09493257123132068,-0.0044686047732678804,0.03481733245716623,NA,NA,NA
Eucoelophysis__Tropical,-0.023692981875052314,-0.02081827579779876,0.027910253680769655,NA,NA,NA
Eucoelophysis__Temperate_S,0.07921159670347205,-0.006209860717504109,0.030915441686373082,NA,NA,NA
Eucoelophysis__Antarctic,0.04217098579903292,0.0007800180830034499,0.0067857650151309555,NA,NA,NA
Eucoelophysis__mean_z_trans,0.012609013012558477,-0.009591096794292297,0.01944119619692955,NA,NA,NA
Eucoelophysis__Mod_R_deltaTMyr_z_trans,-0.05981449215573119,-0.01354303997490988,0.015039619313797426,NA,NA,NA
Eucoelophysis__time,0.5584735004128792,0.00873351646705204,0.10987220680749676,NA,NA,NA
Eudibamus__lat_range_z_trans,0.26271674171090126,0.005408843894864763,0.02784142189575615,0.3108947963180253,0.11953672766685486,0.5266670808196068
Eudibamus__Temperate_N,0.19345017917687074,-0.0048782938904996746,0.03484216699134307,NA,NA,NA
Eudibamus__Tropical,-0.24593648516805844,-0.02815568887626409,0.020218876941896516,NA,NA,NA
Eudibamus__Temperate_S,0.18242195110593457,-0.0016882951418760402,0.032284049479185194,NA,NA,NA
Eudibamus__Antarctic,0.06438343971967697,0.0011268963587846611,0.007221265897770074,NA,NA,NA
Eudibamus__mean_z_trans,0.18566868198104203,-0.014432137620253638,0.05736758962465256,NA,NA,NA
Eudibamus__Mod_R_deltaTMyr_z_trans,-0.09294425763888285,-0.011808844802323207,0.009520994343610029,NA,NA,NA
Eudibamus__time,-0.4466685117408633,-0.03558598395075309,0.017892151681026258,NA,NA,NA
Eudimorphodon__lat_range_z_trans,-0.7441479727625847,-0.06299866648252171,-0.027981473029918675,0.20478994378237986,0.0988127812743187,0.3850537780672312
Eudimorphodon__Temperate_N,-0.007961428876151332,-0.007308637774643808,0.022685488659352285,NA,NA,NA
Eudimorphodon__Tropical,0.012958607842447236,-0.009478684989468642,0.03294984430749607,NA,NA,NA
Eudimorphodon__Temperate_S,0.08819298101356253,-0.005728292175964857,0.032649043656473524,NA,NA,NA
Eudimorphodon__Antarctic,0.05702759150415659,0.0012460830065504358,0.007623393135145381,NA,NA,NA
Eudimorphodon__mean_z_trans,0.0346159818326123,-0.003586675891460404,0.021879219050296626,NA,NA,NA
Eudimorphodon__Mod_R_deltaTMyr_z_trans,-0.06689991488528904,-0.010784834195633503,0.010210530959955843,NA,NA,NA
Eudimorphodon__time,0.6327390336990356,0.008626204474822178,0.10717247011643881,NA,NA,NA
Eumetabolodon__lat_range_z_trans,-0.4552695604413748,-0.030391766694063117,-0.02999531537269342,0.1704157223063521,0.048771892208606005,0.34025412052869797
Eumetabolodon__Temperate_N,-0.23869065039325504,-0.038863062428370544,0.024463954554386193,NA,NA,NA
Eumetabolodon__Tropical,0.2017864244664088,-0.00014726460131954394,0.0516785454786567,NA,NA,NA
Eumetabolodon__Temperate_S,0.21291193163953723,-0.001676590087163842,0.0530174145160997,NA,NA,NA
Eumetabolodon__Antarctic,0.057524818861857056,0.0013504953171041272,0.00928481825596153,NA,NA,NA
Eumetabolodon__mean_z_trans,0.10739200786221773,-0.004994355976847799,0.044120511144347285,NA,NA,NA
Eumetabolodon__Mod_R_deltaTMyr_z_trans,0.20517899581696838,-0.0014808722354219428,0.04777222312148724,NA,NA,NA
Eumetabolodon__time,-0.12311779943527654,-0.013810087322237648,0.006846365156994628,NA,NA,NA
Eunotosaurus__lat_range_z_trans,-0.3468109558522701,-0.02660154743010965,-0.01861768517110527,0.09972324830188882,0.01769077777862549,0.2176654165959917
Eunotosaurus__Temperate_N,0.1554427736828802,-0.0019140449421877121,0.04381983625307531,NA,NA,NA
Eunotosaurus__Tropical,0.12547129918821157,-0.0029354958694318037,0.04039323658907023,NA,NA,NA
Eunotosaurus__Temperate_S,-0.07897479156323244,-0.018453550484931882,0.033754523227061746,NA,NA,NA
Eunotosaurus__Antarctic,0.04936369257047772,0.0009323061988270314,0.008583628992765402,NA,NA,NA
Eunotosaurus__mean_z_trans,0.09335198350658175,-0.011680882571010286,0.05827189949765727,NA,NA,NA
Eunotosaurus__Mod_R_deltaTMyr_z_trans,0.08117021619109437,-0.005916325916077115,0.03529095369071213,NA,NA,NA
Eunotosaurus__time,-0.17172257022350096,-0.023443963013398898,0.00569212377600305,NA,NA,NA
Euparkeria__lat_range_z_trans,0.16133033863588508,0.007166696238428423,0.027959712137722904,0.46716562576271825,0.17052322998642921,0.7941098622977734
Euparkeria__Temperate_N,0.1399723468180246,-0.003452682749536108,0.04466878489711892,NA,NA,NA
Euparkeria__Tropical,0.11004274237843897,-0.004814737102476258,0.04947798364596091,NA,NA,NA
Euparkeria__Temperate_S,-0.28647804273012606,-0.052099102563082075,0.018870912603388627,NA,NA,NA
Euparkeria__Antarctic,0.03373781848925441,0.0013856311851936376,0.006400628010469878,NA,NA,NA
Euparkeria__mean_z_trans,-0.01617487693158652,-0.010159649919611512,0.017349850745590225,NA,NA,NA
Euparkeria__Mod_R_deltaTMyr_z_trans,0.1547150548798189,-0.0007903111069228694,0.03971516798797593,NA,NA,NA
Euparkeria__time,-0.15708362442219956,-0.02724934801031356,0.0027454768270124825,NA,NA,NA
Eurhinosaurus__lat_range_z_trans,0.038841154226784504,0.010200368541915644,0.026176172363934134,1.5910630645614583,0.9984516687691212,2.2921414375305176
Eurhinosaurus__Temperate_N,-0.019298473823853725,-0.031125125573532218,0.022251737870423834,NA,NA,NA
Eurhinosaurus__Tropical,0.01828077837012913,-0.015556928982473463,0.026256712393214643,NA,NA,NA
Eurhinosaurus__Temperate_S,0.017502496850406318,-0.013292108721473144,0.024467973410247618,NA,NA,NA
Eurhinosaurus__Antarctic,0.005378152643551295,0.0006993754527665911,0.003903305214537218,NA,NA,NA
Eurhinosaurus__mean_z_trans,-0.0012503734400442106,-0.01496211585166638,0.014665896002218064,NA,NA,NA
Eurhinosaurus__Mod_R_deltaTMyr_z_trans,-0.027629862934573996,-0.03401690555971739,0.013763568312119619,NA,NA,NA
Eurhinosaurus__time,0.10823788522511053,0.008039936665860043,0.07570315128854473,NA,NA,NA
Eurycleidus__lat_range_z_trans,0.038841154226784504,0.010200368541915644,0.026176172363934134,1.5910630645614583,0.9984516687691212,2.2921414375305176
Eurycleidus__Temperate_N,-0.019298473823853725,-0.031125125573532218,0.022251737870423834,NA,NA,NA
Eurycleidus__Tropical,0.01828077837012913,-0.015556928982473463,0.026256712393214643,NA,NA,NA
Eurycleidus__Temperate_S,0.017502496850406318,-0.013292108721473144,0.024467973410247618,NA,NA,NA
Eurycleidus__Antarctic,0.005378152643551295,0.0006993754527665911,0.003903305214537218,NA,NA,NA
Eurycleidus__mean_z_trans,-0.0012503734400442106,-0.01496211585166638,0.014665896002218064,NA,NA,NA
Eurycleidus__Mod_R_deltaTMyr_z_trans,-0.027629862934573996,-0.03401690555971739,0.013763568312119619,NA,NA,NA
Eurycleidus__time,0.10823788522511053,0.008039936665860043,0.07570315128854473,NA,NA,NA
Eusaurosphargis__lat_range_z_trans,-0.3581602950394154,-0.040868414706310176,-0.02677459697268602,0.11697982789220987,0.03480498306453228,0.2031845496967435
Eusaurosphargis__Temperate_N,-0.012283771387301386,-0.009395970430968036,0.025035771589740657,NA,NA,NA
Eusaurosphargis__Tropical,-0.019245632495731115,-0.012224424496643523,0.041175839315588686,NA,NA,NA
Eusaurosphargis__Temperate_S,0.1333096873073373,-0.004712976578992718,0.052512449432098623,NA,NA,NA
Eusaurosphargis__Antarctic,0.053666722849011424,0.002575559999806403,0.011840397991393983,NA,NA,NA
Eusaurosphargis__mean_z_trans,0.030324117830896283,-0.009781551092675166,0.02860306141595208,NA,NA,NA
Eusaurosphargis__Mod_R_deltaTMyr_z_trans,0.14849352138116956,-0.003654598731258607,0.06653743679692968,NA,NA,NA
Eusaurosphargis__time,-0.05497928311116993,-0.011951127991278494,0.00825815728622217,NA,NA,NA
Euscolosuchus__lat_range_z_trans,0.2040983624766168,0.010151984556071001,0.03501024435054053,0.4072085190168582,0.20777822588570416,0.6361741293221712
Euscolosuchus__Temperate_N,0.16104397141108742,-0.00262121895637219,0.05288561059588087,NA,NA,NA
Euscolosuchus__Tropical,-0.20828352349596177,-0.04932675201599082,0.03616233258088163,NA,NA,NA
Euscolosuchus__Temperate_S,0.14667524310289545,-0.005252809490966196,0.052003359163055325,NA,NA,NA
Euscolosuchus__Antarctic,0.04452875279630898,0.0019436613582061511,0.007505670882709656,NA,NA,NA
Euscolosuchus__mean_z_trans,-0.022197178670002336,-0.0108324429621884,0.011035322236906377,NA,NA,NA
Euscolosuchus__Mod_R_deltaTMyr_z_trans,-0.06744548203879479,-0.015848794460547957,0.010965237289215507,NA,NA,NA
Euscolosuchus__time,-0.11835838846463993,-0.018227132056531908,0.0016207397560499587,NA,NA,NA
Fasolasuchus__lat_range_z_trans,0.2645774272084236,0.005320259744450649,0.029283114044501467,0.20046367086819372,0.053386088693514466,0.28769180178642273
Fasolasuchus__Temperate_N,0.17735677104443312,-0.009102665701792637,0.046349962695663105,NA,NA,NA
Fasolasuchus__Tropical,0.13824112329166383,-0.006114360315064584,0.041639406012229235,NA,NA,NA
Fasolasuchus__Temperate_S,-0.24137639462016522,-0.03165170949613763,0.03762119166395508,NA,NA,NA
Fasolasuchus__Antarctic,0.06396339241415262,0.0009613379468076913,0.0074813718428491825,NA,NA,NA
Fasolasuchus__mean_z_trans,-0.09805173928267323,-0.015486841472172962,0.016006324933794055,NA,NA,NA
Fasolasuchus__Mod_R_deltaTMyr_z_trans,-0.41496796045452355,-0.02512981490646181,-0.008191974355532754,NA,NA,NA
Fasolasuchus__time,0.10132768041687086,-0.00880970982794903,0.03699912001778049,NA,NA,NA
Faxinalipterus__lat_range_z_trans,0.18295317138692155,0.0051859659984909625,0.022002203370635763,0.4189234580013044,0.041261911392211914,2.181073635816574
Faxinalipterus__Temperate_N,0.12705258229773983,-0.005407173043066741,0.036992682603950805,NA,NA,NA
Faxinalipterus__Tropical,0.09756092136599973,-0.005542185572488562,0.03130133643580326,NA,NA,NA
Faxinalipterus__Temperate_S,-0.14768616607224094,-0.03363964235805917,0.034181920484832116,NA,NA,NA
Faxinalipterus__Antarctic,0.04102006535045504,0.0010217162115615868,0.005163192128408407,NA,NA,NA
Faxinalipterus__mean_z_trans,-0.051066662566692886,-0.015363814763439546,0.012188618016820047,NA,NA,NA
Faxinalipterus__Mod_R_deltaTMyr_z_trans,-0.2582656868199106,-0.026708130443341648,-0.0027008064731648333,NA,NA,NA
Faxinalipterus__time,0.14849353217523809,-0.009560240057977199,0.0680593702879543,NA,NA,NA
Feeserpeton__lat_range_z_trans,0.19205766273005867,0.0056029711225748895,0.023578495502032393,0.4039904650795506,0.11953672766685486,1.004305623471737
Feeserpeton__Temperate_N,0.14131015075889436,-0.004162966027975906,0.03281375726808225,NA,NA,NA
Feeserpeton__Tropical,-0.17229331201950335,-0.026841695073131795,0.027611052059557648,NA,NA,NA
Feeserpeton__Temperate_S,0.1334226937661681,-0.001767529653126648,0.030086813743841822,NA,NA,NA
Feeserpeton__Antarctic,0.04506896198443284,0.00116334381743366,0.006115585120870038,NA,NA,NA
Feeserpeton__mean_z_trans,0.1636391821399844,-0.014388480976109624,0.05641288294964489,NA,NA,NA
Feeserpeton__Mod_R_deltaTMyr_z_trans,-0.04829968252258047,-0.012363053615189091,0.012739582097274608,NA,NA,NA
Feeserpeton__time,-0.31484389971994475,-0.0372560936227958,0.01783034811393622,NA,NA,NA
Feralisaurus__lat_range_z_trans,0.06602403782742061,0.010389583280545966,0.028265712993716056,0.8863732683785202,0.5062590576708317,1.7470843568444252
Feralisaurus__Temperate_N,0.06635132796160709,-0.0016819405740414075,0.03831286183033204,NA,NA,NA
Feralisaurus__Tropical,-0.07761395768730782,-0.049786917189836424,0.023868962531190935,NA,NA,NA
Feralisaurus__Temperate_S,0.05797703891669102,-0.0025427465839325046,0.03828914941556305,NA,NA,NA
Feralisaurus__Antarctic,0.011682924591459505,0.0013013521801950555,0.005248990256020629,NA,NA,NA
Feralisaurus__mean_z_trans,-0.004245021580992209,-0.022152337517613332,0.022110630446394313,NA,NA,NA
Feralisaurus__Mod_R_deltaTMyr_z_trans,0.07102015130255743,0.005200672676932255,0.04734291597212896,NA,NA,NA
Feralisaurus__time,-0.05113474421392576,-0.030741170300569925,0.003749293409893859,NA,NA,NA
Fodonyx__lat_range_z_trans,0.050615052154178025,0.01176317371629309,0.025689151127725213,1.1452724076254526,0.46935664117336273,2.231030859053135
Fodonyx__Temperate_N,0.050841304133462564,0.0011256228537819496,0.039379749386847955,NA,NA,NA
Fodonyx__Tropical,-0.04843526176644586,-0.05927701524958897,0.0196485002810082,NA,NA,NA
Fodonyx__Temperate_S,0.043406540297440975,0.0008997676281224342,0.039799194104414036,NA,NA,NA
Fodonyx__Antarctic,0.007812300721071106,0.0013767342386252902,0.004545311849872158,NA,NA,NA
Fodonyx__mean_z_trans,0.0014894621583906636,-0.01863778116456934,0.023408952191625584,NA,NA,NA
Fodonyx__Mod_R_deltaTMyr_z_trans,0.06598804036670525,0.005751642134486124,0.04995670257289957,NA,NA,NA
Fodonyx__time,-0.031655680947292895,-0.03301564818547089,0.004760955340847152,NA,NA,NA
Fraserosphenodon__lat_range_z_trans,-0.665364371985197,-0.054581335304690566,-0.02229186429826756,0.11734074029682233,0.003121478483080864,0.23030849266797304
Fraserosphenodon__Temperate_N,-0.005132656373170903,-0.006476599854404723,0.023891276670415178,NA,NA,NA
Fraserosphenodon__Tropical,0.006062404183321633,-0.010241748126806716,0.028411465904979664,NA,NA,NA
Fraserosphenodon__Temperate_S,0.09914139949250966,-0.003662770277066806,0.03470613243195961,NA,NA,NA
Fraserosphenodon__Antarctic,0.05700754532590509,0.0012162301616118248,0.008527505894068992,NA,NA,NA
Fraserosphenodon__mean_z_trans,0.032745437455341746,-0.005373157174326346,0.021893821470516203,NA,NA,NA
Fraserosphenodon__Mod_R_deltaTMyr_z_trans,-0.07369789320480777,-0.007865752687600782,0.009526866341667382,NA,NA,NA
Fraserosphenodon__time,0.4685136112710461,-0.0030283707650362074,0.10252331243990041,NA,NA,NA
Fraxinisaura__lat_range_z_trans,0.05202819930882604,0.010613087721534306,0.027282466700750633,1.0844008385624329,0.2383825893048197,2.021628215909004
Fraxinisaura__Temperate_N,-0.053478105899575065,-0.048378421747108546,0.025220932216741737,NA,NA,NA
Fraxinisaura__Tropical,0.04424934719674048,-0.0035547215694659577,0.04082496828510648,NA,NA,NA
Fraxinisaura__Temperate_S,0.0456090811917299,-0.004396297668772162,0.038507863986623925,NA,NA,NA
Fraxinisaura__Antarctic,0.008252181438782478,0.0010950736457337577,0.004756304238349528,NA,NA,NA
Fraxinisaura__mean_z_trans,0.013223037999520388,-0.010812068375543674,0.01919647728386641,NA,NA,NA
Fraxinisaura__Mod_R_deltaTMyr_z_trans,0.06311318201390495,-0.007970781588423476,0.048181526355140614,NA,NA,NA
Fraxinisaura__time,-0.03293516613241934,-0.026609374446274557,0.003217977788660544,NA,NA,NA
Fugusuchus__lat_range_z_trans,0.0408307189631967,0.012524811569928913,0.02285470168922623,1.3821827373717679,0.5981970988214016,2.432633999735117
Fugusuchus__Temperate_N,-0.03885389046392936,-0.0526452033450614,0.014418990438966547,NA,NA,NA
Fugusuchus__Tropical,0.040876914033279435,0.0031937894840685516,0.03393230845004445,NA,NA,NA
Fugusuchus__Temperate_S,0.036191648593885746,-0.0021395519651605426,0.02905579732094321,NA,NA,NA
Fugusuchus__Antarctic,0.00551635659292373,0.0009036362294303288,0.003566969786339985,NA,NA,NA
Fugusuchus__mean_z_trans,0.030100061694918367,-0.011953657990029572,0.041364387619034784,NA,NA,NA
Fugusuchus__Mod_R_deltaTMyr_z_trans,0.05598982329308768,-0.00043972034697533746,0.05667454711947915,NA,NA,NA
Fugusuchus__time,-0.030589875589852444,-0.039457607664521256,0.005320814431205512,NA,NA,NA
Fuyuansaurus__lat_range_z_trans,0.03924749199114451,0.018489696287564385,0.0255611639092044,1.518586041048402,0.9298987723886967,2.463601525872946
Fuyuansaurus__Temperate_N,0.03964191256200792,0.0016658901150592368,0.037060934214463714,NA,NA,NA
Fuyuansaurus__Tropical,-0.029277905762963956,-0.08094704182021142,0.020353984257407597,NA,NA,NA
Fuyuansaurus__Temperate_S,0.03277674652213122,0.0013316307433731453,0.03535411199810634,NA,NA,NA
Fuyuansaurus__Antarctic,0.005063531858983689,0.0018417541381431889,0.004173049104805092,NA,NA,NA
Fuyuansaurus__mean_z_trans,0.010072417673588858,-0.017113840295642033,0.02730018037976479,NA,NA,NA
Fuyuansaurus__Mod_R_deltaTMyr_z_trans,0.06034136184136438,0.02279490526927517,0.052904479086309915,NA,NA,NA
Fuyuansaurus__time,-0.017803799568746777,-0.038076498465881986,0.004480613905178004,NA,NA,NA
Galesphyrus__lat_range_z_trans,-0.41365600764751437,-0.02665915287487484,-0.0217635560551861,0.10362079070531763,0.008602362126111984,0.3735959194600582
Galesphyrus__Temperate_N,0.18950170636875555,-0.0063625724544124455,0.039581803885015074,NA,NA,NA
Galesphyrus__Tropical,0.16890564013039694,-0.003040638208835522,0.03725303957943055,NA,NA,NA
Galesphyrus__Temperate_S,-0.18449481251300312,-0.03053517016241766,0.041490108857667914,NA,NA,NA
Galesphyrus__Antarctic,0.06015794139355421,0.0011110096090873234,0.008065683298676553,NA,NA,NA
Galesphyrus__mean_z_trans,0.19666164460126312,-0.0018540068504709832,0.04314468927666599,NA,NA,NA
Galesphyrus__Mod_R_deltaTMyr_z_trans,0.06134783866116777,-0.0055649590909107385,0.05373869933947184,NA,NA,NA
Galesphyrus__time,-0.17894475859589876,-0.01710801399548545,0.005678048673498057,NA,NA,NA
Gamatavus__lat_range_z_trans,0.12284674714517255,0.007876061598844011,0.03178351938362234,0.5573727690847591,0.2923736721277237,0.8028032928705215
Gamatavus__Temperate_N,0.10533225340301852,-0.003322207330479409,0.048228150357440575,NA,NA,NA
Gamatavus__Tropical,0.0802910820651689,-0.012658402549334926,0.03958997132286678,NA,NA,NA
Gamatavus__Temperate_S,-0.2013108224453585,-0.04889212818001246,0.020374613111023933,NA,NA,NA
Gamatavus__Antarctic,0.024861415271211787,0.0011995559371443957,0.0066942795985242025,NA,NA,NA
Gamatavus__mean_z_trans,-0.006949079377868879,-0.009592333519539854,0.014256353082291688,NA,NA,NA
Gamatavus__Mod_R_deltaTMyr_z_trans,0.12208702121933097,-0.003639715273299868,0.046054920763349286,NA,NA,NA
Gamatavus__time,-0.10709686016316552,-0.020984334711642204,0.00020670923612108562,NA,NA,NA
Gansurhinus__lat_range_z_trans,-0.22307700076499742,-0.018114389729331833,0.0017815435701949848,0.35149960494076365,0.10102990828454494,0.6815738528966904
Gansurhinus__Temperate_N,-0.27816690333800964,-0.03066049831951859,0.025286500828983458,NA,NA,NA
Gansurhinus__Tropical,0.19146088986207932,-0.004691862413354735,0.03461174226054981,NA,NA,NA
Gansurhinus__Temperate_S,0.20398125378997387,-0.002037351497776378,0.033717839782503096,NA,NA,NA
Gansurhinus__Antarctic,0.0574976265364829,0.001109867627760256,0.006303356197723148,NA,NA,NA
Gansurhinus__mean_z_trans,0.2265623525731409,-0.007080578892621861,0.04793384717346357,NA,NA,NA
Gansurhinus__Mod_R_deltaTMyr_z_trans,0.15732280462752726,-0.007299085398245225,0.05175059327403345,NA,NA,NA
Gansurhinus__time,-0.19551926616868723,-0.021239605405231954,0.005803093767788329,NA,NA,NA
Garjainia__lat_range_z_trans,-0.49661091923713685,-0.04589495530993313,-0.025333773061852447,0.08142143085278804,0.0007699434645473957,0.24394367262721062
Garjainia__Temperate_N,-0.04384608192252926,-0.010784977337392324,0.021401169586106866,NA,NA,NA
Garjainia__Tropical,0.14000080655212513,-0.0009140852991443398,0.03806260061959197,NA,NA,NA
Garjainia__Temperate_S,-0.04941379034367856,-0.01538633729341258,0.02802809739071999,NA,NA,NA
Garjainia__Antarctic,0.05265143860131502,0.0013947219122323197,0.009565134321897255,NA,NA,NA
Garjainia__mean_z_trans,0.11955283667426557,-0.004870221410021556,0.05630023977898413,NA,NA,NA
Garjainia__Mod_R_deltaTMyr_z_trans,0.2517125672136899,-0.0008531031471877017,0.07359116151562066,NA,NA,NA
Garjainia__time,-0.08575583543424728,-0.01270454614346101,0.005573886704171448,NA,NA,NA
Garzapelta__lat_range_z_trans,0.25526780456197223,0.006306689342490814,0.030788614322004543,0.36167608513933375,0.05151749029755592,0.6144305020570755
Garzapelta__Temperate_N,0.17330868033327654,-0.005253351984730257,0.04564465109068961,NA,NA,NA
Garzapelta__Tropical,-0.17744321052679943,-0.029665336470918954,0.03418734895616086,NA,NA,NA
Garzapelta__Temperate_S,0.16678764311384198,-0.00553463545999525,0.03464357202299338,NA,NA,NA
Garzapelta__Antarctic,0.058049508390784654,0.0013762751053972878,0.007025246699425659,NA,NA,NA
Garzapelta__mean_z_trans,-0.050950178865411457,-0.016673900011803907,0.01377407277784163,NA,NA,NA
Garzapelta__Mod_R_deltaTMyr_z_trans,-0.40470452311861077,-0.02945926860614492,-0.00913679431039447,NA,NA,NA
Garzapelta__time,0.11974603322845616,-0.011109975942615135,0.050261805296518684,NA,NA,NA
Gecatogomphius__lat_range_z_trans,0.2538516291975975,0.005509648688877259,0.028064817994611142,0.24362469666401013,0.08934967021923512,0.505733956117183
Gecatogomphius__Temperate_N,-0.1846068785828902,-0.022754756746446808,0.021416679382437263,NA,NA,NA
Gecatogomphius__Tropical,0.16354200413217768,-0.005931685545220891,0.03762877083452017,NA,NA,NA
Gecatogomphius__Temperate_S,0.18904971648007632,-0.0032990222526835845,0.034788728253620296,NA,NA,NA
Gecatogomphius__Antarctic,0.05884710878133774,0.0009248201096001862,0.006733064748485347,NA,NA,NA
Gecatogomphius__mean_z_trans,-0.04769429626874626,-0.022344553520000743,0.04536024809691752,NA,NA,NA
Gecatogomphius__Mod_R_deltaTMyr_z_trans,-0.06852098688599653,-0.013868287202654664,0.02547117506667407,NA,NA,NA
Gecatogomphius__time,-0.3234837695455644,-0.02824966755979107,0.007725032477974059,NA,NA,NA
Gephyrosaurus__lat_range_z_trans,0.038841154226784504,0.010200368541915644,0.026176172363934134,1.5910630645614583,0.9984516687691212,2.2921414375305176
Gephyrosaurus__Temperate_N,-0.019298473823853725,-0.031125125573532218,0.022251737870423834,NA,NA,NA
Gephyrosaurus__Tropical,0.01828077837012913,-0.015556928982473463,0.026256712393214643,NA,NA,NA
Gephyrosaurus__Temperate_S,0.017502496850406318,-0.013292108721473144,0.024467973410247618,NA,NA,NA
Gephyrosaurus__Antarctic,0.005378152643551295,0.0006993754527665911,0.003903305214537218,NA,NA,NA
Gephyrosaurus__mean_z_trans,-0.0012503734400442106,-0.01496211585166638,0.014665896002218064,NA,NA,NA
Gephyrosaurus__Mod_R_deltaTMyr_z_trans,-0.027629862934573996,-0.03401690555971739,0.013763568312119619,NA,NA,NA
Gephyrosaurus__time,0.10823788522511053,0.008039936665860043,0.07570315128854473,NA,NA,NA
Germanosaurus__lat_range_z_trans,0.04924436085422813,0.011697856407277883,0.02698184128316951,1.1242759842984378,0.7088860347867012,1.7256336566060781
Germanosaurus__Temperate_N,-0.047147428910002266,-0.054932586320519915,0.01962494078341929,NA,NA,NA
Germanosaurus__Tropical,0.047168278122270056,0.00044445164968526696,0.04235718195452574,NA,NA,NA
Germanosaurus__Temperate_S,0.045372167413733455,-0.004146197868721801,0.034602062030650006,NA,NA,NA
Germanosaurus__Antarctic,0.007513052833735674,0.0011875145747560674,0.004849682902994592,NA,NA,NA
Germanosaurus__mean_z_trans,0.02643124160622747,-0.008787403237077973,0.03547083113034284,NA,NA,NA
Germanosaurus__Mod_R_deltaTMyr_z_trans,0.05009323931097323,-0.001009779056017194,0.03708051141184471,NA,NA,NA
Germanosaurus__time,-0.038613154113655915,-0.034467360177702654,0.006221465358293189,NA,NA,NA
Glaurung__lat_range_z_trans,0.06006181231437755,0.00890512652444285,0.028276228372103536,0.9006275280599948,0.25783179700374603,1.6285438362974674
Glaurung__Temperate_N,-0.04703499389959907,-0.03732341213924203,0.029705009937945247,NA,NA,NA
Glaurung__Tropical,0.04174146460130494,-0.013088419216053167,0.03370584797242994,NA,NA,NA
Glaurung__Temperate_S,0.045777804203176724,-0.0015555786100108337,0.034320711700851304,NA,NA,NA
Glaurung__Antarctic,0.01022716266137035,0.001010039907224174,0.005364361017946402,NA,NA,NA
Glaurung__mean_z_trans,0.07099162619953542,-0.0006702995817480666,0.052585843366491795,NA,NA,NA
Glaurung__Mod_R_deltaTMyr_z_trans,0.005901264699799854,-0.018056885999316343,0.017835971022217473,NA,NA,NA
Glaurung__time,-0.047604383662455924,-0.029234074913616903,0.0053945434652541415,NA,NA,NA
Glyphoderma__lat_range_z_trans,0.03915017005408284,0.016563550465420025,0.02511719948183108,1.5233659387531224,0.9298987723886967,2.463601525872946
Glyphoderma__Temperate_N,0.03968208922335591,-0.0019583375973820233,0.03641723361871268,NA,NA,NA
Glyphoderma__Tropical,-0.030085131573429635,-0.0785893025430003,0.01982674466454934,NA,NA,NA
Glyphoderma__Temperate_S,0.032809837250727066,0.0011929094278309176,0.03846572218780921,NA,NA,NA
Glyphoderma__Antarctic,0.005048253195344919,0.0017983474701237154,0.004147217433101605,NA,NA,NA
Glyphoderma__mean_z_trans,0.010415183516895257,-0.015331022910563236,0.026826011480705923,NA,NA,NA
Glyphoderma__Mod_R_deltaTMyr_z_trans,0.06035964125067326,0.02042026855984902,0.05198559656411852,NA,NA,NA
Glyphoderma__time,-0.017318285800139763,-0.03410991690059843,0.004402791424411509,NA,NA,NA
Gnathovorax__lat_range_z_trans,-0.2088553941326159,-0.02640844179140589,-0.007956939967708737,0.4862499856091745,0.0032510762102901936,1.58262437582016
Gnathovorax__Temperate_N,0.08241197418720973,-0.006065533908921678,0.03028916084890367,NA,NA,NA
Gnathovorax__Tropical,0.06162769788338421,-0.005300221987149821,0.025841471557224632,NA,NA,NA
Gnathovorax__Temperate_S,-0.024113969627607576,-0.023765209174616792,0.04010889686468119,NA,NA,NA
Gnathovorax__Antarctic,0.027504205742419727,0.0009159438468350064,0.004930535177210569,NA,NA,NA
Gnathovorax__mean_z_trans,-0.008913793805853274,-0.007433339736023609,0.014635216329102134,NA,NA,NA
Gnathovorax__Mod_R_deltaTMyr_z_trans,-0.06549817398388866,-0.01781811191512368,0.008952011734926588,NA,NA,NA
Gnathovorax__time,0.2758992108544615,-0.004138589361913848,0.09038816431089983,NA,NA,NA
Gojirasaurus__lat_range_z_trans,0.27046620890498163,0.00607838837333624,0.033322303405498126,0.27634292676084443,0.07789452373981476,0.4940805099904537
Gojirasaurus__Temperate_N,0.19520628401311113,-0.0050631816300017425,0.04884391395393658,NA,NA,NA
Gojirasaurus__Tropical,-0.22151005248073488,-0.03643793961601556,0.023970456842320735,NA,NA,NA
Gojirasaurus__Temperate_S,0.18932659830432386,-0.0028836101292501687,0.04505991069601041,NA,NA,NA
Gojirasaurus__Antarctic,0.06393926615593955,0.00116066007713421,0.007475557269080507,NA,NA,NA
Gojirasaurus__mean_z_trans,-0.07251770845847204,-0.01607030796444648,0.01872294567423139,NA,NA,NA
Gojirasaurus__Mod_R_deltaTMyr_z_trans,-0.42875731574371456,-0.02805311557703652,-0.008602985926175503,NA,NA,NA
Gojirasaurus__time,0.0717168022991973,-0.0087443975620403,0.038396414940337624,NA,NA,NA
Gomphiosauridion__lat_range_z_trans,0.2040983624766168,0.010151984556071001,0.03501024435054053,0.4072085190168582,0.20777822588570416,0.6361741293221712
Gomphiosauridion__Temperate_N,0.16104397141108742,-0.00262121895637219,0.05288561059588087,NA,NA,NA
Gomphiosauridion__Tropical,-0.20828352349596177,-0.04932675201599082,0.03616233258088163,NA,NA,NA
Gomphiosauridion__Temperate_S,0.14667524310289545,-0.005252809490966196,0.052003359163055325,NA,NA,NA
Gomphiosauridion__Antarctic,0.04452875279630898,0.0019436613582061511,0.007505670882709656,NA,NA,NA
Gomphiosauridion__mean_z_trans,-0.022197178670002336,-0.0108324429621884,0.011035322236906377,NA,NA,NA
Gomphiosauridion__Mod_R_deltaTMyr_z_trans,-0.06744548203879479,-0.015848794460547957,0.010965237289215507,NA,NA,NA
Gomphiosauridion__time,-0.11835838846463993,-0.018227132056531908,0.0016207397560499587,NA,NA,NA
Gondwanax__lat_range_z_trans,0.1308638835666884,0.007127748864500524,0.031377969099416786,0.533896686345397,0.2923736721277237,0.7810641415417194
Gondwanax__Temperate_N,0.11207101202281254,-0.006323338799525485,0.04346999092536849,NA,NA,NA
Gondwanax__Tropical,0.08627676909694067,-0.01242298233233768,0.040642957911336104,NA,NA,NA
Gondwanax__Temperate_S,-0.22306773283459572,-0.04682138501593592,0.02491049100260878,NA,NA,NA
Gondwanax__Antarctic,0.02658759599511008,0.0013150020640496306,0.0071831464837728495,NA,NA,NA
Gondwanax__mean_z_trans,-0.009395296064519039,-0.0105113181251147,0.01481849543121777,NA,NA,NA
Gondwanax__Mod_R_deltaTMyr_z_trans,0.13532937509675763,-0.0007463028631376192,0.044570606012195764,NA,NA,NA
Gondwanax__time,-0.11860384976168475,-0.02163092782081906,0.00021485998932333053,NA,NA,NA
Gorgetosuchus__lat_range_z_trans,0.21611673747008833,0.009434134584190956,0.03433979625046551,0.3954918711190112,0.203701414167881,0.6624075435101986
Gorgetosuchus__Temperate_N,0.17192507131323398,-0.002435871752214164,0.05187284825151385,NA,NA,NA
Gorgetosuchus__Tropical,-0.22309720017759732,-0.04583884210517068,0.035469821927988726,NA,NA,NA
Gorgetosuchus__Temperate_S,0.15564952979689267,-0.007221426502872315,0.04996602380136696,NA,NA,NA
Gorgetosuchus__Antarctic,0.047520344887262374,0.0018327827986618966,0.007361936873523187,NA,NA,NA
Gorgetosuchus__mean_z_trans,-0.023740259014079942,-0.010345812032339814,0.010815195441065798,NA,NA,NA
Gorgetosuchus__Mod_R_deltaTMyr_z_trans,-0.08062865833429343,-0.017628986677659428,0.015773191808512645,NA,NA,NA
Gorgetosuchus__time,-0.1236838088239968,-0.017809482340916758,0.001589702500803182,NA,NA,NA
Gracilisuchus__lat_range_z_trans,0.1102381250491369,0.00747246952169796,0.030055453987922424,0.5950762214773567,0.2923736721277237,0.926046758890152
Gracilisuchus__Temperate_N,0.09556536981064832,-0.003434569556432698,0.04714152452262902,NA,NA,NA
Gracilisuchus__Tropical,0.07440316250094503,-0.01269542475268398,0.039600190384502736,NA,NA,NA
Gracilisuchus__Temperate_S,-0.16770625148888985,-0.05242403054131926,0.021496524664900298,NA,NA,NA
Gracilisuchus__Antarctic,0.02182968633539218,0.0013438407386533516,0.006696007542585281,NA,NA,NA
Gracilisuchus__mean_z_trans,-0.005056881658467062,-0.007277191446593511,0.018737182949209886,NA,NA,NA
Gracilisuchus__Mod_R_deltaTMyr_z_trans,0.09617551633669975,-0.0029158828391079882,0.042890880121170386,NA,NA,NA
Gracilisuchus__time,-0.08538696976795543,-0.020082715152534188,0.0005707526823198329,NA,NA,NA
Grallator__lat_range_z_trans,0.05312378178896058,0.006458034640885856,0.0233602532499294,1.0940431665163488,0.18749134242534637,3.234595738351345
Grallator__Temperate_N,0.03487281533224481,-0.0031283532637938626,0.024983207502230383,NA,NA,NA
Grallator__Tropical,-0.02385070885091845,-0.03971483919772382,0.022561248346847973,NA,NA,NA
Grallator__Temperate_S,0.028978700303708957,-0.006821601937229908,0.021851970404708716,NA,NA,NA
Grallator__Antarctic,0.00909113234407435,0.0011234006716014627,0.00381410079693656,NA,NA,NA
Grallator__mean_z_trans,-0.001136902960564124,-0.016087409722312936,0.01358078409011666,NA,NA,NA
Grallator__Mod_R_deltaTMyr_z_trans,-0.05810831881874191,-0.028866537871683234,0.0038605336810235325,NA,NA,NA
Grallator__time,0.09709125797874564,-0.0029761973480638784,0.09317641878344664,NA,NA,NA
Graoullyodon__lat_range_z_trans,0.038841154226784504,0.010200368541915644,0.026176172363934134,1.5910630645614583,0.9984516687691212,2.2921414375305176
Graoullyodon__Temperate_N,-0.019298473823853725,-0.031125125573532218,0.022251737870423834,NA,NA,NA
Graoullyodon__Tropical,0.01828077837012913,-0.015556928982473463,0.026256712393214643,NA,NA,NA
Graoullyodon__Temperate_S,0.017502496850406318,-0.013292108721473144,0.024467973410247618,NA,NA,NA
Graoullyodon__Antarctic,0.005378152643551295,0.0006993754527665911,0.003903305214537218,NA,NA,NA
Graoullyodon__mean_z_trans,-0.0012503734400442106,-0.01496211585166638,0.014665896002218064,NA,NA,NA
Graoullyodon__Mod_R_deltaTMyr_z_trans,-0.027629862934573996,-0.03401690555971739,0.013763568312119619,NA,NA,NA
Graoullyodon__time,0.10823788522511053,0.008039936665860043,0.07570315128854473,NA,NA,NA
Gresslyosaurus__lat_range_z_trans,-0.5438076367974282,-0.026019314376555244,-0.030010004731493935,0.21419082428328692,0.008034881204366684,0.4267519377171993
Gresslyosaurus__Temperate_N,-0.14958322451566347,-0.02032597789107321,0.025269616558214084,NA,NA,NA
Gresslyosaurus__Tropical,0.09712795629835455,-0.009998300587999115,0.034886940852494476,NA,NA,NA
Gresslyosaurus__Temperate_S,0.11986912837717682,-0.010861177105636177,0.03200848092137857,NA,NA,NA
Gresslyosaurus__Antarctic,0.05944666013121605,0.0009126424326541975,0.007923551751456167,NA,NA,NA
Gresslyosaurus__mean_z_trans,-0.03284377694682917,-0.010100312809970206,0.016988408004266913,NA,NA,NA
Gresslyosaurus__Mod_R_deltaTMyr_z_trans,-0.13340029801242054,-0.016152480973038046,0.009423283430457325,NA,NA,NA
Gresslyosaurus__time,0.5934852689830586,0.0025314172832974803,0.11069824006846625,NA,NA,NA
Grippia__lat_range_z_trans,-0.7679529118537903,-0.05878279906814248,-0.05331551115058381,0.12023282616471988,0.027366369031369686,0.3088061474263668
Grippia__Temperate_N,-0.07839557719169533,-0.01676790978160817,0.014362262079623359,NA,NA,NA
Grippia__Tropical,0.1727341945975786,-0.0002881676948809313,0.04187133645185749,NA,NA,NA
Grippia__Temperate_S,0.16963784393388778,-0.00026173740520614864,0.03930425507840473,NA,NA,NA
Grippia__Antarctic,0.0560246848501265,0.0017803548370081794,0.009946340133230475,NA,NA,NA
Grippia__mean_z_trans,0.15192525393329562,-0.005015530509888994,0.06883257182846998,NA,NA,NA
Grippia__Mod_R_deltaTMyr_z_trans,0.3106221385183744,0.0027281914005051256,0.07932191225814347,NA,NA,NA
Grippia__time,-0.09121284831198864,-0.013405905806106889,0.006865350176094174,NA,NA,NA
Guaibasaurus__lat_range_z_trans,0.04667548084667426,0.005809922088605261,0.02090894477643755,1.2109812136308755,0.13420205563306808,3.3465236350893974
Guaibasaurus__Temperate_N,0.031969981965785835,-0.010601944035150686,0.024128103930284722,NA,NA,NA
Guaibasaurus__Tropical,0.025367897231932265,-0.006928966346616761,0.023154840944933506,NA,NA,NA
Guaibasaurus__Temperate_S,-0.022508529533139296,-0.03245077969527917,0.03307057538245007,NA,NA,NA
Guaibasaurus__Antarctic,0.007780884961059123,0.0007647853633051627,0.0036483151526071787,NA,NA,NA
Guaibasaurus__mean_z_trans,-0.003878330054264988,-0.014075191981910882,0.01588181040982259,NA,NA,NA
Guaibasaurus__Mod_R_deltaTMyr_z_trans,-0.048389413601226,-0.02684234407334356,0.009506671167787082,NA,NA,NA
Guaibasaurus__time,0.10304378530068861,-0.005688985347929679,0.07688925509091718,NA,NA,NA
Gualosuchus__lat_range_z_trans,0.10790072093954371,0.008264333558025345,0.029666646995996793,0.5984843251560232,0.36612601205706596,0.849332645535469
Gualosuchus__Temperate_N,0.0939226535021514,-0.007331652957072043,0.04343648161103268,NA,NA,NA
Gualosuchus__Tropical,0.07427247943299838,-0.004690172296723043,0.04643297288278359,NA,NA,NA
Gualosuchus__Temperate_S,-0.15320730974958863,-0.05077988881257501,0.030974201682609438,NA,NA,NA
Gualosuchus__Antarctic,0.0212029066009144,0.0013276870215265949,0.006310358191086845,NA,NA,NA
Gualosuchus__mean_z_trans,-0.011749086376523405,-0.010459929180197816,0.011192404898944254,NA,NA,NA
Gualosuchus__Mod_R_deltaTMyr_z_trans,0.08795173849351835,-0.004406643054722064,0.03836247628925124,NA,NA,NA
Gualosuchus__time,-0.08023234572550435,-0.021937238306582278,0.000812974303535019,NA,NA,NA
Guanlingsaurus__lat_range_z_trans,0.21147131617999057,0.009298728196637964,0.03412875595315773,0.3801920177025022,0.17165971919894218,0.6237562671303749
Guanlingsaurus__Temperate_N,-0.19848027411480165,-0.03770168309493295,0.02756297810503663,NA,NA,NA
Guanlingsaurus__Tropical,0.14244380705628631,-0.005974981726962868,0.045700106239750966,NA,NA,NA
Guanlingsaurus__Temperate_S,0.1605140434025393,-0.0049108340175192415,0.04586232262919392,NA,NA,NA
Guanlingsaurus__Antarctic,0.04470450441133341,0.0016515698840339306,0.007368060272000007,NA,NA,NA
Guanlingsaurus__mean_z_trans,-0.047912616709743575,-0.015929230530577713,0.01392714802226183,NA,NA,NA
Guanlingsaurus__Mod_R_deltaTMyr_z_trans,-0.07371109957622907,-0.018502979034857127,0.022586948091849766,NA,NA,NA
Guanlingsaurus__time,-0.09896792353186547,-0.017944093704142305,0.01005219754198901,NA,NA,NA
Guchengosuchus__lat_range_z_trans,0.04984112177396884,0.013264435733974064,0.025355699403290206,1.1068454965157435,0.5981970988214016,1.5876378156244755
Guchengosuchus__Temperate_N,-0.04721257599470535,-0.05566220635382858,0.024248488174466166,NA,NA,NA
Guchengosuchus__Tropical,0.04861364977919495,0.0037192170846410072,0.039903818966707104,NA,NA,NA
Guchengosuchus__Temperate_S,0.04599930960199772,-0.0024915412434026074,0.03365914298962262,NA,NA,NA
Guchengosuchus__Antarctic,0.007621351687238045,0.00149485571345983,0.004691731144338303,NA,NA,NA
Guchengosuchus__mean_z_trans,0.027502712964376824,-0.010078675398686104,0.03696723415987859,NA,NA,NA
Guchengosuchus__Mod_R_deltaTMyr_z_trans,0.0476322879611073,-0.001158161865959067,0.036501289074354897,NA,NA,NA
Guchengosuchus__time,-0.039936100655668494,-0.03910142769851885,0.005861112942581987,NA,NA,NA
Guizhouichthyosaurus__lat_range_z_trans,-0.33903643399477007,-0.037294283243712534,-0.019533302436084185,0.11994164708082736,0.008626677095890045,0.241798659786582
Guizhouichthyosaurus__Temperate_N,0.03800840698851971,-0.00776163351840054,0.03855855225150883,NA,NA,NA
Guizhouichthyosaurus__Tropical,0.028424335404611156,-0.0121127389575503,0.03891406561749802,NA,NA,NA
Guizhouichthyosaurus__Temperate_S,0.11987767757382244,-0.004823770460691879,0.04710734102786539,NA,NA,NA
Guizhouichthyosaurus__Antarctic,0.05679268751293421,0.0027007635942383128,0.01215522939266428,NA,NA,NA
Guizhouichthyosaurus__mean_z_trans,0.04279797486728057,-0.007713561387722967,0.02802438332811372,NA,NA,NA
Guizhouichthyosaurus__Mod_R_deltaTMyr_z_trans,-0.033889275627443566,-0.01278470363095499,0.02340013355816992,NA,NA,NA
Guizhouichthyosaurus__time,0.008468734746202244,-0.010223576423525402,0.03856211411550388,NA,NA,NA
Gulosaurus__lat_range_z_trans,0.03200884508548251,0.016743686341453724,0.022108916784358293,1.8784115774318344,1.0066168308258057,2.8588281087577343
Gulosaurus__Temperate_N,-0.029036945115149256,-0.05464186299095291,0.012769598796704125,NA,NA,NA
Gulosaurus__Tropical,0.03271603711252102,0.004597450147330598,0.032896354040395176,NA,NA,NA
Gulosaurus__Temperate_S,0.025849006665282163,-0.0013957997572536123,0.025561433906138176,NA,NA,NA
Gulosaurus__Antarctic,0.0033602428174833963,0.0007561735918616049,0.0025968386176020482,NA,NA,NA
Gulosaurus__mean_z_trans,0.03232517944346156,-0.02399353576741136,0.04658501700970122,NA,NA,NA
Gulosaurus__Mod_R_deltaTMyr_z_trans,0.06334665391565007,0.015933094415777584,0.055842307091105214,NA,NA,NA
Gulosaurus__time,-0.02050726280722161,-0.04801271000912595,0.008828050609235602,NA,NA,NA
Gunakadeit__lat_range_z_trans,0.2697873654961586,0.007180192663761854,0.03562786444273678,0.27188451128982705,0.07789452373981476,0.47409986704587936
Gunakadeit__Temperate_N,0.18941371893510223,-0.005860216062096403,0.041824279655276825,NA,NA,NA
Gunakadeit__Tropical,-0.1956837021606043,-0.027415552301944125,0.04686191813868955,NA,NA,NA
Gunakadeit__Temperate_S,0.18469954254105686,-0.003306227794187729,0.04242016781160409,NA,NA,NA
Gunakadeit__Antarctic,0.06346802203683183,0.001598915506569019,0.007944900196079147,NA,NA,NA
Gunakadeit__mean_z_trans,-0.0597520114434883,-0.017701958068206312,0.015260955623708815,NA,NA,NA
Gunakadeit__Mod_R_deltaTMyr_z_trans,-0.441879182420671,-0.03247312589052767,-0.015274405673472212,NA,NA,NA
Gunakadeit__time,0.05371282898093341,-0.012035532081688952,0.03252283666061686,NA,NA,NA
Gyposaurus__lat_range_z_trans,0.038841154226784504,0.010200368541915644,0.026176172363934134,1.5910630645614583,0.9984516687691212,2.2921414375305176
Gyposaurus__Temperate_N,-0.019298473823853725,-0.031125125573532218,0.022251737870423834,NA,NA,NA
Gyposaurus__Tropical,0.01828077837012913,-0.015556928982473463,0.026256712393214643,NA,NA,NA
Gyposaurus__Temperate_S,0.017502496850406318,-0.013292108721473144,0.024467973410247618,NA,NA,NA
Gyposaurus__Antarctic,0.005378152643551295,0.0006993754527665911,0.003903305214537218,NA,NA,NA
Gyposaurus__mean_z_trans,-0.0012503734400442106,-0.01496211585166638,0.014665896002218064,NA,NA,NA
Gyposaurus__Mod_R_deltaTMyr_z_trans,-0.027629862934573996,-0.03401690555971739,0.013763568312119619,NA,NA,NA
Gyposaurus__time,0.10823788522511053,0.008039936665860043,0.07570315128854473,NA,NA,NA
Halazhaisuchus__lat_range_z_trans,0.0508531562309776,0.011612804026530593,0.027069901966949545,1.083160015824251,0.5981970988214016,1.47257000207901
Halazhaisuchus__Temperate_N,-0.048882761295379176,-0.0551596201032275,0.019378123135285873,NA,NA,NA
Halazhaisuchus__Tropical,0.04968980200307156,0.003256115827485746,0.04260156465632714,NA,NA,NA
Halazhaisuchus__Temperate_S,0.04734098938993408,-0.0021813050146976885,0.035934709846827916,NA,NA,NA
Halazhaisuchus__Antarctic,0.007871310126714784,0.00119242251636206,0.004941027000037482,NA,NA,NA
Halazhaisuchus__mean_z_trans,0.02777916669982753,-0.0136758077062216,0.03567548255300077,NA,NA,NA
Halazhaisuchus__Mod_R_deltaTMyr_z_trans,0.04683009495291621,-0.0004483014264390347,0.035330347162227535,NA,NA,NA
Halazhaisuchus__time,-0.04142000099055277,-0.034609812148112894,0.006257360534583619,NA,NA,NA
Haligonia__lat_range_z_trans,-0.769790346622467,-0.06403123222627499,-0.030044585357824085,0.16753427085859585,0.09046594053506851,0.2718217745423317
Haligonia__Temperate_N,-0.01322959412354976,-0.0072973038222614636,0.02187167910577212,NA,NA,NA
Haligonia__Tropical,0.005685061365948058,-0.009250878346462663,0.03338078519880755,NA,NA,NA
Haligonia__Temperate_S,0.09372766820160905,-0.004132477938880291,0.035462317580162814,NA,NA,NA
Haligonia__Antarctic,0.05704618932679296,0.0014027308746698344,0.008727431791710434,NA,NA,NA
Haligonia__mean_z_trans,0.03895571271074005,-0.003357095661648717,0.022957298492401745,NA,NA,NA
Haligonia__Mod_R_deltaTMyr_z_trans,-0.06291072556443396,-0.009003581948275982,0.011287955231312758,NA,NA,NA
Haligonia__time,0.6199672311544419,0.0056563350408139566,0.10354563481289653,NA,NA,NA
Hanosaurus__lat_range_z_trans,0.04654502888073955,0.008633880482638434,0.02463094067821193,1.261164240151411,0.4523436911404133,2.17443535476923
Hanosaurus__Temperate_N,0.04763803248989444,0.0007997768061598057,0.030921043795958426,NA,NA,NA
Hanosaurus__Tropical,-0.06537532114485542,-0.048343711300486834,0.009955624485777565,NA,NA,NA
Hanosaurus__Temperate_S,0.03450626347479986,0.0004788827214155898,0.027634145858825516,NA,NA,NA
Hanosaurus__Antarctic,0.007105730526471241,0.0008266896819518963,0.003927709629867844,NA,NA,NA
Hanosaurus__mean_z_trans,0.008294933923006583,-0.028280011272775234,0.036423916859649304,NA,NA,NA
Hanosaurus__Mod_R_deltaTMyr_z_trans,0.09703018307929909,0.009191667517469465,0.06687165245817585,NA,NA,NA
Hanosaurus__time,-0.0356830941118455,-0.033320678664693425,0.006823483088773432,NA,NA,NA
Helveticosaurus__lat_range_z_trans,0.05200400211234769,0.011917474708026003,0.027128827632481648,1.113815581050585,0.5311340913176537,1.973779283463955
Helveticosaurus__Temperate_N,0.052913881389167486,-0.0017154269877852394,0.03970490385422389,NA,NA,NA
Helveticosaurus__Tropical,-0.052265810608051674,-0.05077814442686229,0.022926872643652167,NA,NA,NA
Helveticosaurus__Temperate_S,0.04486081903476306,-0.0033048081359675504,0.03642538692438101,NA,NA,NA
Helveticosaurus__Antarctic,0.00821432487800556,0.00122188887411963,0.005011559668189426,NA,NA,NA
Helveticosaurus__mean_z_trans,0.0037701675713072195,-0.02129694120905127,0.021034373482962596,NA,NA,NA
Helveticosaurus__Mod_R_deltaTMyr_z_trans,0.06519035024931492,0.005542176198867785,0.05128770687255726,NA,NA,NA
Helveticosaurus__time,-0.0346259775093444,-0.03159972304966738,0.0036688857767918563,NA,NA,NA
Hemilopas__lat_range_z_trans,0.04569911633529977,0.007632510700679454,0.021836803166675817,0.9666853230784181,0.6435552928596735,1.6377304513007402
Hemilopas__Temperate_N,-0.05984311402090556,-0.051106194837875124,0.019717187426381552,NA,NA,NA
Hemilopas__Tropical,0.054869436466192086,0.0025681042545792386,0.04314021272222621,NA,NA,NA
Hemilopas__Temperate_S,0.053100332170439274,-0.004043297743175528,0.03541209758022636,NA,NA,NA
Hemilopas__Antarctic,0.009526688582145703,0.0012066386863654088,0.005121142910051095,NA,NA,NA
Hemilopas__mean_z_trans,0.027922822405789492,-0.013031507659440169,0.03635128314443504,NA,NA,NA
Hemilopas__Mod_R_deltaTMyr_z_trans,0.05556973975192628,-0.0015164409675431684,0.039296579302137785,NA,NA,NA
Hemilopas__time,-0.0467832645733772,-0.03172331646191042,0.00631321060310601,NA,NA,NA
Hemiprotosuchus__lat_range_z_trans,0.10772468428655615,0.005461837867115919,0.02124005358601305,0.5866052762803156,0.07354668527841568,2.2298683673143387
Hemiprotosuchus__Temperate_N,0.06987261230560075,-0.009617456520863658,0.028580076399676576,NA,NA,NA
Hemiprotosuchus__Tropical,0.057304067960241435,-0.006711587274348559,0.025675477084645324,NA,NA,NA
Hemiprotosuchus__Temperate_S,-0.07645476515761097,-0.03187455293685279,0.030568833393094918,NA,NA,NA
Hemiprotosuchus__Antarctic,0.022739915598269985,0.0010908599921253038,0.004660258145001292,NA,NA,NA
Hemiprotosuchus__mean_z_trans,-0.029169712882006375,-0.01401154410211067,0.014343029550243462,NA,NA,NA
Hemiprotosuchus__Mod_R_deltaTMyr_z_trans,-0.15023677051233916,-0.02672096325727144,0.0027626943410109135,NA,NA,NA
Hemiprotosuchus__time,0.138281725518798,-0.007630097796114412,0.07935809435555433,NA,NA,NA
Henodus__lat_range_z_trans,0.21145016298693745,0.008523678069519623,0.0316229320598436,0.3807886470219819,0.18964093178510666,0.6237562671303749
Henodus__Temperate_N,-0.19931400853189676,-0.041575082408742685,0.02390097307236341,NA,NA,NA
Henodus__Tropical,0.14173512625375903,-0.0048675155745329345,0.049626681654389194,NA,NA,NA
Henodus__Temperate_S,0.16069353252347446,-0.0043337152059103245,0.0477253910249288,NA,NA,NA
Henodus__Antarctic,0.04488136598327046,0.0014856676053346383,0.007176679770821907,NA,NA,NA
Henodus__mean_z_trans,-0.0417219680284667,-0.011814820658829772,0.015405229301546076,NA,NA,NA
Henodus__Mod_R_deltaTMyr_z_trans,-0.08725341751101308,-0.020827764089797814,0.021700633191513094,NA,NA,NA
Henodus__time,-0.090409036558555,-0.016603951765361048,0.010029996779833784,NA,NA,NA
Heptasuchus__lat_range_z_trans,0.20152151400602786,0.010261703135778826,0.03501024435054053,0.4095366287580691,0.20777822588570416,0.631789181381464
Heptasuchus__Temperate_N,0.1595869005183052,-0.002649548040149647,0.05288561059588087,NA,NA,NA
Heptasuchus__Tropical,-0.2056030214698167,-0.0498598557793883,0.03616233258088163,NA,NA,NA
Heptasuchus__Temperate_S,0.1447785370715978,-0.005309579750381133,0.052003359163055325,NA,NA,NA
Heptasuchus__Antarctic,0.04389055934506244,0.001964667671058334,0.007505670882709656,NA,NA,NA
Heptasuchus__mean_z_trans,-0.021195337184476616,-0.010949515663591059,0.011035322236906377,NA,NA,NA
Heptasuchus__Mod_R_deltaTMyr_z_trans,-0.06513360175104231,-0.015208797589799724,0.010965237289215507,NA,NA,NA
Heptasuchus__time,-0.1177837934181478,-0.01826257801184761,0.0016207397560499587,NA,NA,NA
Herrerasaurus__lat_range_z_trans,0.11157559299183178,0.007325092706305149,0.029672834294685244,0.568780297205667,0.060112468898296356,0.9275609254837036
Herrerasaurus__Temperate_N,0.09982389286241357,-0.0071081885967036245,0.04549896510614794,NA,NA,NA
Herrerasaurus__Tropical,0.08023739910936482,-0.004744909969685085,0.05178742554613466,NA,NA,NA
Herrerasaurus__Temperate_S,-0.11052451429945218,-0.04513499844043514,0.03881634944828999,NA,NA,NA
Herrerasaurus__Antarctic,0.02195557850942315,0.0012714594855751957,0.006097015309202897,NA,NA,NA
Herrerasaurus__mean_z_trans,-0.01153299729317837,-0.008818308411916092,0.012299690006947379,NA,NA,NA
Herrerasaurus__Mod_R_deltaTMyr_z_trans,0.0026227615923882838,-0.016045216166392318,0.02074542328663169,NA,NA,NA
Herrerasaurus__time,-0.054095956355281166,-0.01675843463506839,0.0022708138572000874,NA,NA,NA
Hescheleria__lat_range_z_trans,0.08308781706097326,0.00987694896198511,0.027813098272972833,0.7276380905146652,0.5062590576708317,1.0283975303173065
Hescheleria__Temperate_N,0.0825239372794867,-0.0016472599299812182,0.039771536727388694,NA,NA,NA
Hescheleria__Tropical,-0.10576094628776739,-0.04876033968729957,0.025325432888935476,NA,NA,NA
Hescheleria__Temperate_S,0.07307953937912716,-0.002490316616682987,0.040625531278584766,NA,NA,NA
Hescheleria__Antarctic,0.01573969314779924,0.001386179074636894,0.0055894333937259386,NA,NA,NA
Hescheleria__mean_z_trans,-0.013705627916870322,-0.0204128468054193,0.020831006843535137,NA,NA,NA
Hescheleria__Mod_R_deltaTMyr_z_trans,0.07770956851863789,0.002378154910677023,0.03804922836596093,NA,NA,NA
Hescheleria__time,-0.07261222406387673,-0.030344023936236263,0.009183249084136095,NA,NA,NA
Hesperosuchus__lat_range_z_trans,-0.8674318969249726,-0.049824020929767045,-0.05630674479105122,0.25978712168172935,0.15672113187611103,0.3860856890678406
Hesperosuchus__Temperate_N,0.11979815274011343,-0.004809557984660752,0.03968951687852537,NA,NA,NA
Hesperosuchus__Tropical,-0.004229367719963193,-0.01770181923362408,0.027060733729445736,NA,NA,NA
Hesperosuchus__Temperate_S,0.10127897975733503,-0.005441387428492302,0.0361302649718323,NA,NA,NA
Hesperosuchus__Antarctic,0.05738110406324268,0.0010149958622572477,0.008281891939269707,NA,NA,NA
Hesperosuchus__mean_z_trans,0.025763170857098883,-0.005769413618860277,0.026356996009753678,NA,NA,NA
Hesperosuchus__Mod_R_deltaTMyr_z_trans,-0.08295045189966914,-0.014806133547834124,0.00570899746411757,NA,NA,NA
Hesperosuchus__time,0.7098297670483589,0.007323832852661016,0.12026686065334674,NA,NA,NA
Heterodontichnites__lat_range_z_trans,0.04591030251049766,0.0018040076038785284,0.018401258332547257,0.7295853055932093,0.030426140874624252,2.258088856935501
Heterodontichnites__Temperate_N,0.058865049197184015,-0.00488623715716882,0.027889846098645858,NA,NA,NA
Heterodontichnites__Tropical,-0.044542184541372445,-0.030087647458788624,0.03160152298093754,NA,NA,NA
Heterodontichnites__Temperate_S,0.047611122940283836,-0.006563234763216294,0.025262258750656644,NA,NA,NA
Heterodontichnites__Antarctic,0.01606093502007618,0.0013843042784935104,0.0044435276005550675,NA,NA,NA
Heterodontichnites__mean_z_trans,-0.008972148922995676,-0.01738842736082421,0.015453522556805571,NA,NA,NA
Heterodontichnites__Mod_R_deltaTMyr_z_trans,-0.09281564243506799,-0.02732865217762555,0.005428407850536023,NA,NA,NA
Heterodontichnites__time,0.11794432334890428,-0.006947616993068848,0.0787081726845559,NA,NA,NA
Heteropelta__lat_range_z_trans,0.05027127494486661,0.011612804026530593,0.027010366461270714,1.0966794293327258,0.6785317342728376,1.7256336566060781
Heteropelta__Temperate_N,-0.047976657190168956,-0.0551596201032275,0.0193355043492491,NA,NA,NA
Heteropelta__Tropical,0.049111792032207155,0.003256115827485746,0.04250786998031315,NA,NA,NA
Heteropelta__Temperate_S,0.04680439825148256,-0.0021813050146976885,0.03606841314992051,NA,NA,NA
Heteropelta__Antarctic,0.007729344444063096,0.00119242251636206,0.004930160077010604,NA,NA,NA
Heteropelta__mean_z_trans,0.027909972259962897,-0.0136758077062216,0.03559702058085464,NA,NA,NA
Heteropelta__Mod_R_deltaTMyr_z_trans,0.04701102262800461,-0.0004483014264390347,0.035252644254892294,NA,NA,NA
Heteropelta__time,-0.04079939025290814,-0.034609812148112894,0.006486538001728853,NA,NA,NA
Himalayasaurus__lat_range_z_trans,0.2831045934557915,0.007473842665325747,0.03175892234642962,0.34716344098793345,0.18254610896110535,0.4940805099904537
Himalayasaurus__Temperate_N,0.18678556605475025,-0.008004421614233486,0.04000720336719816,NA,NA,NA
Himalayasaurus__Tropical,-0.20231969910906628,-0.030831192197078337,0.04383265745106609,NA,NA,NA
Himalayasaurus__Temperate_S,0.1770406940940302,-0.00410911569616821,0.04146422571526052,NA,NA,NA
Himalayasaurus__Antarctic,0.06491980529739522,0.001460708601869596,0.007246648454461665,NA,NA,NA
Himalayasaurus__mean_z_trans,-0.07548975424841046,-0.017696831889526032,0.017228894454059073,NA,NA,NA
Himalayasaurus__Mod_R_deltaTMyr_z_trans,-0.4517065253667533,-0.03126657373153676,-0.009160868328423454,NA,NA,NA
Himalayasaurus__time,0.15532494645565748,-0.007039920166972819,0.03481083339518818,NA,NA,NA
Hispaniasaurus__lat_range_z_trans,0.04210525154271291,0.01171328595421233,0.02571091870881173,1.402369600260863,0.3207779750227928,2.279131389223039
Hispaniasaurus__Temperate_N,0.04170419275755887,-0.0030021561817495383,0.038215198994488525,NA,NA,NA
Hispaniasaurus__Tropical,-0.03265299558426576,-0.05330429731929816,0.021632210206343483,NA,NA,NA
Hispaniasaurus__Temperate_S,0.03469884742855802,-0.007146597989919474,0.034759235464832096,NA,NA,NA
Hispaniasaurus__Antarctic,0.005752591223743036,0.0012197544084124223,0.004899425203946594,NA,NA,NA
Hispaniasaurus__mean_z_trans,0.008229791184557087,-0.013659049638272757,0.023993825237342198,NA,NA,NA
Hispaniasaurus__Mod_R_deltaTMyr_z_trans,0.0593963602293137,-0.004574931173471168,0.05170744144880707,NA,NA,NA
Hispaniasaurus__time,-0.01917228166466803,-0.02125951208823396,0.006270261590668173,NA,NA,NA
Honghesaurus__lat_range_z_trans,0.08242430711170651,0.00996804058837497,0.027813098272972833,0.7325599839921051,0.5062590576708317,1.0273417010903358
Honghesaurus__Temperate_N,0.08205013676180299,-0.001662452028946836,0.039771536727388694,NA,NA,NA
Honghesaurus__Tropical,-0.10539410315050173,-0.04921003915041651,0.025325432888935476,NA,NA,NA
Honghesaurus__Temperate_S,0.07260585809259372,-0.0025132839309530562,0.040625531278584766,NA,NA,NA
Honghesaurus__Antarctic,0.015603504421091267,0.0013989633167001319,0.0055894333937259386,NA,NA,NA
Honghesaurus__mean_z_trans,-0.012960309179162861,-0.020601107311969385,0.020831006843535137,NA,NA,NA
Honghesaurus__Mod_R_deltaTMyr_z_trans,0.07752758563070736,0.003230250685394765,0.03804922836596093,NA,NA,NA
Honghesaurus__time,-0.0717952225707274,-0.0306238761965044,0.009183249084136095,NA,NA,NA
Horaffia__lat_range_z_trans,-0.2720669552311301,-0.02354273284307843,-0.005040236769824996,0.20008865041207172,0.00782863050699234,0.4643744467757642
Horaffia__Temperate_N,-0.29044118867008367,-0.04055066072310591,0.020530778337383433,NA,NA,NA
Horaffia__Tropical,0.1906015888089314,-0.0028319789059759416,0.054400781424485775,NA,NA,NA
Horaffia__Temperate_S,0.21355627128155902,-0.0005133655461205297,0.0536202809599369,NA,NA,NA
Horaffia__Antarctic,0.058178753769025204,0.0013374181641722241,0.008084534016482675,NA,NA,NA
Horaffia__mean_z_trans,0.02787937506334856,-0.0068427353385206524,0.0165463903026526,NA,NA,NA
Horaffia__Mod_R_deltaTMyr_z_trans,0.15589121157478075,-0.006815116560128483,0.0496119831122405,NA,NA,NA
Horaffia__time,-0.08698430670367088,-0.010254332275562597,0.009434005471882995,NA,NA,NA
Hovasaurus__lat_range_z_trans,-0.8495403414964676,-0.0580929290955018,-0.04690786074438024,0.26816349317261484,0.04656286910176277,0.5794208869338036
Hovasaurus__Temperate_N,0.19217906825244427,0.0013395244914739114,0.04034105628323859,NA,NA,NA
Hovasaurus__Tropical,0.17351511856541038,-0.0007155694365753284,0.036422028030540884,NA,NA,NA
Hovasaurus__Temperate_S,-0.042138124480843545,-0.017990866836287256,0.028216265653857424,NA,NA,NA
Hovasaurus__Antarctic,0.05712734196335077,0.0013830123542707229,0.007675370415158257,NA,NA,NA
Hovasaurus__mean_z_trans,0.21569729628390633,-0.007247855406581179,0.058199690628563304,NA,NA,NA
Hovasaurus__Mod_R_deltaTMyr_z_trans,0.43834927516058086,0.007139965810298209,0.07517304728160543,NA,NA,NA
Hovasaurus__time,-0.11489434578863439,-0.01582878590941759,0.008068919306656245,NA,NA,NA
Howesia__lat_range_z_trans,0.28540672481060025,0.00719873731355017,0.02784994646385792,0.32703325064387173,0.14113495964556932,0.5613504543434829
Howesia__Temperate_N,0.24420553571777417,-0.006970451960123235,0.039457868389691425,NA,NA,NA
Howesia__Tropical,0.2094346216856502,-0.003234010783818272,0.04582207426030165,NA,NA,NA
Howesia__Temperate_S,-0.5341981278383173,-0.049089590730096305,0.021729415598073988,NA,NA,NA
Howesia__Antarctic,0.06425870014354587,0.001305590008995925,0.0067741391331595565,NA,NA,NA
Howesia__mean_z_trans,-0.02125288303941488,-0.011285343078776313,0.020113996022911293,NA,NA,NA
Howesia__Mod_R_deltaTMyr_z_trans,0.2064651212305762,-0.001618963581812895,0.039740140226765155,NA,NA,NA
Howesia__time,-0.3378314658952877,-0.02631947121623939,0.0057009367604788875,NA,NA,NA
Hudsonelpidia__lat_range_z_trans,0.2705585196614265,0.0065341183748941385,0.037362127751743704,0.2636408236448187,0.10538624599575996,0.4918280690908432
Hudsonelpidia__Temperate_N,0.19051456435816363,-0.007137141899786957,0.047445833557484295,NA,NA,NA
Hudsonelpidia__Tropical,-0.20300830350490287,-0.03239622592776517,0.031738713079684504,NA,NA,NA
Hudsonelpidia__Temperate_S,0.1812124056403991,-0.003040227307940798,0.05078802122824425,NA,NA,NA
Hudsonelpidia__Antarctic,0.06408671519486234,0.0013024407094254565,0.008527298676627776,NA,NA,NA
Hudsonelpidia__mean_z_trans,-0.06343440966680645,-0.015779378755814994,0.01650291758254816,NA,NA,NA
Hudsonelpidia__Mod_R_deltaTMyr_z_trans,-0.44102992517873646,-0.02898314118023715,-0.01869922009736824,NA,NA,NA
Hudsonelpidia__time,0.056130394795909526,-0.010513948041094841,0.033522825076275437,NA,NA,NA
Hupehsuchus__lat_range_z_trans,-0.6274126899242402,-0.048698218999408065,-0.04733357941060257,0.0873126435445738,0.00840998301282525,0.22298798337578773
Hupehsuchus__Temperate_N,0.17409256625222042,-0.00039159069594976053,0.04924238037673456,NA,NA,NA
Hupehsuchus__Tropical,-0.08712930539157242,-0.021368153185426383,0.0433273066978044,NA,NA,NA
Hupehsuchus__Temperate_S,0.17047315341420471,0.0007353738854941716,0.06285846837662805,NA,NA,NA
Hupehsuchus__Antarctic,0.05543790152296424,0.0018120744822463222,0.010880588038142661,NA,NA,NA
Hupehsuchus__mean_z_trans,0.036519575684797016,-0.006831631765466253,0.024022127832280114,NA,NA,NA
Hupehsuchus__Mod_R_deltaTMyr_z_trans,0.19597440789453685,-0.00437427864520349,0.05829464618149254,NA,NA,NA
Hupehsuchus__time,-0.029268887366342825,-0.010897079104606851,0.005896578762760091,NA,NA,NA
Hwiccewyrm__lat_range_z_trans,0.18320109790005548,0.007779271222959254,0.032689545501362396,0.40383025976901993,0.19339076873438898,0.718449704349041
Hwiccewyrm__Temperate_N,-0.14510814192409785,-0.03128924887635405,0.033028965468154654,NA,NA,NA
Hwiccewyrm__Tropical,0.12717010720332472,-0.0046074340214820216,0.04538776623430526,NA,NA,NA
Hwiccewyrm__Temperate_S,0.13675957874003467,-0.008921779184188799,0.04087035869744031,NA,NA,NA
Hwiccewyrm__Antarctic,0.03819753661170078,0.0013237113980658116,0.007300888837484152,NA,NA,NA
Hwiccewyrm__mean_z_trans,-0.04594711960619924,-0.015725711022307288,0.01592483401788336,NA,NA,NA
Hwiccewyrm__Mod_R_deltaTMyr_z_trans,-0.10873088867957868,-0.02358311487725967,0.014839078974358596,NA,NA,NA
Hwiccewyrm__time,-0.04548041312773002,-0.014989198667753547,0.017147079124251126,NA,NA,NA
Hyperodapedon__lat_range_z_trans,-0.7452812283486128,-0.06090424100431144,-0.018444322310409458,0.1901357149757888,0.002151021733880043,0.5659117251634598
Hyperodapedon__Temperate_N,0.13440566451652558,-0.002112994226261026,0.030463138818971298,NA,NA,NA
Hyperodapedon__Tropical,0.004939535597804934,-0.007906288747215091,0.026602301561219895,NA,NA,NA
Hyperodapedon__Temperate_S,0.04577295336290263,-0.007560467841243236,0.03231836339346487,NA,NA,NA
Hyperodapedon__Antarctic,0.05667047673836351,0.000982303688223588,0.007850506937344225,NA,NA,NA
Hyperodapedon__mean_z_trans,0.04492083295876284,-0.0033613895165841286,0.017774418366819124,NA,NA,NA
Hyperodapedon__Mod_R_deltaTMyr_z_trans,-0.047408909780206156,-0.007224474669429666,0.014380540275778272,NA,NA,NA
Hyperodapedon__time,0.49877478323876856,-0.0019259517114993162,0.09624356981205165,NA,NA,NA
Hypselorhachis__lat_range_z_trans,0.2843193984031677,0.006643047037997797,0.028627007581341603,0.31222965380642564,0.14113495964556932,0.5577022470533848
Hypselorhachis__Temperate_N,0.24246938809053972,-0.006930607056673023,0.04080642218362064,NA,NA,NA
Hypselorhachis__Tropical,0.2120688064559363,-0.0032155243430285843,0.04738813787730079,NA,NA,NA
Hypselorhachis__Temperate_S,-0.5382101067923941,-0.04880898195261087,0.022472063060811814,NA,NA,NA
Hypselorhachis__Antarctic,0.06453777162358165,0.001298126919349571,0.007015518981015082,NA,NA,NA
Hypselorhachis__mean_z_trans,-0.02482280601747334,-0.011220833143416483,0.018766190153747697,NA,NA,NA
Hypselorhachis__Mod_R_deltaTMyr_z_trans,0.1971776332356967,-0.0016097091678988792,0.03621739901964802,NA,NA,NA
Hypselorhachis__time,-0.33616080112289637,-0.026169022322039832,0.005895777997754211,NA,NA,NA
Hypsognathus__lat_range_z_trans,-0.769790346622467,-0.06403123222627499,-0.030044585357824085,0.16753427085859585,0.09046594053506851,0.2718217745423317
Hypsognathus__Temperate_N,-0.01322959412354976,-0.0072973038222614636,0.02187167910577212,NA,NA,NA
Hypsognathus__Tropical,0.005685061365948058,-0.009250878346462663,0.03338078519880755,NA,NA,NA
Hypsognathus__Temperate_S,0.09372766820160905,-0.004132477938880291,0.035462317580162814,NA,NA,NA
Hypsognathus__Antarctic,0.05704618932679296,0.0014027308746698344,0.008727431791710434,NA,NA,NA
Hypsognathus__mean_z_trans,0.03895571271074005,-0.003357095661648717,0.022957298492401745,NA,NA,NA
Hypsognathus__Mod_R_deltaTMyr_z_trans,-0.06291072556443396,-0.009003581948275982,0.011287955231312758,NA,NA,NA
Hypsognathus__time,0.6199672311544419,0.0056563350408139566,0.10354563481289653,NA,NA,NA
Hypuronector__lat_range_z_trans,0.08193075255272629,0.006947432993409684,0.022482408666173265,0.735200895286398,0.12074675224721432,2.3366577606648207
Hypuronector__Temperate_N,0.054304807218005006,-0.006050236052167561,0.03164057618852476,NA,NA,NA
Hypuronector__Tropical,-0.04613687048975303,-0.03220757111703171,0.028283084002988047,NA,NA,NA
Hypuronector__Temperate_S,0.048857216349273015,-0.004201761725824056,0.0274817232690357,NA,NA,NA
Hypuronector__Antarctic,0.016135921925679846,0.0012351888466842977,0.004607195820012709,NA,NA,NA
Hypuronector__mean_z_trans,-0.009341504067660444,-0.016229284161671853,0.016894325841887617,NA,NA,NA
Hypuronector__Mod_R_deltaTMyr_z_trans,-0.1101459319824626,-0.03245451468116346,-0.0019699138933507924,NA,NA,NA
Hypuronector__time,0.10445736561170174,-0.007052758130555658,0.07776911695996856,NA,NA,NA
Icarosaurus__lat_range_z_trans,0.27145026668906214,0.007507797222008204,0.031257296330914244,0.26097619626438245,0.08565908297896385,0.47409986704587936
Icarosaurus__Temperate_N,0.18551374843344093,-0.005831725207986912,0.041398685728421425,NA,NA,NA
Icarosaurus__Tropical,-0.20533849752275274,-0.028666418444615642,0.04924583999379447,NA,NA,NA
Icarosaurus__Temperate_S,0.17627495927154085,-0.004704173379518017,0.038302377986402875,NA,NA,NA
Icarosaurus__Antarctic,0.06449182755663059,0.001584047257863162,0.007653060887696696,NA,NA,NA
Icarosaurus__mean_z_trans,-0.06037283702986315,-0.01608803464785644,0.01846651186783904,NA,NA,NA
Icarosaurus__Mod_R_deltaTMyr_z_trans,-0.44299605321139096,-0.0355485377345188,-0.015242213398654484,NA,NA,NA
Icarosaurus__time,0.06301245897077024,-0.008266459093695878,0.036106957458825605,NA,NA,NA
Ichthyosaurus__lat_range_z_trans,-0.7839145889878273,-0.06705418070354975,-0.028318719996838826,0.16233531315694563,0.0738997794687748,0.23838341608643532
Ichthyosaurus__Temperate_N,-0.014013450510101394,-0.0072541257506762696,0.02145979833348944,NA,NA,NA
Ichthyosaurus__Tropical,0.0018510819337097927,-0.009262170745248613,0.03316077869819686,NA,NA,NA
Ichthyosaurus__Temperate_S,0.10370841307099908,-0.003288095810682455,0.03443987901733911,NA,NA,NA
Ichthyosaurus__Antarctic,0.05654285985976457,0.0012140257873274358,0.008170089259711579,NA,NA,NA
Ichthyosaurus__mean_z_trans,0.040757159994682296,-0.0029214687556847188,0.0224680466882225,NA,NA,NA
Ichthyosaurus__Mod_R_deltaTMyr_z_trans,-0.05399930659739766,-0.008897950854017176,0.00959293696792266,NA,NA,NA
Ichthyosaurus__time,0.6139963267743588,0.007450462804211238,0.10621570788719654,NA,NA,NA
Ichthyotitan__lat_range_z_trans,0.039765515893018744,0.009772864789320521,0.02542138622654741,1.5396244934026617,0.7788858413696289,2.2921414375305176
Ichthyotitan__Temperate_N,-0.01968762637466748,-0.03077386025520395,0.02236498442878623,NA,NA,NA
Ichthyotitan__Tropical,0.019201227812590083,-0.015381359904098859,0.026390341610391204,NA,NA,NA
Ichthyotitan__Temperate_S,0.018356723077369422,-0.013142099469614168,0.024592499134707825,NA,NA,NA
Ichthyotitan__Antarctic,0.005580544376245541,0.0005834243715358336,0.003756724039862326,NA,NA,NA
Ichthyotitan__mean_z_trans,-0.0018024253180142036,-0.015388670013676125,0.014740535666644433,NA,NA,NA
Ichthyotitan__Mod_R_deltaTMyr_z_trans,-0.02901295376394009,-0.03363300480623295,0.013833615728245485,NA,NA,NA
Ichthyotitan__time,0.10766075141490783,0.007949201259649378,0.07608843002005497,NA,NA,NA
Idiosaura__lat_range_z_trans,0.20152151400602786,0.010261703135778826,0.03501024435054053,0.4095366287580691,0.20777822588570416,0.631789181381464
Idiosaura__Temperate_N,0.1595869005183052,-0.002649548040149647,0.05288561059588087,NA,NA,NA
Idiosaura__Tropical,-0.2056030214698167,-0.0498598557793883,0.03616233258088163,NA,NA,NA
Idiosaura__Temperate_S,0.1447785370715978,-0.005309579750381133,0.052003359163055325,NA,NA,NA
Idiosaura__Antarctic,0.04389055934506244,0.001964667671058334,0.007505670882709656,NA,NA,NA
Idiosaura__mean_z_trans,-0.021195337184476616,-0.010949515663591059,0.011035322236906377,NA,NA,NA
Idiosaura__Mod_R_deltaTMyr_z_trans,-0.06513360175104231,-0.015208797589799724,0.010965237289215507,NA,NA,NA
Idiosaura__time,-0.1177837934181478,-0.01826257801184761,0.0016207397560499587,NA,NA,NA
Ignotosaurus__lat_range_z_trans,0.09701656028027941,0.008700187895665767,0.029982491641385164,0.6316335746011464,0.3027215451002121,1.1073092222213745
Ignotosaurus__Temperate_N,0.08373965623795492,-0.008246554293832444,0.04821110853736011,NA,NA,NA
Ignotosaurus__Tropical,0.07056842174364446,-0.005349092511761129,0.05232786454255058,NA,NA,NA
Ignotosaurus__Temperate_S,-0.08851633725893458,-0.05185145580964421,0.032783528165992885,NA,NA,NA
Ignotosaurus__Antarctic,0.018326858315842708,0.0014188483949258027,0.006441721915684472,NA,NA,NA
Ignotosaurus__mean_z_trans,-0.0062711957425117945,-0.00811247483822903,0.012428046109871629,NA,NA,NA
Ignotosaurus__Mod_R_deltaTMyr_z_trans,0.018606834221491786,-0.010341897209825522,0.025160115790876385,NA,NA,NA
Ignotosaurus__time,-0.053409040680257036,-0.016231065655619537,-0.00014635984848136908,NA,NA,NA
Incertovenator__lat_range_z_trans,0.09395243584130109,0.008648950239463854,0.031193111027931802,0.644633113995078,0.3027215451002121,0.9543818663805723
Incertovenator__Temperate_N,0.08289343200432191,-0.00819798820321177,0.0465923470532215,NA,NA,NA
Incertovenator__Tropical,0.0691433401441838,-0.005317590322797327,0.053031924976955976,NA,NA,NA
Incertovenator__Temperate_S,-0.08529616105268018,-0.051546089178692855,0.0327809357575639,NA,NA,NA
Incertovenator__Antarctic,0.017606746286267516,0.0013605194903479505,0.006528393932016948,NA,NA,NA
Incertovenator__mean_z_trans,-0.006605236974611881,-0.00889424366369237,0.01259526286177656,NA,NA,NA
Incertovenator__Mod_R_deltaTMyr_z_trans,0.018881197669342,-0.010280991102961263,0.02359450052123086,NA,NA,NA
Incertovenator__time,-0.05051399680061441,-0.015786071286776535,0.0008720407245423326,NA,NA,NA
Indosauriscus__lat_range_z_trans,0.06265682008617257,0.010601555874893287,0.028594979358064706,0.8893820833142673,0.41489554941654205,1.4990822516847402
Indosauriscus__Temperate_N,0.05310330742651656,-0.006575772960662696,0.03708406455389137,NA,NA,NA
Indosauriscus__Tropical,0.045448267637168804,-0.0017084726192178087,0.036144813538502706,NA,NA,NA
Indosauriscus__Temperate_S,-0.0543656891567537,-0.04880787323003971,0.028028673714600116,NA,NA,NA
Indosauriscus__Antarctic,0.010883838483798449,0.0012719374673054358,0.005308953143203414,NA,NA,NA
Indosauriscus__mean_z_trans,0.07360051917158297,0.0005052515672852807,0.04930461412470203,NA,NA,NA
Indosauriscus__Mod_R_deltaTMyr_z_trans,0.013658137703371572,-0.009975028028331927,0.020924846943338217,NA,NA,NA
Indosauriscus__time,-0.06492344423434739,-0.035325102099552176,0.0017975714789373277,NA,NA,NA
Ingentia__lat_range_z_trans,0.11470238666913149,0.005278453905862884,0.02059888974911215,0.5544654930458637,0.04828121524769813,2.5035580955445766
Ingentia__Temperate_N,0.08058057630140872,-0.011254813798514415,0.032064602459475885,NA,NA,NA
Ingentia__Tropical,0.06228849051622668,-0.006736606478264,0.029346445886408976,NA,NA,NA
Ingentia__Temperate_S,-0.08704908851187924,-0.028948537026087254,0.031496101832876995,NA,NA,NA
Ingentia__Antarctic,0.024408161586893865,0.0008401510812953813,0.0047574981964872715,NA,NA,NA
Ingentia__mean_z_trans,-0.024899152958993365,-0.012014891537561953,0.014791911106945783,NA,NA,NA
Ingentia__Mod_R_deltaTMyr_z_trans,-0.15173799664585266,-0.02639862501190045,-0.0004457894621786934,NA,NA,NA
Ingentia__time,0.12176838016057435,-0.010778635163150505,0.07457885708611152,NA,NA,NA
Isfjordosaurus__lat_range_z_trans,0.03204139107643495,0.016743686341453724,0.022108916784358293,1.8773396136373048,1.0066168308258057,2.8588281087577343
Isfjordosaurus__Temperate_N,-0.02955498294309048,-0.05464186299095291,0.012769598796704125,NA,NA,NA
Isfjordosaurus__Tropical,0.032780500875838434,0.004597450147330598,0.032896354040395176,NA,NA,NA
Isfjordosaurus__Temperate_S,0.02585684732379767,-0.0013957997572536123,0.025561433906138176,NA,NA,NA
Isfjordosaurus__Antarctic,0.0033767270116505745,0.0007561735918616049,0.0025968386176020482,NA,NA,NA
Isfjordosaurus__mean_z_trans,0.032488985524524526,-0.02399353576741136,0.04658501700970122,NA,NA,NA
Isfjordosaurus__Mod_R_deltaTMyr_z_trans,0.06352768241525632,0.015933094415777584,0.055842307091105214,NA,NA,NA
Isfjordosaurus__time,-0.020455394166902115,-0.04801271000912595,0.008828050609235602,NA,NA,NA
Issi__lat_range_z_trans,0.14902440597546052,0.00755641072828118,0.029692011072165625,0.45947911732131613,0.18964093178510666,0.7848431915044785
Issi__Temperate_N,-0.09511137397613333,-0.029753175058662967,0.030428904369149322,NA,NA,NA
Issi__Tropical,0.09341538925972907,-0.005406604390858169,0.04355194182729832,NA,NA,NA
Issi__Temperate_S,0.10435124153213853,-0.008125785176612825,0.03442500247186885,NA,NA,NA
Issi__Antarctic,0.03038251410864131,0.0011779862946234032,0.006215123616139768,NA,NA,NA
Issi__mean_z_trans,-0.04436363136410847,-0.017049278204394627,0.015861404838382744,NA,NA,NA
Issi__Mod_R_deltaTMyr_z_trans,-0.15998937226246127,-0.02915484247592724,0.0031635194236827547,NA,NA,NA
Issi__time,0.062352583844243505,-0.009258215744769059,0.04385060923655249,NA,NA,NA
Ixalerpeton__lat_range_z_trans,-0.3697719672322273,-0.023521255412837325,-0.006997132071837287,0.2643727386113824,0.0032510762102901936,1.06501298956573
Ixalerpeton__Temperate_N,0.15634942712815245,-0.008176378073774634,0.032028508190577204,NA,NA,NA
Ixalerpeton__Tropical,0.1316980216745287,-0.005899611774439101,0.02910632327970157,NA,NA,NA
Ixalerpeton__Temperate_S,-0.06690207387553528,-0.026792993459796362,0.03722188116138966,NA,NA,NA
Ixalerpeton__Antarctic,0.0557175475358963,0.0010011545953935782,0.006296401047427315,NA,NA,NA
Ixalerpeton__mean_z_trans,-0.033686770469394105,-0.008140924156620955,0.010953450371625423,NA,NA,NA
Ixalerpeton__Mod_R_deltaTMyr_z_trans,-0.13126176925376057,-0.012506269697438278,0.015605934778189164,NA,NA,NA
Ixalerpeton__time,0.32278121798997744,-0.005977226048807235,0.08297315009816683,NA,NA,NA
Jaklapallisaurus__lat_range_z_trans,0.26014510810375213,0.005249417606208778,0.02904964583167093,0.1636767489387421,0.041261911392211914,0.28769180178642273
Jaklapallisaurus__Temperate_N,0.17929475755430757,-0.011192902081213664,0.04443740925622612,NA,NA,NA
Jaklapallisaurus__Tropical,0.1424127423821483,-0.005443844951108973,0.04061546101358694,NA,NA,NA
Jaklapallisaurus__Temperate_S,-0.2521539697330445,-0.03238407508650016,0.038716162895846035,NA,NA,NA
Jaklapallisaurus__Antarctic,0.06349079359322786,0.0013273563928230974,0.007297399158915631,NA,NA,NA
Jaklapallisaurus__mean_z_trans,-0.08565248835715465,-0.014889975039935999,0.014800341127722733,NA,NA,NA
Jaklapallisaurus__Mod_R_deltaTMyr_z_trans,-0.4055501402541995,-0.023273975195284676,-0.0038171856470780507,NA,NA,NA
Jaklapallisaurus__time,0.052855658423504794,-0.00940550567330871,0.03608928321834955,NA,NA,NA
Jaxtasuchus__lat_range_z_trans,0.054169849786560836,0.010801214217148657,0.0282048783464093,1.0338839624314278,0.21567357517778873,2.018031192943454
Jaxtasuchus__Temperate_N,-0.05522679635787893,-0.05243168045019723,0.023166993062893357,NA,NA,NA
Jaxtasuchus__Tropical,0.04571392364784899,-0.001363491140775655,0.04152382758225681,NA,NA,NA
Jaxtasuchus__Temperate_S,0.04711124549893789,0.0007364478384114377,0.036983223293711336,NA,NA,NA
Jaxtasuchus__Antarctic,0.008689370498370185,0.0012531716574452313,0.004879851341842693,NA,NA,NA
Jaxtasuchus__mean_z_trans,0.011416625550192102,-0.01085757083355719,0.019695114260570204,NA,NA,NA
Jaxtasuchus__Mod_R_deltaTMyr_z_trans,0.06337906757800708,-0.009028692376640201,0.04943306278442565,NA,NA,NA
Jaxtasuchus__time,-0.03519152908452829,-0.029122902940155362,0.0033015661831305144,NA,NA,NA
Jesairosaurus__lat_range_z_trans,0.08167715317267144,0.00934513502212775,0.028141665840001055,0.7376648683483654,0.5062590576708317,1.0388508588075638
Jesairosaurus__Temperate_N,0.08110017406700365,-0.0015585649497090511,0.04024137424535374,NA,NA,NA
Jesairosaurus__Tropical,-0.10306606916882236,-0.04613489042582296,0.025624612641819748,NA,NA,NA
Jesairosaurus__Temperate_S,0.07165796425592315,-0.0023562281348544598,0.04110545738535743,NA,NA,NA
Jesairosaurus__Antarctic,0.0153800541491232,0.001311541718721843,0.005655463668858121,NA,NA,NA
Jesairosaurus__mean_z_trans,-0.013224699404772848,-0.019313738515493204,0.02107709209337512,NA,NA,NA
Jesairosaurus__Mod_R_deltaTMyr_z_trans,0.0769934006369264,-0.0025965768956145363,0.036051116398629006,NA,NA,NA
Jesairosaurus__time,-0.0704562205905428,-0.0287101818476757,0.009291734581845668,NA,NA,NA
Jingshanosaurus__lat_range_z_trans,0.038841154226784504,0.010200368541915644,0.026176172363934134,1.5910630645614583,0.9984516687691212,2.2921414375305176
Jingshanosaurus__Temperate_N,-0.019298473823853725,-0.031125125573532218,0.022251737870423834,NA,NA,NA
Jingshanosaurus__Tropical,0.01828077837012913,-0.015556928982473463,0.026256712393214643,NA,NA,NA
Jingshanosaurus__Temperate_S,0.017502496850406318,-0.013292108721473144,0.024467973410247618,NA,NA,NA
Jingshanosaurus__Antarctic,0.005378152643551295,0.0006993754527665911,0.003903305214537218,NA,NA,NA
Jingshanosaurus__mean_z_trans,-0.0012503734400442106,-0.01496211585166638,0.014665896002218064,NA,NA,NA
Jingshanosaurus__Mod_R_deltaTMyr_z_trans,-0.027629862934573996,-0.03401690555971739,0.013763568312119619,NA,NA,NA
Jingshanosaurus__time,0.10823788522511053,0.008039936665860043,0.07570315128854473,NA,NA,NA
Jupijkam__lat_range_z_trans,0.266876008361578,0.005968397617889583,0.03261378552316957,0.2337822162438533,0.07789452373981476,0.43687749677337706
Jupijkam__Temperate_N,0.18524863154627383,-0.005733159770500393,0.04671470075809745,NA,NA,NA
Jupijkam__Tropical,-0.20275566761381925,-0.03081156868146451,0.0411771624993509,NA,NA,NA
Jupijkam__Temperate_S,0.18444711134769023,-0.0044013641296019364,0.04301086994842233,NA,NA,NA
Jupijkam__Antarctic,0.06392320289625786,0.001482081593911738,0.008337255040249224,NA,NA,NA
Jupijkam__mean_z_trans,-0.0656031574564986,-0.014359467248085893,0.02256050339302641,NA,NA,NA
Jupijkam__Mod_R_deltaTMyr_z_trans,-0.4394109400734305,-0.031059772222745398,-0.016604888207120024,NA,NA,NA
Jupijkam__time,0.03252828310447512,-0.011098651187723501,0.029379127900044006,NA,NA,NA
Jushatyria__lat_range_z_trans,0.0508531562309776,0.011612804026530593,0.027069901966949545,1.083160015824251,0.5981970988214016,1.47257000207901
Jushatyria__Temperate_N,-0.048882761295379176,-0.0551596201032275,0.019378123135285873,NA,NA,NA
Jushatyria__Tropical,0.04968980200307156,0.003256115827485746,0.04260156465632714,NA,NA,NA
Jushatyria__Temperate_S,0.04734098938993408,-0.0021813050146976885,0.035934709846827916,NA,NA,NA
Jushatyria__Antarctic,0.007871310126714784,0.00119242251636206,0.004941027000037482,NA,NA,NA
Jushatyria__mean_z_trans,0.02777916669982753,-0.0136758077062216,0.03567548255300077,NA,NA,NA
Jushatyria__Mod_R_deltaTMyr_z_trans,0.04683009495291621,-0.0004483014264390347,0.035330347162227535,NA,NA,NA
Jushatyria__time,-0.04142000099055277,-0.034609812148112894,0.006257360534583619,NA,NA,NA
Kadimakara__lat_range_z_trans,0.02734662179466367,0.013382418290004586,0.019971273664177593,2.143620612854429,0.9685754850506783,3.1604296378791332
Kadimakara__Temperate_N,0.02899143493643826,0.00019890062093798748,0.029352503229402475,NA,NA,NA
Kadimakara__Tropical,0.025834274416439575,-0.007565171414264818,0.02682136775798489,NA,NA,NA
Kadimakara__Temperate_S,-0.02499255014446154,-0.06141405060449416,0.017995185037752097,NA,NA,NA
Kadimakara__Antarctic,0.002648885555534124,0.0005244496787212798,0.0029746087312622965,NA,NA,NA
Kadimakara__mean_z_trans,0.030982063386864146,-0.01513448509651832,0.04079938677695538,NA,NA,NA
Kadimakara__Mod_R_deltaTMyr_z_trans,0.06963202330858083,0.022575835395713183,0.06435293387939682,NA,NA,NA
Kadimakara__time,-0.02038099613654921,-0.04258140089842005,0.004921257778308313,NA,NA,NA
Kahneria__lat_range_z_trans,0.26042872354388236,0.005232401756643106,0.02500823753763473,0.28621328057579376,0.050994690507650375,0.5077467709779739
Kahneria__Temperate_N,0.19709857674781234,-0.0054471937738030125,0.03360781457654283,NA,NA,NA
Kahneria__Tropical,-0.18092465621037263,-0.02364850692798441,0.03000099644398048,NA,NA,NA
Kahneria__Temperate_S,0.19348070452921093,-0.002276866250430781,0.03111075432398722,NA,NA,NA
Kahneria__Antarctic,0.061821959428489205,0.0011852632941243934,0.006410991208680536,NA,NA,NA
Kahneria__mean_z_trans,-0.08464180683891755,-0.02536341421634736,0.043912370812526844,NA,NA,NA
Kahneria__Mod_R_deltaTMyr_z_trans,-0.008213472253410146,-0.013007877775878827,0.019637680360497626,NA,NA,NA
Kahneria__time,-0.35830986582674085,-0.026687310134643417,0.017499671591389616,NA,NA,NA
Kalisuchus__lat_range_z_trans,0.02734662179466367,0.013382418290004586,0.019971273664177593,2.143620612854429,0.9685754850506783,3.1604296378791332
Kalisuchus__Temperate_N,0.02899143493643826,0.00019890062093798748,0.029352503229402475,NA,NA,NA
Kalisuchus__Tropical,0.025834274416439575,-0.007565171414264818,0.02682136775798489,NA,NA,NA
Kalisuchus__Temperate_S,-0.02499255014446154,-0.06141405060449416,0.017995185037752097,NA,NA,NA
Kalisuchus__Antarctic,0.002648885555534124,0.0005244496787212798,0.0029746087312622965,NA,NA,NA
Kalisuchus__mean_z_trans,0.030982063386864146,-0.01513448509651832,0.04079938677695538,NA,NA,NA
Kalisuchus__Mod_R_deltaTMyr_z_trans,0.06963202330858083,0.022575835395713183,0.06435293387939682,NA,NA,NA
Kalisuchus__time,-0.02038099613654921,-0.04258140089842005,0.004921257778308313,NA,NA,NA
Kapes__lat_range_z_trans,-0.4042850866913795,-0.04251998229110672,-0.053669891693146676,0.05662532418762566,0.013589669950306416,0.12104136869311333
Kapes__Temperate_N,-0.029151512623066082,-0.010872506288045185,0.023364946511149964,NA,NA,NA
Kapes__Tropical,-0.0493643576069735,-0.013553830335471206,0.04594952709343119,NA,NA,NA
Kapes__Temperate_S,0.14189335403963924,-0.0039059904417090225,0.058310284481916566,NA,NA,NA
Kapes__Antarctic,0.05220202825963497,0.0022228717063083915,0.013921087818762137,NA,NA,NA
Kapes__mean_z_trans,0.05951130189932883,-0.007694191521857785,0.05456954194287847,NA,NA,NA
Kapes__Mod_R_deltaTMyr_z_trans,0.16354725015029545,2.0458412736206994e-05,0.05927610687938251,NA,NA,NA
Kapes__time,-0.07081271505448967,-0.013710333269174986,0.005466913820865714,NA,NA,NA
Keichousaurus__lat_range_z_trans,-0.40366870283425765,-0.03183284670945852,-0.0230902167006586,0.05154291013226611,0.00687834620475769,0.1543327271938324
Keichousaurus__Temperate_N,0.15930156381745403,-0.003228322130244038,0.05066497820363215,NA,NA,NA
Keichousaurus__Tropical,-0.14394841136879666,-0.03516924720315763,0.03640925327627766,NA,NA,NA
Keichousaurus__Temperate_S,0.1606795494499882,-0.0026240913042886514,0.05187676634686904,NA,NA,NA
Keichousaurus__Antarctic,0.05224456276809295,0.0014142155184125617,0.010504474320212707,NA,NA,NA
Keichousaurus__mean_z_trans,0.03483231962258042,-0.004112223135768808,0.02134651009820364,NA,NA,NA
Keichousaurus__Mod_R_deltaTMyr_z_trans,0.05992174715173992,-0.006079868300908361,0.05157870826383095,NA,NA,NA
Keichousaurus__time,-0.05942438572431099,-0.008381120762906863,0.007898043046872303,NA,NA,NA
Kholumolumo__lat_range_z_trans,0.03997996962968151,0.006662748669514841,0.020306079350257522,1.4116229139873757,0.11033905297517776,3.3432226292788982
Kholumolumo__Temperate_N,0.027706971313735257,-0.011368534719912095,0.02438359660121172,NA,NA,NA
Kholumolumo__Tropical,0.020608435794388338,-0.007229571482086271,0.022487219828533172,NA,NA,NA
Kholumolumo__Temperate_S,-0.016309336532653426,-0.03060690993760792,0.035785009519376,NA,NA,NA
Kholumolumo__Antarctic,0.006340443393681921,0.000702572781935157,0.0035574353900314627,NA,NA,NA
Kholumolumo__mean_z_trans,-0.0008507742434291292,-0.014085734115737637,0.012767528888101207,NA,NA,NA
Kholumolumo__Mod_R_deltaTMyr_z_trans,-0.0389272716160049,-0.028051862276941994,0.012367451423937099,NA,NA,NA
Kholumolumo__time,0.10151331937811026,-0.0060362129474843965,0.07553419585379169,NA,NA,NA
Kinelia__lat_range_z_trans,-0.5092723651230335,-0.04638185845239999,-0.031158554080351557,0.1050656262220582,0.0128706656396389,0.23535082302987576
Kinelia__Temperate_N,-0.04544177280040458,-0.014932954377444727,0.0392741884772333,NA,NA,NA
Kinelia__Tropical,0.13467505931272172,-0.0005932079593394766,0.05509602426957405,NA,NA,NA
Kinelia__Temperate_S,0.15584216669085435,-0.0024720207037653616,0.04752733754255634,NA,NA,NA
Kinelia__Antarctic,0.05423197297379374,0.0018811334719732095,0.010565952325543054,NA,NA,NA
Kinelia__mean_z_trans,0.17693000356666744,-0.0022314393563761846,0.05093886027255381,NA,NA,NA
Kinelia__Mod_R_deltaTMyr_z_trans,0.031170025015599095,-0.011108954951098515,0.021312927746086306,NA,NA,NA
Kinelia__time,-0.09011531621683389,-0.01417420169986927,0.013631780302044573,NA,NA,NA
Kitchingnathus__lat_range_z_trans,0.02734662179466367,0.013382418290004586,0.019971273664177593,2.143620612854429,0.9685754850506783,3.1604296378791332
Kitchingnathus__Temperate_N,0.02899143493643826,0.00019890062093798748,0.029352503229402475,NA,NA,NA
Kitchingnathus__Tropical,0.025834274416439575,-0.007565171414264818,0.02682136775798489,NA,NA,NA
Kitchingnathus__Temperate_S,-0.02499255014446154,-0.06141405060449416,0.017995185037752097,NA,NA,NA
Kitchingnathus__Antarctic,0.002648885555534124,0.0005244496787212798,0.0029746087312622965,NA,NA,NA
Kitchingnathus__mean_z_trans,0.030982063386864146,-0.01513448509651832,0.04079938677695538,NA,NA,NA
Kitchingnathus__Mod_R_deltaTMyr_z_trans,0.06963202330858083,0.022575835395713183,0.06435293387939682,NA,NA,NA
Kitchingnathus__time,-0.02038099613654921,-0.04258140089842005,0.004921257778308313,NA,NA,NA
Kocurypelta__lat_range_z_trans,0.1502479466092384,0.008390193997649224,0.02976179398796961,0.45491039945511147,0.18964093178510666,0.7222629003226757
Kocurypelta__Temperate_N,-0.09821870508006644,-0.03131136338166361,0.02832551563528011,NA,NA,NA
Kocurypelta__Tropical,0.09685532513045364,-0.005622373980999942,0.04365429870310063,NA,NA,NA
Kocurypelta__Temperate_S,0.10609303910191092,-0.008957863554709324,0.034505908983832885,NA,NA,NA
Kocurypelta__Antarctic,0.030581160599458496,0.0012463510353542967,0.006229730556941532,NA,NA,NA
Kocurypelta__mean_z_trans,-0.04536368454327628,-0.015669915606770064,0.017586646532969145,NA,NA,NA
Kocurypelta__Mod_R_deltaTMyr_z_trans,-0.15516765154920578,-0.028518715664415602,0.003170954407087906,NA,NA,NA
Kocurypelta__time,0.05503432684899688,-0.009569816872765282,0.043953668048058066,NA,NA,NA
Koilamasuchus__lat_range_z_trans,0.12460242226223535,0.007624099437500419,0.03288107041502955,0.551850504456088,0.2923736721277237,0.7941098622977734
Koilamasuchus__Temperate_N,0.10639896749617905,-0.006237045817639179,0.04317613476494785,NA,NA,NA
Koilamasuchus__Tropical,0.08111135874584062,-0.012253449080464674,0.04095709537651028,NA,NA,NA
Koilamasuchus__Temperate_S,-0.21038017793407174,-0.04732802585116171,0.021078190879257188,NA,NA,NA
Koilamasuchus__Antarctic,0.025250476580392187,0.0012970565683406224,0.007149291705562664,NA,NA,NA
Koilamasuchus__mean_z_trans,-0.008274817190848932,-0.010367872864101676,0.014087593410217274,NA,NA,NA
Koilamasuchus__Mod_R_deltaTMyr_z_trans,0.1313284205032676,-0.0014125303209636675,0.047645292967732615,NA,NA,NA
Koilamasuchus__time,-0.10997489334548431,-0.021335736099830457,0.00021384733598245594,NA,NA,NA
Koiloskiosaurus__lat_range_z_trans,0.0508531562309776,0.011612804026530593,0.027069901966949545,1.083160015824251,0.5981970988214016,1.47257000207901
Koiloskiosaurus__Temperate_N,-0.048882761295379176,-0.0551596201032275,0.019378123135285873,NA,NA,NA
Koiloskiosaurus__Tropical,0.04968980200307156,0.003256115827485746,0.04260156465632714,NA,NA,NA
Koiloskiosaurus__Temperate_S,0.04734098938993408,-0.0021813050146976885,0.035934709846827916,NA,NA,NA
Koiloskiosaurus__Antarctic,0.007871310126714784,0.00119242251636206,0.004941027000037482,NA,NA,NA
Koiloskiosaurus__mean_z_trans,0.02777916669982753,-0.0136758077062216,0.03567548255300077,NA,NA,NA
Koiloskiosaurus__Mod_R_deltaTMyr_z_trans,0.04683009495291621,-0.0004483014264390347,0.035330347162227535,NA,NA,NA
Koiloskiosaurus__time,-0.04142000099055277,-0.034609812148112894,0.006257360534583619,NA,NA,NA
Kranosaura__lat_range_z_trans,0.2642985488474369,0.005921838524069241,0.028735309302493045,0.2068054292688612,0.025184128433465958,0.28769180178642273
Kranosaura__Temperate_N,0.17281579449772835,-0.005639092590219095,0.04469905220617427,NA,NA,NA
Kranosaura__Tropical,0.14234117341693492,-0.006777104523903864,0.04015627791106884,NA,NA,NA
Kranosaura__Temperate_S,-0.23789917225949467,-0.035082483295441745,0.03999239366134839,NA,NA,NA
Kranosaura__Antarctic,0.06420162639580668,0.0013752804406107235,0.007288613200488817,NA,NA,NA
Kranosaura__mean_z_trans,-0.1010739882697817,-0.014947800364729254,0.014633014046169221,NA,NA,NA
Kranosaura__Mod_R_deltaTMyr_z_trans,-0.4129207693878561,-0.027853671277409852,-0.006047940175219988,NA,NA,NA
Kranosaura__time,0.10547024432104081,-0.007010470941296468,0.03773179670271727,NA,NA,NA
Krzyzanowskisaurus__lat_range_z_trans,0.14099912077188492,0.001510588243413361,0.02172179995690037,0.24935820941114797,0.030256152153015137,0.3769875466823578
Krzyzanowskisaurus__Temperate_N,0.18595894438563845,-0.0053318227934859835,0.04816102820804452,NA,NA,NA
Krzyzanowskisaurus__Tropical,-0.19927347150165586,-0.028598307676902742,0.044643798455285384,NA,NA,NA
Krzyzanowskisaurus__Temperate_S,0.17372727279667743,-0.005958643533144826,0.03724103441100026,NA,NA,NA
Krzyzanowskisaurus__Antarctic,0.06452601982280612,0.001385936269881651,0.007544001452996511,NA,NA,NA
Krzyzanowskisaurus__mean_z_trans,-0.05884079683106393,-0.015700182110613792,0.018321895976114486,NA,NA,NA
Krzyzanowskisaurus__Mod_R_deltaTMyr_z_trans,-0.39685004789382217,-0.028376297835037558,-0.007101936319408771,NA,NA,NA
Krzyzanowskisaurus__time,0.13003116637235507,-0.008944774592430422,0.03665689471430709,NA,NA,NA
Kudnu__lat_range_z_trans,0.02734662179466367,0.013382418290004586,0.019971273664177593,2.143620612854429,0.9685754850506783,3.1604296378791332
Kudnu__Temperate_N,0.02899143493643826,0.00019890062093798748,0.029352503229402475,NA,NA,NA
Kudnu__Tropical,0.025834274416439575,-0.007565171414264818,0.02682136775798489,NA,NA,NA
Kudnu__Temperate_S,-0.02499255014446154,-0.06141405060449416,0.017995185037752097,NA,NA,NA
Kudnu__Antarctic,0.002648885555534124,0.0005244496787212798,0.0029746087312622965,NA,NA,NA
Kudnu__mean_z_trans,0.030982063386864146,-0.01513448509651832,0.04079938677695538,NA,NA,NA
Kudnu__Mod_R_deltaTMyr_z_trans,0.06963202330858083,0.022575835395713183,0.06435293387939682,NA,NA,NA
Kudnu__time,-0.02038099613654921,-0.04258140089842005,0.004921257778308313,NA,NA,NA
Kuehneosaurus__lat_range_z_trans,-0.7893919986486435,-0.05019331919470138,-0.0536216677822064,0.14708255506382556,0.040768422186374664,0.28056775825098157
Kuehneosaurus__Temperate_N,-0.034593744690937456,-0.01267291592532523,0.028585370747434044,NA,NA,NA
Kuehneosaurus__Tropical,0.09548957028542646,-0.006892350363819966,0.03396358387229938,NA,NA,NA
Kuehneosaurus__Temperate_S,0.10088303710566833,-0.008439789851536277,0.03736894935365693,NA,NA,NA
Kuehneosaurus__Antarctic,0.053623596020042893,0.0013800126853771326,0.008731232615981924,NA,NA,NA
Kuehneosaurus__mean_z_trans,0.008240420140791684,-0.0065899640859920705,0.02226125699592134,NA,NA,NA
Kuehneosaurus__Mod_R_deltaTMyr_z_trans,-0.09700264843180775,-0.013274794156532372,0.009925201430348172,NA,NA,NA
Kuehneosaurus__time,0.6143146639689803,0.0066696168642098545,0.11997458962180448,NA,NA,NA
Kuehneosuchus__lat_range_z_trans,0.038841154226784504,0.010200368541915644,0.026176172363934134,1.5910630645614583,0.9984516687691212,2.2921414375305176
Kuehneosuchus__Temperate_N,-0.019298473823853725,-0.031125125573532218,0.022251737870423834,NA,NA,NA
Kuehneosuchus__Tropical,0.01828077837012913,-0.015556928982473463,0.026256712393214643,NA,NA,NA
Kuehneosuchus__Temperate_S,0.017502496850406318,-0.013292108721473144,0.024467973410247618,NA,NA,NA
Kuehneosuchus__Antarctic,0.005378152643551295,0.0006993754527665911,0.003903305214537218,NA,NA,NA
Kuehneosuchus__mean_z_trans,-0.0012503734400442106,-0.01496211585166638,0.014665896002218064,NA,NA,NA
Kuehneosuchus__Mod_R_deltaTMyr_z_trans,-0.027629862934573996,-0.03401690555971739,0.013763568312119619,NA,NA,NA
Kuehneosuchus__time,0.10823788522511053,0.008039936665860043,0.07570315128854473,NA,NA,NA
Kuruxuchampsa__lat_range_z_trans,0.09203027218059799,0.009052031293132812,0.030190610154896557,0.6556669254385633,0.3721710368990898,0.9543818663805723
Kuruxuchampsa__Temperate_N,0.08130267165155641,-0.008580052341798042,0.04629289889631438,NA,NA,NA
Kuruxuchampsa__Tropical,0.06741404843682978,-0.005565414607935759,0.05269108977126336,NA,NA,NA
Kuruxuchampsa__Temperate_S,-0.0837367012378354,-0.053948375162933826,0.03281197191539369,NA,NA,NA
Kuruxuchampsa__Antarctic,0.017153013643909847,0.0014239259864570785,0.006486436064381024,NA,NA,NA
Kuruxuchampsa__mean_z_trans,-0.005851360546562404,-0.008440550592819385,0.01251431333919914,NA,NA,NA
Kuruxuchampsa__Mod_R_deltaTMyr_z_trans,0.020891234591384807,-0.0074332934358239434,0.02533476057893476,NA,NA,NA
Kuruxuchampsa__time,-0.049141421602371206,-0.01652177516659925,0.0008664361348569522,NA,NA,NA
Kwangsisaurus__lat_range_z_trans,0.04654502888073955,0.008633880482638434,0.02463094067821193,1.261164240151411,0.4523436911404133,2.17443535476923
Kwangsisaurus__Temperate_N,0.04763803248989444,0.0007997768061598057,0.030921043795958426,NA,NA,NA
Kwangsisaurus__Tropical,-0.06537532114485542,-0.048343711300486834,0.009955624485777565,NA,NA,NA
Kwangsisaurus__Temperate_S,0.03450626347479986,0.0004788827214155898,0.027634145858825516,NA,NA,NA
Kwangsisaurus__Antarctic,0.007105730526471241,0.0008266896819518963,0.003927709629867844,NA,NA,NA
Kwangsisaurus__mean_z_trans,0.008294933923006583,-0.028280011272775234,0.036423916859649304,NA,NA,NA
Kwangsisaurus__Mod_R_deltaTMyr_z_trans,0.09703018307929909,0.009191667517469465,0.06687165245817585,NA,NA,NA
Kwangsisaurus__time,-0.0356830941118455,-0.033320678664693425,0.006823483088773432,NA,NA,NA
Labidosaurikos__lat_range_z_trans,-0.3240021212399006,-0.02173856698619711,-0.013800883777881332,0.14725110248429701,0.004009578377008438,0.34054096043109894
Labidosaurikos__Temperate_N,0.15576621925923972,-0.002131116946894844,0.04096232701851269,NA,NA,NA
Labidosaurikos__Tropical,-0.08089515609201044,-0.02314632016114936,0.02996524548932985,NA,NA,NA
Labidosaurikos__Temperate_S,0.15614061180502176,8.68224843027369e-05,0.041280404951640835,NA,NA,NA
Labidosaurikos__Antarctic,0.05295925162732601,0.0013189771666792523,0.008658074581926432,NA,NA,NA
Labidosaurikos__mean_z_trans,0.1312205017346423,-0.0144799334871932,0.05769437676305834,NA,NA,NA
Labidosaurikos__Mod_R_deltaTMyr_z_trans,0.0612604330223985,-0.006073430757454122,0.02689690716935692,NA,NA,NA
Labidosaurikos__time,-0.20079085271223449,-0.023849935340413665,0.015532064659296133,NA,NA,NA
Labidosauriscus__lat_range_z_trans,0.13917197062158704,0.005352484902926577,0.027007150139862504,0.4838845393690281,0.1508760005235672,1.0961919911205769
Labidosauriscus__Temperate_N,0.10242465093153587,-0.00509597385397433,0.035107523954141975,NA,NA,NA
Labidosauriscus__Tropical,-0.12444028535454363,-0.02868973217439084,0.023084760722819113,NA,NA,NA
Labidosauriscus__Temperate_S,0.09686042408955825,-0.0008310227441891478,0.032646829427375235,NA,NA,NA
Labidosauriscus__Antarctic,0.0313043690855787,0.0008864528537607042,0.0060210954520234965,NA,NA,NA
Labidosauriscus__mean_z_trans,0.13952347419978706,-0.013710084042130475,0.05258915841511302,NA,NA,NA
Labidosauriscus__Mod_R_deltaTMyr_z_trans,-0.026895185275987284,-0.010701983260061318,0.014520189326976555,NA,NA,NA
Labidosauriscus__time,-0.21788766118000616,-0.03722364571026148,0.01621180941692799,NA,NA,NA
Labidosaurus__lat_range_z_trans,-0.23025460079312324,-0.014538652022065113,-0.007464618523001607,0.17520572639245074,0.03807517886161804,0.39561961963772774
Labidosaurus__Temperate_N,0.17706446302705445,-0.0023927237616834345,0.03954908275776261,NA,NA,NA
Labidosaurus__Tropical,-0.144414092846564,-0.030580418718156022,0.025933831704255412,NA,NA,NA
Labidosaurus__Temperate_S,0.1740517286513932,0.0001213628055936081,0.039434282388103786,NA,NA,NA
Labidosaurus__Antarctic,0.05737835004925728,0.0011056759169985916,0.007800127977133226,NA,NA,NA
Labidosaurus__mean_z_trans,0.15668461172142997,-0.013823180525196323,0.058250934725564606,NA,NA,NA
Labidosaurus__Mod_R_deltaTMyr_z_trans,0.04292201559059322,-0.006440144577285212,0.028746361148989718,NA,NA,NA
Labidosaurus__time,-0.2587145495647565,-0.023465423146526408,0.014938514676432101,NA,NA,NA
Lagerpeton__lat_range_z_trans,0.11300542798254096,0.008147762516444421,0.027430679069491246,0.5849503898865077,0.2923736721277237,0.8475904539227486
Lagerpeton__Temperate_N,0.09507493565999385,-0.0049501065697472426,0.043968174532117876,NA,NA,NA
Lagerpeton__Tropical,0.07338116669081997,-0.01309508013810778,0.036093002861280074,NA,NA,NA
Lagerpeton__Temperate_S,-0.168268014361707,-0.0505787625369474,0.034954703828647876,NA,NA,NA
Lagerpeton__Antarctic,0.022509045790384905,0.00138614520650829,0.006300236958038532,NA,NA,NA
Lagerpeton__mean_z_trans,-0.009118950568524024,-0.008796160795119724,0.015934610030803046,NA,NA,NA
Lagerpeton__Mod_R_deltaTMyr_z_trans,0.10199369243615357,-0.0014123772849248737,0.041986905555738245,NA,NA,NA
Lagerpeton__time,-0.08851554651215239,-0.020714924426425998,0.0005202040191229673,NA,NA,NA
Lanceirosphenodon__lat_range_z_trans,0.25529385313391684,0.005766580332104745,0.03225552550260036,0.14178058158780915,0.04617383889853954,0.2716151624917984
Lanceirosphenodon__Temperate_N,0.1831143164797686,-0.010310555371452281,0.04326431914286763,NA,NA,NA
Lanceirosphenodon__Tropical,0.1486842786881607,-0.005619441285039162,0.04507561873146822,NA,NA,NA
Lanceirosphenodon__Temperate_S,-0.24773905792739243,-0.03342865385646512,0.039842504252907446,NA,NA,NA
Lanceirosphenodon__Antarctic,0.06294894739985465,0.0010376025419540174,0.007546086555524887,NA,NA,NA
Lanceirosphenodon__mean_z_trans,-0.08238666042103432,-0.012153419408180105,0.016838060526166758,NA,NA,NA
Lanceirosphenodon__Mod_R_deltaTMyr_z_trans,-0.39893145706504585,-0.025797017698636755,-0.009324039688872745,NA,NA,NA
Lanceirosphenodon__time,0.012703691976494156,-0.00950859928260565,0.0316904418325773,NA,NA,NA
Langeronyx__lat_range_z_trans,-0.09850814339588396,-0.012552437718642716,0.0013627302944338453,0.2728507417518995,0.06187942251563072,0.8232490494847298
Langeronyx__Temperate_N,-0.04857662969501689,-0.012610749527016435,0.026731532485360584,NA,NA,NA
Langeronyx__Tropical,-0.06455035963328555,-0.0176476675478775,0.030955400851024748,NA,NA,NA
Langeronyx__Temperate_S,0.1584849002957344,-0.0035428010479118094,0.04915729768619885,NA,NA,NA
Langeronyx__Antarctic,0.05212202776921913,0.0016859245648323548,0.008508788520328433,NA,NA,NA
Langeronyx__mean_z_trans,0.01736476211808622,-0.01502593283862699,0.028509826061005925,NA,NA,NA
Langeronyx__Mod_R_deltaTMyr_z_trans,0.18411639768368332,-0.010377112390187867,0.05514254837495427,NA,NA,NA
Langeronyx__time,-0.12507494281278922,-0.019942727522889347,0.006820392581933201,NA,NA,NA
Langobardisaurus__lat_range_z_trans,-0.5731002259254455,-0.050833042822247765,-0.020181088454663716,0.28578925768426416,0.018987514078617096,0.9076549089513719
Langobardisaurus__Temperate_N,0.023858823699411006,-0.0056000862634642025,0.028038672990595943,NA,NA,NA
Langobardisaurus__Tropical,0.038687375100562346,-0.009283318270907477,0.031116287647681543,NA,NA,NA
Langobardisaurus__Temperate_S,0.09302540017291903,-0.005424717092008245,0.033062856518983615,NA,NA,NA
Langobardisaurus__Antarctic,0.05538787420839071,0.0011158378880540035,0.0071714835422107305,NA,NA,NA
Langobardisaurus__mean_z_trans,0.026472699096775614,-0.007228689904865399,0.021188166301935433,NA,NA,NA
Langobardisaurus__Mod_R_deltaTMyr_z_trans,-0.06739367935118935,-0.01127754955041967,0.014593387137848874,NA,NA,NA
Langobardisaurus__time,0.4921101006492972,-0.0014819380124615634,0.09219875117064746,NA,NA,NA
Lanthaniscus__lat_range_z_trans,0.25459380462765696,0.0054483539230564685,0.029063290604669736,0.2468736029165666,0.0824066698551178,0.500936621800065
Lanthaniscus__Temperate_N,-0.18244597294371487,-0.021233435914776926,0.02159624187869798,NA,NA,NA
Lanthaniscus__Tropical,0.16259233178512658,-0.005764511432726096,0.04067322260328267,NA,NA,NA
Lanthaniscus__Temperate_S,0.1900471531972289,-0.004463452967151098,0.031162433779980563,NA,NA,NA
Lanthaniscus__Antarctic,0.05878898460417986,0.0009378238812901642,0.006871248750035826,NA,NA,NA
Lanthaniscus__mean_z_trans,-0.061425916031002996,-0.02400734714864586,0.04434754685249346,NA,NA,NA
Lanthaniscus__Mod_R_deltaTMyr_z_trans,-0.06215066770557314,-0.013477433947327493,0.025684731411987644,NA,NA,NA
Lanthaniscus__time,-0.31578072338481433,-0.027453500422039468,0.007789800974091981,NA,NA,NA
Lanthanolania__lat_range_z_trans,0.25381719797849656,0.005509648688877259,0.028064817994611142,0.2431768433819161,0.08934967021923512,0.505733956117183
Lanthanolania__Temperate_N,-0.18482616692086595,-0.022754756746446808,0.021416679382437263,NA,NA,NA
Lanthanolania__Tropical,0.16390236811479553,-0.005931685545220891,0.03762877083452017,NA,NA,NA
Lanthanolania__Temperate_S,0.18898999314755202,-0.0032990222526835845,0.034788728253620296,NA,NA,NA
Lanthanolania__Antarctic,0.058842811658978464,0.0009248201096001862,0.006733064748485347,NA,NA,NA
Lanthanolania__mean_z_trans,-0.048233562083914876,-0.022344553520000743,0.04536024809691752,NA,NA,NA
Lanthanolania__Mod_R_deltaTMyr_z_trans,-0.06857597977039404,-0.013868287202654664,0.02547117506667407,NA,NA,NA
Lanthanolania__time,-0.32338655928731896,-0.02824966755979107,0.007725032477974059,NA,NA,NA
Lanthanosuchus__lat_range_z_trans,0.254006532728672,0.0052708560720114385,0.02978186843367834,0.24327339440522336,0.08186833281069994,0.500936621800065
Lanthanosuchus__Temperate_N,-0.18478494473969476,-0.021768547240821057,0.022726986071190287,NA,NA,NA
Lanthanosuchus__Tropical,0.16286875110061375,-0.005674601510692894,0.03993095920058682,NA,NA,NA
Lanthanosuchus__Temperate_S,0.18920365769416095,-0.004393835842966535,0.03279404826265571,NA,NA,NA
Lanthanosuchus__Antarctic,0.058835524171590804,0.0008847376603239936,0.0071450044156114445,NA,NA,NA
Lanthanosuchus__mean_z_trans,-0.050391567824408415,-0.021376122552975396,0.04813546060412011,NA,NA,NA
Lanthanosuchus__Mod_R_deltaTMyr_z_trans,-0.06766114338417538,-0.01593068642449092,0.018476527550503042,NA,NA,NA
Lanthanosuchus__time,-0.32145462299347854,-0.027025304188708944,0.008197662316894115,NA,NA,NA
Laquintasaura__lat_range_z_trans,0.03010830926413691,0.014700648804402274,0.023724843452322442,2.0894681466789917,0.9758232422173023,3.4438777044415474
Laquintasaura__Temperate_N,0.020703620755708526,-0.009936728114296843,0.022770403106627316,NA,NA,NA
Laquintasaura__Tropical,-0.006768358669213279,-0.062370506971836194,0.025741762338709843,NA,NA,NA
Laquintasaura__Temperate_S,0.014614402411388169,-0.009186084107896326,0.021982483220029485,NA,NA,NA
Laquintasaura__Antarctic,0.0036136922270798067,0.0012244097800399643,0.0031332844276428674,NA,NA,NA
Laquintasaura__mean_z_trans,0.004515090733272493,-0.018451770800955114,0.01686843227249085,NA,NA,NA
Laquintasaura__Mod_R_deltaTMyr_z_trans,-0.020461414606356965,-0.04605456694920702,0.003591318003235641,NA,NA,NA
Laquintasaura__time,0.09373641500149418,0.040061094331428945,0.08937599003418144,NA,NA,NA
Largocephalosaurus__lat_range_z_trans,0.08281524408612373,0.009241950153397871,0.028255262818902553,0.7302014514394978,0.5062590576708317,1.0283975303173065
Largocephalosaurus__Temperate_N,0.0817760335788791,-0.0015413559613571522,0.040403813049335956,NA,NA,NA
Largocephalosaurus__Tropical,-0.10488337937210282,-0.05042548580554129,0.020164508879820957,NA,NA,NA
Largocephalosaurus__Temperate_S,0.07250625952305982,-0.003317272281809795,0.04127138415749271,NA,NA,NA
Largocephalosaurus__Antarctic,0.0156833431648553,0.0012970602521876911,0.005678292579936878,NA,NA,NA
Largocephalosaurus__mean_z_trans,-0.014158187448565954,-0.019100484713521854,0.02116217213090555,NA,NA,NA
Largocephalosaurus__Mod_R_deltaTMyr_z_trans,0.07787661600133684,0.002225260981516505,0.0409238415320393,NA,NA,NA
Largocephalosaurus__time,-0.07155417241607617,-0.028393176653192284,0.00932924170680598,NA,NA,NA
Lariosaurus__lat_range_z_trans,-0.3954650254547596,-0.047321798141878715,-0.03494688175973366,0.07168159469889361,0.015120917931199074,0.12971115671098232
Lariosaurus__Temperate_N,0.009846109264326514,-0.009265462646734599,0.03368180923310623,NA,NA,NA
Lariosaurus__Tropical,0.0027322405064478515,-0.01175434416895258,0.0442658162498281,NA,NA,NA
Lariosaurus__Temperate_S,0.12762551471590997,-0.0047305986875190685,0.05762194516269797,NA,NA,NA
Lariosaurus__Antarctic,0.05603146761655808,0.0024800235908198605,0.014508438576017708,NA,NA,NA
Lariosaurus__mean_z_trans,0.03520850987581071,-0.006110206410889411,0.021918052254424836,NA,NA,NA
Lariosaurus__Mod_R_deltaTMyr_z_trans,0.06447420048178173,-0.004111453530421905,0.058366207930149745,NA,NA,NA
Lariosaurus__time,-0.02603870576916961,-0.009199664032743889,0.011773129208748939,NA,NA,NA
Lasasaurus__lat_range_z_trans,0.02734662179466367,0.013382418290004586,0.019971273664177593,2.143620612854429,0.9685754850506783,3.1604296378791332
Lasasaurus__Temperate_N,0.02899143493643826,0.00019890062093798748,0.029352503229402475,NA,NA,NA
Lasasaurus__Tropical,0.025834274416439575,-0.007565171414264818,0.02682136775798489,NA,NA,NA
Lasasaurus__Temperate_S,-0.02499255014446154,-0.06141405060449416,0.017995185037752097,NA,NA,NA
Lasasaurus__Antarctic,0.002648885555534124,0.0005244496787212798,0.0029746087312622965,NA,NA,NA
Lasasaurus__mean_z_trans,0.030982063386864146,-0.01513448509651832,0.04079938677695538,NA,NA,NA
Lasasaurus__Mod_R_deltaTMyr_z_trans,0.06963202330858083,0.022575835395713183,0.06435293387939682,NA,NA,NA
Lasasaurus__time,-0.02038099613654921,-0.04258140089842005,0.004921257778308313,NA,NA,NA
Lepidus__lat_range_z_trans,0.27569595247507095,0.006930943431170788,0.030815075646925406,0.294813975172583,0.10180050786584616,0.47409986704587936
Lepidus__Temperate_N,0.1856129864603281,-0.006035875964918519,0.0408373566800422,NA,NA,NA
Lepidus__Tropical,-0.19778558721533046,-0.030717804125243952,0.04596959708080254,NA,NA,NA
Lepidus__Temperate_S,0.1751904182031285,-0.004191788947165131,0.043485699025342064,NA,NA,NA
Lepidus__Antarctic,0.0645478027628269,0.0015449589830871264,0.007599938698896316,NA,NA,NA
Lepidus__mean_z_trans,-0.06310915275709704,-0.015691043007739526,0.01806884141316205,NA,NA,NA
Lepidus__Mod_R_deltaTMyr_z_trans,-0.4498644160851836,-0.03467133473192178,-0.014917397313714784,NA,NA,NA
Lepidus__time,0.09550079139880836,-0.007181559665589313,0.035329405623784095,NA,NA,NA
Leptonectes__lat_range_z_trans,-0.7111837339401245,-0.03574566285827177,-0.04524230793600881,0.19610272226826056,0.10166070982813835,0.3282373696565628
Leptonectes__Temperate_N,-0.0822657503609662,-0.020344064550988722,0.026203206529412666,NA,NA,NA
Leptonectes__Tropical,0.0774162155855447,-0.011547291010599791,0.03222423436855054,NA,NA,NA
Leptonectes__Temperate_S,0.10199986536754295,-0.007131253164552822,0.040735852527084226,NA,NA,NA
Leptonectes__Antarctic,0.05660738330334425,0.0009864213071037703,0.008441116864790219,NA,NA,NA
Leptonectes__mean_z_trans,-0.016398925276007503,-0.008825487755812203,0.02069988055564598,NA,NA,NA
Leptonectes__Mod_R_deltaTMyr_z_trans,-0.10459919090848416,-0.017475774759044698,0.006937786412674677,NA,NA,NA
Leptonectes__time,0.6738819304853678,0.01006960876384593,0.11718874753309037,NA,NA,NA
Leptopleuron__lat_range_z_trans,0.22557514905937887,0.008944831333330804,0.035618836119565685,0.37193714359469593,0.2030167207121849,0.5828943178057671
Leptopleuron__Temperate_N,-0.24869293457855676,-0.0461737185120348,0.020361288780082153,NA,NA,NA
Leptopleuron__Tropical,0.1562665362708169,-0.005856031795080252,0.05307669508084271,NA,NA,NA
Leptopleuron__Temperate_S,0.17260520923908385,-0.004641789109908362,0.05375601726121335,NA,NA,NA
Leptopleuron__Antarctic,0.048653340410763295,0.001649997879420799,0.008083531917779161,NA,NA,NA
Leptopleuron__mean_z_trans,-0.04702116127074197,-0.013188674727750408,0.015061088592955666,NA,NA,NA
Leptopleuron__Mod_R_deltaTMyr_z_trans,-0.03973878108103836,-0.015353152719842264,0.01944361700789242,NA,NA,NA
Leptopleuron__time,-0.12758560093219595,-0.01539496637645583,0.0017874420949087252,NA,NA,NA
Leptosuchus__lat_range_z_trans,-0.6681128793954849,-0.04237249439210334,-0.021460764675255917,0.2518317566550104,0.005560247227549553,0.6113560721278191
Leptosuchus__Temperate_N,0.1222770497808233,-0.004738995334988019,0.03175843391469511,NA,NA,NA
Leptosuchus__Tropical,-0.01979803810827434,-0.015278434729771055,0.036131100202666626,NA,NA,NA
Leptosuchus__Temperate_S,0.11254877217113972,-0.0046365619880310805,0.028567070212039313,NA,NA,NA
Leptosuchus__Antarctic,0.055254193115979434,0.0010442477453344653,0.0062211260927041,NA,NA,NA
Leptosuchus__mean_z_trans,0.012476770368521102,-0.007350305282539494,0.01801305338866594,NA,NA,NA
Leptosuchus__Mod_R_deltaTMyr_z_trans,-0.11028437146567739,-0.0117950098557957,0.014033640447284128,NA,NA,NA
Leptosuchus__time,0.5485715417191386,-0.004885950190426092,0.09392485727244057,NA,NA,NA
Lessemsaurus__lat_range_z_trans,0.0400375342244258,0.006206924046003199,0.020307497082632343,1.4057654541580313,0.11033905297517776,3.3465236350893974
Lessemsaurus__Temperate_N,0.027807766116364062,-0.011326393084550697,0.02463969081191788,NA,NA,NA
Lessemsaurus__Tropical,0.021992729745525907,-0.008943610322692077,0.024134485847573738,NA,NA,NA
Lessemsaurus__Temperate_S,-0.017395545889378604,-0.030493454222345808,0.03403185960194753,NA,NA,NA
Lessemsaurus__Antarctic,0.006266514547865716,0.0008170444610333269,0.003580336115560914,NA,NA,NA
Lessemsaurus__mean_z_trans,-0.0005550376314110209,-0.015036974030336218,0.012901622733514641,NA,NA,NA
Lessemsaurus__Mod_R_deltaTMyr_z_trans,-0.03791876434597169,-0.02814238221064693,0.009329533413928339,NA,NA,NA
Lessemsaurus__time,0.09982656035008967,-0.0030946586647851025,0.0782634912481645,NA,NA,NA
Lewisuchus__lat_range_z_trans,-0.24489294218850258,-0.01448048833583272,-0.006271798910641082,0.06494407469232101,0.011390969157218933,0.13947665318846703
Lewisuchus__Temperate_N,0.1982577059497308,-0.006324202491725154,0.05563417682814993,NA,NA,NA
Lewisuchus__Tropical,0.1669891620444554,-0.00840603362516927,0.04738245441122968,NA,NA,NA
Lewisuchus__Temperate_S,-0.21853983047960004,-0.036658160141231216,0.04866411366205353,NA,NA,NA
Lewisuchus__Antarctic,0.06010348164139695,0.0011531584928202634,0.009151972891326939,NA,NA,NA
Lewisuchus__mean_z_trans,-0.003585599878422787,-0.005390636094270712,0.0174624839807364,NA,NA,NA
Lewisuchus__Mod_R_deltaTMyr_z_trans,-0.01133682661443991,-0.008404467299250946,0.024099831391531452,NA,NA,NA
Lewisuchus__time,-0.08705690759212768,-0.011502674533660554,0.011065282600853012,NA,NA,NA
Leyesaurus__lat_range_z_trans,0.26927984654903414,0.00525814297407772,0.02588615338705921,0.29803047056135257,0.025184128433465958,1.8841232489794493
Leyesaurus__Temperate_N,0.18729160810820758,-0.011211506466596173,0.03514103447347214,NA,NA,NA
Leyesaurus__Tropical,0.15031194639508613,-0.005410422561904685,0.03154120217725208,NA,NA,NA
Leyesaurus__Temperate_S,-0.24362726326100528,-0.031776117642918586,0.030211148451256786,NA,NA,NA
Leyesaurus__Antarctic,0.06290616474114358,0.0010222305014372906,0.005752515077769114,NA,NA,NA
Leyesaurus__mean_z_trans,-0.08195096481591463,-0.0119686595069754,0.01716073499992955,NA,NA,NA
Leyesaurus__Mod_R_deltaTMyr_z_trans,-0.40053334780037403,-0.026319528699061307,-0.008464273766674362,NA,NA,NA
Leyesaurus__time,0.14635485966398845,-0.009607642626379167,0.06996000205517534,NA,NA,NA
Libognathus__lat_range_z_trans,0.2712257431447506,0.007790313036143564,0.031107822875308534,0.2756519721879158,0.10538624599575996,0.4918280690908432
Libognathus__Temperate_N,0.18797136513749138,-0.00812941012888367,0.040664784649951116,NA,NA,NA
Libognathus__Tropical,-0.20092335263965652,-0.02800067546142931,0.04864311356763615,NA,NA,NA
Libognathus__Temperate_S,0.18021955839707515,-0.0045678325959481675,0.04181267136338696,NA,NA,NA
Libognathus__Antarctic,0.06395860302029177,0.0015368155999465143,0.007559394051298033,NA,NA,NA
Libognathus__mean_z_trans,-0.06029921205714345,-0.017189219059921566,0.015042404476552196,NA,NA,NA
Libognathus__Mod_R_deltaTMyr_z_trans,-0.44445338008925317,-0.03137483894181688,-0.009698753373249462,NA,NA,NA
Libognathus__time,0.0694838438089937,-0.010078656476410807,0.032057079244356336,NA,NA,NA
Liliensternus__lat_range_z_trans,-0.8045064580440521,-0.05307516639930692,-0.06355126625605818,0.14781922083348037,0.049578189849853516,0.2828614057507366
Liliensternus__Temperate_N,-0.033916222131811086,-0.013378531940697637,0.029086059780747207,NA,NA,NA
Liliensternus__Tropical,0.09791360980365425,-0.006914139758951322,0.03535650457424825,NA,NA,NA
Liliensternus__Temperate_S,0.10133207189850509,-0.00804373886629191,0.038809550086058325,NA,NA,NA
Liliensternus__Antarctic,0.05361252706497908,0.0013764139444947744,0.008818478379914898,NA,NA,NA
Liliensternus__mean_z_trans,0.009157855228986591,-0.007247415431906839,0.023423431080871023,NA,NA,NA
Liliensternus__Mod_R_deltaTMyr_z_trans,-0.09616703334962949,-0.013813761629215621,0.010895487752091553,NA,NA,NA
Liliensternus__time,0.6249881925433874,0.011082836053555159,0.1243502714573668,NA,NA,NA
Lindwurmia__lat_range_z_trans,0.038841154226784504,0.010200368541915644,0.026176172363934134,1.5910630645614583,0.9984516687691212,2.2921414375305176
Lindwurmia__Temperate_N,-0.019298473823853725,-0.031125125573532218,0.022251737870423834,NA,NA,NA
Lindwurmia__Tropical,0.01828077837012913,-0.015556928982473463,0.026256712393214643,NA,NA,NA
Lindwurmia__Temperate_S,0.017502496850406318,-0.013292108721473144,0.024467973410247618,NA,NA,NA
Lindwurmia__Antarctic,0.005378152643551295,0.0006993754527665911,0.003903305214537218,NA,NA,NA
Lindwurmia__mean_z_trans,-0.0012503734400442106,-0.01496211585166638,0.014665896002218064,NA,NA,NA
Lindwurmia__Mod_R_deltaTMyr_z_trans,-0.027629862934573996,-0.03401690555971739,0.013763568312119619,NA,NA,NA
Lindwurmia__time,0.10823788522511053,0.008039936665860043,0.07570315128854473,NA,NA,NA
Litorosuchus__lat_range_z_trans,0.03946499657244776,0.01525594432041517,0.025692638046590294,1.5086222166160588,0.8699341118335724,2.463601525872946
Litorosuchus__Temperate_N,0.03991393464397962,-0.0018037370314178077,0.03725155755125188,NA,NA,NA
Litorosuchus__Tropical,-0.03015913003488139,-0.07238508593186885,0.02028097816704904,NA,NA,NA
Litorosuchus__Temperate_S,0.0330187873369663,0.0010987354340653618,0.03934697728092543,NA,NA,NA
Litorosuchus__Antarctic,0.005137451790361422,0.0014675534564837513,0.004194513230353994,NA,NA,NA
Litorosuchus__mean_z_trans,0.009472476862922831,-0.014120718404357574,0.02744059916815245,NA,NA,NA
Litorosuchus__Mod_R_deltaTMyr_z_trans,0.06095761506322492,0.011890920530783198,0.04847759341713987,NA,NA,NA
Litorosuchus__time,-0.017744375117511608,-0.03141711640242357,0.004503659993776904,NA,NA,NA
Lophostropheus__lat_range_z_trans,0.038841154226784504,0.010200368541915644,0.026176172363934134,1.5910630645614583,0.9984516687691212,2.2921414375305176
Lophostropheus__Temperate_N,-0.019298473823853725,-0.031125125573532218,0.022251737870423834,NA,NA,NA
Lophostropheus__Tropical,0.01828077837012913,-0.015556928982473463,0.026256712393214643,NA,NA,NA
Lophostropheus__Temperate_S,0.017502496850406318,-0.013292108721473144,0.024467973410247618,NA,NA,NA
Lophostropheus__Antarctic,0.005378152643551295,0.0006993754527665911,0.003903305214537218,NA,NA,NA
Lophostropheus__mean_z_trans,-0.0012503734400442106,-0.01496211585166638,0.014665896002218064,NA,NA,NA
Lophostropheus__Mod_R_deltaTMyr_z_trans,-0.027629862934573996,-0.03401690555971739,0.013763568312119619,NA,NA,NA
Lophostropheus__time,0.10823788522511053,0.008039936665860043,0.07570315128854473,NA,NA,NA
Lotosaurus__lat_range_z_trans,0.023671750177421635,-0.0004068460899846806,0.01770042511433556,0.8022980494151125,0.23593850433826447,1.6781032867729664
Lotosaurus__Temperate_N,0.07444377568942998,-0.0012694257876659778,0.03985751636500593,NA,NA,NA
Lotosaurus__Tropical,-0.0866379932546788,-0.04842208796450373,0.023196078867022147,NA,NA,NA
Lotosaurus__Temperate_S,0.06499940131311586,-0.0018348254478987361,0.041079569234308895,NA,NA,NA
Lotosaurus__Antarctic,0.013590823561615437,0.0011465938222018186,0.005602687278101732,NA,NA,NA
Lotosaurus__mean_z_trans,0.008174399004088315,-0.01132277503188603,0.029631906303757383,NA,NA,NA
Lotosaurus__Mod_R_deltaTMyr_z_trans,0.09077668442909959,0.0009599837161078183,0.04590791110527238,NA,NA,NA
Lotosaurus__time,-0.04895708380258217,-0.028864121244690795,0.004212422587435854,NA,NA,NA
Lucasuchus__lat_range_z_trans,0.22077857226895314,0.009479392820816706,0.03398039408175438,0.3901564894567127,0.12723976839333773,0.6477281037368812
Lucasuchus__Temperate_N,0.1714328337756277,-0.001383229762815888,0.0513299442103006,NA,NA,NA
Lucasuchus__Tropical,-0.21450000718628906,-0.046058744115697714,0.03509859284929133,NA,NA,NA
Lucasuchus__Temperate_S,0.15846903119347847,-0.003713478657613995,0.05047364480643363,NA,NA,NA
Lucasuchus__Antarctic,0.04847820498981429,0.0018148894359832374,0.007284886443201464,NA,NA,NA
Lucasuchus__mean_z_trans,-0.025495010801757475,-0.010744869587988358,0.010710710690125087,NA,NA,NA
Lucasuchus__Mod_R_deltaTMyr_z_trans,-0.10047720678225525,-0.021512544649483892,0.015608108728166785,NA,NA,NA
Lucasuchus__time,-0.118624660340062,-0.01789491951152041,0.002702235045966591,NA,NA,NA
Lucianosaurus__lat_range_z_trans,0.27405809417366983,0.007803319707245302,0.03131425631781996,0.31956923642748736,0.08005526103079319,0.4913609176874161
Lucianosaurus__Temperate_N,0.1875232267123647,-0.005829378960932204,0.041163363533507066,NA,NA,NA
Lucianosaurus__Tropical,-0.2019326161313802,-0.032234265221169116,0.03758311721851423,NA,NA,NA
Lucianosaurus__Temperate_S,0.18637436165940016,-0.003455687376461405,0.04489825092459484,NA,NA,NA
Lucianosaurus__Antarctic,0.06322564839734696,0.0015271828667063224,0.007919683198499507,NA,NA,NA
Lucianosaurus__mean_z_trans,-0.05720033548539504,-0.017695161242168102,0.015142226805880447,NA,NA,NA
Lucianosaurus__Mod_R_deltaTMyr_z_trans,-0.42821854865178466,-0.032689460199177865,-0.0084876427572354,NA,NA,NA
Lucianosaurus__time,0.08804675255174516,-0.0074400536023632394,0.03765526161365921,NA,NA,NA
Lucianovenator__lat_range_z_trans,0.26086859211325647,0.005502772694678791,0.030647571273478613,0.19777867494383827,0.04308405378833413,0.28769180178642273
Lucianovenator__Temperate_N,0.17827821525745094,-0.011025373789349369,0.04110757099346177,NA,NA,NA
Lucianovenator__Tropical,0.14689457880915144,-0.006297514795708442,0.04526619249710979,NA,NA,NA
Lucianovenator__Temperate_S,-0.23598520358093084,-0.03189937069585313,0.03785633530312243,NA,NA,NA
Lucianovenator__Antarctic,0.06272791397757828,0.001100848479455971,0.007695030647857628,NA,NA,NA
Lucianovenator__mean_z_trans,-0.08347878523054533,-0.013032903641586097,0.016463445944454702,NA,NA,NA
Lucianovenator__Mod_R_deltaTMyr_z_trans,-0.40748827245086433,-0.025882573651563778,-0.012090381902361702,NA,NA,NA
Lucianovenator__time,0.06785139020998031,-0.008479388628394252,0.040242752098116646,NA,NA,NA
Lufengosaurus__lat_range_z_trans,0.038841154226784504,0.010200368541915644,0.026176172363934134,1.5910630645614583,0.9984516687691212,2.2921414375305176
Lufengosaurus__Temperate_N,-0.019298473823853725,-0.031125125573532218,0.022251737870423834,NA,NA,NA
Lufengosaurus__Tropical,0.01828077837012913,-0.015556928982473463,0.026256712393214643,NA,NA,NA
Lufengosaurus__Temperate_S,0.017502496850406318,-0.013292108721473144,0.024467973410247618,NA,NA,NA
Lufengosaurus__Antarctic,0.005378152643551295,0.0006993754527665911,0.003903305214537218,NA,NA,NA
Lufengosaurus__mean_z_trans,-0.0012503734400442106,-0.01496211585166638,0.014665896002218064,NA,NA,NA
Lufengosaurus__Mod_R_deltaTMyr_z_trans,-0.027629862934573996,-0.03401690555971739,0.013763568312119619,NA,NA,NA
Lufengosaurus__time,0.10823788522511053,0.008039936665860043,0.07570315128854473,NA,NA,NA
Lukousaurus__lat_range_z_trans,0.038841154226784504,0.010200368541915644,0.026176172363934134,1.5910630645614583,0.9984516687691212,2.2921414375305176
Lukousaurus__Temperate_N,-0.019298473823853725,-0.031125125573532218,0.022251737870423834,NA,NA,NA
Lukousaurus__Tropical,0.01828077837012913,-0.015556928982473463,0.026256712393214643,NA,NA,NA
Lukousaurus__Temperate_S,0.017502496850406318,-0.013292108721473144,0.024467973410247618,NA,NA,NA
Lukousaurus__Antarctic,0.005378152643551295,0.0006993754527665911,0.003903305214537218,NA,NA,NA
Lukousaurus__mean_z_trans,-0.0012503734400442106,-0.01496211585166638,0.014665896002218064,NA,NA,NA
Lukousaurus__Mod_R_deltaTMyr_z_trans,-0.027629862934573996,-0.03401690555971739,0.013763568312119619,NA,NA,NA
Lukousaurus__time,0.10823788522511053,0.008039936665860043,0.07570315128854473,NA,NA,NA
Luopingosaurus__lat_range_z_trans,0.08308781706097326,0.00987694896198511,0.027813098272972833,0.7276380905146652,0.5062590576708317,1.0283975303173065
Luopingosaurus__Temperate_N,0.0825239372794867,-0.0016472599299812182,0.039771536727388694,NA,NA,NA
Luopingosaurus__Tropical,-0.10576094628776739,-0.04876033968729957,0.025325432888935476,NA,NA,NA
Luopingosaurus__Temperate_S,0.07307953937912716,-0.002490316616682987,0.040625531278584766,NA,NA,NA
Luopingosaurus__Antarctic,0.01573969314779924,0.001386179074636894,0.0055894333937259386,NA,NA,NA
Luopingosaurus__mean_z_trans,-0.013705627916870322,-0.0204128468054193,0.020831006843535137,NA,NA,NA
Luopingosaurus__Mod_R_deltaTMyr_z_trans,0.07770956851863789,0.002378154910677023,0.03804922836596093,NA,NA,NA
Luopingosaurus__time,-0.07261222406387673,-0.030344023936236263,0.009183249084136095,NA,NA,NA
Luperosuchus__lat_range_z_trans,0.11903966720127551,0.008643511522105251,0.030654436193327472,0.5658953860157635,0.32663774862885475,0.8277136273682117
Luperosuchus__Temperate_N,0.10243733812927096,-0.007070996100011143,0.041032530343110905,NA,NA,NA
Luperosuchus__Tropical,0.0796229866605978,-0.007034658229808547,0.04628124265854771,NA,NA,NA
Luperosuchus__Temperate_S,-0.19516866741058192,-0.04668217660955201,0.02356216110490648,NA,NA,NA
Luperosuchus__Antarctic,0.023850816040018832,0.001344655257255329,0.006794344385788038,NA,NA,NA
Luperosuchus__mean_z_trans,-0.00432056990509185,-0.01175415264389123,0.014016414877013383,NA,NA,NA
Luperosuchus__Mod_R_deltaTMyr_z_trans,0.11923753198559743,-0.002422857079278452,0.04527980422629335,NA,NA,NA
Luperosuchus__time,-0.10463734558357689,-0.02503683014513951,-0.00043241693374747124,NA,NA,NA
Macgowania__lat_range_z_trans,-0.40476509314030407,-0.0423917284352559,-0.004877448045481557,0.24329670769366202,0.019043464213609695,0.6431841477751732
Macgowania__Temperate_N,0.0455079629906686,-0.007984596526832139,0.031167514122596617,NA,NA,NA
Macgowania__Tropical,0.04825895473128185,-0.010539035870896149,0.028742804844326012,NA,NA,NA
Macgowania__Temperate_S,0.09972031182143837,-0.003961913941311094,0.030191529624818633,NA,NA,NA
Macgowania__Antarctic,0.056084260866045954,0.001656773415003131,0.0073501971373517135,NA,NA,NA
Macgowania__mean_z_trans,0.023839689145388546,-0.008254099967484798,0.02306992699439275,NA,NA,NA
Macgowania__Mod_R_deltaTMyr_z_trans,-0.09026641615200788,-0.014886600955668374,0.008897812357561352,NA,NA,NA
Macgowania__time,0.26665233945474026,-0.003652301745874996,0.08264617981967434,NA,NA,NA
Machaeroprosopus__lat_range_z_trans,-0.9056522387266159,-0.05546046182866341,-0.05902884786330342,0.21510502156452277,0.11252207774668932,0.33437544852495193
Machaeroprosopus__Temperate_N,0.12698329638689757,-0.005318965944663106,0.03754331925994094,NA,NA,NA
Machaeroprosopus__Tropical,-0.00012940495042130352,-0.015672104532346992,0.03207319741900874,NA,NA,NA
Machaeroprosopus__Temperate_S,0.10168405377306045,-0.004596954619319049,0.03756545069026995,NA,NA,NA
Machaeroprosopus__Antarctic,0.05724745625630021,0.0012745654953385311,0.008487656648150915,NA,NA,NA
Machaeroprosopus__mean_z_trans,0.0328617376764305,-0.004746291447879422,0.025223748003318554,NA,NA,NA
Machaeroprosopus__Mod_R_deltaTMyr_z_trans,-0.08498774926061742,-0.013475958156648926,0.006028179164730206,NA,NA,NA
Machaeroprosopus__time,0.6877259714901447,0.007982667005862068,0.11929581353312399,NA,NA,NA
Macrocnemus__lat_range_z_trans,-0.3420706194639206,-0.044019960664184954,-0.027156645452439454,0.13177187964312906,0.04071000963449478,0.2547487672418356
Macrocnemus__Temperate_N,0.022297926092796842,-0.00806165482711936,0.032473567164945615,NA,NA,NA
Macrocnemus__Tropical,0.014271140589844435,-0.012820891857146674,0.03605711835352592,NA,NA,NA
Macrocnemus__Temperate_S,0.12627462606993503,-0.006469120720557749,0.05130922268107624,NA,NA,NA
Macrocnemus__Antarctic,0.05455990269780159,0.0026542235989784066,0.01299894137965934,NA,NA,NA
Macrocnemus__mean_z_trans,0.02757668660080526,-0.005212191337203619,0.02594262277277826,NA,NA,NA
Macrocnemus__Mod_R_deltaTMyr_z_trans,0.07065706175053492,-0.005176990582396661,0.06299198966818406,NA,NA,NA
Macrocnemus__time,-0.038680863954359664,-0.01090691763868969,0.012571700287509868,NA,NA,NA
Macrocollum__lat_range_z_trans,0.10706703757659966,0.005659301956824421,0.02006812086865581,0.5870191742928,0.04617383889853954,2.2010936848819256
Macrocollum__Temperate_N,0.07371473267712063,-0.009012305929035345,0.033086446952269054,NA,NA,NA
Macrocollum__Tropical,0.06130422481290235,-0.005868910552671784,0.02799607745688938,NA,NA,NA
Macrocollum__Temperate_S,-0.08240494839011504,-0.03039311521736928,0.03247956744967971,NA,NA,NA
Macrocollum__Antarctic,0.022136069501799128,0.0011309376415032505,0.0046651684381021396,NA,NA,NA
Macrocollum__mean_z_trans,-0.025849276226817375,-0.014442814404486798,0.013748262752466772,NA,NA,NA
Macrocollum__Mod_R_deltaTMyr_z_trans,-0.1422782793699686,-0.02830332382392943,0.0012141460140703548,NA,NA,NA
Macrocollum__time,0.12637219653598908,-0.008783273699155344,0.07393072692310665,NA,NA,NA
Macroleter__lat_range_z_trans,-0.42587938711047174,-0.04470023880664449,-0.020187264171998155,0.058123723788085044,0.0008608605712652206,0.12445006147027016
Macroleter__Temperate_N,0.007011989514867309,-0.005456908763763384,0.03000411400767172,NA,NA,NA
Macroleter__Tropical,0.00042620657972292975,-0.010288464307262718,0.030238600100929675,NA,NA,NA
Macroleter__Temperate_S,0.13538533463608474,-0.0005359272712807329,0.038068333028576797,NA,NA,NA
Macroleter__Antarctic,0.05477608647197485,0.0016772851754874665,0.011001162164295733,NA,NA,NA
Macroleter__mean_z_trans,0.11045493746969441,-0.010165210657745786,0.07169296912922313,NA,NA,NA
Macroleter__Mod_R_deltaTMyr_z_trans,0.09864468871965074,-0.0037689438044135426,0.0330593376446629,NA,NA,NA
Macroleter__time,-0.1181564605620224,-0.01677509559269712,0.01331126495187806,NA,NA,NA
Macroplacus__lat_range_z_trans,0.038841154226784504,0.010200368541915644,0.026176172363934134,1.5910630645614583,0.9984516687691212,2.2921414375305176
Macroplacus__Temperate_N,-0.019298473823853725,-0.031125125573532218,0.022251737870423834,NA,NA,NA
Macroplacus__Tropical,0.01828077837012913,-0.015556928982473463,0.026256712393214643,NA,NA,NA
Macroplacus__Temperate_S,0.017502496850406318,-0.013292108721473144,0.024467973410247618,NA,NA,NA
Macroplacus__Antarctic,0.005378152643551295,0.0006993754527665911,0.003903305214537218,NA,NA,NA
Macroplacus__mean_z_trans,-0.0012503734400442106,-0.01496211585166638,0.014665896002218064,NA,NA,NA
Macroplacus__Mod_R_deltaTMyr_z_trans,-0.027629862934573996,-0.03401690555971739,0.013763568312119619,NA,NA,NA
Macroplacus__time,0.10823788522511053,0.008039936665860043,0.07570315128854473,NA,NA,NA
Macroplata__lat_range_z_trans,0.038841154226784504,0.010200368541915644,0.026176172363934134,1.5910630645614583,0.9984516687691212,2.2921414375305176
Macroplata__Temperate_N,-0.019298473823853725,-0.031125125573532218,0.022251737870423834,NA,NA,NA
Macroplata__Tropical,0.01828077837012913,-0.015556928982473463,0.026256712393214643,NA,NA,NA
Macroplata__Temperate_S,0.017502496850406318,-0.013292108721473144,0.024467973410247618,NA,NA,NA
Macroplata__Antarctic,0.005378152643551295,0.0006993754527665911,0.003903305214537218,NA,NA,NA
Macroplata__mean_z_trans,-0.0012503734400442106,-0.01496211585166638,0.014665896002218064,NA,NA,NA
Macroplata__Mod_R_deltaTMyr_z_trans,-0.027629862934573996,-0.03401690555971739,0.013763568312119619,NA,NA,NA
Macroplata__time,0.10823788522511053,0.008039936665860043,0.07570315128854473,NA,NA,NA
Maehary__lat_range_z_trans,0.1091695953113386,0.005294851233971695,0.021909050169221695,0.5755488519486971,0.06721838377416134,2.815884657204151
Maehary__Temperate_N,0.07516832834174052,-0.008206777276442593,0.0334327764219369,NA,NA,NA
Maehary__Tropical,0.06042210563360777,-0.008381751808867534,0.026573092224299946,NA,NA,NA
Maehary__Temperate_S,-0.07726727184571709,-0.03179215466209082,0.03101567588300955,NA,NA,NA
Maehary__Antarctic,0.022902454649457324,0.0009584413114902274,0.004051584966746398,NA,NA,NA
Maehary__mean_z_trans,-0.02365208890084241,-0.014092316159938318,0.015562519783155492,NA,NA,NA
Maehary__Mod_R_deltaTMyr_z_trans,-0.14941794358958,-0.02579558049684169,-0.001749788831641177,NA,NA,NA
Maehary__time,0.12273657751750515,-0.007998216169601276,0.07639360623851106,NA,NA,NA
Majiashanosaurus__lat_range_z_trans,0.03210868412995691,0.016789982671429202,0.022083523420200656,1.8722542332619196,1.0066168308258057,2.8588281087577343
Majiashanosaurus__Temperate_N,-0.02965295725713275,-0.054792947863657494,0.012754932177097457,NA,NA,NA
Majiashanosaurus__Tropical,0.03281849549126412,0.00461016210721363,0.032858570683311064,NA,NA,NA
Majiashanosaurus__Temperate_S,0.025905372221960172,-0.0013996591466869607,0.025532075127239102,NA,NA,NA
Majiashanosaurus__Antarctic,0.003388516889450608,0.0010839449629401995,0.0028318239422918117,NA,NA,NA
Majiashanosaurus__mean_z_trans,0.03251630042761731,-0.02405987794717475,0.0465315114348802,NA,NA,NA
Majiashanosaurus__Mod_R_deltaTMyr_z_trans,0.06351772242388476,0.01590035644670707,0.055778168985507456,NA,NA,NA
Majiashanosaurus__time,-0.020540377209491274,-0.048145465259091205,0.00881791108471213,NA,NA,NA
Malerisaurus__lat_range_z_trans,0.14693700724706707,0.007277241486614226,0.02680686890583719,0.48340298421797345,0.11731043830513954,1.8668166622519493
Malerisaurus__Temperate_N,0.10123588945574233,-0.005761188742910541,0.03175799620241316,NA,NA,NA
Malerisaurus__Tropical,-0.09791387239335797,-0.02931986481529288,0.035749186730101586,NA,NA,NA
Malerisaurus__Temperate_S,0.09049332046771016,-0.0040010244470606166,0.03381753317988424,NA,NA,NA
Malerisaurus__Antarctic,0.031834735329291146,0.0012810602545008686,0.005910246009043908,NA,NA,NA
Malerisaurus__mean_z_trans,-0.02624030023741535,-0.01723131258911555,0.014051599898522444,NA,NA,NA
Malerisaurus__Mod_R_deltaTMyr_z_trans,-0.21975016724162985,-0.03309347384210661,-0.006495367039372865,NA,NA,NA
Malerisaurus__time,0.1134651444901023,-0.009164941332949211,0.06559045296881019,NA,NA,NA
Malutinisuchus__lat_range_z_trans,-0.5061859250068664,-0.04494679993779907,-0.033784009233048286,0.10623239853826817,0.012156440876424313,0.2660991386510432
Malutinisuchus__Temperate_N,-0.07267758077883628,-0.021808158629313665,0.02534724192115703,NA,NA,NA
Malutinisuchus__Tropical,0.1484029947896488,-0.0007580950916277547,0.05599077896799795,NA,NA,NA
Malutinisuchus__Temperate_S,0.16585196148138492,-0.003983552128306991,0.048884248617912726,NA,NA,NA
Malutinisuchus__Antarctic,0.05126365501433611,0.0015455328254103278,0.010612082191729204,NA,NA,NA
Malutinisuchus__mean_z_trans,0.04531548837490845,-0.003916670026746091,0.031144658456306606,NA,NA,NA
Malutinisuchus__Mod_R_deltaTMyr_z_trans,0.12992495914688335,-0.00778896669514167,0.059372645825026285,NA,NA,NA
Malutinisuchus__time,-0.050344682842842305,-0.008356794344795396,0.009620870108158371,NA,NA,NA
Mambawakale__lat_range_z_trans,0.28058128073811534,0.006917289842136643,0.026299706422316094,0.2773732166388072,0.14113495964556932,0.4114350788295269
Mambawakale__Temperate_N,0.24161987275583668,-0.0032338549144574954,0.0452329819694509,NA,NA,NA
Mambawakale__Tropical,0.21130330864805727,-0.003348269814732283,0.04423885496276682,NA,NA,NA
Mambawakale__Temperate_S,-0.5343735145567916,-0.05082394767561149,0.02097863269148632,NA,NA,NA
Mambawakale__Antarctic,0.06460467113181949,0.001351717081281925,0.006540082775542944,NA,NA,NA
Mambawakale__mean_z_trans,-0.028824990103021263,-0.009910986763959328,0.027679917873426527,NA,NA,NA
Mambawakale__Mod_R_deltaTMyr_z_trans,0.17584448292152957,-0.0016761622809850164,0.03242176140144141,NA,NA,NA
Mambawakale__time,-0.34442486486863344,-0.02928928950199327,0.0037965787588088618,NA,NA,NA
Mandaphon__lat_range_z_trans,0.2810215499997139,0.00716691133280286,0.028350433347161474,0.2864745595739805,0.15231361985206604,0.46961474046111107
Mandaphon__Temperate_N,0.2417619851301424,-0.006939635240437498,0.03942587544964805,NA,NA,NA
Mandaphon__Tropical,0.21262251485604794,-0.0032197130590285845,0.048057746467782304,NA,NA,NA
Mandaphon__Temperate_S,-0.5320557611226104,-0.04887256317353737,0.018738249617660026,NA,NA,NA
Mandaphon__Antarctic,0.0644442349486053,0.0011584845800953535,0.006484827975610744,NA,NA,NA
Mandaphon__mean_z_trans,-0.02798201923724264,-0.009530454616104694,0.028647279820033403,NA,NA,NA
Mandaphon__Mod_R_deltaTMyr_z_trans,0.17940686613554135,-0.0016118060621617212,0.03355484201118671,NA,NA,NA
Mandaphon__time,-0.3436015023998334,-0.028164727789948652,0.003929262166157173,NA,NA,NA
Mandasuchus__lat_range_z_trans,0.16590102611683594,0.00762119497150183,0.02873127472258739,0.46108789147256174,0.19414152950048447,0.8028032928705215
Mandasuchus__Temperate_N,0.14324236923333272,-0.0051882319125896225,0.043258699513676425,NA,NA,NA
Mandasuchus__Tropical,0.11539584835741523,-0.008295600243986907,0.04501115937543853,NA,NA,NA
Mandasuchus__Temperate_S,-0.3000675568678443,-0.04976177080449994,0.02291555126441336,NA,NA,NA
Mandasuchus__Antarctic,0.035115160066452836,0.0014528258522435516,0.006607889080606591,NA,NA,NA
Mandasuchus__mean_z_trans,-0.010089877424174087,-0.01040059919284527,0.016828364456914085,NA,NA,NA
Mandasuchus__Mod_R_deltaTMyr_z_trans,0.15754609250398977,-0.0007051604035571345,0.04100119932808547,NA,NA,NA
Mandasuchus__time,-0.16698130486849827,-0.02473616229458682,0.002834379113518019,NA,NA,NA
Marasuchus__lat_range_z_trans,0.1048879462489948,0.008776519671454968,0.029668129922644188,0.6147184711077717,0.384373496286571,0.8571833595633507
Marasuchus__Temperate_N,0.09049826610189834,-0.007125906484483451,0.04304821125929699,NA,NA,NA
Marasuchus__Tropical,0.07006850053315286,-0.013999725962061612,0.03767129305988878,NA,NA,NA
Marasuchus__Temperate_S,-0.14740987962203114,-0.04336231615663114,0.03648321800243554,NA,NA,NA
Marasuchus__Antarctic,0.020368342014119998,0.0012447093078978978,0.006369849741092939,NA,NA,NA
Marasuchus__mean_z_trans,-0.01233678371906819,-0.010608766792403166,0.012957409576686408,NA,NA,NA
Marasuchus__Mod_R_deltaTMyr_z_trans,0.09363164294035813,-0.0017301180122661125,0.040793713960721,NA,NA,NA
Marasuchus__time,-0.07964627737991496,-0.023207899599827705,0.00019669133247402653,NA,NA,NA
Marcianosuchus__lat_range_z_trans,0.08308781706097326,0.00987694896198511,0.027813098272972833,0.7276380905146652,0.5062590576708317,1.0283975303173065
Marcianosuchus__Temperate_N,0.0825239372794867,-0.0016472599299812182,0.039771536727388694,NA,NA,NA
Marcianosuchus__Tropical,-0.10576094628776739,-0.04876033968729957,0.025325432888935476,NA,NA,NA
Marcianosuchus__Temperate_S,0.07307953937912716,-0.002490316616682987,0.040625531278584766,NA,NA,NA
Marcianosuchus__Antarctic,0.01573969314779924,0.001386179074636894,0.0055894333937259386,NA,NA,NA
Marcianosuchus__mean_z_trans,-0.013705627916870322,-0.0204128468054193,0.020831006843535137,NA,NA,NA
Marcianosuchus__Mod_R_deltaTMyr_z_trans,0.07770956851863789,0.002378154910677023,0.03804922836596093,NA,NA,NA
Marcianosuchus__time,-0.07261222406387673,-0.030344023936236263,0.009183249084136095,NA,NA,NA
Massospondylus__lat_range_z_trans,0.09129635455501339,0.009052031293132812,0.030468830328554845,0.6601012544910191,0.3721710368990898,0.9344987943768501
Massospondylus__Temperate_N,0.08071410289599239,-0.008580052341798042,0.046719508968253894,NA,NA,NA
Massospondylus__Tropical,0.06695346769285343,-0.005565414607935759,0.053176662075737895,NA,NA,NA
Massospondylus__Temperate_S,-0.08372556635945295,-0.053948375162933826,0.033114349127299464,NA,NA,NA
Massospondylus__Antarctic,0.01698965357261711,0.0014239259864570785,0.006546211516384029,NA,NA,NA
Massospondylus__mean_z_trans,-0.005748453104446184,-0.008440550592819385,0.01262963841585651,NA,NA,NA
Massospondylus__Mod_R_deltaTMyr_z_trans,0.02225322393893636,-0.0074332934358239434,0.02365889568610816,NA,NA,NA
Massospondylus__time,-0.048671026074003684,-0.01652177516659925,0.0008744207370450806,NA,NA,NA
Mbiresaurus__lat_range_z_trans,0.10029165453936945,0.007659930833251166,0.02932960952877762,0.6132195924955886,0.06770048290491104,0.9275609254837036
Mbiresaurus__Temperate_N,0.08780517670672001,-0.007954715661580385,0.044972679969631876,NA,NA,NA
Mbiresaurus__Tropical,0.07351295905129852,-0.005159792619127229,0.05118840198021887,NA,NA,NA
Mbiresaurus__Temperate_S,-0.09307219906177652,-0.050016476325536276,0.031876213140781144,NA,NA,NA
Mbiresaurus__Antarctic,0.019223543237910708,0.0013201465322328955,0.006379933318643405,NA,NA,NA
Mbiresaurus__mean_z_trans,-0.006915533427673394,-0.007825381165331165,0.013339317661239077,NA,NA,NA
Mbiresaurus__Mod_R_deltaTMyr_z_trans,0.011929087845151577,-0.012380553751772752,0.02904811129565667,NA,NA,NA
Mbiresaurus__time,-0.052712931773490505,-0.015656661870456556,0.0010542499602912007,NA,NA,NA
Megachirella__lat_range_z_trans,0.0508531562309776,0.011612804026530593,0.027069901966949545,1.083160015824251,0.5981970988214016,1.47257000207901
Megachirella__Temperate_N,-0.048882761295379176,-0.0551596201032275,0.019378123135285873,NA,NA,NA
Megachirella__Tropical,0.04968980200307156,0.003256115827485746,0.04260156465632714,NA,NA,NA
Megachirella__Temperate_S,0.04734098938993408,-0.0021813050146976885,0.035934709846827916,NA,NA,NA
Megachirella__Antarctic,0.007871310126714784,0.00119242251636206,0.004941027000037482,NA,NA,NA
Megachirella__mean_z_trans,0.02777916669982753,-0.0136758077062216,0.03567548255300077,NA,NA,NA
Megachirella__Mod_R_deltaTMyr_z_trans,0.04683009495291621,-0.0004483014264390347,0.035330347162227535,NA,NA,NA
Megachirella__time,-0.04142000099055277,-0.034609812148112894,0.006257360534583619,NA,NA,NA
Megalancosaurus__lat_range_z_trans,-0.5921610862016677,-0.05463730774067713,-0.01674995804227895,0.3125759839412058,0.025579998269677162,0.9451416432857513
Megalancosaurus__Temperate_N,0.027731282378081232,-0.007422634257177076,0.02486354818069492,NA,NA,NA
Megalancosaurus__Tropical,0.044324770924868064,-0.007575757485668461,0.03589628362417078,NA,NA,NA
Megalancosaurus__Temperate_S,0.09368946035392582,-0.003877303733162816,0.035642075823930836,NA,NA,NA
Megalancosaurus__Antarctic,0.05544582622125745,0.0011958737372530137,0.00681062240670359,NA,NA,NA
Megalancosaurus__mean_z_trans,0.030216815021703952,-0.0077471830850362215,0.02012382334842719,NA,NA,NA
Megalancosaurus__Mod_R_deltaTMyr_z_trans,-0.058832857622765,-0.011037823819630345,0.014286507853718336,NA,NA,NA
Megalancosaurus__time,0.5154370154254139,0.0010886323557787185,0.08631561365987318,NA,NA,NA
Megalosaurus__lat_range_z_trans,0.038841154226784504,0.010200368541915644,0.026176172363934134,1.5910630645614583,0.9984516687691212,2.2921414375305176
Megalosaurus__Temperate_N,-0.019298473823853725,-0.031125125573532218,0.022251737870423834,NA,NA,NA
Megalosaurus__Tropical,0.01828077837012913,-0.015556928982473463,0.026256712393214643,NA,NA,NA
Megalosaurus__Temperate_S,0.017502496850406318,-0.013292108721473144,0.024467973410247618,NA,NA,NA
Megalosaurus__Antarctic,0.005378152643551295,0.0006993754527665911,0.003903305214537218,NA,NA,NA
Megalosaurus__mean_z_trans,-0.0012503734400442106,-0.01496211585166638,0.014665896002218064,NA,NA,NA
Megalosaurus__Mod_R_deltaTMyr_z_trans,-0.027629862934573996,-0.03401690555971739,0.013763568312119619,NA,NA,NA
Megalosaurus__time,0.10823788522511053,0.008039936665860043,0.07570315128854473,NA,NA,NA
Megapnosaurus__lat_range_z_trans,0.03010830926413691,0.014700648804402274,0.023724843452322442,2.0894681466789917,0.9758232422173023,3.4438777044415474
Megapnosaurus__Temperate_N,0.020703620755708526,-0.009936728114296843,0.022770403106627316,NA,NA,NA
Megapnosaurus__Tropical,-0.006768358669213279,-0.062370506971836194,0.025741762338709843,NA,NA,NA
Megapnosaurus__Temperate_S,0.014614402411388169,-0.009186084107896326,0.021982483220029485,NA,NA,NA
Megapnosaurus__Antarctic,0.0036136922270798067,0.0012244097800399643,0.0031332844276428674,NA,NA,NA
Megapnosaurus__mean_z_trans,0.004515090733272493,-0.018451770800955114,0.01686843227249085,NA,NA,NA
Megapnosaurus__Mod_R_deltaTMyr_z_trans,-0.020461414606356965,-0.04605456694920702,0.003591318003235641,NA,NA,NA
Megapnosaurus__time,0.09373641500149418,0.040061094331428945,0.08937599003418144,NA,NA,NA
Melanorosaurus__lat_range_z_trans,0.26378357455134394,0.005348346975349493,0.030564904022066918,0.21460358374926727,0.016416214406490326,0.34462258219718933
Melanorosaurus__Temperate_N,0.1782660500332713,-0.00541990995603295,0.04709534006257001,NA,NA,NA
Melanorosaurus__Tropical,0.1439688567921985,-0.005546438455210475,0.04045826010025161,NA,NA,NA
Melanorosaurus__Temperate_S,-0.2343212806340307,-0.03371888250693482,0.03875218500231397,NA,NA,NA
Melanorosaurus__Antarctic,0.06300744067877531,0.0012668908098790608,0.007378816759712942,NA,NA,NA
Melanorosaurus__mean_z_trans,-0.08685833840514533,-0.015400005129442685,0.014814111590082314,NA,NA,NA
Melanorosaurus__Mod_R_deltaTMyr_z_trans,-0.4072224133834243,-0.026771043009711833,-0.007997961917793237,NA,NA,NA
Melanorosaurus__time,0.08555389491782989,-0.009772462756216101,0.03612286123603534,NA,NA,NA
Merriamosaurus__lat_range_z_trans,0.03204139107643495,0.016743686341453724,0.022108916784358293,1.8773396136373048,1.0066168308258057,2.8588281087577343
Merriamosaurus__Temperate_N,-0.02955498294309048,-0.05464186299095291,0.012769598796704125,NA,NA,NA
Merriamosaurus__Tropical,0.032780500875838434,0.004597450147330598,0.032896354040395176,NA,NA,NA
Merriamosaurus__Temperate_S,0.02585684732379767,-0.0013957997572536123,0.025561433906138176,NA,NA,NA
Merriamosaurus__Antarctic,0.0033767270116505745,0.0007561735918616049,0.0025968386176020482,NA,NA,NA
Merriamosaurus__mean_z_trans,0.032488985524524526,-0.02399353576741136,0.04658501700970122,NA,NA,NA
Merriamosaurus__Mod_R_deltaTMyr_z_trans,0.06352768241525632,0.015933094415777584,0.055842307091105214,NA,NA,NA
Merriamosaurus__time,-0.020455394166902115,-0.04801271000912595,0.008828050609235602,NA,NA,NA
Mesodapedon__lat_range_z_trans,0.2806686867773533,0.006997039371690139,0.026299706422316094,0.28162301062140616,0.14113495964556932,0.4646956995129585
Mesodapedon__Temperate_N,0.24194106773240492,-0.0032365155592100486,0.0452329819694509,NA,NA,NA
Mesodapedon__Tropical,0.21217979599256068,-0.0033510245940122294,0.04423885496276682,NA,NA,NA
Mesodapedon__Temperate_S,-0.5332057311176323,-0.05086576293116999,0.02097863269148632,NA,NA,NA
Mesodapedon__Antarctic,0.06453612735494971,0.001352829202590513,0.006540082775542944,NA,NA,NA
Mesodapedon__mean_z_trans,-0.029967761111911385,-0.009919140999577093,0.027679917873426527,NA,NA,NA
Mesodapedon__Mod_R_deltaTMyr_z_trans,0.17779104575747623,-0.001677541338640755,0.03242176140144141,NA,NA,NA
Mesodapedon__time,-0.3432723876042292,-0.02931338717999085,0.0037965787588088618,NA,NA,NA
Mesosaurus__lat_range_z_trans,-0.8248401023447514,-0.046435920854036465,-0.01431517991670307,0.10306378992332611,0.004849228076636791,0.34326698910444975
Mesosaurus__Temperate_N,0.13708399560069665,-0.0009292150650783346,0.02542097328697706,NA,NA,NA
Mesosaurus__Tropical,0.13275567971693816,-0.00084976421410007,0.022362765735560484,NA,NA,NA
Mesosaurus__Temperate_S,-0.004740783395245671,-0.008306525094979802,0.02259042650468054,NA,NA,NA
Mesosaurus__Antarctic,0.5081650663237087,-0.006902056607759273,0.09223054868477289,NA,NA,NA
Mesosaurus__mean_z_trans,0.13741628166404551,-0.008582034107187528,0.042061647750406675,NA,NA,NA
Mesosaurus__Mod_R_deltaTMyr_z_trans,0.006518037802306935,-0.003396730359810683,0.008346221325618738,NA,NA,NA
Mesosaurus__time,-0.18564816597849132,-0.014611257725368153,0.008491113483926548,NA,NA,NA
Mesosuchus__lat_range_z_trans,0.12048227896006988,0.007984424099392413,0.03222588093133295,0.5642294567613862,0.29426031187176704,0.7941098622977734
Mesosuchus__Temperate_N,0.10270596476312392,-0.004825504445921458,0.04587040590702638,NA,NA,NA
Mesosuchus__Tropical,0.07802437092991456,-0.012765455962570001,0.03964536795759659,NA,NA,NA
Mesosuchus__Temperate_S,-0.19699216506280684,-0.04628275109895468,0.024299057759459182,NA,NA,NA
Mesosuchus__Antarctic,0.02427330915204086,0.001134970920090191,0.00700683464190141,NA,NA,NA
Mesosuchus__mean_z_trans,-0.010448304305727633,-0.010801091480701323,0.014454772342854793,NA,NA,NA
Mesosuchus__Mod_R_deltaTMyr_z_trans,0.12411840599511237,-0.001577584115252199,0.04347661110939253,NA,NA,NA
Mesosuchus__time,-0.10210210331421725,-0.02288051194440325,0.00020958620567605943,NA,NA,NA
Metamosaurus__lat_range_z_trans,0.26255041316151617,0.005495499944101735,0.027459050828223256,0.30088562639488375,0.11953672766685486,0.5266670808196068
Metamosaurus__Temperate_N,0.19173742071026936,-0.004925090057078782,0.0343636484502455,NA,NA,NA
Metamosaurus__Tropical,-0.24782239878783002,-0.028425778857798227,0.019941193079716774,NA,NA,NA
Metamosaurus__Temperate_S,0.18170208405528684,-0.0017044905049409405,0.03184066384644484,NA,NA,NA
Metamosaurus__Antarctic,0.06479469746351242,0.0011377063737011003,0.006782115458815628,NA,NA,NA
Metamosaurus__mean_z_trans,0.18320659649558366,-0.014570581250614908,0.059431047490275474,NA,NA,NA
Metamosaurus__Mod_R_deltaTMyr_z_trans,-0.09534899032441899,-0.011093418913051604,0.009724374890387863,NA,NA,NA
Metamosaurus__time,-0.44812984716147186,-0.035927350762638685,0.017646422811130526,NA,NA,NA
Metashastasaurus__lat_range_z_trans,0.1175562303960099,0.00749939539274976,0.02664513634218905,0.5357035075355089,0.16614415496587753,1.5366274863481522
Metashastasaurus__Temperate_N,-0.07069232618380034,-0.03327425076352231,0.02036211250761983,NA,NA,NA
Metashastasaurus__Tropical,0.0725806922516157,-0.005566669661351889,0.03443250273148218,NA,NA,NA
Metashastasaurus__Temperate_S,0.07988945756675356,-0.008366353176089098,0.02880701127911689,NA,NA,NA
Metashastasaurus__Antarctic,0.023125043931334282,0.0011743765845299511,0.005448302843681138,NA,NA,NA
Metashastasaurus__mean_z_trans,-0.03536823193177818,-0.018234230495570058,0.012987056283344898,NA,NA,NA
Metashastasaurus__Mod_R_deltaTMyr_z_trans,-0.1184009271273638,-0.02640492453451449,0.007464275264423619,NA,NA,NA
Metashastasaurus__time,0.07137181821473876,-0.006840847374552168,0.07104211960338228,NA,NA,NA
Microcnemus__lat_range_z_trans,-0.7683016332983971,-0.059952067138170646,-0.05052025223974363,0.1161192013641994,0.019991145469248295,0.2632448598742485
Microcnemus__Temperate_N,-0.07257800970299286,-0.0161290292511904,0.014813822163500197,NA,NA,NA
Microcnemus__Tropical,0.17336839939234777,-0.00015597472392843398,0.03968570966971199,NA,NA,NA
Microcnemus__Temperate_S,0.1691360513586551,-0.0001762415914796694,0.038071034516375994,NA,NA,NA
Microcnemus__Antarctic,0.05583934454247355,0.0018519573721022245,0.0098014926801578,NA,NA,NA
Microcnemus__mean_z_trans,0.15783406556409318,-0.003229569966999943,0.0746550780745132,NA,NA,NA
Microcnemus__Mod_R_deltaTMyr_z_trans,0.29243165120482445,0.002195035454266959,0.07308751920709872,NA,NA,NA
Microcnemus__time,-0.08823179110011552,-0.014417614182920403,0.007594112783625615,NA,NA,NA
Microleter__lat_range_z_trans,0.26165242239832875,0.005458620926867815,0.02784221672476377,0.2915784200752387,0.13985059829428792,0.5266670808196068
Microleter__Temperate_N,0.191710627975408,-0.004923188325581864,0.03484316168066306,NA,NA,NA
Microleter__Tropical,-0.2487166974809952,-0.028414802774447103,0.02021945415917928,NA,NA,NA
Microleter__Temperate_S,0.18138255994592328,-0.00170383234778201,0.032284971138255104,NA,NA,NA
Microleter__Antarctic,0.06485736284404993,0.001137267069643705,0.0068767536663223265,NA,NA,NA
Microleter__mean_z_trans,0.17842649859376253,-0.014564955092926104,0.05736922737952376,NA,NA,NA
Microleter__Mod_R_deltaTMyr_z_trans,-0.09827915425179526,-0.011089135396626329,0.009860069632587102,NA,NA,NA
Microleter__time,-0.44772357936948537,-0.03591347808746843,0.01789266247394546,NA,NA,NA
Micromenodon__lat_range_z_trans,0.20450441458479232,0.010208921465105311,0.03501024435054053,0.4061812725639902,0.20777822588570416,0.631789181381464
Micromenodon__Temperate_N,0.16241659806887962,-0.00263591993473299,0.05288561059588087,NA,NA,NA
Micromenodon__Tropical,-0.21149448142206026,-0.04960339869300068,0.03616233258088163,NA,NA,NA
Micromenodon__Temperate_S,0.14744706241891606,-0.005282269616177168,0.052003359163055325,NA,NA,NA
Micromenodon__Antarctic,0.044800823412449516,0.0019545622879046216,0.007505670882709656,NA,NA,NA
Micromenodon__mean_z_trans,-0.0228376737750733,-0.01119547125264552,0.011035322236906377,NA,NA,NA
Micromenodon__Mod_R_deltaTMyr_z_trans,-0.06746988599051768,-0.01513057024925953,0.010965237289215507,NA,NA,NA
Micromenodon__time,-0.11730510017987651,-0.018329358035514363,0.0016207397560499587,NA,NA,NA
Microsphenodon__lat_range_z_trans,0.2750413207709789,0.004631390800704579,0.02297255582638259,0.3153877818147885,0.05669855233281851,1.9076794758439064
Microsphenodon__Temperate_N,0.18378821421414615,-0.01016040725546575,0.03011839023259812,NA,NA,NA
Microsphenodon__Tropical,0.15116992055554873,-0.007750232722527621,0.030554948262005888,NA,NA,NA
Microsphenodon__Temperate_S,-0.23862285065464675,-0.03004229688382883,0.03337699189280842,NA,NA,NA
Microsphenodon__Antarctic,0.06419687525369228,0.001177698367228141,0.005545912390981887,NA,NA,NA
Microsphenodon__mean_z_trans,-0.09653941923752427,-0.016202610236797123,0.008398551300501617,NA,NA,NA
Microsphenodon__Mod_R_deltaTMyr_z_trans,-0.42407694914378224,-0.02385202480604462,-0.004601883161452471,NA,NA,NA
Microsphenodon__time,0.19094526005152146,-0.007815021291589085,0.08082305011141383,NA,NA,NA
Mikadocephalus__lat_range_z_trans,-0.47412414610385895,-0.048785297873869496,-0.0318857578504767,0.06637032818165607,0.008550725411623716,0.16545622050762177
Mikadocephalus__Temperate_N,-0.01689700851566158,-0.009420407868408113,0.01758195250470832,NA,NA,NA
Mikadocephalus__Tropical,-0.022346119198482485,-0.009716470147324803,0.03912140640831963,NA,NA,NA
Mikadocephalus__Temperate_S,0.13738890106091275,-0.002770052260761506,0.042870325187458216,NA,NA,NA
Mikadocephalus__Antarctic,0.054639627877622846,0.0022689754272533975,0.010729558018617812,NA,NA,NA
Mikadocephalus__mean_z_trans,0.04448648659687024,-0.004063878510986559,0.01977179753464429,NA,NA,NA
Mikadocephalus__Mod_R_deltaTMyr_z_trans,0.14039210688555614,-0.005591396251960359,0.05532576753122025,NA,NA,NA
Mikadocephalus__time,0.0071842821553582325,-0.011934976542262877,0.05367346752074806,NA,NA,NA
Milleretta__lat_range_z_trans,-0.2460066148085475,-0.028593073706700015,-0.015064456028272662,0.5139152558194473,0.06244606897234917,1.0248183645308018
Milleretta__Temperate_N,0.12657791080025807,0.00011635144197061592,0.034655984988853125,NA,NA,NA
Milleretta__Tropical,0.11060538190483672,-0.0008358195639202596,0.03730545456352983,NA,NA,NA
Milleretta__Temperate_S,-0.1419832079968722,-0.03587387410674418,0.025427241066269545,NA,NA,NA
Milleretta__Antarctic,0.027946798988942846,0.0009624033658825715,0.005686348822128495,NA,NA,NA
Milleretta__mean_z_trans,0.12374650066688053,-0.004529547972337783,0.051734634660756465,NA,NA,NA
Milleretta__Mod_R_deltaTMyr_z_trans,0.24195402677640482,-0.003116730582108245,0.05998379450508548,NA,NA,NA
Milleretta__time,-0.10277903921439348,-0.01814321290436302,0.007459514276889577,NA,NA,NA
Millerinoides__lat_range_z_trans,0.06265682008617257,0.010601555874893287,0.028594979358064706,0.8893820833142673,0.41489554941654205,1.4990822516847402
Millerinoides__Temperate_N,0.05310330742651656,-0.006575772960662696,0.03708406455389137,NA,NA,NA
Millerinoides__Tropical,0.045448267637168804,-0.0017084726192178087,0.036144813538502706,NA,NA,NA
Millerinoides__Temperate_S,-0.0543656891567537,-0.04880787323003971,0.028028673714600116,NA,NA,NA
Millerinoides__Antarctic,0.010883838483798449,0.0012719374673054358,0.005308953143203414,NA,NA,NA
Millerinoides__mean_z_trans,0.07360051917158297,0.0005052515672852807,0.04930461412470203,NA,NA,NA
Millerinoides__Mod_R_deltaTMyr_z_trans,0.013658137703371572,-0.009975028028331927,0.020924846943338217,NA,NA,NA
Millerinoides__time,-0.06492344423434739,-0.035325102099552176,0.0017975714789373277,NA,NA,NA
Milleropsis__lat_range_z_trans,-0.20683171088706617,-0.02603800051454936,-0.00955889923327865,0.5079221136050183,0.009837761521339417,1.1468906700611115
Milleropsis__Temperate_N,0.12989351613038327,-0.0012145353823721325,0.03467556789526576,NA,NA,NA
Milleropsis__Tropical,0.11153689854139702,-0.0016084868668564212,0.03775926171995346,NA,NA,NA
Milleropsis__Temperate_S,-0.15711741049889089,-0.037552438492556364,0.023049176356469393,NA,NA,NA
Milleropsis__Antarctic,0.029209430926921735,0.0009778760876445137,0.005561647031926727,NA,NA,NA
Milleropsis__mean_z_trans,0.12138786184237774,-0.003161113189397168,0.04607931644504273,NA,NA,NA
Milleropsis__Mod_R_deltaTMyr_z_trans,0.21527784838857214,-0.0030335635003201603,0.06216849262499775,NA,NA,NA
Milleropsis__time,-0.10329467732618504,-0.018383242169913227,0.007453954014862701,NA,NA,NA
Millerosaurus__lat_range_z_trans,-0.2291761603426682,-0.025133613236830197,-0.00904444838895825,0.4808459933378617,0.02364273928105831,1.1468906700611115
Millerosaurus__Temperate_N,0.13376497729264017,-0.0010617925970162218,0.03692133352821363,NA,NA,NA
Millerosaurus__Tropical,0.12041249752288777,-0.000647340928620269,0.04009374213024894,NA,NA,NA
Millerosaurus__Temperate_S,-0.1543763298081239,-0.03714826728919339,0.01959716227973454,NA,NA,NA
Millerosaurus__Antarctic,0.03115321724917234,0.0009415418068106665,0.005921847499432059,NA,NA,NA
Millerosaurus__mean_z_trans,0.12362657072190622,-0.004540741287882772,0.041457030213507697,NA,NA,NA
Millerosaurus__Mod_R_deltaTMyr_z_trans,0.2219033240932493,-0.003357734591340605,0.0671699164531991,NA,NA,NA
Millerosaurus__time,-0.1072463396115539,-0.019065555904247525,0.0050719331398621295,NA,NA,NA
Miodentosaurus__lat_range_z_trans,0.22790670760175927,0.007571828276505991,0.03376913923266032,0.3675317393039586,0.20013592578470707,0.6237562671303749
Miodentosaurus__Temperate_N,-0.24422693381755042,-0.04138066162326701,0.02275351307178668,NA,NA,NA
Miodentosaurus__Tropical,0.16313219886114053,-0.008503670160599884,0.04253253687974442,NA,NA,NA
Miodentosaurus__Temperate_S,0.1784530661963871,-0.004159948790644174,0.0524414659401456,NA,NA,NA
Miodentosaurus__Antarctic,0.04915263745181475,0.0014787200625746464,0.007885856976390281,NA,NA,NA
Miodentosaurus__mean_z_trans,-0.0554399730970096,-0.011819626050393276,0.01710229098422658,NA,NA,NA
Miodentosaurus__Mod_R_deltaTMyr_z_trans,-0.07635775222666918,-0.015848097043378914,0.02384502236551397,NA,NA,NA
Miodentosaurus__time,-0.1025581938523626,-0.017352048699117696,0.006858691404772025,NA,NA,NA
Mixosaurus__lat_range_z_trans,-0.635297321677208,-0.049192250696667765,-0.05033631902619092,0.07226353510050103,0.005154631566256285,0.16042101988568902
Mixosaurus__Temperate_N,0.16738452672027052,0.0002491283707278764,0.060313004917563834,NA,NA,NA
Mixosaurus__Tropical,-0.06449227082310244,-0.018598598088450855,0.03610742871102596,NA,NA,NA
Mixosaurus__Temperate_S,0.1635302323731594,-0.004107387651670852,0.05079639944965281,NA,NA,NA
Mixosaurus__Antarctic,0.05476923618465662,0.001706125450463685,0.010882640662275104,NA,NA,NA
Mixosaurus__mean_z_trans,0.04659236099512782,-0.007039730181159476,0.027422181292436985,NA,NA,NA
Mixosaurus__Mod_R_deltaTMyr_z_trans,0.18927971124649048,-0.0034936259286442338,0.06401842923257835,NA,NA,NA
Mixosaurus__time,-0.04640476839791518,-0.009537165302918696,0.00798475161589776,NA,NA,NA
Moradisaurus__lat_range_z_trans,-0.4804936929047108,-0.024480486251217664,-0.021878561754955166,0.16402058469422628,0.020504986867308617,0.39677121490240097
Moradisaurus__Temperate_N,0.23706365362741053,0.0004908266412313434,0.04104581990836418,NA,NA,NA
Moradisaurus__Tropical,-0.3807467743870802,-0.035603476668336326,0.016106582470662538,NA,NA,NA
Moradisaurus__Temperate_S,0.20167695052572526,-0.00021841565039410325,0.03782481211191451,NA,NA,NA
Moradisaurus__Antarctic,0.062257044725120066,0.0005978557563844011,0.007388149511437032,NA,NA,NA
Moradisaurus__mean_z_trans,0.08718502301780973,-0.012571171948183827,0.049854928302567,NA,NA,NA
Moradisaurus__Mod_R_deltaTMyr_z_trans,0.391872632978484,-0.0038760707883588913,0.06638091187718888,NA,NA,NA
Moradisaurus__time,-0.16164011221495456,-0.014352565119445245,0.010465874428060871,NA,NA,NA
Mystriosuchus__lat_range_z_trans,-0.7608944320678711,-0.06334830174382775,-0.03051075811493691,0.17621353503491263,0.04411289212293923,0.2623101584613323
Mystriosuchus__Temperate_N,-0.011847720558289438,-0.007267388204221709,0.022071644702114108,NA,NA,NA
Mystriosuchus__Tropical,0.007257909203181043,-0.009256844075896596,0.03384538423382977,NA,NA,NA
Mystriosuchus__Temperate_S,0.09063254748471081,-0.004352525826819903,0.03592858704028663,NA,NA,NA
Mystriosuchus__Antarctic,0.057215475011616945,0.0013912288992474057,0.008579467704640973,NA,NA,NA
Mystriosuchus__mean_z_trans,0.03723613423819188,-0.0034006255211765667,0.022783943654312775,NA,NA,NA
Mystriosuchus__Mod_R_deltaTMyr_z_trans,-0.06590636552078649,-0.009580303474666693,0.010823129991017826,NA,NA,NA
Mystriosuchus__time,0.6241928818821907,0.005801255919041485,0.1036671176439747,NA,NA,NA
Nambalia__lat_range_z_trans,0.059719673770720884,0.0055202287125552555,0.021551166661384607,0.950949713388768,0.07775725238025188,3.1852751094847918
Nambalia__Temperate_N,0.03849599194979707,-0.009179421746434735,0.027038370637712892,NA,NA,NA
Nambalia__Tropical,0.029757256610615342,-0.007954145101714516,0.026850858802926328,NA,NA,NA
Nambalia__Temperate_S,-0.033551786753147655,-0.030832724275255942,0.03160850033037766,NA,NA,NA
Nambalia__Antarctic,0.011034183921195576,0.0007266517617747696,0.004352926171145553,NA,NA,NA
Nambalia__mean_z_trans,-0.008273378193952631,-0.0166289087649458,0.013534024463997537,NA,NA,NA
Nambalia__Mod_R_deltaTMyr_z_trans,-0.06926714055612841,-0.02550393554443169,0.006845141018164069,NA,NA,NA
Nambalia__time,0.11214695636840968,-0.006161249069867654,0.07540752876953123,NA,NA,NA
Nanchangosaurus__lat_range_z_trans,-0.6040197189152241,-0.04314270529182798,-0.0404220898935957,0.08516728857299313,0.006561026559211314,0.22806568630039692
Nanchangosaurus__Temperate_N,0.1711536290170625,-0.0005414876916062792,0.05113095086864974,NA,NA,NA
Nanchangosaurus__Tropical,-0.08817006489261985,-0.017272929599043883,0.03776655767749348,NA,NA,NA
Nanchangosaurus__Temperate_S,0.17034612317918799,-0.0020449368534483413,0.049761545707295685,NA,NA,NA
Nanchangosaurus__Antarctic,0.05444767136126757,0.001366674870685676,0.01061589136287482,NA,NA,NA
Nanchangosaurus__mean_z_trans,0.05507654652814381,-0.006149777221795342,0.036038775721460865,NA,NA,NA
Nanchangosaurus__Mod_R_deltaTMyr_z_trans,0.16767462365329266,-0.007434971438700615,0.05362681498328209,NA,NA,NA
Nanchangosaurus__time,-0.03886674280278385,-0.014793370802583538,0.008670070427778917,NA,NA,NA
Nanoparia__lat_range_z_trans,-0.38617759212851527,-0.022415510379784457,-0.011084634261576813,0.28243104868684893,0.03547612763941288,0.9626549705862999
Nanoparia__Temperate_N,0.22855424825102091,-0.0012325328213559853,0.04073221263035993,NA,NA,NA
Nanoparia__Tropical,0.20293563595274464,-0.0031294611174807847,0.036476545158799646,NA,NA,NA
Nanoparia__Temperate_S,-0.26462422689655796,-0.03779429582890675,0.026728149728011578,NA,NA,NA
Nanoparia__Antarctic,0.061458406355232004,0.0009658896488987581,0.006352758405537408,NA,NA,NA
Nanoparia__mean_z_trans,0.23244793329387903,-0.002668350462074785,0.04076118939103408,NA,NA,NA
Nanoparia__Mod_R_deltaTMyr_z_trans,0.21149001930258238,-0.00564440239473443,0.06080478659180768,NA,NA,NA
Nanoparia__time,-0.20896850004093723,-0.01809484067288189,0.006417509211266359,NA,NA,NA
Neoaetosauroides__lat_range_z_trans,0.050396169024266774,0.006721766185605144,0.020126026322581602,1.0953669251699467,0.11033905297517776,3.1852751094847918
Neoaetosauroides__Temperate_N,0.03367189416857675,-0.010585965614455526,0.027900646394164407,NA,NA,NA
Neoaetosauroides__Tropical,0.027189471343493598,-0.007602092574439532,0.02287444964175722,NA,NA,NA
Neoaetosauroides__Temperate_S,-0.023527875074561003,-0.0313159219804238,0.03933951957344818,NA,NA,NA
Neoaetosauroides__Antarctic,0.008928891121859522,0.0007188479486985486,0.003450416648138392,NA,NA,NA
Neoaetosauroides__mean_z_trans,-0.004801147263666006,-0.015169693284007885,0.012987385671837489,NA,NA,NA
Neoaetosauroides__Mod_R_deltaTMyr_z_trans,-0.056844930238523654,-0.02944998927006658,0.009276023665783327,NA,NA,NA
Neoaetosauroides__time,0.10504928403606388,-0.003330455439230692,0.07123404893752923,NA,NA,NA
Neoprocolophon__lat_range_z_trans,0.051078950451814355,0.011166391911749757,0.02745133271561478,1.0853724816562318,0.5981970988214016,1.5876378156244755
Neoprocolophon__Temperate_N,-0.05000703536227517,-0.05578889062797061,0.015408722853939056,NA,NA,NA
Neoprocolophon__Tropical,0.04857905621186353,-9.261492368519647e-06,0.04117499046772322,NA,NA,NA
Neoprocolophon__Temperate_S,0.047134516672773845,-0.0020974526580774797,0.036056078809282764,NA,NA,NA
Neoprocolophon__Antarctic,0.007934118978616095,0.0011465841593188038,0.005025838832093357,NA,NA,NA
Neoprocolophon__mean_z_trans,0.025290513850747952,-0.011718449532052064,0.035795975979022294,NA,NA,NA
Neoprocolophon__Mod_R_deltaTMyr_z_trans,0.049706671094870286,-0.0009749747031770435,0.039100619879451896,NA,NA,NA
Neoprocolophon__time,-0.03965503478090105,-0.03173745108574317,0.007174957318112497,NA,NA,NA
Neusticosaurus__lat_range_z_trans,-0.3488175645470619,-0.04145944444707373,-0.03412684941063683,0.11138646421430166,0.039748214185237885,0.19631974562071264
Neusticosaurus__Temperate_N,0.00982231734553352,-0.011420896898726671,0.03278916400795595,NA,NA,NA
Neusticosaurus__Tropical,0.004800322776427493,-0.009227245685155495,0.049625181455265004,NA,NA,NA
Neusticosaurus__Temperate_S,0.12973142205621116,-0.005936263034759876,0.05422894104719556,NA,NA,NA
Neusticosaurus__Antarctic,0.0546087809279561,0.0025024955720964956,0.013758978639872348,NA,NA,NA
Neusticosaurus__mean_z_trans,0.03453789661580231,-0.007711154594891683,0.028979852081374675,NA,NA,NA
Neusticosaurus__Mod_R_deltaTMyr_z_trans,0.06844855975126847,-0.006241559506634444,0.047593649591385095,NA,NA,NA
Neusticosaurus__time,-0.038099739660974595,-0.010519435433174903,0.01433959944282807,NA,NA,NA
new_Neotheropoda__lat_range_z_trans,0.26935698702931404,0.005199445129247377,0.021668174020085043,0.3312840788328322,0.030589839443564415,1.9076794758439064
new_Neotheropoda__Temperate_N,0.18605496029136703,-0.010179082883162978,0.02772352973498925,NA,NA,NA
new_Neotheropoda__Tropical,0.1643247319373768,-0.006827466075441025,0.027853541274957268,NA,NA,NA
new_Neotheropoda__Temperate_S,-0.23517985111568124,-0.03327867294152596,0.026551027966090775,NA,NA,NA
new_Neotheropoda__Antarctic,0.0617677235417068,0.0010243718106178851,0.0046629472706933225,NA,NA,NA
new_Neotheropoda__mean_z_trans,-0.07579914837842808,-0.013652559233171145,0.0100751558609965,NA,NA,NA
new_Neotheropoda__Mod_R_deltaTMyr_z_trans,-0.3906688994169235,-0.02271445122875988,0.01119463508724132,NA,NA,NA
new_Neotheropoda__time,0.14491185127233622,-0.00958508860612458,0.07745950564018637,NA,NA,NA
new_Rhynchocephalia__lat_range_z_trans,0.25487655118107794,0.005871885189973206,0.02961206134102291,0.13579500962456223,0.025184128433465958,0.2716151624917984
new_Rhynchocephalia__Temperate_N,0.17793301958357916,-0.009350839753018708,0.05041256123474263,NA,NA,NA
new_Rhynchocephalia__Tropical,0.1470747844304424,-0.006089367419943815,0.04558159459180923,NA,NA,NA
new_Rhynchocephalia__Temperate_S,-0.23901947818696498,-0.033835506261441446,0.04072736842820711,NA,NA,NA
new_Rhynchocephalia__Antarctic,0.06317514992319047,0.0014847522010090614,0.008278623531628362,NA,NA,NA
new_Rhynchocephalia__mean_z_trans,-0.09008784553385339,-0.01316974987924783,0.017119974072375345,NA,NA,NA
new_Rhynchocephalia__Mod_R_deltaTMyr_z_trans,-0.4061300440970808,-0.024195609929583098,-0.006939616226388599,NA,NA,NA
new_Rhynchocephalia__time,0.019499460264923982,-0.010729068176067676,0.02239594988184287,NA,NA,NA
Nhandumirim__lat_range_z_trans,0.08417623715861937,0.005240832807664035,0.023434636077840194,0.7045519576373045,0.0648530051112175,2.6668398580513895
Nhandumirim__Temperate_N,0.054848223911771285,-0.009661041682072134,0.02835073472933454,NA,NA,NA
Nhandumirim__Tropical,0.04370897047405302,-0.007369322852469309,0.02750322317091059,NA,NA,NA
Nhandumirim__Temperate_S,-0.054722033828894186,-0.033765870184513685,0.030216438637910042,NA,NA,NA
Nhandumirim__Antarctic,0.017113442597075524,0.0008426715107506726,0.004564204582741983,NA,NA,NA
Nhandumirim__mean_z_trans,-0.018022917090892883,-0.016403869855110855,0.010627095778376165,NA,NA,NA
Nhandumirim__Mod_R_deltaTMyr_z_trans,-0.1116650297625621,-0.023188655684343425,-0.00042767736784774625,NA,NA,NA
Nhandumirim__time,0.1246248636583398,-0.005708248088225609,0.0829198612459741,NA,NA,NA
Nicrosaurus__lat_range_z_trans,-0.6959163051843643,-0.06075681448687597,-0.02697259943399658,0.12942505052720663,0.001160360872745514,0.228480095975101
Nicrosaurus__Temperate_N,-0.008081068996107206,-0.007031280206864507,0.021123520018814297,NA,NA,NA
Nicrosaurus__Tropical,-0.001441252931836061,-0.00912154802130315,0.032344322639659924,NA,NA,NA
Nicrosaurus__Temperate_S,0.10796608590404504,-0.0031576244329108577,0.03629739828296949,NA,NA,NA
Nicrosaurus__Antarctic,0.056248765233904124,0.001445047922435765,0.008225444558335807,NA,NA,NA
Nicrosaurus__mean_z_trans,0.03716810885700397,-0.003606272724294532,0.022982012453981477,NA,NA,NA
Nicrosaurus__Mod_R_deltaTMyr_z_trans,-0.06219940005568787,-0.00862064614208401,0.009826122122718887,NA,NA,NA
Nicrosaurus__time,0.4984333191625774,0.0008356340635769507,0.10336229621275658,NA,NA,NA
Nochelesaurus__lat_range_z_trans,0.12284846086737491,0.005946705275042898,0.02691155935224096,0.5211833606282744,0.06896224617958069,1.226641595363617
Nochelesaurus__Temperate_N,0.09616482015075087,-0.002189436955529318,0.041456835156796906,NA,NA,NA
Nochelesaurus__Tropical,0.07961761149217621,-0.0046214496964435995,0.030151177999838765,NA,NA,NA
Nochelesaurus__Temperate_S,-0.11432642000555782,-0.03141667378418618,0.0274125625774079,NA,NA,NA
Nochelesaurus__Antarctic,0.024169819381494977,0.000784731508883737,0.005137046319652666,NA,NA,NA
Nochelesaurus__mean_z_trans,0.056180043544095545,-0.017644637686349537,0.04892957644605555,NA,NA,NA
Nochelesaurus__Mod_R_deltaTMyr_z_trans,0.019176351020869405,-0.012413449228404497,0.024309466366645178,NA,NA,NA
Nochelesaurus__time,-0.14376892933369426,-0.02845929346133382,0.002880292636601939,NA,NA,NA
Notatesseraeraptor__lat_range_z_trans,0.16170488088547624,0.007706304244365479,0.03340226489931907,0.4342504406423541,0.10622211918234825,0.9349627122282982
Notatesseraeraptor__Temperate_N,-0.10743533513122043,-0.029409347188740224,0.029785549660986135,NA,NA,NA
Notatesseraeraptor__Tropical,0.1096638920683825,-0.005573676548335646,0.04344031280387736,NA,NA,NA
Notatesseraeraptor__Temperate_S,0.11551951427379095,-0.010279425504227042,0.03634314910735488,NA,NA,NA
Notatesseraeraptor__Antarctic,0.03314643215719794,0.0012312098236491203,0.006384877369301826,NA,NA,NA
Notatesseraeraptor__mean_z_trans,-0.055571986645207926,-0.021923575414783236,0.013922125566081365,NA,NA,NA
Notatesseraeraptor__Mod_R_deltaTMyr_z_trans,-0.16759424102190404,-0.0255320043934443,0.0030746922588426834,NA,NA,NA
Notatesseraeraptor__time,0.05062860053099462,-0.006232989046804464,0.040835545189476546,NA,NA,NA
Noteosuchus__lat_range_z_trans,0.02734662179466367,0.013382418290004586,0.019971273664177593,2.143620612854429,0.9685754850506783,3.1604296378791332
Noteosuchus__Temperate_N,0.02899143493643826,0.00019890062093798748,0.029352503229402475,NA,NA,NA
Noteosuchus__Tropical,0.025834274416439575,-0.007565171414264818,0.02682136775798489,NA,NA,NA
Noteosuchus__Temperate_S,-0.02499255014446154,-0.06141405060449416,0.017995185037752097,NA,NA,NA
Noteosuchus__Antarctic,0.002648885555534124,0.0005244496787212798,0.0029746087312622965,NA,NA,NA
Noteosuchus__mean_z_trans,0.030982063386864146,-0.01513448509651832,0.04079938677695538,NA,NA,NA
Noteosuchus__Mod_R_deltaTMyr_z_trans,0.06963202330858083,0.022575835395713183,0.06435293387939682,NA,NA,NA
Noteosuchus__time,-0.02038099613654921,-0.04258140089842005,0.004921257778308313,NA,NA,NA
Nothosaurus__lat_range_z_trans,-0.7985870632529258,-0.06612698224846209,-0.036708670187303186,0.14940617942542303,0.05138041148893535,0.25393035635352135
Nothosaurus__Temperate_N,-0.01605851471016649,-0.007035001013316902,0.022929873079896128,NA,NA,NA
Nothosaurus__Tropical,-0.0011902902170550077,-0.009152261639654682,0.037889763829577885,NA,NA,NA
Nothosaurus__Temperate_S,0.10916208615759387,-0.004755931559061005,0.02836098403024786,NA,NA,NA
Nothosaurus__Antarctic,0.056441246308386324,0.0011297381291046438,0.008679671696305737,NA,NA,NA
Nothosaurus__mean_z_trans,0.04224387969472446,-0.003492151224532178,0.021510274349938515,NA,NA,NA
Nothosaurus__Mod_R_deltaTMyr_z_trans,-0.04703212717664428,-0.0080873211333113,0.01241479634452551,NA,NA,NA
Nothosaurus__time,0.6072848957777023,0.007506406660913202,0.11211182371205142,NA,NA,NA
Nundasuchus__lat_range_z_trans,0.2825045971572399,0.007526774743711775,0.028310516498588633,0.2998252075887285,0.14113495964556932,0.5313596241176128
Nundasuchus__Temperate_N,0.2425586047465913,-0.0032146834820113413,0.046747878158273505,NA,NA,NA
Nundasuchus__Tropical,0.21235247472068294,-0.0033284200904055484,0.045720456879399976,NA,NA,NA
Nundasuchus__Temperate_S,-0.5325175302871503,-0.05052264538924305,0.021681227332107308,NA,NA,NA
Nundasuchus__Antarctic,0.06433502851054072,0.0013437036257016347,0.0066939845130687,NA,NA,NA
Nundasuchus__mean_z_trans,-0.02807790636084974,-0.011614792015680869,0.020069390194207337,NA,NA,NA
Nundasuchus__Mod_R_deltaTMyr_z_trans,0.18682848701486365,-0.001087789156289619,0.0349428381095982,NA,NA,NA
Nundasuchus__time,-0.3388921069330536,-0.029115652264103294,0.0030222251699961937,NA,NA,NA
Nyasasaurus__lat_range_z_trans,0.249270515706853,0.007306185269412652,0.029984302562477288,0.37377865976421165,0.15231361985206604,0.6695080101490021
Nyasasaurus__Temperate_N,0.21384872250516754,-0.006912955223405226,0.04095928636304664,NA,NA,NA
Nyasasaurus__Tropical,0.17575968315134813,-0.007430287924430402,0.046103618173759235,NA,NA,NA
Nyasasaurus__Temperate_S,-0.4579708130300902,-0.047209521065614005,0.023471731019490676,NA,NA,NA
Nyasasaurus__Antarctic,0.05505553234362628,0.0013395087619249943,0.007158731733145828,NA,NA,NA
Nyasasaurus__mean_z_trans,-0.020495060759396,-0.009955846245837442,0.018346393747594888,NA,NA,NA
Nyasasaurus__Mod_R_deltaTMyr_z_trans,0.20256248170747454,-0.001048216181351905,0.037008743034486404,NA,NA,NA
Nyasasaurus__time,-0.2779693045074735,-0.026102371419018982,0.004155710221238917,NA,NA,NA
Nycteroleter__lat_range_z_trans,0.2548465298116207,0.0055923168124008115,0.030434571110114488,0.24366183322501456,0.08186833281069994,0.500936621800065
Nycteroleter__Temperate_N,-0.1874576661107494,-0.021686028978152153,0.022461421468388566,NA,NA,NA
Nycteroleter__Tropical,0.16436431417474523,-0.004862824155763763,0.04366588841941377,NA,NA,NA
Nycteroleter__Temperate_S,0.1896153555903584,-0.0033101389052099294,0.036386935841092295,NA,NA,NA
Nycteroleter__Antarctic,0.05900496831163764,0.0008344032346469892,0.006937346691781643,NA,NA,NA
Nycteroleter__mean_z_trans,-0.06434257774613798,-0.028182524480929668,0.03551946682373794,NA,NA,NA
Nycteroleter__Mod_R_deltaTMyr_z_trans,-0.06030568048125133,-0.013216932244334715,0.024617945880983007,NA,NA,NA
Nycteroleter__time,-0.31481631318689324,-0.025181775310977886,0.007164940619728169,NA,NA,NA
Nyctiboetus__lat_range_z_trans,0.056119798504289276,0.006545638159527902,0.02129148300414725,0.9467521112354007,0.028731301426887512,2.249782621860504
Nyctiboetus__Temperate_N,-0.032672042693200155,-0.02536262222640906,0.021179906708221244,NA,NA,NA
Nyctiboetus__Tropical,0.042898132583726926,-0.010665536731339843,0.02951076300229343,NA,NA,NA
Nyctiboetus__Temperate_S,0.04155566697569203,-0.001509489968634806,0.027449662942142065,NA,NA,NA
Nyctiboetus__Antarctic,0.009777214596822122,0.0006727961697335987,0.004524464606867239,NA,NA,NA
Nyctiboetus__mean_z_trans,0.07202661685746117,-0.0099982688143082,0.0626495105778484,NA,NA,NA
Nyctiboetus__Mod_R_deltaTMyr_z_trans,0.00970963130241911,-0.008919898678417299,0.021445530258227073,NA,NA,NA
Nyctiboetus__time,-0.05935326100970062,-0.040776121938472604,0.019137195755493164,NA,NA,NA
Nyctiphruretus__lat_range_z_trans,-0.03938802906253841,-0.007975783706647074,0.01059898193831354,0.27536628054120227,0.03986546956002712,0.5631317794322968
Nyctiphruretus__Temperate_N,-0.2459268454129051,-0.030597040913242963,0.02327100040181792,NA,NA,NA
Nyctiphruretus__Tropical,0.1616048760479316,-0.007162304888166295,0.03850953091505407,NA,NA,NA
Nyctiphruretus__Temperate_S,0.19445845441892742,-0.0013688902717330861,0.04370920767324332,NA,NA,NA
Nyctiphruretus__Antarctic,0.05850047267973423,0.0011572934967896975,0.006884119962704405,NA,NA,NA
Nyctiphruretus__mean_z_trans,0.1334164912160486,-0.011696290025432989,0.059480475775914615,NA,NA,NA
Nyctiphruretus__Mod_R_deltaTMyr_z_trans,0.04241916417144239,-0.0084227777155201,0.022757980932357733,NA,NA,NA
Nyctiphruretus__time,-0.23220077870879322,-0.023947710004367507,0.001977219255834283,NA,NA,NA
Obirkovia__lat_range_z_trans,0.0027670744786708577,-0.006766774876855553,0.012369813191836086,0.50175670065757,0.13815028965473175,1.0012623136863112
Obirkovia__Temperate_N,-0.1212337482781066,-0.03613787041621733,0.022842161202663903,NA,NA,NA
Obirkovia__Tropical,0.08780642957139081,-0.008365357664819778,0.03590537156446468,NA,NA,NA
Obirkovia__Temperate_S,0.0993132962393087,-0.0007754469566600183,0.040810240574805104,NA,NA,NA
Obirkovia__Antarctic,0.026575834810350203,0.0012482174818430989,0.006610047279996564,NA,NA,NA
Obirkovia__mean_z_trans,0.13404575821226614,1.2963172464182718e-05,0.05608220794275168,NA,NA,NA
Obirkovia__Mod_R_deltaTMyr_z_trans,0.01076756852754081,-0.013861454664618305,0.02349362430980718,NA,NA,NA
Obirkovia__time,-0.09998045644391108,-0.02536778010345661,0.009075050788914648,NA,NA,NA
Odoiporosaurus__lat_range_z_trans,0.03947146184786834,0.016092082394926203,0.02511719948183108,1.5069443090597634,0.8699341118335724,2.463601525872946
Odoiporosaurus__Temperate_N,0.039919994630350446,-0.001902595101210035,0.03641723361871268,NA,NA,NA
Odoiporosaurus__Tropical,-0.030420408591714826,-0.07635232159445557,0.01982674466454934,NA,NA,NA
Odoiporosaurus__Temperate_S,0.03307670705914039,0.001158954225569935,0.03846572218780921,NA,NA,NA
Odoiporosaurus__Antarctic,0.005123475672003424,0.0017471589635540176,0.004147217433101605,NA,NA,NA
Odoiporosaurus__mean_z_trans,0.01044841569546192,-0.01489463774028045,0.026826011480705923,NA,NA,NA
Odoiporosaurus__Mod_R_deltaTMyr_z_trans,0.06004088579653743,0.0172768605213251,0.05198559656411852,NA,NA,NA
Odoiporosaurus__time,-0.01759877499213729,-0.03313900569774951,0.004402791424411509,NA,NA,NA
Odontochelys__lat_range_z_trans,0.20066509399795684,0.009190049392085443,0.031530390977222024,0.3915956054202979,0.19339076873438898,0.6237562671303749
Odontochelys__Temperate_N,-0.2071443814548194,-0.04656099993322654,0.025259479550577155,NA,NA,NA
Odontochelys__Tropical,0.1417762155842162,-0.0032020985703746095,0.04733677233948439,NA,NA,NA
Odontochelys__Temperate_S,0.15028281502265495,-0.004680722051444989,0.049698201293168334,NA,NA,NA
Odontochelys__Antarctic,0.04319521837940664,0.0015661404739553166,0.006845528355707283,NA,NA,NA
Odontochelys__mean_z_trans,-0.042772351021735745,-0.01563304895794141,0.013289489646449944,NA,NA,NA
Odontochelys__Mod_R_deltaTMyr_z_trans,-0.059861367529133666,-0.015481927074534203,0.020699307283191293,NA,NA,NA
Odontochelys__time,-0.08607948586103598,-0.015210897306839317,0.012529347409439432,NA,NA,NA
Omphalosaurus__lat_range_z_trans,-0.44816554374852163,-0.05021341402206209,-0.035585594104013796,0.05458756916719722,0.0034008705988526344,0.14510084653738886
Omphalosaurus__Temperate_N,-0.013423713835387834,-0.010598857299181218,0.02378758457502625,NA,NA,NA
Omphalosaurus__Tropical,-0.019122541125678773,-0.011991654191761998,0.041491234025305294,NA,NA,NA
Omphalosaurus__Temperate_S,0.1387253691184471,-0.001974849697987731,0.051198709300657085,NA,NA,NA
Omphalosaurus__Antarctic,0.054375507490778095,0.002384745053904218,0.011464092282552706,NA,NA,NA
Omphalosaurus__mean_z_trans,0.041848743186555,-0.004229606751099161,0.028178454939722583,NA,NA,NA
Omphalosaurus__Mod_R_deltaTMyr_z_trans,0.11657832757597993,-0.005025656435435308,0.05510269249215122,NA,NA,NA
Omphalosaurus__time,-0.010877905779681665,-0.008364210684697016,0.031551343343838543,NA,NA,NA
Opisthodontosaurus__lat_range_z_trans,0.10776038355753963,0.006076983780033806,0.02286278822029238,0.5735154366539791,0.20118631445802748,1.2866207286715508
Opisthodontosaurus__Temperate_N,0.07989549108007261,-0.005704608096411726,0.031890824702138186,NA,NA,NA
Opisthodontosaurus__Tropical,-0.09109339813556391,-0.029723082625135826,0.024980812488118512,NA,NA,NA
Opisthodontosaurus__Temperate_S,0.07498206112476218,-0.0009222654253684541,0.028841175178229,NA,NA,NA
Opisthodontosaurus__Antarctic,0.02322639316060093,0.0009055526177725062,0.005155164727993283,NA,NA,NA
Opisthodontosaurus__mean_z_trans,0.11921118099107322,-0.007586432018201557,0.06576721153653216,NA,NA,NA
Opisthodontosaurus__Mod_R_deltaTMyr_z_trans,-0.01125533385441361,-0.0101050341814318,0.0159204560957175,NA,NA,NA
Opisthodontosaurus__time,-0.1626650208065612,-0.042954618079577254,0.01177008390621885,NA,NA,NA
Orenburgia__lat_range_z_trans,-0.7418092781305313,-0.05873880552597143,-0.058396581081527614,0.1308312688267324,0.027713637799024582,0.33294224739074707
Orenburgia__Temperate_N,-0.0821322436153423,-0.01680570478841864,0.013592994606184638,NA,NA,NA
Orenburgia__Tropical,0.17305209333775565,-0.00022159693233850594,0.04134119535598371,NA,NA,NA
Orenburgia__Temperate_S,0.1691457525198348,-0.000317574661771276,0.041835945805400676,NA,NA,NA
Orenburgia__Antarctic,0.054985728226602075,0.0016757073218079518,0.00951955318382564,NA,NA,NA
Orenburgia__mean_z_trans,0.163014419634128,-0.005145067560657521,0.07640383710615033,NA,NA,NA
Orenburgia__Mod_R_deltaTMyr_z_trans,0.29319936138577757,0.0034628700931645796,0.07522143887651561,NA,NA,NA
Orenburgia__time,-0.09437136919354089,-0.013923331974135467,0.0076701330027068694,NA,NA,NA
Orovenator__lat_range_z_trans,0.15636340923588496,0.005937023221275361,0.023675345311326,0.45201776357193013,0.08282336220145226,0.9451499655842781
Orovenator__Temperate_N,0.11736479362669876,-0.004364644027891745,0.03294854136121264,NA,NA,NA
Orovenator__Tropical,-0.13849998406088782,-0.030905121670841605,0.017546452891312563,NA,NA,NA
Orovenator__Temperate_S,0.10765865324969205,-0.0024723947480467263,0.02856889128028554,NA,NA,NA
Orovenator__Antarctic,0.03593573532546877,0.0010006692528608775,0.005825764074611769,NA,NA,NA
Orovenator__mean_z_trans,0.14509911236085363,-0.010138252030601343,0.06641428914631335,NA,NA,NA
Orovenator__Mod_R_deltaTMyr_z_trans,-0.0351137051407319,-0.012955419186566279,0.008725424566767722,NA,NA,NA
Orovenator__time,-0.24874625747946857,-0.03611536483850886,0.023483808223410292,NA,NA,NA
Oryctorhynchus__lat_range_z_trans,0.21834322700285072,0.008447474536311143,0.03356581162129912,0.3922223171824589,0.13468579947948456,0.6361741293221712
Oryctorhynchus__Temperate_N,0.1713389571459434,-0.0030695248133231438,0.05348145107654708,NA,NA,NA
Oryctorhynchus__Tropical,-0.22031473312846278,-0.0478290254578082,0.030442577626054845,NA,NA,NA
Oryctorhynchus__Temperate_S,0.1603016816363064,-0.004082905292326521,0.052589259678731425,NA,NA,NA
Oryctorhynchus__Antarctic,0.04793679120330654,0.0016811218468513354,0.008048437868913828,NA,NA,NA
Oryctorhynchus__mean_z_trans,-0.028220993677265868,-0.010087732227302788,0.011159652685810316,NA,NA,NA
Oryctorhynchus__Mod_R_deltaTMyr_z_trans,-0.09644883685781472,-0.019926948757635617,0.016262326331836684,NA,NA,NA
Oryctorhynchus__time,-0.11287433620735388,-0.015145963863086531,0.001638999966046567,NA,NA,NA
Oryporan__lat_range_z_trans,0.02748442713394962,0.01414015271123892,0.019971273664177593,2.12995632515318,0.9685754850506783,3.216817144304514
Oryporan__Temperate_N,0.029099735329988954,0.0002101626995566303,0.029352503229402475,NA,NA,NA
Oryporan__Tropical,0.025929753798015293,-0.0079935237986323,0.02682136775798489,NA,NA,NA
Oryporan__Temperate_S,-0.025204882594563605,-0.06489141464154644,0.017995185037752097,NA,NA,NA
Oryporan__Antarctic,0.002680396114947615,0.0005541448776876143,0.0029746087312622965,NA,NA,NA
Oryporan__mean_z_trans,0.030602633499924235,-0.010894712520042963,0.04079938677695538,NA,NA,NA
Oryporan__Mod_R_deltaTMyr_z_trans,0.07007441809073842,0.023854116136663363,0.06435293387939682,NA,NA,NA
Oryporan__time,-0.020604724255490658,-0.044992429493245154,0.004921257778308313,NA,NA,NA
Osmolskina__lat_range_z_trans,0.03204139107643495,0.016743686341453724,0.022108916784358293,1.8773396136373048,1.0066168308258057,2.8588281087577343
Osmolskina__Temperate_N,-0.02955498294309048,-0.05464186299095291,0.012769598796704125,NA,NA,NA
Osmolskina__Tropical,0.032780500875838434,0.004597450147330598,0.032896354040395176,NA,NA,NA
Osmolskina__Temperate_S,0.02585684732379767,-0.0013957997572536123,0.025561433906138176,NA,NA,NA
Osmolskina__Antarctic,0.0033767270116505745,0.0007561735918616049,0.0025968386176020482,NA,NA,NA
Osmolskina__mean_z_trans,0.032488985524524526,-0.02399353576741136,0.04658501700970122,NA,NA,NA
Osmolskina__Mod_R_deltaTMyr_z_trans,0.06352768241525632,0.015933094415777584,0.055842307091105214,NA,NA,NA
Osmolskina__time,-0.020455394166902115,-0.04801271000912595,0.008828050609235602,NA,NA,NA
Owenetta__lat_range_z_trans,-0.16270105961791567,-0.0273428130038986,-0.009724357829731998,0.6056155995980953,0.017141973599791527,1.2160684689879417
Owenetta__Temperate_N,0.10357993507762155,-4.823760795174487e-05,0.03412868469219494,NA,NA,NA
Owenetta__Tropical,0.09079569524597424,-0.002164651962102735,0.03394421023905853,NA,NA,NA
Owenetta__Temperate_S,-0.12517265323966636,-0.038824707183049534,0.023415946458682776,NA,NA,NA
Owenetta__Antarctic,0.021388985962908558,0.0010377448887621762,0.005452443705133218,NA,NA,NA
Owenetta__mean_z_trans,0.09358680124817467,-0.004964612879323507,0.05214259885181717,NA,NA,NA
Owenetta__Mod_R_deltaTMyr_z_trans,0.2022558349396886,0.0021770464430288924,0.06054633226201164,NA,NA,NA
Owenetta__time,-0.08367178249927575,-0.01988327272378526,0.007282658476073576,NA,NA,NA
Ozimek__lat_range_z_trans,0.22535957936917864,0.007857432341600709,0.03365328334267375,0.36970290379817017,0.16614415496587753,0.6237562671303749
Ozimek__Temperate_N,-0.22306370934106026,-0.03436450215163301,0.02875393859406406,NA,NA,NA
Ozimek__Tropical,0.15304690440827454,-0.0052020428192059345,0.04767474848154682,NA,NA,NA
Ozimek__Temperate_S,0.17209617729921095,-0.005546802228807466,0.047843974030513936,NA,NA,NA
Ozimek__Antarctic,0.0483423091140833,0.0015344963487747497,0.007746816747367328,NA,NA,NA
Ozimek__mean_z_trans,-0.04827472263578088,-0.01220313285239812,0.014528922001696929,NA,NA,NA
Ozimek__Mod_R_deltaTMyr_z_trans,-0.08862826111221611,-0.025733188252834438,0.016096099874490965,NA,NA,NA
Ozimek__time,-0.09881651998418031,-0.0163557644138168,0.01089073378288607,NA,NA,NA
Pachagnathus__lat_range_z_trans,0.2664208199083805,0.00513747240920565,0.028790898627578172,0.24595064749883022,0.041261911392211914,0.91564398445189
Pachagnathus__Temperate_N,0.17956277807243168,-0.009642874748644625,0.041897180861010325,NA,NA,NA
Pachagnathus__Tropical,0.14458115354762413,-0.005327753540361695,0.03829371118436983,NA,NA,NA
Pachagnathus__Temperate_S,-0.24640303336083888,-0.03195879502780561,0.03813742837000241,NA,NA,NA
Pachagnathus__Antarctic,0.06323011118918657,0.0012697085394052139,0.006880249265054432,NA,NA,NA
Pachagnathus__mean_z_trans,-0.07585420565330424,-0.015847792741430763,0.01347700816774726,NA,NA,NA
Pachagnathus__Mod_R_deltaTMyr_z_trans,-0.40376139484345913,-0.023152718834071186,-0.0025770441466545805,NA,NA,NA
Pachagnathus__time,0.10972547894285527,-0.0104907500846173,0.042289084526132024,NA,NA,NA
Pachypleurosaurus__lat_range_z_trans,-0.3027546786516905,-0.03826291970805171,-0.02161604724438081,0.1702275087050293,0.0431341789662838,0.38288904540240765
Pachypleurosaurus__Temperate_N,0.029893035285967925,-0.007845760562228351,0.039507972359008,NA,NA,NA
Pachypleurosaurus__Tropical,0.019713719206629322,-0.013188052169833457,0.04823107926092408,NA,NA,NA
Pachypleurosaurus__Temperate_S,0.12891545150225284,-0.007401361752141759,0.05434422815057267,NA,NA,NA
Pachypleurosaurus__Antarctic,0.05389825981110334,0.0023313349445616464,0.01354723601193009,NA,NA,NA
Pachypleurosaurus__mean_z_trans,0.03236412025755271,-0.008530404781867298,0.021307130274322666,NA,NA,NA
Pachypleurosaurus__Mod_R_deltaTMyr_z_trans,0.05272513717529364,-0.006149091689306602,0.03779214961553255,NA,NA,NA
Pachypleurosaurus__time,-0.041281918488675726,-0.010967248309452794,0.014074768427330627,NA,NA,NA
Pachystropheus__lat_range_z_trans,-0.7569584906101227,-0.04683274582995947,-0.054223018476219166,0.1746025711410857,0.091677226126194,0.27476356737315655
Pachystropheus__Temperate_N,-0.04783455855489592,-0.016630323840125267,0.027717970747965615,NA,NA,NA
Pachystropheus__Tropical,0.07967066625831648,-0.00768773847632233,0.03814775845469438,NA,NA,NA
Pachystropheus__Temperate_S,0.09916858052369207,-0.006654982486416672,0.044080054621991535,NA,NA,NA
Pachystropheus__Antarctic,0.05485956637188792,0.001242303940423875,0.008266927365145579,NA,NA,NA
Pachystropheus__mean_z_trans,-0.003684031241491539,-0.007582235688900829,0.020348018398737806,NA,NA,NA
Pachystropheus__Mod_R_deltaTMyr_z_trans,-0.09851882671238854,-0.01674764444310175,0.008454929130696644,NA,NA,NA
Pachystropheus__time,0.6499510685354472,0.01087986279608213,0.11439587661222747,NA,NA,NA
Palacrodon__lat_range_z_trans,-1.0414816378057004,-0.055312649593139224,-0.013747169629326343,0.15136496977123898,0.0017217248678207397,0.35234529711306095
Palacrodon__Temperate_N,0.13121576742065372,-0.0007430795026433855,0.019241183777131254,NA,NA,NA
Palacrodon__Tropical,-0.017318293610587718,-0.0068225784889546165,0.01464079588831524,NA,NA,NA
Palacrodon__Temperate_S,0.01987250186037272,-0.0067420132547571145,0.022332866817338863,NA,NA,NA
Palacrodon__Antarctic,0.47191332196816804,-0.009602116472078715,0.0869517153813058,NA,NA,NA
Palacrodon__mean_z_trans,0.043616763386380625,-0.0020514602936736316,0.011505749651515162,NA,NA,NA
Palacrodon__Mod_R_deltaTMyr_z_trans,-0.07662068525489303,-0.006961240040801902,0.005889257876980741,NA,NA,NA
Palacrodon__time,0.4261411344798398,-0.001778366382271726,0.06037411709197916,NA,NA,NA
Palaeagama__lat_range_z_trans,0.035547460025574115,0.011081845318096096,0.020972424798175182,1.5748635515489149,0.580256387591362,3.1604296378791332
Palaeagama__Temperate_N,0.034067612055761594,-0.0022624345205456134,0.032112243736955676,NA,NA,NA
Palaeagama__Tropical,0.03190455472522844,-0.006278491973889219,0.02914294960656943,NA,NA,NA
Palaeagama__Temperate_S,-0.0329437819698889,-0.046475037806992234,0.018762817075581507,NA,NA,NA
Palaeagama__Antarctic,0.00461107426613656,0.0004904132642824594,0.0033085295942320873,NA,NA,NA
Palaeagama__mean_z_trans,0.0462381988692583,0.0012157423144324258,0.043270413702522104,NA,NA,NA
Palaeagama__Mod_R_deltaTMyr_z_trans,0.05063566347091668,-0.012511179049676243,0.056107673018539195,NA,NA,NA
Palaeagama__time,-0.029999024325476947,-0.03527436157402798,0.0035114653226646984,NA,NA,NA
Palaeochersis__lat_range_z_trans,0.08772021620574363,0.0064729210471174995,0.022026791835918127,0.6768167128006461,0.04828121524769813,2.6668398580513895
Palaeochersis__Temperate_N,0.059354627871387934,-0.010503871564925394,0.026251888777589365,NA,NA,NA
Palaeochersis__Tropical,0.04590359539909513,-0.005803460106686719,0.02352256215276249,NA,NA,NA
Palaeochersis__Temperate_S,-0.058105930819178725,-0.03008270929533389,0.04260595978400436,NA,NA,NA
Palaeochersis__Antarctic,0.017897331091602863,0.0008969581150632266,0.004269490748012903,NA,NA,NA
Palaeochersis__mean_z_trans,-0.022497179388762497,-0.015302950354450043,0.012126655522901642,NA,NA,NA
Palaeochersis__Mod_R_deltaTMyr_z_trans,-0.1147066449593512,-0.028640169023146124,-0.00039601579291044856,NA,NA,NA
Palaeochersis__time,0.12449574171697271,-0.007050222845958876,0.07678118382696143,NA,NA,NA
Palaeosaurus__lat_range_z_trans,0.23260806425902059,0.008898512318270388,0.036246748115307634,0.3666473382519325,0.2030167207121849,0.6237562671303749
Palaeosaurus__Temperate_N,-0.260008447471625,-0.04508393957203565,0.020582417366716867,NA,NA,NA
Palaeosaurus__Tropical,0.16061956011212464,-0.005717819402232132,0.05365312099833913,NA,NA,NA
Palaeosaurus__Temperate_S,0.177398016482628,-0.004532234926729959,0.05433982078408817,NA,NA,NA
Palaeosaurus__Antarctic,0.05034100379242113,0.0016110550998920641,0.00817132105565258,NA,NA,NA
Palaeosaurus__mean_z_trans,-0.05233754168858859,-0.012877399386972835,0.015224655706497043,NA,NA,NA
Palaeosaurus__Mod_R_deltaTMyr_z_trans,-0.04057626181669892,-0.016857842857737317,0.016878467663094154,NA,NA,NA
Palaeosaurus__time,-0.12798263655177206,-0.015453835300774873,0.0020919651655442965,NA,NA,NA
Paleollanosaurus__lat_range_z_trans,-0.7893060702085495,-0.06807669639165767,-0.0352602006724761,0.1597314016344808,0.07749269902706146,0.2404050398617983
Paleollanosaurus__Temperate_N,-0.014331330116910977,-0.007210109471292231,0.021879072520832696,NA,NA,NA
Paleollanosaurus__Tropical,0.0011530083018351433,-0.009019338093320358,0.03447587135819903,NA,NA,NA
Paleollanosaurus__Temperate_S,0.10623569848947227,-0.0037380160440279356,0.03514057974119244,NA,NA,NA
Paleollanosaurus__Antarctic,0.05643775524571538,0.0011749124654880617,0.00839158310985604,NA,NA,NA
Paleollanosaurus__mean_z_trans,0.04121927337371744,-0.002662385525106389,0.02271062013919332,NA,NA,NA
Paleollanosaurus__Mod_R_deltaTMyr_z_trans,-0.05076608501578448,-0.007809915994396158,0.01213245405649174,NA,NA,NA
Paleollanosaurus__time,0.6118408635258674,0.007328045025992378,0.10771853660195072,NA,NA,NA
Paliguana__lat_range_z_trans,0.02734662179466367,0.013382418290004586,0.019971273664177593,2.143620612854429,0.9685754850506783,3.1604296378791332
Paliguana__Temperate_N,0.02899143493643826,0.00019890062093798748,0.029352503229402475,NA,NA,NA
Paliguana__Tropical,0.025834274416439575,-0.007565171414264818,0.02682136775798489,NA,NA,NA
Paliguana__Temperate_S,-0.02499255014446154,-0.06141405060449416,0.017995185037752097,NA,NA,NA
Paliguana__Antarctic,0.002648885555534124,0.0005244496787212798,0.0029746087312622965,NA,NA,NA
Paliguana__mean_z_trans,0.030982063386864146,-0.01513448509651832,0.04079938677695538,NA,NA,NA
Paliguana__Mod_R_deltaTMyr_z_trans,0.06963202330858083,0.022575835395713183,0.06435293387939682,NA,NA,NA
Paliguana__time,-0.02038099613654921,-0.04258140089842005,0.004921257778308313,NA,NA,NA
Pamelaria__lat_range_z_trans,0.19133615394637402,0.006413417857356982,0.030847121614905132,0.4272992882123799,0.14113495964556932,0.7167735304683447
Pamelaria__Temperate_N,0.16368704864295436,-0.005992388595383271,0.0427345725411715,NA,NA,NA
Pamelaria__Tropical,0.13218279032900368,-0.01137906620371305,0.04045485692864317,NA,NA,NA
Pamelaria__Temperate_S,-0.3494909604490058,-0.045471514983973,0.02081971850044889,NA,NA,NA
Pamelaria__Antarctic,0.04131101318841565,0.0012827857410417003,0.007479522345129303,NA,NA,NA
Pamelaria__mean_z_trans,-0.018670326789995976,-0.009938549237995198,0.017768518143291865,NA,NA,NA
Pamelaria__Mod_R_deltaTMyr_z_trans,0.17352225991654685,-0.0005429699056355792,0.04687298175941118,NA,NA,NA
Pamelaria__time,-0.193816221666783,-0.0243852187000189,0.00021122502223884163,NA,NA,NA
Pamelina__lat_range_z_trans,0.03263931749073399,0.016002451030954396,0.022108916784358293,1.8320168353052577,0.9249481596052647,2.744236250407994
Pamelina__Temperate_N,-0.029485800740741308,-0.05238222166433393,0.012769598796704125,NA,NA,NA
Pamelina__Tropical,0.033213481205753216,0.00440732873160034,0.032896354040395176,NA,NA,NA
Pamelina__Temperate_S,0.026544244490833004,-0.0013380783209311132,0.025561433906138176,NA,NA,NA
Pamelina__Antarctic,0.0035390678920613435,0.0009281218440066294,0.0025968386176020482,NA,NA,NA
Pamelina__mean_z_trans,0.03204240794445381,-0.023001315114160023,0.04658501700970122,NA,NA,NA
Pamelina__Mod_R_deltaTMyr_z_trans,0.06319219283905514,0.011397417922275365,0.055842307091105214,NA,NA,NA
Pamelina__time,-0.02162315400463936,-0.04602720845773198,0.008828050609235602,NA,NA,NA
Pampadromaeus__lat_range_z_trans,-0.2520789835237483,-0.02687062234489005,-0.007430457640053565,0.43465330786904816,0.0016308203339576721,1.4725177958607674
Pampadromaeus__Temperate_N,0.104454950740589,-0.007642183902577778,0.024400940072128504,NA,NA,NA
Pampadromaeus__Tropical,0.07552591553096771,-0.004501991528929656,0.02570054508003839,NA,NA,NA
Pampadromaeus__Temperate_S,-0.027461351808325665,-0.02492831911496679,0.04204533505668643,NA,NA,NA
Pampadromaeus__Antarctic,0.033743232298979506,0.0008449877873751992,0.00497616705235742,NA,NA,NA
Pampadromaeus__mean_z_trans,-0.018879145277763944,-0.009112723974571657,0.01729874215279413,NA,NA,NA
Pampadromaeus__Mod_R_deltaTMyr_z_trans,-0.08472965416386732,-0.013518930727642962,0.01399855949934332,NA,NA,NA
Pampadromaeus__time,0.30948679332067885,-0.004283720222116615,0.08619868558194524,NA,NA,NA
Panguraptor__lat_range_z_trans,0.038841154226784504,0.010200368541915644,0.026176172363934134,1.5910630645614583,0.9984516687691212,2.2921414375305176
Panguraptor__Temperate_N,-0.019298473823853725,-0.031125125573532218,0.022251737870423834,NA,NA,NA
Panguraptor__Tropical,0.01828077837012913,-0.015556928982473463,0.026256712393214643,NA,NA,NA
Panguraptor__Temperate_S,0.017502496850406318,-0.013292108721473144,0.024467973410247618,NA,NA,NA
Panguraptor__Antarctic,0.005378152643551295,0.0006993754527665911,0.003903305214537218,NA,NA,NA
Panguraptor__mean_z_trans,-0.0012503734400442106,-0.01496211585166638,0.014665896002218064,NA,NA,NA
Panguraptor__Mod_R_deltaTMyr_z_trans,-0.027629862934573996,-0.03401690555971739,0.013763568312119619,NA,NA,NA
Panguraptor__time,0.10823788522511053,0.008039936665860043,0.07570315128854473,NA,NA,NA
Panphagia__lat_range_z_trans,0.09253571878210864,0.009327176479330896,0.030190610154896557,0.6527015843818663,0.3721710368990898,0.9543818663805723
Panphagia__Temperate_N,0.08171611186461836,-0.008603882628400875,0.04629289889631438,NA,NA,NA
Panphagia__Tropical,0.06768551817211915,-0.005580872022399842,0.05269108977126336,NA,NA,NA
Panphagia__Temperate_S,-0.0854801010256855,-0.054098211689644383,0.03281197191539369,NA,NA,NA
Panphagia__Antarctic,0.017255090520842325,0.0014278808066617514,0.006486436064381024,NA,NA,NA
Panphagia__mean_z_trans,-0.00605439165333981,-0.008463993426464202,0.01251431333919914,NA,NA,NA
Panphagia__Mod_R_deltaTMyr_z_trans,0.020407364580379735,-0.007453938707661704,0.02533476057893476,NA,NA,NA
Panphagia__time,-0.048003554123533035,-0.016567662839741943,0.0008664361348569522,NA,NA,NA
Pantydraco__lat_range_z_trans,0.240258312869753,0.009521666219080951,0.037152277134980614,0.36132256969052834,0.17165971919894218,0.5350561924278736
Pantydraco__Temperate_N,-0.27006997820033396,-0.046442868266274404,0.020317354643823587,NA,NA,NA
Pantydraco__Tropical,0.16576151128623462,-0.005890167003793286,0.0529621699749409,NA,NA,NA
Pantydraco__Temperate_S,0.18260529926497052,-0.004668846415198563,0.053640026362376816,NA,NA,NA
Pantydraco__Antarctic,0.05219709760543693,0.0016596158295892748,0.008066089849324555,NA,NA,NA
Pantydraco__mean_z_trans,-0.054698518713641266,-0.013265552412201898,0.013865350651599646,NA,NA,NA
Pantydraco__Mod_R_deltaTMyr_z_trans,-0.037476886662804035,-0.015442647294126371,0.019401662958312818,NA,NA,NA
Pantydraco__time,-0.1385150803321059,-0.015484704685396014,0.0017835852798809436,NA,NA,NA
Panzhousaurus__lat_range_z_trans,0.08308781706097326,0.00987694896198511,0.027813098272972833,0.7276380905146652,0.5062590576708317,1.0283975303173065
Panzhousaurus__Temperate_N,0.0825239372794867,-0.0016472599299812182,0.039771536727388694,NA,NA,NA
Panzhousaurus__Tropical,-0.10576094628776739,-0.04876033968729957,0.025325432888935476,NA,NA,NA
Panzhousaurus__Temperate_S,0.07307953937912716,-0.002490316616682987,0.040625531278584766,NA,NA,NA
Panzhousaurus__Antarctic,0.01573969314779924,0.001386179074636894,0.0055894333937259386,NA,NA,NA
Panzhousaurus__mean_z_trans,-0.013705627916870322,-0.0204128468054193,0.020831006843535137,NA,NA,NA
Panzhousaurus__Mod_R_deltaTMyr_z_trans,0.07770956851863789,0.002378154910677023,0.03804922836596093,NA,NA,NA
Panzhousaurus__time,-0.07261222406387673,-0.030344023936236263,0.009183249084136095,NA,NA,NA
Pappochelys__lat_range_z_trans,0.05740287272853574,0.009814407196018844,0.029295835031621704,0.9790800168270652,0.24244661210104823,1.7995235100388527
Pappochelys__Temperate_N,-0.06260107324447461,-0.0482285338703294,0.01644406147611942,NA,NA,NA
Pappochelys__Tropical,0.04825095311169594,-0.002141236110178656,0.04253664971386201,NA,NA,NA
Pappochelys__Temperate_S,0.050150857541904695,0.0011724045132239496,0.041130996736541636,NA,NA,NA
Pappochelys__Antarctic,0.009551400706123559,0.0010549797423516749,0.005107305943236326,NA,NA,NA
Pappochelys__mean_z_trans,0.014402959376447304,-0.009882430899741413,0.019333318758802596,NA,NA,NA
Pappochelys__Mod_R_deltaTMyr_z_trans,0.0602274356717379,-0.01501480746502484,0.0498848938117118,NA,NA,NA
Pappochelys__time,-0.037323648774460684,-0.02678828713464047,0.0034554553833443633,NA,NA,NA
Parahupehsuchus__lat_range_z_trans,0.04654502888073955,0.008633880482638434,0.02463094067821193,1.261164240151411,0.4523436911404133,2.17443535476923
Parahupehsuchus__Temperate_N,0.04763803248989444,0.0007997768061598057,0.030921043795958426,NA,NA,NA
Parahupehsuchus__Tropical,-0.06537532114485542,-0.048343711300486834,0.009955624485777565,NA,NA,NA
Parahupehsuchus__Temperate_S,0.03450626347479986,0.0004788827214155898,0.027634145858825516,NA,NA,NA
Parahupehsuchus__Antarctic,0.007105730526471241,0.0008266896819518963,0.003927709629867844,NA,NA,NA
Parahupehsuchus__mean_z_trans,0.008294933923006583,-0.028280011272775234,0.036423916859649304,NA,NA,NA
Parahupehsuchus__Mod_R_deltaTMyr_z_trans,0.09703018307929909,0.009191667517469465,0.06687165245817585,NA,NA,NA
Parahupehsuchus__time,-0.0356830941118455,-0.033320678664693425,0.006823483088773432,NA,NA,NA
Paralonectes__lat_range_z_trans,-0.16476226230468943,-0.016982949022553814,0.00042875863857354127,0.3564840098365676,0.07431511022150517,0.7981284074485302
Paralonectes__Temperate_N,-0.3004020245602437,-0.039454959500825774,0.02452268589203074,NA,NA,NA
Paralonectes__Tropical,0.2039274028794405,-0.001035064029146063,0.04436401046771436,NA,NA,NA
Paralonectes__Temperate_S,0.21596518397054185,-0.00018251339539919308,0.04508455894397702,NA,NA,NA
Paralonectes__Antarctic,0.05320300300399445,0.0012107871618485082,0.00660914158235134,NA,NA,NA
Paralonectes__mean_z_trans,0.10230657388684315,-0.004730583050309553,0.038022710597995876,NA,NA,NA
Paralonectes__Mod_R_deltaTMyr_z_trans,0.17862379532210707,-0.008937719105019153,0.044903480121836745,NA,NA,NA
Paralonectes__time,-0.14879991508048404,-0.019900503086915274,0.003253170610760246,NA,NA,NA
Paraplacodus__lat_range_z_trans,-0.2928537029027939,-0.03583415208495493,-0.014359793097007646,0.1923569499963196,0.03277946240268648,0.5197443962097168
Paraplacodus__Temperate_N,0.013350962322438136,-0.009590115141431975,0.03438592508182435,NA,NA,NA
Paraplacodus__Tropical,-0.0010352345526916907,-0.01406905148335847,0.04505102680828812,NA,NA,NA
Paraplacodus__Temperate_S,0.1408251255832147,-0.003815390087410168,0.051888385988983265,NA,NA,NA
Paraplacodus__Antarctic,0.052627698723226785,0.002094814759015077,0.009960163726127314,NA,NA,NA
Paraplacodus__mean_z_trans,0.02323775344295427,-0.00972917813075344,0.020931912801520913,NA,NA,NA
Paraplacodus__Mod_R_deltaTMyr_z_trans,0.10742521875072271,-0.0058475213274626564,0.05007475951259064,NA,NA,NA
Paraplacodus__time,-0.04745427490444854,-0.013222910531963741,0.009256136032912933,NA,NA,NA
Pararcus__lat_range_z_trans,0.05134838874616171,0.012025958107569587,0.02695367147076768,1.073214576500468,0.5981970988214016,1.47257000207901
Pararcus__Temperate_N,-0.049949649577527275,-0.057122059329976216,0.019294918960042182,NA,NA,NA
Pararcus__Tropical,0.04991027250864907,0.0033719601609807385,0.04241864559721217,NA,NA,NA
Pararcus__Temperate_S,0.04775850528816255,-0.002258910308540094,0.035780416375032285,NA,NA,NA
Pararcus__Antarctic,0.007985064956637748,0.0012348458817983711,0.00491981162878998,NA,NA,NA
Pararcus__mean_z_trans,0.026630368802592595,-0.012620512003509263,0.03552230212982357,NA,NA,NA
Pararcus__Mod_R_deltaTMyr_z_trans,0.047921327486161375,-0.0004642508529036286,0.03517864865271845,NA,NA,NA
Pararcus__time,-0.04154252109332792,-0.03418053568373981,0.007120102040853535,NA,NA,NA
Parasaurus__lat_range_z_trans,-0.32686571486410687,-0.021534252958679837,-0.0050955471225210165,0.19104091307672205,0.053204748779535294,0.39751043915748596
Parasaurus__Temperate_N,-0.2308571720542386,-0.030933752193872753,0.029212419763516472,NA,NA,NA
Parasaurus__Tropical,0.16874439425184393,-0.0031784120164689727,0.041374318661026636,NA,NA,NA
Parasaurus__Temperate_S,0.19390328590583522,-0.0021740090862228142,0.04016212062416463,NA,NA,NA
Parasaurus__Antarctic,0.05905542681924999,0.0010616313129854617,0.007573000566184454,NA,NA,NA
Parasaurus__mean_z_trans,0.2201929058879614,-0.004336158808110365,0.042805625067574266,NA,NA,NA
Parasaurus__Mod_R_deltaTMyr_z_trans,0.059161345083266495,-0.00983577269451346,0.042919114654861194,NA,NA,NA
Parasaurus__time,-0.15610379660502077,-0.019082777583437575,0.00823746464043323,NA,NA,NA
Parasuchus__lat_range_z_trans,-0.6067365749180317,-0.059463194223282674,-0.005480105097186943,0.1948623209528887,0.003903706558048725,0.804797550663352
Parasuchus__Temperate_N,0.029952447509858756,-0.00430132491817482,0.02299652252802829,NA,NA,NA
Parasuchus__Tropical,0.032789979149019925,-0.0057035194919921595,0.027959486149998013,NA,NA,NA
Parasuchus__Temperate_S,0.07848819009028375,-0.007428895043708323,0.03665277140262138,NA,NA,NA
Parasuchus__Antarctic,0.060902303045149896,0.0012939082276212973,0.007767009276686489,NA,NA,NA
Parasuchus__mean_z_trans,0.04353214209404541,-0.0038406754460679404,0.01648832207083187,NA,NA,NA
Parasuchus__Mod_R_deltaTMyr_z_trans,-0.025394152331864463,-0.00893249111460021,0.011008078888470342,NA,NA,NA
Parasuchus__time,0.37979470307007435,-0.0016373120181154845,0.08979643163579044,NA,NA,NA
Paratypothorax__lat_range_z_trans,-0.751644890010357,-0.06464545041481308,-0.027141827252435705,0.14227209528555249,0.006632335716858506,0.23806196823716164
Paratypothorax__Temperate_N,-0.01011798946732597,-0.007015836642868995,0.02144656415544772,NA,NA,NA
Paratypothorax__Tropical,0.0034988834461546505,-0.008865401252687949,0.033024660830984084,NA,NA,NA
Paratypothorax__Temperate_S,0.10714068745262921,-0.003047047293146215,0.0340771614011178,NA,NA,NA
Paratypothorax__Antarctic,0.056853816341608764,0.0012203726140553122,0.008108154765430295,NA,NA,NA
Paratypothorax__mean_z_trans,0.036932656341232356,-0.004687743749667733,0.018668131523658583,NA,NA,NA
Paratypothorax__Mod_R_deltaTMyr_z_trans,-0.05624201847716904,-0.008400911308250795,0.00975307834564309,NA,NA,NA
Paratypothorax__time,0.5581887670408469,0.005428514019059138,0.109252593085394,NA,NA,NA
Pareiasaurus__lat_range_z_trans,-0.7592826578021049,-0.05396797077303552,-0.03892958949569124,0.2081040116751683,0.007794886827468872,0.647343747317791
Pareiasaurus__Temperate_N,0.17545970587991178,0.000587368469008055,0.041117398442526425,NA,NA,NA
Pareiasaurus__Tropical,0.1586556682002265,-0.0018388525853282197,0.03438200741429541,NA,NA,NA
Pareiasaurus__Temperate_S,-0.02484456295147538,-0.016529972274161087,0.02915931729556567,NA,NA,NA
Pareiasaurus__Antarctic,0.05599737633019686,0.0014173414786385699,0.007855171714401988,NA,NA,NA
Pareiasaurus__mean_z_trans,0.2393666655512061,-0.0020194344495067518,0.05784563520325734,NA,NA,NA
Pareiasaurus__Mod_R_deltaTMyr_z_trans,0.27894729217048736,-0.005231993963104813,0.0697949153747241,NA,NA,NA
Pareiasaurus__time,-0.11285890585015296,-0.012429989930830545,0.005963660906160191,NA,NA,NA
Pareiasuchus__lat_range_z_trans,-0.6818135017156601,-0.05316274257735913,-0.02812242555909614,0.1688551837214618,0.010317012667655945,0.553067572414875
Pareiasuchus__Temperate_N,0.16836423019878566,-0.0006499613415298734,0.04141398364640593,NA,NA,NA
Pareiasuchus__Tropical,0.15121909254346974,-0.0032485185614847985,0.03166180350844913,NA,NA,NA
Pareiasuchus__Temperate_S,-0.02563843213021755,-0.01350589336150722,0.02749499048662003,NA,NA,NA
Pareiasuchus__Antarctic,0.056233401112258434,0.0014103817533990693,0.007881894613995315,NA,NA,NA
Pareiasuchus__mean_z_trans,0.21068850907904563,-0.001786163867438368,0.05222457707006636,NA,NA,NA
Pareiasuchus__Mod_R_deltaTMyr_z_trans,0.20093288753181696,-0.006728539889118826,0.06609701752737725,NA,NA,NA
Pareiasuchus__time,-0.10816713083040667,-0.012342066183281172,0.008536675561421994,NA,NA,NA
Parringtonia__lat_range_z_trans,0.2831734122335911,0.007361901356425157,0.02772228142681785,0.2942799088452011,0.15231361985206604,0.46961474046111107
Parringtonia__Temperate_N,0.2426526927272789,-0.006965672585549501,0.03855232833057359,NA,NA,NA
Parringtonia__Tropical,0.2107166922511533,-0.00323179334526482,0.046992945610544366,NA,NA,NA
Parringtonia__Temperate_S,-0.5427202933072113,-0.04905593185932112,0.021230735433931707,NA,NA,NA
Parringtonia__Antarctic,0.06496410196647048,0.0013324597523358382,0.006618675733805822,NA,NA,NA
Parringtonia__mean_z_trans,-0.030624821775127202,-0.009566212653424559,0.02801255076276568,NA,NA,NA
Parringtonia__Mod_R_deltaTMyr_z_trans,0.1924508330435492,-0.001617853519879611,0.03421679685618981,NA,NA,NA
Parringtonia__time,-0.33771706476341934,-0.028270401173641695,0.003842202700611039,NA,NA,NA
Partanosaurus__lat_range_z_trans,0.04914282676505989,0.013479673730480297,0.027922624546080188,1.148661667698034,0.44699177891016006,2.021628215909004
Partanosaurus__Temperate_N,-0.050576996621158735,-0.05467628739222156,0.025131188833396885,NA,NA,NA
Partanosaurus__Tropical,0.04261997833527745,-0.002647627463596892,0.040679701220932715,NA,NA,NA
Partanosaurus__Temperate_S,0.043671278094163365,-0.004731195600271545,0.03837084185081052,NA,NA,NA
Partanosaurus__Antarctic,0.007566441094067492,0.0012376294886751922,0.0047393799299655735,NA,NA,NA
Partanosaurus__mean_z_trans,0.014089966745901525,-0.01043960382524197,0.019128170656460577,NA,NA,NA
Partanosaurus__Mod_R_deltaTMyr_z_trans,0.06466627946826578,0.0008874866256815954,0.04801008252615482,NA,NA,NA
Partanosaurus__time,-0.031118016764066905,-0.03312357959182543,0.003206527291438586,NA,NA,NA
Parvosuchus__lat_range_z_trans,0.12249571943236315,0.007775357208690016,0.031494032680476715,0.5573482965573203,0.2923736721277237,0.798927872441709
Parvosuchus__Temperate_N,0.10573432148114253,-0.00636078523852648,0.042243250033202874,NA,NA,NA
Parvosuchus__Tropical,0.08069735410762113,-0.012496550500178574,0.03998974447790919,NA,NA,NA
Parvosuchus__Temperate_S,-0.20116927934534953,-0.048266986808286554,0.024207506775874327,NA,NA,NA
Parvosuchus__Antarctic,0.024686608536322412,0.0013148932769513127,0.006980435157212223,NA,NA,NA
Parvosuchus__mean_z_trans,-0.0075578524654540775,-0.009469684644195765,0.016083326204487648,NA,NA,NA
Parvosuchus__Mod_R_deltaTMyr_z_trans,0.12386020881176475,-0.0007507224246266933,0.04598142497337692,NA,NA,NA
Parvosuchus__time,-0.1086853234409005,-0.021759024898147575,0.00020879655269998913,NA,NA,NA
Pectodens__lat_range_z_trans,0.0769065872540067,0.011492003670529492,0.027595849601758805,0.7771761901570425,0.5062590576708317,1.2344813719391823
Pectodens__Temperate_N,0.07671771374502621,-0.0017193079454170732,0.03780563379814811,NA,NA,NA
Pectodens__Tropical,-0.0959662290301177,-0.050893024178986404,0.024073599371867527,NA,NA,NA
Pectodens__Temperate_S,0.06745876683240801,-0.0025992383276852013,0.03861741548738565,NA,NA,NA
Pectodens__Antarctic,0.014294850594203138,0.0012429874794938935,0.0053131482816660405,NA,NA,NA
Pectodens__mean_z_trans,-0.009986031220122135,-0.021305665889377323,0.0198013323390412,NA,NA,NA
Pectodens__Mod_R_deltaTMyr_z_trans,0.07559539782410933,0.005192882518004704,0.045252215939572425,NA,NA,NA
Pectodens__time,-0.06495929888200372,-0.0314241413548824,0.008729322035800128,NA,NA,NA
Pelecymala__lat_range_z_trans,0.21088897771109624,0.008457251020042461,0.0323076633092741,0.38339320655024495,0.19326285272836685,0.6237562671303749
Pelecymala__Temperate_N,-0.2020108804435033,-0.039551064027371095,0.025882164330822417,NA,NA,NA
Pelecymala__Tropical,0.14011609281746726,-0.005231712575812116,0.048503696132300954,NA,NA,NA
Pelecymala__Temperate_S,0.15694177389903827,-0.005328447097828156,0.04664542917033128,NA,NA,NA
Pelecymala__Antarctic,0.04494094603742598,0.001387534262556175,0.007014281093122211,NA,NA,NA
Pelecymala__mean_z_trans,-0.04743434217563248,-0.013850220601591254,0.013617095879329839,NA,NA,NA
Pelecymala__Mod_R_deltaTMyr_z_trans,-0.07248354450506035,-0.020665448372990173,0.020854934172266155,NA,NA,NA
Pelecymala__time,-0.09089726622332181,-0.015231396635326152,0.012363252767792928,NA,NA,NA
Pendraig__lat_range_z_trans,0.240258312869753,0.009521666219080951,0.037152277134980614,0.36132256969052834,0.17165971919894218,0.5350561924278736
Pendraig__Temperate_N,-0.27006997820033396,-0.046442868266274404,0.020317354643823587,NA,NA,NA
Pendraig__Tropical,0.16576151128623462,-0.005890167003793286,0.0529621699749409,NA,NA,NA
Pendraig__Temperate_S,0.18260529926497052,-0.004668846415198563,0.053640026362376816,NA,NA,NA
Pendraig__Antarctic,0.05219709760543693,0.0016596158295892748,0.008066089849324555,NA,NA,NA
Pendraig__mean_z_trans,-0.054698518713641266,-0.013265552412201898,0.013865350651599646,NA,NA,NA
Pendraig__Mod_R_deltaTMyr_z_trans,-0.037476886662804035,-0.015442647294126371,0.019401662958312818,NA,NA,NA
Pendraig__time,-0.1385150803321059,-0.015484704685396014,0.0017835852798809436,NA,NA,NA
Pentaedrusaurus__lat_range_z_trans,0.037515933381284707,0.010492957188975341,0.02353568753251094,1.5339793216687394,0.5981970988214016,2.4731784649193287
Pentaedrusaurus__Temperate_N,-0.036177136082022054,-0.04582362703106159,0.014418950712152706,NA,NA,NA
Pentaedrusaurus__Tropical,0.03810467210914992,0.00019580686254568543,0.031488901653995795,NA,NA,NA
Pentaedrusaurus__Temperate_S,0.03232828997284783,-0.0020511486006220005,0.02656110294210949,NA,NA,NA
Pentaedrusaurus__Antarctic,0.004655643674580896,0.0009438614014604779,0.0037023388842636726,NA,NA,NA
Pentaedrusaurus__mean_z_trans,0.03111615255684822,-0.018903536849059408,0.04688015056758924,NA,NA,NA
Pentaedrusaurus__Mod_R_deltaTMyr_z_trans,0.05907693864008047,0.0029121629127091667,0.055471133576997074,NA,NA,NA
Pentaedrusaurus__time,-0.026558737135260142,-0.03777997991326799,0.005130250985620958,NA,NA,NA
Permotriturus__lat_range_z_trans,0.2544755421578884,0.00572657641063751,0.029093069018941032,0.2485528176952721,0.07808090001344681,0.500936621800065
Permotriturus__Temperate_N,-0.18480660198492843,-0.02250164386210661,0.0216183695120109,NA,NA,NA
Permotriturus__Tropical,0.16350601266371087,-0.005865704350428098,0.03798313723884402,NA,NA,NA
Permotriturus__Temperate_S,0.18997384440153836,-0.00454180649876307,0.03240121240564986,NA,NA,NA
Permotriturus__Antarctic,0.05886573292315006,0.0009145328589806745,0.006796472930365463,NA,NA,NA
Permotriturus__mean_z_trans,-0.05234343432821333,-0.022096003537517436,0.04578742516544394,NA,NA,NA
Permotriturus__Mod_R_deltaTMyr_z_trans,-0.0645810603175778,-0.013714023098061663,0.025711048135129456,NA,NA,NA
Permotriturus__time,-0.31917219037772154,-0.02793543195106161,0.007797782448855206,NA,NA,NA
Pessopteryx__lat_range_z_trans,0.009116181011030604,-0.008571369619949842,0.0135783096679949,0.6527430183553952,0.3644119091331959,1.1055065542459488
Pessopteryx__Temperate_N,-0.10936535794200329,-0.045381683821290444,0.020525064313134868,NA,NA,NA
Pessopteryx__Tropical,0.08636413934341802,-0.00020555367329270816,0.03853863398430357,NA,NA,NA
Pessopteryx__Temperate_S,0.08489162793098591,-0.002289044705692342,0.036841222781822044,NA,NA,NA
Pessopteryx__Antarctic,0.01756332745028234,0.001091344756318225,0.005621538515964898,NA,NA,NA
Pessopteryx__mean_z_trans,0.04452396372948289,-0.0067164212326902084,0.041992997927651134,NA,NA,NA
Pessopteryx__Mod_R_deltaTMyr_z_trans,0.08271609788977635,-0.0003878040503318275,0.04379870011906566,NA,NA,NA
Pessopteryx__time,-0.07574822229546299,-0.02755297168139117,0.0062920495453027804,NA,NA,NA
Peteinosaurus__lat_range_z_trans,0.2831045934557915,0.007473842665325747,0.03175892234642962,0.34716344098793345,0.18254610896110535,0.4940805099904537
Peteinosaurus__Temperate_N,0.18678556605475025,-0.008004421614233486,0.04000720336719816,NA,NA,NA
Peteinosaurus__Tropical,-0.20231969910906628,-0.030831192197078337,0.04383265745106609,NA,NA,NA
Peteinosaurus__Temperate_S,0.1770406940940302,-0.00410911569616821,0.04146422571526052,NA,NA,NA
Peteinosaurus__Antarctic,0.06491980529739522,0.001460708601869596,0.007246648454461665,NA,NA,NA
Peteinosaurus__mean_z_trans,-0.07548975424841046,-0.017696831889526032,0.017228894454059073,NA,NA,NA
Peteinosaurus__Mod_R_deltaTMyr_z_trans,-0.4517065253667533,-0.03126657373153676,-0.009160868328423454,NA,NA,NA
Peteinosaurus__time,0.15532494645565748,-0.007039920166972819,0.03481083339518818,NA,NA,NA
Phaanthosaurus__lat_range_z_trans,-0.7145316681265831,-0.0409040226110022,-0.04041634049670957,0.17841680513192842,0.0544477142393589,0.34809086844325066
Phaanthosaurus__Temperate_N,-0.22501683452923316,-0.032497829111624695,0.014304085615826105,NA,NA,NA
Phaanthosaurus__Tropical,0.20496156577020883,0.0013192948025260538,0.04221942152752697,NA,NA,NA
Phaanthosaurus__Temperate_S,0.192769832033664,-0.0012607003444538793,0.037405259498179765,NA,NA,NA
Phaanthosaurus__Antarctic,0.05914854353293777,0.0011758347767342986,0.007617831504657419,NA,NA,NA
Phaanthosaurus__mean_z_trans,0.18526315106217225,-0.007029202243835003,0.06308363399577703,NA,NA,NA
Phaanthosaurus__Mod_R_deltaTMyr_z_trans,0.40006160851567985,0.003686315810425265,0.07136666414324346,NA,NA,NA
Phaanthosaurus__time,-0.12718725272337905,-0.014503195107090154,0.01160796106673869,NA,NA,NA
Phalarodon__lat_range_z_trans,-0.4294697332799558,-0.04668461721456422,-0.04617443325718878,0.045271100776153615,0.006366280140355229,0.10843835398554802
Phalarodon__Temperate_N,-0.0255024442616096,-0.01030562533372573,0.02358676712308386,NA,NA,NA
Phalarodon__Tropical,-0.035505687181639364,-0.015144899622594904,0.04070996162837476,NA,NA,NA
Phalarodon__Temperate_S,0.1364109282611578,-0.0023986794894105628,0.060339243947928244,NA,NA,NA
Phalarodon__Antarctic,0.05042565738154741,0.002272495358610382,0.015323796249145179,NA,NA,NA
Phalarodon__mean_z_trans,0.04684586134518723,-0.005133671244356472,0.03561338208391037,NA,NA,NA
Phalarodon__Mod_R_deltaTMyr_z_trans,0.15968649844733349,-0.00453719976048785,0.06740819874350877,NA,NA,NA
Phalarodon__time,-0.042952837829530986,-0.008081306721790955,0.010381600336477451,NA,NA,NA
Phantomosaurus__lat_range_z_trans,0.05061799764413014,0.011538529536870505,0.02707818316364574,1.0884302391624079,0.5492439847439528,1.47257000207901
Phantomosaurus__Temperate_N,-0.04875442293508385,-0.05484834144646839,0.01938405127087655,NA,NA,NA
Phantomosaurus__Tropical,0.049372914211782665,0.0027385142316572963,0.042614597283372316,NA,NA,NA
Phantomosaurus__Temperate_S,0.047077224346719106,-0.002168995399553742,0.035945702956475145,NA,NA,NA
Phantomosaurus__Antarctic,0.007805204320235513,0.0011856933967907526,0.004879155654997222,NA,NA,NA
Phantomosaurus__mean_z_trans,0.027929676967842564,-0.013598631919932248,0.03568639636009966,NA,NA,NA
Phantomosaurus__Mod_R_deltaTMyr_z_trans,0.047000571547544195,-0.0004457715564801049,0.035341155385861016,NA,NA,NA
Phantomosaurus__time,-0.04098740898566048,-0.03441450087120438,0.0062592747799122194,NA,NA,NA
Phonodus__lat_range_z_trans,0.02734662179466367,0.013382418290004586,0.019971273664177593,2.143620612854429,0.9685754850506783,3.1604296378791332
Phonodus__Temperate_N,0.02899143493643826,0.00019890062093798748,0.029352503229402475,NA,NA,NA
Phonodus__Tropical,0.025834274416439575,-0.007565171414264818,0.02682136775798489,NA,NA,NA
Phonodus__Temperate_S,-0.02499255014446154,-0.06141405060449416,0.017995185037752097,NA,NA,NA
Phonodus__Antarctic,0.002648885555534124,0.0005244496787212798,0.0029746087312622965,NA,NA,NA
Phonodus__mean_z_trans,0.030982063386864146,-0.01513448509651832,0.04079938677695538,NA,NA,NA
Phonodus__Mod_R_deltaTMyr_z_trans,0.06963202330858083,0.022575835395713183,0.06435293387939682,NA,NA,NA
Phonodus__time,-0.02038099613654921,-0.04258140089842005,0.004921257778308313,NA,NA,NA
Pinheirochampsa__lat_range_z_trans,0.12021972881326541,0.007850954783631892,0.03196614582988401,0.5637518360209651,0.2923736721277237,0.8241174519062042
Pinheirochampsa__Temperate_N,0.10338061562668788,-0.004769783455863919,0.04638261334362183,NA,NA,NA
Pinheirochampsa__Tropical,0.07979666795122448,-0.012618050887568668,0.0405892130947422,NA,NA,NA
Pinheirochampsa__Temperate_S,-0.20081192839237186,-0.04873627292010401,0.020888863660495197,NA,NA,NA
Pinheirochampsa__Antarctic,0.024175859944896617,0.001195732067958951,0.006863241676139934,NA,NA,NA
Pinheirochampsa__mean_z_trans,-0.008168389364992168,-0.009561755680336128,0.01632442425199341,NA,NA,NA
Pinheirochampsa__Mod_R_deltaTMyr_z_trans,0.12420183154321426,-0.0007580214841082095,0.04396208846865845,NA,NA,NA
Pinheirochampsa__time,-0.10273262900441478,-0.02261630645193021,0.00021192652970486111,NA,NA,NA
Pintosaurus__lat_range_z_trans,0.04848957285807848,0.008419627924936113,0.023995626377311584,1.1264696427628222,0.41489554941654205,3.0041974298655987
Pintosaurus__Temperate_N,0.04448660155980908,-0.005613327944048783,0.031598563516968665,NA,NA,NA
Pintosaurus__Tropical,0.036782461163555186,-0.010736916627857905,0.023313479300050767,NA,NA,NA
Pintosaurus__Temperate_S,-0.039948731246607916,-0.04166424241389285,0.02133305765223239,NA,NA,NA
Pintosaurus__Antarctic,0.007541208171403927,0.0006446003786951774,0.00389897986458697,NA,NA,NA
Pintosaurus__mean_z_trans,0.05768269892527925,0.0004313018041199354,0.041009637037342936,NA,NA,NA
Pintosaurus__Mod_R_deltaTMyr_z_trans,0.03170036645778948,-0.011339706962205497,0.059315281654356504,NA,NA,NA
Pintosaurus__time,-0.046672420771797625,-0.03015484018806651,0.002723891452390045,NA,NA,NA
Pisanosaurus__lat_range_z_trans,0.09129635455501339,0.009052031293132812,0.030468830328554845,0.6601012544910191,0.3721710368990898,0.9344987943768501
Pisanosaurus__Temperate_N,0.08071410289599239,-0.008580052341798042,0.046719508968253894,NA,NA,NA
Pisanosaurus__Tropical,0.06695346769285343,-0.005565414607935759,0.053176662075737895,NA,NA,NA
Pisanosaurus__Temperate_S,-0.08372556635945295,-0.053948375162933826,0.033114349127299464,NA,NA,NA
Pisanosaurus__Antarctic,0.01698965357261711,0.0014239259864570785,0.006546211516384029,NA,NA,NA
Pisanosaurus__mean_z_trans,-0.005748453104446184,-0.008440550592819385,0.01262963841585651,NA,NA,NA
Pisanosaurus__Mod_R_deltaTMyr_z_trans,0.02225322393893636,-0.0074332934358239434,0.02365889568610816,NA,NA,NA
Pisanosaurus__time,-0.048671026074003684,-0.01652177516659925,0.0008744207370450806,NA,NA,NA
Pistosaurus__lat_range_z_trans,-0.40424918219447137,-0.04842036636273666,-0.05143277650732713,0.06111850282861269,0.022821571677923203,0.10839341767132282
Pistosaurus__Temperate_N,-0.008894099387107416,-0.00858810442705177,0.029353712861946966,NA,NA,NA
Pistosaurus__Tropical,-0.011899028291809373,-0.012270807025678322,0.03987591908363271,NA,NA,NA
Pistosaurus__Temperate_S,0.13218825360527262,-0.0045160727735439115,0.061876883341095854,NA,NA,NA
Pistosaurus__Antarctic,0.05505462318658829,0.002799859595991881,0.016212399163006198,NA,NA,NA
Pistosaurus__mean_z_trans,0.048109555026894665,-0.006076796769786165,0.03875884512367242,NA,NA,NA
Pistosaurus__Mod_R_deltaTMyr_z_trans,0.08319289095699788,-0.0051437670657590966,0.058457989571081975,NA,NA,NA
Pistosaurus__time,-0.028543957039655652,-0.00779744919975627,0.014085544218130873,NA,NA,NA
Placochelys__lat_range_z_trans,-0.7711022335290909,-0.06400741671064375,-0.029875327672188444,0.1667296132118645,0.0883208941668272,0.27129118517041206
Placochelys__Temperate_N,-0.013367173797450959,-0.0072667003988660375,0.0219030259394524,NA,NA,NA
Placochelys__Tropical,0.005331635122711304,-0.009233463571826842,0.03341568937278901,NA,NA,NA
Placochelys__Temperate_S,0.09446949702454731,-0.004214680571313943,0.0347359015510394,NA,NA,NA
Placochelys__Antarctic,0.057001887373626235,0.00138629349034689,0.008745340294425346,NA,NA,NA
Placochelys__mean_z_trans,0.03922504075104371,-0.0033261604838681113,0.023043965673368395,NA,NA,NA
Placochelys__Mod_R_deltaTMyr_z_trans,-0.06222115191783814,-0.008971593139883525,0.011400606301274298,NA,NA,NA
Placochelys__time,0.6193660420179367,0.005620217357735007,0.10381931539507948,NA,NA,NA
Placodus__lat_range_z_trans,-0.32842339669778337,-0.05232454307065103,-0.05707687875720749,0.013435368939681211,0.002416186034679413,0.03470062185078859
Placodus__Temperate_N,0.0029668115886809024,-0.008431871609741926,0.03701184494768328,NA,NA,NA
Placodus__Tropical,-0.004211094061012069,-0.012532923497538855,0.051961633897182516,NA,NA,NA
Placodus__Temperate_S,0.10501836992622399,-0.002013989447078303,0.07086331414075576,NA,NA,NA
Placodus__Antarctic,0.04306471202892828,0.0025982012103894087,0.01773828693782835,NA,NA,NA
Placodus__mean_z_trans,0.02569096385759568,-0.004118433375315259,0.03433198110515437,NA,NA,NA
Placodus__Mod_R_deltaTMyr_z_trans,0.011641282401920479,-0.006406511783592312,0.031219903651015908,NA,NA,NA
Placodus__time,0.004190593837936239,-0.006783432454792031,0.021138430932827176,NA,NA,NA
Planocephalosaurus__lat_range_z_trans,-0.7875317987799645,-0.06778822688847522,-0.028899017693905807,0.16080007477183245,0.07509801164269447,0.23775020986795425
Planocephalosaurus__Temperate_N,-0.01420733299368294,-0.00738742519730291,0.021313826859633168,NA,NA,NA
Planocephalosaurus__Tropical,0.0013628054650325794,-0.009256666197993573,0.033341286434805426,NA,NA,NA
Planocephalosaurus__Temperate_S,0.10558961269911378,-0.0035404981415863546,0.03421437578643279,NA,NA,NA
Planocephalosaurus__Antarctic,0.05646156121045351,0.0012114214918082283,0.0081543527691229,NA,NA,NA
Planocephalosaurus__mean_z_trans,0.04104683600773569,-0.002804279341900811,0.0221897293181938,NA,NA,NA
Planocephalosaurus__Mod_R_deltaTMyr_z_trans,-0.051780017351266,-0.007968901980938062,0.011763687544558308,NA,NA,NA
Planocephalosaurus__time,0.6125684319436551,0.007521072228068391,0.10511027583639929,NA,NA,NA
Plateosauravus__lat_range_z_trans,0.060983658392155,0.004899789305505352,0.020868005149862055,0.9308056447585114,0.06770048290491104,3.321835210546851
Plateosauravus__Temperate_N,0.040829494044575185,-0.010691612792230782,0.023702138971901352,NA,NA,NA
Plateosauravus__Tropical,0.030528719467526853,-0.008155429722009062,0.02208515469210764,NA,NA,NA
Plateosauravus__Temperate_S,-0.03356155773771429,-0.031612965661228856,0.038467798960576095,NA,NA,NA
Plateosauravus__Antarctic,0.011366079819593302,0.0007726187170236848,0.0037521034886329753,NA,NA,NA
Plateosauravus__mean_z_trans,-0.011001652566220913,-0.013793818051795073,0.013286530900292498,NA,NA,NA
Plateosauravus__Mod_R_deltaTMyr_z_trans,-0.07353149748717455,-0.025662256297830775,0.0009139049926524745,NA,NA,NA
Plateosauravus__time,0.11444851318476927,-0.005769829525754798,0.08411287969921477,NA,NA,NA
Plateosaurus__lat_range_z_trans,-0.8348972398042679,-0.06529886133694408,-0.018132149888094563,0.11685620200354606,0.018356542102992535,0.2838293816894293
Plateosaurus__Temperate_N,-0.029806047766469418,-0.007835859465017638,0.022631821180939125,NA,NA,NA
Plateosaurus__Tropical,0.11156087500392459,-0.001724970202395779,0.02949588372832672,NA,NA,NA
Plateosaurus__Temperate_S,0.015125862877466716,-0.009721775713380839,0.04418568933015454,NA,NA,NA
Plateosaurus__Antarctic,0.05757466483861208,0.0011578630629071206,0.008386963210035176,NA,NA,NA
Plateosaurus__mean_z_trans,0.03928454227861948,-0.004940837433195823,0.012983630933439448,NA,NA,NA
Plateosaurus__Mod_R_deltaTMyr_z_trans,-0.05057289406715427,-0.010130789980023971,0.007891120444707769,NA,NA,NA
Plateosaurus__time,0.610427825525403,0.008481727039730696,0.09974555791573164,NA,NA,NA
Plesiosaurus__lat_range_z_trans,-0.7574239376187325,-0.04693211168428426,-0.05431137948324271,0.1743798812280511,0.09206448495388031,0.27503613685257733
Plesiosaurus__Temperate_N,-0.047563792376640775,-0.016630777031962172,0.027743584389299473,NA,NA,NA
Plesiosaurus__Tropical,0.0797495013079606,-0.007655002149630542,0.038172772246657716,NA,NA,NA
Plesiosaurus__Temperate_S,0.0991591832973063,-0.0066564866106876095,0.04409959414415985,NA,NA,NA
Plesiosaurus__Antarctic,0.05484657935798168,0.0012432647239108607,0.008270368746239204,NA,NA,NA
Plesiosaurus__mean_z_trans,-0.0035333708240068516,-0.007534936536711006,0.020352280529800135,NA,NA,NA
Plesiosaurus__Mod_R_deltaTMyr_z_trans,-0.0984847716637887,-0.016718951013177864,0.008443988144747987,NA,NA,NA
Plesiosaurus__time,0.6497088489681482,0.010871496274222271,0.11441730813757821,NA,NA,NA
Polesinesuchus__lat_range_z_trans,0.0947563245162592,0.00915984657946849,0.028983951553505385,0.6414733903342857,0.3027215451002121,0.9543818663805723
Polesinesuchus__Temperate_N,0.08134876975554677,-0.008449528647662057,0.04716604402098601,NA,NA,NA
Polesinesuchus__Tropical,0.07035582294653535,-0.005480750966609543,0.05119356176233816,NA,NA,NA
Polesinesuchus__Temperate_S,-0.08689092924880795,-0.05312768771973524,0.03164457748915027,NA,NA,NA
Polesinesuchus__Antarctic,0.017815819708198243,0.001002543578488116,0.006027098789059164,NA,NA,NA
Polesinesuchus__mean_z_trans,-0.005797968713211932,-0.00916714744798152,0.012158645335002011,NA,NA,NA
Polesinesuchus__Mod_R_deltaTMyr_z_trans,0.017465758081218166,-0.00732021476448367,0.02905103934028132,NA,NA,NA
Polesinesuchus__time,-0.04899183992822798,-0.016630564639804887,0.0009635985649175376,NA,NA,NA
Polonosuchus__lat_range_z_trans,0.24086481742384416,0.009447704898382063,0.03630554478146056,0.3612031871190993,0.17165971919894218,0.5828943178057671
Polonosuchus__Temperate_N,-0.2691676443544563,-0.046082114612976344,0.022743125056348065,NA,NA,NA
Polonosuchus__Tropical,0.16748406124255244,-0.005844414031496845,0.051755116564258095,NA,NA,NA
Polonosuchus__Temperate_S,0.18078981543396458,-0.0048035205043096265,0.05241752402154642,NA,NA,NA
Polonosuchus__Antarctic,0.05244194370743428,0.0015500325363357965,0.007882256723376207,NA,NA,NA
Polonosuchus__mean_z_trans,-0.05728545552721423,-0.013162509756259955,0.013549347383564269,NA,NA,NA
Polonosuchus__Mod_R_deltaTMyr_z_trans,-0.042884178452723756,-0.01532269364707751,0.020517641412506244,NA,NA,NA
Polonosuchus__time,-0.13218160235589138,-0.015795988910917894,0.0020179609121800035,NA,NA,NA
Polymorphodon__lat_range_z_trans,0.04925579577563738,0.012557096197502697,0.027861945591253018,1.1449185051866515,0.44699177891016006,2.086325534619391
Polymorphodon__Temperate_N,-0.049758723965427146,-0.05592612025907611,0.022573519603498373,NA,NA,NA
Polymorphodon__Tropical,0.042586437334134246,-0.0024664182101350927,0.040812427883095186,NA,NA,NA
Polymorphodon__Temperate_S,0.043623532129770645,-0.002864135435199405,0.03849603534069292,NA,NA,NA
Polymorphodon__Antarctic,0.007581396051436121,0.0014030497426001363,0.005235737674851974,NA,NA,NA
Polymorphodon__mean_z_trans,0.013719326286962675,-0.01126869467597409,0.01910283533645152,NA,NA,NA
Polymorphodon__Mod_R_deltaTMyr_z_trans,0.0643316709763791,-0.0005917500166838952,0.0498890261184628,NA,NA,NA
Polymorphodon__time,-0.03127767747138318,-0.030856531371354547,0.003216989306934081,NA,NA,NA
Poposaurus__lat_range_z_trans,-0.9130819618701935,-0.056099885343643165,-0.05998851150319414,0.20699363740161061,0.0865219384431839,0.31820279359817505
Poposaurus__Temperate_N,0.12982824744656682,-0.004145237548249205,0.04032361286545469,NA,NA,NA
Poposaurus__Tropical,-0.0008659819513559342,-0.015192849526819385,0.03200910878465175,NA,NA,NA
Poposaurus__Temperate_S,0.10216177019290626,-0.004632657718695515,0.03816194250445485,NA,NA,NA
Poposaurus__Antarctic,0.057177055329084396,0.0012817159675458942,0.008605408022837666,NA,NA,NA
Poposaurus__mean_z_trans,0.034459927128627894,-0.006209065967024443,0.021311260077590793,NA,NA,NA
Poposaurus__Mod_R_deltaTMyr_z_trans,-0.08532628372311592,-0.013046546832730398,0.006369270826504194,NA,NA,NA
Poposaurus__time,0.6834828744828702,0.0080310229412959,0.12039642527694006,NA,NA,NA
Postosuchus__lat_range_z_trans,-0.8690192711353302,-0.05025466602382326,-0.05623956961825643,0.2577550519770011,0.15770035050809383,0.38078795187175274
Postosuchus__Temperate_N,0.1198847164819017,-0.0048551507362910055,0.03952083312284363,NA,NA,NA
Postosuchus__Tropical,-0.003944768481887877,-0.01777138179834347,0.026915162078406753,NA,NA,NA
Postosuchus__Temperate_S,0.10124971265206113,-0.005058590652418623,0.037069708900627586,NA,NA,NA
Postosuchus__Antarctic,0.057375980783253906,0.0010190626218002838,0.008261348858735473,NA,NA,NA
Postosuchus__mean_z_trans,0.02601947864051908,-0.00579974533933046,0.02617664676519535,NA,NA,NA
Postosuchus__Mod_R_deltaTMyr_z_trans,-0.08302999148378148,-0.014667057946843145,0.00568541734707973,NA,NA,NA
Postosuchus__time,0.7089032442867755,0.007374025846929374,0.11979896940060779,NA,NA,NA
Powellvenator__lat_range_z_trans,0.26432629734277724,0.005468573495445258,0.029719016490165135,0.20768368732882664,0.04859235230833292,0.28769180178642273
Powellvenator__Temperate_N,0.1766491561755538,-0.005982404164426721,0.04642231953663529,NA,NA,NA
Powellvenator__Tropical,0.13505107448901982,-0.006482273253099179,0.04242965422283959,NA,NA,NA
Powellvenator__Temperate_S,-0.2367624036874622,-0.033110121374580935,0.03833518070080009,NA,NA,NA
Powellvenator__Antarctic,0.06395040739327669,0.0013458488918587864,0.00821431848504124,NA,NA,NA
Powellvenator__mean_z_trans,-0.0907035329611972,-0.015097419589535685,0.0137071882296966,NA,NA,NA
Powellvenator__Mod_R_deltaTMyr_z_trans,-0.4163713487610221,-0.02661916648701157,-0.006838141448482049,NA,NA,NA
Powellvenator__time,0.10207743237493559,-0.00953654154697027,0.035198980638543965,NA,NA,NA
Pravusuchus__lat_range_z_trans,0.2731873817741871,0.006442112977303615,0.031214853860388303,0.3128947899825289,0.08005526103079319,0.5103088691830635
Pravusuchus__Temperate_N,0.1938444374408573,-0.005787353275655713,0.041342472853186166,NA,NA,NA
Pravusuchus__Tropical,-0.20433506692759693,-0.0270746820146777,0.050568710095519456,NA,NA,NA
Pravusuchus__Temperate_S,0.18736383630894124,-0.005802825372610997,0.03825036940794007,NA,NA,NA
Pravusuchus__Antarctic,0.06352403060882353,0.0014000758928851761,0.007562910899358664,NA,NA,NA
Pravusuchus__mean_z_trans,-0.05639277265407145,-0.015194727697615266,0.018441437261981573,NA,NA,NA
Pravusuchus__Mod_R_deltaTMyr_z_trans,-0.43514364657923577,-0.03211021581317357,-0.01522151688075755,NA,NA,NA
Pravusuchus__time,0.08301783023605822,-0.011885888724775851,0.03502927935762317,NA,NA,NA
Preondactylus__lat_range_z_trans,0.12793179274927782,0.008366450759465637,0.02989066064665993,0.5105431991675868,0.23763789981603622,0.9000419564545155
Preondactylus__Temperate_N,-0.08223454479997948,-0.031122449368686033,0.026654173295563646,NA,NA,NA
Preondactylus__Tropical,0.07917207736328313,-0.005588451943870334,0.041078484067541214,NA,NA,NA
Preondactylus__Temperate_S,0.08670254257362175,-0.01030667548480578,0.032522367572177774,NA,NA,NA
Preondactylus__Antarctic,0.025527557332409547,0.0012102869726147538,0.005862146341391599,NA,NA,NA
Preondactylus__mean_z_trans,-0.04346904826556382,-0.018195529738982183,0.016548949378832646,NA,NA,NA
Preondactylus__Mod_R_deltaTMyr_z_trans,-0.1332630031626628,-0.02800024948436233,0.008426972914940357,NA,NA,NA
Preondactylus__time,0.07969438332712361,-0.00637688573969405,0.04620476263813272,NA,NA,NA
Prestosuchus__lat_range_z_trans,-0.3629909059752799,-0.033268771191163705,-0.02973562427459622,0.027526041367673316,0.0010822173207998276,0.07276898249983788
Prestosuchus__Temperate_N,0.11802485622885181,-0.007264166283003951,0.05344562573282757,NA,NA,NA
Prestosuchus__Tropical,0.10826136692377378,-0.004563512130755414,0.04896555000078823,NA,NA,NA
Prestosuchus__Temperate_S,-0.02351829953487774,-0.019680164984214536,0.05333030706581858,NA,NA,NA
Prestosuchus__Antarctic,0.04423297444641105,0.0018403758240137745,0.012006388260299983,NA,NA,NA
Prestosuchus__mean_z_trans,0.00589867036585811,-0.005849950072183218,0.020610038194462128,NA,NA,NA
Prestosuchus__Mod_R_deltaTMyr_z_trans,-0.009759218167990432,-0.012027779843006084,0.024502694711083167,NA,NA,NA
Prestosuchus__time,-0.02021120140425653,-0.009199535348007182,0.024063537164556423,NA,NA,NA
Procerosuchus__lat_range_z_trans,0.12623324840269265,0.008319377907407471,0.030704527421046943,0.5481611648364924,0.2923736721277237,0.7838702527806163
Procerosuchus__Temperate_N,0.10827931282400942,-0.0035092029083513194,0.04749393918809733,NA,NA,NA
Procerosuchus__Tropical,0.08199229709039452,-0.013370900314881235,0.038987265249260473,NA,NA,NA
Procerosuchus__Temperate_S,-0.21726029102958122,-0.04847786503334541,0.02360066312040679,NA,NA,NA
Procerosuchus__Antarctic,0.02577712411465036,0.0014153414246192576,0.00680544676097728,NA,NA,NA
Procerosuchus__mean_z_trans,-0.010313686516937854,-0.011313369291612438,0.014039318558065846,NA,NA,NA
Procerosuchus__Mod_R_deltaTMyr_z_trans,0.13575074983008442,0.0008888107723681283,0.045353794201848215,NA,NA,NA
Procerosuchus__time,-0.11039699759780247,-0.02396569658452477,0.0002035623555369934,NA,NA,NA
Procolina__lat_range_z_trans,0.03204139107643495,0.016743686341453724,0.022108916784358293,1.8773396136373048,1.0066168308258057,2.8588281087577343
Procolina__Temperate_N,-0.02955498294309048,-0.05464186299095291,0.012769598796704125,NA,NA,NA
Procolina__Tropical,0.032780500875838434,0.004597450147330598,0.032896354040395176,NA,NA,NA
Procolina__Temperate_S,0.02585684732379767,-0.0013957997572536123,0.025561433906138176,NA,NA,NA
Procolina__Antarctic,0.0033767270116505745,0.0007561735918616049,0.0025968386176020482,NA,NA,NA
Procolina__mean_z_trans,0.032488985524524526,-0.02399353576741136,0.04658501700970122,NA,NA,NA
Procolina__Mod_R_deltaTMyr_z_trans,0.06352768241525632,0.015933094415777584,0.055842307091105214,NA,NA,NA
Procolina__time,-0.020455394166902115,-0.04801271000912595,0.008828050609235602,NA,NA,NA
Procolophon__lat_range_z_trans,-1.0521962339431048,-0.05483481344039845,-0.013592786663548639,0.2716793754928949,0.00817391648888588,0.9449402652680874
Procolophon__Temperate_N,0.1597945627279114,-0.0013916380742550977,0.021954482252547633,NA,NA,NA
Procolophon__Tropical,0.14921930657932536,-0.0013001995583369359,0.0192638788631371,NA,NA,NA
Procolophon__Temperate_S,-0.03146696403506212,-0.009579501247335467,0.021347741587245596,NA,NA,NA
Procolophon__Antarctic,0.5834731781575829,-0.009906627746341183,0.0892649260666239,NA,NA,NA
Procolophon__mean_z_trans,0.12212204157316592,-0.005377131820265338,0.02977468724508371,NA,NA,NA
Procolophon__Mod_R_deltaTMyr_z_trans,0.24166299214586615,-0.0010811503874971586,0.03660319991579411,NA,NA,NA
Procolophon__time,-0.09318277311227575,-0.0065424417538906795,0.0025723875883564653,NA,NA,NA
Procolophonichnium__lat_range_z_trans,0.02734662179466367,0.013382418290004586,0.019971273664177593,2.143620612854429,0.9685754850506783,3.1604296378791332
Procolophonichnium__Temperate_N,0.02899143493643826,0.00019890062093798748,0.029352503229402475,NA,NA,NA
Procolophonichnium__Tropical,0.025834274416439575,-0.007565171414264818,0.02682136775798489,NA,NA,NA
Procolophonichnium__Temperate_S,-0.02499255014446154,-0.06141405060449416,0.017995185037752097,NA,NA,NA
Procolophonichnium__Antarctic,0.002648885555534124,0.0005244496787212798,0.0029746087312622965,NA,NA,NA
Procolophonichnium__mean_z_trans,0.030982063386864146,-0.01513448509651832,0.04079938677695538,NA,NA,NA
Procolophonichnium__Mod_R_deltaTMyr_z_trans,0.06963202330858083,0.022575835395713183,0.06435293387939682,NA,NA,NA
Procolophonichnium__time,-0.02038099613654921,-0.04258140089842005,0.004921257778308313,NA,NA,NA
Procompsognathus__lat_range_z_trans,0.12793179274927782,0.008366450759465637,0.02989066064665993,0.5105431991675868,0.23763789981603622,0.9000419564545155
Procompsognathus__Temperate_N,-0.08223454479997948,-0.031122449368686033,0.026654173295563646,NA,NA,NA
Procompsognathus__Tropical,0.07917207736328313,-0.005588451943870334,0.041078484067541214,NA,NA,NA
Procompsognathus__Temperate_S,0.08670254257362175,-0.01030667548480578,0.032522367572177774,NA,NA,NA
Procompsognathus__Antarctic,0.025527557332409547,0.0012102869726147538,0.005862146341391599,NA,NA,NA
Procompsognathus__mean_z_trans,-0.04346904826556382,-0.018195529738982183,0.016548949378832646,NA,NA,NA
Procompsognathus__Mod_R_deltaTMyr_z_trans,-0.1332630031626628,-0.02800024948436233,0.008426972914940357,NA,NA,NA
Procompsognathus__time,0.07969438332712361,-0.00637688573969405,0.04620476263813272,NA,NA,NA
Proganochelys__lat_range_z_trans,-0.7915325662493706,-0.06514144633882868,-0.032535914241986846,0.15798015503278293,0.07626578025519848,0.23659062758088112
Proganochelys__Temperate_N,-0.014542720235476736,-0.007120415669957212,0.022316340342859543,NA,NA,NA
Proganochelys__Tropical,0.0008484556511393749,-0.0089201796931677,0.03551931191755941,NA,NA,NA
Proganochelys__Temperate_S,0.10685409010387957,-0.0066949843386026105,0.02829538462203911,NA,NA,NA
Proganochelys__Antarctic,0.05642141250893474,0.0011082221763469007,0.008455754934613108,NA,NA,NA
Proganochelys__mean_z_trans,0.04145648410027206,-0.0026996121508280593,0.02306528690328464,NA,NA,NA
Proganochelys__Mod_R_deltaTMyr_z_trans,-0.04960486340394709,-0.007798206316495651,0.012419471646514758,NA,NA,NA
Proganochelys__time,0.6108724348247051,0.0072531183032127034,0.10965288073035613,NA,NA,NA
Prolacerta__lat_range_z_trans,-1.0520057545602322,-0.0551246301378277,-0.011143212285419011,0.33001482997322457,0.035171886906027794,0.8080118903890252
Prolacerta__Temperate_N,0.1696514918259345,-0.0014234690719099972,0.021331337775078698,NA,NA,NA
Prolacerta__Tropical,0.14813652950804682,-0.00031786003818667875,0.024022042318058125,NA,NA,NA
Prolacerta__Temperate_S,-0.031450021960772574,-0.010374853680081125,0.024868150661479054,NA,NA,NA
Prolacerta__Antarctic,0.5767245932831429,-0.010989588389267014,0.07713344818739232,NA,NA,NA
Prolacerta__mean_z_trans,0.13681266887811944,-0.00506198852691214,0.02943024188243889,NA,NA,NA
Prolacerta__Mod_R_deltaTMyr_z_trans,0.2888319012336433,0.0009079508745117271,0.03877738017700176,NA,NA,NA
Prolacerta__time,-0.1013180952053517,-0.007629065058647384,0.002769128139210047,NA,NA,NA
Prolacertoides__lat_range_z_trans,0.03204139107643495,0.016743686341453724,0.022108916784358293,1.8773396136373048,1.0066168308258057,2.8588281087577343
Prolacertoides__Temperate_N,-0.02955498294309048,-0.05464186299095291,0.012769598796704125,NA,NA,NA
Prolacertoides__Tropical,0.032780500875838434,0.004597450147330598,0.032896354040395176,NA,NA,NA
Prolacertoides__Temperate_S,0.02585684732379767,-0.0013957997572536123,0.025561433906138176,NA,NA,NA
Prolacertoides__Antarctic,0.0033767270116505745,0.0007561735918616049,0.0025968386176020482,NA,NA,NA
Prolacertoides__mean_z_trans,0.032488985524524526,-0.02399353576741136,0.04658501700970122,NA,NA,NA
Prolacertoides__Mod_R_deltaTMyr_z_trans,0.06352768241525632,0.015933094415777584,0.055842307091105214,NA,NA,NA
Prolacertoides__time,-0.020455394166902115,-0.04801271000912595,0.008828050609235602,NA,NA,NA
Prosantosaurus__lat_range_z_trans,0.04834355662894921,0.013104532702494264,0.0282817739623553,1.1679588795015297,0.5492439847439528,2.086325534619391
Prosantosaurus__Temperate_N,-0.049067853327399547,-0.05836426354720793,0.022789511281569846,NA,NA,NA
Prosantosaurus__Tropical,0.041973483747023255,-0.0025739436557928584,0.04120293609534909,NA,NA,NA
Prosantosaurus__Temperate_S,0.04306954162368853,-0.0029889996767252357,0.0388643794632925,NA,NA,NA
Prosantosaurus__Antarctic,0.007354914778816149,0.0012031861031800675,0.004800339297611838,NA,NA,NA
Prosantosaurus__mean_z_trans,0.014289325663436572,-0.009055057540144958,0.01937420309206996,NA,NA,NA
Prosantosaurus__Mod_R_deltaTMyr_z_trans,0.0649539818315552,0.0008627877604316733,0.04862760302771558,NA,NA,NA
Prosantosaurus__time,-0.030855193828559505,-0.03220174617455534,0.003247770635275763,NA,NA,NA
Prosaurosphargis__lat_range_z_trans,0.04654502888073955,0.008633880482638434,0.02463094067821193,1.261164240151411,0.4523436911404133,2.17443535476923
Prosaurosphargis__Temperate_N,0.04763803248989444,0.0007997768061598057,0.030921043795958426,NA,NA,NA
Prosaurosphargis__Tropical,-0.06537532114485542,-0.048343711300486834,0.009955624485777565,NA,NA,NA
Prosaurosphargis__Temperate_S,0.03450626347479986,0.0004788827214155898,0.027634145858825516,NA,NA,NA
Prosaurosphargis__Antarctic,0.007105730526471241,0.0008266896819518963,0.003927709629867844,NA,NA,NA
Prosaurosphargis__mean_z_trans,0.008294933923006583,-0.028280011272775234,0.036423916859649304,NA,NA,NA
Prosaurosphargis__Mod_R_deltaTMyr_z_trans,0.09703018307929909,0.009191667517469465,0.06687165245817585,NA,NA,NA
Prosaurosphargis__time,-0.0356830941118455,-0.033320678664693425,0.006823483088773432,NA,NA,NA
Protanystropheus__lat_range_z_trans,-0.3395957235991955,-0.03286508224811992,-0.033689701515248895,0.08716430177970323,0.03956619277596474,0.1511154416948557
Protanystropheus__Temperate_N,-0.02050699496991001,-0.009248102309993069,0.024067889882820954,NA,NA,NA
Protanystropheus__Tropical,-0.04100633109454065,-0.01532775370168547,0.028798276855023328,NA,NA,NA
Protanystropheus__Temperate_S,0.13632101579511072,-0.0037011089600038198,0.05504605935164676,NA,NA,NA
Protanystropheus__Antarctic,0.05262190474197268,0.0021398727940142278,0.01267616039841077,NA,NA,NA
Protanystropheus__mean_z_trans,0.04067888074903749,-0.014071765537870734,0.04528046784354252,NA,NA,NA
Protanystropheus__Mod_R_deltaTMyr_z_trans,0.1523560717771761,-0.0013867033781541226,0.06296836220590421,NA,NA,NA
Protanystropheus__time,-0.08855369614553638,-0.01555286068650741,0.012041001833140198,NA,NA,NA
Protecovasaurus__lat_range_z_trans,0.17030995115292538,0.006959606959760327,0.03154978728782384,0.4458834047452547,0.13500574231147766,1.2337803095579147
Protecovasaurus__Temperate_N,0.11197136847673644,-0.005256099318869529,0.04627097258809753,NA,NA,NA
Protecovasaurus__Tropical,-0.1150914556958056,-0.03494078143424134,0.024579280535985685,NA,NA,NA
Protecovasaurus__Temperate_S,0.10567625384325192,-0.006375314499506238,0.034145562324187965,NA,NA,NA
Protecovasaurus__Antarctic,0.03753162376830667,0.0011790866044384199,0.006838020525816192,NA,NA,NA
Protecovasaurus__mean_z_trans,-0.037148135271248967,-0.015720625448060334,0.017359231803517464,NA,NA,NA
Protecovasaurus__Mod_R_deltaTMyr_z_trans,-0.25738900727059294,-0.028838496130525717,-0.007514992281197213,NA,NA,NA
Protecovasaurus__time,0.12420115811393696,-0.0070208807613159055,0.05396065407100839,NA,NA,NA
Protenodontosaurus__lat_range_z_trans,0.240258312869753,0.009521666219080951,0.037152277134980614,0.36132256969052834,0.17165971919894218,0.5350561924278736
Protenodontosaurus__Temperate_N,-0.27006997820033396,-0.046442868266274404,0.020317354643823587,NA,NA,NA
Protenodontosaurus__Tropical,0.16576151128623462,-0.005890167003793286,0.0529621699749409,NA,NA,NA
Protenodontosaurus__Temperate_S,0.18260529926497052,-0.004668846415198563,0.053640026362376816,NA,NA,NA
Protenodontosaurus__Antarctic,0.05219709760543693,0.0016596158295892748,0.008066089849324555,NA,NA,NA
Protenodontosaurus__mean_z_trans,-0.054698518713641266,-0.013265552412201898,0.013865350651599646,NA,NA,NA
Protenodontosaurus__Mod_R_deltaTMyr_z_trans,-0.037476886662804035,-0.015442647294126371,0.019401662958312818,NA,NA,NA
Protenodontosaurus__time,-0.1385150803321059,-0.015484704685396014,0.0017835852798809436,NA,NA,NA
Proteosaurus__lat_range_z_trans,-0.1562796096469979,-0.019183062149195858,-0.007866807209195243,0.5388324064743938,0.16310935840010643,0.974946603178978
Proteosaurus__Temperate_N,-0.10319001204369092,-0.025192591934672104,0.02536596432522463,NA,NA,NA
Proteosaurus__Tropical,0.04753775258036571,-0.007945709157532552,0.03348987044124551,NA,NA,NA
Proteosaurus__Temperate_S,0.05718017984877846,-0.012443383758715792,0.02852321498865047,NA,NA,NA
Proteosaurus__Antarctic,0.02679544285858603,0.0010247452595337782,0.006628831520231397,NA,NA,NA
Proteosaurus__mean_z_trans,-0.015648818242119892,-0.011764548007464933,0.015050128661543228,NA,NA,NA
Proteosaurus__Mod_R_deltaTMyr_z_trans,-0.07276779072340299,-0.021125064686804706,0.012608462590737625,NA,NA,NA
Proteosaurus__time,0.35643461248599134,0.006616110406531847,0.09338885153680226,NA,NA,NA
Proterochampsa__lat_range_z_trans,0.09129635455501339,0.009052031293132812,0.030468830328554845,0.6601012544910191,0.3721710368990898,0.9344987943768501
Proterochampsa__Temperate_N,0.08071410289599239,-0.008580052341798042,0.046719508968253894,NA,NA,NA
Proterochampsa__Tropical,0.06695346769285343,-0.005565414607935759,0.053176662075737895,NA,NA,NA
Proterochampsa__Temperate_S,-0.08372556635945295,-0.053948375162933826,0.033114349127299464,NA,NA,NA
Proterochampsa__Antarctic,0.01698965357261711,0.0014239259864570785,0.006546211516384029,NA,NA,NA
Proterochampsa__mean_z_trans,-0.005748453104446184,-0.008440550592819385,0.01262963841585651,NA,NA,NA
Proterochampsa__Mod_R_deltaTMyr_z_trans,0.02225322393893636,-0.0074332934358239434,0.02365889568610816,NA,NA,NA
Proterochampsa__time,-0.048671026074003684,-0.01652177516659925,0.0008744207370450806,NA,NA,NA
Proterochersis__lat_range_z_trans,-0.5945678886771202,-0.042579698399120486,-0.03266606332701683,0.10722689881928091,0.006287779659032822,0.24018294177949429
Proterochersis__Temperate_N,-0.05461170838447288,-0.016536363546493488,0.027444389163523833,NA,NA,NA
Proterochersis__Tropical,0.09687646578473505,-0.006408925732067892,0.034274574197504716,NA,NA,NA
Proterochersis__Temperate_S,0.11920747637748719,-0.003807301137099363,0.04180034128452718,NA,NA,NA
Proterochersis__Antarctic,0.05405439473688602,0.0012393712435711383,0.008039845388204639,NA,NA,NA
Proterochersis__mean_z_trans,-0.01320119847652677,-0.00916971621550546,0.017817120640946097,NA,NA,NA
Proterochersis__Mod_R_deltaTMyr_z_trans,-0.10605128322727979,-0.01169167940178538,0.009329715324364751,NA,NA,NA
Proterochersis__time,0.4080807626800379,-0.0010591908398193883,0.10114859418318548,NA,NA,NA
Proterosuchus__lat_range_z_trans,-0.509493668153882,-0.047575303539279606,-0.025422538935339654,0.09547994810360251,0.0007683150470256805,0.2904163897037506
Proterosuchus__Temperate_N,-0.04725244747241959,-0.010374503452954922,0.020401277959889705,NA,NA,NA
Proterosuchus__Tropical,0.14044175569084472,-0.0008111054143900829,0.03726553208200234,NA,NA,NA
Proterosuchus__Temperate_S,-0.048656634606886656,-0.014757348619165655,0.0306258210362176,NA,NA,NA
Proterosuchus__Antarctic,0.052469782121479513,0.001598960976102552,0.009337853005839673,NA,NA,NA
Proterosuchus__mean_z_trans,0.1301974954782054,-0.005376047059774796,0.05866855694417254,NA,NA,NA
Proterosuchus__Mod_R_deltaTMyr_z_trans,0.26939270591828973,-0.0009070274455030355,0.07294347033943209,NA,NA,NA
Proterosuchus__time,-0.08453463748010108,-0.01181112947335477,0.003368544423025594,NA,NA,NA
Protoavis__lat_range_z_trans,0.0870601693581891,0.006772699115141303,0.024477099908074753,0.7028564165136777,0.15778124332427979,2.3556796610355377
Protoavis__Temperate_N,0.0576971081914361,-0.007253502864790939,0.026035858186816925,NA,NA,NA
Protoavis__Tropical,-0.047530714059571294,-0.02793882577708811,0.03300757409959523,NA,NA,NA
Protoavis__Temperate_S,0.051831088229691555,-0.006503470123126004,0.024645771174233177,NA,NA,NA
Protoavis__Antarctic,0.017378522780486214,0.001202788427949279,0.004715968515929119,NA,NA,NA
Protoavis__mean_z_trans,-0.01385640973980859,-0.016036639122075157,0.016141481473591374,NA,NA,NA
Protoavis__Mod_R_deltaTMyr_z_trans,-0.12052956708475553,-0.03172703186343725,-0.0059617031082580116,NA,NA,NA
Protoavis__time,0.10801155944184226,-0.008529521820893443,0.08412646660525729,NA,NA,NA
Protocaptorhinus__lat_range_z_trans,-0.22785996466875078,-0.014144294421867827,-0.010165670287552437,0.0874507311481284,0.015518438071012497,0.1743043027818203
Protocaptorhinus__Temperate_N,0.16903948932129423,-0.003022266518635874,0.03914821653629127,NA,NA,NA
Protocaptorhinus__Tropical,-0.177884586926084,-0.028091438558634628,0.0277117248697891,NA,NA,NA
Protocaptorhinus__Temperate_S,0.16784774170257152,-0.00023551772107244695,0.037581029928115024,NA,NA,NA
Protocaptorhinus__Antarctic,0.06120953194797039,0.0010178784510511234,0.008385626328411094,NA,NA,NA
Protocaptorhinus__mean_z_trans,0.2027089273184538,-0.005902878211918902,0.08258857626085904,NA,NA,NA
Protocaptorhinus__Mod_R_deltaTMyr_z_trans,-0.03716439646319486,-0.007872629541019348,0.013811834007558336,NA,NA,NA
Protocaptorhinus__time,-0.2748185744090006,-0.03176235750622241,0.008127179211768459,NA,NA,NA
Protoichthyosaurus__lat_range_z_trans,0.038841154226784504,0.010200368541915644,0.026176172363934134,1.5910630645614583,0.9984516687691212,2.2921414375305176
Protoichthyosaurus__Temperate_N,-0.019298473823853725,-0.031125125573532218,0.022251737870423834,NA,NA,NA
Protoichthyosaurus__Tropical,0.01828077837012913,-0.015556928982473463,0.026256712393214643,NA,NA,NA
Protoichthyosaurus__Temperate_S,0.017502496850406318,-0.013292108721473144,0.024467973410247618,NA,NA,NA
Protoichthyosaurus__Antarctic,0.005378152643551295,0.0006993754527665911,0.003903305214537218,NA,NA,NA
Protoichthyosaurus__mean_z_trans,-0.0012503734400442106,-0.01496211585166638,0.014665896002218064,NA,NA,NA
Protoichthyosaurus__Mod_R_deltaTMyr_z_trans,-0.027629862934573996,-0.03401690555971739,0.013763568312119619,NA,NA,NA
Protoichthyosaurus__time,0.10823788522511053,0.008039936665860043,0.07570315128854473,NA,NA,NA
Protome__lat_range_z_trans,0.26948580965399743,0.007633049981836258,0.03169402488010191,0.26673559408256553,0.07789452373981476,0.4521919433027506
Protome__Temperate_N,0.1904232728877105,-0.005256339652888352,0.048599107521282846,NA,NA,NA
Protome__Tropical,-0.21092478370293974,-0.03219984439557424,0.03803891237607085,NA,NA,NA
Protome__Temperate_S,0.18511220144573598,-0.004599676230918475,0.039732866809664376,NA,NA,NA
Protome__Antarctic,0.06374168767943048,0.0015475291701033498,0.007621468884884356,NA,NA,NA
Protome__mean_z_trans,-0.06703522220021113,-0.016231642732976097,0.019843777460606383,NA,NA,NA
Protome__Mod_R_deltaTMyr_z_trans,-0.43045825241133573,-0.031058595080555657,-0.011002810302443183,NA,NA,NA
Protome__time,0.05817520891519962,-0.009847985087347109,0.03266116922507233,NA,NA,NA
Protorosaurus__lat_range_z_trans,-0.33244443498668264,-0.02251886815092216,-0.005045934286035739,0.19082106300920715,0.06118503212928772,0.3625566642731428
Protorosaurus__Temperate_N,-0.2346305455127731,-0.03179592492383373,0.028927992798125246,NA,NA,NA
Protorosaurus__Tropical,0.16847857282846235,-0.002553095267169152,0.040624024422372784,NA,NA,NA
Protorosaurus__Temperate_S,0.19297703786578496,-0.0022346021671100385,0.036458742919392766,NA,NA,NA
Protorosaurus__Antarctic,0.058551887972280385,0.0010912206612673048,0.007165832265019998,NA,NA,NA
Protorosaurus__mean_z_trans,0.2235077891126275,-0.002602076744422925,0.046164915834791154,NA,NA,NA
Protorosaurus__Mod_R_deltaTMyr_z_trans,0.06717463828157634,-0.010109911277578206,0.046535000523480675,NA,NA,NA
Protorosaurus__time,-0.1563914445298724,-0.01929024615855141,0.006357942378092996,NA,NA,NA
Protorothyris__lat_range_z_trans,-0.08830387051217257,-0.00643479873052752,0.00056211035991801,0.09096278076263843,0.023315461352467537,0.19269085302948952
Protorothyris__Temperate_N,0.17891581690870226,-0.002049354228997789,0.03845720997164826,NA,NA,NA
Protorothyris__Tropical,-0.2080273213449982,-0.026700946563872677,0.030828908213790994,NA,NA,NA
Protorothyris__Temperate_S,0.17103166943532414,-0.0013704409856934458,0.03662280377452625,NA,NA,NA
Protorothyris__Antarctic,0.06174602931365371,0.0012383943046555095,0.00810611798061729,NA,NA,NA
Protorothyris__mean_z_trans,0.1642111956689041,-0.011333255504739835,0.06546154680090044,NA,NA,NA
Protorothyris__Mod_R_deltaTMyr_z_trans,-0.0587112601660192,-0.008849175377684454,0.014822872712031032,NA,NA,NA
Protorothyris__time,-0.3348225024947897,-0.0345139269414601,0.012326947041807599,NA,NA,NA
Protosuchus__lat_range_z_trans,-0.7347015392780304,-0.06255342738815639,-0.026690411611232236,0.22440519945317647,0.05415902752429247,0.38427883200347424
Protosuchus__Temperate_N,-0.005320064564002678,-0.007173586439350571,0.02325573786865262,NA,NA,NA
Protosuchus__Tropical,0.016464818199165166,-0.009474860530223794,0.03270662974011669,NA,NA,NA
Protosuchus__Temperate_S,0.08781934467260726,-0.005984592131058384,0.032376912787499684,NA,NA,NA
Protosuchus__Antarctic,0.05678397608920932,0.0012508635559594064,0.007497170304037399,NA,NA,NA
Protosuchus__mean_z_trans,0.03378555984789273,-0.0037168445444729415,0.02199230024089473,NA,NA,NA
Protosuchus__Mod_R_deltaTMyr_z_trans,-0.06616397333098575,-0.011173964936510065,0.010195401112197158,NA,NA,NA
Protosuchus__time,0.637668843716383,0.00881290838549243,0.10585477641307381,NA,NA,NA
Provelosaurus__lat_range_z_trans,-0.20512028213590383,-0.012142465451051075,-0.0047462951044005336,0.12619096971058752,0.02065998176112771,0.25059184059500694
Provelosaurus__Temperate_N,0.17595840878377203,-0.0016111647859763177,0.043622146981214076,NA,NA,NA
Provelosaurus__Tropical,0.14067671675002202,-0.0044901445434320795,0.03715131480630039,NA,NA,NA
Provelosaurus__Temperate_S,-0.1390074771590298,-0.023002927161438955,0.035709509033976544,NA,NA,NA
Provelosaurus__Antarctic,0.052625312693417074,0.00104111716964987,0.007777889043573716,NA,NA,NA
Provelosaurus__mean_z_trans,0.07536737711983733,-0.015495971265485341,0.047753488092639435,NA,NA,NA
Provelosaurus__Mod_R_deltaTMyr_z_trans,0.04947554550890345,-0.010190546612766868,0.031128448142122577,NA,NA,NA
Provelosaurus__time,-0.2199684205336962,-0.02412140137781955,0.008792015859813661,NA,NA,NA
Psephochelys__lat_range_z_trans,0.24015187016489792,0.009475879002159177,0.036868541074265286,0.36163151400338395,0.17165971919894218,0.5350561924278736
Psephochelys__Temperate_N,-0.26864599601193695,-0.04621953658935467,0.020162188753187853,NA,NA,NA
Psephochelys__Tropical,0.16388934020013077,-0.005861842722296449,0.05255769200926927,NA,NA,NA
Psephochelys__Temperate_S,0.18292013906177504,-0.004646395146831399,0.05323037153229919,NA,NA,NA
Psephochelys__Antarctic,0.0521150414239234,0.00165163516861589,0.00800448822660549,NA,NA,NA
Psephochelys__mean_z_trans,-0.0521828278973345,-0.013201761820102851,0.013759459430988096,NA,NA,NA
Psephochelys__Mod_R_deltaTMyr_z_trans,-0.04398031168212302,-0.015368387618851714,0.020835811987328094,NA,NA,NA
Psephochelys__time,-0.1342054981418228,-0.015843094301658298,0.0017699638412965832,NA,NA,NA
Psephoderma__lat_range_z_trans,-0.7991767093539238,-0.0667487103452098,-0.04089762267727227,0.14855108544186804,0.06791043492557947,0.2761937100440264
Psephoderma__Temperate_N,-0.01624956166720949,-0.006930523985633958,0.023328915528911056,NA,NA,NA
Psephoderma__Tropical,-0.0013975619798293336,-0.009069179429470818,0.038685250554115855,NA,NA,NA
Psephoderma__Temperate_S,0.1094255285827967,-0.00445527242816519,0.028734085201168713,NA,NA,NA
Psephoderma__Antarctic,0.056445464361459016,0.0011121138348777523,0.00882428304501696,NA,NA,NA
Psephoderma__mean_z_trans,0.04229522063047625,-0.003392702685434643,0.021827320242241974,NA,NA,NA
Psephoderma__Mod_R_deltaTMyr_z_trans,-0.04687129913480021,-0.007978767604674914,0.012665858381866575,NA,NA,NA
Psephoderma__time,0.6069409693777561,0.007449538615391257,0.11402042657919101,NA,NA,NA
Psephosauriscus__lat_range_z_trans,-0.4943802741169929,-0.029053548908461315,-0.01789586336058303,0.10361228012814536,0.0055931443348526955,0.22588277980685234
Psephosauriscus__Temperate_N,0.2131233380403137,-0.0006378548496672044,0.05051050959944499,NA,NA,NA
Psephosauriscus__Tropical,-0.2565028973732842,-0.03856851322847161,0.025874700762792274,NA,NA,NA
Psephosauriscus__Temperate_S,0.20430871056625619,-0.0019618122127039715,0.048475581137385954,NA,NA,NA
Psephosauriscus__Antarctic,0.0609860522672534,0.0013929870317676068,0.008677748073854137,NA,NA,NA
Psephosauriscus__mean_z_trans,0.047702630115672946,-0.004230860020347137,0.03474525340862866,NA,NA,NA
Psephosauriscus__Mod_R_deltaTMyr_z_trans,0.21564840586623177,-0.003390090836096639,0.051674272291240164,NA,NA,NA
Psephosauriscus__time,-0.09317569134189398,-0.013563811004340056,0.0051263149424767285,NA,NA,NA
Psephosaurus__lat_range_z_trans,-0.4855862544476986,-0.0490221698057052,-0.02599426249477294,0.058861804892949295,0.0027602463960647583,0.17511137574911118
Psephosaurus__Temperate_N,-0.01774465068941936,-0.008018502205107587,0.0140110065222798,NA,NA,NA
Psephosaurus__Tropical,-0.022834535398578736,-0.009728328639556316,0.0315963658713851,NA,NA,NA
Psephosaurus__Temperate_S,0.13180454228073357,-0.002293631548880919,0.03836073221371167,NA,NA,NA
Psephosaurus__Antarctic,0.05457026246935129,0.0016942273079691888,0.008139769422656361,NA,NA,NA
Psephosaurus__mean_z_trans,0.03616648508876096,-0.005805295686896556,0.020321353214383997,NA,NA,NA
Psephosaurus__Mod_R_deltaTMyr_z_trans,0.09147884472098668,-0.00612204461624498,0.03906206381681553,NA,NA,NA
Psephosaurus__time,0.07555251697194762,-0.010717758833897948,0.08169148828878035,NA,NA,NA
Pseudhesperosuchus__lat_range_z_trans,0.26102310836315157,0.005006984226606112,0.03223844310540772,0.16341744882520287,0.041946202516555786,0.2676577493548393
Pseudhesperosuchus__Temperate_N,0.17620397992199288,-0.009272686860911447,0.04510931452394465,NA,NA,NA
Pseudhesperosuchus__Tropical,0.15110071648610757,-0.006219514635820358,0.043616731518039,NA,NA,NA
Pseudhesperosuchus__Temperate_S,-0.25469424605369567,-0.030723850807365175,0.04141802149774414,NA,NA,NA
Pseudhesperosuchus__Antarctic,0.0641075141634792,0.0010424981504293567,0.00759194887614548,NA,NA,NA
Pseudhesperosuchus__mean_z_trans,-0.10627570417709649,-0.0165701904062203,0.012600394824796666,NA,NA,NA
Pseudhesperosuchus__Mod_R_deltaTMyr_z_trans,-0.4114268936309963,-0.02437230602036866,-0.012102911786259643,NA,NA,NA
Pseudhesperosuchus__time,0.0738543739914894,-0.008904437674669837,0.03671657429542184,NA,NA,NA
Pseudochampsa__lat_range_z_trans,0.09129635455501339,0.009052031293132812,0.030468830328554845,0.6601012544910191,0.3721710368990898,0.9344987943768501
Pseudochampsa__Temperate_N,0.08071410289599239,-0.008580052341798042,0.046719508968253894,NA,NA,NA
Pseudochampsa__Tropical,0.06695346769285343,-0.005565414607935759,0.053176662075737895,NA,NA,NA
Pseudochampsa__Temperate_S,-0.08372556635945295,-0.053948375162933826,0.033114349127299464,NA,NA,NA
Pseudochampsa__Antarctic,0.01698965357261711,0.0014239259864570785,0.006546211516384029,NA,NA,NA
Pseudochampsa__mean_z_trans,-0.005748453104446184,-0.008440550592819385,0.01262963841585651,NA,NA,NA
Pseudochampsa__Mod_R_deltaTMyr_z_trans,0.02225322393893636,-0.0074332934358239434,0.02365889568610816,NA,NA,NA
Pseudochampsa__time,-0.048671026074003684,-0.01652177516659925,0.0008744207370450806,NA,NA,NA
Pterodactylus__lat_range_z_trans,0.038841154226784504,0.010200368541915644,0.026176172363934134,1.5910630645614583,0.9984516687691212,2.2921414375305176
Pterodactylus__Temperate_N,-0.019298473823853725,-0.031125125573532218,0.022251737870423834,NA,NA,NA
Pterodactylus__Tropical,0.01828077837012913,-0.015556928982473463,0.026256712393214643,NA,NA,NA
Pterodactylus__Temperate_S,0.017502496850406318,-0.013292108721473144,0.024467973410247618,NA,NA,NA
Pterodactylus__Antarctic,0.005378152643551295,0.0006993754527665911,0.003903305214537218,NA,NA,NA
Pterodactylus__mean_z_trans,-0.0012503734400442106,-0.01496211585166638,0.014665896002218064,NA,NA,NA
Pterodactylus__Mod_R_deltaTMyr_z_trans,-0.027629862934573996,-0.03401690555971739,0.013763568312119619,NA,NA,NA
Pterodactylus__time,0.10823788522511053,0.008039936665860043,0.07570315128854473,NA,NA,NA
Puercosuchus__lat_range_z_trans,0.27796142861247064,0.006413218029341872,0.035719146884669484,0.32068707469268704,0.10743118077516556,0.4940805099904537
Puercosuchus__Temperate_N,0.19049524150788785,-0.007151475340964987,0.044635606124610316,NA,NA,NA
Puercosuchus__Tropical,-0.1978189804428257,-0.03246128690108555,0.02906157870421559,NA,NA,NA
Puercosuchus__Temperate_S,0.17688652809592895,-0.0036712508399188307,0.046504093359120674,NA,NA,NA
Puercosuchus__Antarctic,0.0642900941404514,0.0013531053294404604,0.008085007671445241,NA,NA,NA
Puercosuchus__mean_z_trans,-0.06792135742492973,-0.01581106830331146,0.017087720921147933,NA,NA,NA
Puercosuchus__Mod_R_deltaTMyr_z_trans,-0.4502306727692485,-0.02793482675124694,-0.0105150829931703,NA,NA,NA
Puercosuchus__time,0.11816274596378207,-0.010749919250574884,0.036610446183200925,NA,NA,NA
Pumiliopareia__lat_range_z_trans,0.06265682008617257,0.010601555874893287,0.028594979358064706,0.8893820833142673,0.41489554941654205,1.4990822516847402
Pumiliopareia__Temperate_N,0.05310330742651656,-0.006575772960662696,0.03708406455389137,NA,NA,NA
Pumiliopareia__Tropical,0.045448267637168804,-0.0017084726192178087,0.036144813538502706,NA,NA,NA
Pumiliopareia__Temperate_S,-0.0543656891567537,-0.04880787323003971,0.028028673714600116,NA,NA,NA
Pumiliopareia__Antarctic,0.010883838483798449,0.0012719374673054358,0.005308953143203414,NA,NA,NA
Pumiliopareia__mean_z_trans,0.07360051917158297,0.0005052515672852807,0.04930461412470203,NA,NA,NA
Pumiliopareia__Mod_R_deltaTMyr_z_trans,0.013658137703371572,-0.009975028028331927,0.020924846943338217,NA,NA,NA
Pumiliopareia__time,-0.06492344423434739,-0.035325102099552176,0.0017975714789373277,NA,NA,NA
Qianichthyosaurus__lat_range_z_trans,-0.3625631447136402,-0.04508908266187433,-0.03377754119665504,0.08988838791119633,0.009489589370787144,0.15046957368031144
Qianichthyosaurus__Temperate_N,0.029779461374273522,-0.007955204098191955,0.03727853166628079,NA,NA,NA
Qianichthyosaurus__Tropical,0.021746982319455127,-0.01200706453128626,0.0433123828943334,NA,NA,NA
Qianichthyosaurus__Temperate_S,0.12227909234119579,-0.00229620914536439,0.060243213513593394,NA,NA,NA
Qianichthyosaurus__Antarctic,0.05682684801518917,0.0026884176304228426,0.013987784216521137,NA,NA,NA
Qianichthyosaurus__mean_z_trans,0.035227608107961716,-0.0036773928190697402,0.03404398738450744,NA,NA,NA
Qianichthyosaurus__Mod_R_deltaTMyr_z_trans,-0.01486102641443722,-0.011142022824969082,0.024547302112169652,NA,NA,NA
Qianichthyosaurus__time,0.003038456600625068,-0.010534945577987407,0.027552856264489094,NA,NA,NA
Qianosuchus__lat_range_z_trans,0.08171369703279298,0.00934513502212775,0.028141665840001055,0.7380637100721651,0.5062590576708317,1.0388508588075638
Qianosuchus__Temperate_N,0.08121288428197573,-0.0015585649497090511,0.04024137424535374,NA,NA,NA
Qianosuchus__Tropical,-0.10342415374307147,-0.04613489042582296,0.025624612641819748,NA,NA,NA
Qianosuchus__Temperate_S,0.07182333938782148,-0.0023562281348544598,0.04110545738535743,NA,NA,NA
Qianosuchus__Antarctic,0.015409922164774907,0.001311541718721843,0.005655463668858121,NA,NA,NA
Qianosuchus__mean_z_trans,-0.012931274081942895,-0.019313738515493204,0.02107709209337512,NA,NA,NA
Qianosuchus__Mod_R_deltaTMyr_z_trans,0.07720867941090688,-0.0025965768956145363,0.036051116398629006,NA,NA,NA
Qianosuchus__time,-0.07095133733574781,-0.0287101818476757,0.009291734581845668,NA,NA,NA
Qianxisaurus__lat_range_z_trans,0.041045482473298506,0.01281591488377136,0.025288601744640427,1.438384728623787,0.3041321411728859,2.279131389223039
Qianxisaurus__Temperate_N,0.041503801566835516,-0.001547418941149242,0.037286326837942675,NA,NA,NA
Qianxisaurus__Tropical,-0.03249429295828548,-0.05729872875320667,0.020477770611077986,NA,NA,NA
Qianxisaurus__Temperate_S,0.0342237995100005,0.000942600829483524,0.03938370235830278,NA,NA,NA
Qianxisaurus__Antarctic,0.005560829174938493,0.001420999597698273,0.004255199810537198,NA,NA,NA
Qianxisaurus__mean_z_trans,0.009603404920996936,-0.012114109064092415,0.02746621125318089,NA,NA,NA
Qianxisaurus__Mod_R_deltaTMyr_z_trans,0.058210070242911895,-0.007280141355774879,0.048522840688781634,NA,NA,NA
Qianxisaurus__time,-0.017591337813186517,-0.026952621225050263,0.00450786355077626,NA,NA,NA
Quasianosteosaurus__lat_range_z_trans,0.03230093980310896,0.016804318900785854,0.022083523420200656,1.8563243212498493,0.9337405487895012,2.8588281087577343
Quasianosteosaurus__Temperate_N,-0.02912158101001411,-0.054839733157190707,0.012754932177097457,NA,NA,NA
Quasianosteosaurus__Tropical,0.03297593918134601,0.004614098522315047,0.032858570683311064,NA,NA,NA
Quasianosteosaurus__Temperate_S,0.0261664555506634,-0.0014008542542067667,0.025532075127239102,NA,NA,NA
Quasianosteosaurus__Antarctic,0.003427677020763942,0.0010848704959739613,0.0028318239422918117,NA,NA,NA
Quasianosteosaurus__mean_z_trans,0.03235891358177399,-0.02408042162106017,0.0465315114348802,NA,NA,NA
Quasianosteosaurus__Mod_R_deltaTMyr_z_trans,0.06271191695321131,0.015990791644022794,0.055778168985507456,NA,NA,NA
Quasianosteosaurus__time,-0.02075850396334365,-0.04818657455896032,0.00881791108471213,NA,NA,NA
Raibliania__lat_range_z_trans,0.23779902296410685,0.009051853784258625,0.036843669799157465,0.3625094103842275,0.17165971919894218,0.5828943178057671
Raibliania__Temperate_N,-0.2616818007381632,-0.04415131167121273,0.020148587473380056,NA,NA,NA
Raibliania__Tropical,0.16603678181577994,-0.0055995378599133245,0.052522236936220365,NA,NA,NA
Raibliania__Temperate_S,0.1810211679075218,-0.004438478950968374,0.05319446267407221,NA,NA,NA
Raibliania__Antarctic,0.05160284065864235,0.0015495164887705313,0.007890144430516877,NA,NA,NA
Raibliania__mean_z_trans,-0.06340032020873401,-0.014928301626889883,0.015528940592168406,NA,NA,NA
Raibliania__Mod_R_deltaTMyr_z_trans,-0.04239999652063577,-0.01468068530570706,0.020821756285720923,NA,NA,NA
Raibliania__time,-0.1289159387610081,-0.016816558886658096,0.0002387186640035593,NA,NA,NA
Rauisuchus__lat_range_z_trans,0.09230531391024104,0.008655377715780788,0.030190610154896557,0.6548320839478401,0.3721710368990898,0.9543818663805723
Rauisuchus__Temperate_N,0.08183166054322344,-0.008545698230207179,0.04629289889631438,NA,NA,NA
Rauisuchus__Tropical,0.06762670665162002,-0.005543130958970235,0.05269108977126336,NA,NA,NA
Rauisuchus__Temperate_S,-0.08506090932959574,-0.05373236849692964,0.03281197191539369,NA,NA,NA
Rauisuchus__Antarctic,0.017229099697404073,0.0014182246561752604,0.006486436064381024,NA,NA,NA
Rauisuchus__mean_z_trans,-0.005898806753654934,-0.008406755039435467,0.01251431333919914,NA,NA,NA
Rauisuchus__Mod_R_deltaTMyr_z_trans,0.02155127430164535,-0.007403530891027111,0.02533476057893476,NA,NA,NA
Rauisuchus__time,-0.04952258190337338,-0.016455622783706728,0.0008664361348569522,NA,NA,NA
Rautiania__lat_range_z_trans,0.06720570193155911,0.00754089295706932,0.02868145316088041,0.8186358629085589,0.1607289146631956,1.6285438362974674
Rautiania__Temperate_N,-0.052542334158131344,-0.03130932793795291,0.02376626310837247,NA,NA,NA
Rautiania__Tropical,0.04749495623077292,-0.009329581667631022,0.03524500243152178,NA,NA,NA
Rautiania__Temperate_S,0.051217943079848685,-0.001564248949391233,0.034812559586878795,NA,NA,NA
Rautiania__Antarctic,0.011804278291590545,0.0008769080161041048,0.00544123732661863,NA,NA,NA
Rautiania__mean_z_trans,0.06441046652316647,-0.012297161857947532,0.05333944766584961,NA,NA,NA
Rautiania__Mod_R_deltaTMyr_z_trans,0.007343139121595103,-0.01567683411855938,0.020430701258503523,NA,NA,NA
Rautiania__time,-0.05687239390289164,-0.028254150470011664,0.0054718523166146695,NA,NA,NA
Redondasuchus__lat_range_z_trans,0.10411941162131215,0.005673822146576197,0.025287355668360535,0.6173342959210276,0.19312269985675812,1.9156924299895763
Redondasuchus__Temperate_N,0.06741246894446608,-0.004941100308180799,0.03474608150182731,NA,NA,NA
Redondasuchus__Tropical,-0.06383562789643593,-0.035828459188075604,0.019857900387742416,NA,NA,NA
Redondasuchus__Temperate_S,0.060430389332301,-0.004905482790107324,0.0316104681587772,NA,NA,NA
Redondasuchus__Antarctic,0.02145043656803859,0.0012198262907789294,0.0056057870193779585,NA,NA,NA
Redondasuchus__mean_z_trans,-0.021287589633261193,-0.014133882309275406,0.01996040147300201,NA,NA,NA
Redondasuchus__Mod_R_deltaTMyr_z_trans,-0.1455733239929098,-0.029237889237593514,-0.006983835622325468,NA,NA,NA
Redondasuchus__time,0.11734559217399897,-0.0078603386324428,0.0771043582684779,NA,NA,NA
Redondavenator__lat_range_z_trans,0.2777720230817795,0.0060338440780880655,0.032638963023251394,0.3422202604811173,0.10743118077516556,0.4913609176874161
Redondavenator__Temperate_N,0.1870203464035876,-0.007108577847334453,0.042904723224042575,NA,NA,NA
Redondavenator__Tropical,-0.18646105930907653,-0.03226657073670172,0.031227665578733247,NA,NA,NA
Redondavenator__Temperate_S,0.17725822586449794,-0.0036492291657868664,0.046301381450007374,NA,NA,NA
Redondavenator__Antarctic,0.06341318010119722,0.0013438334585190823,0.007931470611347177,NA,NA,NA
Redondavenator__mean_z_trans,-0.052397924459073694,-0.01570819527506781,0.01578279796239546,NA,NA,NA
Redondavenator__Mod_R_deltaTMyr_z_trans,-0.4415835583396256,-0.028186739102330292,-0.008846700853959794,NA,NA,NA
Redondavenator__time,0.10931422599591314,-0.010471869437706319,0.03924821585942244,NA,NA,NA
Retymaijychampsa__lat_range_z_trans,0.1287631589002945,0.007943062261245198,0.03169555027838752,0.5414256812608801,0.2923736721277237,0.7838702527806163
Retymaijychampsa__Temperate_N,0.10994276343831366,-0.004825742601597027,0.04598998143534115,NA,NA,NA
Retymaijychampsa__Tropical,0.08338922158013867,-0.012766085982876225,0.04024562270506462,NA,NA,NA
Retymaijychampsa__Temperate_S,-0.2239913492761131,-0.049308047346356375,0.020712038039651583,NA,NA,NA
Retymaijychampsa__Antarctic,0.026255240556708505,0.0013513203970047293,0.007025100143100981,NA,NA,NA
Retymaijychampsa__mean_z_trans,-0.009868627667326496,-0.010801624552687327,0.014492453218037583,NA,NA,NA
Retymaijychampsa__Mod_R_deltaTMyr_z_trans,0.1424373285766516,0.0012752549753690288,0.04681763847812724,NA,NA,NA
Retymaijychampsa__time,-0.11686597899115747,-0.022881641178422313,0.00021013255752919103,NA,NA,NA
Revueltosaurus__lat_range_z_trans,-0.8245578601956367,-0.0492116123631978,-0.027755064288590602,0.21353684091765898,0.011808330658823252,0.34473080933094025
Revueltosaurus__Temperate_N,0.12047703428426758,-0.003192685383505154,0.035046411511042076,NA,NA,NA
Revueltosaurus__Tropical,-0.007859714732039719,-0.017513020187578537,0.02367752685655647,NA,NA,NA
Revueltosaurus__Temperate_S,0.10577694112900644,-0.0045194111357281476,0.03290460094793276,NA,NA,NA
Revueltosaurus__Antarctic,0.056994164399802684,0.0011700110756820098,0.007402033843729917,NA,NA,NA
Revueltosaurus__mean_z_trans,0.02536216381646227,-0.005863282854466142,0.022799763174247603,NA,NA,NA
Revueltosaurus__Mod_R_deltaTMyr_z_trans,-0.09178806440788322,-0.013367219067109295,0.005040026131165052,NA,NA,NA
Revueltosaurus__time,0.6295937575632706,0.0024837158875827573,0.10807321867915659,NA,NA,NA
Rhaeticosaurus__lat_range_z_trans,0.039804938195300496,0.008558644648752582,0.026583919616055,1.5418643568747212,0.44742822647094727,2.2921414375305176
Rhaeticosaurus__Temperate_N,-0.019815082718047824,-0.028907044303213347,0.02285341626607094,NA,NA,NA
Rhaeticosaurus__Tropical,0.018819870430603763,-0.01444828983118122,0.026923161268782258,NA,NA,NA
Rhaeticosaurus__Temperate_S,0.018079684156320847,-0.01234486828935058,0.0251295779587077,NA,NA,NA
Rhaeticosaurus__Antarctic,0.005589629452551832,0.0006495356026738575,0.00400884907959979,NA,NA,NA
Rhaeticosaurus__mean_z_trans,-0.001440452372292832,-0.013895865087263246,0.015062456164337832,NA,NA,NA
Rhaeticosaurus__Mod_R_deltaTMyr_z_trans,-0.028595383530104886,-0.03388542425072531,0.008877001248205393,NA,NA,NA
Rhaeticosaurus__time,0.10761855350317844,0.0042598074819869556,0.07775013525348096,NA,NA,NA
Rhipaeosaurus__lat_range_z_trans,-0.24494891645386815,-0.01503209364875325,-0.007963983205057534,0.10988509974296903,0.012452006340026855,0.25509898737072945
Rhipaeosaurus__Temperate_N,-0.14782891065377043,-0.02464897265913129,0.030072165518900434,NA,NA,NA
Rhipaeosaurus__Tropical,0.13441272514872252,-0.005222883146131022,0.03849282162091869,NA,NA,NA
Rhipaeosaurus__Temperate_S,0.1688897036097478,-0.0023363126720834736,0.0382832480173574,NA,NA,NA
Rhipaeosaurus__Antarctic,0.053754936587065455,0.0010402708479511924,0.008208684376498552,NA,NA,NA
Rhipaeosaurus__mean_z_trans,0.08307703617960215,-0.016467238033485765,0.050129383460041275,NA,NA,NA
Rhipaeosaurus__Mod_R_deltaTMyr_z_trans,0.04873156474437565,-0.008465554371064204,0.0434504702733458,NA,NA,NA
Rhipaeosaurus__time,-0.18340905016288161,-0.018880720345622503,0.0065157267932352565,NA,NA,NA
Rhomaleosaurus__lat_range_z_trans,-0.6043371945619583,-0.0292080357511634,-0.034806683525929714,0.2655009950400563,0.1215189418871887,0.4494200125336647
Rhomaleosaurus__Temperate_N,-0.16881552919279785,-0.020994587524871704,0.023547304014390126,NA,NA,NA
Rhomaleosaurus__Tropical,0.08809845214418602,-0.010326035975853198,0.03423827266974664,NA,NA,NA
Rhomaleosaurus__Temperate_S,0.11381333278492094,-0.012728404127342316,0.03191984869206177,NA,NA,NA
Rhomaleosaurus__Antarctic,0.06109998321160674,0.0007197152694222209,0.007788141552424365,NA,NA,NA
Rhomaleosaurus__mean_z_trans,-0.0305331937444862,-0.01112705397203482,0.01667853028210228,NA,NA,NA
Rhomaleosaurus__Mod_R_deltaTMyr_z_trans,-0.12867239815182985,-0.016567240693537467,0.009923185082811354,NA,NA,NA
Rhomaleosaurus__time,0.7290560098737479,0.010218138747060361,0.11789991808763303,NA,NA,NA
Rhombopholis__lat_range_z_trans,-0.09062503878492861,-0.011429358837246674,0.0001468482153706395,0.21061073383927578,0.0436067096889019,0.521891693584621
Rhombopholis__Temperate_N,-0.07407758641522377,-0.014730694133183151,0.023737934942260855,NA,NA,NA
Rhombopholis__Tropical,-0.07944671967532485,-0.01655361797102508,0.03254156706757078,NA,NA,NA
Rhombopholis__Temperate_S,0.16217046334408225,-0.0026549030616572883,0.053968663174663534,NA,NA,NA
Rhombopholis__Antarctic,0.052445885855704547,0.0016247736641953742,0.009035128853626073,NA,NA,NA
Rhombopholis__mean_z_trans,-0.012755851285764947,-0.021805386105905142,0.02313770122027181,NA,NA,NA
Rhombopholis__Mod_R_deltaTMyr_z_trans,0.183794178115495,-0.0019331200950209648,0.06194321948611989,NA,NA,NA
Rhombopholis__time,-0.12811090189265087,-0.022531197488477386,0.002677453895356279,NA,NA,NA
Rioarribasuchus__lat_range_z_trans,-0.6923363898694516,-0.04033814390265468,-0.01870052530716451,0.2865624495370139,0.005729117896407843,0.6129101365804672
Rioarribasuchus__Temperate_N,0.1201784411072731,-0.004514829625910542,0.03129899615195046,NA,NA,NA
Rioarribasuchus__Tropical,-0.03572198949099402,-0.0218047171038882,0.021120370745317505,NA,NA,NA
Rioarribasuchus__Temperate_S,0.10973285244777799,-0.0030003373661203385,0.03279995089410081,NA,NA,NA
Rioarribasuchus__Antarctic,0.05693954844027758,0.0008401560690931997,0.006278106866478995,NA,NA,NA
Rioarribasuchus__mean_z_trans,0.00754424468614161,-0.009396384494071416,0.017745224529443663,NA,NA,NA
Rioarribasuchus__Mod_R_deltaTMyr_z_trans,-0.08836955651757307,-0.010950278540057907,0.01703139969708491,NA,NA,NA
Rioarribasuchus__time,0.6079679375886917,-0.0008489690647104346,0.09961499327802803,NA,NA,NA
Riojasaurus__lat_range_z_trans,0.12177472791473837,0.005946580629780289,0.020824017354755735,0.5366876277059782,0.016416214406490326,2.6095271366648376
Riojasaurus__Temperate_N,0.08401756393972398,-0.006307161036607279,0.02528816939947101,NA,NA,NA
Riojasaurus__Tropical,0.06209225739038269,-0.006834165691061521,0.02293146151889523,NA,NA,NA
Riojasaurus__Temperate_S,-0.09235309282186334,-0.03016495042077031,0.0442859832672113,NA,NA,NA
Riojasaurus__Antarctic,0.02601467181648075,0.0010745102471965218,0.004269184692273653,NA,NA,NA
Riojasaurus__mean_z_trans,-0.0335193848446423,-0.016157692530016095,0.012299619209456084,NA,NA,NA
Riojasaurus__Mod_R_deltaTMyr_z_trans,-0.16128248152735747,-0.028088190752077656,0.002372778588819276,NA,NA,NA
Riojasaurus__time,0.13331749525004713,-0.009482434474764267,0.07491730282435759,NA,NA,NA
Riojasuchus__lat_range_z_trans,0.26561315298080446,0.0060621346736448355,0.029562198199734893,0.25266703475033864,0.016416214406490326,0.34462258219718933
Riojasuchus__Temperate_N,0.18142849133117125,-0.010035143807858702,0.04267395009046454,NA,NA,NA
Riojasuchus__Tropical,0.14677973976591602,-0.005469336944867527,0.03898220629795729,NA,NA,NA
Riojasuchus__Temperate_S,-0.2291329461801797,-0.028572775025883953,0.04659178783249955,NA,NA,NA
Riojasuchus__Antarctic,0.06254583265632391,0.0010253130855753755,0.007109612634087686,NA,NA,NA
Riojasuchus__mean_z_trans,-0.08833367297425866,-0.016988184609212743,0.011776432956540421,NA,NA,NA
Riojasuchus__Mod_R_deltaTMyr_z_trans,-0.3987549326196313,-0.026398896475287432,-0.006312815175276569,NA,NA,NA
Riojasuchus__time,0.10472327059833333,-0.009636614924430166,0.03680514401923206,NA,NA,NA
Romeria__lat_range_z_trans,0.25387125805020333,0.005060893557324808,0.026655716674386407,0.2247144781773386,0.10859423037618399,0.41684859432280064
Romeria__Temperate_N,0.19110069529619067,-0.004133757375753009,0.031681426175461186,NA,NA,NA
Romeria__Tropical,-0.2448548859776929,-0.027847078911664044,0.01881512871438375,NA,NA,NA
Romeria__Temperate_S,0.17993761982768774,-0.0005237650525847308,0.035807623653746824,NA,NA,NA
Romeria__Antarctic,0.0648132393695414,0.0010759089461369689,0.0068355789133590404,NA,NA,NA
Romeria__mean_z_trans,0.12943946609273552,-0.014930193594003886,0.05539161636253053,NA,NA,NA
Romeria__Mod_R_deltaTMyr_z_trans,-0.10226875226260745,-0.011150065033245862,0.011473730450849413,NA,NA,NA
Romeria__time,-0.45550029816105964,-0.037565446564530564,0.020527695910522715,NA,NA,NA
Rothianiscus__lat_range_z_trans,0.26397852718830106,0.005246997731300802,0.02573146842055432,0.3277122298637187,0.050994690507650375,0.7712340392172337
Rothianiscus__Temperate_N,0.20055422979407012,-0.005407172872321264,0.03501707853060941,NA,NA,NA
Rothianiscus__Tropical,-0.17356223119972128,-0.02371447529659735,0.033137750974966476,NA,NA,NA
Rothianiscus__Temperate_S,0.19883296265266837,-0.0017278739845408935,0.03326278073808026,NA,NA,NA
Rothianiscus__Antarctic,0.06161226779222488,0.0011353175970607462,0.006235587435144631,NA,NA,NA
Rothianiscus__mean_z_trans,-0.11934298137843143,-0.027374891869183533,0.04472764964228591,NA,NA,NA
Rothianiscus__Mod_R_deltaTMyr_z_trans,0.02896137400646694,-0.013044163723173697,0.0210891998401415,NA,NA,NA
Rothianiscus__time,-0.33859989620512354,-0.025127241610865124,0.007987001273457361,NA,NA,NA
Ruehleia__lat_range_z_trans,0.11142648896983887,0.007552445716915584,0.02831669862175115,0.5607319041760639,0.218556122854352,1.1458352133631706
Ruehleia__Temperate_N,-0.07243727491656586,-0.02809442333339777,0.022913668912805576,NA,NA,NA
Ruehleia__Tropical,0.0695519374517498,-0.0041507850274642355,0.04039884060147534,NA,NA,NA
Ruehleia__Temperate_S,0.07399338148639022,-0.009303898314681758,0.032530577754784254,NA,NA,NA
Ruehleia__Antarctic,0.02189074512087313,0.0011183005090659136,0.00555346143693669,NA,NA,NA
Ruehleia__mean_z_trans,-0.03556024937171351,-0.01805231422024562,0.01567752608771409,NA,NA,NA
Ruehleia__Mod_R_deltaTMyr_z_trans,-0.11176502215970029,-0.023955979402600646,0.013320150440920633,NA,NA,NA
Ruehleia__time,0.08296175053663751,-0.015126849955911776,0.04847759299885213,NA,NA,NA
Rugarhynchos__lat_range_z_trans,0.27041092693805696,0.0066746715656678095,0.0360593080760674,0.2611035386248841,0.07789452373981476,0.4698495287448168
Rugarhynchos__Temperate_N,0.1893342036032118,-0.005180664415279252,0.04704758495631309,NA,NA,NA
Rugarhynchos__Tropical,-0.20962947322521358,-0.03375908537741005,0.02593932590682502,NA,NA,NA
Rugarhynchos__Temperate_S,0.18605481212493033,-0.003818027021675579,0.04644380375905574,NA,NA,NA
Rugarhynchos__Antarctic,0.06409567787661218,0.0013572323889377716,0.008396665470249927,NA,NA,NA
Rugarhynchos__mean_z_trans,-0.07131806964287535,-0.018122331412136625,0.016708487135435223,NA,NA,NA
Rugarhynchos__Mod_R_deltaTMyr_z_trans,-0.4374725849740207,-0.028218002860282584,-0.011995427071767569,NA,NA,NA
Rugarhynchos__time,0.060944910936232194,-0.00894729689614181,0.038588768623061036,NA,NA,NA
Ruhuhuaria__lat_range_z_trans,0.28109088316559794,0.006962297114599492,0.02613249591955389,0.28732402802677826,0.14113495964556932,0.4646956995129585
Ruhuhuaria__Temperate_N,0.24230427325470372,-0.0032548959569122606,0.04494539588255345,NA,NA,NA
Ruhuhuaria__Tropical,0.21302534807939083,-0.0033700552965134317,0.043957589420818725,NA,NA,NA
Ruhuhuaria__Temperate_S,-0.5343394242762588,-0.05115463314822822,0.020845252962325905,NA,NA,NA
Ruhuhuaria__Antarctic,0.06446802610531449,0.0013605120140313604,0.0064358810672203145,NA,NA,NA
Ruhuhuaria__mean_z_trans,-0.023628439689055085,-0.009975472493463389,0.0275039321453081,NA,NA,NA
Ruhuhuaria__Mod_R_deltaTMyr_z_trans,0.17754663303727283,-0.0011013963105832106,0.03359552890889689,NA,NA,NA
Ruhuhuaria__time,-0.34402456394862385,-0.02947985995125065,0.003772440548562604,NA,NA,NA
Rutiodon__lat_range_z_trans,-0.8742192927002906,-0.05755217114062527,-0.038453453282711755,0.1700122921189177,0.008256521075963974,0.30129455123096704
Rutiodon__Temperate_N,0.13806149331852793,-0.00156705043707137,0.03441119621186538,NA,NA,NA
Rutiodon__Tropical,-0.006314679235219956,-0.015129785352549708,0.023757401844292498,NA,NA,NA
Rutiodon__Temperate_S,0.10636664279707475,-0.0021522451247522416,0.039625890715615945,NA,NA,NA
Rutiodon__Antarctic,0.05655754236504436,0.0012903368867522296,0.007770867525477365,NA,NA,NA
Rutiodon__mean_z_trans,0.0330290689249523,-0.005125900372000984,0.019951751573144005,NA,NA,NA
Rutiodon__Mod_R_deltaTMyr_z_trans,-0.09178500206209719,-0.01117919557178741,0.00892327774255317,NA,NA,NA
Rutiodon__time,0.6101843796949834,0.0014025070837144383,0.11120158452500327,NA,NA,NA
Sacisaurus__lat_range_z_trans,0.2557321016490459,0.005349709621391578,0.03246320716855243,0.12010380210238508,0.04308405378833413,0.21152064949274063
Sacisaurus__Temperate_N,0.1791235892730765,-0.009605599853801704,0.04542381335954051,NA,NA,NA
Sacisaurus__Tropical,0.1449951127008535,-0.006442810996712695,0.04392082417428274,NA,NA,NA
Sacisaurus__Temperate_S,-0.25312477111816406,-0.03140377375947911,0.041706784908831014,NA,NA,NA
Sacisaurus__Antarctic,0.06378835186362267,0.0009666593569628368,0.007727851635859435,NA,NA,NA
Sacisaurus__mean_z_trans,-0.09255650745122694,-0.014535910394358453,0.014912744396921149,NA,NA,NA
Sacisaurus__Mod_R_deltaTMyr_z_trans,-0.41186910700052975,-0.02403321843560811,-0.009081607926635933,NA,NA,NA
Sacisaurus__time,0.024874000793788584,-0.010308559566714646,0.030114899137888517,NA,NA,NA
Saltoposuchus__lat_range_z_trans,-0.21253302714787423,-0.01619189573025478,-0.0036612858321438493,0.2230564111644344,0.00448010116815567,0.7402375377714634
Saltoposuchus__Temperate_N,-0.16475766688221483,-0.022596686875399632,0.028414715936105187,NA,NA,NA
Saltoposuchus__Tropical,0.13844193799886853,-0.005243148487897687,0.032920303601624915,NA,NA,NA
Saltoposuchus__Temperate_S,0.16120262267300858,-0.008130372401181554,0.027369703953567442,NA,NA,NA
Saltoposuchus__Antarctic,0.057875109184533355,0.0012009385611271093,0.005829439103443226,NA,NA,NA
Saltoposuchus__mean_z_trans,-0.057706637471274004,-0.011850155696719294,0.01722164943300957,NA,NA,NA
Saltoposuchus__Mod_R_deltaTMyr_z_trans,-0.19786922954954206,-0.019929793085625633,0.01505442402343134,NA,NA,NA
Saltoposuchus__time,0.29558969527715817,-0.007272390312368847,0.08403956663620203,NA,NA,NA
Sanchiaosaurus__lat_range_z_trans,0.08192195521214309,0.008867019463427765,0.0289149853912792,0.736299771816557,0.5062590576708317,1.0388508588075638
Sanchiaosaurus__Temperate_N,0.08132001306672532,-0.0014788256896624166,0.04134718801100507,NA,NA,NA
Sanchiaosaurus__Tropical,-0.10402472690363518,-0.04837980693134844,0.02063532317569817,NA,NA,NA
Sanchiaosaurus__Temperate_S,0.07215391463772108,-0.002235678851355283,0.04223501574345377,NA,NA,NA
Sanchiaosaurus__Antarctic,0.015464730819146214,0.0012444406548934193,0.005810873112333734,NA,NA,NA
Sanchiaosaurus__mean_z_trans,-0.013312288919035747,-0.01832560952013301,0.0216562805285078,NA,NA,NA
Sanchiaosaurus__Mod_R_deltaTMyr_z_trans,0.07785240657597117,-0.002463730894971995,0.03704178387776722,NA,NA,NA
Sanchiaosaurus__time,-0.07131424737152613,-0.02724131225917036,0.009547067015194904,NA,NA,NA
Sanchuansaurus__lat_range_z_trans,0.054024916512083146,0.008776713007370996,0.02316848058614767,0.9990682149003259,0.31898581609129906,1.933968760073185
Sanchuansaurus__Temperate_N,-0.04421428709456642,-0.03678520186128954,0.024339170592411287,NA,NA,NA
Sanchuansaurus__Tropical,0.038373813871595705,-0.012899681870229843,0.027617307163897188,NA,NA,NA
Sanchuansaurus__Temperate_S,0.04147383457322575,-0.0015331468882553996,0.028121103432890083,NA,NA,NA
Sanchuansaurus__Antarctic,0.008735287117225063,0.0009954749511268545,0.004307842715560925,NA,NA,NA
Sanchuansaurus__mean_z_trans,0.059949997179502966,-0.0035988135159798064,0.043086867000435555,NA,NA,NA
Sanchuansaurus__Mod_R_deltaTMyr_z_trans,0.021556972812545486,-0.017796502473919684,0.045199788016475326,NA,NA,NA
Sanchuansaurus__time,-0.03983877785410185,-0.02717234537714389,0.011347957347421828,NA,NA,NA
Sanjuansaurus__lat_range_z_trans,0.09129635455501339,0.009052031293132812,0.030468830328554845,0.6601012544910191,0.3721710368990898,0.9344987943768501
Sanjuansaurus__Temperate_N,0.08071410289599239,-0.008580052341798042,0.046719508968253894,NA,NA,NA
Sanjuansaurus__Tropical,0.06695346769285343,-0.005565414607935759,0.053176662075737895,NA,NA,NA
Sanjuansaurus__Temperate_S,-0.08372556635945295,-0.053948375162933826,0.033114349127299464,NA,NA,NA
Sanjuansaurus__Antarctic,0.01698965357261711,0.0014239259864570785,0.006546211516384029,NA,NA,NA
Sanjuansaurus__mean_z_trans,-0.005748453104446184,-0.008440550592819385,0.01262963841585651,NA,NA,NA
Sanjuansaurus__Mod_R_deltaTMyr_z_trans,0.02225322393893636,-0.0074332934358239434,0.02365889568610816,NA,NA,NA
Sanjuansaurus__time,-0.048671026074003684,-0.01652177516659925,0.0008744207370450806,NA,NA,NA
Santaisaurus__lat_range_z_trans,0.03204139107643495,0.016743686341453724,0.022108916784358293,1.8773396136373048,1.0066168308258057,2.8588281087577343
Santaisaurus__Temperate_N,-0.02955498294309048,-0.05464186299095291,0.012769598796704125,NA,NA,NA
Santaisaurus__Tropical,0.032780500875838434,0.004597450147330598,0.032896354040395176,NA,NA,NA
Santaisaurus__Temperate_S,0.02585684732379767,-0.0013957997572536123,0.025561433906138176,NA,NA,NA
Santaisaurus__Antarctic,0.0033767270116505745,0.0007561735918616049,0.0025968386176020482,NA,NA,NA
Santaisaurus__mean_z_trans,0.032488985524524526,-0.02399353576741136,0.04658501700970122,NA,NA,NA
Santaisaurus__Mod_R_deltaTMyr_z_trans,0.06352768241525632,0.015933094415777584,0.055842307091105214,NA,NA,NA
Santaisaurus__time,-0.020455394166902115,-0.04801271000912595,0.008828050609235602,NA,NA,NA
Sarcosaurus__lat_range_z_trans,0.038841154226784504,0.010200368541915644,0.026176172363934134,1.5910630645614583,0.9984516687691212,2.2921414375305176
Sarcosaurus__Temperate_N,-0.019298473823853725,-0.031125125573532218,0.022251737870423834,NA,NA,NA
Sarcosaurus__Tropical,0.01828077837012913,-0.015556928982473463,0.026256712393214643,NA,NA,NA
Sarcosaurus__Temperate_S,0.017502496850406318,-0.013292108721473144,0.024467973410247618,NA,NA,NA
Sarcosaurus__Antarctic,0.005378152643551295,0.0006993754527665911,0.003903305214537218,NA,NA,NA
Sarcosaurus__mean_z_trans,-0.0012503734400442106,-0.01496211585166638,0.014665896002218064,NA,NA,NA
Sarcosaurus__Mod_R_deltaTMyr_z_trans,-0.027629862934573996,-0.03401690555971739,0.013763568312119619,NA,NA,NA
Sarcosaurus__time,0.10823788522511053,0.008039936665860043,0.07570315128854473,NA,NA,NA
Sarmatosuchus__lat_range_z_trans,0.0508531562309776,0.011612804026530593,0.027069901966949545,1.083160015824251,0.5981970988214016,1.47257000207901
Sarmatosuchus__Temperate_N,-0.048882761295379176,-0.0551596201032275,0.019378123135285873,NA,NA,NA
Sarmatosuchus__Tropical,0.04968980200307156,0.003256115827485746,0.04260156465632714,NA,NA,NA
Sarmatosuchus__Temperate_S,0.04734098938993408,-0.0021813050146976885,0.035934709846827916,NA,NA,NA
Sarmatosuchus__Antarctic,0.007871310126714784,0.00119242251636206,0.004941027000037482,NA,NA,NA
Sarmatosuchus__mean_z_trans,0.02777916669982753,-0.0136758077062216,0.03567548255300077,NA,NA,NA
Sarmatosuchus__Mod_R_deltaTMyr_z_trans,0.04683009495291621,-0.0004483014264390347,0.035330347162227535,NA,NA,NA
Sarmatosuchus__time,-0.04142000099055277,-0.034609812148112894,0.006257360534583619,NA,NA,NA
Saturnalia__lat_range_z_trans,-0.0017475272060154484,-0.007623132305183743,0.00890915742031214,0.5653003190775052,0.016966414768830873,2.3136854097247124
Saturnalia__Temperate_N,0.08098464426213431,-0.008564640974086383,0.030065028912333314,NA,NA,NA
Saturnalia__Tropical,0.0649027132308968,-0.007490154804368826,0.02627785458668372,NA,NA,NA
Saturnalia__Temperate_S,-0.06788319235540873,-0.028536956181041875,0.02520502279385194,NA,NA,NA
Saturnalia__Antarctic,0.023169422609524135,0.0008435808771159486,0.004043634736174281,NA,NA,NA
Saturnalia__mean_z_trans,-0.013811776720515975,-0.011276333790721025,0.016079692174460678,NA,NA,NA
Saturnalia__Mod_R_deltaTMyr_z_trans,-0.10805906677324327,-0.01981796223821509,0.017301852113293315,NA,NA,NA
Saturnalia__time,0.162506540070138,-0.007547904611819315,0.07930627411813049,NA,NA,NA
Saurodektes__lat_range_z_trans,-0.7493635442852974,-0.03841981578674061,-0.02711575966786082,0.31128706802252054,0.06896504480391741,0.6287510823458433
Saurodektes__Temperate_N,0.2221428780122551,-1.050077835106386e-06,0.03839172489613717,NA,NA,NA
Saurodektes__Tropical,0.19861971418664326,-0.0013065799083780542,0.035933185125374335,NA,NA,NA
Saurodektes__Temperate_S,-0.16446865181904285,-0.03166832636275812,0.024847200158157345,NA,NA,NA
Saurodektes__Antarctic,0.059217339446768165,0.0011696791772803845,0.007317821606219242,NA,NA,NA
Saurodektes__mean_z_trans,0.23123796031810342,-0.007616898160189274,0.05036499230075908,NA,NA,NA
Saurodektes__Mod_R_deltaTMyr_z_trans,0.4713300404697657,0.004663807594394454,0.06867414555379171,NA,NA,NA
Saurodektes__time,-0.16012472849106416,-0.01683432050409399,0.008775206882661826,NA,NA,NA
Sauropareion__lat_range_z_trans,-0.6984254166483879,-0.03759444633157831,-0.019900587580417156,0.29214811061612633,0.02548086643218994,0.6287510823458433
Sauropareion__Temperate_N,0.21441996546973313,-1.027519107197574e-06,0.037209464713006075,NA,NA,NA
Sauropareion__Tropical,0.19029015655920375,-0.0012785107694449056,0.034826634842944,NA,NA,NA
Sauropareion__Temperate_S,-0.1611023620935157,-0.030987998549084628,0.02448380061587585,NA,NA,NA
Sauropareion__Antarctic,0.05775990250520408,0.0009706899543813767,0.006690859042779876,NA,NA,NA
Sauropareion__mean_z_trans,0.21715364962350578,-0.00745326502047308,0.04881401939756237,NA,NA,NA
Sauropareion__Mod_R_deltaTMyr_z_trans,0.43373401612043383,0.0021437454204792073,0.06655934846878327,NA,NA,NA
Sauropareion__time,-0.16289000217569993,-0.015812691213492772,0.008504977354705586,NA,NA,NA
Saurorictus__lat_range_z_trans,0.06265682008617257,0.010601555874893287,0.028594979358064706,0.8893820833142673,0.41489554941654205,1.4990822516847402
Saurorictus__Temperate_N,0.05310330742651656,-0.006575772960662696,0.03708406455389137,NA,NA,NA
Saurorictus__Tropical,0.045448267637168804,-0.0017084726192178087,0.036144813538502706,NA,NA,NA
Saurorictus__Temperate_S,-0.0543656891567537,-0.04880787323003971,0.028028673714600116,NA,NA,NA
Saurorictus__Antarctic,0.010883838483798449,0.0012719374673054358,0.005308953143203414,NA,NA,NA
Saurorictus__mean_z_trans,0.07360051917158297,0.0005052515672852807,0.04930461412470203,NA,NA,NA
Saurorictus__Mod_R_deltaTMyr_z_trans,0.013658137703371572,-0.009975028028331927,0.020924846943338217,NA,NA,NA
Saurorictus__time,-0.06492344423434739,-0.035325102099552176,0.0017975714789373277,NA,NA,NA
Saurosternon__lat_range_z_trans,0.06265682008617257,0.010601555874893287,0.028594979358064706,0.8893820833142673,0.41489554941654205,1.4990822516847402
Saurosternon__Temperate_N,0.05310330742651656,-0.006575772960662696,0.03708406455389137,NA,NA,NA
Saurosternon__Tropical,0.045448267637168804,-0.0017084726192178087,0.036144813538502706,NA,NA,NA
Saurosternon__Temperate_S,-0.0543656891567537,-0.04880787323003971,0.028028673714600116,NA,NA,NA
Saurosternon__Antarctic,0.010883838483798449,0.0012719374673054358,0.005308953143203414,NA,NA,NA
Saurosternon__mean_z_trans,0.07360051917158297,0.0005052515672852807,0.04930461412470203,NA,NA,NA
Saurosternon__Mod_R_deltaTMyr_z_trans,0.013658137703371572,-0.009975028028331927,0.020924846943338217,NA,NA,NA
Saurosternon__time,-0.06492344423434739,-0.035325102099552176,0.0017975714789373277,NA,NA,NA
Saurosuchus__lat_range_z_trans,0.09129635455501339,0.009052031293132812,0.030468830328554845,0.6601012544910191,0.3721710368990898,0.9344987943768501
Saurosuchus__Temperate_N,0.08071410289599239,-0.008580052341798042,0.046719508968253894,NA,NA,NA
Saurosuchus__Tropical,0.06695346769285343,-0.005565414607935759,0.053176662075737895,NA,NA,NA
Saurosuchus__Temperate_S,-0.08372556635945295,-0.053948375162933826,0.033114349127299464,NA,NA,NA
Saurosuchus__Antarctic,0.01698965357261711,0.0014239259864570785,0.006546211516384029,NA,NA,NA
Saurosuchus__mean_z_trans,-0.005748453104446184,-0.008440550592819385,0.01262963841585651,NA,NA,NA
Saurosuchus__Mod_R_deltaTMyr_z_trans,0.02225322393893636,-0.0074332934358239434,0.02365889568610816,NA,NA,NA
Saurosuchus__time,-0.048671026074003684,-0.01652177516659925,0.0008744207370450806,NA,NA,NA
Scelidosaurus__lat_range_z_trans,0.038841154226784504,0.010200368541915644,0.026176172363934134,1.5910630645614583,0.9984516687691212,2.2921414375305176
Scelidosaurus__Temperate_N,-0.019298473823853725,-0.031125125573532218,0.022251737870423834,NA,NA,NA
Scelidosaurus__Tropical,0.01828077837012913,-0.015556928982473463,0.026256712393214643,NA,NA,NA
Scelidosaurus__Temperate_S,0.017502496850406318,-0.013292108721473144,0.024467973410247618,NA,NA,NA
Scelidosaurus__Antarctic,0.005378152643551295,0.0006993754527665911,0.003903305214537218,NA,NA,NA
Scelidosaurus__mean_z_trans,-0.0012503734400442106,-0.01496211585166638,0.014665896002218064,NA,NA,NA
Scelidosaurus__Mod_R_deltaTMyr_z_trans,-0.027629862934573996,-0.03401690555971739,0.013763568312119619,NA,NA,NA
Scelidosaurus__time,0.10823788522511053,0.008039936665860043,0.07570315128854473,NA,NA,NA
Scharschengia__lat_range_z_trans,0.03204139107643495,0.016743686341453724,0.022108916784358293,1.8773396136373048,1.0066168308258057,2.8588281087577343
Scharschengia__Temperate_N,-0.02955498294309048,-0.05464186299095291,0.012769598796704125,NA,NA,NA
Scharschengia__Tropical,0.032780500875838434,0.004597450147330598,0.032896354040395176,NA,NA,NA
Scharschengia__Temperate_S,0.02585684732379767,-0.0013957997572536123,0.025561433906138176,NA,NA,NA
Scharschengia__Antarctic,0.0033767270116505745,0.0007561735918616049,0.0025968386176020482,NA,NA,NA
Scharschengia__mean_z_trans,0.032488985524524526,-0.02399353576741136,0.04658501700970122,NA,NA,NA
Scharschengia__Mod_R_deltaTMyr_z_trans,0.06352768241525632,0.015933094415777584,0.055842307091105214,NA,NA,NA
Scharschengia__time,-0.020455394166902115,-0.04801271000912595,0.008828050609235602,NA,NA,NA
Schleitheimia__lat_range_z_trans,0.15798733791446462,0.007976009419104799,0.03220640535291695,0.4389998038409976,0.16614415496587753,0.9000419564545155
Schleitheimia__Temperate_N,-0.1064466200459039,-0.031769261857985155,0.02956325198000827,NA,NA,NA
Schleitheimia__Tropical,0.10722365949690378,-0.004723502794398597,0.043882685165696586,NA,NA,NA
Schleitheimia__Temperate_S,0.11461765438160568,-0.010587633278384313,0.03601370916678795,NA,NA,NA
Schleitheimia__Antarctic,0.03229562803585843,0.0012432791394801968,0.006388005390206813,NA,NA,NA
Schleitheimia__mean_z_trans,-0.05145050778665214,-0.017202366593947235,0.018355127921835065,NA,NA,NA
Schleitheimia__Mod_R_deltaTMyr_z_trans,-0.15839449771389366,-0.027261381859582316,0.0002485534997490465,NA,NA,NA
Schleitheimia__time,0.04422910283512702,-0.007688646202607697,0.040530778378039194,NA,NA,NA
Schultzsuchus__lat_range_z_trans,0.1272831790420387,0.008043835529590461,0.03143853756754994,0.5456467216811143,0.2923736721277237,0.7941098622977734
Schultzsuchus__Temperate_N,0.1088554187800626,-0.004886966577711205,0.04561705811657085,NA,NA,NA
Schultzsuchus__Tropical,0.082651667797578,-0.012928048733029641,0.03991927921205297,NA,NA,NA
Schultzsuchus__Temperate_S,-0.21889533812975537,-0.04993361629236088,0.02054408837489464,NA,NA,NA
Schultzsuchus__Antarctic,0.025929651033427977,0.0013684645372001552,0.006968135048132587,NA,NA,NA
Schultzsuchus__mean_z_trans,-0.008288231557441196,-0.009796667053426935,0.016054986041987292,NA,NA,NA
Schultzsuchus__Mod_R_deltaTMyr_z_trans,0.13797582544918502,0.0012914340770321887,0.04643800385829601,NA,NA,NA
Schultzsuchus__time,-0.11545041529758593,-0.023171939515614456,0.00020842863575558365,NA,NA,NA
Sclerocormus__lat_range_z_trans,0.03204139107643495,0.016743686341453724,0.022108916784358293,1.8773396136373048,1.0066168308258057,2.8588281087577343
Sclerocormus__Temperate_N,-0.02955498294309048,-0.05464186299095291,0.012769598796704125,NA,NA,NA
Sclerocormus__Tropical,0.032780500875838434,0.004597450147330598,0.032896354040395176,NA,NA,NA
Sclerocormus__Temperate_S,0.02585684732379767,-0.0013957997572536123,0.025561433906138176,NA,NA,NA
Sclerocormus__Antarctic,0.0033767270116505745,0.0007561735918616049,0.0025968386176020482,NA,NA,NA
Sclerocormus__mean_z_trans,0.032488985524524526,-0.02399353576741136,0.04658501700970122,NA,NA,NA
Sclerocormus__Mod_R_deltaTMyr_z_trans,0.06352768241525632,0.015933094415777584,0.055842307091105214,NA,NA,NA
Sclerocormus__time,-0.020455394166902115,-0.04801271000912595,0.008828050609235602,NA,NA,NA
Sclerosaurus__lat_range_z_trans,-0.5886615267395974,-0.05122311670908762,-0.05785644195741792,0.07306800582140567,0.013407663442194462,0.1619282141327858
Sclerosaurus__Temperate_N,0.17002578016428743,-0.0007936184621416491,0.05432016468326647,NA,NA,NA
Sclerosaurus__Tropical,-0.0871173894139065,-0.018939467790249007,0.03918138704861706,NA,NA,NA
Sclerosaurus__Temperate_S,0.16712753093102947,-0.0020569746246964895,0.05288854221686987,NA,NA,NA
Sclerosaurus__Antarctic,0.05302585223689675,0.0017158380324491518,0.010993901213403465,NA,NA,NA
Sclerosaurus__mean_z_trans,0.0641097357776016,-0.006101891282813469,0.04469942114631212,NA,NA,NA
Sclerosaurus__Mod_R_deltaTMyr_z_trans,0.18737618368119002,0.0012491341192838012,0.05766622932284224,NA,NA,NA
Sclerosaurus__time,-0.08730183062609286,-0.013863407311065034,0.005295313181346557,NA,NA,NA
Sclerostropheus__lat_range_z_trans,0.1520403021361088,0.0053920915762867856,0.026539235548704066,0.470656680817483,0.05151749029755592,1.9840783551335335
Sclerostropheus__Temperate_N,0.10840184984801145,-0.007076779528454218,0.031932488275662065,NA,NA,NA
Sclerostropheus__Tropical,-0.10513801926048748,-0.0278364161666315,0.03498584510645599,NA,NA,NA
Sclerostropheus__Temperate_S,0.09741188577900613,-0.006345020480332882,0.026706405769563128,NA,NA,NA
Sclerostropheus__Antarctic,0.03321936357249648,0.0011643476861722504,0.00558589398545251,NA,NA,NA
Sclerostropheus__mean_z_trans,-0.030089872496492715,-0.01724364803147135,0.013751560315459014,NA,NA,NA
Sclerostropheus__Mod_R_deltaTMyr_z_trans,-0.22524704943151663,-0.02764305274909392,-0.007311916251864537,NA,NA,NA
Sclerostropheus__time,0.10946329697038379,-0.010425026334795483,0.07499900410580763,NA,NA,NA
Scoloparia__lat_range_z_trans,-0.769790346622467,-0.06403123222627499,-0.030044585357824085,0.16753427085859585,0.09046594053506851,0.2718217745423317
Scoloparia__Temperate_N,-0.01322959412354976,-0.0072973038222614636,0.02187167910577212,NA,NA,NA
Scoloparia__Tropical,0.005685061365948058,-0.009250878346462663,0.03338078519880755,NA,NA,NA
Scoloparia__Temperate_S,0.09372766820160905,-0.004132477938880291,0.035462317580162814,NA,NA,NA
Scoloparia__Antarctic,0.05704618932679296,0.0014027308746698344,0.008727431791710434,NA,NA,NA
Scoloparia__mean_z_trans,0.03895571271074005,-0.003357095661648717,0.022957298492401745,NA,NA,NA
Scoloparia__Mod_R_deltaTMyr_z_trans,-0.06291072556443396,-0.009003581948275982,0.011287955231312758,NA,NA,NA
Scoloparia__time,0.6199672311544419,0.0056563350408139566,0.10354563481289653,NA,NA,NA
Scolotosuchus__lat_range_z_trans,0.03230958747573277,0.016804318900785854,0.022083523420200656,1.860072571611381,0.990300826728344,2.8588281087577343
Scolotosuchus__Temperate_N,-0.03032776022908046,-0.054839733157190707,0.012754932177097457,NA,NA,NA
Scolotosuchus__Tropical,0.0329834168444245,0.004614098522315047,0.032858570683311064,NA,NA,NA
Scolotosuchus__Temperate_S,0.026114024410108926,-0.0014008542542067667,0.025532075127239102,NA,NA,NA
Scolotosuchus__Antarctic,0.0034394670766848975,0.0010848704959739613,0.0028318239422918117,NA,NA,NA
Scolotosuchus__mean_z_trans,0.03254323518346217,-0.02408042162106017,0.0465315114348802,NA,NA,NA
Scolotosuchus__Mod_R_deltaTMyr_z_trans,0.0635917553562244,0.015990791644022794,0.055778168985507456,NA,NA,NA
Scolotosuchus__time,-0.020591969000047363,-0.04818657455896032,0.00881791108471213,NA,NA,NA
Scutarx__lat_range_z_trans,-0.18010940765661082,-0.02756503351575563,-0.008258002817300748,0.5260451258014655,0.0142518887296319,1.4254174530506134
Scutarx__Temperate_N,0.07858834205924797,-0.005845250706751845,0.029801337705621263,NA,NA,NA
Scutarx__Tropical,-0.053989684785575066,-0.02514952555638048,0.025244943870486182,NA,NA,NA
Scutarx__Temperate_S,0.0608618119525383,-0.005676021563578864,0.02516413802535703,NA,NA,NA
Scutarx__Antarctic,0.025590498606080866,0.0006305527761810118,0.00504064923282137,NA,NA,NA
Scutarx__mean_z_trans,-1.3014369305269895e-05,-0.00861532269485423,0.01680321010469747,NA,NA,NA
Scutarx__Mod_R_deltaTMyr_z_trans,-0.061080685171587316,-0.013687415953290007,0.01647236054336013,NA,NA,NA
Scutarx__time,0.2702138964827212,-0.004105486813890275,0.09691988019019716,NA,NA,NA
Scutosaurus__lat_range_z_trans,-0.4772631552815437,-0.042379837944016105,-0.04371162838077649,0.10499980566906743,0.01842009834945202,0.22680319659411907
Scutosaurus__Temperate_N,-0.05345067760674283,-0.018065261791150068,0.037939695092091386,NA,NA,NA
Scutosaurus__Tropical,0.1314473067599465,-0.004973051438333022,0.05172709333983882,NA,NA,NA
Scutosaurus__Temperate_S,0.15659886010194896,-0.0023342799151813416,0.05175511419859825,NA,NA,NA
Scutosaurus__Antarctic,0.054330396093428136,0.001654840958929067,0.011417483167071642,NA,NA,NA
Scutosaurus__mean_z_trans,0.1835057816747576,-0.002228235012750031,0.061060288337526934,NA,NA,NA
Scutosaurus__Mod_R_deltaTMyr_z_trans,0.008543486670823768,-0.008154019197860182,0.022251279995004085,NA,NA,NA
Scutosaurus__time,-0.09625403213081882,-0.013533659687958628,0.014749191105885249,NA,NA,NA
Scythosuchus__lat_range_z_trans,0.032615714121849396,0.013225566519322513,0.021418271927094796,1.8255509225692368,1.0066168308258057,2.8588281087577343
Scythosuchus__Temperate_N,-0.030255297802450617,-0.04762434632000833,0.012904314511237741,NA,NA,NA
Scythosuchus__Tropical,0.033623210556836154,0.004007011218517522,0.034133871392953145,NA,NA,NA
Scythosuchus__Temperate_S,0.026646500975983537,-0.0012165407142841333,0.026523021259443835,NA,NA,NA
Scythosuchus__Antarctic,0.003513787783321048,0.0008438205696844706,0.0029901320171312027,NA,NA,NA
Scythosuchus__mean_z_trans,0.03183074112532778,-0.020912106474442485,0.04832449399512645,NA,NA,NA
Scythosuchus__Mod_R_deltaTMyr_z_trans,0.06312283399450956,0.003509649911477329,0.051734261549099374,NA,NA,NA
Scythosuchus__time,-0.021035733637867017,-0.0418465587385872,0.009160150203153326,NA,NA,NA
Seazzadactylus__lat_range_z_trans,0.16192714693711846,0.007671820520629321,0.03340863123356204,0.43282517173269297,0.13048823922872543,0.9349627122282982
Seazzadactylus__Temperate_N,-0.1056297874418496,-0.03056058007030531,0.02733446838449178,NA,NA,NA
Seazzadactylus__Tropical,0.1091733186236393,-0.005489179982960668,0.04344859234874542,NA,NA,NA
Seazzadactylus__Temperate_S,0.1192944660384974,-0.009173788028409322,0.03548445291811516,NA,NA,NA
Seazzadactylus__Antarctic,0.033155350213256225,0.0013432435398575584,0.006552089553049449,NA,NA,NA
Seazzadactylus__mean_z_trans,-0.04950956557284223,-0.016736199094661237,0.018747807874975268,NA,NA,NA
Seazzadactylus__Mod_R_deltaTMyr_z_trans,-0.16877808518431206,-0.027669203542639173,0.003057368587866617,NA,NA,NA
Seazzadactylus__time,0.04042891350400234,-0.009399617369831484,0.03915510595443413,NA,NA,NA
Serpianosaurus__lat_range_z_trans,-0.3646167831122875,-0.040486893684488275,-0.028357890230013717,0.11461340548885346,0.040037065744400024,0.19614940509200096
Serpianosaurus__Temperate_N,-0.0022195450472645463,-0.008411218325392262,0.03130684073661521,NA,NA,NA
Serpianosaurus__Tropical,-0.009280154818770824,-0.013132574732029265,0.03969544381617165,NA,NA,NA
Serpianosaurus__Temperate_S,0.13321352196857333,-0.005919793042241601,0.05253821412283867,NA,NA,NA
Serpianosaurus__Antarctic,0.05428454656153917,0.0024416367044309507,0.012608041043328667,NA,NA,NA
Serpianosaurus__mean_z_trans,0.02994278452504659,-0.008200778180102335,0.02408124986958063,NA,NA,NA
Serpianosaurus__Mod_R_deltaTMyr_z_trans,0.12148766645463184,-0.0044110576668944385,0.06251085722188705,NA,NA,NA
Serpianosaurus__time,-0.04441214443184435,-0.011892825101603086,0.0128057602748317,NA,NA,NA
Shansisuchus__lat_range_z_trans,-0.46312036901712417,-0.03113720842208376,-0.029905757579436,0.19131744809958037,0.06546566635370255,0.40045612305402756
Shansisuchus__Temperate_N,-0.2603433300589677,-0.040451831197607147,0.02167490535945796,NA,NA,NA
Shansisuchus__Tropical,0.2022426295769401,-0.00015589497077843863,0.057688911607391494,NA,NA,NA
Shansisuchus__Temperate_S,0.21688826512545348,-0.0016965925794820368,0.05349320725312915,NA,NA,NA
Shansisuchus__Antarctic,0.05751800254918635,0.0013546370808711877,0.009549192072197408,NA,NA,NA
Shansisuchus__mean_z_trans,0.09680781772753107,-0.0036132936543252074,0.039138895695526206,NA,NA,NA
Shansisuchus__Mod_R_deltaTMyr_z_trans,0.24935983903706074,-0.0015402154474165094,0.049777464481762006,NA,NA,NA
Shansisuchus__time,-0.11068867292022333,-0.012773104837498396,0.0057716979652116494,NA,NA,NA
Shastasaurus__lat_range_z_trans,-0.6766871182620525,-0.059435748459952344,-0.02651260941397134,0.12327995459301747,0.0034272465854883194,0.23895886167883873
Shastasaurus__Temperate_N,-0.0054331228970841035,-0.006650645636368377,0.022193350676810365,NA,NA,NA
Shastasaurus__Tropical,0.004332071136450395,-0.010565398055409075,0.028417346587518235,NA,NA,NA
Shastasaurus__Temperate_S,0.10514001994393767,-0.0030812272501636708,0.0340342003538021,NA,NA,NA
Shastasaurus__Antarctic,0.05687695125117898,0.001340134848227488,0.008465279380529076,NA,NA,NA
Shastasaurus__mean_z_trans,0.03346052346634679,-0.004277796448121075,0.02566803556043754,NA,NA,NA
Shastasaurus__Mod_R_deltaTMyr_z_trans,-0.06928802894020919,-0.008232014923962937,0.009461413525387917,NA,NA,NA
Shastasaurus__time,0.47702156225219366,0.0008891918974296782,0.10546150018472598,NA,NA,NA
Shihtienfenia__lat_range_z_trans,-0.48173290975391864,-0.027363621930414122,-0.010695851536028858,0.27088897458161226,0.06884574936702847,0.5580764757469296
Shihtienfenia__Temperate_N,-0.3282296552322805,-0.034732396206437,0.009574608810035684,NA,NA,NA
Shihtienfenia__Tropical,0.22175330251455308,-0.0005827455736971578,0.039460197329003154,NA,NA,NA
Shihtienfenia__Temperate_S,0.21639200349338353,-0.001032797483408993,0.03422901750171841,NA,NA,NA
Shihtienfenia__Antarctic,0.0629370584152639,0.0011043111910175457,0.0066780895559020404,NA,NA,NA
Shihtienfenia__mean_z_trans,0.15673278608126565,-0.0065298128306878,0.05228639670550156,NA,NA,NA
Shihtienfenia__Mod_R_deltaTMyr_z_trans,0.37302372568054126,-0.0027133943538830327,0.06386000130063052,NA,NA,NA
Shihtienfenia__time,-0.1574158597330097,-0.018163046840809747,0.011796057188477357,NA,NA,NA
Shonisaurus__lat_range_z_trans,-0.782259677350521,-0.06676943746047811,-0.028099425487358762,0.16288931442366447,0.0746753066778183,0.25330357439816
Shonisaurus__Temperate_N,-0.013938468014239334,-0.007255193796667062,0.02143502460604865,NA,NA,NA
Shonisaurus__Tropical,0.0021515396912582217,-0.00928110104320134,0.032984105467163495,NA,NA,NA
Shonisaurus__Temperate_S,0.10263768125791102,-0.0034313967641308295,0.034428666614706796,NA,NA,NA
Shonisaurus__Antarctic,0.0565908183157444,0.0012182649363043057,0.008145291257963852,NA,NA,NA
Shonisaurus__mean_z_trans,0.04064996089262422,-0.003007168216233295,0.022499712299789844,NA,NA,NA
Shonisaurus__Mod_R_deltaTMyr_z_trans,-0.05506473876826931,-0.00891799984020399,0.00951008592504227,NA,NA,NA
Shonisaurus__time,0.614648787677288,0.0074305281562900075,0.10628505617188372,NA,NA,NA
Shringasaurus__lat_range_z_trans,0.16286090603168388,0.0075829668929347045,0.029841259125553417,0.46692269313381984,0.19268503598868847,0.7838702527806163
Shringasaurus__Temperate_N,0.13874222343139683,-0.006303208532828617,0.04076388555013424,NA,NA,NA
Shringasaurus__Tropical,0.11095072888846798,-0.006270816325240572,0.048192550677939185,NA,NA,NA
Shringasaurus__Temperate_S,-0.2890852456692681,-0.0478300825598062,0.01963180411474841,NA,NA,NA
Shringasaurus__Antarctic,0.03421095360623092,0.0013493227116402938,0.007124580210395168,NA,NA,NA
Shringasaurus__mean_z_trans,-0.008795432645568544,-0.011274254741659722,0.016949130339160696,NA,NA,NA
Shringasaurus__Mod_R_deltaTMyr_z_trans,0.15611221426908073,-0.0016173728801524036,0.04179598485540452,NA,NA,NA
Shringasaurus__time,-0.16493459079451392,-0.025650058593207802,0.002889321981904223,NA,NA,NA
Shuangbaisaurus__lat_range_z_trans,0.038841154226784504,0.010200368541915644,0.026176172363934134,1.5910630645614583,0.9984516687691212,2.2921414375305176
Shuangbaisaurus__Temperate_N,-0.019298473823853725,-0.031125125573532218,0.022251737870423834,NA,NA,NA
Shuangbaisaurus__Tropical,0.01828077837012913,-0.015556928982473463,0.026256712393214643,NA,NA,NA
Shuangbaisaurus__Temperate_S,0.017502496850406318,-0.013292108721473144,0.024467973410247618,NA,NA,NA
Shuangbaisaurus__Antarctic,0.005378152643551295,0.0006993754527665911,0.003903305214537218,NA,NA,NA
Shuangbaisaurus__mean_z_trans,-0.0012503734400442106,-0.01496211585166638,0.014665896002218064,NA,NA,NA
Shuangbaisaurus__Mod_R_deltaTMyr_z_trans,-0.027629862934573996,-0.03401690555971739,0.013763568312119619,NA,NA,NA
Shuangbaisaurus__time,0.10823788522511053,0.008039936665860043,0.07570315128854473,NA,NA,NA
Shuvosaurus__lat_range_z_trans,-0.8690192711353302,-0.05025466602382326,-0.05623956961825643,0.2577550519770011,0.15770035050809383,0.38078795187175274
Shuvosaurus__Temperate_N,0.1198847164819017,-0.0048551507362910055,0.03952083312284363,NA,NA,NA
Shuvosaurus__Tropical,-0.003944768481887877,-0.01777138179834347,0.026915162078406753,NA,NA,NA
Shuvosaurus__Temperate_S,0.10124971265206113,-0.005058590652418623,0.037069708900627586,NA,NA,NA
Shuvosaurus__Antarctic,0.057375980783253906,0.0010190626218002838,0.008261348858735473,NA,NA,NA
Shuvosaurus__mean_z_trans,0.02601947864051908,-0.00579974533933046,0.02617664676519535,NA,NA,NA
Shuvosaurus__Mod_R_deltaTMyr_z_trans,-0.08302999148378148,-0.014667057946843145,0.00568541734707973,NA,NA,NA
Shuvosaurus__time,0.7089032442867755,0.007374025846929374,0.11979896940060779,NA,NA,NA
Sigmala__lat_range_z_trans,0.2101764271225969,0.008557848074091545,0.03110302150561713,0.38104427401849533,0.16614415496587753,0.6237562671303749
Sigmala__Temperate_N,-0.19052933820851226,-0.03464521691791942,0.033460723449072256,NA,NA,NA
Sigmala__Tropical,0.14236760584410485,-0.007136815718506761,0.038287535688635355,NA,NA,NA
Sigmala__Temperate_S,0.1626326890799381,-0.005592112627439929,0.048301143588075406,NA,NA,NA
Sigmala__Antarctic,0.04488872960414246,0.001618044258365931,0.007171125407683135,NA,NA,NA
Sigmala__mean_z_trans,-0.04707204452257287,-0.014637851728735692,0.014100444888573191,NA,NA,NA
Sigmala__Mod_R_deltaTMyr_z_trans,-0.10974920545460179,-0.02168802892786705,0.02196242665016473,NA,NA,NA
Sigmala__time,-0.07265310634758558,-0.016489370440308935,0.012802095677418673,NA,NA,NA
Sikannisuchus__lat_range_z_trans,0.11596515674535561,0.008175661791293113,0.029162535389656356,0.5431097005098127,0.1939404383301735,1.000110836699605
Sikannisuchus__Temperate_N,-0.07245191568966708,-0.030412731452120836,0.026004887653788486,NA,NA,NA
Sikannisuchus__Tropical,0.07132073882055118,-0.005461012601823592,0.04007782763767612,NA,NA,NA
Sikannisuchus__Temperate_S,0.07850695772165235,-0.010071641533424377,0.03167893916108586,NA,NA,NA
Sikannisuchus__Antarctic,0.02268551939414258,0.0012105809278014595,0.005719346660184309,NA,NA,NA
Sikannisuchus__mean_z_trans,-0.034762586257199767,-0.016550218598965827,0.01704593584809256,NA,NA,NA
Sikannisuchus__Mod_R_deltaTMyr_z_trans,-0.11700027993416265,-0.027700232349805173,0.0075733967334993,NA,NA,NA
Sikannisuchus__time,0.0757981663168376,-0.009203910211275089,0.04992564777125686,NA,NA,NA
Silesaurus__lat_range_z_trans,0.23365325083191454,0.009369568783327044,0.03237846344026539,0.36436551610007883,0.17165971919894218,0.5828943178057671
Silesaurus__Temperate_N,-0.24464220309009915,-0.0409778350759457,0.03326876392103122,NA,NA,NA
Silesaurus__Tropical,0.15755139712428418,-0.006494187943088939,0.045066008906942935,NA,NA,NA
Silesaurus__Temperate_S,0.17703007208748736,-0.0051476241808067775,0.0502818290984067,NA,NA,NA
Silesaurus__Antarctic,0.050459327077554655,0.0017970860365156733,0.007561102758528902,NA,NA,NA
Silesaurus__mean_z_trans,-0.05242472146916132,-0.014625899482689664,0.014097386801120456,NA,NA,NA
Silesaurus__Mod_R_deltaTMyr_z_trans,-0.05403034251787569,-0.01627375792645269,0.022863040114075233,NA,NA,NA
Silesaurus__time,-0.12753502292659472,-0.01766085423917926,0.0016719218148690267,NA,NA,NA
Sillosuchus__lat_range_z_trans,0.09129635455501339,0.009052031293132812,0.030468830328554845,0.6601012544910191,0.3721710368990898,0.9344987943768501
Sillosuchus__Temperate_N,0.08071410289599239,-0.008580052341798042,0.046719508968253894,NA,NA,NA
Sillosuchus__Tropical,0.06695346769285343,-0.005565414607935759,0.053176662075737895,NA,NA,NA
Sillosuchus__Temperate_S,-0.08372556635945295,-0.053948375162933826,0.033114349127299464,NA,NA,NA
Sillosuchus__Antarctic,0.01698965357261711,0.0014239259864570785,0.006546211516384029,NA,NA,NA
Sillosuchus__mean_z_trans,-0.005748453104446184,-0.008440550592819385,0.01262963841585651,NA,NA,NA
Sillosuchus__Mod_R_deltaTMyr_z_trans,0.02225322393893636,-0.0074332934358239434,0.02365889568610816,NA,NA,NA
Sillosuchus__time,-0.048671026074003684,-0.01652177516659925,0.0008744207370450806,NA,NA,NA
Simosaurus__lat_range_z_trans,-0.7989791825413703,-0.06630852013701602,-0.036629083227247464,0.1488355437212158,0.05009485487244092,0.2564240787178278
Simosaurus__Temperate_N,-0.016184511265309995,-0.007033584386980744,0.022925544439498027,NA,NA,NA
Simosaurus__Tropical,-0.0013296238548355177,-0.009185478347728843,0.03797101115532548,NA,NA,NA
Simosaurus__Temperate_S,0.10933456879574806,-0.004601868267848945,0.028278613303581224,NA,NA,NA
Simosaurus__Antarctic,0.05644416714087128,0.0011288700588838168,0.008673954118013347,NA,NA,NA
Simosaurus__mean_z_trans,0.04227812055585673,-0.00345961837383766,0.021469121212064686,NA,NA,NA
Simosaurus__Mod_R_deltaTMyr_z_trans,-0.046925139226950706,-0.008094398265589874,0.012436108412067123,NA,NA,NA
Simosaurus__time,0.6070569607615471,0.007541093691797956,0.11206324744193744,NA,NA,NA
Sinocyamodus__lat_range_z_trans,0.21959316463609727,0.008736873214227095,0.033985961922152294,0.37548922740097623,0.2135893777012825,0.6237562671303749
Sinocyamodus__Temperate_N,-0.23577976631396325,-0.043241584462271776,0.028005218433019983,NA,NA,NA
Sinocyamodus__Tropical,0.15223868656702946,-0.005463555096172297,0.052482342188681724,NA,NA,NA
Sinocyamodus__Temperate_S,0.16380904085574735,-0.004701170235444874,0.05047164588401254,NA,NA,NA
Sinocyamodus__Antarctic,0.04752151953115503,0.0015170054582374,0.0075896463546349735,NA,NA,NA
Sinocyamodus__mean_z_trans,-0.0514304227576263,-0.012882051619091712,0.01473407477248217,NA,NA,NA
Sinocyamodus__Mod_R_deltaTMyr_z_trans,-0.04535167364521179,-0.01680103503882846,0.015676975570848666,NA,NA,NA
Sinocyamodus__time,-0.11053879175571789,-0.017177986248975687,0.004242651729407519,NA,NA,NA
Sinosaurosphargis__lat_range_z_trans,0.08075371570963201,0.009550797552911472,0.027851644331659323,0.744606729933148,0.5062590576708317,1.0388508588075638
Sinosaurosphargis__Temperate_N,0.08028146900183747,-6.912261179837687e-05,0.0439593558051011,NA,NA,NA
Sinosaurosphargis__Tropical,-0.1017343967811784,-0.046934516378017446,0.024720810027458014,NA,NA,NA
Sinosaurosphargis__Temperate_S,0.07106471090429532,-0.00239706709964944,0.039655631767748306,NA,NA,NA
Sinosaurosphargis__Antarctic,0.015150792756849642,0.0013342738155361173,0.005455990493564152,NA,NA,NA
Sinosaurosphargis__mean_z_trans,-0.012008922662349231,-0.019648490942741677,0.021801515664017373,NA,NA,NA
Sinosaurosphargis__Mod_R_deltaTMyr_z_trans,0.07651288557499937,-0.0026415816686493894,0.03477956183087082,NA,NA,NA
Sinosaurosphargis__time,-0.06995849738657633,-0.029207796695911573,0.008964006934820794,NA,NA,NA
Sinosaurus__lat_range_z_trans,0.038841154226784504,0.010200368541915644,0.026176172363934134,1.5910630645614583,0.9984516687691212,2.2921414375305176
Sinosaurus__Temperate_N,-0.019298473823853725,-0.031125125573532218,0.022251737870423834,NA,NA,NA
Sinosaurus__Tropical,0.01828077837012913,-0.015556928982473463,0.026256712393214643,NA,NA,NA
Sinosaurus__Temperate_S,0.017502496850406318,-0.013292108721473144,0.024467973410247618,NA,NA,NA
Sinosaurus__Antarctic,0.005378152643551295,0.0006993754527665911,0.003903305214537218,NA,NA,NA
Sinosaurus__mean_z_trans,-0.0012503734400442106,-0.01496211585166638,0.014665896002218064,NA,NA,NA
Sinosaurus__Mod_R_deltaTMyr_z_trans,-0.027629862934573996,-0.03401690555971739,0.013763568312119619,NA,NA,NA
Sinosaurus__time,0.10823788522511053,0.008039936665860043,0.07570315128854473,NA,NA,NA
Skybalonyx__lat_range_z_trans,0.275982229411602,0.00714465049611299,0.03294230239284909,0.3073067974540754,0.08565908297896385,0.4918280690908432
Skybalonyx__Temperate_N,0.18714571596356108,-0.005545446876398706,0.0477610373769548,NA,NA,NA
Skybalonyx__Tropical,-0.2006713828863576,-0.030664227970376177,0.03788582428454601,NA,NA,NA
Skybalonyx__Temperate_S,0.18483649626374243,-0.005842370169150604,0.03839140273600002,NA,NA,NA
Skybalonyx__Antarctic,0.06403753850026987,0.0014527982336752887,0.007670848603890734,NA,NA,NA
Skybalonyx__mean_z_trans,-0.061972700653132054,-0.017600995898733797,0.015264187393208683,NA,NA,NA
Skybalonyx__Mod_R_deltaTMyr_z_trans,-0.44254205701872706,-0.03109725172571414,-0.01012523621564007,NA,NA,NA
Skybalonyx__time,0.09187890805507777,-0.007860660117735159,0.037398150283430596,NA,NA,NA
Smilodonterpeton__lat_range_z_trans,0.038841154226784504,0.010200368541915644,0.026176172363934134,1.5910630645614583,0.9984516687691212,2.2921414375305176
Smilodonterpeton__Temperate_N,-0.019298473823853725,-0.031125125573532218,0.022251737870423834,NA,NA,NA
Smilodonterpeton__Tropical,0.01828077837012913,-0.015556928982473463,0.026256712393214643,NA,NA,NA
Smilodonterpeton__Temperate_S,0.017502496850406318,-0.013292108721473144,0.024467973410247618,NA,NA,NA
Smilodonterpeton__Antarctic,0.005378152643551295,0.0006993754527665911,0.003903305214537218,NA,NA,NA
Smilodonterpeton__mean_z_trans,-0.0012503734400442106,-0.01496211585166638,0.014665896002218064,NA,NA,NA
Smilodonterpeton__Mod_R_deltaTMyr_z_trans,-0.027629862934573996,-0.03401690555971739,0.013763568312119619,NA,NA,NA
Smilodonterpeton__time,0.10823788522511053,0.008039936665860043,0.07570315128854473,NA,NA,NA
Smilosuchus__lat_range_z_trans,-0.1345086677362928,-0.026387056768582454,-0.010403929842316195,0.6677743468119297,0.012771382927894592,1.6962155466899276
Smilosuchus__Temperate_N,0.055417382084998766,-0.005972554812620849,0.030602004126136558,NA,NA,NA
Smilosuchus__Tropical,-0.03782818711551655,-0.025611346088453564,0.024424394607355605,NA,NA,NA
Smilosuchus__Temperate_S,0.04419515616319754,-0.005720291743220022,0.02674828262313333,NA,NA,NA
Smilosuchus__Antarctic,0.01779840629554841,0.0007536939117963301,0.005189453563328601,NA,NA,NA
Smilosuchus__mean_z_trans,0.001174286472410322,-0.00801238574705573,0.017834662790200007,NA,NA,NA
Smilosuchus__Mod_R_deltaTMyr_z_trans,-0.03860999941469304,-0.017474308533900917,0.014693984070522645,NA,NA,NA
Smilosuchus__time,0.23242338036785726,-0.0015892542462831122,0.09809966491687931,NA,NA,NA
Sophineta__lat_range_z_trans,0.03212728310867419,0.016743686341453724,0.022108916784358293,1.8687696466356283,1.0066168308258057,2.8588281087577343
Sophineta__Temperate_N,-0.029610398704006773,-0.05464186299095291,0.012769598796704125,NA,NA,NA
Sophineta__Tropical,0.03301179610947934,0.004597450147330598,0.032896354040395176,NA,NA,NA
Sophineta__Temperate_S,0.02595473543692647,-0.0013957997572536123,0.025561433906138176,NA,NA,NA
Sophineta__Antarctic,0.003396872200148058,0.0007561735918616049,0.0025968386176020482,NA,NA,NA
Sophineta__mean_z_trans,0.03213746864528447,-0.02399353576741136,0.04658501700970122,NA,NA,NA
Sophineta__Mod_R_deltaTMyr_z_trans,0.06346481297099746,0.015933094415777584,0.055842307091105214,NA,NA,NA
Sophineta__time,-0.020420812649993358,-0.04801271000912595,0.008828050609235602,NA,NA,NA
Soturnia__lat_range_z_trans,0.0630720376895774,0.006218596863061478,0.020223410360235304,0.8912744887918234,0.08794893324375153,2.857872150838375
Soturnia__Temperate_N,0.04349449296527523,-0.006042829551893686,0.029171471085277335,NA,NA,NA
Soturnia__Tropical,0.03224081957274304,-0.00704217003159345,0.025401508947446968,NA,NA,NA
Soturnia__Temperate_S,-0.03563476693149215,-0.029485219179582283,0.03878988611039403,NA,NA,NA
Soturnia__Antarctic,0.011925359040288804,0.0009998858207577717,0.003887086705812879,NA,NA,NA
Soturnia__mean_z_trans,-0.009465433728711958,-0.018280577995865906,0.011963414418498311,NA,NA,NA
Soturnia__Mod_R_deltaTMyr_z_trans,-0.07663059642848392,-0.028037118340822165,0.004457865083123439,NA,NA,NA
Soturnia__time,0.1110598449383134,-0.008344071612382077,0.0732938741444516,NA,NA,NA
Soumyasaurus__lat_range_z_trans,0.26077270761132243,0.007175935022315875,0.03875137383605421,0.19290594598278404,0.07789452373981476,0.35563611425459385
Soumyasaurus__Temperate_N,0.1905134543031454,-0.005688736542210688,0.05027909504905826,NA,NA,NA
Soumyasaurus__Tropical,-0.20534705601399764,-0.03493225299767002,0.02909084296157965,NA,NA,NA
Soumyasaurus__Temperate_S,0.18041262633050792,-0.004324218737635121,0.052086527095818694,NA,NA,NA
Soumyasaurus__Antarctic,0.06374127413495444,0.0015041450037982134,0.009318551085111008,NA,NA,NA
Soumyasaurus__mean_z_trans,-0.05947505590971559,-0.01478860902085027,0.020199362408027256,NA,NA,NA
Soumyasaurus__Mod_R_deltaTMyr_z_trans,-0.4336916206404567,-0.02970154084955615,-0.018759312700969782,NA,NA,NA
Soumyasaurus__time,-0.012127905143424869,-0.009258225906512155,0.026222077120560558,NA,NA,NA
Sphenotitan__lat_range_z_trans,0.0503782338806568,0.0055664948642710965,0.019238056345608736,1.1023684561520348,0.11033905297517776,3.3465236350893974
Sphenotitan__Temperate_N,0.03423018045505742,-0.006196580554814661,0.029343880422637036,NA,NA,NA
Sphenotitan__Tropical,0.02587102441634824,-0.008811763793910877,0.023223015204116244,NA,NA,NA
Sphenotitan__Temperate_S,-0.023710281411701648,-0.030043920315488984,0.03932015845411375,NA,NA,NA
Sphenotitan__Antarctic,0.008900586372262088,0.0008683752207274644,0.0035177792400451014,NA,NA,NA
Sphenotitan__mean_z_trans,-0.00635438487505067,-0.01745157205131939,0.012414375959382735,NA,NA,NA
Sphenotitan__Mod_R_deltaTMyr_z_trans,-0.05554641058411901,-0.027118980309641792,0.007524390269685607,NA,NA,NA
Sphenotitan__time,0.1062928088640566,-0.006825557088143178,0.07260686095965066,NA,NA,NA
Sphodrosaurus__lat_range_z_trans,0.2615563975274563,0.008150347047770125,0.0321515491247882,0.19750048825866542,0.08210348710417747,0.34837192948907614
Sphodrosaurus__Temperate_N,0.19102431561797859,-0.006461203583667005,0.04203089547426978,NA,NA,NA
Sphodrosaurus__Tropical,-0.20623391400789842,-0.029929218339672138,0.048325432927852366,NA,NA,NA
Sphodrosaurus__Temperate_S,0.17959627295727842,-0.004911399463985457,0.043541821384135704,NA,NA,NA
Sphodrosaurus__Antarctic,0.06379898483632132,0.0017083911369042094,0.007789858712607837,NA,NA,NA
Sphodrosaurus__mean_z_trans,-0.06186246291268617,-0.01679673735880826,0.016885691542186776,NA,NA,NA
Sphodrosaurus__Mod_R_deltaTMyr_z_trans,-0.43516145896166564,-0.03373467917763815,-0.016919522097552642,NA,NA,NA
Sphodrosaurus__time,-0.0034154371824115515,-0.008039004289223635,0.03338278978695183,NA,NA,NA
Spinosuchus__lat_range_z_trans,-0.2976394564069173,-0.023010475339653533,-0.00902738158947555,0.3605139672026598,0.005555376410484314,1.4679942508228123
Spinosuchus__Temperate_N,0.1515260227321372,-0.007012328503787179,0.02975785273795392,NA,NA,NA
Spinosuchus__Tropical,-0.1151183716838039,-0.024782309216264932,0.02961684565952849,NA,NA,NA
Spinosuchus__Temperate_S,0.1371024661276628,-0.005896753040039404,0.026392372590631576,NA,NA,NA
Spinosuchus__Antarctic,0.052214324431657966,0.001110265212156848,0.006262049826310595,NA,NA,NA
Spinosuchus__mean_z_trans,-0.01291938468146518,-0.010079220823893158,0.01484562594213949,NA,NA,NA
Spinosuchus__Mod_R_deltaTMyr_z_trans,-0.16652040887935038,-0.014998116848859067,0.01234732003155911,NA,NA,NA
Spinosuchus__time,0.3914165654775886,-0.005344565467979891,0.09699383165659223,NA,NA,NA
Spondylolestes__lat_range_z_trans,0.0601548101925782,0.009438834913308757,0.02829984780788676,0.9223729792710219,0.41489554941654205,1.7111049313098192
Spondylolestes__Temperate_N,0.05123590792525173,-0.006292828644033145,0.03737948455389406,NA,NA,NA
Spondylolestes__Tropical,0.0441537059992964,-0.0016349599507274773,0.03643275125363974,NA,NA,NA
Spondylolestes__Temperate_S,-0.05211693316408434,-0.04670775353007008,0.028251956434238615,NA,NA,NA
Spondylolestes__Antarctic,0.010291543959845969,0.001217208163292788,0.005351245458149104,NA,NA,NA
Spondylolestes__mean_z_trans,0.07195857761773586,0.00048351145242931753,0.05010368692510726,NA,NA,NA
Spondylolestes__Mod_R_deltaTMyr_z_trans,0.01580779977849586,-0.012712393342769693,0.019557653084636317,NA,NA,NA
Spondylolestes__time,-0.061423655191609805,-0.033805123089750776,0.001811891337687999,NA,NA,NA
Spondylosoma__lat_range_z_trans,0.11163917241512646,0.007905222515647268,0.029556981992499037,0.5877193229011027,0.3313694968819618,0.8571833595633507
Spondylosoma__Temperate_N,0.09513749835562177,-0.007013069792769374,0.0441044822415399,NA,NA,NA
Spondylosoma__Tropical,0.07385896990816232,-0.013778044304310075,0.03943290689438558,NA,NA,NA
Spondylosoma__Temperate_S,-0.16290556090114977,-0.04488733445878395,0.03192079622155981,NA,NA,NA
Spondylosoma__Antarctic,0.0219717376595526,0.0012249996918996045,0.0066677215292934655,NA,NA,NA
Spondylosoma__mean_z_trans,-0.014227811153737103,-0.01165786144986616,0.01222759059337677,NA,NA,NA
Spondylosoma__Mod_R_deltaTMyr_z_trans,0.10106068462151689,-0.001702722088224149,0.04270969573667122,NA,NA,NA
Spondylosoma__time,-0.0864729337875833,-0.020104694141913473,0.0005683416459140697,NA,NA,NA
Stagonolepis__lat_range_z_trans,-0.7619625644385815,-0.06377639174026233,-0.026657813899975652,0.14995656676357613,0.011243729619309306,0.23767774924635887
Stagonolepis__Temperate_N,-0.010345988209592179,-0.0068086239226717755,0.02143843959508731,NA,NA,NA
Stagonolepis__Tropical,0.0031161581003107132,-0.008685788717571264,0.0331776842912533,NA,NA,NA
Stagonolepis__Temperate_S,0.10521852001547813,-0.0026702809617872325,0.034398337794751536,NA,NA,NA
Stagonolepis__Antarctic,0.05655994040891528,0.0011995112200991862,0.008097819789446183,NA,NA,NA
Stagonolepis__mean_z_trans,0.03863152505538892,-0.0027128452631962363,0.02242758263373219,NA,NA,NA
Stagonolepis__Mod_R_deltaTMyr_z_trans,-0.05629854860773776,-0.0073691746418727095,0.01172353739509788,NA,NA,NA
Stagonolepis__time,0.5775962488353252,0.0008100899989420543,0.10258292925584711,NA,NA,NA
Stagonosuchus__lat_range_z_trans,0.1636224043222357,0.007408729871621721,0.02972377897949382,0.4645424909843132,0.2083897367119789,0.8028032928705215
Stagonosuchus__Temperate_N,0.1386068918139224,-0.007173785263488248,0.03911072982921239,NA,NA,NA
Stagonosuchus__Tropical,0.10998223106355838,-0.004668949553583919,0.04995862750012945,NA,NA,NA
Stagonosuchus__Temperate_S,-0.29193854655924245,-0.04899076524757456,0.02241241515759068,NA,NA,NA
Stagonosuchus__Antarctic,0.03455756329320833,0.001052706895372052,0.006260454822885335,NA,NA,NA
Stagonosuchus__mean_z_trans,-0.005406178583627831,-0.010794108048781639,0.016458879224839674,NA,NA,NA
Stagonosuchus__Mod_R_deltaTMyr_z_trans,0.1554915083544546,-0.0010877660207132274,0.04307031795834687,NA,NA,NA
Stagonosuchus__time,-0.16485411658699928,-0.025759566661172503,0.00019331338274165984,NA,NA,NA
Staurikosaurus__lat_range_z_trans,0.09129635455501339,0.009052031293132812,0.030468830328554845,0.6601012544910191,0.3721710368990898,0.9344987943768501
Staurikosaurus__Temperate_N,0.08071410289599239,-0.008580052341798042,0.046719508968253894,NA,NA,NA
Staurikosaurus__Tropical,0.06695346769285343,-0.005565414607935759,0.053176662075737895,NA,NA,NA
Staurikosaurus__Temperate_S,-0.08372556635945295,-0.053948375162933826,0.033114349127299464,NA,NA,NA
Staurikosaurus__Antarctic,0.01698965357261711,0.0014239259864570785,0.006546211516384029,NA,NA,NA
Staurikosaurus__mean_z_trans,-0.005748453104446184,-0.008440550592819385,0.01262963841585651,NA,NA,NA
Staurikosaurus__Mod_R_deltaTMyr_z_trans,0.02225322393893636,-0.0074332934358239434,0.02365889568610816,NA,NA,NA
Staurikosaurus__time,-0.048671026074003684,-0.01652177516659925,0.0008744207370450806,NA,NA,NA
Stauromatodon__lat_range_z_trans,0.048468997825806145,0.012892506339057022,0.0282817739623553,1.1647686465391598,0.44699177891016006,2.021628215909004
Stauromatodon__Temperate_N,-0.04937124968163697,-0.0574199519234709,0.022789511281569846,NA,NA,NA
Stauromatodon__Tropical,0.04206831675023105,-0.0025322982247485107,0.04120293609534909,NA,NA,NA
Stauromatodon__Temperate_S,0.04315058463063585,-0.0029406387968557443,0.0388643794632925,NA,NA,NA
Stauromatodon__Antarctic,0.00739957434750617,0.0011837190088710165,0.004800339297611838,NA,NA,NA
Stauromatodon__mean_z_trans,0.013969696725914228,-0.008908550147280312,0.01937420309206996,NA,NA,NA
Stauromatodon__Mod_R_deltaTMyr_z_trans,0.0650215767638281,-0.0006075561356893538,0.04862760302771558,NA,NA,NA
Stauromatodon__time,-0.030645740244774722,-0.03168073414820353,0.003247770635275763,NA,NA,NA
Stegomus__lat_range_z_trans,-0.20226846876868496,-0.027680244984009696,-0.010359285620208838,0.5076102574716788,0.01200816035270691,1.3131278492510319
Stegomus__Temperate_N,0.0784550480293949,-0.004046937211749583,0.03019338989437031,NA,NA,NA
Stegomus__Tropical,-0.047340865034088214,-0.024801373994792843,0.03021018696583096,NA,NA,NA
Stegomus__Temperate_S,0.06373388429790401,-0.005910545882785735,0.028922804643758602,NA,NA,NA
Stegomus__Antarctic,0.026442031783623598,0.0009876986028108626,0.005976584528115298,NA,NA,NA
Stegomus__mean_z_trans,-0.0010642006678448055,-0.0097589615145778,0.021138887232188857,NA,NA,NA
Stegomus__Mod_R_deltaTMyr_z_trans,-0.06502012706852912,-0.014541044204301924,0.016980707192852103,NA,NA,NA
Stegomus__time,0.28712445454573443,-0.004262094838913601,0.08412524201833257,NA,NA,NA
Stenaulorhynchus__lat_range_z_trans,0.10826679514431987,0.007572227181072678,0.030913257706654255,0.5968332067399751,0.32663774862885475,0.9344987943768501
Stenaulorhynchus__Temperate_N,0.09159458946266692,-0.004689001966921944,0.044854881380758715,NA,NA,NA
Stenaulorhynchus__Tropical,0.07427164707637228,-0.012404350423454249,0.039150134010777125,NA,NA,NA
Stenaulorhynchus__Temperate_S,-0.15236705738720416,-0.04675116260427377,0.03158293770506961,NA,NA,NA
Stenaulorhynchus__Antarctic,0.021080529765881744,0.001175481040272015,0.006633019235877842,NA,NA,NA
Stenaulorhynchus__mean_z_trans,-0.005216861905402994,-0.010495553317895897,0.014134758260887927,NA,NA,NA
Stenaulorhynchus__Mod_R_deltaTMyr_z_trans,0.08652510930899694,-0.0037949021691842688,0.03935378994789724,NA,NA,NA
Stenaulorhynchus__time,-0.08409299434812076,-0.02062624176793487,0.0005657386073171537,NA,NA,NA
Stenomyti__lat_range_z_trans,0.2727078688144684,0.0067597876013096156,0.03231445010136665,0.2820924541293061,0.08005526103079319,0.4913609176874161
Stenomyti__Temperate_N,0.19153179424116387,-0.005886823333054776,0.04685075258862717,NA,NA,NA
Stenomyti__Tropical,-0.20825587571132928,-0.030674822144868528,0.03716375266647609,NA,NA,NA
Stenomyti__Temperate_S,0.18714634980075062,-0.003288506653832647,0.04327525953674693,NA,NA,NA
Stenomyti__Antarctic,0.06408817897900007,0.0014533001604808355,0.007375248257173413,NA,NA,NA
Stenomyti__mean_z_trans,-0.06921613490208983,-0.019405068258176228,0.014273349480834387,NA,NA,NA
Stenomyti__Mod_R_deltaTMyr_z_trans,-0.43967598645016553,-0.031107995505447746,-0.01074966909341456,NA,NA,NA
Stenomyti__time,0.07512089594471036,-0.007863375894730842,0.03668537331742978,NA,NA,NA
Stenoscelida__lat_range_z_trans,0.1240823683122273,0.005171152035635859,0.022933474224575374,0.532647309449967,0.016416214406490326,3.1823525577783585
Stenoscelida__Temperate_N,0.08263878096995354,-0.010366856861527574,0.027160881564874454,NA,NA,NA
Stenoscelida__Tropical,0.06264955718485922,-0.006129719305451594,0.026065284465617074,NA,NA,NA
Stenoscelida__Temperate_S,-0.09236250234615505,-0.03041596334284192,0.03722737533957479,NA,NA,NA
Stenoscelida__Antarctic,0.026620064746447285,0.0010168356974151747,0.004518586187555635,NA,NA,NA
Stenoscelida__mean_z_trans,-0.032520122669419844,-0.013845415210328544,0.008505128194458748,NA,NA,NA
Stenoscelida__Mod_R_deltaTMyr_z_trans,-0.1678216108764501,-0.026247142780005308,-0.0003929419596271788,NA,NA,NA
Stenoscelida__time,0.13677522179604754,-0.009196394261216417,0.08117072883821096,NA,NA,NA
Stereosternum__lat_range_z_trans,-0.8366707272827625,-0.047749451487414746,-0.0164475114819667,0.08128643298230599,0.004382375627756119,0.23989858536515385
Stereosternum__Temperate_N,0.13864561771508307,-0.0011354257343882536,0.024284734277561698,NA,NA,NA
Stereosternum__Tropical,0.1341584286186844,-0.00043145996653055565,0.02291620712092037,NA,NA,NA
Stereosternum__Temperate_S,-0.010781104603083805,-0.008922916178503574,0.020867200180210523,NA,NA,NA
Stereosternum__Antarctic,0.4960127925314009,-0.0059715331878394074,0.09528699685147304,NA,NA,NA
Stereosternum__mean_z_trans,0.14017781490692868,-0.00907022976641165,0.043975644080992186,NA,NA,NA
Stereosternum__Mod_R_deltaTMyr_z_trans,0.001149031860404648,-0.0032786277132667296,0.009437380481785183,NA,NA,NA
Stereosternum__time,-0.17774986268486828,-0.0134538599939654,0.006867865344263548,NA,NA,NA
Styracocephalus__lat_range_z_trans,0.15927384199001043,0.005797431693836556,0.026978867980104994,0.4369015109488828,0.04417639225721359,1.3240302354097366
Styracocephalus__Temperate_N,0.12580496309512587,-0.002671622727233435,0.03651768794070489,NA,NA,NA
Styracocephalus__Tropical,0.10324661087594497,-0.002875185974313542,0.031218440358797683,NA,NA,NA
Styracocephalus__Temperate_S,-0.1305208966455644,-0.029084045324845764,0.02795663362203866,NA,NA,NA
Styracocephalus__Antarctic,0.032072223309217524,0.0009510644509338354,0.005393660195765144,NA,NA,NA
Styracocephalus__mean_z_trans,0.029925844195848334,-0.020151998818978226,0.05095718353059934,NA,NA,NA
Styracocephalus__Mod_R_deltaTMyr_z_trans,0.011939863462842145,-0.014234236109508752,0.02514186964974706,NA,NA,NA
Styracocephalus__time,-0.19168069316591502,-0.027744911218210988,0.0030241735774821114,NA,NA,NA
Suchonosaurus__lat_range_z_trans,0.09901462495237424,0.004681408296684662,0.028840090153454474,0.5994837510498473,0.10486920224502683,1.4761921614408493
Suchonosaurus__Temperate_N,-0.067826693005297,-0.026157434380283732,0.020164647869960837,NA,NA,NA
Suchonosaurus__Tropical,0.06109586544209049,-0.008410599193533255,0.036023493180028766,NA,NA,NA
Suchonosaurus__Temperate_S,0.07372440979723109,-0.0005424000600111945,0.03828224665258637,NA,NA,NA
Suchonosaurus__Antarctic,0.01927490046129795,0.0007892896434821729,0.005608613685339449,NA,NA,NA
Suchonosaurus__mean_z_trans,0.045795721620621975,-0.02194196900097256,0.05451760807650683,NA,NA,NA
Suchonosaurus__Mod_R_deltaTMyr_z_trans,0.0011214012263494068,-0.013121945369267373,0.020881974086364934,NA,NA,NA
Suchonosaurus__time,-0.09213847337715832,-0.02530985396441903,0.002869843150998213,NA,NA,NA
Sumidadectes__lat_range_z_trans,0.08250807519403232,0.006374995643779405,0.02516637056622407,0.7008677852828987,0.1972458977252245,1.2866207286715508
Sumidadectes__Temperate_N,0.06166157798654957,-0.006467129720530598,0.03148529847691587,NA,NA,NA
Sumidadectes__Tropical,-0.06661044263079306,-0.030267615998820285,0.02576565581920166,NA,NA,NA
Sumidadectes__Temperate_S,0.057571059417670434,-0.0025186277241503238,0.028474428535260603,NA,NA,NA
Sumidadectes__Antarctic,0.016676123770951817,0.0008734175409429791,0.005089611249459308,NA,NA,NA
Sumidadectes__mean_z_trans,0.10335346296389471,-0.007229022529542589,0.06386872728216854,NA,NA,NA
Sumidadectes__Mod_R_deltaTMyr_z_trans,0.0003641520534131552,-0.009349220936196632,0.01571801032880445,NA,NA,NA
Sumidadectes__time,-0.11546225163820908,-0.041430300303802264,0.011620414597205374,NA,NA,NA
Syntarsus__lat_range_z_trans,0.030677954828067976,0.010711001857845695,0.023624010008361458,2.0356834660144525,0.32965629547834396,3.4136792048811913
Syntarsus__Temperate_N,0.021217913234668612,-0.008147291284015703,0.023155708363798592,NA,NA,NA
Syntarsus__Tropical,-0.006917579965263152,-0.05113863255452875,0.02617734691362989,NA,NA,NA
Syntarsus__Temperate_S,0.014897196224105366,-0.007531825579369287,0.022354455833368574,NA,NA,NA
Syntarsus__Antarctic,0.0037422706059058895,0.0010039142677789865,0.003186303733297246,NA,NA,NA
Syntarsus__mean_z_trans,0.0046108371866833316,-0.016848994979549725,0.015512965083460502,NA,NA,NA
Syntarsus__Mod_R_deltaTMyr_z_trans,-0.021531263394695084,-0.036800178066395885,0.0036520878411845266,NA,NA,NA
Syntarsus__time,0.0933644283980369,0.018738502309914362,0.08952563907813908,NA,NA,NA
Syntomiprosopus__lat_range_z_trans,0.2543460145906803,0.006434754387106676,0.03149434629730414,0.36317351486417465,0.10180050786584616,0.5103088691830635
Syntomiprosopus__Temperate_N,0.1720328913102208,-0.00588789976421499,0.039356181742456385,NA,NA,NA
Syntomiprosopus__Tropical,-0.17260010100393613,-0.029199874021510547,0.04311938570326031,NA,NA,NA
Syntomiprosopus__Temperate_S,0.15997794482320205,-0.003891697080701718,0.04100366745105314,NA,NA,NA
Syntomiprosopus__Antarctic,0.05776820617433054,0.0014331225883262198,0.007276448624636945,NA,NA,NA
Syntomiprosopus__mean_z_trans,-0.05828135972426579,-0.016760469671457567,0.019006763552549245,NA,NA,NA
Syntomiprosopus__Mod_R_deltaTMyr_z_trans,-0.4053035734040863,-0.03074602479163828,-0.008308295143999998,NA,NA,NA
Syntomiprosopus__time,0.1321217343513644,-0.011395415674230103,0.034240018627979686,NA,NA,NA
Tachiraptor__lat_range_z_trans,0.03010830926413691,0.014700648804402274,0.023724843452322442,2.0894681466789917,0.9758232422173023,3.4438777044415474
Tachiraptor__Temperate_N,0.020703620755708526,-0.009936728114296843,0.022770403106627316,NA,NA,NA
Tachiraptor__Tropical,-0.006768358669213279,-0.062370506971836194,0.025741762338709843,NA,NA,NA
Tachiraptor__Temperate_S,0.014614402411388169,-0.009186084107896326,0.021982483220029485,NA,NA,NA
Tachiraptor__Antarctic,0.0036136922270798067,0.0012244097800399643,0.0031332844276428674,NA,NA,NA
Tachiraptor__mean_z_trans,0.004515090733272493,-0.018451770800955114,0.01686843227249085,NA,NA,NA
Tachiraptor__Mod_R_deltaTMyr_z_trans,-0.020461414606356965,-0.04605456694920702,0.003591318003235641,NA,NA,NA
Tachiraptor__time,0.09373641500149418,0.040061094331428945,0.08937599003418144,NA,NA,NA
Tanaisosaurus__lat_range_z_trans,0.03204139107643495,0.016743686341453724,0.022108916784358293,1.8773396136373048,1.0066168308258057,2.8588281087577343
Tanaisosaurus__Temperate_N,-0.02955498294309048,-0.05464186299095291,0.012769598796704125,NA,NA,NA
Tanaisosaurus__Tropical,0.032780500875838434,0.004597450147330598,0.032896354040395176,NA,NA,NA
Tanaisosaurus__Temperate_S,0.02585684732379767,-0.0013957997572536123,0.025561433906138176,NA,NA,NA
Tanaisosaurus__Antarctic,0.0033767270116505745,0.0007561735918616049,0.0025968386176020482,NA,NA,NA
Tanaisosaurus__mean_z_trans,0.032488985524524526,-0.02399353576741136,0.04658501700970122,NA,NA,NA
Tanaisosaurus__Mod_R_deltaTMyr_z_trans,0.06352768241525632,0.015933094415777584,0.055842307091105214,NA,NA,NA
Tanaisosaurus__time,-0.020455394166902115,-0.04801271000912595,0.008828050609235602,NA,NA,NA
Tangasaurus__lat_range_z_trans,0.03565886532472891,0.010029992657816107,0.020338983377878764,1.5650077489401155,0.44681125320494175,3.014741037040949
Tangasaurus__Temperate_N,0.03390372278100129,-9.961682026409093e-05,0.03515503477696094,NA,NA,NA
Tangasaurus__Tropical,0.029329521048406273,-0.005953666352031209,0.028054806614222542,NA,NA,NA
Tangasaurus__Temperate_S,-0.029195471326946977,-0.0494320423617352,0.018822732709855506,NA,NA,NA
Tangasaurus__Antarctic,0.00457496468789104,0.00041291679019725213,0.0031632671777581667,NA,NA,NA
Tangasaurus__mean_z_trans,0.038745939821368335,-0.00412707809576262,0.03930796760764316,NA,NA,NA
Tangasaurus__Mod_R_deltaTMyr_z_trans,0.05728779274742382,-0.008210144345807744,0.058528441539483694,NA,NA,NA
Tangasaurus__time,-0.03024357796636284,-0.03263386550073281,0.003817283051437101,NA,NA,NA
Tanystropheus__lat_range_z_trans,-0.7999343368411064,-0.06573818647058806,-0.042605744357318086,0.14748971544002415,0.06585288932546973,0.26560206711292267
Tanystropheus__Temperate_N,-0.016511174942133947,-0.0069030942465626395,0.023966699800423902,NA,NA,NA
Tanystropheus__Tropical,-0.0016398372442927211,-0.010620435128292112,0.03492146471935761,NA,NA,NA
Tanystropheus__Temperate_S,0.10980675738304853,-0.0041403407153323,0.02938529182418003,NA,NA,NA
Tanystropheus__Antarctic,0.05644892949610949,0.001089293994453223,0.009055085336177635,NA,NA,NA
Tanystropheus__mean_z_trans,0.04236134297592798,-0.0032588316601324095,0.02234287412427756,NA,NA,NA
Tanystropheus__Mod_R_deltaTMyr_z_trans,-0.04666304460144602,-0.007816954580197658,0.0130471873367514,NA,NA,NA
Tanystropheus__time,0.6064882193505764,0.007375044778331646,0.11707565807138982,NA,NA,NA
Tanytrachelos__lat_range_z_trans,-0.6733646115660668,-0.036953686644440195,-0.026708052854446145,0.26750546189694435,0.007611989974975586,0.6062332795117982
Tanytrachelos__Temperate_N,0.1253017665736843,-0.004113165636993895,0.03571149473019329,NA,NA,NA
Tanytrachelos__Tropical,-0.022423841638956218,-0.019567959413359683,0.02426232953201813,NA,NA,NA
Tanytrachelos__Temperate_S,0.1066375350113958,-0.006716053193312904,0.028981649979672643,NA,NA,NA
Tanytrachelos__Antarctic,0.055804113652557136,0.0009363414522309749,0.007323518620114327,NA,NA,NA
Tanytrachelos__mean_z_trans,0.012368660187348723,-0.008395208375389884,0.020733330149540073,NA,NA,NA
Tanytrachelos__Mod_R_deltaTMyr_z_trans,-0.10498186771437759,-0.011538362849986659,0.012568525605663149,NA,NA,NA
Tanytrachelos__time,0.5688371490733698,-0.0036654093670680657,0.1043157210924844,NA,NA,NA
Tarjadia__lat_range_z_trans,0.11833719870274619,0.00846781705954893,0.03138869436089075,0.5653543054114561,0.2923736721277237,0.8048672741279006
Tarjadia__Temperate_N,0.10116306390825854,-0.006066708052609946,0.04438394424554692,NA,NA,NA
Tarjadia__Tropical,0.07844174483861668,-0.006855627161135899,0.047445796785276564,NA,NA,NA
Tarjadia__Temperate_S,-0.17945395740923686,-0.051024950323739014,0.02366779976921323,NA,NA,NA
Tarjadia__Antarctic,0.023449228126803365,0.0012829383986462325,0.006606973738512238,NA,NA,NA
Tarjadia__mean_z_trans,-0.006386815685391485,-0.010259107244414954,0.014079256113833066,NA,NA,NA
Tarjadia__Mod_R_deltaTMyr_z_trans,0.10758602709839224,-0.004141815601573415,0.03905253468809106,NA,NA,NA
Tarjadia__time,-0.10307473246267886,-0.02141605110304225,0.0005635171538760423,NA,NA,NA
Tasmaniosaurus__lat_range_z_trans,-1.1400662019848824,-0.055082576321430626,-0.015971220370267374,0.2688927684631199,0.035374632105231285,0.6048115491867065
Tasmaniosaurus__Temperate_N,0.17266141712199898,-0.00010425073218241603,0.02253508831657549,NA,NA,NA
Tasmaniosaurus__Tropical,0.1493219817150384,-0.0008649418171560463,0.023221294984245452,NA,NA,NA
Tasmaniosaurus__Temperate_S,-0.040390498982742426,-0.010146624140081125,0.0210714082510937,NA,NA,NA
Tasmaniosaurus__Antarctic,0.5095340677094646,-0.01067289715447986,0.07239950363403612,NA,NA,NA
Tasmaniosaurus__mean_z_trans,0.16455472344881855,-0.0044340847552069036,0.03805279932777074,NA,NA,NA
Tasmaniosaurus__Mod_R_deltaTMyr_z_trans,0.3668997739907354,0.00017930330169261998,0.0429757538328767,NA,NA,NA
Tasmaniosaurus__time,-0.11175511087407358,-0.008887432409475947,0.0029038888789090452,NA,NA,NA
Tawa__lat_range_z_trans,0.11345821405996681,0.006733295324426842,0.025865557939344707,0.5755543920793571,0.13500574231147766,1.9840783551335335
Tawa__Temperate_N,0.07706414851571887,-0.004105372148824367,0.03671481189613678,NA,NA,NA
Tawa__Tropical,-0.06978623191194218,-0.03726312038128744,0.020311956685749734,NA,NA,NA
Tawa__Temperate_S,0.0668530982046418,-0.005341896931598263,0.032021152641206446,NA,NA,NA
Tawa__Antarctic,0.023788830181310137,0.0011957905645150785,0.005561025673073397,NA,NA,NA
Tawa__mean_z_trans,-0.022930101004508714,-0.01594333741754249,0.01961083727671755,NA,NA,NA
Tawa__Mod_R_deltaTMyr_z_trans,-0.16294343271883807,-0.028168518410766917,-0.007143522924942925,NA,NA,NA
Tawa__time,0.11455723179116117,-0.0071203446272427515,0.07424669766795419,NA,NA,NA
Taytalura__lat_range_z_trans,0.09275357597978903,0.009052031293132812,0.029844196354527817,0.6529380598006537,0.3721710368990898,0.9543818663805723
Taytalura__Temperate_N,0.08162825558776723,-0.008580052341798042,0.04798873312024562,NA,NA,NA
Taytalura__Tropical,0.06745321503108427,-0.005565414607935759,0.05208650044499321,NA,NA,NA
Taytalura__Temperate_S,-0.08538892661486015,-0.053948375162933826,0.03243548002501829,NA,NA,NA
Taytalura__Antarctic,0.017339751981176713,0.0014239259864570785,0.006562327262277389,NA,NA,NA
Taytalura__mean_z_trans,-0.006216815734602344,-0.008440550592819385,0.01237072131437436,NA,NA,NA
Taytalura__Mod_R_deltaTMyr_z_trans,0.02179837161887762,-0.0074332934358239434,0.025044063880572155,NA,NA,NA
Taytalura__time,-0.04930567073172255,-0.01652177516659925,0.0008564944532310206,NA,NA,NA
Technosaurus__lat_range_z_trans,0.2752247765660286,0.007980916816317747,0.035058585663732586,0.34414779132785045,0.05151749029755592,1.6711842752993107
Technosaurus__Temperate_N,0.1948946720105596,-0.005730179195983659,0.041005070198121635,NA,NA,NA
Technosaurus__Tropical,-0.2048945438861847,-0.0323579486738396,0.03587725538647915,NA,NA,NA
Technosaurus__Temperate_S,0.19165241588372736,-0.003263482130296672,0.04218438608483934,NA,NA,NA
Technosaurus__Antarctic,0.06273085388704203,0.0013135594797141316,0.007119939356931089,NA,NA,NA
Technosaurus__mean_z_trans,-0.06636357120936737,-0.016311341632381685,0.01871610483359915,NA,NA,NA
Technosaurus__Mod_R_deltaTMyr_z_trans,-0.417760364767164,-0.031748689067274176,-0.00871894988482544,NA,NA,NA
Technosaurus__time,0.10161639305966673,-0.009896339624576396,0.03594612521636236,NA,NA,NA
Tecovasaurus__lat_range_z_trans,-0.13070791376914406,-0.02699176819357617,-0.008895661125770662,0.6768045686581172,0.009344182908535004,1.6684850148158148
Tecovasaurus__Temperate_N,0.05233038678186483,-0.004988452139977329,0.03196710084170807,NA,NA,NA
Tecovasaurus__Tropical,-0.030088565676363952,-0.025327639181571566,0.03045421349982139,NA,NA,NA
Tecovasaurus__Temperate_S,0.043000453437807534,-0.006266264165171222,0.02464755192754029,NA,NA,NA
Tecovasaurus__Antarctic,0.017120156175004824,0.00071548272891647,0.004777408400942218,NA,NA,NA
Tecovasaurus__mean_z_trans,0.002486378045811812,-0.00768970585898993,0.016458262674746413,NA,NA,NA
Tecovasaurus__Mod_R_deltaTMyr_z_trans,-0.039203882399123584,-0.01711359075257306,0.01284939596060622,NA,NA,NA
Tecovasaurus__time,0.22512474452165243,-0.0023515664653775037,0.09493024467564593,NA,NA,NA
Tecovasuchus__lat_range_z_trans,0.12873588642716619,0.00683688261699355,0.025052597708306343,0.5311799817788415,0.18749134242534637,1.7833240795880556
Tecovasuchus__Temperate_N,0.08392951177232398,-0.007322242846686307,0.031137869679896065,NA,NA,NA
Tecovasuchus__Tropical,-0.08099871988453482,-0.028203596387080865,0.03865938512833506,NA,NA,NA
Tecovasuchus__Temperate_S,0.07665594755979398,-0.005373552869285676,0.03160447634592865,NA,NA,NA
Tecovasuchus__Antarctic,0.0275629410381348,0.0011483510959245425,0.005637930821844097,NA,NA,NA
Tecovasuchus__mean_z_trans,-0.0270417513486605,-0.01784175668346658,0.014022076588048039,NA,NA,NA
Tecovasuchus__Mod_R_deltaTMyr_z_trans,-0.18840360366382286,-0.03202770253752945,-0.0069825118255438514,NA,NA,NA
Tecovasuchus__time,0.11962154521710908,-0.007229886417189528,0.06805669240842546,NA,NA,NA
Teleocrater__lat_range_z_trans,0.28693345427245587,0.007646065584332216,0.029182906330068942,0.35100088756211334,0.1632208526134491,0.6447171568870544
Teleocrater__Temperate_N,0.24340477042093261,-0.007234542660859395,0.03915720185997309,NA,NA,NA
Teleocrater__Tropical,0.20765443297898578,-0.003356538301255142,0.04859112123783008,NA,NA,NA
Teleocrater__Temperate_S,-0.5274125086006475,-0.04940568586233186,0.021952768144991378,NA,NA,NA
Teleocrater__Antarctic,0.06381424698617683,0.0013838917640415216,0.006843769226142731,NA,NA,NA
Teleocrater__mean_z_trans,-0.030229367768485862,-0.010788705408025233,0.020320743978010543,NA,NA,NA
Teleocrater__Mod_R_deltaTMyr_z_trans,0.223437813379696,-0.0016803015308057652,0.03538047046866238,NA,NA,NA
Teleocrater__time,-0.32754108455160397,-0.026577687613416646,0.005759535609560719,NA,NA,NA
Temnodontosaurus__lat_range_z_trans,-0.7029321640729904,-0.03573188166301141,-0.04344132358441689,0.20031222686695402,0.10163227841258049,0.3368419501930475
Temnodontosaurus__Temperate_N,-0.08917796825349797,-0.020703853074907016,0.025696360038083177,NA,NA,NA
Temnodontosaurus__Tropical,0.07777150799520313,-0.011551737179329644,0.03262857673109548,NA,NA,NA
Temnodontosaurus__Temperate_S,0.10273964221123606,-0.007416479099065881,0.03982304370291962,NA,NA,NA
Temnodontosaurus__Antarctic,0.056969820130616425,0.0010223712712917857,0.008181265737586521,NA,NA,NA
Temnodontosaurus__mean_z_trans,-0.01817713393829763,-0.009197368163369102,0.020175749330799127,NA,NA,NA
Temnodontosaurus__Mod_R_deltaTMyr_z_trans,-0.10621241026208736,-0.016669018012099756,0.009752554724764047,NA,NA,NA
Temnodontosaurus__time,0.6782154118269682,0.010234461892170718,0.11437229017440877,NA,NA,NA
Teraterpeton__lat_range_z_trans,0.22675233094310798,0.008127702862677241,0.03585749831156963,0.38409303911932513,0.08213749621063471,0.6117887664586306
Teraterpeton__Temperate_N,0.18148795199313592,-0.001286603961550673,0.05416545150787699,NA,NA,NA
Teraterpeton__Tropical,-0.22648683460116434,-0.045988068398719495,0.030831922638351023,NA,NA,NA
Teraterpeton__Temperate_S,0.16377191029221014,-0.004562173331624712,0.053261849437975024,NA,NA,NA
Teraterpeton__Antarctic,0.05002799824280277,0.0017148392599909228,0.007687309414617199,NA,NA,NA
Teraterpeton__mean_z_trans,-0.02990250019983646,-0.011334652590086288,0.011302378941305159,NA,NA,NA
Teraterpeton__Mod_R_deltaTMyr_z_trans,-0.10672056399393451,-0.020039681662338577,0.011230597925773543,NA,NA,NA
Teraterpeton__time,-0.1188685355588116,-0.016644866206668742,0.0028515086777713052,NA,NA,NA
Teratophon__lat_range_z_trans,0.1874392479176072,0.007738470192478368,0.029553201643463842,0.4304879719004384,0.19308516383171082,0.7941098622977734
Teratophon__Temperate_N,0.16097525279086575,-0.004958122683636011,0.04037039202553614,NA,NA,NA
Teratophon__Tropical,0.1270941846081204,-0.006641923501919168,0.045440760929601594,NA,NA,NA
Teratophon__Temperate_S,-0.33760181708601106,-0.05036973375839989,0.019533220625416348,NA,NA,NA
Teratophon__Antarctic,0.04018632088996258,0.0012695851117967387,0.006595930001586281,NA,NA,NA
Teratophon__mean_z_trans,-0.014429032515463026,-0.01109793541352061,0.018082617487043533,NA,NA,NA
Teratophon__Mod_R_deltaTMyr_z_trans,0.1727579105923024,-0.0011183839357861824,0.044457508930049225,NA,NA,NA
Teratophon__time,-0.19636031007987437,-0.024835460039333554,0.003154885212542908,NA,NA,NA
Teratosaurus__lat_range_z_trans,-0.717712153494358,-0.058997599385034995,-0.0133351738094476,0.12927628314631875,0.004396033473312855,0.28246279060840607
Teratosaurus__Temperate_N,-0.013321500138845295,-0.007166892338116947,0.024714712460298598,NA,NA,NA
Teratosaurus__Tropical,0.11262838221504352,-0.0034861439756898927,0.02476314337435644,NA,NA,NA
Teratosaurus__Temperate_S,0.03381855916959466,-0.008429805900912234,0.04115922438224915,NA,NA,NA
Teratosaurus__Antarctic,0.05689497201703489,0.0010869191047503015,0.007729490726907908,NA,NA,NA
Teratosaurus__mean_z_trans,0.0382083874521777,-0.004390674507864114,0.012947536072198331,NA,NA,NA
Teratosaurus__Mod_R_deltaTMyr_z_trans,-0.051623315674805784,-0.006870073098734103,0.012562160143025256,NA,NA,NA
Teratosaurus__time,0.47283757911995056,-0.0017592339267183228,0.09664742350565178,NA,NA,NA
Termatosaurus__lat_range_z_trans,-0.7189051795005799,-0.03801343178669754,-0.05114482259731556,0.19230573761829872,0.09944469854235649,0.3218275345861912
Termatosaurus__Temperate_N,-0.07591244291659677,-0.019401504280665147,0.0272255305131964,NA,NA,NA
Termatosaurus__Tropical,0.07725137214409188,-0.011424030055535009,0.03286240695545109,NA,NA,NA
Termatosaurus__Temperate_S,0.10135937439510599,-0.006946464100936321,0.041579231276377526,NA,NA,NA
Termatosaurus__Antarctic,0.05627626691013574,0.000970232683393593,0.00867040582595399,NA,NA,NA
Termatosaurus__mean_z_trans,-0.014576925919391215,-0.008552099141024023,0.021157963457544112,NA,NA,NA
Termatosaurus__Mod_R_deltaTMyr_z_trans,-0.10322072471724823,-0.0166850678966104,0.007223244082014047,NA,NA,NA
Termatosaurus__time,0.6698354970663786,0.010038860549754535,0.11961455734201826,NA,NA,NA
Terrestrisuchus__lat_range_z_trans,0.21960546052224475,0.008878395428932508,0.031051022315989187,0.3717869097650691,0.2093195915222168,0.6237562671303749
Terrestrisuchus__Temperate_N,-0.1992016048983857,-0.03857815041470839,0.032282671301311454,NA,NA,NA
Terrestrisuchus__Tropical,0.14764284065373884,-0.006862687362457627,0.03910904399159998,NA,NA,NA
Terrestrisuchus__Temperate_S,0.16481575540624013,-0.004877774426296358,0.04822039193749287,NA,NA,NA
Terrestrisuchus__Antarctic,0.04685216143436699,0.0016943981005600797,0.007251115264370432,NA,NA,NA
Terrestrisuchus__mean_z_trans,-0.04798767829535889,-0.01378875874778653,0.014076871239708664,NA,NA,NA
Terrestrisuchus__Mod_R_deltaTMyr_z_trans,-0.09625688269898644,-0.018582787037550536,0.0219257090474114,NA,NA,NA
Terrestrisuchus__time,-0.09540829500634988,-0.017896139569013456,0.013271691757355894,NA,NA,NA
Teyujagua__lat_range_z_trans,0.02755045964326081,0.014003833493527382,0.019518585878685563,2.124492222357367,0.9685754850506783,3.216817144304514
Teyujagua__Temperate_N,0.029145817603962496,0.002783821810013766,0.032555306394360245,NA,NA,NA
Teyujagua__Tropical,0.02606059450735465,-0.00791646162446483,0.0259801428431269,NA,NA,NA
Teyujagua__Temperate_S,-0.02551770760938098,-0.064265824023059,0.017430784365205107,NA,NA,NA
Teyujagua__Antarctic,0.002702886009701852,0.0006183551405283871,0.002911145645453915,NA,NA,NA
Teyujagua__mean_z_trans,0.031104849303606887,-0.015837257863940347,0.039519755515142314,NA,NA,NA
Teyujagua__Mod_R_deltaTMyr_z_trans,0.06966396697561615,0.0251587055936694,0.0645058886788715,NA,NA,NA
Teyujagua__time,-0.020649109316612017,-0.04455867655459508,0.00476690753439433,NA,NA,NA
Teyumbaita__lat_range_z_trans,0.07037212635223736,0.006230077115499719,0.020776546303120726,0.8111033631861982,0.048707567155361176,3.2668008552864194
Teyumbaita__Temperate_N,0.04648761150290115,-0.011446509193938047,0.026796891928040485,NA,NA,NA
Teyumbaita__Tropical,0.03983330974485883,-0.006538060512530835,0.02731290088194493,NA,NA,NA
Teyumbaita__Temperate_S,-0.04287407163622774,-0.029441597271373934,0.03332044572998295,NA,NA,NA
Teyumbaita__Antarctic,0.013850413412271207,0.0008062416958543384,0.004077183580576894,NA,NA,NA
Teyumbaita__mean_z_trans,-0.014838707294005946,-0.014420557181776277,0.013078532322728558,NA,NA,NA
Teyumbaita__Mod_R_deltaTMyr_z_trans,-0.08894624283260454,-0.02687137170461629,0.006506072553285169,NA,NA,NA
Teyumbaita__time,0.1161773178680795,-0.008331726975438993,0.07531994355556014,NA,NA,NA
Thadeosaurus__lat_range_z_trans,0.06265682008617257,0.010601555874893287,0.028594979358064706,0.8893820833142673,0.41489554941654205,1.4990822516847402
Thadeosaurus__Temperate_N,0.05310330742651656,-0.006575772960662696,0.03708406455389137,NA,NA,NA
Thadeosaurus__Tropical,0.045448267637168804,-0.0017084726192178087,0.036144813538502706,NA,NA,NA
Thadeosaurus__Temperate_S,-0.0543656891567537,-0.04880787323003971,0.028028673714600116,NA,NA,NA
Thadeosaurus__Antarctic,0.010883838483798449,0.0012719374673054358,0.005308953143203414,NA,NA,NA
Thadeosaurus__mean_z_trans,0.07360051917158297,0.0005052515672852807,0.04930461412470203,NA,NA,NA
Thadeosaurus__Mod_R_deltaTMyr_z_trans,0.013658137703371572,-0.009975028028331927,0.020924846943338217,NA,NA,NA
Thadeosaurus__time,-0.06492344423434739,-0.035325102099552176,0.0017975714789373277,NA,NA,NA
Thaisaurus__lat_range_z_trans,0.04654502888073955,0.008633880482638434,0.02463094067821193,1.261164240151411,0.4523436911404133,2.17443535476923
Thaisaurus__Temperate_N,0.04763803248989444,0.0007997768061598057,0.030921043795958426,NA,NA,NA
Thaisaurus__Tropical,-0.06537532114485542,-0.048343711300486834,0.009955624485777565,NA,NA,NA
Thaisaurus__Temperate_S,0.03450626347479986,0.0004788827214155898,0.027634145858825516,NA,NA,NA
Thaisaurus__Antarctic,0.007105730526471241,0.0008266896819518963,0.003927709629867844,NA,NA,NA
Thaisaurus__mean_z_trans,0.008294933923006583,-0.028280011272775234,0.036423916859649304,NA,NA,NA
Thaisaurus__Mod_R_deltaTMyr_z_trans,0.09703018307929909,0.009191667517469465,0.06687165245817585,NA,NA,NA
Thaisaurus__time,-0.0356830941118455,-0.033320678664693425,0.006823483088773432,NA,NA,NA
Thalassiodracon__lat_range_z_trans,-0.663746003806591,-0.03377742399752418,-0.039678236170300724,0.22269007285533007,0.10819581523537636,0.377040296792984
Thalassiodracon__Temperate_N,-0.12291013806359842,-0.022157195032125473,0.024114019198368898,NA,NA,NA
Thalassiodracon__Tropical,0.08120815639849752,-0.011381622608634373,0.03228953962557596,NA,NA,NA
Thalassiodracon__Temperate_S,0.10690892845741473,-0.007012727732070705,0.041304398643890614,NA,NA,NA
Thalassiodracon__Antarctic,0.05876937145367265,0.0009138437956194157,0.007813264939124173,NA,NA,NA
Thalassiodracon__mean_z_trans,-0.024512848000158557,-0.010056152898660187,0.019680766611991394,NA,NA,NA
Thalassiodracon__Mod_R_deltaTMyr_z_trans,-0.11508573266561144,-0.016971620088859954,0.009796083734205012,NA,NA,NA
Thalassiodracon__time,0.6988116414099932,0.010429394533935148,0.11186868027238452,NA,NA,NA
Thalattoarchon__lat_range_z_trans,0.08308781706097326,0.00987694896198511,0.027813098272972833,0.7276380905146652,0.5062590576708317,1.0283975303173065
Thalattoarchon__Temperate_N,0.0825239372794867,-0.0016472599299812182,0.039771536727388694,NA,NA,NA
Thalattoarchon__Tropical,-0.10576094628776739,-0.04876033968729957,0.025325432888935476,NA,NA,NA
Thalattoarchon__Temperate_S,0.07307953937912716,-0.002490316616682987,0.040625531278584766,NA,NA,NA
Thalattoarchon__Antarctic,0.01573969314779924,0.001386179074636894,0.0055894333937259386,NA,NA,NA
Thalattoarchon__mean_z_trans,-0.013705627916870322,-0.0204128468054193,0.020831006843535137,NA,NA,NA
Thalattoarchon__Mod_R_deltaTMyr_z_trans,0.07770956851863789,0.002378154910677023,0.03804922836596093,NA,NA,NA
Thalattoarchon__time,-0.07261222406387673,-0.030344023936236263,0.009183249084136095,NA,NA,NA
Thalattosaurus__lat_range_z_trans,0.04774636900182314,0.012891574385638541,0.026629976186460506,1.1721701441286132,0.2135893777012825,1.8074634298682213
Thalattosaurus__Temperate_N,-0.04513481194948378,-0.06320074597536418,0.01880690418352921,NA,NA,NA
Thalattosaurus__Tropical,0.04347631677507775,0.0005033037056042447,0.03900782804556414,NA,NA,NA
Thalattosaurus__Temperate_S,0.04301272796151059,0.0013560618247978465,0.03679385924569567,NA,NA,NA
Thalattosaurus__Antarctic,0.007107795332044061,0.0010783643874314802,0.004544598701613966,NA,NA,NA
Thalattosaurus__mean_z_trans,0.021646262260036943,-0.008139571109857859,0.030647519475001165,NA,NA,NA
Thalattosaurus__Mod_R_deltaTMyr_z_trans,0.05548952711218198,0.000616891646186606,0.047683087067597094,NA,NA,NA
Thalattosaurus__time,-0.03328242937568084,-0.03511938289275699,0.0030747439497781303,NA,NA,NA
Thecodontosaurus__lat_range_z_trans,-0.8047133278846741,-0.053117103282896205,-0.06354969625239584,0.14767676872434093,0.04943223297595978,0.2831125068478286
Thecodontosaurus__Temperate_N,-0.03392803886905313,-0.013387352096871658,0.029058101124417764,NA,NA,NA
Thecodontosaurus__Tropical,0.09804169586393982,-0.006901504795896633,0.035358603088510625,NA,NA,NA
Thecodontosaurus__Temperate_S,0.10135285379365086,-0.008011625399412603,0.03880883904574697,NA,NA,NA
Thecodontosaurus__Antarctic,0.05360710364766419,0.0013774844425732406,0.00881945586231866,NA,NA,NA
Thecodontosaurus__mean_z_trans,0.009192677065730095,-0.0072460973612693096,0.023435532967913373,NA,NA,NA
Thecodontosaurus__Mod_R_deltaTMyr_z_trans,-0.09615295052761212,-0.013818243821293472,0.010921409540022874,NA,NA,NA
Thecodontosaurus__time,0.6248816853016614,0.011090938286746335,0.12433627147870543,NA,NA,NA
Theledectes__lat_range_z_trans,0.2840085305273533,0.006564742542237678,0.028372939336981,0.3146429438865744,0.14113495964556932,0.5791497305035591
Theledectes__Temperate_N,0.24632749542681268,-0.006848912965425421,0.04109757357050001,NA,NA,NA
Theledectes__Tropical,0.20958314802963288,-0.0031776215537144305,0.05009544489670302,NA,NA,NA
Theledectes__Temperate_S,-0.5345291639654897,-0.04823364917256242,0.02263239988957751,NA,NA,NA
Theledectes__Antarctic,0.06428906528279185,0.0012828253305950616,0.006759791425812926,NA,NA,NA
Theledectes__mean_z_trans,-0.033872850490733984,-0.010213624801598977,0.018900085800494664,NA,NA,NA
Theledectes__Mod_R_deltaTMyr_z_trans,0.1998478462547064,-0.0015907348231453677,0.035234414966847837,NA,NA,NA
Theledectes__time,-0.33165059721184664,-0.02779652858470643,0.004095866968322912,NA,NA,NA
Thelephon__lat_range_z_trans,0.28239317759871485,0.006815962056580655,0.027330933164318873,0.30097881748573857,0.14113495964556932,0.556483268737793
Thelephon__Temperate_N,0.2422177281859331,-0.0031864838537141293,0.04700659342649162,NA,NA,NA
Thelephon__Tropical,0.2104058698238805,-0.00329922274955018,0.048255672070044095,NA,NA,NA
Thelephon__Temperate_S,-0.5326661327271722,-0.05007945406775186,0.021801217046411192,NA,NA,NA
Thelephon__Antarctic,0.06407118797302246,0.0011870929525647973,0.006412955543646784,NA,NA,NA
Thelephon__mean_z_trans,-0.032335082544013856,-0.011512905525323597,0.01820597350447709,NA,NA,NA
Thelephon__Mod_R_deltaTMyr_z_trans,0.1882811524742283,-0.0010782469260685857,0.03513622112696681,NA,NA,NA
Thelephon__time,-0.3319426602078602,-0.028860245915057422,0.0030389509728834144,NA,NA,NA
Thelerpeton__lat_range_z_trans,0.22045898959784072,0.00672140255386492,0.027445799598765346,0.39625381655292585,0.14113495964556932,0.6962493539322168
Thelerpeton__Temperate_N,0.18899742538458286,-0.006280154654597651,0.039754632215397316,NA,NA,NA
Thelerpeton__Tropical,0.15640869708434874,-0.00385037903030479,0.04845848098839236,NA,NA,NA
Thelerpeton__Temperate_S,-0.4049765660088065,-0.04886199015159607,0.022377793612441525,NA,NA,NA
Thelerpeton__Antarctic,0.04814124939653415,0.0012995367289234674,0.006834693216557991,NA,NA,NA
Thelerpeton__mean_z_trans,-0.020798026529716095,-0.011233019346288394,0.016433454395512685,NA,NA,NA
Thelerpeton__Mod_R_deltaTMyr_z_trans,0.18589384302666348,-0.001611457366293247,0.042831939753414254,NA,NA,NA
Thelerpeton__time,-0.23406385483393755,-0.026197442762028553,0.0030517230747583875,NA,NA,NA
Tholodus__lat_range_z_trans,-0.44599488824605943,-0.04453141056669335,-0.0332346340815561,0.06452831589063862,0.003229711204767227,0.14951850764919072
Tholodus__Temperate_N,-0.023492881933925673,-0.009906286188227382,0.018595133615262018,NA,NA,NA
Tholodus__Tropical,-0.03593168825027533,-0.01419932605676413,0.03508323299092531,NA,NA,NA
Tholodus__Temperate_S,0.1362560166977346,0.0008847054029405669,0.05959666245620765,NA,NA,NA
Tholodus__Antarctic,0.053528108522295954,0.001920016895740072,0.011200975853515992,NA,NA,NA
Tholodus__mean_z_trans,0.05594803574611433,-0.005346004964007662,0.043187537823174985,NA,NA,NA
Tholodus__Mod_R_deltaTMyr_z_trans,0.15204116426903055,-0.00043711167018100483,0.06412331867575467,NA,NA,NA
Tholodus__time,-0.022187147506047042,-0.01839808688112742,0.008636289521955358,NA,NA,NA
Threordatoth__lat_range_z_trans,0.24024859685854819,0.009475879002159177,0.037152277134980614,0.36150722358550413,0.17165971919894218,0.5350561924278736
Threordatoth__Temperate_N,-0.2699663748450246,-0.04621953658935467,0.020317354643823587,NA,NA,NA
Threordatoth__Tropical,0.16513291808164207,-0.005861842722296449,0.0529621699749409,NA,NA,NA
Threordatoth__Temperate_S,0.18332530061002245,-0.004646395146831399,0.053640026362376816,NA,NA,NA
Threordatoth__Antarctic,0.05220316654186247,0.00165163516861589,0.008066089849324555,NA,NA,NA
Threordatoth__mean_z_trans,-0.05536969236451105,-0.013201761820102851,0.013865350651599646,NA,NA,NA
Threordatoth__Mod_R_deltaTMyr_z_trans,-0.038903206572595765,-0.015368387618851714,0.019401662958312818,NA,NA,NA
Threordatoth__time,-0.1366089511924339,-0.015843094301658298,0.0017835852798809436,NA,NA,NA
Thuringothyris__lat_range_z_trans,0.12606104801454235,0.005336878660696707,0.023796607940587855,0.5136786005669274,0.16810429841279984,1.1830812841653824
Thuringothyris__Temperate_N,0.09338714990063605,-0.005125245513221864,0.03389938751146023,NA,NA,NA
Thuringothyris__Tropical,-0.10918372284524482,-0.028972008722608727,0.020757651117762004,NA,NA,NA
Thuringothyris__Temperate_S,0.08750800760682893,-0.002346089741162877,0.02999367483423384,NA,NA,NA
Thuringothyris__Antarctic,0.027803711594984428,0.0008788356676569011,0.005779958876647662,NA,NA,NA
Thuringothyris__mean_z_trans,0.13023379121096312,-0.009620328267202738,0.06339376359960064,NA,NA,NA
Thuringothyris__Mod_R_deltaTMyr_z_trans,-0.023765132238014342,-0.011573418509007246,0.016999583804651348,NA,NA,NA
Thuringothyris__time,-0.19198309612718592,-0.038592127603470465,0.012567889170296285,NA,NA,NA
Tichvinskia__lat_range_z_trans,-0.463828654140234,-0.02674361522166072,-0.01525368099794035,0.25962543148430994,0.08140746504068375,0.5040493458509445
Tichvinskia__Temperate_N,-0.3346850571921095,-0.036527479573257395,0.01689128505264753,NA,NA,NA
Tichvinskia__Tropical,0.23306710372678935,-0.0006447718065590312,0.0362579487401835,NA,NA,NA
Tichvinskia__Temperate_S,0.22383500148542226,-0.001190581390077789,0.035421171199447814,NA,NA,NA
Tichvinskia__Antarctic,0.061227177651599046,0.0011798833538140083,0.006690581131909129,NA,NA,NA
Tichvinskia__mean_z_trans,0.15215748949558475,-0.007002906036127315,0.053034336074944684,NA,NA,NA
Tichvinskia__Mod_R_deltaTMyr_z_trans,0.3534411088190973,0.000749945967505984,0.0639903992952932,NA,NA,NA
Tichvinskia__time,-0.17216273913392796,-0.019833979321958052,0.010156476358754345,NA,NA,NA
Ticinosuchus__lat_range_z_trans,0.06534981679653634,0.010413047449602815,0.025796463639718836,0.8916222403553548,0.46935664117336273,1.6531746182590723
Ticinosuchus__Temperate_N,0.06548010537661272,-7.570935611193182e-05,0.0410702961448353,NA,NA,NA
Ticinosuchus__Tropical,-0.07346552012851462,-0.05140694082523165,0.023630799037162597,NA,NA,NA
Ticinosuchus__Temperate_S,0.05705962265602874,0.0002635362389314502,0.041549708091624296,NA,NA,NA
Ticinosuchus__Antarctic,0.011460177237177538,0.0013998335241396593,0.005165209097535737,NA,NA,NA
Ticinosuchus__mean_z_trans,-0.0056016079774716485,-0.021560665692875677,0.021757714143776783,NA,NA,NA
Ticinosuchus__Mod_R_deltaTMyr_z_trans,0.06977769369857043,0.0039386858524271835,0.04415140267404873,NA,NA,NA
Ticinosuchus__time,-0.04999853054142967,-0.03298529121920216,0.0040669240265375755,NA,NA,NA
Tikisuchus__lat_range_z_trans,0.09129635455501339,0.009052031293132812,0.030468830328554845,0.6601012544910191,0.3721710368990898,0.9344987943768501
Tikisuchus__Temperate_N,0.08071410289599239,-0.008580052341798042,0.046719508968253894,NA,NA,NA
Tikisuchus__Tropical,0.06695346769285343,-0.005565414607935759,0.053176662075737895,NA,NA,NA
Tikisuchus__Temperate_S,-0.08372556635945295,-0.053948375162933826,0.033114349127299464,NA,NA,NA
Tikisuchus__Antarctic,0.01698965357261711,0.0014239259864570785,0.006546211516384029,NA,NA,NA
Tikisuchus__mean_z_trans,-0.005748453104446184,-0.008440550592819385,0.01262963841585651,NA,NA,NA
Tikisuchus__Mod_R_deltaTMyr_z_trans,0.02225322393893636,-0.0074332934358239434,0.02365889568610816,NA,NA,NA
Tikisuchus__time,-0.048671026074003684,-0.01652177516659925,0.0008744207370450806,NA,NA,NA
Timanophon__lat_range_z_trans,-0.23806506534407898,-0.020870771002398997,-0.009808937522048755,0.4259065307678929,0.12797918170690536,0.8153744079172611
Timanophon__Temperate_N,-0.28019507353098116,-0.036126998026821094,0.007225477686502672,NA,NA,NA
Timanophon__Tropical,0.17325646119678043,0.0006581249954134477,0.039052045838592966,NA,NA,NA
Timanophon__Temperate_S,0.1560120924996968,-0.001555354572559507,0.03378332636648426,NA,NA,NA
Timanophon__Antarctic,0.0413218993814031,0.0011884964213688882,0.0061355120116281855,NA,NA,NA
Timanophon__mean_z_trans,0.1286428056988119,-0.011621976326689624,0.05332515704041985,NA,NA,NA
Timanophon__Mod_R_deltaTMyr_z_trans,0.2998325251262122,0.0013737081097456502,0.06756005395591295,NA,NA,NA
Timanophon__time,-0.14074388791033443,-0.023058733626379075,0.009915881477747718,NA,NA,NA
Toretocnemus__lat_range_z_trans,0.21358496011310357,0.009036285664806873,0.03517032034682396,0.3964986068915459,0.18714276442187838,0.6828275267034769
Toretocnemus__Temperate_N,0.16732848224009836,-0.0023331480804530485,0.05312741744305481,NA,NA,NA
Toretocnemus__Tropical,-0.2132886087830371,-0.047130716339951646,0.03024105548795136,NA,NA,NA
Toretocnemus__Temperate_S,0.15272618799007093,-0.00467552790698388,0.0522411321258705,NA,NA,NA
Toretocnemus__Antarctic,0.04677171169991529,0.0017300537812475433,0.007539988773561702,NA,NA,NA
Toretocnemus__mean_z_trans,-0.022291816799588395,-0.0099095165671347,0.011085778617150242,NA,NA,NA
Toretocnemus__Mod_R_deltaTMyr_z_trans,-0.09073952806231263,-0.020506956774991092,0.016154673858607103,NA,NA,NA
Toretocnemus__time,-0.11402963128074023,-0.01622397780486036,0.0016281502022201769,NA,NA,NA
Trachelosaurus__lat_range_z_trans,0.0508531562309776,0.011612804026530593,0.027069901966949545,1.083160015824251,0.5981970988214016,1.47257000207901
Trachelosaurus__Temperate_N,-0.048882761295379176,-0.0551596201032275,0.019378123135285873,NA,NA,NA
Trachelosaurus__Tropical,0.04968980200307156,0.003256115827485746,0.04260156465632714,NA,NA,NA
Trachelosaurus__Temperate_S,0.04734098938993408,-0.0021813050146976885,0.035934709846827916,NA,NA,NA
Trachelosaurus__Antarctic,0.007871310126714784,0.00119242251636206,0.004941027000037482,NA,NA,NA
Trachelosaurus__mean_z_trans,0.02777916669982753,-0.0136758077062216,0.03567548255300077,NA,NA,NA
Trachelosaurus__Mod_R_deltaTMyr_z_trans,0.04683009495291621,-0.0004483014264390347,0.035330347162227535,NA,NA,NA
Trachelosaurus__time,-0.04142000099055277,-0.034609812148112894,0.006257360534583619,NA,NA,NA
Tramuntanasaurus__lat_range_z_trans,0.2539536091685295,0.005206655770018589,0.02710194321295866,0.2658220214978792,0.08683869615197182,0.6037888424471021
Tramuntanasaurus__Temperate_N,0.19870974217541515,-0.0034725876612423934,0.03891500769059555,NA,NA,NA
Tramuntanasaurus__Tropical,0.16797552581178024,-0.002654309360355886,0.0352640713098204,NA,NA,NA
Tramuntanasaurus__Temperate_S,-0.21541751574026421,-0.026397386140192446,0.03064856515224394,NA,NA,NA
Tramuntanasaurus__Antarctic,0.05658192233880982,0.0006863400825205211,0.0064693507722832855,NA,NA,NA
Tramuntanasaurus__mean_z_trans,-0.004380605877377093,-0.01968678416126519,0.042366806547373015,NA,NA,NA
Tramuntanasaurus__Mod_R_deltaTMyr_z_trans,-0.03907285964116454,-0.012517706700730515,0.020827283197491248,NA,NA,NA
Tramuntanasaurus__time,-0.35369709562510254,-0.031177725857072992,0.005595488972473789,NA,NA,NA
Trialestes__lat_range_z_trans,0.09129635455501339,0.009052031293132812,0.030468830328554845,0.6601012544910191,0.3721710368990898,0.9344987943768501
Trialestes__Temperate_N,0.08071410289599239,-0.008580052341798042,0.046719508968253894,NA,NA,NA
Trialestes__Tropical,0.06695346769285343,-0.005565414607935759,0.053176662075737895,NA,NA,NA
Trialestes__Temperate_S,-0.08372556635945295,-0.053948375162933826,0.033114349127299464,NA,NA,NA
Trialestes__Antarctic,0.01698965357261711,0.0014239259864570785,0.006546211516384029,NA,NA,NA
Trialestes__mean_z_trans,-0.005748453104446184,-0.008440550592819385,0.01262963841585651,NA,NA,NA
Trialestes__Mod_R_deltaTMyr_z_trans,0.02225322393893636,-0.0074332934358239434,0.02365889568610816,NA,NA,NA
Trialestes__time,-0.048671026074003684,-0.01652177516659925,0.0008744207370450806,NA,NA,NA
Tricuspisaurus__lat_range_z_trans,0.04048008859687145,0.00906803182549346,0.023907161788401618,1.5010956129676196,0.7502046376466751,1.9857414066791534
Tricuspisaurus__Temperate_N,-0.019910892550084568,-0.029563371038607452,0.02295939024480615,NA,NA,NA
Tricuspisaurus__Tropical,0.019789888438273978,-0.015308212618945525,0.027091731436524002,NA,NA,NA
Tricuspisaurus__Temperate_S,0.018473777838344228,-0.01307960116625146,0.02524610676688307,NA,NA,NA
Tricuspisaurus__Antarctic,0.005755953545354467,0.0006881941894498542,0.003856568447337159,NA,NA,NA
Tricuspisaurus__mean_z_trans,-0.002488028439974592,-0.015315487964713019,0.015132302544882232,NA,NA,NA
Tricuspisaurus__Mod_R_deltaTMyr_z_trans,-0.029871377510828752,-0.033473060366439336,0.014201278923882238,NA,NA,NA
Tricuspisaurus__time,0.1078323471995536,0.0069700031116931615,0.0747939767025234,NA,NA,NA
Trilophosaurus__lat_range_z_trans,-0.13874557890493908,-0.026520838509520746,-0.009170714075907296,0.6579911836417159,0.0206117182970047,1.439852312207222
Trilophosaurus__Temperate_N,0.05653267861283214,-0.004901417819981791,0.030877894903469563,NA,NA,NA
Trilophosaurus__Tropical,-0.034950064619550664,-0.02301543055277313,0.033210409873330966,NA,NA,NA
Trilophosaurus__Temperate_S,0.04335351939650206,-0.0056164884002042805,0.026878228258714432,NA,NA,NA
Trilophosaurus__Antarctic,0.018050151935285384,0.0007815234029796732,0.005384000060537115,NA,NA,NA
Trilophosaurus__mean_z_trans,0.0022151349498813,-0.008524960562192752,0.017529605202522343,NA,NA,NA
Trilophosaurus__Mod_R_deltaTMyr_z_trans,-0.03984996233712276,-0.01828771488539976,0.009879856449278064,NA,NA,NA
Trilophosaurus__time,0.23345587808462145,-0.003928176701227529,0.09259923618329467,NA,NA,NA
Tropidosuchus__lat_range_z_trans,0.11176395116160645,0.00942189818732697,0.0306251303207046,0.5854883582805632,0.3016970120370388,0.849332645535469
Tropidosuchus__Temperate_N,0.09540840790864348,-0.005724197290046899,0.04359189316685021,NA,NA,NA
Tropidosuchus__Tropical,0.0753179457035566,-0.006207477840446589,0.04535785108819212,NA,NA,NA
Tropidosuchus__Temperate_S,-0.15929438505329235,-0.051009088261395705,0.020707712523606266,NA,NA,NA
Tropidosuchus__Antarctic,0.022014160423721896,0.001109360208140621,0.006450298427734172,NA,NA,NA
Tropidosuchus__mean_z_trans,-0.003169336872648904,-0.010171692079108527,0.013736762935955348,NA,NA,NA
Tropidosuchus__Mod_R_deltaTMyr_z_trans,0.08482302867398447,-0.003478011707924641,0.04386265789812609,NA,NA,NA
Tropidosuchus__time,-0.08680201482806178,-0.023954295244865535,0.002856210494071055,NA,NA,NA
Tuebingosaurus__lat_range_z_trans,0.1338595401576532,0.007761884182922485,0.029432649943238135,0.48921897817461285,0.16756130009889603,0.9349627122282982
Tuebingosaurus__Temperate_N,-0.08635627921129876,-0.030919347295833337,0.028114354309563105,NA,NA,NA
Tuebingosaurus__Tropical,0.08613233555818123,-0.004597136187982933,0.04010331786171527,NA,NA,NA
Tuebingosaurus__Temperate_S,0.09666606943258126,-0.010304385158165234,0.032180222578509346,NA,NA,NA
Tuebingosaurus__Antarctic,0.026868635416133893,0.0012385560093453778,0.005941974099417983,NA,NA,NA
Tuebingosaurus__mean_z_trans,-0.042190305513537044,-0.015690563312539235,0.0167743046411666,NA,NA,NA
Tuebingosaurus__Mod_R_deltaTMyr_z_trans,-0.1352702171839615,-0.027992547689571625,0.002772673482923084,NA,NA,NA
Tuebingosaurus__time,0.06035197846175759,-0.009509964576495803,0.05186901993870633,NA,NA,NA
Turfanosuchus__lat_range_z_trans,0.05057168643716212,0.011540284094177523,0.027069901966949545,1.0893267093924806,0.5981970988214016,1.5876378156244755
Turfanosuchus__Temperate_N,-0.04843806508413729,-0.05481515791223829,0.019378123135285873,NA,NA,NA
Turfanosuchus__Tropical,0.04937251956400101,0.003235781952996557,0.04260156465632714,NA,NA,NA
Turfanosuchus__Temperate_S,0.04707148701807713,-0.0021676831459616027,0.035934709846827916,NA,NA,NA
Turfanosuchus__Antarctic,0.007799301252557055,0.0011849760460672634,0.004941027000037482,NA,NA,NA
Turfanosuchus__mean_z_trans,0.02779826522573374,-0.013590404676301954,0.03567548255300077,NA,NA,NA
Turfanosuchus__Mod_R_deltaTMyr_z_trans,0.046972106624724695,-0.0010076204693711486,0.035330347162227535,NA,NA,NA
Turfanosuchus__time,-0.04108554392060862,-0.03439367991768866,0.006257360534583619,NA,NA,NA
Typothorax__lat_range_z_trans,-0.8690192711353302,-0.05025466602382326,-0.05623956961825643,0.2577550519770011,0.15770035050809383,0.38078795187175274
Typothorax__Temperate_N,0.1198847164819017,-0.0048551507362910055,0.03952083312284363,NA,NA,NA
Typothorax__Tropical,-0.003944768481887877,-0.01777138179834347,0.026915162078406753,NA,NA,NA
Typothorax__Temperate_S,0.10124971265206113,-0.005058590652418623,0.037069708900627586,NA,NA,NA
Typothorax__Antarctic,0.057375980783253906,0.0010190626218002838,0.008261348858735473,NA,NA,NA
Typothorax__mean_z_trans,0.02601947864051908,-0.00579974533933046,0.02617664676519535,NA,NA,NA
Typothorax__Mod_R_deltaTMyr_z_trans,-0.08302999148378148,-0.014667057946843145,0.00568541734707973,NA,NA,NA
Typothorax__time,0.7089032442867755,0.007374025846929374,0.11979896940060779,NA,NA,NA
Uatchitodon__lat_range_z_trans,0.02265564338251389,-0.003684664971394479,0.015772872177902297,0.7238521105586551,0.0794443974737078,2.791580332093872
Uatchitodon__Temperate_N,0.05691785599411554,-0.005153965132597274,0.029588315563492427,NA,NA,NA
Uatchitodon__Tropical,-0.043817215975257874,-0.02690419602379455,0.030345857121984992,NA,NA,NA
Uatchitodon__Temperate_S,0.04607348878061284,-0.006114349563528304,0.024230748100310427,NA,NA,NA
Uatchitodon__Antarctic,0.016553189140002558,0.0012474100120371625,0.0043601267160655564,NA,NA,NA
Uatchitodon__mean_z_trans,-0.005384081031371576,-0.012652177387412835,0.015214973834609189,NA,NA,NA
Uatchitodon__Mod_R_deltaTMyr_z_trans,-0.09135406459651224,-0.026941368338372875,0.0007017727046663786,NA,NA,NA
Uatchitodon__time,0.13841694142340666,-0.009810192623257148,0.08697385063620859,NA,NA,NA
Unaysaurus__lat_range_z_trans,0.06826591605000201,0.006007244788218645,0.020340186054364284,0.828762006323086,0.06623401492834091,3.3465236350893974
Unaysaurus__Temperate_N,0.047549561113385,-0.01072317215641854,0.02397607929074253,NA,NA,NA
Unaysaurus__Tropical,0.03728714904315574,-0.0071924057362928095,0.02554818444808825,NA,NA,NA
Unaysaurus__Temperate_S,-0.04005706379273226,-0.03090719703392407,0.03602530551979442,NA,NA,NA
Unaysaurus__Antarctic,0.013090605639223592,0.0010481071171750788,0.0038699915614919,NA,NA,NA
Unaysaurus__mean_z_trans,-0.011707700457208354,-0.011645204191726224,0.01721432597345772,NA,NA,NA
Unaysaurus__Mod_R_deltaTMyr_z_trans,-0.08035543888139442,-0.028208854508123018,0.007037791674624159,NA,NA,NA
Unaysaurus__time,0.10598872840307853,-0.00839202230722937,0.07317665233267659,NA,NA,NA
Unguinychus__lat_range_z_trans,0.269072582423687,0.006226756494602281,0.03406890802485115,0.25539105674921303,0.08005526103079319,0.47409986704587936
Unguinychus__Temperate_N,0.1920119730196893,-0.005323785216327696,0.045717125304743235,NA,NA,NA
Unguinychus__Tropical,-0.20811588173266501,-0.029438522661460912,0.04140332554938211,NA,NA,NA
Unguinychus__Temperate_S,0.18369047047104686,-0.005608839941685098,0.041955844324190486,NA,NA,NA
Unguinychus__Antarctic,0.06390064350096508,0.001501086399238548,0.008508076380360158,NA,NA,NA
Unguinychus__mean_z_trans,-0.061504934469703586,-0.016897451882034096,0.016681387611925006,NA,NA,NA
Unguinychus__Mod_R_deltaTMyr_z_trans,-0.43761680107563733,-0.03099731001961561,-0.016696089541413245,NA,NA,NA
Unguinychus__time,0.04555037485639332,-0.009475437201037723,0.035549939201200975,NA,NA,NA
Uralosaurus__lat_range_z_trans,-0.33995810359716416,-0.0221594698263781,-0.01686489589847413,0.2369538195838686,0.08196856826543808,0.4586297906935215
Uralosaurus__Temperate_N,-0.31570850940421225,-0.043367190214299,0.025653681621822057,NA,NA,NA
Uralosaurus__Tropical,0.22120832427346612,-0.00024925902993446554,0.04757027606655747,NA,NA,NA
Uralosaurus__Temperate_S,0.23107496853277554,-0.00114780742588558,0.048331674285674434,NA,NA,NA
Uralosaurus__Antarctic,0.05892954913899302,0.0012570835688219101,0.008480161480398589,NA,NA,NA
Uralosaurus__mean_z_trans,0.09922873222036287,-0.00529669100711205,0.039978699525511835,NA,NA,NA
Uralosaurus__Mod_R_deltaTMyr_z_trans,0.23044887372292577,-0.00023665268206868052,0.048472691258327545,NA,NA,NA
Uralosaurus__time,-0.15277613088139333,-0.01881351741146434,0.005566228515422058,NA,NA,NA
Utatsusaurus__lat_range_z_trans,-0.38668693900108336,-0.0388817830611792,-0.03254838663421066,0.0800430027526454,0.02518028672784567,0.14705414092168212
Utatsusaurus__Temperate_N,-0.03936702587874606,-0.010043379566043883,0.018761614100265327,NA,NA,NA
Utatsusaurus__Tropical,-0.06930859609972685,-0.013644543898976935,0.028012138718176458,NA,NA,NA
Utatsusaurus__Temperate_S,0.1325685178511776,-0.004046062143141736,0.03995311640419074,NA,NA,NA
Utatsusaurus__Antarctic,0.051274634581059214,0.0017899481543048395,0.010664981879618453,NA,NA,NA
Utatsusaurus__mean_z_trans,0.08930554347578436,-0.007692873587304333,0.06520914765533264,NA,NA,NA
Utatsusaurus__Mod_R_deltaTMyr_z_trans,0.21469019439071416,0.001986064053530437,0.07364197457733378,NA,NA,NA
Utatsusaurus__time,-0.10475360407115658,-0.019480873979509507,0.003493930154533126,NA,NA,NA
Vallesaurus__lat_range_z_trans,0.2831045934557915,0.007473842665325747,0.03175892234642962,0.34716344098793345,0.18254610896110535,0.4940805099904537
Vallesaurus__Temperate_N,0.18678556605475025,-0.008004421614233486,0.04000720336719816,NA,NA,NA
Vallesaurus__Tropical,-0.20231969910906628,-0.030831192197078337,0.04383265745106609,NA,NA,NA
Vallesaurus__Temperate_S,0.1770406940940302,-0.00410911569616821,0.04146422571526052,NA,NA,NA
Vallesaurus__Antarctic,0.06491980529739522,0.001460708601869596,0.007246648454461665,NA,NA,NA
Vallesaurus__mean_z_trans,-0.07548975424841046,-0.017696831889526032,0.017228894454059073,NA,NA,NA
Vallesaurus__Mod_R_deltaTMyr_z_trans,-0.4517065253667533,-0.03126657373153676,-0.009160868328423454,NA,NA,NA
Vallesaurus__time,0.15532494645565748,-0.007039920166972819,0.03481083339518818,NA,NA,NA
Vancleavea__lat_range_z_trans,-0.8729144698381424,-0.050579664401935384,-0.055045490131961215,0.25283616735832765,0.16025875695049763,0.36795780435204506
Vancleavea__Temperate_N,0.12016504316037753,-0.004951406871997942,0.03938011601798795,NA,NA,NA
Vancleavea__Tropical,-0.003274618266150355,-0.01789160883687923,0.026744404545880358,NA,NA,NA
Vancleavea__Temperate_S,0.1011929547728505,-0.004935743112199458,0.03694825844471094,NA,NA,NA
Vancleavea__Antarctic,0.05736366031691432,0.000965299804810168,0.008093441542879932,NA,NA,NA
Vancleavea__mean_z_trans,0.026663866573362612,-0.005843883705288837,0.025917539932511766,NA,NA,NA
Vancleavea__Mod_R_deltaTMyr_z_trans,-0.08322733331908239,-0.014250335626131119,0.00566635484366153,NA,NA,NA
Vancleavea__time,0.7066323398053647,0.007473838721301495,0.1194838916595686,NA,NA,NA
Variodens__lat_range_z_trans,-0.608224886059761,-0.02941253266031157,-0.03534049872894304,0.2623303894631681,0.12250395701266825,0.4456889405846596
Variodens__Temperate_N,-0.16616355707868935,-0.02103055685214915,0.023700445610115486,NA,NA,NA
Variodens__Tropical,0.08765425049175973,-0.01034151923464178,0.03428141623097942,NA,NA,NA
Variodens__Temperate_S,0.11337382484227419,-0.012631200040299894,0.031994174528793606,NA,NA,NA
Variodens__Antarctic,0.06097297217696905,0.0007248067046862034,0.007820554629500395,NA,NA,NA
Variodens__mean_z_trans,-0.030213489743473473,-0.01106591212103944,0.0167119951625867,NA,NA,NA
Variodens__Mod_R_deltaTMyr_z_trans,-0.12783367025200276,-0.01643165127231799,0.009963332730527791,NA,NA,NA
Variodens__time,0.727109259441495,0.010175061447753304,0.11805709669167952,NA,NA,NA
Vellbergia__lat_range_z_trans,0.04871683886195192,0.013064201327397159,0.027362720214595224,1.1572834297762893,0.44699177891016006,2.045439327135682
Vellbergia__Temperate_N,-0.049083068606460854,-0.05818463783610258,0.02204893589259934,NA,NA,NA
Vellbergia__Tropical,0.04231975052206165,-0.0025660219168482227,0.03986399205005852,NA,NA,NA
Vellbergia__Temperate_S,0.04330311463906734,-0.002979800533965709,0.03760142991678767,NA,NA,NA
Vellbergia__Antarctic,0.007448016060862936,0.00119948309818625,0.004644345906678778,NA,NA,NA
Vellbergia__mean_z_trans,0.013053857052800223,-0.007828440993581735,0.025477478267693077,NA,NA,NA
Vellbergia__Mod_R_deltaTMyr_z_trans,0.06502435021846491,-0.0006156472190590124,0.047047384585028856,NA,NA,NA
Vellbergia__time,-0.030721101631238264,-0.032102639954346465,0.0031422300217983923,NA,NA,NA
Velocipes__lat_range_z_trans,0.16290427813171776,0.007119902437022122,0.030161868178651102,0.4310043168190168,0.16963126603513956,0.6955422535538673
Velocipes__Temperate_N,-0.10668783049523416,-0.029694731127859548,0.027758053130858884,NA,NA,NA
Velocipes__Tropical,0.10981160355459023,-0.005284978696585832,0.04461223853892915,NA,NA,NA
Velocipes__Temperate_S,0.1199456897171783,-0.007942989434190004,0.03732360870772709,NA,NA,NA
Velocipes__Antarctic,0.03347951025697019,0.0012371664366885844,0.0067275685187418496,NA,NA,NA
Velocipes__mean_z_trans,-0.05164998284154311,-0.017311521175179673,0.015491448060973625,NA,NA,NA
Velocipes__Mod_R_deltaTMyr_z_trans,-0.16660195624314303,-0.02524864668952307,0.009671037601116041,NA,NA,NA
Velocipes__time,0.038860445036973675,-0.012887705778692887,0.03544269411824214,NA,NA,NA
Venaticosuchus__lat_range_z_trans,0.091974373550021,0.008929624970940882,0.030190610154896557,0.6560533258243231,0.3721710368990898,0.9543818663805723
Venaticosuchus__Temperate_N,0.08168094855489716,-0.008464028366917344,0.04629289889631438,NA,NA,NA
Venaticosuchus__Tropical,0.06753897470298968,-0.005490156148086259,0.05269108977126336,NA,NA,NA
Venaticosuchus__Temperate_S,-0.08438035949745495,-0.053218856894814835,0.03281197191539369,NA,NA,NA
Venaticosuchus__Antarctic,0.017162852863346078,0.0014046709112776595,0.006486436064381024,NA,NA,NA
Venaticosuchus__mean_z_trans,-0.006095403528649122,-0.009182878628963354,0.01251431333919914,NA,NA,NA
Venaticosuchus__Mod_R_deltaTMyr_z_trans,0.02046973732059607,-0.007332776537264071,0.02533476057893476,NA,NA,NA
Venaticosuchus__time,-0.04828936684823607,-0.016659103334492997,0.0008664361348569522,NA,NA,NA
Venetoraptor__lat_range_z_trans,-0.192160073821737,-0.026433228014066085,-0.005607688654145765,0.49661161990617986,0.0032510762102901936,1.6414766050875187
Venetoraptor__Temperate_N,0.08024130494954752,-0.006301947835822009,0.028525113095211073,NA,NA,NA
Venetoraptor__Tropical,0.06675066914048042,-0.005494908132096667,0.02397663165726321,NA,NA,NA
Venetoraptor__Temperate_S,-0.01807799350466747,-0.02313133038759518,0.04281604039136272,NA,NA,NA
Venetoraptor__Antarctic,0.025483411876504186,0.0008961668531013348,0.005026078799506002,NA,NA,NA
Venetoraptor__mean_z_trans,-0.004621775418148083,-0.007706378914532592,0.010973298548391382,NA,NA,NA
Venetoraptor__Mod_R_deltaTMyr_z_trans,-0.06046980842962766,-0.016386346649374703,0.01582762455303357,NA,NA,NA
Venetoraptor__time,0.24291602232515797,-0.005455530947934412,0.08565141846461768,NA,NA,NA
Vinitasaura__lat_range_z_trans,0.20248904992273467,0.009725085008632358,0.03501024435054053,0.408177749204915,0.20777822588570416,0.6361741293221712
Vinitasaura__Temperate_N,0.16084960122772712,-0.002610047472041336,0.05288561059588087,NA,NA,NA
Vinitasaura__Tropical,-0.20653338360780374,-0.04911652423784243,0.03616233258088163,NA,NA,NA
Vinitasaura__Temperate_S,0.1457935594450339,-0.005230422319235031,0.052003359163055325,NA,NA,NA
Vinitasaura__Antarctic,0.044162229530781916,0.0019353775853626423,0.007505670882709656,NA,NA,NA
Vinitasaura__mean_z_trans,-0.021317121620299258,-0.01078627571373219,0.011035322236906377,NA,NA,NA
Vinitasaura__Mod_R_deltaTMyr_z_trans,-0.067971124399922,-0.015781247810716006,0.010965237289215507,NA,NA,NA
Vinitasaura__time,-0.11741105338074277,-0.018149449068748328,0.0016207397560499587,NA,NA,NA
Vivaron__lat_range_z_trans,0.10108156559799195,0.007211871231267054,0.023009205229815814,0.6226478595484514,0.13069792091846466,2.2774798534810543
Vivaron__Temperate_N,0.06746971916433363,-0.006118220007062161,0.030083380798442905,NA,NA,NA
Vivaron__Tropical,-0.060605744294900066,-0.03034210169947065,0.03386610906020913,NA,NA,NA
Vivaron__Temperate_S,0.06179232726193045,-0.00367344036907421,0.028129567988393944,NA,NA,NA
Vivaron__Antarctic,0.020865425414182678,0.0011587837713743735,0.004938898522380861,NA,NA,NA
Vivaron__mean_z_trans,-0.014397393726757237,-0.0174160982656168,0.013564980857585403,NA,NA,NA
Vivaron__Mod_R_deltaTMyr_z_trans,-0.14188137326563677,-0.03194873410738347,-0.0016202151134890855,NA,NA,NA
Vivaron__time,0.10573723096636523,-0.008885564582354448,0.0752165895119009,NA,NA,NA
Vjushkovisaurus__lat_range_z_trans,-0.3392088238149881,-0.023984153644748707,-0.015562858207040488,0.22172330688103103,0.06865634769201279,0.4422905892133713
Vjushkovisaurus__Temperate_N,-0.31658757633063944,-0.038869037586797335,0.02499177502025685,NA,NA,NA
Vjushkovisaurus__Tropical,0.22131308659387286,-0.00045107541249553214,0.04706888964629898,NA,NA,NA
Vjushkovisaurus__Temperate_S,0.23115276797965634,-0.001480917235948642,0.04704977457339927,NA,NA,NA
Vjushkovisaurus__Antarctic,0.05948683596216142,0.0014323713956552746,0.008542547831454153,NA,NA,NA
Vjushkovisaurus__mean_z_trans,0.10311956587363966,-0.006746825690287776,0.0416290335587665,NA,NA,NA
Vjushkovisaurus__Mod_R_deltaTMyr_z_trans,0.21316436719615012,0.00027318488230832844,0.047961793463319934,NA,NA,NA
Vjushkovisaurus__time,-0.15563115249853582,-0.020187050736005924,0.00550756096878467,NA,NA,NA
Volcanosuchus__lat_range_z_trans,0.09190128353089612,0.008934746259802985,0.030468830328554845,0.656602466313052,0.3721710368990898,0.9543818663805723
Volcanosuchus__Temperate_N,0.08138434843619112,-0.008468882628361141,0.046719508968253894,NA,NA,NA
Volcanosuchus__Tropical,0.06764863292670695,-0.005493304844209993,0.053176662075737895,NA,NA,NA
Volcanosuchus__Temperate_S,-0.08545973699823783,-0.05324937879690547,0.033114349127299464,NA,NA,NA
Volcanosuchus__Antarctic,0.017214644937550604,0.0014571007594107478,0.006546211516384029,NA,NA,NA
Volcanosuchus__mean_z_trans,-0.00662074290709798,-0.009188145163022464,0.01262963841585651,NA,NA,NA
Volcanosuchus__Mod_R_deltaTMyr_z_trans,0.022252666683454197,-0.0073369820069149,0.02365889568610816,NA,NA,NA
Volcanosuchus__time,-0.048259339491953324,-0.01666865760812007,0.0008744207370450806,NA,NA,NA
Vonhuenia__lat_range_z_trans,0.03204139107643495,0.016743686341453724,0.022108916784358293,1.8773396136373048,1.0066168308258057,2.8588281087577343
Vonhuenia__Temperate_N,-0.02955498294309048,-0.05464186299095291,0.012769598796704125,NA,NA,NA
Vonhuenia__Tropical,0.032780500875838434,0.004597450147330598,0.032896354040395176,NA,NA,NA
Vonhuenia__Temperate_S,0.02585684732379767,-0.0013957997572536123,0.025561433906138176,NA,NA,NA
Vonhuenia__Antarctic,0.0033767270116505745,0.0007561735918616049,0.0025968386176020482,NA,NA,NA
Vonhuenia__mean_z_trans,0.032488985524524526,-0.02399353576741136,0.04658501700970122,NA,NA,NA
Vonhuenia__Mod_R_deltaTMyr_z_trans,0.06352768241525632,0.015933094415777584,0.055842307091105214,NA,NA,NA
Vonhuenia__time,-0.020455394166902115,-0.04801271000912595,0.008828050609235602,NA,NA,NA
Vritramimosaurus__lat_range_z_trans,0.03204139107643495,0.016743686341453724,0.022108916784358293,1.8773396136373048,1.0066168308258057,2.8588281087577343
Vritramimosaurus__Temperate_N,-0.02955498294309048,-0.05464186299095291,0.012769598796704125,NA,NA,NA
Vritramimosaurus__Tropical,0.032780500875838434,0.004597450147330598,0.032896354040395176,NA,NA,NA
Vritramimosaurus__Temperate_S,0.02585684732379767,-0.0013957997572536123,0.025561433906138176,NA,NA,NA
Vritramimosaurus__Antarctic,0.0033767270116505745,0.0007561735918616049,0.0025968386176020482,NA,NA,NA
Vritramimosaurus__mean_z_trans,0.032488985524524526,-0.02399353576741136,0.04658501700970122,NA,NA,NA
Vritramimosaurus__Mod_R_deltaTMyr_z_trans,0.06352768241525632,0.015933094415777584,0.055842307091105214,NA,NA,NA
Vritramimosaurus__time,-0.020455394166902115,-0.04801271000912595,0.008828050609235602,NA,NA,NA
Vytshegdosuchus__lat_range_z_trans,0.03204139107643495,0.016743686341453724,0.022108916784358293,1.8773396136373048,1.0066168308258057,2.8588281087577343
Vytshegdosuchus__Temperate_N,-0.02955498294309048,-0.05464186299095291,0.012769598796704125,NA,NA,NA
Vytshegdosuchus__Tropical,0.032780500875838434,0.004597450147330598,0.032896354040395176,NA,NA,NA
Vytshegdosuchus__Temperate_S,0.02585684732379767,-0.0013957997572536123,0.025561433906138176,NA,NA,NA
Vytshegdosuchus__Antarctic,0.0033767270116505745,0.0007561735918616049,0.0025968386176020482,NA,NA,NA
Vytshegdosuchus__mean_z_trans,0.032488985524524526,-0.02399353576741136,0.04658501700970122,NA,NA,NA
Vytshegdosuchus__Mod_R_deltaTMyr_z_trans,0.06352768241525632,0.015933094415777584,0.055842307091105214,NA,NA,NA
Vytshegdosuchus__time,-0.020455394166902115,-0.04801271000912595,0.008828050609235602,NA,NA,NA
Wahlisaurus__lat_range_z_trans,0.038841154226784504,0.010200368541915644,0.026176172363934134,1.5910630645614583,0.9984516687691212,2.2921414375305176
Wahlisaurus__Temperate_N,-0.019298473823853725,-0.031125125573532218,0.022251737870423834,NA,NA,NA
Wahlisaurus__Tropical,0.01828077837012913,-0.015556928982473463,0.026256712393214643,NA,NA,NA
Wahlisaurus__Temperate_S,0.017502496850406318,-0.013292108721473144,0.024467973410247618,NA,NA,NA
Wahlisaurus__Antarctic,0.005378152643551295,0.0006993754527665911,0.003903305214537218,NA,NA,NA
Wahlisaurus__mean_z_trans,-0.0012503734400442106,-0.01496211585166638,0.014665896002218064,NA,NA,NA
Wahlisaurus__Mod_R_deltaTMyr_z_trans,-0.027629862934573996,-0.03401690555971739,0.013763568312119619,NA,NA,NA
Wahlisaurus__time,0.10823788522511053,0.008039936665860043,0.07570315128854473,NA,NA,NA
Waluchelys__lat_range_z_trans,0.23843264731954172,0.0058929151194271195,0.022322383347854198,0.37308744942070915,0.06053435802459717,2.269110180437565
Waluchelys__Temperate_N,0.15631884929079498,-0.01113173849841124,0.030036431825419655,NA,NA,NA
Waluchelys__Tropical,0.12273248295642779,-0.00635826859343505,0.026983822795057368,NA,NA,NA
Waluchelys__Temperate_S,-0.20785332923416222,-0.03291432955332729,0.03378627584209669,NA,NA,NA
Waluchelys__Antarctic,0.054480002229840147,0.001142152880917724,0.004777741561279827,NA,NA,NA
Waluchelys__mean_z_trans,-0.07541897415359707,-0.01085726476547011,0.015325738025757598,NA,NA,NA
Waluchelys__Mod_R_deltaTMyr_z_trans,-0.344750371024044,-0.027225779075575187,-0.004348826321428071,NA,NA,NA
Waluchelys__time,0.19612044973270845,-0.008561191542446287,0.07830494977920262,NA,NA,NA
Wangosaurus__lat_range_z_trans,0.04087791360352779,0.012143877721820193,0.026258465793338473,1.4517494337732204,0.47503464901819825,2.456132768187672
Wangosaurus__Temperate_N,0.041267423385856976,-0.0014992667703597657,0.03871632554934988,NA,NA,NA
Wangosaurus__Tropical,-0.03260612139664739,-0.0601665054922017,0.01931748538984025,NA,NA,NA
Wangosaurus__Temperate_S,0.03423914379219988,0.00037614327946399595,0.03693326513859625,NA,NA,NA
Wangosaurus__Antarctic,0.005493871596531458,0.001465349894734052,0.004359445629193105,NA,NA,NA
Wangosaurus__mean_z_trans,0.010027497000501144,-0.011945150295962955,0.027807690374948516,NA,NA,NA
Wangosaurus__Mod_R_deltaTMyr_z_trans,0.0594071876330505,-0.004274035635028884,0.04911509063159219,NA,NA,NA
Wangosaurus__time,-0.01864515849751052,-0.02611391673078525,0.004680748348381204,NA,NA,NA
Wannia__lat_range_z_trans,0.11238772173134119,0.006700684929634914,0.024444415075172574,0.5836070989700965,0.08210348710417747,1.8878765795379877
Wannia__Temperate_N,0.07168167200755254,-0.005573718042425159,0.03395450161877238,NA,NA,NA
Wannia__Tropical,-0.0693752074329568,-0.03345915058099933,0.036940328879988486,NA,NA,NA
Wannia__Temperate_S,0.06446750954681495,-0.00526650620566782,0.029491505200956152,NA,NA,NA
Wannia__Antarctic,0.02353027671153568,0.0011899991651306147,0.0051218474876519315,NA,NA,NA
Wannia__mean_z_trans,-0.022740335996326622,-0.01586612135877245,0.016608965305423072,NA,NA,NA
Wannia__Mod_R_deltaTMyr_z_trans,-0.15870718467305878,-0.029105399204575885,-0.0036846671738178538,NA,NA,NA
Wannia__time,0.11881730522260771,-0.008633292730645193,0.06431162046109312,NA,NA,NA
Wapitisaurus__lat_range_z_trans,0.03204139107643495,0.016743686341453724,0.022108916784358293,1.8773396136373048,1.0066168308258057,2.8588281087577343
Wapitisaurus__Temperate_N,-0.02955498294309048,-0.05464186299095291,0.012769598796704125,NA,NA,NA
Wapitisaurus__Tropical,0.032780500875838434,0.004597450147330598,0.032896354040395176,NA,NA,NA
Wapitisaurus__Temperate_S,0.02585684732379767,-0.0013957997572536123,0.025561433906138176,NA,NA,NA
Wapitisaurus__Antarctic,0.0033767270116505745,0.0007561735918616049,0.0025968386176020482,NA,NA,NA
Wapitisaurus__mean_z_trans,0.032488985524524526,-0.02399353576741136,0.04658501700970122,NA,NA,NA
Wapitisaurus__Mod_R_deltaTMyr_z_trans,0.06352768241525632,0.015933094415777584,0.055842307091105214,NA,NA,NA
Wapitisaurus__time,-0.020455394166902115,-0.04801271000912595,0.008828050609235602,NA,NA,NA
Weigeltisaurus__lat_range_z_trans,-0.34267522834357805,-0.02446345295772528,-0.005030308725701678,0.2079380302532809,0.053204748779535294,0.4114484563469887
Weigeltisaurus__Temperate_N,-0.25259106046054514,-0.03084211354038337,0.017751383574332615,NA,NA,NA
Weigeltisaurus__Tropical,0.17847116171731614,-0.0024091350377195057,0.042071500970560026,NA,NA,NA
Weigeltisaurus__Temperate_S,0.20095918466162402,-0.002108600664211743,0.03918489588759986,NA,NA,NA
Weigeltisaurus__Antarctic,0.059736921517178417,0.001029690494807665,0.007476043280897809,NA,NA,NA
Weigeltisaurus__mean_z_trans,0.24836274828761817,-0.0031714013068556693,0.057121962860349366,NA,NA,NA
Weigeltisaurus__Mod_R_deltaTMyr_z_trans,0.06737229657359421,-0.009539848277598777,0.04227478503696317,NA,NA,NA
Weigeltisaurus__time,-0.1562439573300071,-0.018508642738633632,0.006338253970238716,NA,NA,NA
Whitakersaurus__lat_range_z_trans,0.03010830926413691,0.014700648804402274,0.023724843452322442,2.0894681466789917,0.9758232422173023,3.4438777044415474
Whitakersaurus__Temperate_N,0.020703620755708526,-0.009936728114296843,0.022770403106627316,NA,NA,NA
Whitakersaurus__Tropical,-0.006768358669213279,-0.062370506971836194,0.025741762338709843,NA,NA,NA
Whitakersaurus__Temperate_S,0.014614402411388169,-0.009186084107896326,0.021982483220029485,NA,NA,NA
Whitakersaurus__Antarctic,0.0036136922270798067,0.0012244097800399643,0.0031332844276428674,NA,NA,NA
Whitakersaurus__mean_z_trans,0.004515090733272493,-0.018451770800955114,0.01686843227249085,NA,NA,NA
Whitakersaurus__Mod_R_deltaTMyr_z_trans,-0.020461414606356965,-0.04605456694920702,0.003591318003235641,NA,NA,NA
Whitakersaurus__time,0.09373641500149418,0.040061094331428945,0.08937599003418144,NA,NA,NA
Wimanius__lat_range_z_trans,0.056401864560560844,0.009680674801706137,0.029062434470573325,1.033729628262081,0.50708844861947,1.960667923092842
Wimanius__Temperate_N,0.05511831722538358,-0.0012523288384716537,0.03972935551460594,NA,NA,NA
Wimanius__Tropical,-0.05940966795938658,-0.05025673310952305,0.022940991809021847,NA,NA,NA
Wimanius__Temperate_S,0.0482270432298406,-0.003474746525992413,0.03397217683476624,NA,NA,NA
Wimanius__Antarctic,0.009309847728321007,0.0014085409446555,0.004863606896064149,NA,NA,NA
Wimanius__mean_z_trans,8.443381068395982e-05,-0.021264436002937454,0.021371239947433437,NA,NA,NA
Wimanius__Mod_R_deltaTMyr_z_trans,0.06873852027108036,0.0031371267137258927,0.05131457197624615,NA,NA,NA
Wimanius__time,-0.03840860174897391,-0.02799160201148328,0.00393413940652879,NA,NA,NA
Wumengosaurus__lat_range_z_trans,0.05630351025823551,0.013208151722880026,0.026210090237825907,1.0276134844642366,0.5136161260306835,1.7535914033651352
Wumengosaurus__Temperate_N,0.05782803574890049,-8.614544997473031e-05,0.03947845660491643,NA,NA,NA
Wumengosaurus__Tropical,-0.061108655507537954,-0.057081218181314265,0.0222676731197654,NA,NA,NA
Wumengosaurus__Temperate_S,0.049119297213155,0.00029986317482126764,0.040824129789281106,NA,NA,NA
Wumengosaurus__Antarctic,0.009265524212369465,0.0014286078989773881,0.004737739857305163,NA,NA,NA
Wumengosaurus__mean_z_trans,0.0028916808386461336,-0.017350314062001028,0.020502635802749903,NA,NA,NA
Wumengosaurus__Mod_R_deltaTMyr_z_trans,0.0670963567693643,0.005968356967444059,0.04933546505090116,NA,NA,NA
Wumengosaurus__time,-0.04133399241562309,-0.03640080609915302,0.003832326392494796,NA,NA,NA
Xenodiphyodon__lat_range_z_trans,0.20464386721109173,0.009086560893670775,0.03267871106040179,0.4055798416933976,0.20777822588570416,0.6477281037368812
Xenodiphyodon__Temperate_N,0.16397988890011336,-0.002593338009152549,0.05288655852840757,NA,NA,NA
Xenodiphyodon__Tropical,-0.20639740985157792,-0.04880208139809724,0.03616298076194466,NA,NA,NA
Xenodiphyodon__Temperate_S,0.14623871333791974,-0.005196937277843202,0.052004291281926456,NA,NA,NA
Xenodiphyodon__Antarctic,0.04463235803924203,0.0019229873433134757,0.007505805415893336,NA,NA,NA
Xenodiphyodon__mean_z_trans,-0.020726880348533306,-0.010717222228813822,0.01137961738170456,NA,NA,NA
Xenodiphyodon__Mod_R_deltaTMyr_z_trans,-0.07539275091757432,-0.015680216631223445,0.012949783618439877,NA,NA,NA
Xenodiphyodon__time,-0.11691602925317143,-0.018033256720174303,0.001620768806521623,NA,NA,NA
Xilousuchus__lat_range_z_trans,0.037656130911357194,0.011291852480821441,0.023237007742255796,1.5244370358105517,0.724372386932373,2.7266083769500256
Xilousuchus__Temperate_N,-0.033279771196877264,-0.050445539883591795,0.013599250197293798,NA,NA,NA
Xilousuchus__Tropical,0.0366365710490946,0.0001957120605782733,0.02969879435607936,NA,NA,NA
Xilousuchus__Temperate_S,0.032046658600396453,-0.0009452914316333331,0.028882846802628877,NA,NA,NA
Xilousuchus__Antarctic,0.004684727871793395,0.0009434044209611251,0.0029150154494571178,NA,NA,NA
Xilousuchus__mean_z_trans,0.03219499136615464,-0.018894384501378435,0.044215068737152856,NA,NA,NA
Xilousuchus__Mod_R_deltaTMyr_z_trans,0.05651731265831507,0.003171018422927637,0.05947042799199459,NA,NA,NA
Xilousuchus__time,-0.026394864142724253,-0.03533027559700523,0.005170105578377481,NA,NA,NA
Xingxiulong__lat_range_z_trans,0.038841154226784504,0.010200368541915644,0.026176172363934134,1.5910630645614583,0.9984516687691212,2.2921414375305176
Xingxiulong__Temperate_N,-0.019298473823853725,-0.031125125573532218,0.022251737870423834,NA,NA,NA
Xingxiulong__Tropical,0.01828077837012913,-0.015556928982473463,0.026256712393214643,NA,NA,NA
Xingxiulong__Temperate_S,0.017502496850406318,-0.013292108721473144,0.024467973410247618,NA,NA,NA
Xingxiulong__Antarctic,0.005378152643551295,0.0006993754527665911,0.003903305214537218,NA,NA,NA
Xingxiulong__mean_z_trans,-0.0012503734400442106,-0.01496211585166638,0.014665896002218064,NA,NA,NA
Xingxiulong__Mod_R_deltaTMyr_z_trans,-0.027629862934573996,-0.03401690555971739,0.013763568312119619,NA,NA,NA
Xingxiulong__time,0.10823788522511053,0.008039936665860043,0.07570315128854473,NA,NA,NA
Xinminosaurus__lat_range_z_trans,0.08308781706097326,0.00987694896198511,0.027813098272972833,0.7276380905146652,0.5062590576708317,1.0283975303173065
Xinminosaurus__Temperate_N,0.0825239372794867,-0.0016472599299812182,0.039771536727388694,NA,NA,NA
Xinminosaurus__Tropical,-0.10576094628776739,-0.04876033968729957,0.025325432888935476,NA,NA,NA
Xinminosaurus__Temperate_S,0.07307953937912716,-0.002490316616682987,0.040625531278584766,NA,NA,NA
Xinminosaurus__Antarctic,0.01573969314779924,0.001386179074636894,0.0055894333937259386,NA,NA,NA
Xinminosaurus__mean_z_trans,-0.013705627916870322,-0.0204128468054193,0.020831006843535137,NA,NA,NA
Xinminosaurus__Mod_R_deltaTMyr_z_trans,0.07770956851863789,0.002378154910677023,0.03804922836596093,NA,NA,NA
Xinminosaurus__time,-0.07261222406387673,-0.030344023936236263,0.009183249084136095,NA,NA,NA
Xinpusaurus__lat_range_z_trans,-0.338632628172636,-0.042085968683387154,-0.01910336751096876,0.1237550666477182,0.014304081443697214,0.241798659786582
Xinpusaurus__Temperate_N,0.03548968613933539,-0.007904406155643045,0.03770986481992596,NA,NA,NA
Xinpusaurus__Tropical,0.026541781094565522,-0.012335548715457533,0.04219197321068603,NA,NA,NA
Xinpusaurus__Temperate_S,0.12362815407745074,-0.0035487863392839126,0.05444326555410111,NA,NA,NA
Xinpusaurus__Antarctic,0.056259063333272935,0.002662528672526808,0.01188768847602737,NA,NA,NA
Xinpusaurus__mean_z_trans,0.03903042481309967,-0.004190233204442688,0.027407556696416212,NA,NA,NA
Xinpusaurus__Mod_R_deltaTMyr_z_trans,-0.01567137147998437,-0.012199453930422606,0.022784932282428755,NA,NA,NA
Xinpusaurus__time,-0.0008251614973414689,-0.010411635672210182,0.02986660332662317,NA,NA,NA
Yarasuchus__lat_range_z_trans,0.28013562713946427,0.00775723562052896,0.029205142021238938,0.35457569935824723,0.14113495964556932,0.613078411668539
Yarasuchus__Temperate_N,0.24223570373090225,-0.004056958750580292,0.04118956972888895,NA,NA,NA
Yarasuchus__Tropical,0.20112629637286228,-0.005839288929354688,0.04783308373951883,NA,NA,NA
Yarasuchus__Temperate_S,-0.5267327621418002,-0.05206958860888121,0.019711493449490056,NA,NA,NA
Yarasuchus__Antarctic,0.06243582036669438,0.0013917566857628418,0.006774923093905655,NA,NA,NA
Yarasuchus__mean_z_trans,-0.0427911147480688,-0.01102589687382079,0.018122677822159004,NA,NA,NA
Yarasuchus__Mod_R_deltaTMyr_z_trans,0.22296921422582858,-0.0007898633985235564,0.038400491224110926,NA,NA,NA
Yarasuchus__time,-0.2993170278283729,-0.025380899773451586,0.0059511357759275,NA,NA,NA
Yelaphomte__lat_range_z_trans,0.26512123554944994,0.005111907518016592,0.02380242319422301,0.3326924948638771,0.016416214406490326,1.892901693470776
Yelaphomte__Temperate_N,0.18132313004462047,-0.009466999601202425,0.03233419861023602,NA,NA,NA
Yelaphomte__Tropical,0.15604631800437346,-0.005159687959364779,0.032251259117720546,NA,NA,NA
Yelaphomte__Temperate_S,-0.20648023525252937,-0.035975107773560264,0.028644396509340586,NA,NA,NA
Yelaphomte__Antarctic,0.061077027106657626,0.0009527113232021467,0.005702262870417406,NA,NA,NA
Yelaphomte__mean_z_trans,-0.07726230844273232,-0.0143261701508461,0.011405144184799345,NA,NA,NA
Yelaphomte__Mod_R_deltaTMyr_z_trans,-0.3916649967059493,-0.022059123773758824,-0.0030456966173122396,NA,NA,NA
Yelaphomte__time,0.13851647928357125,-0.009091033610806654,0.07609452898581519,NA,NA,NA
Yimenosaurus__lat_range_z_trans,0.038841154226784504,0.010200368541915644,0.026176172363934134,1.5910630645614583,0.9984516687691212,2.2921414375305176
Yimenosaurus__Temperate_N,-0.019298473823853725,-0.031125125573532218,0.022251737870423834,NA,NA,NA
Yimenosaurus__Tropical,0.01828077837012913,-0.015556928982473463,0.026256712393214643,NA,NA,NA
Yimenosaurus__Temperate_S,0.017502496850406318,-0.013292108721473144,0.024467973410247618,NA,NA,NA
Yimenosaurus__Antarctic,0.005378152643551295,0.0006993754527665911,0.003903305214537218,NA,NA,NA
Yimenosaurus__mean_z_trans,-0.0012503734400442106,-0.01496211585166638,0.014665896002218064,NA,NA,NA
Yimenosaurus__Mod_R_deltaTMyr_z_trans,-0.027629862934573996,-0.03401690555971739,0.013763568312119619,NA,NA,NA
Yimenosaurus__time,0.10823788522511053,0.008039936665860043,0.07570315128854473,NA,NA,NA
Youngetta__lat_range_z_trans,0.03259531386147161,0.013170320867909383,0.021421933097020406,1.8317241241916782,0.9517048448324203,2.8588281087577343
Youngetta__Temperate_N,-0.03067100612896573,-0.04981675395861809,0.012906520332900665,NA,NA,NA
Youngetta__Tropical,0.03336245721014934,0.004191475734721957,0.034139706126203984,NA,NA,NA
Youngetta__Temperate_S,0.026485007141282293,-0.0023735491883189468,0.02652755501866129,NA,NA,NA
Youngetta__Antarctic,0.0035067274759025702,0.0008826662191378266,0.0029422350145039524,NA,NA,NA
Youngetta__mean_z_trans,0.032581157242978394,-0.02187480445387336,0.04834574642048412,NA,NA,NA
Youngetta__Mod_R_deltaTMyr_z_trans,0.0630449393595783,0.009580124146384539,0.05174310483595052,NA,NA,NA
Youngetta__time,-0.020842839044886943,-0.043772983395663614,0.009161716009514924,NA,NA,NA
Youngina__lat_range_z_trans,-0.19022050671149715,-0.026063678887634223,-0.011125298053729207,0.5419939825171605,0.06057341210544109,1.1468906700611115
Youngina__Temperate_N,0.11690635929547888,-7.085197751965093e-05,0.035685710206851205,NA,NA,NA
Youngina__Tropical,0.10172347983658407,-0.0021059719059105335,0.03410155592208322,NA,NA,NA
Youngina__Temperate_S,-0.1297448187094179,-0.037279151727741676,0.02426808602922974,NA,NA,NA
Youngina__Antarctic,0.02540198870947191,0.0010059723719394802,0.005678704684797147,NA,NA,NA
Youngina__mean_z_trans,0.09927299436943446,-0.004594671062288344,0.04655690525615292,NA,NA,NA
Youngina__Mod_R_deltaTMyr_z_trans,0.21153396435855712,-0.0016131558881532265,0.0644120131895995,NA,NA,NA
Youngina__time,-0.09481170403110156,-0.019291994951012133,0.007610839620255316,NA,NA,NA
Youngosuchus__lat_range_z_trans,0.0508531562309776,0.011612804026530593,0.027069901966949545,1.083160015824251,0.5981970988214016,1.47257000207901
Youngosuchus__Temperate_N,-0.048882761295379176,-0.0551596201032275,0.019378123135285873,NA,NA,NA
Youngosuchus__Tropical,0.04968980200307156,0.003256115827485746,0.04260156465632714,NA,NA,NA
Youngosuchus__Temperate_S,0.04734098938993408,-0.0021813050146976885,0.035934709846827916,NA,NA,NA
Youngosuchus__Antarctic,0.007871310126714784,0.00119242251636206,0.004941027000037482,NA,NA,NA
Youngosuchus__mean_z_trans,0.02777916669982753,-0.0136758077062216,0.03567548255300077,NA,NA,NA
Youngosuchus__Mod_R_deltaTMyr_z_trans,0.04683009495291621,-0.0004483014264390347,0.035330347162227535,NA,NA,NA
Youngosuchus__time,-0.04142000099055277,-0.034609812148112894,0.006257360534583619,NA,NA,NA
Yunguisaurus__lat_range_z_trans,0.04231316660294576,0.008928410240318875,0.02586741696300014,1.3945293129968923,0.20777822588570416,2.348684698343277
Yunguisaurus__Temperate_N,0.041755884111605995,-0.0029842255372743718,0.03607185640208456,NA,NA,NA
Yunguisaurus__Tropical,-0.03236093316185946,-0.05298593266857105,0.0205978491243551,NA,NA,NA
Yunguisaurus__Temperate_S,0.034410879976317865,-0.006774029889778614,0.035777696182383564,NA,NA,NA
Yunguisaurus__Antarctic,0.00574413177719875,0.001212469316858153,0.004271089324901188,NA,NA,NA
Yunguisaurus__mean_z_trans,0.009459559434133041,-0.010336375580314593,0.027627268912985566,NA,NA,NA
Yunguisaurus__Mod_R_deltaTMyr_z_trans,0.05826318418361437,-0.0040764691029808175,0.053538337479347366,NA,NA,NA
Yunguisaurus__time,-0.019524115806446495,-0.022997350806577898,0.0034370024661823785,NA,NA,NA
Yunnanosaurus__lat_range_z_trans,0.038841154226784504,0.010200368541915644,0.026176172363934134,1.5910630645614583,0.9984516687691212,2.2921414375305176
Yunnanosaurus__Temperate_N,-0.019298473823853725,-0.031125125573532218,0.022251737870423834,NA,NA,NA
Yunnanosaurus__Tropical,0.01828077837012913,-0.015556928982473463,0.026256712393214643,NA,NA,NA
Yunnanosaurus__Temperate_S,0.017502496850406318,-0.013292108721473144,0.024467973410247618,NA,NA,NA
Yunnanosaurus__Antarctic,0.005378152643551295,0.0006993754527665911,0.003903305214537218,NA,NA,NA
Yunnanosaurus__mean_z_trans,-0.0012503734400442106,-0.01496211585166638,0.014665896002218064,NA,NA,NA
Yunnanosaurus__Mod_R_deltaTMyr_z_trans,-0.027629862934573996,-0.03401690555971739,0.013763568312119619,NA,NA,NA
Yunnanosaurus__time,0.10823788522511053,0.008039936665860043,0.07570315128854473,NA,NA,NA
Zanclodon__lat_range_z_trans,-0.7907291147112846,-0.04956324426978897,-0.06404463518459715,0.15691903605038532,0.07521549612283707,0.2946410260628909
Zanclodon__Temperate_N,-0.03426097545772791,-0.01272709157664168,0.029871251158997407,NA,NA,NA
Zanclodon__Tropical,0.09034997004258911,-0.008552169843935224,0.035272989864016974,NA,NA,NA
Zanclodon__Temperate_S,0.10000015890633222,-0.009670027306805407,0.03907809378808274,NA,NA,NA
Zanclodon__Antarctic,0.05396739888936281,0.0012961893492591421,0.009021392863807402,NA,NA,NA
Zanclodon__mean_z_trans,0.0063973751271259975,-0.007168047749914774,0.022751423352834484,NA,NA,NA
Zanclodon__Mod_R_deltaTMyr_z_trans,-0.09702861240599304,-0.01409428047336266,0.009473795362829645,NA,NA,NA
Zanclodon__time,0.6321506475657225,0.010465167842869263,0.12576420564926835,NA,NA,NA
Zhongjiania__lat_range_z_trans,0.060061812597133134,0.008905125878150223,0.02827622810633745,0.9006275272835046,0.25783179700374603,1.6285439817002043
Zhongjiania__Temperate_N,-0.047034993920918595,-0.03732341222565748,0.029705009658750156,NA,NA,NA
Zhongjiania__Tropical,0.041741464598390135,-0.01308841924635698,0.03370584765563128,NA,NA,NA
Zhongjiania__Temperate_S,0.04577780417968582,-0.001555578613612488,0.03432071137827359,NA,NA,NA
Zhongjiania__Antarctic,0.010227162713084393,0.0010100404931096855,0.005364360967527188,NA,NA,NA
Zhongjiania__mean_z_trans,0.07099162620571524,-0.0006702992915265457,0.05258584287224152,NA,NA,NA
Zhongjiania__Mod_R_deltaTMyr_z_trans,0.0059012647035325905,-0.018056886041123724,0.017835972801927436,NA,NA,NA
Zhongjiania__time,-0.047604383959112886,-0.029234074981302996,0.005394543414551245,NA,NA,NA
Zupaysaurus__lat_range_z_trans,0.2708616687357426,0.005102911137464402,0.021836723796885373,0.3164449340297142,0.030589863657951355,1.9985561221837997
Zupaysaurus__Temperate_N,0.18638352028792723,-0.009854693810833258,0.034478128901798626,NA,NA,NA
Zupaysaurus__Tropical,0.15313745147897861,-0.006700705904376277,0.030745367373416665,NA,NA,NA
Zupaysaurus__Temperate_S,-0.23607589113758876,-0.02879426512438129,0.04030575523153969,NA,NA,NA
Zupaysaurus__Antarctic,0.06307690264191479,0.0011231541239008517,0.005607369953536076,NA,NA,NA
Zupaysaurus__mean_z_trans,-0.09999840792268515,-0.01691192438145302,0.010697374038325408,NA,NA,NA
Zupaysaurus__Mod_R_deltaTMyr_z_trans,-0.3987310602609068,-0.02536731409281769,-0.004652879811149095,NA,NA,NA
Zupaysaurus__time,0.16974064515612552,-0.00861066597582404,0.06817067737088713,NA,NA,NA
