feature,shap,lwr_shap,upr_shap,rate,rate_lwr,rate_upr
baseline,0.18796187408268453,0.16136567294597626,0.22152049839496613,NA,NA,NA
Abajudon__rotated_lat_scaled,-0.16701222587376832,-0.02691041624985341,0.010768971456411808,0.11998063659550098,0.04578287526965141,0.23936060816049576
Abajudon__map_scaled,0.2964671842567623,-0.011638306775511795,0.13212033768770373,NA,NA,NA
Abajudon__mat_scaled,-0.3209402022508584,-0.10935340650934393,0.0224595765342449,NA,NA,NA
Abajudon__wmmcmm_boxcox_scaled,0.1381792424619198,-0.0023991410536515806,0.042753194918537574,NA,NA,NA
Abajudon__time,-0.014675236081238836,-0.011064402357615542,0.013418417798068101,NA,NA,NA
Abdalodon__rotated_lat_scaled,-0.11961488701053895,-0.048875464188054246,0.0008660124999753832,0.225831944485617,0.15959233045578003,0.29614328779280186
Abdalodon__map_scaled,0.24605558994575405,0.0002973204499603013,0.11952510296831492,NA,NA,NA
Abdalodon__mat_scaled,-0.16626921692164615,-0.08498624505677436,0.03456432954768635,NA,NA,NA
Abdalodon__wmmcmm_boxcox_scaled,0.09928924867184832,-0.004742900869118595,0.053177027413156816,NA,NA,NA
Abdalodon__time,-0.021590664282484795,-0.023058383281989357,0.013388025965832632,NA,NA,NA
Acratophorus__rotated_lat_scaled,-0.08378234939213143,-0.021681524300389377,0.010737452102119084,0.12953242007497465,0.03938541002571583,0.257065006531775
Acratophorus__map_scaled,-0.7247647306602448,-0.1213578923625542,-0.000596718198040233,NA,NA,NA
Acratophorus__mat_scaled,0.46134639435680586,-0.01323447270722039,0.12359398174564262,NA,NA,NA
Acratophorus__wmmcmm_boxcox_scaled,0.15916264012572356,-0.004536530003049715,0.05341674369473391,NA,NA,NA
Acratophorus__time,0.129608591562137,-0.0005552535727625712,0.034369039050510745,NA,NA,NA
Adelobasileus__rotated_lat_scaled,0.14839865549933165,-0.010260212692061739,0.055085519291706485,0.2561827194038779,0.01956467144191265,0.6587767377495766
Adelobasileus__map_scaled,-0.4644182675052434,-0.09007826180774729,0.018263724016480274,NA,NA,NA
Adelobasileus__mat_scaled,0.3727301837853156,-0.0143846154225548,0.100533890774646,NA,NA,NA
Adelobasileus__wmmcmm_boxcox_scaled,-0.035935800387524065,-0.025291641187350535,0.020302771178810155,NA,NA,NA
Adelobasileus__time,0.04744607392931357,-0.021350941836261902,0.0273345931333232,NA,NA,NA
Aelurognathus_Temperate_S__rotated_lat_scaled,-0.23640293114352973,-0.05101406787961461,-0.006946473254540763,0.18437976993067423,0.08149297162890434,0.3435113877058029
Aelurognathus_Temperate_S__map_scaled,0.0015312833536881953,-0.04383325244767378,0.07363135296204945,NA,NA,NA
Aelurognathus_Temperate_S__mat_scaled,0.1441723230338539,-0.05032940883559514,0.10058855355460658,NA,NA,NA
Aelurognathus_Temperate_S__wmmcmm_boxcox_scaled,0.08126564953068736,-0.006299134726639466,0.04190871877946272,NA,NA,NA
Aelurognathus_Temperate_S__time,0.005851571073289961,-0.009889809056453248,0.012338346353388154,NA,NA,NA
Aelurosaurus__rotated_lat_scaled,-0.02092632015037452,-0.03877064830755841,0.024630654223297296,0.3829766816183837,0.24598560482263565,0.5042704956140369
Aelurosaurus__map_scaled,0.2497977479494411,-0.0014421770007735971,0.10139059709029664,NA,NA,NA
Aelurosaurus__mat_scaled,-0.1291076793810427,-0.08955995698258495,0.03258769991454739,NA,NA,NA
Aelurosaurus__wmmcmm_boxcox_scaled,0.10049620900042329,-0.00460307695371419,0.05149822759344197,NA,NA,NA
Aelurosaurus__time,-0.012298083335762638,-0.026989813701345122,0.011413319573382817,NA,NA,NA
Aelurosuchus__rotated_lat_scaled,-0.030729098793102087,-0.039210041316338,0.021497268092186002,0.4511337197863031,0.21575378626585007,0.6622219607234001
Aelurosuchus__map_scaled,0.11886804980024647,-0.009356951614596947,0.0659525786127173,NA,NA,NA
Aelurosuchus__mat_scaled,-0.08426283220018722,-0.07504740972098335,0.021916665663499865,NA,NA,NA
Aelurosuchus__wmmcmm_boxcox_scaled,0.12188938651303914,-0.02958923792974035,0.08499475479737431,NA,NA,NA
Aelurosuchus__time,0.06219636876268822,-0.008162032364317616,0.027159231229188625,NA,NA,NA
Aerosaurus__rotated_lat_scaled,0.1339256669441238,-0.009343340549217129,0.06213652957527331,0.169829590463778,0.08295744564384222,0.25890386779792607
Aerosaurus__map_scaled,0.07875358482357114,-0.020830278974483717,0.05100635773299926,NA,NA,NA
Aerosaurus__mat_scaled,0.15647809842717833,-0.009228405607555546,0.0688578214808822,NA,NA,NA
Aerosaurus__wmmcmm_boxcox_scaled,-0.4106416276236996,-0.10352584236657797,0.0009530336814800002,NA,NA,NA
Aerosaurus__time,0.023351993809919803,-0.018437805448141897,0.03856675592433137,NA,NA,NA
Akidnognathus__rotated_lat_scaled,-0.07579992662591394,-0.03178076102259775,0.012684787141063636,0.3145060473853664,0.22991202771663666,0.419341878965497
Akidnognathus__map_scaled,0.19548916545463726,-0.04632999998996345,0.07293373780495581,NA,NA,NA
Akidnognathus__mat_scaled,-0.08363467641174793,-0.06029117412759456,0.08322637117138391,NA,NA,NA
Akidnognathus__wmmcmm_boxcox_scaled,0.10029528033453972,-0.004012952445305446,0.03886281960806732,NA,NA,NA
Akidnognathus__time,-0.009805669448833215,-0.018950785360515053,0.013812782669495444,NA,NA,NA
Alemoatherium__rotated_lat_scaled,0.013820482585579157,-0.01444272423239349,0.026990069691985374,0.2441407654574141,0.007108282297849655,1.393092654645443
Alemoatherium__map_scaled,-0.6893277583923191,-0.11795345483235654,0.011008006362772996,NA,NA,NA
Alemoatherium__mat_scaled,0.5060839280672371,-0.01054339986436165,0.10944221732260219,NA,NA,NA
Alemoatherium__wmmcmm_boxcox_scaled,0.11031864384072833,-0.011617309211467542,0.03524624574660978,NA,NA,NA
Alemoatherium__time,0.11528359527350403,-0.006808784805397052,0.03883395927099578,NA,NA,NA
Aleodon__rotated_lat_scaled,-0.028062126193799487,-0.014240338369169667,0.02000475590205639,0.09208277177214769,0.0415351465344429,0.15347456047311425
Aleodon__map_scaled,-0.8269434735784307,-0.12949758894346378,-0.0004079494013930229,NA,NA,NA
Aleodon__mat_scaled,0.5025641325488687,-0.011714114869603835,0.13265034703921288,NA,NA,NA
Aleodon__wmmcmm_boxcox_scaled,0.16013412558939308,-0.0019739115303075345,0.04514953295971229,NA,NA,NA
Aleodon__time,0.09642823932343163,-0.00393971923343146,0.02412381189537758,NA,NA,NA
Alepognathus__rotated_lat_scaled,0.013682856900850311,-0.016769665137154343,0.022429330102964513,0.22831263209925964,0.12480953335762024,0.34769490733742714
Alepognathus__map_scaled,0.33456187849864366,-0.028241275465366728,0.10911474206978715,NA,NA,NA
Alepognathus__mat_scaled,-0.4809021580219269,-0.10275346195352669,0.025292004220108997,NA,NA,NA
Alepognathus__wmmcmm_boxcox_scaled,0.2089376481960062,-9.040036381300102e-05,0.053398442656542824,NA,NA,NA
Alepognathus__time,-0.035929467556998135,-0.013510870026115483,0.011285979345562644,NA,NA,NA
Alierasaurus__rotated_lat_scaled,0.1643720480427146,-0.004090148893807662,0.06464509983414823,0.21957510203588754,0.026449261233210564,0.5276638455688953
Alierasaurus__map_scaled,-0.05351776121649891,-0.057862481883957276,0.04984886530629034,NA,NA,NA
Alierasaurus__mat_scaled,0.19465475727804005,-0.012989140870643378,0.0865699820270197,NA,NA,NA
Alierasaurus__wmmcmm_boxcox_scaled,-0.32267349067144097,-0.08055707455853396,-0.0016880408924470596,NA,NA,NA
Alierasaurus__time,0.048777674520388246,-0.005866826739033989,0.02214459211995492,NA,NA,NA
Alopecideops__rotated_lat_scaled,0.01710797458421439,-0.013165404837631647,0.026801621865329313,0.2413749346545228,0.12480953335762024,0.4349496606737375
Alopecideops__map_scaled,0.3111341739958152,-0.030579844379100843,0.10475132842792788,NA,NA,NA
Alopecideops__mat_scaled,-0.44145251395180823,-0.10419536099702625,0.02595324388097821,NA,NA,NA
Alopecideops__wmmcmm_boxcox_scaled,0.1993261552194599,0.0004691371884647644,0.054794503158742305,NA,NA,NA
Alopecideops__time,-0.032702729275843015,-0.013894199920682273,0.009219801061988428,NA,NA,NA
Alopecodon__rotated_lat_scaled,0.01243020141380839,-0.013710499531439149,0.02687415714371935,0.2627793651120737,0.1388532822020352,0.4331647912040353
Alopecodon__map_scaled,0.3120647408161312,-0.023808432334403728,0.10443530709558119,NA,NA,NA
Alopecodon__mat_scaled,-0.3989467855356634,-0.10850942038975309,0.026023483129165897,NA,NA,NA
Alopecodon__wmmcmm_boxcox_scaled,0.1795656838233117,-0.00010193896088954511,0.05494279771199114,NA,NA,NA
Alopecodon__time,-0.030296349488198756,-0.01523538172949076,0.009244753314508535,NA,NA,NA
Alopecognathus__rotated_lat_scaled,-0.002428274966296158,-0.020043495576597806,0.02237315774539021,0.2951003214313823,0.1388532822020352,0.4587922543287277
Alopecognathus__map_scaled,0.3039991856412962,-0.027926241301962088,0.10202391794462401,NA,NA,NA
Alopecognathus__mat_scaled,-0.33047870656708256,-0.09799100294594024,0.028253871680840096,NA,NA,NA
Alopecognathus__wmmcmm_boxcox_scaled,0.15996210838260594,-6.824261748975493e-05,0.056354923153739925,NA,NA,NA
Alopecognathus__time,-0.023915865141825633,-0.015336690503986374,0.012514627870371886,NA,NA,NA
Alopecorhinus__rotated_lat_scaled,-0.012446622673887759,-0.022263066830628484,0.023054524694577208,0.32445390698274423,0.14116571471095085,0.494323767721653
Alopecorhinus__map_scaled,0.2977224926883355,-0.03152128946355892,0.10513102184587622,NA,NA,NA
Alopecorhinus__mat_scaled,-0.29928434470901266,-0.09150752242464248,0.029114333783194044,NA,NA,NA
Alopecorhinus__wmmcmm_boxcox_scaled,0.17436361462809147,-0.0017518411087812488,0.05132486144347386,NA,NA,NA
Alopecorhinus__time,-0.023863107033466804,-0.014321953118365118,0.01289575662784479,NA,NA,NA
Aloposaurus__rotated_lat_scaled,-0.19859931314829737,-0.04741043567375802,-0.0046645706467515965,0.19663678511875332,0.08593700546771288,0.32740128971636295
Aloposaurus__map_scaled,0.12393004170618951,-0.0423447652154784,0.07039398378474139,NA,NA,NA
Aloposaurus__mat_scaled,-0.012078919355553807,-0.05547029336811884,0.10880751545623425,NA,NA,NA
Aloposaurus__wmmcmm_boxcox_scaled,0.09474136080592871,-0.007182820618454947,0.03304246526660871,NA,NA,NA
Aloposaurus__time,0.0006817410278017633,-0.008957358070166042,0.013941104534133355,NA,NA,NA
Alrausuchus__rotated_lat_scaled,0.1446210733614862,-0.0026939526097281216,0.037889348169938566,0.25740723662922393,0.12042982876300812,0.48054978996515274
Alrausuchus__map_scaled,0.07345540602691472,-0.025549334505288346,0.056489934139162715,NA,NA,NA
Alrausuchus__mat_scaled,0.05248699092946481,-0.06605152052461444,0.0714699096809182,NA,NA,NA
Alrausuchus__wmmcmm_boxcox_scaled,-0.23304511548019946,-0.06320817725359669,0.039585434061101606,NA,NA,NA
Alrausuchus__time,0.031927007708873134,-0.0038626880527486643,0.016085872343845054,NA,NA,NA
Ameghinichnus__rotated_lat_scaled,0.11151122270530323,-0.012862872281284587,0.04811212714562552,0.2112622630651458,0.03425861895084381,0.5358324535191059
Ameghinichnus__map_scaled,-0.44531514164293184,-0.08339434673507946,0.014554605609782941,NA,NA,NA
Ameghinichnus__mat_scaled,0.34439638688869306,-0.013967947647184906,0.09978457850088523,NA,NA,NA
Ameghinichnus__wmmcmm_boxcox_scaled,-0.05126393200247548,-0.034369283487565204,0.019309948889946332,NA,NA,NA
Ameghinichnus__time,0.06397185303387232,-0.016771222794862088,0.039759238248726105,NA,NA,NA
Andescynodon__rotated_lat_scaled,0.002738556400872767,-0.01573326902478064,0.02181625429559849,0.3652308927514241,0.025079844752326608,1.573418103158474
Andescynodon__map_scaled,-0.5715493581211194,-0.10708625653398703,0.012277458044168835,NA,NA,NA
Andescynodon__mat_scaled,0.516407174533233,-0.0029450111040054024,0.09648991779671925,NA,NA,NA
Andescynodon__wmmcmm_boxcox_scaled,0.05297527842369163,-0.018583821808505156,0.037496874110192334,NA,NA,NA
Andescynodon__time,0.17669736743206158,-0.017017314474698016,0.05343999414828723,NA,NA,NA
Angelosaurus__rotated_lat_scaled,0.17019346025229729,-0.009237739336996021,0.038337375726803596,0.404710110428241,0.05216611549258232,0.566722210496664
Angelosaurus__map_scaled,0.1355745475649137,-0.024659444514232888,0.06107997261441345,NA,NA,NA
Angelosaurus__mat_scaled,0.033387143738570914,-0.0541743301295395,0.062058295215419675,NA,NA,NA
Angelosaurus__wmmcmm_boxcox_scaled,-0.179977138108918,-0.06734767626695863,0.04680937827196204,NA,NA,NA
Angelosaurus__time,0.02878386063582067,-0.005946482698249216,0.013235476566367374,NA,NA,NA
Angonisaurus__rotated_lat_scaled,-0.12000906494038645,-0.03354061857638852,0.016628425566397487,0.2757033958940883,0.07249461743049324,0.8312857039272785
Angonisaurus__map_scaled,0.13470981144433608,-0.02175435945429616,0.06220513929192026,NA,NA,NA
Angonisaurus__mat_scaled,-0.14692929125390947,-0.09258781794380211,0.04253173255461104,NA,NA,NA
Angonisaurus__wmmcmm_boxcox_scaled,0.19320709971245378,-0.009253734488600314,0.0833759289581915,NA,NA,NA
Angonisaurus__time,0.026762966848909855,-0.004229142482889158,0.016779272023845833,NA,NA,NA
Annatherapsidus__rotated_lat_scaled,0.07242871006635566,-0.011644792477157152,0.04744136738210959,0.718130423676248,0.41349729895591736,1.216838713735342
Annatherapsidus__map_scaled,0.0685968756425742,-0.016072002081018305,0.07470192913566424,NA,NA,NA
Annatherapsidus__mat_scaled,-0.024808356908901635,-0.14105128264752065,0.03491446118092104,NA,NA,NA
Annatherapsidus__wmmcmm_boxcox_scaled,0.05900371346733187,0.01779064532650757,0.050169602863995466,NA,NA,NA
Annatherapsidus__time,0.012740931815324465,-0.010388241066787735,0.0142931378322758,NA,NA,NA
Anningia__rotated_lat_scaled,0.013773605773458257,-0.017292229066111452,0.021155080556052214,0.21301807687850668,0.12480953335762024,0.294700026512146
Anningia__map_scaled,0.3397179607860744,-0.024092951237151414,0.11550071005947589,NA,NA,NA
Anningia__mat_scaled,-0.4994409999251366,-0.1059553895026591,0.023855121140229665,NA,NA,NA
Anningia__wmmcmm_boxcox_scaled,0.2098848770337645,-9.321735323448986e-05,0.0503647835571153,NA,NA,NA
Anningia__time,-0.03887924087233841,-0.013931885786819804,0.010644803082093056,NA,NA,NA
Anomocephalus__rotated_lat_scaled,0.044994141096249225,-0.012024778724255676,0.02564807725621788,0.17140226032570355,0.01836995780467987,0.49715423583984375
Anomocephalus__map_scaled,0.04964880608007661,-0.03144258474609736,0.05169980761456444,NA,NA,NA
Anomocephalus__mat_scaled,0.10976609631441533,-0.045657661305430516,0.09804336606052828,NA,NA,NA
Anomocephalus__wmmcmm_boxcox_scaled,-0.1843086282350123,-0.055402100490148584,0.03566228067414943,NA,NA,NA
Anomocephalus__time,-0.03666002901270986,-0.01683854768004413,0.01046696678950608,NA,NA,NA
Antecosuchus__rotated_lat_scaled,0.052023656902915355,-0.009671011775939167,0.041237681039393334,0.799300837530588,0.07325557619333267,2.0784595385193825
Antecosuchus__map_scaled,0.014854988204276531,-0.05317791198480662,0.024414825835724307,NA,NA,NA
Antecosuchus__mat_scaled,0.02008600484438343,-0.06389409622051222,0.05541647885929127,NA,NA,NA
Antecosuchus__wmmcmm_boxcox_scaled,0.08499205460857572,-0.030141064721320956,0.0889448613571886,NA,NA,NA
Antecosuchus__time,0.01600516952253347,-0.004481588243397291,0.01150665130336861,NA,NA,NA
Anteosaurus_Temperate_N__rotated_lat_scaled,0.13949354383163154,-0.0021793129645119405,0.037070241472349934,0.3108686453968403,0.13296116422861814,0.5100936256349087
Anteosaurus_Temperate_N__map_scaled,0.07006160120945423,-0.044671547563786045,0.05034824690725216,NA,NA,NA
Anteosaurus_Temperate_N__mat_scaled,-0.06234438591171056,-0.056711459248126914,0.0731069478905811,NA,NA,NA
Anteosaurus_Temperate_N__wmmcmm_boxcox_scaled,-0.04712599287740886,-0.05438702662616073,0.045197489543352995,NA,NA,NA
Anteosaurus_Temperate_N__time,0.02282200506218942,-0.003416326543390614,0.015797572581429956,NA,NA,NA
Anteosaurus_Temperate_S__rotated_lat_scaled,0.009063134097741567,-0.014722319407128644,0.02556536450728068,0.2815443101558776,0.12480953335762024,0.4951506480574608
Anteosaurus_Temperate_S__map_scaled,0.2840565474098548,-0.027033643355917958,0.10454859765712558,NA,NA,NA
Anteosaurus_Temperate_S__mat_scaled,-0.3393503550370224,-0.10170260959082336,0.02946613431865431,NA,NA,NA
Anteosaurus_Temperate_S__wmmcmm_boxcox_scaled,0.1695213754440192,-0.0022747428983960817,0.05147265854503735,NA,NA,NA
Anteosaurus_Temperate_S__time,-0.029708265841400135,-0.015632357693710217,0.010467743366868211,NA,NA,NA
Apsisaurus__rotated_lat_scaled,0.10616434832423692,-0.0171245500832527,0.05861030739216405,0.12823504881671396,0.05712941288948059,0.21748465299606323
Apsisaurus__map_scaled,0.08066772509599104,-0.015040030955104694,0.057425316905086475,NA,NA,NA
Apsisaurus__mat_scaled,0.13881348683848047,-0.006157410568502932,0.06772054527941866,NA,NA,NA
Apsisaurus__wmmcmm_boxcox_scaled,-0.41781157134100794,-0.10278239959030773,0.003184885309461848,NA,NA,NA
Apsisaurus__time,0.03243918581632897,-0.020261281748808205,0.03457944350883508,NA,NA,NA
Archaeosyodon__rotated_lat_scaled,0.15393203053507024,0.0020990875431157775,0.04244677002710429,0.21083446676673703,0.10669978987425566,0.3784426376223564
Archaeosyodon__map_scaled,0.05184942642692476,-0.024515837936969407,0.03906514771288661,NA,NA,NA
Archaeosyodon__mat_scaled,0.0935084251515218,-0.05429070733339235,0.07341842714881727,NA,NA,NA
Archaeosyodon__wmmcmm_boxcox_scaled,-0.3082857026718557,-0.08017758653964124,0.044523303146326514,NA,NA,NA
Archaeosyodon__time,0.0318684132423914,-0.004480628679089045,0.022066850359831445,NA,NA,NA
Archaeothyris__rotated_lat_scaled,0.12761346311075614,-0.008208713416233204,0.06306528898122644,0.16964940675534307,0.08856862783432007,0.2732342127710581
Archaeothyris__map_scaled,0.1030068868258968,-0.01037107466408242,0.051859646828841276,NA,NA,NA
Archaeothyris__mat_scaled,0.1352487883437425,-0.011312994109297616,0.059766793221641225,NA,NA,NA
Archaeothyris__wmmcmm_boxcox_scaled,-0.4109900903166272,-0.1005881346739741,0.01341643045444991,NA,NA,NA
Archaeothyris__time,0.02680848470889032,-0.030884756082388932,0.033412338908807286,NA,NA,NA
Archaeovenator__rotated_lat_scaled,0.11120865156175569,-0.010470338231150948,0.06007105986413999,0.1420936840734794,0.07899073045700788,0.20656823366880417
Archaeovenator__map_scaled,0.09893228458822705,-0.009229729945126375,0.05367033628483856,NA,NA,NA
Archaeovenator__mat_scaled,0.12947882883017883,-0.009794973952103783,0.06297219222989342,NA,NA,NA
Archaeovenator__wmmcmm_boxcox_scaled,-0.4135531388781965,-0.10846156394288997,0.0016713663240774986,NA,NA,NA
Archaeovenator__time,0.028065183888829778,-0.02340906687470517,0.04313554369201666,NA,NA,NA
Arctognathus__rotated_lat_scaled,-0.20522659754380584,-0.04768992804821488,-0.0039010564574979323,0.1318481817112479,0.054312193766236305,0.2399836666882038
Arctognathus__map_scaled,0.23264799755299465,-0.0029156957058939304,0.11547614376303636,NA,NA,NA
Arctognathus__mat_scaled,-0.17509859608719125,-0.0957408541630255,0.04741073478689223,NA,NA,NA
Arctognathus__wmmcmm_boxcox_scaled,0.10218649121117779,-0.003060090012439187,0.04463685464543887,NA,NA,NA
Arctognathus__time,-0.010622987504611957,-0.011959105016402766,0.0178978216570966,NA,NA,NA
Arctops__rotated_lat_scaled,-0.09984348820173182,-0.030336320640937355,0.017390521019923087,0.2919631991154165,0.2249804474413395,0.40607233718037605
Arctops__map_scaled,0.2035508460883284,-0.0282275053590006,0.09439559989539291,NA,NA,NA
Arctops__mat_scaled,-0.0844522877689451,-0.08323869859873559,0.05067510292862018,NA,NA,NA
Arctops__wmmcmm_boxcox_scaled,0.09476247973390856,-0.002905929854982109,0.04713198738340846,NA,NA,NA
Arctops__time,-0.01001622481882805,-0.016657218492320613,0.011927287167621484,NA,NA,NA
Arctotraversodon__rotated_lat_scaled,0.02413789938436821,-0.01506547782967864,0.03405137630426571,0.13285064440686256,0.013934247195720673,0.285836486145854
Arctotraversodon__map_scaled,-0.7297162682190538,-0.11742094176002449,-0.0076152406875206885,NA,NA,NA
Arctotraversodon__mat_scaled,0.3575610980379861,-0.02245763989432548,0.11291306403116881,NA,NA,NA
Arctotraversodon__wmmcmm_boxcox_scaled,0.21071498781442644,-0.00400946764480636,0.05985321747059528,NA,NA,NA
Arctotraversodon__time,0.08219105330645107,-0.002412145817141294,0.022318081276457,NA,NA,NA
Arisierpeton__rotated_lat_scaled,0.13871049849549308,-0.012525376953212942,0.06358515219003814,0.1435149255915894,0.06494352081790566,0.23621459864079952
Arisierpeton__map_scaled,0.0032662492687813936,-0.03364593634882318,0.04959365881811524,NA,NA,NA
Arisierpeton__mat_scaled,0.18704182764515281,-0.011533261825671427,0.0784239991936717,NA,NA,NA
Arisierpeton__wmmcmm_boxcox_scaled,-0.4051188195776194,-0.09265429594674772,0.0003126270940600766,NA,NA,NA
Arisierpeton__time,0.03165329567709705,-0.011006801871520987,0.02960506109908095,NA,NA,NA
Aulacephalodon__rotated_lat_scaled,-0.14654070899145155,-0.04676611842524745,0.006637547614674078,0.30650465911203356,0.17477171123027802,0.48038926161825657
Aulacephalodon__map_scaled,0.06777958572201896,-0.05304067374530524,0.06308585309417361,NA,NA,NA
Aulacephalodon__mat_scaled,0.08363434721366503,-0.04972724865334092,0.09873617807984517,NA,NA,NA
Aulacephalodon__wmmcmm_boxcox_scaled,0.0882020678522531,-0.0026793124836752584,0.037811448272556086,NA,NA,NA
Aulacephalodon__time,0.02546749323286349,-0.00915231963840739,0.015249471333717204,NA,NA,NA
Aulacocephalus__rotated_lat_scaled,0.0086986590913218,-0.039950932074959256,0.030573896663681144,0.43912542691919954,0.25820067152380943,0.6207045651972294
Aulacocephalus__map_scaled,0.19815461374855348,-0.001387876143696332,0.09349218250217158,NA,NA,NA
Aulacocephalus__mat_scaled,-0.09250725257905533,-0.08899119528501293,0.03694883075620545,NA,NA,NA
Aulacocephalus__wmmcmm_boxcox_scaled,0.08006380945693657,-0.0028411607836622416,0.049893563728785346,NA,NA,NA
Aulacocephalus__time,-0.006447955635071976,-0.028194508658645506,0.010612024744122593,NA,NA,NA
Australobarbarus__rotated_lat_scaled,0.09068547948955216,-0.005994321414840517,0.04436422017368692,0.506325660799248,0.17794516868889332,1.0225705057382584
Australobarbarus__map_scaled,0.10438868744144604,-0.049207624518016316,0.0808411111360436,NA,NA,NA
Australobarbarus__mat_scaled,-0.12488774317336603,-0.08740856072825387,0.02799645180486117,NA,NA,NA
Australobarbarus__wmmcmm_boxcox_scaled,0.10425071169975521,-0.012599749132668384,0.05472028888059712,NA,NA,NA
Australobarbarus__time,0.013524738625297145,-0.006155417152197173,0.013598426399777288,NA,NA,NA
Australosyodon__rotated_lat_scaled,0.05609706779825501,-0.01217559979291298,0.02171205096365655,0.21709914190272683,0.01836995780467987,0.6221853084862232
Australosyodon__map_scaled,0.10772614573579631,-0.025207054832173146,0.08037748684170094,NA,NA,NA
Australosyodon__mat_scaled,0.017403804697096348,-0.06307337823900319,0.07701302940022851,NA,NA,NA
Australosyodon__wmmcmm_boxcox_scaled,-0.11859496614721138,-0.04797349978417785,0.033642091194570886,NA,NA,NA
Australosyodon__time,-0.03349478426389396,-0.01293614029770908,0.00877583999480923,NA,NA,NA
Avenantia__rotated_lat_scaled,0.014954589173430576,-0.016839156460174892,0.022429330102964513,0.2265590003877878,0.12694226251915097,0.3417209256440401
Avenantia__map_scaled,0.3238589736633003,-0.02835830365763087,0.10911474206978715,NA,NA,NA
Avenantia__mat_scaled,-0.4692770748957992,-0.10251058053319345,0.025292004220108997,NA,NA,NA
Avenantia__wmmcmm_boxcox_scaled,0.20428258588188328,-9.077497122653764e-05,0.053398442656542824,NA,NA,NA
Avenantia__time,-0.03522194751771167,-0.013566857323750502,0.011285979345562644,NA,NA,NA
Baldwinonus__rotated_lat_scaled,0.11694598413072527,-0.00984452709008678,0.06020902596982323,0.148061848024372,0.07910485938191414,0.2149513065814972
Baldwinonus__map_scaled,0.08863587084924802,-0.013230566585174238,0.05207719773466347,NA,NA,NA
Baldwinonus__mat_scaled,0.13574381098384036,-0.009285173249107576,0.06544823839800362,NA,NA,NA
Baldwinonus__wmmcmm_boxcox_scaled,-0.41201925319619476,-0.10556452960730783,0.0015207603160495274,NA,NA,NA
Baldwinonus__time,0.0307935611740686,-0.023440876414299837,0.042265275976426285,NA,NA,NA
Basilodon__rotated_lat_scaled,-0.07888586154673248,-0.04496414680560358,0.015054184468439012,0.373956974640314,0.24612296372652054,0.5382626578211784
Basilodon__map_scaled,0.11047201598179526,-0.04884521502372968,0.06176746079842911,NA,NA,NA
Basilodon__mat_scaled,0.05072182165458798,-0.053426736454095125,0.09589592365619162,NA,NA,NA
Basilodon__wmmcmm_boxcox_scaled,0.08553900463652099,-0.00718664459774557,0.03218431856365176,NA,NA,NA
Basilodon__time,0.018148119831457733,-0.006942930064802296,0.016618610908254616,NA,NA,NA
Bauria__rotated_lat_scaled,-0.05214536632542896,-0.03425396759286797,0.022205952794800525,0.4233157341735205,0.07442102953791618,0.7194927707314491
Bauria__map_scaled,0.0016840018653270987,-0.0631897001242715,0.055414381884505315,NA,NA,NA
Bauria__mat_scaled,0.003619190693026899,-0.046399887473593936,0.05396936695088629,NA,NA,NA
Bauria__wmmcmm_boxcox_scaled,0.16017419194196447,-0.01618352123622097,0.06829169619245468,NA,NA,NA
Bauria__time,0.07462985590779499,-0.0013385965190218752,0.021639100572319343,NA,NA,NA
Beishanodon__rotated_lat_scaled,0.05086255359873272,0.01730280105302285,0.04795327659159181,1.1965006331540644,0.18734309077262878,2.431448068469763
Beishanodon__map_scaled,0.025954270766483007,-0.11089305368986893,0.039447928291118955,NA,NA,NA
Beishanodon__mat_scaled,0.0726689922474943,-0.0218788672892324,0.09031118990458087,NA,NA,NA
Beishanodon__wmmcmm_boxcox_scaled,0.0258718233223991,-0.04507542339203614,0.032780970648548374,NA,NA,NA
Beishanodon__time,0.012604234147575393,-0.0008211296278616419,0.011027132959126124,NA,NA,NA
Biarmosuchoides__rotated_lat_scaled,0.14485351064242422,-0.002612036997187613,0.03596642912323611,0.234495745721797,0.11429213546216488,0.42644782923161983
Biarmosuchoides__map_scaled,0.08141337496694177,-0.02808301986446372,0.06416639867282634,NA,NA,NA
Biarmosuchoides__mat_scaled,0.026784667917527257,-0.06977104667288045,0.059182641368607354,NA,NA,NA
Biarmosuchoides__wmmcmm_boxcox_scaled,-0.23494322767481207,-0.0564726734369612,0.04667614029298083,NA,NA,NA
Biarmosuchoides__time,0.028425545787031298,-0.004426895974483273,0.015528888937315502,NA,NA,NA
Biarmosuchus__rotated_lat_scaled,0.12361541368532926,-0.005018375154083504,0.031341509217483944,0.3220304427362862,0.13873374089598656,0.4782088976353407
Biarmosuchus__map_scaled,0.1376477598818019,-0.041197912930617385,0.0850174852634292,NA,NA,NA
Biarmosuchus__mat_scaled,-0.23739619358908384,-0.07302940747902932,0.03814854699564696,NA,NA,NA
Biarmosuchus__wmmcmm_boxcox_scaled,0.09266637119464577,-0.03808591934198156,0.053001587168449674,NA,NA,NA
Biarmosuchus__time,0.017535217480908614,-0.004034058040264477,0.014011369749956348,NA,NA,NA
Biseridens__rotated_lat_scaled,0.15434428431093694,-0.004299294490069161,0.04790839334085963,0.20322988065367098,0.11248818226158619,0.3044445675041061
Biseridens__map_scaled,0.05447012373944744,-0.02678976849924646,0.04567960311570784,NA,NA,NA
Biseridens__mat_scaled,0.12155519089894369,-0.02334536205477159,0.09034339109802376,NA,NA,NA
Biseridens__wmmcmm_boxcox_scaled,-0.3502719875611365,-0.10015768275422497,0.013435426349960991,NA,NA,NA
Biseridens__time,0.03517039518279489,-0.006773565147664072,0.024153684490413916,NA,NA,NA
Blattoidealestes__rotated_lat_scaled,-0.003098033797214157,-0.016449351860749948,0.028854296828501626,0.32825539476856647,0.16312965750694275,0.4951506480574608
Blattoidealestes__map_scaled,0.27878435761667786,-0.016045739571337803,0.1154442975990314,NA,NA,NA
Blattoidealestes__mat_scaled,-0.2316061076335609,-0.0996782886858605,0.023409927384819396,NA,NA,NA
Blattoidealestes__wmmcmm_boxcox_scaled,0.11763640632561874,-0.01373057251777041,0.03953126274733171,NA,NA,NA
Blattoidealestes__time,-0.021423101825639605,-0.015461720310257604,0.014280713835282023,NA,NA,NA
Bohemiclavulus__rotated_lat_scaled,0.20122172554954887,0.002167209028462823,0.07109981529347334,0.32970551974023693,0.11926642805337906,0.6360461097210646
Bohemiclavulus__map_scaled,0.12215135199134237,-0.006539376721002596,0.05305638364402454,NA,NA,NA
Bohemiclavulus__mat_scaled,0.15762630344834178,-0.012250827468957884,0.05782053621260779,NA,NA,NA
Bohemiclavulus__wmmcmm_boxcox_scaled,-0.37462629383197055,-0.1119590178188091,0.0073284572112204864,NA,NA,NA
Bohemiclavulus__time,0.03537055850028992,-0.03278365996566949,0.03221530603363995,NA,NA,NA
Bolodon__rotated_lat_scaled,-0.05198832893511281,-0.03114774075283871,0.0231226981186617,0.3575016612818945,0.226522047072649,0.5715825036168098
Bolodon__map_scaled,-0.022872058427892625,-0.03472389282982971,0.032011200722847445,NA,NA,NA
Bolodon__mat_scaled,0.23386514442274348,-0.03475655171075708,0.08537742189270717,NA,NA,NA
Bolodon__wmmcmm_boxcox_scaled,-0.06411976928789954,-0.02792809479238134,0.019651600460184337,NA,NA,NA
Bolodon__time,0.07465479942737147,-0.03280939286016942,0.06135757720056547,NA,NA,NA
Bolotridon__rotated_lat_scaled,0.028159021029312236,-0.03641316688242473,0.03517037363941308,0.6363776750685065,0.29875286016613245,1.0805458724498749
Bolotridon__map_scaled,0.06955133464642124,-0.007105998323142007,0.05994274885396977,NA,NA,NA
Bolotridon__mat_scaled,-0.020999043730198366,-0.08080746030006952,0.03957376189282972,NA,NA,NA
Bolotridon__wmmcmm_boxcox_scaled,0.06419499773228096,-0.031035230563162923,0.05983890380333633,NA,NA,NA
Bolotridon__time,0.04705556440486846,-0.006003816877177077,0.026994710205417223,NA,NA,NA
Bonacynodon__rotated_lat_scaled,-0.051919179157121104,-0.018878163060141236,0.017414208878686104,0.10109861377160996,0.031628649681806564,0.1532246833667159
Bonacynodon__map_scaled,-0.8052300200518221,-0.12755444674400127,0.003134975370788463,NA,NA,NA
Bonacynodon__mat_scaled,0.4922282085358165,-0.008592666771730895,0.12711922815514576,NA,NA,NA
Bonacynodon__wmmcmm_boxcox_scaled,0.18546300823334605,-0.0028095670578398143,0.052536165016291214,NA,NA,NA
Bonacynodon__time,0.09259472212870605,-0.0035308293122630423,0.02131592097405459,NA,NA,NA
Boreogomphodon__rotated_lat_scaled,0.10661179026821628,-0.017887192951502186,0.04731152994863732,0.21326363734682674,0.04660059465095401,0.5128891542553902
Boreogomphodon__map_scaled,-0.4614137823320925,-0.08377467677718853,0.011196062577278575,NA,NA,NA
Boreogomphodon__mat_scaled,0.35581987163983286,-0.012467814271499456,0.1004824366866391,NA,NA,NA
Boreogomphodon__wmmcmm_boxcox_scaled,-0.035871668126783336,-0.03167460208846947,0.025374457364185546,NA,NA,NA
Boreogomphodon__time,0.06015555181496893,-0.015561386857316626,0.037156011818225594,NA,NA,NA
Botucaraitherium__rotated_lat_scaled,0.01625645420514047,-0.010174694530234072,0.025494010461706584,0.08232135308571742,0.028178229928016663,0.13076985254883766
Botucaraitherium__map_scaled,-0.7518275312427432,-0.12061965210836197,-0.0008627326155506536,NA,NA,NA
Botucaraitherium__mat_scaled,0.49210635874420405,-0.009210896463326833,0.13820073233993774,NA,NA,NA
Botucaraitherium__wmmcmm_boxcox_scaled,0.030575459915125974,-0.016657740237609953,0.02602122767281888,NA,NA,NA
Botucaraitherium__time,0.10724873738130554,-0.004702689606443437,0.032667260536053566,NA,NA,NA
Brachyprosopus__rotated_lat_scaled,0.026224963727872818,-0.01835331290749274,0.0235950192409366,0.32806713366531765,0.1398424063809216,0.5404643341898918
Brachyprosopus__map_scaled,0.3210455813386943,-0.013606161425018243,0.10812646300581617,NA,NA,NA
Brachyprosopus__mat_scaled,-0.3675795253459364,-0.1152847105176984,0.0232623839113267,NA,NA,NA
Brachyprosopus__wmmcmm_boxcox_scaled,0.17882769723422826,0.0006519244305306304,0.05522944896236138,NA,NA,NA
Brachyprosopus__time,-0.01841345737222582,-0.014773412526297516,0.011307183274525281,NA,NA,NA
Brachyzostrodon__rotated_lat_scaled,-0.05403191515011713,-0.029119743681473215,0.026437004172756125,0.37379349398692285,0.226522047072649,0.49275155179202557
Brachyzostrodon__map_scaled,-0.00884889779612422,-0.033034277176968885,0.03147644219121651,NA,NA,NA
Brachyzostrodon__mat_scaled,0.23746468933532014,-0.03610963510477454,0.08395116159209953,NA,NA,NA
Brachyzostrodon__wmmcmm_boxcox_scaled,-0.06320913585801463,-0.029015344229684437,0.01932331346160307,NA,NA,NA
Brachyzostrodon__time,0.07445687937317416,-0.0340866727530752,0.06033257697729088,NA,NA,NA
Brasilitherium__rotated_lat_scaled,0.04615304001362977,-0.017566611353654036,0.04324209796105932,1.3098626294452698,0.029336147010326385,3.823506236076355
Brasilitherium__map_scaled,-0.027556041262333738,-0.08167003229295441,0.02588483494586063,NA,NA,NA
Brasilitherium__mat_scaled,0.11614341588458138,-0.00508877200353095,0.07901013618507126,NA,NA,NA
Brasilitherium__wmmcmm_boxcox_scaled,0.0013183073249629826,-0.04276605884905171,0.01789038402240444,NA,NA,NA
Brasilitherium__time,0.05190315212184412,-0.01427419844678516,0.05549304528057047,NA,NA,NA
Brasilodon__rotated_lat_scaled,0.04605067079191968,-0.01489840386612605,0.04463513478969235,1.208224656872917,0.03782396949827671,3.5150735825300217
Brasilodon__map_scaled,-0.03178662559352836,-0.08291361205799941,0.022917457708296545,NA,NA,NA
Brasilodon__mat_scaled,0.12229064383595191,-0.004120735665047399,0.08437779531986835,NA,NA,NA
Brasilodon__wmmcmm_boxcox_scaled,4.297819725350298e-05,-0.03358470316994843,0.020163843585749963,NA,NA,NA
Brasilodon__time,0.051364206851087786,-0.025848218186854958,0.04942626699135892,NA,NA,NA
Brontopus__rotated_lat_scaled,0.052195618505842804,-0.015274770416513251,0.04341971561523326,0.8532587877087644,0.29864275455474854,2.3171586990356445
Brontopus__map_scaled,0.05316861624196607,-0.02938933036521501,0.0468571835550629,NA,NA,NA
Brontopus__mat_scaled,0.026900665173924525,-0.10029825074300462,0.08211356758404134,NA,NA,NA
Brontopus__wmmcmm_boxcox_scaled,0.040985293692725626,-0.012462039740151008,0.03841775673457564,NA,NA,NA
Brontopus__time,0.014711680468225505,-0.003941281681092374,0.010712274906052994,NA,NA,NA
Bulbasaurus__rotated_lat_scaled,-0.12164559289463796,-0.04778273902401913,0.0008551938938974103,0.2269250972284499,0.16353156277909875,0.3045008103363216
Bulbasaurus__map_scaled,0.24499028551741503,-0.003317033375862976,0.11803194322122108,NA,NA,NA
Bulbasaurus__mat_scaled,-0.16375252227531745,-0.08308617903974225,0.03689986759669052,NA,NA,NA
Bulbasaurus__wmmcmm_boxcox_scaled,0.10000586872221902,-0.004636862241837862,0.05251271678023077,NA,NA,NA
Bulbasaurus__time,-0.020634815923913266,-0.022542859264514048,0.013220776902926341,NA,NA,NA
Bullacephalus__rotated_lat_scaled,0.11194351325160824,-0.009599306483050959,0.03198811893062969,0.3335075369349215,0.04222875786945224,0.7278601825237274
Bullacephalus__map_scaled,0.26706345930346287,-0.022400289687824405,0.08835019714193004,NA,NA,NA
Bullacephalus__mat_scaled,-0.2670653058961034,-0.09181248781704415,0.03710797549530585,NA,NA,NA
Bullacephalus__wmmcmm_boxcox_scaled,0.06812324838712812,-0.023833659034842313,0.05546803086072691,NA,NA,NA
Bullacephalus__time,-0.034519252193858846,-0.013719929923214438,0.008606175966373628,NA,NA,NA
Burnetia__rotated_lat_scaled,-0.11961488701053895,-0.048875464188054246,0.0008660124999753832,0.225831944485617,0.15959233045578003,0.29614328779280186
Burnetia__map_scaled,0.24605558994575405,0.0002973204499603013,0.11952510296831492,NA,NA,NA
Burnetia__mat_scaled,-0.16626921692164615,-0.08498624505677436,0.03456432954768635,NA,NA,NA
Burnetia__wmmcmm_boxcox_scaled,0.09928924867184832,-0.004742900869118595,0.053177027413156816,NA,NA,NA
Burnetia__time,-0.021590664282484795,-0.023058383281989357,0.013388025965832632,NA,NA,NA
Cabarzia__rotated_lat_scaled,0.19035329758975422,-0.0007311241207446687,0.07138278635095427,0.3027150250360501,0.11833518743515015,0.5317895263433456
Cabarzia__map_scaled,0.11934619316107273,-0.008185166330458064,0.05111019234143924,NA,NA,NA
Cabarzia__mat_scaled,0.15430019855499266,-0.012793449465656715,0.056840162594943726,NA,NA,NA
Cabarzia__wmmcmm_boxcox_scaled,-0.3816982301045209,-0.11542713602997616,0.005816584020137302,NA,NA,NA
Cabarzia__time,0.03245169175206684,-0.024228796999140663,0.03637077308749158,NA,NA,NA
Callibrachion__rotated_lat_scaled,0.2191309745516628,0.005496136753340302,0.07006313233922698,0.33505782652471683,0.10185883473604918,0.6665458641946316
Callibrachion__map_scaled,0.05286244180984795,-0.032387541721428686,0.052052936535711546,NA,NA,NA
Callibrachion__mat_scaled,0.2132400543242693,0.0017316527291848932,0.07149623185324384,NA,NA,NA
Callibrachion__wmmcmm_boxcox_scaled,-0.3810707091540098,-0.1162499173363149,-0.0014439865415634791,NA,NA,NA
Callibrachion__time,0.042933190910262056,-0.019956003370757886,0.029352184208347225,NA,NA,NA
Candelariodon__rotated_lat_scaled,-0.24305218222551048,-0.04149597726112671,0.0057307362734844575,0.08894649501307868,0.014850948005914688,0.15930082090198994
Candelariodon__map_scaled,-0.42636116172070615,-0.09305755216240501,0.0038704645143991068,NA,NA,NA
Candelariodon__mat_scaled,0.2560457987291738,-0.016718894328691114,0.1061016763238729,NA,NA,NA
Candelariodon__wmmcmm_boxcox_scaled,0.2569676491525024,-0.009582438717709394,0.09194066207662281,NA,NA,NA
Candelariodon__time,0.05738451699493453,-0.0005108104760440425,0.01387695920658684,NA,NA,NA
Caodeyao__rotated_lat_scaled,0.07018807298958198,-0.003967425526431269,0.053367344230168375,0.7234861491954507,0.379629532340914,1.1613691337406635
Caodeyao__map_scaled,0.06561300935027874,-0.019925499443024332,0.0723988035540661,NA,NA,NA
Caodeyao__mat_scaled,-0.017562020521204737,-0.1356720833141723,0.037080019356920575,NA,NA,NA
Caodeyao__wmmcmm_boxcox_scaled,0.05653786648124452,0.009121344528154007,0.042918138989004075,NA,NA,NA
Caodeyao__time,0.013184945782783997,-0.010922009190502353,0.015756192264807026,NA,NA,NA
Casea__rotated_lat_scaled,0.15980488840083126,-0.004818953136797963,0.05497199377379531,0.2448745257704286,0.05746724084019661,0.4515552371740341
Casea__map_scaled,0.019987361680250615,-0.03676743757212415,0.05755277853180721,NA,NA,NA
Casea__mat_scaled,0.19211475885706022,-0.011086978888064536,0.08199843148918429,NA,NA,NA
Casea__wmmcmm_boxcox_scaled,-0.3565444361930713,-0.10021959951927634,0.006971451591048229,NA,NA,NA
Casea__time,0.041550078942673284,-0.008472703829713272,0.02002584300913108,NA,NA,NA
Caseoides__rotated_lat_scaled,0.16802935930958485,-0.004315689702869407,0.0515005390424181,0.29617813904129436,0.06712154112756252,0.5008833557367325
Caseoides__map_scaled,0.08348450387245976,-0.028353367056395722,0.04010392791146906,NA,NA,NA
Caseoides__mat_scaled,0.1353631682775449,-0.029100317893479354,0.07864148859247644,NA,NA,NA
Caseoides__wmmcmm_boxcox_scaled,-0.31184410328045487,-0.09181960979179425,0.034629836434443666,NA,NA,NA
Caseoides__time,0.033183336779475214,-0.0077766885014375195,0.016644706414158866,NA,NA,NA
Caseopsis__rotated_lat_scaled,0.1678893065126613,-0.0045238823793064325,0.056553890556279726,0.2739003477373626,0.056013709865510464,0.51848713029176
Caseopsis__map_scaled,0.054118371302029115,-0.03449000119948916,0.043628309945414424,NA,NA,NA
Caseopsis__mat_scaled,0.1656658909271937,-0.02766565330867363,0.08090831795047086,NA,NA,NA
Caseopsis__wmmcmm_boxcox_scaled,-0.3413632268970832,-0.08729284335435661,0.01996036019293589,NA,NA,NA
Caseopsis__time,0.03962813180987723,-0.007393292704150429,0.020469619749865227,NA,NA,NA
Cerdodon__rotated_lat_scaled,0.14235926155233755,-0.008567122250054618,0.03889333542946935,0.373461141398584,0.0253396681509912,1.0170963536947966
Cerdodon__map_scaled,0.16788267300929874,-0.022734484305735277,0.07299858001819413,NA,NA,NA
Cerdodon__mat_scaled,-0.06462924634106457,-0.07550835706969294,0.06704707984730146,NA,NA,NA
Cerdodon__wmmcmm_boxcox_scaled,-0.03259208557195961,-0.042360206494187994,0.035148910907018285,NA,NA,NA
Cerdodon__time,-0.027521335332712626,-0.01219550282630542,0.007432592192982913,NA,NA,NA
Cerdorhinus__rotated_lat_scaled,0.0086986590913218,-0.039950932074959256,0.030573896663681144,0.43912542691919954,0.25820067152380943,0.6207045651972294
Cerdorhinus__map_scaled,0.19815461374855348,-0.001387876143696332,0.09349218250217158,NA,NA,NA
Cerdorhinus__mat_scaled,-0.09250725257905533,-0.08899119528501293,0.03694883075620545,NA,NA,NA
Cerdorhinus__wmmcmm_boxcox_scaled,0.08006380945693657,-0.0028411607836622416,0.049893563728785346,NA,NA,NA
Cerdorhinus__time,-0.006447955635071976,-0.028194508658645506,0.010612024744122593,NA,NA,NA
Cerdosuchus__rotated_lat_scaled,0.003959676885562383,-0.04613623063369555,0.02891432883532691,0.4364795521274209,0.25820067152380943,0.6207045651972294
Cerdosuchus__map_scaled,0.19736891938343762,-0.0012469664766811652,0.09349271832057132,NA,NA,NA
Cerdosuchus__mat_scaled,-0.08941052735077247,-0.08671657361076239,0.034943228019569485,NA,NA,NA
Cerdosuchus__wmmcmm_boxcox_scaled,0.08056805222855322,-0.00255270059088441,0.04718531380836894,NA,NA,NA
Cerdosuchus__time,-0.004524247064096237,-0.024713201633952755,0.016984909411129456,NA,NA,NA
Chalepotherium__rotated_lat_scaled,-0.05403191515011713,-0.029119743681473215,0.026437004172756125,0.37379349398692285,0.226522047072649,0.49275155179202557
Chalepotherium__map_scaled,-0.00884889779612422,-0.033034277176968885,0.03147644219121651,NA,NA,NA
Chalepotherium__mat_scaled,0.23746468933532014,-0.03610963510477454,0.08395116159209953,NA,NA,NA
Chalepotherium__wmmcmm_boxcox_scaled,-0.06320913585801463,-0.029015344229684437,0.01932331346160307,NA,NA,NA
Chalepotherium__time,0.07445687937317416,-0.0340866727530752,0.06033257697729088,NA,NA,NA
Chaliminia__rotated_lat_scaled,0.026305083129422598,-0.010985982431727237,0.031695560315302795,0.665581827488495,0.036065034568309784,2.4491495937108994
Chaliminia__map_scaled,-0.1451363865504663,-0.08738956883511469,0.019404388696252228,NA,NA,NA
Chaliminia__mat_scaled,0.21773797877541548,-0.011899247724926133,0.08961215315008765,NA,NA,NA
Chaliminia__wmmcmm_boxcox_scaled,-0.00016581552807316206,-0.023105866290989405,0.026800895144280763,NA,NA,NA
Chaliminia__time,0.0892210142563859,-0.02798500766321879,0.054007501089042696,NA,NA,NA
Charassognathus__rotated_lat_scaled,-0.11961488701053895,-0.048875464188054246,0.0008660124999753832,0.225831944485617,0.15959233045578003,0.29614328779280186
Charassognathus__map_scaled,0.24605558994575405,0.0002973204499603013,0.11952510296831492,NA,NA,NA
Charassognathus__mat_scaled,-0.16626921692164615,-0.08498624505677436,0.03456432954768635,NA,NA,NA
Charassognathus__wmmcmm_boxcox_scaled,0.09928924867184832,-0.004742900869118595,0.053177027413156816,NA,NA,NA
Charassognathus__time,-0.021590664282484795,-0.023058383281989357,0.013388025965832632,NA,NA,NA
Charruodon__rotated_lat_scaled,-0.021058629227336496,-0.013414414129519039,0.016744585111260715,0.07472941410611383,0.007108282297849655,0.1320843417197466
Charruodon__map_scaled,-0.7305697584524751,-0.11802929346273766,-0.006543674696105788,NA,NA,NA
Charruodon__mat_scaled,0.48767635931260883,-0.007987674692171397,0.14324055117427573,NA,NA,NA
Charruodon__wmmcmm_boxcox_scaled,0.046238067211816086,-0.014946170347059301,0.03174062090322252,NA,NA,NA
Charruodon__time,0.10448150117881597,-0.006988120314488866,0.036338415902312945,NA,NA,NA
Chiniquodon__rotated_lat_scaled,0.023926051425514742,-0.016221033998219978,0.03645868605214175,0.2947421518446208,0.018768036738038063,1.9822900074068457
Chiniquodon__map_scaled,-0.6206757282291073,-0.11131883952785651,0.004069637555797516,NA,NA,NA
Chiniquodon__mat_scaled,0.5181962472060695,-0.0032576485353329825,0.11384236553089809,NA,NA,NA
Chiniquodon__wmmcmm_boxcox_scaled,0.04249955869752739,-0.0207129597627055,0.031204841358891774,NA,NA,NA
Chiniquodon__time,0.14283414866193198,-0.009855191121861296,0.035944967897236973,NA,NA,NA
Choerosaurus__rotated_lat_scaled,0.06545930752133455,-0.03899136881744012,0.06671430284857768,0.7705385282589122,0.2778664790093899,1.3995554521679878
Choerosaurus__map_scaled,0.0938820727004553,0.0018923869811973985,0.07386134057827042,NA,NA,NA
Choerosaurus__mat_scaled,-0.01768500884874827,-0.09464261008433451,0.03482668150510494,NA,NA,NA
Choerosaurus__wmmcmm_boxcox_scaled,0.040514388511839756,-0.007831579982829533,0.03455407894012284,NA,NA,NA
Choerosaurus__time,0.005791114197803184,-0.0217925010425695,0.011564094522890233,NA,NA,NA
Chthomaloporus__rotated_lat_scaled,0.15455033843405544,0.0012074044423552258,0.03424806324712832,0.25113699291023295,0.11304865777492523,0.4703821577131748
Chthomaloporus__map_scaled,0.04872744834050536,-0.041237742436429185,0.03117602107968064,NA,NA,NA
Chthomaloporus__mat_scaled,0.08407152626343305,-0.03749268536770555,0.09823091330771466,NA,NA,NA
Chthomaloporus__wmmcmm_boxcox_scaled,-0.2532801591232419,-0.07897294217321102,0.04145081924654032,NA,NA,NA
Chthomaloporus__time,0.02910596491279648,-0.004869707410985731,0.016414681513902168,NA,NA,NA
Chthonosaurus__rotated_lat_scaled,0.07606652056319706,0.004780231525011059,0.05311211879745977,0.6701766504708212,0.281103890389204,1.0919097941368818
Chthonosaurus__map_scaled,0.06813686578399457,-0.03886388701017595,0.07546440829215798,NA,NA,NA
Chthonosaurus__mat_scaled,-0.037404201950556215,-0.1282346525019761,0.025379784995643785,NA,NA,NA
Chthonosaurus__wmmcmm_boxcox_scaled,0.06788067254931947,0.011427488302825311,0.052589612719970806,NA,NA,NA
Chthonosaurus__time,0.013282017136729666,-0.010474853261660564,0.014974573589733767,NA,NA,NA
Cistecephaloides__rotated_lat_scaled,0.0086986590913218,-0.039950932074959256,0.030573896663681144,0.43912542691919954,0.25820067152380943,0.6207045651972294
Cistecephaloides__map_scaled,0.19815461374855348,-0.001387876143696332,0.09349218250217158,NA,NA,NA
Cistecephaloides__mat_scaled,-0.09250725257905533,-0.08899119528501293,0.03694883075620545,NA,NA,NA
Cistecephaloides__wmmcmm_boxcox_scaled,0.08006380945693657,-0.0028411607836622416,0.049893563728785346,NA,NA,NA
Cistecephaloides__time,-0.006447955635071976,-0.028194508658645506,0.010612024744122593,NA,NA,NA
Cistecephalus__rotated_lat_scaled,-0.11759992785868235,-0.04867586097371203,0.0015214711363066376,0.22888271279807668,0.16305557265877724,0.30013792822137475
Cistecephalus__map_scaled,0.2462403241591528,0.00026294394862441813,0.11887080186962615,NA,NA,NA
Cistecephalus__mat_scaled,-0.16554774731514044,-0.08507245005898906,0.034756157379540104,NA,NA,NA
Cistecephalus__wmmcmm_boxcox_scaled,0.09931985654635354,-0.004769030241296054,0.052991056694736645,NA,NA,NA
Cistecephalus__time,-0.0214916668162914,-0.02311127562060354,0.013381011314756585,NA,NA,NA
Cistecynodon__rotated_lat_scaled,-0.0317288275868078,-0.03832884671076417,0.024936142928954227,0.45204257833887823,0.2393836323171854,0.6622219607234001
Cistecynodon__map_scaled,0.11829646055192038,-0.009146666314949417,0.06481869699972698,NA,NA,NA
Cistecynodon__mat_scaled,-0.08176118119747781,-0.07698730025317392,0.021539866079061675,NA,NA,NA
Cistecynodon__wmmcmm_boxcox_scaled,0.12110553298918436,-0.028924258348709837,0.08353349290750514,NA,NA,NA
Cistecynodon__time,0.06204988932586541,-0.007978601318378912,0.026692299479718084,NA,NA,NA
Clelandina__rotated_lat_scaled,-0.12021477671572939,-0.05089719287001602,0.01017102037783909,0.32888523106405043,0.22663753014057875,0.5264012217521667
Clelandina__map_scaled,0.08017767253826605,-0.04870432450004139,0.06293497500811795,NA,NA,NA
Clelandina__mat_scaled,0.07146129394881427,-0.04699977209311948,0.09578202433111069,NA,NA,NA
Clelandina__wmmcmm_boxcox_scaled,0.09543678579007973,-0.007101494263925888,0.033863257050373886,NA,NA,NA
Clelandina__time,0.014062381419935264,-0.007662889218873484,0.018769221627524504,NA,NA,NA
Clepsydrops__rotated_lat_scaled,0.1305643365625292,-0.00805119680592814,0.05902269280756408,0.14141732159536333,0.02137246262282133,0.3805906642228365
Clepsydrops__map_scaled,-0.07727879982907325,-0.054107274232804814,0.048085755833720475,NA,NA,NA
Clepsydrops__mat_scaled,0.18557538635330276,-0.008962353128054809,0.09622118464019008,NA,NA,NA
Clepsydrops__wmmcmm_boxcox_scaled,-0.3191704800259322,-0.08363749169339381,-0.009665322306561308,NA,NA,NA
Clepsydrops__time,0.03376500445185229,-0.0066073570857947,0.02785618742005279,NA,NA,NA
Colobodectes__rotated_lat_scaled,-0.1923475440684706,-0.04599909447225278,-0.002067865497184376,0.24086201648780844,0.12010811362415552,0.36901213228702545
Colobodectes__map_scaled,0.055340048398356885,-0.047994751831003366,0.05987807067675601,NA,NA,NA
Colobodectes__mat_scaled,0.09505460151936859,-0.04994752520318985,0.10757284135927894,NA,NA,NA
Colobodectes__wmmcmm_boxcox_scaled,0.08265599189180647,-0.008469427604950421,0.038031370665972924,NA,NA,NA
Colobodectes__time,0.012197044664062559,-0.008954873834579834,0.018106081190142616,NA,NA,NA
Compsodon__rotated_lat_scaled,-0.22828536504879593,-0.04326058657512381,-0.006843045054351598,0.16589925739703176,0.04689506534487009,0.32629353553056717
Compsodon__map_scaled,0.09924057512544096,-0.04210701448610156,0.08049259268943824,NA,NA,NA
Compsodon__mat_scaled,0.011647566074971109,-0.0623954264730539,0.10114948666590966,NA,NA,NA
Compsodon__wmmcmm_boxcox_scaled,0.09101233976602088,-0.006616307734289361,0.033489634944065115,NA,NA,NA
Compsodon__time,0.004322267396710231,-0.006986337677407626,0.013231829149904697,NA,NA,NA
Cotylorhynchus__rotated_lat_scaled,0.17479446904733778,-0.003848511822880971,0.05039645431111298,0.3138389716425445,0.12447685142979026,0.5436756908893585
Cotylorhynchus__map_scaled,0.09311496590496972,-0.029998728558939314,0.03750741464343923,NA,NA,NA
Cotylorhynchus__mat_scaled,0.13209064205992035,-0.03292134256369193,0.08407021348709201,NA,NA,NA
Cotylorhynchus__wmmcmm_boxcox_scaled,-0.30879335353150966,-0.08744793029041337,0.03327410609315459,NA,NA,NA
Cotylorhynchus__time,0.034670374079141766,-0.007149159710050676,0.0162723098601673,NA,NA,NA
Counillonia__rotated_lat_scaled,0.04995253665418043,-0.014773659194210441,0.06166892768897304,1.3420389218837954,0.3143640160560608,2.563428048044443
Counillonia__map_scaled,0.030302341154231364,-0.05002750330491706,0.04184834799605573,NA,NA,NA
Counillonia__mat_scaled,0.07057293819460173,-0.025837539170705675,0.07161423053437387,NA,NA,NA
Counillonia__wmmcmm_boxcox_scaled,0.023765455508099484,-0.0722241304436271,0.032662296604737365,NA,NA,NA
Counillonia__time,0.01336860257157153,0.001497159167484009,0.013726695570826128,NA,NA,NA
Cricodon__rotated_lat_scaled,-0.18099005302414298,-0.027703198848214483,0.014763733144013347,0.12113688942743465,0.04066094011068344,0.23467977344989777
Cricodon__map_scaled,-0.41199629529786763,-0.08845557718556668,0.03174244954853886,NA,NA,NA
Cricodon__mat_scaled,0.23933974582934753,-0.035840486167439733,0.10042159405538259,NA,NA,NA
Cricodon__wmmcmm_boxcox_scaled,0.20019774444866925,-0.007794561124387299,0.05113478029894609,NA,NA,NA
Cricodon__time,0.08662387338874396,-0.0015718496203680622,0.023457941348085258,NA,NA,NA
Criocephalosaurus__rotated_lat_scaled,0.001668729594675824,-0.013644003523879735,0.028736204823388668,0.2948129730444634,0.16225755587220192,0.46727839042432606
Criocephalosaurus__map_scaled,0.2917708146292716,-0.03002151517499761,0.10216518097794992,NA,NA,NA
Criocephalosaurus__mat_scaled,-0.3076395882852376,-0.10022388732547835,0.028292992190003478,NA,NA,NA
Criocephalosaurus__wmmcmm_boxcox_scaled,0.14951949500653428,-0.00011615539155647369,0.0495851537700096,NA,NA,NA
Criocephalosaurus__time,-0.028468351983465253,-0.01736011153006409,0.012740966633614457,NA,NA,NA
Cromptodon__rotated_lat_scaled,-0.19382122054696083,-0.040550380810112245,-0.004748852641888431,0.1286996480746893,0.03216533735394478,0.2643487153109163
Cromptodon__map_scaled,0.07751946994758327,-0.033905102656344006,0.07942520438982989,NA,NA,NA
Cromptodon__mat_scaled,-0.15123005880741403,-0.07505940895640292,0.036237215590034545,NA,NA,NA
Cromptodon__wmmcmm_boxcox_scaled,0.1827400382194901,-0.007846919586425352,0.09656596507519427,NA,NA,NA
Cromptodon__time,0.025529545179306296,-0.004003860936691736,0.01404096598179584,NA,NA,NA
Cryptocynodon__rotated_lat_scaled,-0.17760809613391756,-0.039632048722047446,-0.008463937980608535,0.17174418464594055,0.07468799967318773,0.27574911527335644
Cryptocynodon__map_scaled,0.1584972096979618,-0.03724384316677296,0.09857634711271086,NA,NA,NA
Cryptocynodon__mat_scaled,-0.08603073522972408,-0.06983599583442944,0.08084560105974066,NA,NA,NA
Cryptocynodon__wmmcmm_boxcox_scaled,0.10067562981508672,-0.0021659548731866583,0.04056920586512311,NA,NA,NA
Cryptocynodon__time,-0.01175169758615084,-0.012487830349539767,0.009993282338000044,NA,NA,NA
Cryptovenator__rotated_lat_scaled,0.18223765259142966,-0.010107919417680581,0.06600453883135511,0.2833829703365336,0.11752839386463165,0.4908241853117943
Cryptovenator__map_scaled,0.11719827931461622,-0.008668877499292373,0.05244338852154577,NA,NA,NA
Cryptovenator__mat_scaled,0.15194678358733654,-0.010390423707291197,0.06035573290009102,NA,NA,NA
Cryptovenator__wmmcmm_boxcox_scaled,-0.38666768376948313,-0.10935995528952533,0.0048903577363545135,NA,NA,NA
Cryptovenator__time,0.030706064529949798,-0.022838497032186794,0.0378264804056197,NA,NA,NA
Ctenorhachis__rotated_lat_scaled,0.12650425745174287,-0.015402936728978201,0.06245862167760588,0.12434180195676163,0.04684432968497276,0.2073123180307448
Ctenorhachis__map_scaled,-0.005294518866576254,-0.035520609308134415,0.04222313359890712,NA,NA,NA
Ctenorhachis__mat_scaled,0.18138828985393046,-0.005743876171959978,0.08601175785462564,NA,NA,NA
Ctenorhachis__wmmcmm_boxcox_scaled,-0.3983928045048378,-0.09435588107400038,0.0004147217133602998,NA,NA,NA
Ctenorhachis__time,0.03217470393981785,-0.010342369662903292,0.030412263550467174,NA,NA,NA
Ctenospondylus__rotated_lat_scaled,0.14077705988660455,-0.013959350935646283,0.06456051234352954,0.13197475558758015,0.0269794762134552,0.23581032687798142
Ctenospondylus__map_scaled,-0.03796001857117517,-0.038891177501908736,0.05132511539917383,NA,NA,NA
Ctenospondylus__mat_scaled,0.1945474917627871,-0.0031287425937191523,0.08754888563841763,NA,NA,NA
Ctenospondylus__wmmcmm_boxcox_scaled,-0.38729395918082443,-0.09476916735395124,-0.008697913184748335,NA,NA,NA
Ctenospondylus__time,0.03394230760750361,-0.010617234560750843,0.026783898198593444,NA,NA,NA
Cutleria__rotated_lat_scaled,0.15825230861373712,-0.007447914729719011,0.06472853431420604,0.2112497315130895,0.09136578440666199,0.3677079677581787
Cutleria__map_scaled,0.06461920960107818,-0.029889555914159937,0.048766108412006785,NA,NA,NA
Cutleria__mat_scaled,0.1659485191386193,-0.005401823270877383,0.07297832170658473,NA,NA,NA
Cutleria__wmmcmm_boxcox_scaled,-0.39651066742837426,-0.10823413936881783,-0.004602983793636191,NA,NA,NA
Cutleria__time,0.030978487505344675,-0.010392239662402089,0.039650517755804776,NA,NA,NA
Cynariognathus__rotated_lat_scaled,0.01492603957769461,-0.01354694415199645,0.026801621865329313,0.26753225372871386,0.12694226251915097,0.4331647912040353
Cynariognathus__map_scaled,0.3135657257772982,-0.02603283696011885,0.10475132842792788,NA,NA,NA
Cynariognathus__mat_scaled,-0.40465585495345296,-0.10721498911215759,0.02595324388097821,NA,NA,NA
Cynariognathus__wmmcmm_boxcox_scaled,0.18507756489911117,0.00048273299379224244,0.054794503158742305,NA,NA,NA
Cynariognathus__time,-0.02934309565462172,-0.015053635715495626,0.009219801061988428,NA,NA,NA
Cyniscops__rotated_lat_scaled,-0.07924623263461399,-0.04122414645765535,0.023220061534212782,0.31639305413686086,0.17034934647381306,0.5177032422507182
Cyniscops__map_scaled,0.28049746023491023,0.0037529880907989904,0.10513984454502176,NA,NA,NA
Cyniscops__mat_scaled,-0.20705756899900735,-0.105309545441799,0.02222808479831242,NA,NA,NA
Cyniscops__wmmcmm_boxcox_scaled,0.12146897771395743,-0.004641853714141205,0.050978793576388064,NA,NA,NA
Cyniscops__time,0.01276854373893002,-0.013943115423179685,0.019953713941031105,NA,NA,NA
Cynognathus__rotated_lat_scaled,-0.06142558657433256,-0.022259032517167373,0.01970111831982616,0.12133472244735458,0.029403697699308395,0.31980524957180023
Cynognathus__map_scaled,-0.7411017442494631,-0.12162621551901409,-0.004412928797412999,NA,NA,NA
Cynognathus__mat_scaled,0.4417518497724086,-0.012822878386787423,0.12194153192453493,NA,NA,NA
Cynognathus__wmmcmm_boxcox_scaled,0.15328372856602074,-0.0010291619734135128,0.04997142863184379,NA,NA,NA
Cynognathus__time,0.14086460085003638,-0.003628384549593862,0.03431934831617425,NA,NA,NA
Cynosaurus__rotated_lat_scaled,-0.11608789009973407,-0.0313827565438362,0.012559466606453415,0.30938116412289673,0.15981884859502316,0.4903837963938713
Cynosaurus__map_scaled,0.08519723964855075,-0.05110644445385793,0.0681726777089723,NA,NA,NA
Cynosaurus__mat_scaled,0.04124085161369294,-0.05542746116999871,0.0895967981230531,NA,NA,NA
Cynosaurus__wmmcmm_boxcox_scaled,0.09167824858915992,-0.00920764916987738,0.03403880889822358,NA,NA,NA
Cynosaurus__time,0.019390840288542675,-0.014241361608406044,0.01715274705826373,NA,NA,NA
Cyonosaurus__rotated_lat_scaled,-0.12955819561844692,-0.03893349175193102,0.005032215900709186,0.32524579915159846,0.2038201168179512,0.4806431233882904
Cyonosaurus__map_scaled,0.04296198049094528,-0.0531455834551597,0.06734389964354541,NA,NA,NA
Cyonosaurus__mat_scaled,0.11223552265902981,-0.05317322248470194,0.09675317061815343,NA,NA,NA
Cyonosaurus__wmmcmm_boxcox_scaled,0.08576078243320807,-0.008754527991735072,0.03380924489476922,NA,NA,NA
Cyonosaurus__time,0.025883835104177706,-0.00735884726244852,0.01858196733778889,NA,NA,NA
Dadadon__rotated_lat_scaled,0.0154984135273844,-0.01557466888523556,0.0294639981112071,0.10775218687602318,0.02501412108540535,0.19355053454637527
Dadadon__map_scaled,-0.881527424454689,-0.13520066608818324,-0.013299116299664971,NA,NA,NA
Dadadon__mat_scaled,0.5211279931571334,-0.007743625637464265,0.13482971457882398,NA,NA,NA
Dadadon__wmmcmm_boxcox_scaled,0.18999829382169992,-0.0005695657621005103,0.04943564633500452,NA,NA,NA
Dadadon__time,0.07469303674180992,-0.002277146572992665,0.0210902556695955,NA,NA,NA
Dalongkoua__rotated_lat_scaled,0.07229967360450065,-0.016306973060054585,0.06509933406323266,0.8309458676568465,0.23218980059027672,1.3664190582931042
Dalongkoua__map_scaled,0.05567631189386901,-0.01695487782013051,0.06596900833007717,NA,NA,NA
Dalongkoua__mat_scaled,-0.0007071910682276932,-0.12080097704844696,0.031066083008674108,NA,NA,NA
Dalongkoua__wmmcmm_boxcox_scaled,0.049831038769218454,-0.0020928824428139464,0.04516903640522978,NA,NA,NA
Dalongkoua__time,0.010862040883324053,-0.005209962574530261,0.0142170365877524,NA,NA,NA
Daptocephalus__rotated_lat_scaled,-0.13904539462411777,-0.03865045727991686,0.010681616368141137,0.3403752994674141,0.18217313435161486,0.5510137076489627
Daptocephalus__map_scaled,0.034663884582114404,-0.055068579549323,0.06459210693857591,NA,NA,NA
Daptocephalus__mat_scaled,0.13078073788434266,-0.050299531037898616,0.0976214286702425,NA,NA,NA
Daptocephalus__wmmcmm_boxcox_scaled,0.08998593328753486,-0.007928947340386577,0.032354671234798994,NA,NA,NA
Daptocephalus__time,0.03602826425485546,-0.0094181577384512,0.01627067518320758,NA,NA,NA
Daqingshanodon__rotated_lat_scaled,0.06704340415522578,-0.0035602888154313557,0.04957686234229227,0.7697453993753152,0.32428899966180325,1.3523572720587254
Daqingshanodon__map_scaled,0.062085995193264,-0.013843264018473505,0.0672141202351393,NA,NA,NA
Daqingshanodon__mat_scaled,-0.004873342235839287,-0.14108990632458035,0.048208769165941204,NA,NA,NA
Daqingshanodon__wmmcmm_boxcox_scaled,0.05037681674226862,0.0015793724687040364,0.04067367407631486,NA,NA,NA
Daqingshanodon__time,0.013329000227765406,-0.004451586256195083,0.015847072575278495,NA,NA,NA
Datheosaurus__rotated_lat_scaled,0.20122172554954887,0.002167209028462823,0.07109981529347334,0.32970551974023693,0.11926642805337906,0.6360461097210646
Datheosaurus__map_scaled,0.12215135199134237,-0.006539376721002596,0.05305638364402454,NA,NA,NA
Datheosaurus__mat_scaled,0.15762630344834178,-0.012250827468957884,0.05782053621260779,NA,NA,NA
Datheosaurus__wmmcmm_boxcox_scaled,-0.37462629383197055,-0.1119590178188091,0.0073284572112204864,NA,NA,NA
Datheosaurus__time,0.03537055850028992,-0.03278365996566949,0.03221530603363995,NA,NA,NA
Davletkulia__rotated_lat_scaled,0.15935653975233435,0.0019824707987857746,0.058472371916530146,0.19159177612920758,0.10424551088362932,0.28023186326026917
Davletkulia__map_scaled,0.047546741606201974,-0.029554713993747893,0.04747460437656814,NA,NA,NA
Davletkulia__mat_scaled,0.15406991017720428,-0.022226530774737477,0.09696180178220655,NA,NA,NA
Davletkulia__wmmcmm_boxcox_scaled,-0.39199927896261216,-0.10416299443383954,-0.008014837344815716,NA,NA,NA
Davletkulia__time,0.034655989473394586,-0.007403904542437131,0.026626557664477,NA,NA,NA
Deccanodon__rotated_lat_scaled,0.10917047136517861,-0.014600805930268393,0.059593301659688,0.7076821056821792,0.025576569139957428,2.1973057985305786
Deccanodon__map_scaled,-0.25994660632599065,-0.12051598165160231,0.013044817702206467,NA,NA,NA
Deccanodon__mat_scaled,0.23318056532002657,-0.008721887481678245,0.09136393980362763,NA,NA,NA
Deccanodon__wmmcmm_boxcox_scaled,0.061860840823810576,-0.010456470272289098,0.03518122691717306,NA,NA,NA
Deccanodon__time,0.0436966028996594,-0.0070705276101382004,0.02233721231227098,NA,NA,NA
Delectosaurus__rotated_lat_scaled,0.07242871006635566,-0.011644792477157152,0.04744136738210959,0.718130423676248,0.41349729895591736,1.216838713735342
Delectosaurus__map_scaled,0.0685968756425742,-0.016072002081018305,0.07470192913566424,NA,NA,NA
Delectosaurus__mat_scaled,-0.024808356908901635,-0.14105128264752065,0.03491446118092104,NA,NA,NA
Delectosaurus__wmmcmm_boxcox_scaled,0.05900371346733187,0.01779064532650757,0.050169602863995466,NA,NA,NA
Delectosaurus__time,0.012740931815324465,-0.010388241066787735,0.0142931378322758,NA,NA,NA
Delphinognathus__rotated_lat_scaled,0.02151889000670053,-0.015990582777663274,0.01846107874127456,0.24159849716350437,0.12694226251915097,0.4305736869573593
Delphinognathus__map_scaled,0.32100164515897633,-0.029789081438540744,0.11458934005200308,NA,NA,NA
Delphinognathus__mat_scaled,-0.43316603541374205,-0.10150097743400721,0.026560976245731782,NA,NA,NA
Delphinognathus__wmmcmm_boxcox_scaled,0.18143731822841802,-9.535489298284885e-05,0.05025130572699492,NA,NA,NA
Delphinognathus__time,-0.037155194899532944,-0.013989676402782177,0.01165779762896178,NA,NA,NA
Deuterosaurus__rotated_lat_scaled,0.0972616290092839,-0.002369500823535271,0.04207464138252905,0.44942699348895987,0.23186881840229034,0.9687312003225088
Deuterosaurus__map_scaled,0.11409780058086604,-0.04993215049486024,0.08327874901212212,NA,NA,NA
Deuterosaurus__mat_scaled,-0.17491831100880811,-0.0888187254119451,0.028051120780360116,NA,NA,NA
Deuterosaurus__wmmcmm_boxcox_scaled,0.13574313033607802,-0.012884312009917206,0.054321906941378895,NA,NA,NA
Deuterosaurus__time,0.015777625165264698,-0.0073609842057184415,0.013794080278575949,NA,NA,NA
Diademodon__rotated_lat_scaled,-0.06380420453482656,-0.021023942942337972,0.021493123381120856,0.11855225959807285,0.011258043348789215,0.21290890127420425
Diademodon__map_scaled,-0.7466394483298063,-0.12899293845643528,-0.0059027743185108,NA,NA,NA
Diademodon__mat_scaled,0.41767899541184306,-0.01028175123524065,0.1208400885288,NA,NA,NA
Diademodon__wmmcmm_boxcox_scaled,0.1953237885516137,0.00032143709500056497,0.05163306065175304,NA,NA,NA
Diademodon__time,0.1280312544165645,-0.0013884774069629138,0.03345700015180301,NA,NA,NA
Dicynodon_Temperate_N__rotated_lat_scaled,0.0926487021342822,-0.0033530641776790947,0.045562565022006965,0.5640117627767176,0.14904896914958954,1.1897513791918755
Dicynodon_Temperate_N__map_scaled,0.07625614021360773,-0.027018380910558082,0.0776631638078795,NA,NA,NA
Dicynodon_Temperate_N__mat_scaled,-0.04958304968386901,-0.08364915300846432,0.032122450855538776,NA,NA,NA
Dicynodon_Temperate_N__wmmcmm_boxcox_scaled,0.053444192581022856,-0.04315518100432339,0.05315408462109364,NA,NA,NA
Dicynodon_Temperate_N__time,0.015195888837640762,-0.0041898938449513815,0.013018234088447234,NA,NA,NA
Dicynodon_Temperate_S__rotated_lat_scaled,-0.20843700972618534,-0.04802569069335302,0.008472492852327188,0.12902922549721552,0.03543856739997864,0.2708457186818123
Dicynodon_Temperate_S__map_scaled,-0.4946276985690929,-0.09733283099541609,-0.00012918655243401465,NA,NA,NA
Dicynodon_Temperate_S__mat_scaled,0.30269282474182546,-0.009119904079342649,0.11281607388169805,NA,NA,NA
Dicynodon_Temperate_S__wmmcmm_boxcox_scaled,0.2503468566547963,-0.0070518616030740035,0.07149929571623144,NA,NA,NA
Dicynodon_Temperate_S__time,0.0910923783131875,0.00016461442520950147,0.028861822497143468,NA,NA,NA
Dicynodontipus_Temperate_N__rotated_lat_scaled,0.057694257867198284,-0.0051143095630331245,0.04147782417294137,1.0095633465668652,0.20842017978429794,2.5082753896713257
Dicynodontipus_Temperate_N__map_scaled,0.037557128584084526,-0.028773845319347447,0.044889337882023914,NA,NA,NA
Dicynodontipus_Temperate_N__mat_scaled,0.03868148498564102,-0.08938120527987466,0.08196587320267569,NA,NA,NA
Dicynodontipus_Temperate_N__wmmcmm_boxcox_scaled,0.039544307978607564,-0.03598604924733126,0.043453683488022476,NA,NA,NA
Dicynodontipus_Temperate_N__time,0.014484694667153125,-0.0021102635363897736,0.009733779649302644,NA,NA,NA
Dicynodontipus_Temperate_S__rotated_lat_scaled,-0.16814986372366547,-0.0328248293943976,0.01525097291739071,0.10389401935623027,0.04004380479454994,0.20873347530141473
Dicynodontipus_Temperate_S__map_scaled,-0.6542675489268731,-0.11642534186132616,0.0024456916959295512,NA,NA,NA
Dicynodontipus_Temperate_S__mat_scaled,0.41682803714182226,-0.01010995624270763,0.12005595914234514,NA,NA,NA
Dicynodontipus_Temperate_S__wmmcmm_boxcox_scaled,0.22892252674791963,-0.002314512617367082,0.05943999603067377,NA,NA,NA
Dicynodontipus_Temperate_S__time,0.09259899403434246,0.00030896716982220247,0.02432787860862694,NA,NA,NA
Dicynodontoides_Temperate_S__rotated_lat_scaled,-0.2707357254065573,-0.0506028277750184,-0.009642423015106575,0.17294672174437437,0.02765482757240534,0.34823819622397423
Dicynodontoides_Temperate_S__map_scaled,-0.08547759233042598,-0.052692021823476244,0.05837204765281485,NA,NA,NA
Dicynodontoides_Temperate_S__mat_scaled,0.21805287081981078,-0.04294450379029645,0.11430811049836336,NA,NA,NA
Dicynodontoides_Temperate_S__wmmcmm_boxcox_scaled,0.09562180442502723,-0.010940517909242817,0.045310146287029125,NA,NA,NA
Dicynodontoides_Temperate_S__time,0.027523490153835154,-0.004185801647942342,0.01317261697186538,NA,NA,NA
Diegocanis__rotated_lat_scaled,-0.08430839979962912,-0.02168212749257532,0.010519991723296563,0.09454166763753165,0.04239973425865173,0.16409292072057724
Diegocanis__map_scaled,-0.8031999196950346,-0.1270916112185136,0.0010020934080975465,NA,NA,NA
Diegocanis__mat_scaled,0.48851187438005583,-0.009931059843050063,0.133961088427022,NA,NA,NA
Diegocanis__wmmcmm_boxcox_scaled,0.2113922339119017,-0.0018365142771213183,0.05300306651006721,NA,NA,NA
Diegocanis__time,0.09418400475755334,-0.0008243601147159604,0.023034258326482804,NA,NA,NA
Digalodon__rotated_lat_scaled,-0.11408448029542342,-0.03784212459311168,0.020718684786212905,0.31278279779595325,0.22054282948374748,0.4903837963938713
Digalodon__map_scaled,0.1322615260607563,-0.047497697223410296,0.06997852521565763,NA,NA,NA
Digalodon__mat_scaled,0.0030675211874768137,-0.0566837914330971,0.0845080278382585,NA,NA,NA
Digalodon__wmmcmm_boxcox_scaled,0.09429567461484112,-0.008899394373449809,0.03050674178924007,NA,NA,NA
Digalodon__time,0.009280682145617902,-0.010442665322907368,0.015808518765597034,NA,NA,NA
Diictodon_Temperate_N__rotated_lat_scaled,0.07463584009769554,-0.01613815983637597,0.05782915689506564,0.7569658820593258,0.26477712765336037,1.2753163371235132
Diictodon_Temperate_N__map_scaled,0.06372566622567843,-0.020277841989175004,0.07074524530312319,NA,NA,NA
Diictodon_Temperate_N__mat_scaled,-0.01834535283828501,-0.12188859149909106,0.03095950147988454,NA,NA,NA
Diictodon_Temperate_N__wmmcmm_boxcox_scaled,0.05585394752258103,-0.0003252131386128642,0.04651307546106239,NA,NA,NA
Diictodon_Temperate_N__time,0.012091773075014548,-0.0027358664827213663,0.01547351925583034,NA,NA,NA
Diictodon_Temperate_S__rotated_lat_scaled,-0.16591299746185542,-0.036769222767790405,0.004782493145026139,0.24976515078218653,0.13460730016231537,0.378365695476532
Diictodon_Temperate_S__map_scaled,0.056318801378365604,-0.048833753320972347,0.07215525715937333,NA,NA,NA
Diictodon_Temperate_S__mat_scaled,0.06555531561374664,-0.05611176940079061,0.09317056707485415,NA,NA,NA
Diictodon_Temperate_S__wmmcmm_boxcox_scaled,0.0925809942081105,-0.006036235956416354,0.03379498354774806,NA,NA,NA
Diictodon_Temperate_S__time,0.013261162961134687,-0.013614691500006553,0.017617197467964425,NA,NA,NA
Diictodontoides__rotated_lat_scaled,-0.11961488701053895,-0.048875464188054246,0.0008660124999753832,0.225831944485617,0.15959233045578003,0.29614328779280186
Diictodontoides__map_scaled,0.24605558994575405,0.0002973204499603013,0.11952510296831492,NA,NA,NA
Diictodontoides__mat_scaled,-0.16626921692164615,-0.08498624505677436,0.03456432954768635,NA,NA,NA
Diictodontoides__wmmcmm_boxcox_scaled,0.09928924867184832,-0.004742900869118595,0.053177027413156816,NA,NA,NA
Diictodontoides__time,-0.021590664282484795,-0.023058383281989357,0.013388025965832632,NA,NA,NA
Dimacrodon__rotated_lat_scaled,0.18312092544114317,-0.00491260651571967,0.0655419034688924,0.40837305566528814,0.07274393364787102,0.567329004406929
Dimacrodon__map_scaled,0.12102443703383187,-0.026927662403388324,0.055623603838615865,NA,NA,NA
Dimacrodon__mat_scaled,0.10292129932758697,-0.02836966192301817,0.07205824370473,NA,NA,NA
Dimacrodon__wmmcmm_boxcox_scaled,-0.25369458783493515,-0.09572884067366134,0.011573019550727981,NA,NA,NA
Dimacrodon__time,0.03458980011505769,-0.005426901430188758,0.016723727831999855,NA,NA,NA
Dimetrodon__rotated_lat_scaled,0.11860916742123663,-0.013711864993325487,0.04632819029113046,0.3153636956663104,0.05829213559627533,0.541864100843668
Dimetrodon__map_scaled,0.11376159879378975,-0.016964133751169064,0.057568446523382076,NA,NA,NA
Dimetrodon__mat_scaled,-0.001893273851601407,-0.05445023995728621,0.0656647569903268,NA,NA,NA
Dimetrodon__wmmcmm_boxcox_scaled,-0.13963079074630513,-0.07160452470921543,0.03533537351938954,NA,NA,NA
Dimetrodon__time,0.036555119966506025,-0.004634909534980072,0.01662373107073724,NA,NA,NA
Dinanomodon__rotated_lat_scaled,-0.15113536999433086,-0.05413995109717144,0.013628196118890065,0.3773121493976214,0.11626984924077988,0.566467173397541
Dinanomodon__map_scaled,-0.07690834109833286,-0.0597432314225307,0.04393322917849843,NA,NA,NA
Dinanomodon__mat_scaled,0.26858297086186067,-0.029774624925696845,0.09967492192409856,NA,NA,NA
Dinanomodon__wmmcmm_boxcox_scaled,0.08121374880323355,-0.014783846981309615,0.047156229662385925,NA,NA,NA
Dinanomodon__time,0.06620886551025403,-0.0029240185192676597,0.017127921511093148,NA,NA,NA
Dinodontosaurus__rotated_lat_scaled,-0.06254758112947456,-0.019965382518678194,0.015217813645528174,0.09249125938396902,0.032372765243053436,0.14752205461263657
Dinodontosaurus__map_scaled,-0.8209993755351752,-0.12980513248835698,0.002814953895282092,NA,NA,NA
Dinodontosaurus__mat_scaled,0.4943152710911818,-0.008739812565767668,0.13053741514274517,NA,NA,NA
Dinodontosaurus__wmmcmm_boxcox_scaled,0.20752885119058193,-0.001877564830600931,0.05242318276433065,NA,NA,NA
Dinodontosaurus__time,0.08623221968417055,-0.0009777805425724968,0.02052713294708002,NA,NA,NA
Dinogorgon__rotated_lat_scaled,-0.20395767686888575,-0.04192239259284124,-0.00519098107884091,0.1279806859616656,0.05588073469698429,0.2447744570672512
Dinogorgon__map_scaled,0.2289467589277774,-0.003174903438410871,0.13302935629962223,NA,NA,NA
Dinogorgon__mat_scaled,-0.16979510349454358,-0.09814652010414364,0.030233085170580418,NA,NA,NA
Dinogorgon__wmmcmm_boxcox_scaled,0.09909373616334051,-0.0007632455224652151,0.05089610563973486,NA,NA,NA
Dinogorgon__time,-0.014268902848707512,-0.017358611288115302,0.012552932363869507,NA,NA,NA
Dinosaurus__rotated_lat_scaled,0.1486754917993676,-0.002080556078604778,0.03727816642715851,0.23407310776325174,0.11155076790601015,0.4077797196805477
Dinosaurus__map_scaled,0.08936906807590277,-0.019604685964041125,0.06336429366853831,NA,NA,NA
Dinosaurus__mat_scaled,0.006025818113121204,-0.065089949422856,0.06428428525700108,NA,NA,NA
Dinosaurus__wmmcmm_boxcox_scaled,-0.22783994806930422,-0.07078402603489553,0.03966469104978208,NA,NA,NA
Dinosaurus__time,0.02988080376147991,-0.0038064554455788323,0.016929061992486148,NA,NA,NA
Dolichuranus__rotated_lat_scaled,-0.1298879896296421,-0.0351594546706801,0.01282549357299578,0.22668543525302084,0.07249461743049324,0.42876736633479595
Dolichuranus__map_scaled,0.1361560543961241,-0.02420930143404035,0.05910069057829977,NA,NA,NA
Dolichuranus__mat_scaled,-0.1772269579861313,-0.0899744735298315,0.03475125614237462,NA,NA,NA
Dolichuranus__wmmcmm_boxcox_scaled,0.18623292225878685,-0.007411620185180037,0.0989781226702623,NA,NA,NA
Dolichuranus__time,0.023449532131198794,-0.004610823126244276,0.015864935431033653,NA,NA,NA
Dolomitipes__rotated_lat_scaled,-0.2234060565009713,-0.05939258051669133,-0.00527637635765737,0.2622231464454671,0.13299687951803207,0.43402379751205444
Dolomitipes__map_scaled,-0.11204588174587116,-0.0638000318530404,0.04531291235117769,NA,NA,NA
Dolomitipes__mat_scaled,0.28613950155559,-0.02091376197566406,0.12352969246609169,NA,NA,NA
Dolomitipes__wmmcmm_boxcox_scaled,0.07783988401293755,-0.012436790492515181,0.04348371914866147,NA,NA,NA
Dolomitipes__time,0.04573382504109759,-0.004822508108065291,0.014470550786692639,NA,NA,NA
Driveria__rotated_lat_scaled,0.14388567706162575,-0.010139416610498287,0.058849887107017315,0.1986561191699002,0.02003420516848564,0.4010811308398843
Driveria__map_scaled,-0.04322333540767431,-0.05605514588858322,0.04498742543952605,NA,NA,NA
Driveria__mat_scaled,0.18055184918339365,-0.011651104508506245,0.08096038013876794,NA,NA,NA
Driveria__wmmcmm_boxcox_scaled,-0.3121510391077027,-0.0768070991002765,0.015195687388219076,NA,NA,NA
Driveria__time,0.041631093357573264,-0.006712906838112011,0.02152711832143575,NA,NA,NA
Dromatherium__rotated_lat_scaled,0.10125167423539097,-0.010057693324977282,0.04237705508559124,0.18886449059675214,0.017075762152671814,0.46104995906352997
Dromatherium__map_scaled,-0.4965920743625611,-0.0964200369793914,0.0124266535075902,NA,NA,NA
Dromatherium__mat_scaled,0.350063668495859,-0.017983693167936736,0.10389942796989342,NA,NA,NA
Dromatherium__wmmcmm_boxcox_scaled,-0.013028992707841098,-0.020219730864765806,0.02452715815061081,NA,NA,NA
Dromatherium__time,0.059208340853219854,-0.016684518608905033,0.03829020368128045,NA,NA,NA
Dvinia__rotated_lat_scaled,0.07523779620876607,-0.006255136278639212,0.0444332794364312,0.6742250233524828,0.31216386146843433,1.1743426620960236
Dvinia__map_scaled,0.06570266312635677,-0.02746216115393867,0.08018549348179213,NA,NA,NA
Dvinia__mat_scaled,-0.030567847024220596,-0.12088755662964319,0.03633166641825722,NA,NA,NA
Dvinia__wmmcmm_boxcox_scaled,0.06530819777677596,0.002345503623030975,0.04706754779486635,NA,NA,NA
Dvinia__time,0.012281063995006308,-0.009106322506786163,0.013502511263619234,NA,NA,NA
Ecteninion__rotated_lat_scaled,-0.08197432674409356,-0.02163207691014488,0.012352191778565327,0.09400282065675128,0.04239973425865173,0.16409292072057724
Ecteninion__map_scaled,-0.8088913876656443,-0.12422565857691231,0.0009933918384820869,NA,NA,NA
Ecteninion__mat_scaled,0.489450779336039,-0.009532886189249865,0.1327978518192456,NA,NA,NA
Ecteninion__wmmcmm_boxcox_scaled,0.2129314310569316,-0.0018322749048898242,0.052542820120515775,NA,NA,NA
Ecteninion__time,0.09452445059083402,-0.004142776364779372,0.02283424283815733,NA,NA,NA
Edaphosaurus__rotated_lat_scaled,0.15870600860628348,-0.009950581454810026,0.04534996172891659,0.4264880168653326,0.05557897500693798,0.7981530129909515
Edaphosaurus__map_scaled,0.140666901363518,-0.02349120596962964,0.07060257360312362,NA,NA,NA
Edaphosaurus__mat_scaled,0.014479956839168142,-0.05289862548623309,0.04788985017030142,NA,NA,NA
Edaphosaurus__wmmcmm_boxcox_scaled,-0.14898656370133548,-0.06910340120807297,0.046420873627523646,NA,NA,NA
Edaphosaurus__time,0.02309557097505037,-0.005921858827230532,0.011257239265100855,NA,NA,NA
Elcabrosaurus__rotated_lat_scaled,0.1262411610642448,-0.008377221074526231,0.062247402964114185,0.16720534662948922,0.08787637948989868,0.2658768438268453
Elcabrosaurus__map_scaled,0.10267132150009274,-0.010366385201337869,0.05193603355014735,NA,NA,NA
Elcabrosaurus__mat_scaled,0.13477110411506146,-0.011266871664934168,0.060078816986551924,NA,NA,NA
Elcabrosaurus__wmmcmm_boxcox_scaled,-0.41132067259866745,-0.10087594769975933,0.013664082539149483,NA,NA,NA
Elcabrosaurus__time,0.026880558466073127,-0.030479247305418646,0.033594162355003176,NA,NA,NA
Elephantosaurus__rotated_lat_scaled,0.05173921370412211,-0.008487520994847836,0.038534734445108895,1.142563445600681,0.16102472692728043,2.2001065760850906
Elephantosaurus__map_scaled,-0.012534474406248075,-0.09115563219976637,0.04455066772142588,NA,NA,NA
Elephantosaurus__mat_scaled,0.05818623145144607,-0.033012052346394934,0.04921858837092459,NA,NA,NA
Elephantosaurus__wmmcmm_boxcox_scaled,0.08149663997672503,-0.016912504186019327,0.07804849942220154,NA,NA,NA
Elephantosaurus__time,0.009074263356639394,-0.01179796321894778,0.011168008435305214,NA,NA,NA
Elliotsmithia__rotated_lat_scaled,0.013773605773458257,-0.017292229066111452,0.021155080556052214,0.21301807687850668,0.12480953335762024,0.294700026512146
Elliotsmithia__map_scaled,0.3397179607860744,-0.024092951237151414,0.11550071005947589,NA,NA,NA
Elliotsmithia__mat_scaled,-0.4994409999251366,-0.1059553895026591,0.023855121140229665,NA,NA,NA
Elliotsmithia__wmmcmm_boxcox_scaled,0.2098848770337645,-9.321735323448986e-05,0.0503647835571153,NA,NA,NA
Elliotsmithia__time,-0.03887924087233841,-0.013931885786819804,0.010644803082093056,NA,NA,NA
Elph__rotated_lat_scaled,0.09049676479688432,-0.005988598028319276,0.03793113981237085,0.5128246419515926,0.23570533841848373,0.8781423335894942
Elph__map_scaled,0.09453806336790463,-0.028634348666879375,0.08039375282804102,NA,NA,NA
Elph__mat_scaled,-0.10805947045140248,-0.11403927030778764,0.037413061061460195,NA,NA,NA
Elph__wmmcmm_boxcox_scaled,0.09402723462313406,-0.0048128200042817605,0.050874569055734946,NA,NA,NA
Elph__time,0.016959281746164002,-0.0078906359387082,0.01490797563735913,NA,NA,NA
Emydochampsa__rotated_lat_scaled,-0.11961488701053895,-0.048875464188054246,0.0008660124999753832,0.225831944485617,0.15959233045578003,0.29614328779280186
Emydochampsa__map_scaled,0.24605558994575405,0.0002973204499603013,0.11952510296831492,NA,NA,NA
Emydochampsa__mat_scaled,-0.16626921692164615,-0.08498624505677436,0.03456432954768635,NA,NA,NA
Emydochampsa__wmmcmm_boxcox_scaled,0.09928924867184832,-0.004742900869118595,0.053177027413156816,NA,NA,NA
Emydochampsa__time,-0.021590664282484795,-0.023058383281989357,0.013388025965832632,NA,NA,NA
Emydops__rotated_lat_scaled,-0.13811202908866108,-0.04422728465750119,-0.0027811752055755838,0.20374807074607815,0.12932021915912628,0.2785096727311611
Emydops__map_scaled,0.23242661069147288,-0.00539731109260542,0.12082551461208321,NA,NA,NA
Emydops__mat_scaled,-0.15536842484842053,-0.08565333688560574,0.03611417595056283,NA,NA,NA
Emydops__wmmcmm_boxcox_scaled,0.09555463310098275,-0.003871786463262834,0.05456420323632521,NA,NA,NA
Emydops__time,-0.018714593191980385,-0.022215953847001067,0.012797779801570446,NA,NA,NA
Emydorhinus__rotated_lat_scaled,-0.006126136440928087,-0.038501243936694844,0.028129232393667165,0.4412032358092256,0.2471709493547678,0.6391715165227652
Emydorhinus__map_scaled,0.17282523560727914,-0.016271289654751015,0.09095415687262591,NA,NA,NA
Emydorhinus__mat_scaled,-0.0558897665298937,-0.08763634432373035,0.040009268179123335,NA,NA,NA
Emydorhinus__wmmcmm_boxcox_scaled,0.07484783923608618,-0.0008650340352561456,0.04590411436637159,NA,NA,NA
Emydorhinus__time,0.0023047022101409633,-0.0180917609955439,0.016523726583178123,NA,NA,NA
Emydorhynchus__rotated_lat_scaled,-0.11961488701053895,-0.048875464188054246,0.0008660124999753832,0.225831944485617,0.15959233045578003,0.29614328779280186
Emydorhynchus__map_scaled,0.24605558994575405,0.0002973204499603013,0.11952510296831492,NA,NA,NA
Emydorhynchus__mat_scaled,-0.16626921692164615,-0.08498624505677436,0.03456432954768635,NA,NA,NA
Emydorhynchus__wmmcmm_boxcox_scaled,0.09928924867184832,-0.004742900869118595,0.053177027413156816,NA,NA,NA
Emydorhynchus__time,-0.021590664282484795,-0.023058383281989357,0.013388025965832632,NA,NA,NA
Emyduranus__rotated_lat_scaled,-0.12149642899283208,-0.040535878760340635,0.000840612850370512,0.22634346541897685,0.16353156277909875,0.3045008103363216
Emyduranus__map_scaled,0.23344776879413984,-0.005047622647352396,0.11601950029575805,NA,NA,NA
Emyduranus__mat_scaled,-0.15015206712530926,-0.08861495936966726,0.036270725387650526,NA,NA,NA
Emyduranus__wmmcmm_boxcox_scaled,0.09408821036340669,-0.008138505435777457,0.05161737571833577,NA,NA,NA
Emyduranus__time,-0.017505891703112866,-0.0190287067328385,0.016772284142851257,NA,NA,NA
Endothiodon_Temperate_S__rotated_lat_scaled,-0.06290901233442128,-0.03722184916589789,0.021621994261758277,0.3457452921429649,0.11036524642258883,0.5037415833212435
Endothiodon_Temperate_S__map_scaled,0.2732364519778639,0.001109165079011269,0.0987031837576072,NA,NA,NA
Endothiodon_Temperate_S__mat_scaled,-0.1910319056455046,-0.10764014450387893,0.025622444531176475,NA,NA,NA
Endothiodon_Temperate_S__wmmcmm_boxcox_scaled,0.12342031191568821,-0.006642739211065266,0.05105582590963462,NA,NA,NA
Endothiodon_Temperate_S__time,0.01506757214665413,-0.010970105144145455,0.02451704993478957,NA,NA,NA
Endothiodon_Tropical_S__rotated_lat_scaled,0.04510916280400759,-0.04954456460849004,0.056144802742039486,0.9201075298254727,0.06752483919262886,2.418823331594467
Endothiodon_Tropical_S__map_scaled,0.04217023159689626,-0.032585103799610486,0.043346334092712054,NA,NA,NA
Endothiodon_Tropical_S__mat_scaled,0.062239288998128195,-0.037393069132888646,0.07628440452617896,NA,NA,NA
Endothiodon_Tropical_S__wmmcmm_boxcox_scaled,0.026810452932107567,-0.0294438835789847,0.03592696633216092,NA,NA,NA
Endothiodon_Tropical_S__time,0.011632737751544912,-0.0123990518260024,0.009817990701874694,NA,NA,NA
Ennatosaurus_Temperate_N__rotated_lat_scaled,0.13527004804462195,-0.0038716453708489904,0.03697316879545806,0.2723508313368075,0.12021307647228241,0.48509925976395607
Ennatosaurus_Temperate_N__map_scaled,0.08652484728954732,-0.04335099239625092,0.04214213846438141,NA,NA,NA
Ennatosaurus_Temperate_N__mat_scaled,-0.010885707176057621,-0.05518134099815186,0.07278136343416501,NA,NA,NA
Ennatosaurus_Temperate_N__wmmcmm_boxcox_scaled,-0.15157976239919663,-0.05473160964243246,0.05151892885160239,NA,NA,NA
Ennatosaurus_Temperate_N__time,0.02505953149520792,-0.004230084538292027,0.01810489884935927,NA,NA,NA
Ennatosaurus_Tropical_N__rotated_lat_scaled,0.09704755078637135,-0.009839252075363233,0.036531202973696046,0.4994422519965883,0.08557518385350704,1.2470579892396927
Ennatosaurus_Tropical_N__map_scaled,0.14450676108600904,-0.03994348070597052,0.0735171246182565,NA,NA,NA
Ennatosaurus_Tropical_N__mat_scaled,-0.15213178471938976,-0.07582293411691915,0.04019374314759865,NA,NA,NA
Ennatosaurus_Tropical_N__wmmcmm_boxcox_scaled,0.08865831167426476,-0.029831834400474974,0.06173709844750036,NA,NA,NA
Ennatosaurus_Tropical_N__time,0.009881035255429108,-0.005928171647248386,0.00954132920791455,NA,NA,NA
Eocasea__rotated_lat_scaled,0.11120865156175569,-0.010470338231150948,0.06007105986413999,0.1420936840734794,0.07899073045700788,0.20656823366880417
Eocasea__map_scaled,0.09893228458822705,-0.009229729945126375,0.05367033628483856,NA,NA,NA
Eocasea__mat_scaled,0.12947882883017883,-0.009794973952103783,0.06297219222989342,NA,NA,NA
Eocasea__wmmcmm_boxcox_scaled,-0.4135531388781965,-0.10846156394288997,0.0016713663240774986,NA,NA,NA
Eocasea__time,0.028065183888829778,-0.02340906687470517,0.04313554369201666,NA,NA,NA
Eodicynodon__rotated_lat_scaled,0.12874031720966375,-0.005460163889732083,0.03170766062798799,0.43928437446636964,0.08740536868572235,0.7564327642321587
Eodicynodon__map_scaled,0.2174998515340645,-0.025352384208994747,0.07743249891980128,NA,NA,NA
Eodicynodon__mat_scaled,-0.26780465519903635,-0.0898938240389004,0.05808081522195197,NA,NA,NA
Eodicynodon__wmmcmm_boxcox_scaled,0.13697126873893486,-0.026963387393442503,0.04435094986593809,NA,NA,NA
Eodicynodon__time,-0.027444908200942274,-0.013695913414906535,0.00994857375928678,NA,NA,NA
Eoraetia__rotated_lat_scaled,-0.054076834747537494,-0.03859992137076003,0.021320392168822075,0.38215337852743686,0.20716191828250885,0.5667270990088582
Eoraetia__map_scaled,-0.006593294997063921,-0.0408666800972226,0.02798127073330451,NA,NA,NA
Eoraetia__mat_scaled,0.22805461428820992,-0.01743907151036013,0.09300825052684702,NA,NA,NA
Eoraetia__wmmcmm_boxcox_scaled,-0.05567541264285482,-0.03363697523340353,0.017472904804843956,NA,NA,NA
Eoraetia__time,0.07625280218193085,-0.030823024734229966,0.06173768016114856,NA,NA,NA
Eosimops__rotated_lat_scaled,0.0032906577607306796,-0.03982140353622141,0.02860024948954678,0.42746450013288495,0.25559619814157486,0.5942776873707771
Eosimops__map_scaled,0.20536076792273664,-0.0014331259379686057,0.09338784362981195,NA,NA,NA
Eosimops__mat_scaled,-0.09716358959803531,-0.0887861883717628,0.03669370594203418,NA,NA,NA
Eosimops__wmmcmm_boxcox_scaled,0.08330108595267639,-0.0031309233934477287,0.04956818894800959,NA,NA,NA
Eosimops__time,-0.006827047955423899,-0.02819403170657571,0.013270510385563643,NA,NA,NA
Eothyris__rotated_lat_scaled,0.12867839189246297,-0.015689920178698014,0.06245862167760588,0.12190894263563677,0.04200311750173569,0.21387199126183987
Eothyris__map_scaled,-0.012020562370307743,-0.036182419920926204,0.04222313359890712,NA,NA,NA
Eothyris__mat_scaled,0.18237605663947762,-0.002844371949120391,0.08601175785462564,NA,NA,NA
Eothyris__wmmcmm_boxcox_scaled,-0.3991250799759291,-0.09611389493385251,0.0004147217133602998,NA,NA,NA
Eothyris__time,0.03403826236724854,-0.010535065963379131,0.030412263550467174,NA,NA,NA
Eozostrodon__rotated_lat_scaled,-0.05093547059223056,-0.026324545556626312,0.03277921251248758,0.37396049469476567,0.24596475064754486,0.5337658599019051
Eozostrodon__map_scaled,-0.008986796669196337,-0.0337337952508873,0.030819463454765557,NA,NA,NA
Eozostrodon__mat_scaled,0.24020243142731487,-0.03961618300904687,0.0799921554553351,NA,NA,NA
Eozostrodon__wmmcmm_boxcox_scaled,-0.06640356820076704,-0.02832511813038861,0.019891540760123824,NA,NA,NA
Eozostrodon__time,0.0721220246469602,-0.033366030999027164,0.05803812621225407,NA,NA,NA
Ericiolacerta__rotated_lat_scaled,-0.21620595822110772,-0.04570674917268086,-0.0016768769315426188,0.2568154369900003,0.11906895600259304,0.4052119832485914
Ericiolacerta__map_scaled,-0.06194976091384888,-0.04489804435392513,0.05031580724265026,NA,NA,NA
Ericiolacerta__mat_scaled,0.19352578553836794,-0.0525047286103318,0.10141739376994793,NA,NA,NA
Ericiolacerta__wmmcmm_boxcox_scaled,0.10956425063312053,-0.01350233119798774,0.05574946379965694,NA,NA,NA
Ericiolacerta__time,0.04391924587078393,-0.004753819611050715,0.01571471051425362,NA,NA,NA
Eriphostoma__rotated_lat_scaled,-0.07341200275346636,-0.033423193183518704,0.01330526177928768,0.338326541557326,0.2259976016357541,0.447677158517763
Eriphostoma__map_scaled,0.19306438743602483,-0.038386845833745666,0.07736755421327873,NA,NA,NA
Eriphostoma__mat_scaled,-0.058763854894787075,-0.06553187601866528,0.08188950648619706,NA,NA,NA
Eriphostoma__wmmcmm_boxcox_scaled,0.0953667787881568,-0.00427764820867557,0.03678258795302441,NA,NA,NA
Eriphostoma__time,-0.005890641101286747,-0.019746109701371042,0.012175587963178238,NA,NA,NA
Estemmenosuchus__rotated_lat_scaled,0.12845860595116393,-0.0026129604140953393,0.02984407598880619,0.32681116897874746,0.1552264355123043,0.4774554390460253
Estemmenosuchus__map_scaled,0.1463969802693464,-0.026250783704843857,0.09025312444095226,NA,NA,NA
Estemmenosuchus__mat_scaled,-0.22281780311372132,-0.07708856849878658,0.048623219979109594,NA,NA,NA
Estemmenosuchus__wmmcmm_boxcox_scaled,0.06804722252709325,-0.050097619868614655,0.040968554447357516,NA,NA,NA
Estemmenosuchus__time,0.018764289262180683,-0.0053157404596358305,0.01183152353874055,NA,NA,NA
Eubrachiosaurus__rotated_lat_scaled,0.024409591597504915,-0.018015017792472925,0.028820602239407786,0.11692369595053606,0.016431519761681557,0.24589239060878754
Eubrachiosaurus__map_scaled,-0.7796411944180727,-0.12255707329846892,0.00932515263368967,NA,NA,NA
Eubrachiosaurus__mat_scaled,0.3602339728293009,-0.02224846521792003,0.10573993921629717,NA,NA,NA
Eubrachiosaurus__wmmcmm_boxcox_scaled,0.24469051147811116,0.0017684887859452621,0.05905665902075956,NA,NA,NA
Eubrachiosaurus__time,0.07926894038100726,-0.00031360542305962976,0.01857814528481193,NA,NA,NA
Euchambersia__rotated_lat_scaled,-0.08516816049814224,-0.0393913800717392,0.01630207753294701,0.2792746736582194,0.21663454174995422,0.35113777220249176
Euchambersia__map_scaled,0.2498420693614753,-0.002663156559007679,0.10744800613992643,NA,NA,NA
Euchambersia__mat_scaled,-0.15438606791489293,-0.08698528869525786,0.036526826803031584,NA,NA,NA
Euchambersia__wmmcmm_boxcox_scaled,0.10032695555200917,-0.005089242721694186,0.04968608497913245,NA,NA,NA
Euchambersia__time,-0.01930199692491442,-0.027236604898277342,0.011557502939928653,NA,NA,NA
Euptychognathus__rotated_lat_scaled,-0.07924623263461399,-0.04122414645765535,0.023220061534212782,0.31639305413686086,0.17034934647381306,0.5177032422507182
Euptychognathus__map_scaled,0.28049746023491023,0.0037529880907989904,0.10513984454502176,NA,NA,NA
Euptychognathus__mat_scaled,-0.20705756899900735,-0.105309545441799,0.02222808479831242,NA,NA,NA
Euptychognathus__wmmcmm_boxcox_scaled,0.12146897771395743,-0.004641853714141205,0.050978793576388064,NA,NA,NA
Euptychognathus__time,0.01276854373893002,-0.013943115423179685,0.019953713941031105,NA,NA,NA
Euromycter__rotated_lat_scaled,0.18283351317280905,-0.004572566535600865,0.05602173482309624,0.25235325924353674,0.030661284923553467,0.539886461570859
Euromycter__map_scaled,-0.03619250591378659,-0.03966362467042763,0.05494846358650967,NA,NA,NA
Euromycter__mat_scaled,0.20343698439886793,-0.012951190699827381,0.0772367243967677,NA,NA,NA
Euromycter__wmmcmm_boxcox_scaled,-0.3333745500864461,-0.09643989803248666,0.0021584291032179584,NA,NA,NA
Euromycter__time,0.04768794358940795,-0.00773839300763371,0.03115514648537456,NA,NA,NA
Exaeretodon_Temperate_S__rotated_lat_scaled,0.04157890012505961,-0.017327913593033387,0.04166104178332615,1.3534082805912475,0.04019602946937084,3.592974686063826
Exaeretodon_Temperate_S__map_scaled,-0.01644792035962391,-0.07185824589119501,0.017687681388728782,NA,NA,NA
Exaeretodon_Temperate_S__mat_scaled,0.10929968077373983,-0.007140149576353463,0.08430188691803893,NA,NA,NA
Exaeretodon_Temperate_S__wmmcmm_boxcox_scaled,0.0005836344793883393,-0.03803065462223568,0.020830445543129423,NA,NA,NA
Exaeretodon_Temperate_S__time,0.05294757906412066,-0.027008709263158733,0.057039442761742845,NA,NA,NA
Exaeretodon_Tropical_N__rotated_lat_scaled,0.0634053824195656,-0.011669645584341817,0.054580015326039816,1.0326490574847411,0.13140958175063133,3.1721021197736263
Exaeretodon_Tropical_N__map_scaled,0.03383719845072441,-0.024981089979696294,0.0343932589381635,NA,NA,NA
Exaeretodon_Tropical_N__mat_scaled,-0.00880686931752099,-0.0838187555719197,0.0446319287181248,NA,NA,NA
Exaeretodon_Tropical_N__wmmcmm_boxcox_scaled,0.08541379288290134,-0.03665019871859763,0.07989485286059816,NA,NA,NA
Exaeretodon_Tropical_N__time,0.014112369647014188,-0.004245983091420813,0.008020442552039845,NA,NA,NA
Fluctuodon__rotated_lat_scaled,-0.04956236215075478,-0.029119743681473215,0.026437004172756125,0.3626945325358247,0.11322106793522835,0.4995479347744549
Fluctuodon__map_scaled,-0.015496684331446886,-0.033034277176968885,0.03147644219121651,NA,NA,NA
Fluctuodon__mat_scaled,0.23220979818841442,-0.03610963510477454,0.08395116159209953,NA,NA,NA
Fluctuodon__wmmcmm_boxcox_scaled,-0.06525998154622357,-0.029015344229684437,0.01932331346160307,NA,NA,NA
Fluctuodon__time,0.07284188829315098,-0.0340866727530752,0.06033257697729088,NA,NA,NA
Galechirus__rotated_lat_scaled,0.012490539776408696,-0.020190433608279143,0.018839276757576334,0.29367659842289867,0.15450415946543217,0.5167548283934593
Galechirus__map_scaled,0.3055322436708957,-0.020319722730584803,0.11473681338348299,NA,NA,NA
Galechirus__mat_scaled,-0.36442433880642056,-0.10638068670293477,0.024063567741982612,NA,NA,NA
Galechirus__wmmcmm_boxcox_scaled,0.1741217255796073,-0.00010337962677245702,0.053782156230225184,NA,NA,NA
Galechirus__time,-0.022005445880276964,-0.014371450277405093,0.010098684281698998,NA,NA,NA
Galeops__rotated_lat_scaled,-0.07573205728782341,-0.04319460162236706,0.020035972650119842,0.29740916257398564,0.22578667849302292,0.3772844639606774
Galeops__map_scaled,0.25042655535100494,-0.0022495163840827097,0.10439167564690852,NA,NA,NA
Galeops__mat_scaled,-0.1516386447136756,-0.08470893117264718,0.036894876814334995,NA,NA,NA
Galeops__wmmcmm_boxcox_scaled,0.10157070097979158,-0.005502666390797803,0.04709493757043707,NA,NA,NA
Galeops__time,-0.015179265837996354,-0.025709957376081498,0.013103035713165687,NA,NA,NA
Galesaurus__rotated_lat_scaled,-0.1387938588327961,-0.04735649053490106,0.01258890938596397,0.3659911920322338,0.18054280627984554,0.6347618401050568
Galesaurus__map_scaled,-0.016678477473324165,-0.04501218688075656,0.05893659927207044,NA,NA,NA
Galesaurus__mat_scaled,0.14717176948208363,-0.045168031027943006,0.08522475131668691,NA,NA,NA
Galesaurus__wmmcmm_boxcox_scaled,0.11998053515329957,-0.01655527854865893,0.050019278970515606,NA,NA,NA
Galesaurus__time,0.06634934962028638,-0.007273685953716696,0.014750959449729189,NA,NA,NA
Gaumia__rotated_lat_scaled,-0.053096857514465225,-0.02970973493510226,0.02778926098877922,0.37330584419731166,0.22635414078831673,0.49285752698779106
Gaumia__map_scaled,-0.009008818240690743,-0.033172129696599335,0.030985381467624716,NA,NA,NA
Gaumia__mat_scaled,0.23830033735139294,-0.036093344224903776,0.08390434526553246,NA,NA,NA
Gaumia__wmmcmm_boxcox_scaled,-0.06441672781598755,-0.0286862615369796,0.019732453628041206,NA,NA,NA
Gaumia__time,0.07356603633437771,-0.033704202552391274,0.059109057044988526,NA,NA,NA
Geikia_Temperate_N__rotated_lat_scaled,0.05803894451419961,-0.018255827131894754,0.04489676055487362,0.8012717119918671,0.356459878385067,1.7859124206006527
Geikia_Temperate_N__map_scaled,0.05498062253107053,-0.020293877845515992,0.05350561132760426,NA,NA,NA
Geikia_Temperate_N__mat_scaled,0.01712129230560985,-0.1008246773495817,0.07759119597074554,NA,NA,NA
Geikia_Temperate_N__wmmcmm_boxcox_scaled,0.045032900738208,-0.017644209704129808,0.03389781279117684,NA,NA,NA
Geikia_Temperate_N__time,0.01278811399359654,-0.004347080914853993,0.011629117750565883,NA,NA,NA
Geikia_Temperate_S__rotated_lat_scaled,-0.07945166529549169,-0.04084251449115475,0.02273780666129497,0.31911381267927935,0.17351583787240088,0.536581564694643
Geikia_Temperate_S__map_scaled,0.27541132651269434,0.002224404366642644,0.1029562068188706,NA,NA,NA
Geikia_Temperate_S__mat_scaled,-0.19884199102409184,-0.10433464377926199,0.026367166749104373,NA,NA,NA
Geikia_Temperate_S__wmmcmm_boxcox_scaled,0.12042004466988146,-0.004598881817489435,0.04992002068806213,NA,NA,NA
Geikia_Temperate_S__time,0.013614223733602557,-0.013814037224712711,0.019539297477634054,NA,NA,NA
Glanosuchus__rotated_lat_scaled,0.04574157433467917,-0.016475388368398115,0.026487855432570484,0.33440136777004226,0.18475772067904472,0.5816297940909863
Glanosuchus__map_scaled,0.29975781208951957,-0.033841689421871525,0.10088363581921714,NA,NA,NA
Glanosuchus__mat_scaled,-0.33324497325345875,-0.09430766748762892,0.030548096708861612,NA,NA,NA
Glanosuchus__wmmcmm_boxcox_scaled,0.16869557229802012,-0.00039044272838303137,0.05407647890055615,NA,NA,NA
Glanosuchus__time,-0.03451049178140238,-0.016350484939694668,0.009524431533760742,NA,NA,NA
Glaucosaurus__rotated_lat_scaled,0.13089664839673787,-0.012737071834565222,0.059664340978073105,0.12946043618314435,0.021316032856702805,0.3902819827198982
Glaucosaurus__map_scaled,-0.0632839541521389,-0.040926335386030945,0.0404125964194915,NA,NA,NA
Glaucosaurus__mat_scaled,0.19256878955755383,-0.0035691235916012853,0.09754004445396044,NA,NA,NA
Glaucosaurus__wmmcmm_boxcox_scaled,-0.3520691443420947,-0.09753403012728382,-0.004483081455965983,NA,NA,NA
Glaucosaurus__time,0.03338622264040168,-0.006599112006494991,0.028386597999407067,NA,NA,NA
Gomphodontosuchus__rotated_lat_scaled,0.02160919463312037,-0.019132391735330864,0.02776231054012238,0.4279759096930502,0.02901371568441391,2.06745483353734
Gomphodontosuchus__map_scaled,-0.46697543094893645,-0.12294410585621313,0.01388362981474604,NA,NA,NA
Gomphodontosuchus__mat_scaled,0.41938067481655344,-0.006166047066735151,0.08813430407949319,NA,NA,NA
Gomphodontosuchus__wmmcmm_boxcox_scaled,0.08080676223094503,-0.010419680324395459,0.035471854362494684,NA,NA,NA
Gomphodontosuchus__time,0.1331406733510021,-0.0027034479633016536,0.056268399598109815,NA,NA,NA
Gondwanadon__rotated_lat_scaled,0.10319130502940542,-0.01783662531826441,0.058420321189706574,0.6363776391127612,0.04968903958797455,1.8447747826576233
Gondwanadon__map_scaled,-0.33911825599941,-0.13231126701704296,0.014333066797236726,NA,NA,NA
Gondwanadon__mat_scaled,0.2645411954574421,-0.009493431788601358,0.09666508831656914,NA,NA,NA
Gondwanadon__wmmcmm_boxcox_scaled,0.11496194213150149,0.001082130329046083,0.036866265575138536,NA,NA,NA
Gondwanadon__time,0.04438568746374546,-0.002806479151113617,0.015235756516315155,NA,NA,NA
Gordonia__rotated_lat_scaled,0.053152606192349496,0.015048407267259598,0.041315982815531976,1.20708290199982,0.4287480190396309,2.4601527862250805
Gordonia__map_scaled,0.034534350892028255,-0.0642682324452592,0.0474998887253973,NA,NA,NA
Gordonia__mat_scaled,0.0599817514886631,-0.07673680533542773,0.08698644154055224,NA,NA,NA
Gordonia__wmmcmm_boxcox_scaled,0.028268796200566652,-0.02912451801443922,0.03583381400200007,NA,NA,NA
Gordonia__time,0.012024369309077056,-0.006284524418109711,0.009884371311484555,NA,NA,NA
Gorgodon__rotated_lat_scaled,0.16945458734873683,-0.004689171324763392,0.05634522338208223,0.285567397227278,0.10904016345739365,0.5414856038987637
Gorgodon__map_scaled,0.06047742380644195,-0.035750161267564765,0.03993424789926728,NA,NA,NA
Gorgodon__mat_scaled,0.1752189471188467,-0.021432965788707826,0.07720268730317639,NA,NA,NA
Gorgodon__wmmcmm_boxcox_scaled,-0.34786948399152606,-0.09048225917338444,0.029301907651651717,NA,NA,NA
Gorgodon__time,0.04032404886209406,-0.009011115391555831,0.01873643215878851,NA,NA,NA
Gorgonops__rotated_lat_scaled,-0.1758876627497375,-0.05842108982396885,-0.003248691953898636,0.19053760874958242,0.10211610607802868,0.27463231701403856
Gorgonops__map_scaled,0.20557168357539923,-0.011920097000283122,0.08549815107319099,NA,NA,NA
Gorgonops__mat_scaled,-0.10732484733482124,-0.06616377261603547,0.09826704016680156,NA,NA,NA
Gorgonops__wmmcmm_boxcox_scaled,0.09441962607670576,-0.00907020346058722,0.02904704707738379,NA,NA,NA
Gorgonops__time,-0.014203064900648314,-0.015790510045101618,0.011956952031488426,NA,NA,NA
Gorochovetzia__rotated_lat_scaled,0.08517086099172086,-0.006117231912834707,0.03662637239026246,0.5257205541433723,0.16130593419075012,1.0145808821544051
Gorochovetzia__map_scaled,0.10984424095971752,-0.03277588995153863,0.0916706896405363,NA,NA,NA
Gorochovetzia__mat_scaled,-0.11775169166927876,-0.10339966633797675,0.03055935423127064,NA,NA,NA
Gorochovetzia__wmmcmm_boxcox_scaled,0.09969423559495308,-0.010330719266173037,0.050887802601748355,NA,NA,NA
Gorochovetzia__time,0.0110042282055718,-0.008742165477453148,0.011776279531148369,NA,NA,NA
Gorynychus__rotated_lat_scaled,0.09006934333488709,-0.0034906285116287137,0.03949089780544392,0.5355408627146971,0.2343926513567567,1.0864620860666037
Gorynychus__map_scaled,0.08154149898760496,-0.046497434738890855,0.08241731311717827,NA,NA,NA
Gorynychus__mat_scaled,-0.08738645193307672,-0.10452899936882294,0.03492786398729005,NA,NA,NA
Gorynychus__wmmcmm_boxcox_scaled,0.08929226206090127,-0.0010614190927982472,0.05162695873766791,NA,NA,NA
Gorynychus__time,0.014445221632367914,-0.005787191233835481,0.013057464747385982,NA,NA,NA
Habayia__rotated_lat_scaled,-0.05403191515011713,-0.029119743681473215,0.026437004172756125,0.37379349398692285,0.226522047072649,0.49275155179202557
Habayia__map_scaled,-0.00884889779612422,-0.033034277176968885,0.03147644219121651,NA,NA,NA
Habayia__mat_scaled,0.23746468933532014,-0.03610963510477454,0.08395116159209953,NA,NA,NA
Habayia__wmmcmm_boxcox_scaled,-0.06320913585801463,-0.029015344229684437,0.01932331346160307,NA,NA,NA
Habayia__time,0.07445687937317416,-0.0340866727530752,0.06033257697729088,NA,NA,NA
Hahnia__rotated_lat_scaled,-0.04986700573703274,-0.028581046796728272,0.026437004172756125,0.36090984489568656,0.11322106793522835,0.5135776984971017
Hahnia__map_scaled,-0.01786779345944524,-0.03540832702685536,0.03147644219121651,NA,NA,NA
Hahnia__mat_scaled,0.2318158727674745,-0.03544162963903293,0.08395116159209953,NA,NA,NA
Hahnia__wmmcmm_boxcox_scaled,-0.06553266545724909,-0.028478578668925822,0.01932331346160307,NA,NA,NA
Hahnia__time,0.0743995626992546,-0.033456090814433875,0.06033257697729088,NA,NA,NA
Hallautherium__rotated_lat_scaled,-0.05403191515011713,-0.029119743681473215,0.026437004172756125,0.37379349398692285,0.226522047072649,0.49275155179202557
Hallautherium__map_scaled,-0.00884889779612422,-0.033034277176968885,0.03147644219121651,NA,NA,NA
Hallautherium__mat_scaled,0.23746468933532014,-0.03610963510477454,0.08395116159209953,NA,NA,NA
Hallautherium__wmmcmm_boxcox_scaled,-0.06320913585801463,-0.029015344229684437,0.01932331346160307,NA,NA,NA
Hallautherium__time,0.07445687937317416,-0.0340866727530752,0.06033257697729088,NA,NA,NA
Haptodus__rotated_lat_scaled,0.22113554334985647,0.0030805814373518208,0.06316130634706486,0.3900437819497893,0.05348705127835274,0.9073359034955502
Haptodus__map_scaled,0.049316705655631614,-0.04086798515765343,0.05058946192597659,NA,NA,NA
Haptodus__mat_scaled,0.2059724276373519,0.0031363813989541086,0.06631984132321429,NA,NA,NA
Haptodus__wmmcmm_boxcox_scaled,-0.3366803235023323,-0.11563287044589965,0.006458024956885246,NA,NA,NA
Haptodus__time,0.04821752094217683,-0.011081780178729121,0.03499186384182513,NA,NA,NA
Haramiyavia__rotated_lat_scaled,-0.04985946955874324,-0.03933158708629146,0.02501088169029521,0.39455638570711016,0.15628550946712494,0.6416229447349906
Haramiyavia__map_scaled,-0.0036143519509031622,-0.035596267806034844,0.03281147219721146,NA,NA,NA
Haramiyavia__mat_scaled,0.21447997375861746,-0.01453849142096053,0.09409408202062973,NA,NA,NA
Haramiyavia__wmmcmm_boxcox_scaled,-0.04807596181180715,-0.03245576654457419,0.017735256668828855,NA,NA,NA
Haramiyavia__time,0.07503168364552062,-0.03944356008811525,0.051868805818000865,NA,NA,NA
Hazhenia__rotated_lat_scaled,0.05303938889058894,-0.003736744879181577,0.03978849078222791,1.0003591650721864,0.22978326678276062,2.445487380027771
Hazhenia__map_scaled,0.03222890067921626,-0.03528036125526354,0.04644491330446593,NA,NA,NA
Hazhenia__mat_scaled,0.05326538726838677,-0.08136729817175917,0.08518165593908784,NA,NA,NA
Hazhenia__wmmcmm_boxcox_scaled,0.03531690971376726,-0.038133524775940224,0.0390645605609893,NA,NA,NA
Hazhenia__time,0.014111287530725292,-0.00284774386383174,0.011040877808195152,NA,NA,NA
Heleosaurus__rotated_lat_scaled,0.01719680495210923,-0.011549256122268292,0.0268018226017201,0.23753440234111622,0.12480953335762024,0.42245157063007355
Heleosaurus__map_scaled,0.32582961848005654,-0.030760669174921235,0.10475211298506044,NA,NA,NA
Heleosaurus__mat_scaled,-0.4416763068176806,-0.10481148921024228,0.02359052007086196,NA,NA,NA
Heleosaurus__wmmcmm_boxcox_scaled,0.18695567872026003,0.00047191129140865875,0.05479491355371223,NA,NA,NA
Heleosaurus__time,-0.0387332670763135,-0.014716169729953127,0.011581129183611379,NA,NA,NA
Helvetiodon__rotated_lat_scaled,-0.05403191515011713,-0.029119743681473215,0.026437004172756125,0.37379349398692285,0.226522047072649,0.49275155179202557
Helvetiodon__map_scaled,-0.00884889779612422,-0.033034277176968885,0.03147644219121651,NA,NA,NA
Helvetiodon__mat_scaled,0.23746468933532014,-0.03610963510477454,0.08395116159209953,NA,NA,NA
Helvetiodon__wmmcmm_boxcox_scaled,-0.06320913585801463,-0.029015344229684437,0.01932331346160307,NA,NA,NA
Helvetiodon__time,0.07445687937317416,-0.0340866727530752,0.06033257697729088,NA,NA,NA
Herpetoskylax__rotated_lat_scaled,-0.12733095995732582,-0.03966756958208697,0.009304034370380297,0.227689268569884,0.15959233045578003,0.29614328779280186
Herpetoskylax__map_scaled,0.23511726494296453,-0.010162281570793255,0.113615572270729,NA,NA,NA
Herpetoskylax__mat_scaled,-0.14702497077407314,-0.08671675992501778,0.034604804501429505,NA,NA,NA
Herpetoskylax__wmmcmm_boxcox_scaled,0.09636710387887433,-0.0038493619113838754,0.05159760373798205,NA,NA,NA
Herpetoskylax__time,-0.017401043603240397,-0.020969699956694385,0.012398483514445273,NA,NA,NA
Hipposaurus__rotated_lat_scaled,0.0154595182382036,-0.01648945762641031,0.02343654492331463,0.2465210745157674,0.12694226251915097,0.4022032858338207
Hipposaurus__map_scaled,0.33232303996570406,-0.0254143084247362,0.10666659249973949,NA,NA,NA
Hipposaurus__mat_scaled,-0.44348681239411236,-0.10466760903644005,0.02402166714875175,NA,NA,NA
Hipposaurus__wmmcmm_boxcox_scaled,0.19128932330408133,-9.83297787937999e-05,0.055796361033078605,NA,NA,NA
Hipposaurus__time,-0.03702586868079379,-0.014695968079595872,0.01159933279008165,NA,NA,NA
Hofmeyria__rotated_lat_scaled,-0.09477540709311143,-0.03849574103242604,0.016089636116213384,0.2883318685462291,0.2054246235638857,0.38464673794806004
Hofmeyria__map_scaled,0.20481364634237254,-0.02166186835363737,0.08863826666612191,NA,NA,NA
Hofmeyria__mat_scaled,-0.0992605754948454,-0.0720195261866123,0.058077490941917234,NA,NA,NA
Hofmeyria__wmmcmm_boxcox_scaled,0.10236881085744244,-0.008588824198338103,0.04270665718659404,NA,NA,NA
Hofmeyria__time,-0.012776480148313568,-0.02059971317496245,0.01600844748411956,NA,NA,NA
Homodontosaurus__rotated_lat_scaled,-0.09679495249991305,-0.032333745463098314,0.007939877732838623,0.31112849109107626,0.19336214661598206,0.4112501349300146
Homodontosaurus__map_scaled,0.15370414535165763,-0.05108679996550391,0.07717314891415161,NA,NA,NA
Homodontosaurus__mat_scaled,-0.03391965441871434,-0.06026514994161943,0.08951023253249912,NA,NA,NA
Homodontosaurus__wmmcmm_boxcox_scaled,0.09856995719484984,-0.002784336715215724,0.03523895124615386,NA,NA,NA
Homodontosaurus__time,0.0016071213805116712,-0.014895640860538871,0.011658287969322919,NA,NA,NA
Hwanghocynodon__rotated_lat_scaled,0.07044088011001992,-0.0008409677512845881,0.05685939371004003,0.6624058282791521,0.37377413734793663,1.1022014133632183
Hwanghocynodon__map_scaled,0.07431150537290156,-0.039017214884628074,0.06927586785347174,NA,NA,NA
Hwanghocynodon__mat_scaled,-0.032445043806318345,-0.11948767195505122,0.0360503443483733,NA,NA,NA
Hwanghocynodon__wmmcmm_boxcox_scaled,0.06158435574077528,0.009518104227618885,0.046264731412068695,NA,NA,NA
Hwanghocynodon__time,0.014070176665306149,-0.011537922582631251,0.013070161071012373,NA,NA,NA
Hyaenasuchus__rotated_lat_scaled,0.014851881122449413,-0.017292229066111452,0.021155080556052214,0.22144889098824933,0.1388532822020352,0.3417209256440401
Hyaenasuchus__map_scaled,0.3432541380636394,-0.024092951237151414,0.11550071005947589,NA,NA,NA
Hyaenasuchus__mat_scaled,-0.49495686307549475,-0.1059553895026591,0.023855121140229665,NA,NA,NA
Hyaenasuchus__wmmcmm_boxcox_scaled,0.20750055048265495,-9.321735323448986e-05,0.0503647835571153,NA,NA,NA
Hyaenasuchus__time,-0.03716268968768418,-0.013931885786819804,0.010644803082093056,NA,NA,NA
Hypselohaptodus__rotated_lat_scaled,0.17954276413656772,-0.010201614921141623,0.06495160995474816,0.27709375632068256,0.11724025756120682,0.47132634185254574
Hypselohaptodus__map_scaled,0.11647094443265814,-0.006939932030638076,0.05442814541229187,NA,NA,NA
Hypselohaptodus__mat_scaled,0.15117849997710436,-0.010502234736421633,0.059865523502873136,NA,NA,NA
Hypselohaptodus__wmmcmm_boxcox_scaled,-0.3882546596415341,-0.11088765918586292,0.004485161289571563,NA,NA,NA
Hypselohaptodus__time,0.03019433333320194,-0.022834232071912024,0.03779005823548141,NA,NA,NA
Hypsiprymnopsis__rotated_lat_scaled,-0.04960277555510402,-0.026324545556626312,0.03277921251248758,0.3649342470540432,0.2228884594514966,0.5367277450859547
Hypsiprymnopsis__map_scaled,-0.01515109310625121,-0.0337337952508873,0.030819463454765557,NA,NA,NA
Hypsiprymnopsis__mat_scaled,0.2377726251166314,-0.03961618300904687,0.0799921554553351,NA,NA,NA
Hypsiprymnopsis__wmmcmm_boxcox_scaled,-0.0673266870691441,-0.02832511813038861,0.019891540760123824,NA,NA,NA
Hypsiprymnopsis__time,0.07128030358522665,-0.033366030999027164,0.05803812621225407,NA,NA,NA
Ianthasaurus__rotated_lat_scaled,0.10926331610593479,-0.01121173155407236,0.05942002259509081,0.139138133105007,0.07827969640493393,0.2077171802520752
Ianthasaurus__map_scaled,0.09843276914441958,-0.009140518457293698,0.05428778152988852,NA,NA,NA
Ianthasaurus__mat_scaled,0.1287866871303413,-0.010085470372873056,0.06287295345240922,NA,NA,NA
Ianthasaurus__wmmcmm_boxcox_scaled,-0.41359152101911606,-0.10825624595920041,0.0018376327730074097,NA,NA,NA
Ianthasaurus__time,0.02828500766074285,-0.022671706602536718,0.04310210804457017,NA,NA,NA
Ianthodon__rotated_lat_scaled,0.10634740985115058,-0.012358570491870943,0.05837964041956989,0.1349014889600221,0.07481088489294052,0.21089793369174004
Ianthodon__map_scaled,0.09767386173596605,-0.009005979607261572,0.05533944255989854,NA,NA,NA
Ianthodon__mat_scaled,0.1277484831144102,-0.010553322425815814,0.06223669001473366,NA,NA,NA
Ianthodon__wmmcmm_boxcox_scaled,-0.41348715108819306,-0.10790514663613571,0.0021041173172311554,NA,NA,NA
Ianthodon__time,0.028657011264003815,-0.021542653784892216,0.04346060808353288,NA,NA,NA
Ichibengops__rotated_lat_scaled,-0.11786565365327988,-0.041246165329532104,0.017554257862685666,0.27276510086172495,0.12431407161056995,0.42260668985545635
Ichibengops__map_scaled,0.26225325201638044,0.0016544147436067086,0.10632438519563235,NA,NA,NA
Ichibengops__mat_scaled,-0.18836515659932046,-0.10699635899878256,0.025621550212446286,NA,NA,NA
Ichibengops__wmmcmm_boxcox_scaled,0.12176596334844363,9.175995873651643e-05,0.050830465633289995,NA,NA,NA
Ichibengops__time,0.007014821666816715,-0.014869323320004832,0.02118983949091182,NA,NA,NA
Icticephalus__rotated_lat_scaled,-0.11961488701053895,-0.048875464188054246,0.0008660124999753832,0.225831944485617,0.15959233045578003,0.29614328779280186
Icticephalus__map_scaled,0.24605558994575405,0.0002973204499603013,0.11952510296831492,NA,NA,NA
Icticephalus__mat_scaled,-0.16626921692164615,-0.08498624505677436,0.03456432954768635,NA,NA,NA
Icticephalus__wmmcmm_boxcox_scaled,0.09928924867184832,-0.004742900869118595,0.053177027413156816,NA,NA,NA
Icticephalus__time,-0.021590664282484795,-0.023058383281989357,0.013388025965832632,NA,NA,NA
Ictidochampsa__rotated_lat_scaled,0.006990294170731007,-0.04433099970306266,0.02921222144332323,0.44311938843224197,0.25820067152380943,0.6391715165227652
Ictidochampsa__map_scaled,0.1771250794258742,-0.0013209200408531387,0.09097945960483851,NA,NA,NA
Ictidochampsa__mat_scaled,-0.07116078215412938,-0.08469794213652033,0.04038912166232445,NA,NA,NA
Ictidochampsa__wmmcmm_boxcox_scaled,0.08049084103463196,-0.004836949065323359,0.04767144496740612,NA,NA,NA
Ictidochampsa__time,-0.0054835583944232436,-0.026178862000216758,0.013268250717073823,NA,NA,NA
Ictidognathus__rotated_lat_scaled,-0.07876081104157492,-0.03758767809439037,0.0195731040505895,0.29807022265298655,0.22578667849302292,0.37967628985643387
Ictidognathus__map_scaled,0.24516239657590633,-0.0022786623340131243,0.10198003187232883,NA,NA,NA
Ictidognathus__mat_scaled,-0.1417691964691039,-0.08988230112959612,0.0360425358644289,NA,NA,NA
Ictidognathus__wmmcmm_boxcox_scaled,0.09909681228455156,-0.0055739619102458055,0.04955077982763126,NA,NA,NA
Ictidognathus__time,-0.013620852779476991,-0.02604306947773082,0.014374046779987625,NA,NA,NA
Ictidorhinus__rotated_lat_scaled,0.0086986590913218,-0.039950932074959256,0.030573896663681144,0.43912542691919954,0.25820067152380943,0.6207045651972294
Ictidorhinus__map_scaled,0.19815461374855348,-0.001387876143696332,0.09349218250217158,NA,NA,NA
Ictidorhinus__mat_scaled,-0.09250725257905533,-0.08899119528501293,0.03694883075620545,NA,NA,NA
Ictidorhinus__wmmcmm_boxcox_scaled,0.08006380945693657,-0.0028411607836622416,0.049893563728785346,NA,NA,NA
Ictidorhinus__time,-0.006447955635071976,-0.028194508658645506,0.010612024744122593,NA,NA,NA
Ictidosaurus__rotated_lat_scaled,0.08792396871699629,-0.012519035911186761,0.0354173370487087,0.4024316825170536,0.18416301161050797,0.8948592767119408
Ictidosaurus__map_scaled,0.28276237755036854,-0.030076867887550193,0.09959869886104872,NA,NA,NA
Ictidosaurus__mat_scaled,-0.3466780253187933,-0.10615849829240394,0.01901852488032178,NA,NA,NA
Ictidosaurus__wmmcmm_boxcox_scaled,0.18622836266777576,-0.000511219456861423,0.05515917228669911,NA,NA,NA
Ictidosaurus__time,-0.02227480953366277,-0.012100051397973944,0.012326765318187839,NA,NA,NA
Ictidosuchops__rotated_lat_scaled,-0.10910039521288127,-0.0377932495256449,0.010530915277854847,0.3271688147042732,0.21717549674212933,0.48894114792346954
Ictidosuchops__map_scaled,0.11197534079081378,-0.04430772848653325,0.06778516264181714,NA,NA,NA
Ictidosuchops__mat_scaled,0.0214013445423916,-0.059341785152210925,0.0921175054029689,NA,NA,NA
Ictidosuchops__wmmcmm_boxcox_scaled,0.10005372939165681,-0.003184783467468138,0.03396960447315919,NA,NA,NA
Ictidosuchops__time,0.014876921109607793,-0.01673812631411906,0.017117310599166054,NA,NA,NA
Ictidosuchus__rotated_lat_scaled,0.0086986590913218,-0.039950932074959256,0.030573896663681144,0.43912542691919954,0.25820067152380943,0.6207045651972294
Ictidosuchus__map_scaled,0.19815461374855348,-0.001387876143696332,0.09349218250217158,NA,NA,NA
Ictidosuchus__mat_scaled,-0.09250725257905533,-0.08899119528501293,0.03694883075620545,NA,NA,NA
Ictidosuchus__wmmcmm_boxcox_scaled,0.08006380945693657,-0.0028411607836622416,0.049893563728785346,NA,NA,NA
Ictidosuchus__time,-0.006447955635071976,-0.028194508658645506,0.010612024744122593,NA,NA,NA
Idelesaurus__rotated_lat_scaled,0.1160822417261079,-0.006016305298952865,0.031359621620618144,0.3672807673024363,0.21467349864542484,0.505878291092813
Idelesaurus__map_scaled,0.15144298668950795,-0.0494966899010579,0.0900517311514485,NA,NA,NA
Idelesaurus__mat_scaled,-0.274698144136928,-0.08652382939767171,0.031532820683110085,NA,NA,NA
Idelesaurus__wmmcmm_boxcox_scaled,0.16972657392267138,-0.012366306091999537,0.0554080510400126,NA,NA,NA
Idelesaurus__time,0.016765235018392558,-0.006962542256294251,0.013168273899776787,NA,NA,NA
Impidens__rotated_lat_scaled,0.031869311787452684,-0.035169220745562474,0.03884220716965781,0.6561364246401353,0.32252052053809166,1.0805458724498749
Impidens__map_scaled,0.06717712817072603,-0.00805980471455472,0.06620085112475128,NA,NA,NA
Impidens__mat_scaled,-0.025032479709465802,-0.08261356165695408,0.018506959786600292,NA,NA,NA
Impidens__wmmcmm_boxcox_scaled,0.06953224898919466,-0.032559863363220976,0.06560002433727229,NA,NA,NA
Impidens__time,0.044415664844776964,-0.0029632224656840015,0.03237045597668445,NA,NA,NA
Inostrancevia_Temperate_N__rotated_lat_scaled,0.07238501078571503,-0.011242528073427014,0.04740699193898943,0.7174573732947465,0.41565622948110104,1.2131355069577694
Inostrancevia_Temperate_N__map_scaled,0.06868359802121525,-0.01592120873563888,0.07452995764828427,NA,NA,NA
Inostrancevia_Temperate_N__mat_scaled,-0.024914493049049684,-0.1412728352322087,0.03509783925917172,NA,NA,NA
Inostrancevia_Temperate_N__wmmcmm_boxcox_scaled,0.05904251207431086,0.017568058201096727,0.0501902429132442,NA,NA,NA
Inostrancevia_Temperate_N__time,0.01276524625049309,-0.010497159105798386,0.01429546663527653,NA,NA,NA
Inostrancevia_Temperate_S__rotated_lat_scaled,-0.07924623263461399,-0.04122414645765535,0.023220061534212782,0.31639305413686086,0.17034934647381306,0.5177032422507182
Inostrancevia_Temperate_S__map_scaled,0.28049746023491023,0.0037529880907989904,0.10513984454502176,NA,NA,NA
Inostrancevia_Temperate_S__mat_scaled,-0.20705756899900735,-0.105309545441799,0.02222808479831242,NA,NA,NA
Inostrancevia_Temperate_S__wmmcmm_boxcox_scaled,0.12146897771395743,-0.004641853714141205,0.050978793576388064,NA,NA,NA
Inostrancevia_Temperate_S__time,0.01276854373893002,-0.013943115423179685,0.019953713941031105,NA,NA,NA
Interpresosaurus__rotated_lat_scaled,0.07226581497089722,-0.003955492342395863,0.049710250538708825,0.7154249007476028,0.415690278634429,1.2028342597186565
Interpresosaurus__map_scaled,0.06893541594389917,-0.015864902406400174,0.0745208441767507,NA,NA,NA
Interpresosaurus__mat_scaled,-0.025225889391105007,-0.14166567933834592,0.03578683538876738,NA,NA,NA
Interpresosaurus__wmmcmm_boxcox_scaled,0.05915249011889329,0.012674699763486685,0.04786457589504764,NA,NA,NA
Interpresosaurus__time,0.012834042440099842,-0.012554298622320981,0.013637992395691587,NA,NA,NA
Irajatherium__rotated_lat_scaled,0.05042601822511937,-0.01238502588315334,0.045040320973096445,0.8131264269632811,0.04188842885196209,3.19830609112978
Irajatherium__map_scaled,-0.11818016212224187,-0.09937606498085425,0.019935332431504006,NA,NA,NA
Irajatherium__mat_scaled,0.1782714363592073,-0.013399161952801199,0.08693197656118745,NA,NA,NA
Irajatherium__wmmcmm_boxcox_scaled,0.0017874759682363183,-0.026785759261611194,0.015606153831390402,NA,NA,NA
Irajatherium__time,0.07565710565236346,-0.009419660867556266,0.054006714597787824,NA,NA,NA
Ischigualastia__rotated_lat_scaled,-0.05435628671431914,-0.018718249164284665,0.01289582989551466,0.0991096363052202,0.028943674406036735,0.18790931347757578
Ischigualastia__map_scaled,-0.7912895631522406,-0.13016645493372928,-0.00013193685231691199,NA,NA,NA
Ischigualastia__mat_scaled,0.4956296540121548,-0.009126475802820808,0.135085732466395,NA,NA,NA
Ischigualastia__wmmcmm_boxcox_scaled,0.15961736421799289,-0.002931361073084081,0.041032237474434,NA,NA,NA
Ischigualastia__time,0.10154659385894775,-0.00042313197205743415,0.0326386354109394,NA,NA,NA
Isengops__rotated_lat_scaled,-0.11313100563420449,-0.03917727250017307,0.02266957602348482,0.2742455289940699,0.13316725939512253,0.42260668985545635
Isengops__map_scaled,0.2792762560676783,0.0017036522701198572,0.10452967259183767,NA,NA,NA
Isengops__mat_scaled,-0.20750544583890587,-0.10666268247484034,0.01970651109303309,NA,NA,NA
Isengops__wmmcmm_boxcox_scaled,0.12054986012168228,-0.0019175165918296883,0.052661564040946636,NA,NA,NA
Isengops__time,0.00709399019513512,-0.01531185364925301,0.02195317464566391,NA,NA,NA
Jachaleria__rotated_lat_scaled,0.042737276569481855,-0.011705903664327518,0.04333978496175305,1.3231380611707573,0.022171907126903534,3.452918916940689
Jachaleria__map_scaled,-0.022480071628855833,-0.07625018485241389,0.025551338970398255,NA,NA,NA
Jachaleria__mat_scaled,0.11243410673644741,-0.0068096146638877515,0.07860981838757121,NA,NA,NA
Jachaleria__wmmcmm_boxcox_scaled,-0.0004713121303786038,-0.038525274295966055,0.01744802486932454,NA,NA,NA
Jachaleria__time,0.055741874535989694,-0.028074695469381055,0.05657153120591907,NA,NA,NA
Jimusaria_Temperate_N__rotated_lat_scaled,0.05805008144763209,-0.0002147854631183259,0.044836506512102026,0.9697968353336546,0.42952786199748516,1.695785254240036
Jimusaria_Temperate_N__map_scaled,0.03603190420798584,-0.03346645946145847,0.05050313574853833,NA,NA,NA
Jimusaria_Temperate_N__mat_scaled,0.04390923423839399,-0.10435579628373487,0.07859232257003254,NA,NA,NA
Jimusaria_Temperate_N__wmmcmm_boxcox_scaled,0.03749945050361105,-0.02056307526612188,0.03623804640332174,NA,NA,NA
Jimusaria_Temperate_N__time,0.01247120368506153,-0.002765556471542705,0.011350487160971494,NA,NA,NA
Jiufengia__rotated_lat_scaled,0.0714024101813694,-0.0022373827511572232,0.05334499427537452,0.6927439693690576,0.3792631437536329,1.1432624105364084
Jiufengia__map_scaled,0.07126095224253241,-0.017728638355072636,0.07532360952038544,NA,NA,NA
Jiufengia__mat_scaled,-0.028260010665450325,-0.1364284971610735,0.036543795039438914,NA,NA,NA
Jiufengia__wmmcmm_boxcox_scaled,0.060167196102874694,0.007950758853239627,0.04363981294414798,NA,NA,NA
Jiufengia__time,0.013391326221358333,-0.012921913531912544,0.012668286615619249,NA,NA,NA
Jonkeria__rotated_lat_scaled,-0.07821406094299163,-0.0365461529762402,0.019794389570736582,0.2903549077891512,0.2260674275457859,0.368563175201416
Jonkeria__map_scaled,0.25074168261140584,-0.002535504510714369,0.10484007950745977,NA,NA,NA
Jonkeria__mat_scaled,-0.152076432708418,-0.08913682880423425,0.03662596874482396,NA,NA,NA
Jonkeria__wmmcmm_boxcox_scaled,0.10065017987973988,-0.005182709282786106,0.048915502976381496,NA,NA,NA
Jonkeria__time,-0.01870833513326943,-0.027964477372001324,0.011344557595564325,NA,NA,NA
Julognathus__rotated_lat_scaled,0.1184506118923084,-0.0029078799758238804,0.031783805218984926,0.37928614561940777,0.18417449668049812,0.5458236970880534
Julognathus__map_scaled,0.15414236787186805,-0.03715066974383683,0.10181812262449988,NA,NA,NA
Julognathus__mat_scaled,-0.27125343203030944,-0.0986201820449112,0.02850668807579976,NA,NA,NA
Julognathus__wmmcmm_boxcox_scaled,0.16916427756950192,-0.01384281362613967,0.049032344133903,NA,NA,NA
Julognathus__time,0.01745804877931561,-0.00884412755526469,0.010379538341778557,NA,NA,NA
Kamagorgon__rotated_lat_scaled,0.16501291796565057,0.0015382449905195282,0.04953548144878735,0.1953597897157306,0.043211326003074646,0.31238073855638504
Kamagorgon__map_scaled,0.01952481478685513,-0.03104826568978996,0.04081682777218328,NA,NA,NA
Kamagorgon__mat_scaled,0.15230457739671693,-0.024818933659522535,0.07898485189134749,NA,NA,NA
Kamagorgon__wmmcmm_boxcox_scaled,-0.36968914363533256,-0.10234040106040115,0.027589374159358557,NA,NA,NA
Kamagorgon__time,0.04024474911915604,-0.0046963175267821415,0.02459396312328946,NA,NA,NA
Kannemeyeria__rotated_lat_scaled,-0.1416219968954101,-0.03823648290920417,0.009052387576973592,0.2831138695086702,0.05668039046577178,0.48083002120256424
Kannemeyeria__map_scaled,0.016470926499459894,-0.0543715407798207,0.062277837201936415,NA,NA,NA
Kannemeyeria__mat_scaled,-0.04313804289442487,-0.05031056718853808,0.05693464757927314,NA,NA,NA
Kannemeyeria__wmmcmm_boxcox_scaled,0.19149199542211137,-0.016302850576719385,0.07211699409596686,NA,NA,NA
Kannemeyeria__time,0.0719491132942494,-0.002144231491693907,0.021138631940816117,NA,NA,NA
Karenites__rotated_lat_scaled,0.09457384969540598,-0.003140145485574394,0.0379990033607175,0.4796568242626381,0.17794516868889332,0.946840831078589
Karenites__map_scaled,0.10732878085211749,-0.05233365610047832,0.08706107579759167,NA,NA,NA
Karenites__mat_scaled,-0.1454696589637957,-0.09470516601754378,0.029783040168085535,NA,NA,NA
Karenites__wmmcmm_boxcox_scaled,0.11886692520504581,-0.003642052496310511,0.0543833922724069,NA,NA,NA
Karenites__time,0.012661977293910978,-0.007544652846069257,0.012293986796164516,NA,NA,NA
Kataigidodon__rotated_lat_scaled,0.11576371136354283,-0.010247128217797136,0.04510253155738311,0.19986693484010176,0.03425861895084381,0.49796634912490845
Kataigidodon__map_scaled,-0.49963612356455994,-0.08768025389408803,0.020585177162178205,NA,NA,NA
Kataigidodon__mat_scaled,0.3573597120400518,-0.017076453300713793,0.0990029016567198,NA,NA,NA
Kataigidodon__wmmcmm_boxcox_scaled,-0.019574298722436653,-0.03180629994785414,0.01955774055401554,NA,NA,NA
Kataigidodon__time,0.05799205964081921,-0.014555537585523155,0.037272147464669496,NA,NA,NA
Katumbia__rotated_lat_scaled,-0.08168956430090475,-0.042422513049319883,0.022079561564402578,0.32113029634565465,0.1526664700359106,0.5177032422507182
Katumbia__map_scaled,0.27476510174572466,0.002310455770084828,0.09997568986124683,NA,NA,NA
Katumbia__mat_scaled,-0.19482107964344322,-0.108370844507638,0.024279745574168406,NA,NA,NA
Katumbia__wmmcmm_boxcox_scaled,0.11948751610703766,-0.004776790223260553,0.04847486771688227,NA,NA,NA
Katumbia__time,0.01542644835455576,-0.008105980935842652,0.026710633678266066,NA,NA,NA
Kawingasaurus__rotated_lat_scaled,-0.07949180108887959,-0.04122414645765535,0.023220061534212782,0.31783545619793585,0.17351583787240088,0.5177032422507182
Kawingasaurus__map_scaled,0.2809971891902387,0.0037529880907989904,0.10513984454502176,NA,NA,NA
Kawingasaurus__mat_scaled,-0.20609519275836646,-0.105309545441799,0.02222808479831242,NA,NA,NA
Kawingasaurus__wmmcmm_boxcox_scaled,0.12173443541862071,-0.004641853714141205,0.050978793576388064,NA,NA,NA
Kawingasaurus__time,0.012728951353637967,-0.013943115423179685,0.019953713941031105,NA,NA,NA
Kembawacela__rotated_lat_scaled,-0.08229634699804592,-0.03503027181701339,0.02123807607945103,0.31335846158894126,0.16537615284323692,0.5177032422507182
Kembawacela__map_scaled,0.24175620744004844,0.001974858857600568,0.11350308097955518,NA,NA,NA
Kembawacela__mat_scaled,-0.16267554935999215,-0.11196300010428824,0.026387526534295144,NA,NA,NA
Kembawacela__wmmcmm_boxcox_scaled,0.115090997077059,-0.004082954802878374,0.04340325709931342,NA,NA,NA
Kembawacela__time,0.013521279347187373,-0.01226430507939683,0.01698855770235136,NA,NA,NA
Kenomagnathus__rotated_lat_scaled,0.10634740985115058,-0.012358570491870943,0.05837964041956989,0.1349014889600221,0.07481088489294052,0.21089793369174004
Kenomagnathus__map_scaled,0.09767386173596605,-0.009005979607261572,0.05533944255989854,NA,NA,NA
Kenomagnathus__mat_scaled,0.1277484831144102,-0.010553322425815814,0.06223669001473366,NA,NA,NA
Kenomagnathus__wmmcmm_boxcox_scaled,-0.41348715108819306,-0.10790514663613571,0.0021041173172311554,NA,NA,NA
Kenomagnathus__time,0.028657011264003815,-0.021542653784892216,0.04346060808353288,NA,NA,NA
Keratocephalus__rotated_lat_scaled,0.008162174668395892,-0.014243852808258376,0.025778318157869372,0.30171823742341075,0.15868831612169743,0.5142837779203546
Keratocephalus__map_scaled,0.2801737389434129,-0.027563365612501074,0.10313749285617663,NA,NA,NA
Keratocephalus__mat_scaled,-0.2963779076468199,-0.10450928195541727,0.029068426415016772,NA,NA,NA
Keratocephalus__wmmcmm_boxcox_scaled,0.15281317870714703,-0.00010748159762838833,0.05077792597838242,NA,NA,NA
Keratocephalus__time,-0.03101482133140962,-0.014941690972171151,0.012758334987520943,NA,NA,NA
Keyseria__rotated_lat_scaled,-0.1342880859936122,-0.03988917641030528,0.0007880757935982693,0.23177566325408405,0.15959233045578003,0.3045008103363216
Keyseria__map_scaled,0.22170736144296824,-0.014731948360666118,0.10876845354928152,NA,NA,NA
Keyseria__mat_scaled,-0.12740501857595518,-0.08661881282101494,0.04744561895681669,NA,NA,NA
Keyseria__wmmcmm_boxcox_scaled,0.09732735908357426,-0.0034334517493245184,0.04555224542178815,NA,NA,NA
Keyseria__time,-0.013527826785575599,-0.016692283604665396,0.018966104673481494,NA,NA,NA
Kitchinganomodon__rotated_lat_scaled,-0.1875844144448638,-0.036597685729205735,-0.008088459601803497,0.17244552228148677,0.07688059657812119,0.29037508368492126
Kitchinganomodon__map_scaled,0.11849407445639372,-0.04291743741925282,0.0904890810586061,NA,NA,NA
Kitchinganomodon__mat_scaled,-0.0356302933859115,-0.06849775989069573,0.08584115095088551,NA,NA,NA
Kitchinganomodon__wmmcmm_boxcox_scaled,0.10007567924913019,-0.0030067290021778205,0.03697818062621766,NA,NA,NA
Kitchinganomodon__time,-0.010871397675946354,-0.010346060904644154,0.016300545361060348,NA,NA,NA
Knoxosaurus__rotated_lat_scaled,0.17314851898234337,-0.004416858691311223,0.056269760235433154,0.302468150548666,0.06624567322432995,0.5414856038987637
Knoxosaurus__map_scaled,0.08818153820349835,-0.02735753732892097,0.03699162266673652,NA,NA,NA
Knoxosaurus__mat_scaled,0.13035912398830987,-0.03346313161500056,0.08592410467803965,NA,NA,NA
Knoxosaurus__wmmcmm_boxcox_scaled,-0.31609056923072787,-0.08967958141774357,0.024427409297641953,NA,NA,NA
Knoxosaurus__time,0.038907664522557756,-0.006448563892999936,0.017907601517114843,NA,NA,NA
Kombuisia__rotated_lat_scaled,0.029199457241925773,-0.027416858002373534,0.03439635567339523,0.6272677897082758,0.11985059082508087,1.058852642774582
Kombuisia__map_scaled,0.04369473734845696,-0.057803208776187366,0.056564869543467344,NA,NA,NA
Kombuisia__mat_scaled,-0.01579465925472821,-0.049100688135551164,0.0434988929865565,NA,NA,NA
Kombuisia__wmmcmm_boxcox_scaled,0.08250286808092654,-0.024734879656011007,0.058521988973671495,NA,NA,NA
Kombuisia__time,0.048359470666103466,-0.0023100383758531897,0.028538391217875558,NA,NA,NA
Kotelcephalon__rotated_lat_scaled,0.1130849109743186,-0.005928792051662547,0.03413869899479217,0.40064010992704424,0.23584572970867157,0.7455320786684752
Kotelcephalon__map_scaled,0.14661633954277462,-0.048669691351772834,0.088519493596271,NA,NA,NA
Kotelcephalon__mat_scaled,-0.23826080448116665,-0.08645301848678437,0.031067969754131664,NA,NA,NA
Kotelcephalon__wmmcmm_boxcox_scaled,0.1490750558129944,-0.012462009849148848,0.05529440453036514,NA,NA,NA
Kotelcephalon__time,0.017446372233763573,-0.007852161206607661,0.012499931519406161,NA,NA,NA
Kuehneotherium__rotated_lat_scaled,-0.05409559028106742,-0.029117294634806244,0.026381219511224005,0.3738557727803436,0.22654115036129951,0.49303977750241756
Kuehneotherium__map_scaled,-0.00883142855251208,-0.033024154410077805,0.031537255021117094,NA,NA,NA
Kuehneotherium__mat_scaled,0.23740732623904479,-0.036110298541439156,0.08389782764719052,NA,NA,NA
Kuehneotherium__wmmcmm_boxcox_scaled,-0.06311405049174028,-0.028996931482691665,0.01932127062489673,NA,NA,NA
Kuehneotherium__time,0.07452764178393409,-0.034116993876961384,0.06038292559053777,NA,NA,NA
Kunpania__rotated_lat_scaled,0.07265820027170423,-0.022248548059931903,0.05348711694315009,0.8011098029268032,0.3111833329166984,1.3684917725622654
Kunpania__map_scaled,0.05747172035218501,-0.015211867632900389,0.06352381118584897,NA,NA,NA
Kunpania__mat_scaled,-0.004548792796595142,-0.10829568676034039,0.04836171883518535,NA,NA,NA
Kunpania__wmmcmm_boxcox_scaled,0.05084914564944137,-0.011003471214645224,0.0420202585171432,NA,NA,NA
Kunpania__time,0.011531600605949047,-0.004606099278158347,0.014127592913638501,NA,NA,NA
Kwazulusaurus__rotated_lat_scaled,0.025749650231245074,-0.04282646989598054,0.03415765923203321,0.4897132551055984,0.26910069957375526,0.7418144419789314
Kwazulusaurus__map_scaled,0.16820044696111,-0.0010520254183265015,0.09088683671656929,NA,NA,NA
Kwazulusaurus__mat_scaled,-0.07134929060596777,-0.08828050156279266,0.0367380901472889,NA,NA,NA
Kwazulusaurus__wmmcmm_boxcox_scaled,0.06829126813484561,-0.0020614955280145596,0.04962736663211708,NA,NA,NA
Kwazulusaurus__time,-0.0029302006385484,-0.027145180540861992,0.010110545666957642,NA,NA,NA
Lalieudorhynchus__rotated_lat_scaled,0.1407393153907319,-0.006212560759864432,0.040408862443243744,0.41394252537793363,0.09162690490484238,1.027343213558197
Lalieudorhynchus__map_scaled,0.1653340088212947,-0.024312593242770332,0.0742919391824263,NA,NA,NA
Lalieudorhynchus__mat_scaled,-0.11732798108476455,-0.08096372979556793,0.029492092919910336,NA,NA,NA
Lalieudorhynchus__wmmcmm_boxcox_scaled,-0.01824339795939041,-0.04421496996558594,0.06359688887850576,NA,NA,NA
Lalieudorhynchus__time,0.017459928914812885,-0.005661819182187643,0.013730714970879998,NA,NA,NA
Langbergia__rotated_lat_scaled,-0.19480677711311728,-0.04158849252381766,0.005553205334901457,0.28883770611544607,0.13981314562261105,0.43765038158744574
Langbergia__map_scaled,-0.03328370533883571,-0.05353050893731642,0.050073074180604256,NA,NA,NA
Langbergia__mat_scaled,0.1845520616043359,-0.04511583355098507,0.10303029395028449,NA,NA,NA
Langbergia__wmmcmm_boxcox_scaled,0.09260893928352744,-0.016938618498407953,0.04629761188332958,NA,NA,NA
Langbergia__time,0.05180531359685119,-0.004192219435449147,0.01656631304584636,NA,NA,NA
Lanthanostegus__rotated_lat_scaled,0.1095651103167339,-0.010075200329284252,0.03096276278356693,0.49083298090597965,0.22917746007442474,0.8108847588300705
Lanthanostegus__map_scaled,0.21999430614086798,-0.020643677293443047,0.10645515891759029,NA,NA,NA
Lanthanostegus__mat_scaled,-0.2641043369438761,-0.11508484797806534,0.025751700021448585,NA,NA,NA
Lanthanostegus__wmmcmm_boxcox_scaled,0.14327965484101826,-0.00036585175645876915,0.04765774750599782,NA,NA,NA
Lanthanostegus__time,-0.020772860272059535,-0.01519609558872485,0.010693129166362498,NA,NA,NA
Lemurosaurus__rotated_lat_scaled,0.003109958901915566,-0.04477413851278301,0.02744209179548731,0.44097944279579676,0.25820067152380943,0.6207045651972294
Lemurosaurus__map_scaled,0.1864318853474445,-0.001875266886953516,0.08873232966860767,NA,NA,NA
Lemurosaurus__mat_scaled,-0.07746600226426276,-0.08554459449075424,0.04444322263480752,NA,NA,NA
Lemurosaurus__wmmcmm_boxcox_scaled,0.07875839861404015,-0.002731123526805259,0.04478276913507667,NA,NA,NA
Lemurosaurus__time,-0.0028723665164529237,-0.02644054952868023,0.016120085160986963,NA,NA,NA
Lende__rotated_lat_scaled,-0.07924623263461399,-0.04122414645765535,0.023220061534212782,0.31639305413686086,0.17034934647381306,0.5177032422507182
Lende__map_scaled,0.28049746023491023,0.0037529880907989904,0.10513984454502176,NA,NA,NA
Lende__mat_scaled,-0.20705756899900735,-0.105309545441799,0.02222808479831242,NA,NA,NA
Lende__wmmcmm_boxcox_scaled,0.12146897771395743,-0.004641853714141205,0.050978793576388064,NA,NA,NA
Lende__time,0.01276854373893002,-0.013943115423179685,0.019953713941031105,NA,NA,NA
Leogorgon__rotated_lat_scaled,0.07959313199455914,-0.004512924406350012,0.04042014721476625,0.6029402972498792,0.17826697416603565,1.0409892704337835
Leogorgon__map_scaled,0.08159384337372803,-0.017366057016673108,0.1020910432021145,NA,NA,NA
Leogorgon__mat_scaled,-0.058741883085598,-0.12640482828258634,0.027854044443744227,NA,NA,NA
Leogorgon__wmmcmm_boxcox_scaled,0.07217402922758455,-0.007311620521180051,0.039757742668427354,NA,NA,NA
Leogorgon__time,0.0133427525724108,-0.005770242719186748,0.01139752086591379,NA,NA,NA
Leontosaurus__rotated_lat_scaled,-0.17823680882924237,-0.04049309580557901,0.008283899087376118,0.27095304977236084,0.15885942615568638,0.4023500345647335
Leontosaurus__map_scaled,0.004890749799087644,-0.04841758157191066,0.06693986407429833,NA,NA,NA
Leontosaurus__mat_scaled,0.15639537170645781,-0.052424821477445475,0.09720153810038244,NA,NA,NA
Leontosaurus__wmmcmm_boxcox_scaled,0.07941163435287307,-0.009581140555759971,0.03295774621838092,NA,NA,NA
Leontosaurus__time,0.020530228660500142,-0.010449033535281132,0.016137450914528315,NA,NA,NA
Lepagia__rotated_lat_scaled,-0.05472075971076265,-0.029522889247997047,0.025591121345338478,0.374765336834389,0.2268058992922306,0.502059530466795
Lepagia__map_scaled,-0.008591157454065978,-0.03302779351007936,0.031987975535088906,NA,NA,NA
Lepagia__mat_scaled,0.23683898238945403,-0.03623319967144773,0.08291798421692413,NA,NA,NA
Lepagia__wmmcmm_boxcox_scaled,-0.06204904691141564,-0.028007020187833267,0.020525226328802108,NA,NA,NA
Lepagia__time,0.07532544443849475,-0.034574770328618845,0.060498190968812496,NA,NA,NA
Leucocephalus__rotated_lat_scaled,-0.11961488701053895,-0.048875464188054246,0.0008660124999753832,0.225831944485617,0.15959233045578003,0.29614328779280186
Leucocephalus__map_scaled,0.24605558994575405,0.0002973204499603013,0.11952510296831492,NA,NA,NA
Leucocephalus__mat_scaled,-0.16626921692164615,-0.08498624505677436,0.03456432954768635,NA,NA,NA
Leucocephalus__wmmcmm_boxcox_scaled,0.09928924867184832,-0.004742900869118595,0.053177027413156816,NA,NA,NA
Leucocephalus__time,-0.021590664282484795,-0.023058383281989357,0.013388025965832632,NA,NA,NA
Lisowicia__rotated_lat_scaled,0.05437063342309557,-0.02799174022369999,0.03633276312364411,0.33852973314991686,0.02330411970615387,0.9787633791565895
Lisowicia__map_scaled,-0.18640911173075436,-0.06768951527415586,0.03973822708618163,NA,NA,NA
Lisowicia__mat_scaled,0.2571597144100815,-0.028357068177961187,0.0873513004821329,NA,NA,NA
Lisowicia__wmmcmm_boxcox_scaled,-0.04336349125951529,-0.021885018502087787,0.024669777543021645,NA,NA,NA
Lisowicia__time,0.06881011422432494,-0.015442330768071428,0.03342843015998585,NA,NA,NA
Lobalopex__rotated_lat_scaled,-0.11961488701053895,-0.048875464188054246,0.0008660124999753832,0.225831944485617,0.15959233045578003,0.29614328779280186
Lobalopex__map_scaled,0.24605558994575405,0.0002973204499603013,0.11952510296831492,NA,NA,NA
Lobalopex__mat_scaled,-0.16626921692164615,-0.08498624505677436,0.03456432954768635,NA,NA,NA
Lobalopex__wmmcmm_boxcox_scaled,0.09928924867184832,-0.004742900869118595,0.053177027413156816,NA,NA,NA
Lobalopex__time,-0.021590664282484795,-0.023058383281989357,0.013388025965832632,NA,NA,NA
Lophorhinus__rotated_lat_scaled,-0.11961488701053895,-0.048875464188054246,0.0008660124999753832,0.225831944485617,0.15959233045578003,0.29614328779280186
Lophorhinus__map_scaled,0.24605558994575405,0.0002973204499603013,0.11952510296831492,NA,NA,NA
Lophorhinus__mat_scaled,-0.16626921692164615,-0.08498624505677436,0.03456432954768635,NA,NA,NA
Lophorhinus__wmmcmm_boxcox_scaled,0.09928924867184832,-0.004742900869118595,0.053177027413156816,NA,NA,NA
Lophorhinus__time,-0.021590664282484795,-0.023058383281989357,0.013388025965832632,NA,NA,NA
Luangwa__rotated_lat_scaled,-0.06729822298861109,-0.032529875524936726,0.019252875967086074,0.14438940347288734,0.036865463480353355,0.17646623589098454
Luangwa__map_scaled,-0.676932003768161,-0.10633052951984406,0.03127089987715072,NA,NA,NA
Luangwa__mat_scaled,0.4381510572507977,-0.014002186542318197,0.09199241324248456,NA,NA,NA
Luangwa__wmmcmm_boxcox_scaled,0.17167793667060324,-0.004848089987379452,0.055688146088351584,NA,NA,NA
Luangwa__time,0.09082876222557389,-0.0036549913714978215,0.023316163219893174,NA,NA,NA
Lumkuia__rotated_lat_scaled,0.03286387872012694,-0.02695013078438941,0.0378354302711035,0.6562493074109079,0.29875286016613245,1.0536429733037949
Lumkuia__map_scaled,0.0585878372413122,-0.015316092508743918,0.06466695589276808,NA,NA,NA
Lumkuia__mat_scaled,-0.017469053644893113,-0.09206184006878355,0.018736101906383425,NA,NA,NA
Lumkuia__wmmcmm_boxcox_scaled,0.07055675630484234,-0.024782218469566557,0.06641224464832257,NA,NA,NA
Lumkuia__time,0.04342245546129613,-0.0022553911144928113,0.03386976567638855,NA,NA,NA
Lupeosaurus__rotated_lat_scaled,0.09490780125692254,-0.016956144558852037,0.05666521604203885,0.12295207861141534,0.032022055238485336,0.19558903574943542
Lupeosaurus__map_scaled,0.09458089175168424,-0.009491442470708286,0.05932828945148761,NA,NA,NA
Lupeosaurus__mat_scaled,0.12399543031468056,-0.0060968576225453605,0.0599826908426679,NA,NA,NA
Lupeosaurus__wmmcmm_boxcox_scaled,-0.40964232159778474,-0.10875919918302068,0.003290426726279094,NA,NA,NA
Lupeosaurus__time,0.031148402803228236,-0.020062029110849876,0.04225387533249266,NA,NA,NA
Lycaenodon__rotated_lat_scaled,-0.06963024285621941,-0.03738060086416137,0.02032844460850009,0.3136036888619128,0.23250084929168224,0.39451530994847417
Lycaenodon__map_scaled,0.2333079014881514,-0.004555280026707523,0.10383690972020773,NA,NA,NA
Lycaenodon__mat_scaled,-0.12095691615249962,-0.08849371863178486,0.036889352101358304,NA,NA,NA
Lycaenodon__wmmcmm_boxcox_scaled,0.09852987985010259,-0.004984534458633048,0.04775168738528191,NA,NA,NA
Lycaenodon__time,-0.015608807550306665,-0.025951538964689463,0.0127141045796181,NA,NA,NA
Lycaenops__rotated_lat_scaled,-0.20685700881527735,-0.04601637022381698,-0.00875797386540227,0.1588670149529571,0.06786678731441498,0.2901226729154587
Lycaenops__map_scaled,0.1667395303212106,-0.03942698649328774,0.07938116218984761,NA,NA,NA
Lycaenops__mat_scaled,-0.0762303761023577,-0.05875222005430825,0.10310799577886899,NA,NA,NA
Lycaenops__wmmcmm_boxcox_scaled,0.0927488795761019,-0.0063791919078853565,0.03284235819725114,NA,NA,NA
Lycaenops__time,-0.005495884109404869,-0.010790904266677927,0.014946956094400674,NA,NA,NA
Lycedops__rotated_lat_scaled,0.013342384002171456,-0.01770395263337965,0.022322317242351647,0.2406393440964166,0.12480953335762024,0.4349496606737375
Lycedops__map_scaled,0.3224844046495855,-0.028318724054526012,0.10859414334346229,NA,NA,NA
Lycedops__mat_scaled,-0.45953981881961226,-0.10303525201181539,0.025171333218799472,NA,NA,NA
Lycedops__wmmcmm_boxcox_scaled,0.2076979866216425,-9.06482768594705e-05,0.05314367267122822,NA,NA,NA
Lycedops__time,-0.03130748644005507,-0.012217095969395722,0.0122890319191245,NA,NA,NA
Lycideops__rotated_lat_scaled,-0.08512967199087143,-0.0393913800717392,0.016194124030657647,0.2804644178126182,0.21663454174995422,0.3578281532973051
Lycideops__map_scaled,0.24814524892397458,-0.002663156559007679,0.10673647789738365,NA,NA,NA
Lycideops__mat_scaled,-0.1522413821547525,-0.08698528869525786,0.03628494359072721,NA,NA,NA
Lycideops__wmmcmm_boxcox_scaled,0.10019937560966355,-0.005089242721694186,0.04935706023503442,NA,NA,NA
Lycideops__time,-0.01847102665808052,-0.027236604898277342,0.012947892641163193,NA,NA,NA
Lycosaurus__rotated_lat_scaled,-0.003488420500419505,-0.04248327902912329,0.026239821620714452,0.4178077466614923,0.253038864582777,0.589068440720439
Lycosaurus__map_scaled,0.2118745844512125,-0.0015938823715796536,0.09320338897873648,NA,NA,NA
Lycosaurus__mat_scaled,-0.10033708607192302,-0.08658695122251173,0.04065302061451363,NA,NA,NA
Lycosaurus__wmmcmm_boxcox_scaled,0.08751624797076045,-0.0033026099819670265,0.04843190243109426,NA,NA,NA
Lycosaurus__time,-0.007603451766945917,-0.02739895034079457,0.01299236474990731,NA,NA,NA
Lycosuchus__rotated_lat_scaled,-0.02041911245905794,-0.019766000604329953,0.015127508911267962,0.17872664546011946,0.10524392127990723,0.30341663770377636
Lycosuchus__map_scaled,0.33343671096488836,-0.027057597329688335,0.11597640418097575,NA,NA,NA
Lycosuchus__mat_scaled,-0.476823133835569,-0.10175427514427637,0.025335467569307116,NA,NA,NA
Lycosuchus__wmmcmm_boxcox_scaled,0.18828222615877166,0.0002897434061335796,0.05543375860411304,NA,NA,NA
Lycosuchus__time,-0.03371191945159808,-0.013077543273815165,0.009647359129302258,NA,NA,NA
Lystrosaurus_Temperate_N__rotated_lat_scaled,0.05150251145795884,-0.0394610209024588,0.05445735847312911,1.178606631949733,0.18219037540256977,2.6552209965884686
Lystrosaurus_Temperate_N__map_scaled,0.024175282310077643,-0.0914762025988752,0.03917987500227036,NA,NA,NA
Lystrosaurus_Temperate_N__mat_scaled,0.07396658450760661,-0.009825432595764752,0.08322154004192883,NA,NA,NA
Lystrosaurus_Temperate_N__wmmcmm_boxcox_scaled,0.0258700596367922,-0.020573020844302334,0.03378657681248374,NA,NA,NA
Lystrosaurus_Temperate_N__time,0.012447436170249232,-2.999600457516124e-05,0.01087514806515409,NA,NA,NA
Lystrosaurus_Temperate_S__rotated_lat_scaled,-0.2773426108434796,-0.051539442394074444,-0.007344018068508698,0.1898256923063309,0.06301218830049038,0.36245936434715986
Lystrosaurus_Temperate_S__map_scaled,-0.13264306862372904,-0.07363106240073876,0.03802161560675,NA,NA,NA
Lystrosaurus_Temperate_S__mat_scaled,0.3070615748781711,-0.026004074948475862,0.1290662362464276,NA,NA,NA
Lystrosaurus_Temperate_S__wmmcmm_boxcox_scaled,0.07323917546658777,-0.005468379879592382,0.04706809811608875,NA,NA,NA
Lystrosaurus_Temperate_S__time,0.03154874734609621,-0.004722713323094804,0.014708566494208477,NA,NA,NA
Macromerion__rotated_lat_scaled,0.20122172554954887,0.002167209028462823,0.07109981529347334,0.32970551974023693,0.11926642805337906,0.6360461097210646
Macromerion__map_scaled,0.12215135199134237,-0.006539376721002596,0.05305638364402454,NA,NA,NA
Macromerion__mat_scaled,0.15762630344834178,-0.012250827468957884,0.05782053621260779,NA,NA,NA
Macromerion__wmmcmm_boxcox_scaled,-0.37462629383197055,-0.1119590178188091,0.0073284572112204864,NA,NA,NA
Macromerion__time,0.03537055850028992,-0.03278365996566949,0.03221530603363995,NA,NA,NA
Madysaurus__rotated_lat_scaled,0.06282531665431859,-0.019340436278625386,0.035491511994923654,0.7862937742867507,0.036719673313200474,2.1529230531305075
Madysaurus__map_scaled,-0.13369767504354138,-0.11469953921368604,0.03652799269488066,NA,NA,NA
Madysaurus__mat_scaled,0.11944093206667046,-0.024077367534479255,0.08054896152373431,NA,NA,NA
Madysaurus__wmmcmm_boxcox_scaled,0.1165393315737764,0.00029746249334158483,0.0577564821756995,NA,NA,NA
Madysaurus__time,0.02285396883146046,-0.003545792412527152,0.011195550005728,NA,NA,NA
Malasaurus__rotated_lat_scaled,0.07242871006635566,-0.011644792477157152,0.04744136738210959,0.718130423676248,0.41349729895591736,1.216838713735342
Malasaurus__map_scaled,0.0685968756425742,-0.016072002081018305,0.07470192913566424,NA,NA,NA
Malasaurus__mat_scaled,-0.024808356908901635,-0.14105128264752065,0.03491446118092104,NA,NA,NA
Malasaurus__wmmcmm_boxcox_scaled,0.05900371346733187,0.01779064532650757,0.050169602863995466,NA,NA,NA
Malasaurus__time,0.012740931815324465,-0.010388241066787735,0.0142931378322758,NA,NA,NA
Mandagomphodon__rotated_lat_scaled,-0.1559826661128318,-0.03377130998802249,0.017630503625812966,0.20252364940970438,0.07948044876684435,0.35729222372174263
Mandagomphodon__map_scaled,0.02485476342117181,-0.06271405164464704,0.048144816261689496,NA,NA,NA
Mandagomphodon__mat_scaled,-0.0886594123422401,-0.05100838087696809,0.055539327697476944,NA,NA,NA
Mandagomphodon__wmmcmm_boxcox_scaled,0.20407482453156262,-0.010300208837214615,0.086696830849803,NA,NA,NA
Mandagomphodon__time,0.030274265829357317,-0.003571721599124009,0.013509019960183725,NA,NA,NA
Martensius__rotated_lat_scaled,0.2000875596052815,0.009259366757945114,0.06653130232519856,0.42154417754965834,0.08798671886324883,1.0256153088994324
Martensius__map_scaled,0.054909790416494325,-0.039390601094790416,0.04684112495067669,NA,NA,NA
Martensius__mat_scaled,0.180552145588245,0.0025825558291402186,0.06569706549551073,NA,NA,NA
Martensius__wmmcmm_boxcox_scaled,-0.29325649841903767,-0.12276447987892429,0.007302510715477623,NA,NA,NA
Martensius__time,0.0456688768917014,-0.011052514559346893,0.035148494908102505,NA,NA,NA
Massetognathus__rotated_lat_scaled,-0.06664178479812108,-0.019913857004903748,0.014404563953838734,0.09779409307404421,0.039544571191072464,0.1646959763020277
Massetognathus__map_scaled,-0.8143636611220427,-0.12667902266379424,0.002293042365433798,NA,NA,NA
Massetognathus__mat_scaled,0.4944681905725156,-0.00892534718220459,0.13131277107978045,NA,NA,NA
Massetognathus__wmmcmm_boxcox_scaled,0.2039981252187863,-0.0017633300542858185,0.052492468166343995,NA,NA,NA
Massetognathus__time,0.09237134912022156,-0.004084116040787851,0.021017652829569137,NA,NA,NA
Mastersonia__rotated_lat_scaled,0.15446569094492588,-0.010036415181654738,0.06521698720375689,0.19305806470336392,0.02003420516848564,0.49687105417251587
Mastersonia__map_scaled,-0.04161562966066413,-0.04488668179333023,0.05031142691412395,NA,NA,NA
Mastersonia__mat_scaled,0.20472483078483492,-0.008711536808853036,0.09330209972384368,NA,NA,NA
Mastersonia__wmmcmm_boxcox_scaled,-0.3558877977728844,-0.0939813329225972,-0.010553755654509512,NA,NA,NA
Mastersonia__time,0.0434090963244671,-0.003749706239541063,0.023243740207751117,NA,NA,NA
Maubeugia__rotated_lat_scaled,-0.048018388135824354,-0.025481392740856413,0.031409380837160605,0.3589076313356418,0.07615723833441734,0.4995479347744549
Maubeugia__map_scaled,-0.019468014668673275,-0.0319118017911324,0.03769054818713927,NA,NA,NA
Maubeugia__mat_scaled,0.23421232156688349,-0.03866574455460595,0.08114560721139585,NA,NA,NA
Maubeugia__wmmcmm_boxcox_scaled,-0.06544112923522334,-0.0310692668284703,0.01867754983303866,NA,NA,NA
Maubeugia__time,0.06966096772579476,-0.03423746703091119,0.05259741232623175,NA,NA,NA
Megawhaitsia__rotated_lat_scaled,0.07224511868575262,-0.003899124700586113,0.04985769171716736,0.7150385382084642,0.4156965250149369,1.2010355927050114
Megawhaitsia__map_scaled,0.06898152461148514,-0.016051662304854608,0.07445455525071357,NA,NA,NA
Megawhaitsia__mat_scaled,-0.025283432833192197,-0.14136821313986475,0.03586994513678324,NA,NA,NA
Megawhaitsia__wmmcmm_boxcox_scaled,0.05917231613600575,0.012537122951394324,0.047743487225658326,NA,NA,NA
Megawhaitsia__time,0.012846347482633172,-0.012583795752065115,0.013594819064643647,NA,NA,NA
Melanedaphodon__rotated_lat_scaled,0.10197124415397411,-0.013367811206198038,0.05854702826922736,0.1291469208599301,0.06798266991972923,0.20257269963622093
Melanedaphodon__map_scaled,0.09651210999873001,-0.009265275436337738,0.056118816243158585,NA,NA,NA
Melanedaphodon__mat_scaled,0.12621153593674536,-0.009372920222336848,0.06137260230995847,NA,NA,NA
Melanedaphodon__wmmcmm_boxcox_scaled,-0.41285444774664937,-0.10922903204373632,0.002497875101665652,NA,NA,NA
Melanedaphodon__time,0.0293446044344455,-0.02013063403736731,0.042984176470956065,NA,NA,NA
Menadon__rotated_lat_scaled,0.018195852340431883,-0.01657951667570931,0.02951536789670577,0.126656257272698,0.008724957704544067,0.17048907279968262
Menadon__map_scaled,-0.8150877342093736,-0.13108252698637846,-0.010539412141508756,NA,NA,NA
Menadon__mat_scaled,0.5117582759913057,-0.0067316331610869345,0.14345575557697396,NA,NA,NA
Menadon__wmmcmm_boxcox_scaled,0.13179115616367199,-0.003058534662235396,0.037652754063917514,NA,NA,NA
Menadon__time,0.09203683290397749,-0.003913461460566162,0.02143603299887762,NA,NA,NA
Mesenosaurus_Temperate_N__rotated_lat_scaled,0.13128929917875212,-0.004402712485722756,0.03409754706109065,0.3217601025031763,0.17333804816007614,0.5062700472772121
Mesenosaurus_Temperate_N__map_scaled,0.10035233656410128,-0.03986268596851463,0.06597371579536349,NA,NA,NA
Mesenosaurus_Temperate_N__mat_scaled,-0.1527760943939211,-0.06933107198041724,0.053314841583096434,NA,NA,NA
Mesenosaurus_Temperate_N__wmmcmm_boxcox_scaled,0.03506229880265892,-0.04216854901552767,0.05437497603554178,NA,NA,NA
Mesenosaurus_Temperate_N__time,0.01987038826890057,-0.005600653495793953,0.013759417919873769,NA,NA,NA
Mesenosaurus_Tropical_S__rotated_lat_scaled,0.13818853250006213,-0.01099512071583646,0.062009295993486806,0.1368368968888535,0.041338108479976654,0.23621459864079952
Mesenosaurus_Tropical_S__map_scaled,-0.013956711918581277,-0.04924977200933322,0.044500523586503665,NA,NA,NA
Mesenosaurus_Tropical_S__mat_scaled,0.1888342871144414,-0.010124214743738888,0.08583445262517694,NA,NA,NA
Mesenosaurus_Tropical_S__wmmcmm_boxcox_scaled,-0.3960022608470172,-0.08133449177463717,0.0003048791320529715,NA,NA,NA
Mesenosaurus_Tropical_S__time,0.03181117595726391,-0.009662073702430508,0.028871347057745734,NA,NA,NA
Meurthodon__rotated_lat_scaled,-0.05403191515011713,-0.029119743681473215,0.026437004172756125,0.37379349398692285,0.226522047072649,0.49275155179202557
Meurthodon__map_scaled,-0.00884889779612422,-0.033034277176968885,0.03147644219121651,NA,NA,NA
Meurthodon__mat_scaled,0.23746468933532014,-0.03610963510477454,0.08395116159209953,NA,NA,NA
Meurthodon__wmmcmm_boxcox_scaled,-0.06320913585801463,-0.029015344229684437,0.01932331346160307,NA,NA,NA
Meurthodon__time,0.07445687937317416,-0.0340866727530752,0.06033257697729088,NA,NA,NA
Microconodon__rotated_lat_scaled,0.09496258638636279,-0.011791238309392063,0.04551501747951951,0.43360195322544315,0.04353596270084381,1.2179157584905624
Microconodon__map_scaled,-0.1729501263782607,-0.0796416231761535,0.03151370556341813,NA,NA,NA
Microconodon__mat_scaled,0.27440612577353357,-0.011562348026189611,0.09611335740099848,NA,NA,NA
Microconodon__wmmcmm_boxcox_scaled,-0.046730568850963446,-0.029706183282650185,0.01563359784630179,NA,NA,NA
Microconodon__time,0.03827385715201233,-0.02866428015159088,0.032744820104728206,NA,NA,NA
Microgomphodon__rotated_lat_scaled,-0.06971791028193172,-0.0314437603113629,0.026973186978362627,0.39697523253504186,0.0785265862941742,0.6657979413866997
Microgomphodon__map_scaled,0.030666651202724944,-0.060716944079969117,0.055064485116908465,NA,NA,NA
Microgomphodon__mat_scaled,-0.023784720187863338,-0.047603685056839325,0.06277998076143652,NA,NA,NA
Microgomphodon__wmmcmm_boxcox_scaled,0.17286882803117165,-0.017935768312734447,0.05693996981528002,NA,NA,NA
Microgomphodon__time,0.07792902531858299,-0.003665515185070458,0.019762875722978503,NA,NA,NA
Microhelodon__rotated_lat_scaled,-0.0305185330457668,-0.0369569630985512,0.021497268092186002,0.45128715290804394,0.21575378626585007,0.6622219607234001
Microhelodon__map_scaled,0.11174820565575054,-0.014594958621793004,0.0659525786127173,NA,NA,NA
Microhelodon__mat_scaled,-0.07880573014246148,-0.07423173559027506,0.021916665663499865,NA,NA,NA
Microhelodon__wmmcmm_boxcox_scaled,0.12330355688659655,-0.02788898806459598,0.08499475479737431,NA,NA,NA
Microhelodon__time,0.06223437472856568,-0.0076930275707610156,0.027159231229188625,NA,NA,NA
Microscalenodon__rotated_lat_scaled,-0.05403191515011713,-0.029119743681473215,0.026437004172756125,0.37379349398692285,0.226522047072649,0.49275155179202557
Microscalenodon__map_scaled,-0.00884889779612422,-0.033034277176968885,0.03147644219121651,NA,NA,NA
Microscalenodon__mat_scaled,0.23746468933532014,-0.03610963510477454,0.08395116159209953,NA,NA,NA
Microscalenodon__wmmcmm_boxcox_scaled,-0.06320913585801463,-0.029015344229684437,0.01932331346160307,NA,NA,NA
Microscalenodon__time,0.07445687937317416,-0.0340866727530752,0.06033257697729088,NA,NA,NA
Microsyodon__rotated_lat_scaled,0.1582922157738358,0.0010592265967296018,0.04987010121386234,0.21104176756301057,0.11175638437271118,0.32545485720038414
Microsyodon__map_scaled,0.06935741120018064,-0.021948223698026587,0.04416275676625581,NA,NA,NA
Microsyodon__mat_scaled,0.12719312926521525,-0.03937722191203214,0.0772468720343429,NA,NA,NA
Microsyodon__wmmcmm_boxcox_scaled,-0.36578282080590724,-0.09555529050418556,0.02690271521488857,NA,NA,NA
Microsyodon__time,0.034019958047001635,-0.005544163428461573,0.02333805316561651,NA,NA,NA
Microurania__rotated_lat_scaled,0.07230684811670615,-0.004059904201863149,0.050079942667844914,0.7161603475792071,0.4156783055514097,1.206399079412222
Microurania__map_scaled,0.06884610519352868,-0.015698608395665573,0.07430662953786635,NA,NA,NA
Microurania__mat_scaled,-0.025114896992712205,-0.1420592215837636,0.03545135082830173,NA,NA,NA
Microurania__wmmcmm_boxcox_scaled,0.059113859185228136,0.012929608465383787,0.048021728794410634,NA,NA,NA
Microurania__time,0.012809958579933757,-0.012477547230067729,0.01366084656654249,NA,NA,NA
Microvaranops__rotated_lat_scaled,0.008197864589528763,-0.015287487003643152,0.02476019277102388,0.29757349957224505,0.15450415946543217,0.47212736681103706
Microvaranops__map_scaled,0.2944222491327673,-0.027852830978777814,0.11269090222827398,NA,NA,NA
Microvaranops__mat_scaled,-0.32079673852771523,-0.09850043797936076,0.025378361496142626,NA,NA,NA
Microvaranops__wmmcmm_boxcox_scaled,0.15830492907669394,-0.003492456699222003,0.04877243069302881,NA,NA,NA
Microvaranops__time,-0.03051667878171429,-0.016232460284972525,0.009918611206496824,NA,NA,NA
Microwhaitsia__rotated_lat_scaled,-0.1205214368517045,-0.03564215297785901,0.013302245446538852,0.2323766070622514,0.15959233045578003,0.31369724310934544
Microwhaitsia__map_scaled,0.22574136213748716,-0.014431912285895172,0.10759262176037443,NA,NA,NA
Microwhaitsia__mat_scaled,-0.14251846995204687,-0.08831268767537913,0.03720333763388563,NA,NA,NA
Microwhaitsia__wmmcmm_boxcox_scaled,0.099998282243032,-0.003920205235106689,0.047868235665285745,NA,NA,NA
Microwhaitsia__time,-0.018285004597200897,-0.019058714771736242,0.015554057888881466,NA,NA,NA
Milosaurus__rotated_lat_scaled,0.10634740985115058,-0.012358570491870943,0.05837964041956989,0.1349014889600221,0.07481088489294052,0.21089793369174004
Milosaurus__map_scaled,0.09767386173596605,-0.009005979607261572,0.05533944255989854,NA,NA,NA
Milosaurus__mat_scaled,0.1277484831144102,-0.010553322425815814,0.06223669001473366,NA,NA,NA
Milosaurus__wmmcmm_boxcox_scaled,-0.41348715108819306,-0.10790514663613571,0.0021041173172311554,NA,NA,NA
Milosaurus__time,0.028657011264003815,-0.021542653784892216,0.04346060808353288,NA,NA,NA
Minicynodon__rotated_lat_scaled,0.026629261618945747,-0.010109674590793266,0.025724428629827725,0.08382207528513391,0.03424272686243057,0.14229201897978783
Minicynodon__map_scaled,-0.7410415322240442,-0.11285307151467848,0.00500722618654057,NA,NA,NA
Minicynodon__mat_scaled,0.4892071087658405,-0.014473800555340524,0.1265240550552991,NA,NA,NA
Minicynodon__wmmcmm_boxcox_scaled,0.03121616425982211,-0.013924253041557645,0.022450266582031163,NA,NA,NA
Minicynodon__time,0.0898491987818852,-0.01000487324360636,0.041814521941267585,NA,NA,NA
Mirotenthes__rotated_lat_scaled,-0.12205995878204703,-0.04778273902401913,0.0008551938938974103,0.22541701948801346,0.15959233045578003,0.29614328779280186
Mirotenthes__map_scaled,0.24183413382037544,-0.003317033375862976,0.11803194322122108,NA,NA,NA
Mirotenthes__mat_scaled,-0.1598293406632729,-0.08308617903974225,0.03689986759669052,NA,NA,NA
Mirotenthes__wmmcmm_boxcox_scaled,0.09816732171224431,-0.004636862241837862,0.05251271678023077,NA,NA,NA
Mirotenthes__time,-0.020657010681970858,-0.022542859264514048,0.013220776902926341,NA,NA,NA
Mitredon__rotated_lat_scaled,-0.04985946955874324,-0.03933158708629146,0.02501088169029521,0.39455638570711016,0.15628550946712494,0.6416229447349906
Mitredon__map_scaled,-0.0036143519509031622,-0.035596267806034844,0.03281147219721146,NA,NA,NA
Mitredon__mat_scaled,0.21447997375861746,-0.01453849142096053,0.09409408202062973,NA,NA,NA
Mitredon__wmmcmm_boxcox_scaled,-0.04807596181180715,-0.03245576654457419,0.017735256668828855,NA,NA,NA
Mitredon__time,0.07503168364552062,-0.03944356008811525,0.051868805818000865,NA,NA,NA
Mobaceras__rotated_lat_scaled,-0.11919076019898057,-0.016686093820722593,0.006933559823900644,0.06686981656661374,0.007449571043252945,0.12663058564066887
Mobaceras__map_scaled,0.14630718597647502,-0.020134403384870003,0.10273092136315382,NA,NA,NA
Mobaceras__mat_scaled,-0.11718468099134043,-0.08841931273111249,0.05329994336131578,NA,NA,NA
Mobaceras__wmmcmm_boxcox_scaled,-0.028109122607856987,-0.030085437640610384,0.045831561255060306,NA,NA,NA
Mobaceras__time,-0.0029146796943678053,-0.006040425368660797,0.012724512591535576,NA,NA,NA
Moghreberia__rotated_lat_scaled,0.01494813141951454,-0.028328689045643403,0.038491635113280236,0.342521657570469,0.04900696314871311,0.7235747575759888
Moghreberia__map_scaled,-0.14168344646139303,-0.05713128860594528,0.028396085685166553,NA,NA,NA
Moghreberia__mat_scaled,0.3049173646559939,-0.02308675064894636,0.0899158879703108,NA,NA,NA
Moghreberia__wmmcmm_boxcox_scaled,-0.07451068979687989,-0.025501010500470243,0.0208439618304805,NA,NA,NA
Moghreberia__time,0.050888423670548945,-0.02731793414497097,0.043872927795728024,NA,NA,NA
Mojo__rotated_lat_scaled,-0.05403191515011713,-0.029119743681473215,0.026437004172756125,0.37379349398692285,0.226522047072649,0.49275155179202557
Mojo__map_scaled,-0.00884889779612422,-0.033034277176968885,0.03147644219121651,NA,NA,NA
Mojo__mat_scaled,0.23746468933532014,-0.03610963510477454,0.08395116159209953,NA,NA,NA
Mojo__wmmcmm_boxcox_scaled,-0.06320913585801463,-0.029015344229684437,0.01932331346160307,NA,NA,NA
Mojo__time,0.07445687937317416,-0.0340866727530752,0.06033257697729088,NA,NA,NA
Molybdopygus__rotated_lat_scaled,0.14462637092976366,-0.001908783843299206,0.038473455492860714,0.2342938187046093,0.11284196563065052,0.43835377506911755
Molybdopygus__map_scaled,0.0586086435476318,-0.04074817789841421,0.04883843646641251,NA,NA,NA
Molybdopygus__mat_scaled,0.04943817051593214,-0.05750621338196548,0.07544154429106278,NA,NA,NA
Molybdopygus__wmmcmm_boxcox_scaled,-0.23992912156507373,-0.057690816861714476,0.04178814426948942,NA,NA,NA
Molybdopygus__time,0.03358788119367091,-0.0035116809605828803,0.016978917875140685,NA,NA,NA
Morganucodon__rotated_lat_scaled,-0.05403191515011713,-0.029119743681473215,0.026437004172756125,0.37379349398692285,0.226522047072649,0.49275155179202557
Morganucodon__map_scaled,-0.00884889779612422,-0.033034277176968885,0.03147644219121651,NA,NA,NA
Morganucodon__mat_scaled,0.23746468933532014,-0.03610963510477454,0.08395116159209953,NA,NA,NA
Morganucodon__wmmcmm_boxcox_scaled,-0.06320913585801463,-0.029015344229684437,0.01932331346160307,NA,NA,NA
Morganucodon__time,0.07445687937317416,-0.0340866727530752,0.06033257697729088,NA,NA,NA
Mormosaurus__rotated_lat_scaled,0.1032262846435744,-0.005849460661761943,0.04332682294418464,0.4721195933247509,0.22148777544498444,1.188775897026062
Mormosaurus__map_scaled,0.22580417462105945,-0.03012435726817183,0.09718036402770794,NA,NA,NA
Mormosaurus__mat_scaled,-0.26203625824909027,-0.11034289186605634,0.026939355208622114,NA,NA,NA
Mormosaurus__wmmcmm_boxcox_scaled,0.13868405616376342,-0.0005992193585582845,0.0430839507051317,NA,NA,NA
Mormosaurus__time,-0.01771638309662246,-0.014449743791427867,0.010990005509319743,NA,NA,NA
Moschops__rotated_lat_scaled,-0.022397267070738476,-0.038585838615691516,0.02456192339195047,0.38085010432696437,0.2598148174583912,0.5155555219389498
Moschops__map_scaled,0.2523501035867587,-0.0026989879881241974,0.10088265167575783,NA,NA,NA
Moschops__mat_scaled,-0.13091978425047202,-0.08876288648551767,0.03274843846149228,NA,NA,NA
Moschops__wmmcmm_boxcox_scaled,0.10150972605056263,-0.004555374991289656,0.051825652835719264,NA,NA,NA
Moschops__time,-0.01258090423342633,-0.026762584865353222,0.011501832030046288,NA,NA,NA
Moschorhinus__rotated_lat_scaled,-0.13576899106847123,-0.04367448919764673,0.017490144763666223,0.37382734753598923,0.11362642794847488,0.58242267370224
Moschorhinus__map_scaled,-0.032665547051583414,-0.04765014653114396,0.046910061994760256,NA,NA,NA
Moschorhinus__mat_scaled,0.169957585146185,-0.05148955892656736,0.0857275453361747,NA,NA,NA
Moschorhinus__wmmcmm_boxcox_scaled,0.11280878987163305,-0.01714731664901928,0.04852986539195408,NA,NA,NA
Moschorhinus__time,0.0715336365555413,-0.0014041616415989358,0.022862880908410856,NA,NA,NA
Moschowhaitsia__rotated_lat_scaled,0.07218199051278083,-0.008002262843061365,0.05057527641466365,0.7137937472609337,0.41571486834436655,1.1955787055194378
Moschowhaitsia__map_scaled,0.06912653820898038,-0.01412712613172805,0.0780282024650616,NA,NA,NA
Moschowhaitsia__mat_scaled,-0.025465429723442283,-0.1387675721247771,0.028978570938815843,NA,NA,NA
Moschowhaitsia__wmmcmm_boxcox_scaled,0.059234321440387164,0.01030758786266206,0.04978835247470727,NA,NA,NA
Moschowhaitsia__time,0.012884453643978434,-0.010776299709071792,0.014150096101717764,NA,NA,NA
Muchia__rotated_lat_scaled,0.11845003412454388,-0.005964457511202325,0.0323119066437256,0.3668875339292572,0.21624460630118847,0.5146871730685234
Muchia__map_scaled,0.14743798380717635,-0.04896247053724508,0.08786524768780718,NA,NA,NA
Muchia__mat_scaled,-0.27852088955231014,-0.08697308844472249,0.033442237294685886,NA,NA,NA
Muchia__wmmcmm_boxcox_scaled,0.17451816947432236,-0.012536976773977066,0.05488572462885181,NA,NA,NA
Muchia__time,0.01704036199284019,-0.006928679678829279,0.013015382139895655,NA,NA,NA
Mucrotherium__rotated_lat_scaled,-0.05403191515011713,-0.029119743681473215,0.026437004172756125,0.37379349398692285,0.226522047072649,0.49275155179202557
Mucrotherium__map_scaled,-0.00884889779612422,-0.033034277176968885,0.03147644219121651,NA,NA,NA
Mucrotherium__mat_scaled,0.23746468933532014,-0.03610963510477454,0.08395116159209953,NA,NA,NA
Mucrotherium__wmmcmm_boxcox_scaled,-0.06320913585801463,-0.029015344229684437,0.01932331346160307,NA,NA,NA
Mucrotherium__time,0.07445687937317416,-0.0340866727530752,0.06033257697729088,NA,NA,NA
Mupashi__rotated_lat_scaled,-0.11313100563420449,-0.03917727250017307,0.02266957602348482,0.2742455289940699,0.13316725939512253,0.42260668985545635
Mupashi__map_scaled,0.2792762560676783,0.0017036522701198572,0.10452967259183767,NA,NA,NA
Mupashi__mat_scaled,-0.20750544583890587,-0.10666268247484034,0.01970651109303309,NA,NA,NA
Mupashi__wmmcmm_boxcox_scaled,0.12054986012168228,-0.0019175165918296883,0.052661564040946636,NA,NA,NA
Mupashi__time,0.00709399019513512,-0.01531185364925301,0.02195317464566391,NA,NA,NA
Mycterosaurus__rotated_lat_scaled,0.1583097727841232,-0.010503770327251315,0.06660170715656746,0.20324074448290047,0.024742454290390015,0.5070675909519196
Mycterosaurus__map_scaled,-0.004470958466408774,-0.03866270128155861,0.0429231971432827,NA,NA,NA
Mycterosaurus__mat_scaled,0.17338937966618687,-0.019081999731508266,0.08921521031153198,NA,NA,NA
Mycterosaurus__wmmcmm_boxcox_scaled,-0.34971272284630683,-0.0853706464230593,-0.00022096091878406516,NA,NA,NA
Mycterosaurus__time,0.03776339926262153,-0.007746555182598755,0.023001344702368042,NA,NA,NA
Myosauroides__rotated_lat_scaled,0.0086986590913218,-0.039950932074959256,0.030573896663681144,0.43912542691919954,0.25820067152380943,0.6207045651972294
Myosauroides__map_scaled,0.19815461374855348,-0.001387876143696332,0.09349218250217158,NA,NA,NA
Myosauroides__mat_scaled,-0.09250725257905533,-0.08899119528501293,0.03694883075620545,NA,NA,NA
Myosauroides__wmmcmm_boxcox_scaled,0.08006380945693657,-0.0028411607836622416,0.049893563728785346,NA,NA,NA
Myosauroides__time,-0.006447955635071976,-0.028194508658645506,0.010612024744122593,NA,NA,NA
Myosaurus__rotated_lat_scaled,-0.16144905207213014,-0.044148123304218356,0.005344435522259406,0.32699587778304706,0.17955186031758785,0.5455747884698212
Myosaurus__map_scaled,-0.005129069754621014,-0.04211525331288882,0.048819742159121104,NA,NA,NA
Myosaurus__mat_scaled,0.13536502899834887,-0.0509402295611296,0.09723567382279935,NA,NA,NA
Myosaurus__wmmcmm_boxcox_scaled,0.1099347799771931,-0.01995896216662731,0.052032832846028394,NA,NA,NA
Myosaurus__time,0.06031231655157171,-0.004203104601112175,0.018087814044757886,NA,NA,NA
Nanictidops__rotated_lat_scaled,0.0086986590913218,-0.039950932074959256,0.030573896663681144,0.43912542691919954,0.25820067152380943,0.6207045651972294
Nanictidops__map_scaled,0.19815461374855348,-0.001387876143696332,0.09349218250217158,NA,NA,NA
Nanictidops__mat_scaled,-0.09250725257905533,-0.08899119528501293,0.03694883075620545,NA,NA,NA
Nanictidops__wmmcmm_boxcox_scaled,0.08006380945693657,-0.0028411607836622416,0.049893563728785346,NA,NA,NA
Nanictidops__time,-0.006447955635071976,-0.028194508658645506,0.010612024744122593,NA,NA,NA
Nanictocephalus__rotated_lat_scaled,-0.11961488701053895,-0.048875464188054246,0.0008660124999753832,0.225831944485617,0.15959233045578003,0.29614328779280186
Nanictocephalus__map_scaled,0.24605558994575405,0.0002973204499603013,0.11952510296831492,NA,NA,NA
Nanictocephalus__mat_scaled,-0.16626921692164615,-0.08498624505677436,0.03456432954768635,NA,NA,NA
Nanictocephalus__wmmcmm_boxcox_scaled,0.09928924867184832,-0.004742900869118595,0.053177027413156816,NA,NA,NA
Nanictocephalus__time,-0.021590664282484795,-0.023058383281989357,0.013388025965832632,NA,NA,NA
Nanictosaurus__rotated_lat_scaled,-0.058616538304486314,-0.028036571587923876,0.017231525752664366,0.37237192773493005,0.21338479965925217,0.5646929109934717
Nanictosaurus__map_scaled,0.17229113776935265,-0.047278550447491643,0.077489674550616,NA,NA,NA
Nanictosaurus__mat_scaled,-0.03104296721285209,-0.06320993012759495,0.07530640015459167,NA,NA,NA
Nanictosaurus__wmmcmm_boxcox_scaled,0.09117155489977449,-0.004698442235433431,0.038348927141094155,NA,NA,NA
Nanictosaurus__time,0.010606866500456818,-0.01814217854753235,0.01314397079599991,NA,NA,NA
Nanocynodon__rotated_lat_scaled,0.10145378618013834,-0.006461797199178409,0.04105845861350278,0.43913418818721767,0.1999096236540936,0.8596198782324791
Nanocynodon__map_scaled,0.13652354851888296,-0.05304515195023129,0.07974209997023285,NA,NA,NA
Nanocynodon__mat_scaled,-0.1907999249022402,-0.09422524316091817,0.031282677867959664,NA,NA,NA
Nanocynodon__wmmcmm_boxcox_scaled,0.12402450902152802,-0.0036235962250054593,0.05567653948787644,NA,NA,NA
Nanocynodon__time,0.01675995526437542,-0.004009884410642934,0.013760722455394404,NA,NA,NA
Nanogomphodon__rotated_lat_scaled,0.0564751486601276,-0.009216804289384796,0.04788229329983095,1.4607246692149785,0.1716831773519516,4.019741759635508
Nanogomphodon__map_scaled,-0.004163606008502785,-0.07931354699300554,0.048098728744721576,NA,NA,NA
Nanogomphodon__mat_scaled,0.05019616478051712,-0.02629940255884604,0.04159858132751055,NA,NA,NA
Nanogomphodon__wmmcmm_boxcox_scaled,0.07637642993158383,-0.04314689907516941,0.07528225799509579,NA,NA,NA
Nanogomphodon__time,0.009077736718958767,-0.003389020029570469,0.008658637027807265,NA,NA,NA
Neosaurus__rotated_lat_scaled,0.17305157189257442,-0.008374984516794108,0.06334435312323879,0.2685138833238125,0.101568846963346,0.46641709189862013
Neosaurus__map_scaled,0.09875208301940802,-0.012876513013308132,0.05327571059475972,NA,NA,NA
Neosaurus__mat_scaled,0.16622896082699298,-0.0017717711985862298,0.07349584996109929,NA,NA,NA
Neosaurus__wmmcmm_boxcox_scaled,-0.38879541693022474,-0.11386773942862122,-0.00048447845948902196,NA,NA,NA
Neosaurus__time,0.03131481043237727,-0.02447466478866656,0.03188906317535736,NA,NA,NA
Niaftasuchus__rotated_lat_scaled,0.13655427008925472,-0.0042290335097313544,0.03354047609730485,0.2959886092273518,0.11272604577243328,0.4718723203986883
Niaftasuchus__map_scaled,0.11254664453212172,-0.036536828486306315,0.07114493458657294,NA,NA,NA
Niaftasuchus__mat_scaled,-0.10420735070481896,-0.06659608766677126,0.05624599081869758,NA,NA,NA
Niaftasuchus__wmmcmm_boxcox_scaled,-0.058696816880255936,-0.047643342018554594,0.04657573907900077,NA,NA,NA
Niaftasuchus__time,0.021829988108365797,-0.006360381264612718,0.014013357813389976,NA,NA,NA
Niassodon__rotated_lat_scaled,-0.11313100563420449,-0.03917727250017307,0.02266957602348482,0.2742455289940699,0.13316725939512253,0.42260668985545635
Niassodon__map_scaled,0.2792762560676783,0.0017036522701198572,0.10452967259183767,NA,NA,NA
Niassodon__mat_scaled,-0.20750544583890587,-0.10666268247484034,0.01970651109303309,NA,NA,NA
Niassodon__wmmcmm_boxcox_scaled,0.12054986012168228,-0.0019175165918296883,0.052661564040946636,NA,NA,NA
Niassodon__time,0.00709399019513512,-0.01531185364925301,0.02195317464566391,NA,NA,NA
Nikkasaurus__rotated_lat_scaled,0.13934852480888366,-0.005118735406739156,0.031699524596185254,0.2695213538018288,0.11865902133285999,0.4452173262834549
Nikkasaurus__map_scaled,0.12332794737536461,-0.02439679836676509,0.0888972824930291,NA,NA,NA
Nikkasaurus__mat_scaled,-0.06972110595554114,-0.07336308431355125,0.039452432634599,NA,NA,NA
Nikkasaurus__wmmcmm_boxcox_scaled,-0.1379229459166527,-0.05148037919177137,0.048576560409335744,NA,NA,NA
Nikkasaurus__time,0.026527059407089836,-0.007006675667149401,0.012894698261817033,NA,NA,NA
Nitosaurus__rotated_lat_scaled,0.1262411610642448,-0.008377221074526231,0.062247402964114185,0.16720534662948922,0.08787637948989868,0.2658768438268453
Nitosaurus__map_scaled,0.10267132150009274,-0.010366385201337869,0.05193603355014735,NA,NA,NA
Nitosaurus__mat_scaled,0.13477110411506146,-0.011266871664934168,0.060078816986551924,NA,NA,NA
Nitosaurus__wmmcmm_boxcox_scaled,-0.41132067259866745,-0.10087594769975933,0.013664082539149483,NA,NA,NA
Nitosaurus__time,0.026880558466073127,-0.030479247305418646,0.033594162355003176,NA,NA,NA
Niuksenitia__rotated_lat_scaled,0.1198995407205075,-0.006109239141390015,0.03328861551099422,0.36854533225035996,0.20767479576170444,0.5396510996797588
Niuksenitia__map_scaled,0.14556760454550385,-0.05016460623682145,0.0833996343138114,NA,NA,NA
Niuksenitia__mat_scaled,-0.2775181363814045,-0.0886215394622841,0.03283394622267886,NA,NA,NA
Niuksenitia__wmmcmm_boxcox_scaled,0.17321065138559788,-0.012740652019709264,0.0581895163201936,NA,NA,NA
Niuksenitia__time,0.01942379789747065,-0.0037296360857714166,0.01380878602728806,NA,NA,NA
Nochnitsa__rotated_lat_scaled,0.11561289629216456,-0.006066582925554412,0.03430252916279871,0.3837908984758542,0.17794516868889332,0.5748234074562788
Nochnitsa__map_scaled,0.14927984644797307,-0.049800822152949696,0.09327831546557168,NA,NA,NA
Nochnitsa__mat_scaled,-0.2630469249096512,-0.0884622704328942,0.02711838024314055,NA,NA,NA
Nochnitsa__wmmcmm_boxcox_scaled,0.16792542217867032,-0.009988682610509668,0.053004059629473,NA,NA,NA
Nochnitsa__time,0.018190634073527737,-0.007047314824068277,0.013817213893982173,NA,NA,NA
Notaelurodon__rotated_lat_scaled,0.006077418747889551,-0.031124821750565666,0.03520487653143981,0.43699352466035635,0.25820067152380943,0.6391715165227652
Notaelurodon__map_scaled,0.19318746769171638,-0.0007729236016890752,0.08813568546204074,NA,NA,NA
Notaelurodon__mat_scaled,-0.08839737349064625,-0.09310179259180286,0.0376865984036511,NA,NA,NA
Notaelurodon__wmmcmm_boxcox_scaled,0.08159779847224441,-0.0075897690271107725,0.04448164574681156,NA,NA,NA
Notaelurodon__time,-0.004503437338519569,-0.02877636597480787,0.01601169225102293,NA,NA,NA
Nothogomphodon__rotated_lat_scaled,0.058831905941627384,-0.02196666684982014,0.041678337684219,0.6233508592896396,0.14356142096221447,1.994112215936184
Nothogomphodon__map_scaled,0.047783919451940896,-0.015699655003454605,0.05984988416715692,NA,NA,NA
Nothogomphodon__mat_scaled,-0.02112314579036969,-0.07539686639927656,0.0479739762730968,NA,NA,NA
Nothogomphodon__wmmcmm_boxcox_scaled,0.0784009802257563,-0.04622175815626958,0.059858688009120364,NA,NA,NA
Nothogomphodon__time,0.024068214253729632,-0.0020807265371553703,0.01215961226137304,NA,NA,NA
Notosyodon__rotated_lat_scaled,0.1272056820220314,-0.00360574667640286,0.02949837160699099,0.32792703373852417,0.15899203345179558,0.48588911816477776
Notosyodon__map_scaled,0.13516566853038967,-0.028258080982710546,0.09096161882751821,NA,NA,NA
Notosyodon__mat_scaled,-0.17710877397097646,-0.07501391253429775,0.04704527632647495,NA,NA,NA
Notosyodon__wmmcmm_boxcox_scaled,0.03188249202910811,-0.04776078424080638,0.04380419990433595,NA,NA,NA
Notosyodon__time,0.022820091045286973,-0.006727148511758716,0.010211031729646025,NA,NA,NA
Nshimbodon__rotated_lat_scaled,-0.11313100563420449,-0.03917727250017307,0.02266957602348482,0.2742455289940699,0.13316725939512253,0.42260668985545635
Nshimbodon__map_scaled,0.2792762560676783,0.0017036522701198572,0.10452967259183767,NA,NA,NA
Nshimbodon__mat_scaled,-0.20750544583890587,-0.10666268247484034,0.01970651109303309,NA,NA,NA
Nshimbodon__wmmcmm_boxcox_scaled,0.12054986012168228,-0.0019175165918296883,0.052661564040946636,NA,NA,NA
Nshimbodon__time,0.00709399019513512,-0.01531185364925301,0.02195317464566391,NA,NA,NA
Nythosaurus__rotated_lat_scaled,-0.03752620210470647,-0.0369569630985512,0.02520652994938426,0.44616306264390004,0.209311299957335,0.6622219607234001
Nythosaurus__map_scaled,0.11246154822630285,-0.014594958621793004,0.062357810924745634,NA,NA,NA
Nythosaurus__mat_scaled,-0.07703532808036759,-0.07423173559027506,0.02253516731721316,NA,NA,NA
Nythosaurus__wmmcmm_boxcox_scaled,0.1267621341328956,-0.02788898806459598,0.08443926138652472,NA,NA,NA
Nythosaurus__time,0.0632997219085601,-0.0076930275707610156,0.026981728817098358,NA,NA,NA
Odontocyclops__rotated_lat_scaled,-0.11740276508498937,-0.03901582651650854,0.021645040671581812,0.2677101372100515,0.1251272726804018,0.40638165175914764
Odontocyclops__map_scaled,0.27865418056026103,0.001480555260647471,0.10530459027063734,NA,NA,NA
Odontocyclops__mat_scaled,-0.20787890671286732,-0.10674925794515734,0.019676435860741578,NA,NA,NA
Odontocyclops__wmmcmm_boxcox_scaled,0.12012354445643723,-0.0015422048693029323,0.053077152359444754,NA,NA,NA
Odontocyclops__time,0.0062522099085254015,-0.015538938875654905,0.021817279232560632,NA,NA,NA
Oedaleops__rotated_lat_scaled,0.1515998896304518,-0.009234861880650154,0.05962842167665778,0.1722147264407249,0.0845088871428743,0.31729706376791
Oedaleops__map_scaled,0.03836535683833062,-0.026621608825602185,0.0549953137358753,NA,NA,NA
Oedaleops__mat_scaled,0.1720050348364748,-0.00978090946174125,0.0684633398732485,NA,NA,NA
Oedaleops__wmmcmm_boxcox_scaled,-0.41209385603899135,-0.09982721980378045,0.00047821649228286053,NA,NA,NA
Oedaleops__time,0.034376427091774533,-0.015901072974202225,0.037955206616901674,NA,NA,NA
Oligokyphus__rotated_lat_scaled,-0.05403191515011713,-0.029119743681473215,0.026437004172756125,0.37379349398692285,0.226522047072649,0.49275155179202557
Oligokyphus__map_scaled,-0.00884889779612422,-0.033034277176968885,0.03147644219121651,NA,NA,NA
Oligokyphus__mat_scaled,0.23746468933532014,-0.03610963510477454,0.08395116159209953,NA,NA,NA
Oligokyphus__wmmcmm_boxcox_scaled,-0.06320913585801463,-0.029015344229684437,0.01932331346160307,NA,NA,NA
Oligokyphus__time,0.07445687937317416,-0.0340866727530752,0.06033257697729088,NA,NA,NA
Olivierosuchus__rotated_lat_scaled,-0.10134504917649532,-0.035283797522702026,0.015680922416203634,0.40023949265276315,0.18112445622682571,0.629067063331604
Olivierosuchus__map_scaled,-0.01002926644808801,-0.05038893415660874,0.05500094025745362,NA,NA,NA
Olivierosuchus__mat_scaled,0.12512262445479733,-0.06287732665927477,0.08426023544815506,NA,NA,NA
Olivierosuchus__wmmcmm_boxcox_scaled,0.11785035548031617,-0.009004429843074145,0.04770104322100178,NA,NA,NA
Olivierosuchus__time,0.056363209772154386,-0.003811184764316578,0.01887735705215203,NA,NA,NA
Ophiacodon__rotated_lat_scaled,0.13783466663837315,-0.007447301180198818,0.049596199526303064,0.29280352294721523,0.03337125852704048,0.518416621722281
Ophiacodon__map_scaled,0.028366263220086695,-0.026536970107669425,0.0525193141784248,NA,NA,NA
Ophiacodon__mat_scaled,0.13848040931858122,-0.03755507145546071,0.07488814088015601,NA,NA,NA
Ophiacodon__wmmcmm_boxcox_scaled,-0.23828588342061266,-0.08364346822011087,0.026871783448959144,NA,NA,NA
Ophiacodon__time,0.03844619310810231,-0.006182861982536427,0.017645060361123094,NA,NA,NA
Ophidostoma__rotated_lat_scaled,-0.11961488701053895,-0.048875464188054246,0.0008660124999753832,0.225831944485617,0.15959233045578003,0.29614328779280186
Ophidostoma__map_scaled,0.24605558994575405,0.0002973204499603013,0.11952510296831492,NA,NA,NA
Ophidostoma__mat_scaled,-0.16626921692164615,-0.08498624505677436,0.03456432954768635,NA,NA,NA
Ophidostoma__wmmcmm_boxcox_scaled,0.09928924867184832,-0.004742900869118595,0.053177027413156816,NA,NA,NA
Ophidostoma__time,-0.021590664282484795,-0.023058383281989357,0.013388025965832632,NA,NA,NA
Ordosiodon__rotated_lat_scaled,0.05203690733347722,-0.010900299023204081,0.04080817955582302,0.9065911130836138,0.08670328687549045,2.9327482022345066
Ordosiodon__map_scaled,0.020027096997902647,-0.04721190934763164,0.04967213078254637,NA,NA,NA
Ordosiodon__mat_scaled,0.022683631962876986,-0.06280958957427418,0.04855685847221388,NA,NA,NA
Ordosiodon__wmmcmm_boxcox_scaled,0.0794199969692904,-0.03749011420481527,0.07278685718550175,NA,NA,NA
Ordosiodon__time,0.013794240819137252,-0.0029537607960510785,0.009696472398881105,NA,NA,NA
Oromycter__rotated_lat_scaled,0.1385209384490736,-0.012525376953212942,0.06327643364431441,0.1431358362614992,0.06358828209340572,0.2327967220917344
Oromycter__map_scaled,0.0059017571317963305,-0.03364593634882318,0.04540987577337455,NA,NA,NA
Oromycter__mat_scaled,0.18462150381878017,-0.011533261825671427,0.08306175710376873,NA,NA,NA
Oromycter__wmmcmm_boxcox_scaled,-0.40452489006333053,-0.09265429594674772,0.00031110922741184386,NA,NA,NA
Oromycter__time,0.030654652842495123,-0.011006801871520987,0.0294613226460966,NA,NA,NA
Otsheria__rotated_lat_scaled,0.1499845612421632,0.0020319503994998007,0.039379498057672636,0.20732568188401274,0.10669978987425566,0.34772321581840515
Otsheria__map_scaled,0.05667508030310273,-0.02574094364070118,0.0520089349280616,NA,NA,NA
Otsheria__mat_scaled,0.09707053389545763,-0.04842976454029539,0.07670251698692138,NA,NA,NA
Otsheria__wmmcmm_boxcox_scaled,-0.31368501964956524,-0.08144421551925908,0.03431329012843847,NA,NA,NA
Otsheria__time,0.0293186520101699,-0.007782699645220411,0.01911625829387204,NA,NA,NA
Oudenodon_Temperate_S__rotated_lat_scaled,-0.23214268403127788,-0.044177031921969506,-0.008404267943213422,0.19187376023444813,0.06598812621086836,0.3179657571017742
Oudenodon_Temperate_S__map_scaled,0.011812509464798495,-0.046857276154153,0.06953936115309056,NA,NA,NA
Oudenodon_Temperate_S__mat_scaled,0.12489121624617837,-0.05507623347143347,0.10597056871122935,NA,NA,NA
Oudenodon_Temperate_S__wmmcmm_boxcox_scaled,0.08824201442301273,-0.006530448705394242,0.03696223440227943,NA,NA,NA
Oudenodon_Temperate_S__time,0.011108830049051903,-0.008724682693026035,0.017452602071580187,NA,NA,NA
Pachydectes__rotated_lat_scaled,0.11394516564076833,-0.009493926783589818,0.04740866879743424,0.5208860877585539,0.18284125125501305,0.8836289872415364
Pachydectes__map_scaled,0.19756490725469833,-0.03134927148539014,0.09099426307566715,NA,NA,NA
Pachydectes__mat_scaled,-0.23990982128134067,-0.10844520058113191,0.02614167563827457,NA,NA,NA
Pachydectes__wmmcmm_boxcox_scaled,0.1305130390324574,7.016262347349063e-05,0.04543789218347977,NA,NA,NA
Pachydectes__time,-0.014151416563898834,-0.012147436719337875,0.011537998700110401,NA,NA,NA
Palemydops__rotated_lat_scaled,-0.08910894956439734,-0.03410830785757389,0.015885211013933368,0.2796924614121963,0.21663454174995422,0.3712823912501335
Palemydops__map_scaled,0.22816557555284817,-0.004794429034480924,0.10689606476418713,NA,NA,NA
Palemydops__mat_scaled,-0.12832767715502996,-0.09447254931522371,0.035592785659550326,NA,NA,NA
Palemydops__wmmcmm_boxcox_scaled,0.0966652371834789,-0.0044066863663403105,0.05044553344431414,NA,NA,NA
Palemydops__time,-0.015663598687388,-0.023583700372357425,0.012700903512981159,NA,NA,NA
Pampaphoneus__rotated_lat_scaled,-0.10303925347881887,-0.024251516040917902,0.010782984130715828,0.16828116819011485,0.020993078127503395,0.362120158970356
Pampaphoneus__map_scaled,0.265764785609208,-0.01128190422756868,0.11158587554414959,NA,NA,NA
Pampaphoneus__mat_scaled,-0.29440855864435433,-0.08988361796285277,0.040013482165736566,NA,NA,NA
Pampaphoneus__wmmcmm_boxcox_scaled,0.10241980665829033,-0.029520093294265835,0.04512882275258751,NA,NA,NA
Pampaphoneus__time,0.009582513963105157,-0.00642854142037107,0.01400933380177662,NA,NA,NA
Panchetocynodon__rotated_lat_scaled,-0.1033136455279187,-0.05352293819853659,0.01855129364110567,0.43765373504094895,0.034880124032497406,1.253363385796547
Panchetocynodon__map_scaled,-0.06384062848802505,-0.08535473494023292,0.031430818338632545,NA,NA,NA
Panchetocynodon__mat_scaled,0.25101751176664683,-0.007947770768667744,0.10982598383628939,NA,NA,NA
Panchetocynodon__wmmcmm_boxcox_scaled,0.07549461862027432,-0.012244600444671606,0.0427652457622269,NA,NA,NA
Panchetocynodon__time,0.02860401771170711,-0.0022956285938673933,0.01894715681671164,NA,NA,NA
Parabradysaurus__rotated_lat_scaled,0.15825489100068807,0.0014180214122486699,0.04699207013332669,0.20543223880697042,0.11251494102180004,0.30492065846920013
Parabradysaurus__map_scaled,0.0458920311066322,-0.028621647288081288,0.04091978503737073,NA,NA,NA
Parabradysaurus__mat_scaled,0.1369896048097871,-0.028565056271529454,0.08078304234045089,NA,NA,NA
Parabradysaurus__wmmcmm_boxcox_scaled,-0.35999918757006527,-0.09963683692809253,0.031206028490363254,NA,NA,NA
Parabradysaurus__time,0.036333025377243755,-0.005960153870521656,0.021619572393454585,NA,NA,NA
Paraburnetia__rotated_lat_scaled,-0.11961488701053895,-0.048875464188054246,0.0008660124999753832,0.225831944485617,0.15959233045578003,0.29614328779280186
Paraburnetia__map_scaled,0.24605558994575405,0.0002973204499603013,0.11952510296831492,NA,NA,NA
Paraburnetia__mat_scaled,-0.16626921692164615,-0.08498624505677436,0.03456432954768635,NA,NA,NA
Paraburnetia__wmmcmm_boxcox_scaled,0.09928924867184832,-0.004742900869118595,0.053177027413156816,NA,NA,NA
Paraburnetia__time,-0.021590664282484795,-0.023058383281989357,0.013388025965832632,NA,NA,NA
Paragalerhinus__rotated_lat_scaled,0.0086986590913218,-0.039950932074959256,0.030573896663681144,0.43912542691919954,0.25820067152380943,0.6207045651972294
Paragalerhinus__map_scaled,0.19815461374855348,-0.001387876143696332,0.09349218250217158,NA,NA,NA
Paragalerhinus__mat_scaled,-0.09250725257905533,-0.08899119528501293,0.03694883075620545,NA,NA,NA
Paragalerhinus__wmmcmm_boxcox_scaled,0.08006380945693657,-0.0028411607836622416,0.049893563728785346,NA,NA,NA
Paragalerhinus__time,-0.006447955635071976,-0.028194508658645506,0.010612024744122593,NA,NA,NA
Parakannemeyeria_Temperate_N__rotated_lat_scaled,0.05684100065928362,-0.005736488928858086,0.03545309240417246,0.9805394259601599,0.1496875286102295,2.661559373140335
Parakannemeyeria_Temperate_N__map_scaled,-0.007699923030319412,-0.07198872811907747,0.05581592280427908,NA,NA,NA
Parakannemeyeria_Temperate_N__mat_scaled,0.04512358774726453,-0.03897755078392362,0.0515891771223038,NA,NA,NA
Parakannemeyeria_Temperate_N__wmmcmm_boxcox_scaled,0.08056325480547408,-0.038597583357287295,0.06938483039231062,NA,NA,NA
Parakannemeyeria_Temperate_N__time,0.013133953900981708,-0.006065321756829775,0.009277475671900166,NA,NA,NA
Parasuminia__rotated_lat_scaled,0.10703027288201357,-0.004161352123677421,0.04056224337049246,0.40401408469100714,0.18417449668049812,0.7774264812469482
Parasuminia__map_scaled,0.14002277918236783,-0.05071609878847379,0.08300359584078823,NA,NA,NA
Parasuminia__mat_scaled,-0.22312093208991607,-0.08657272189220082,0.026612527908686314,NA,NA,NA
Parasuminia__wmmcmm_boxcox_scaled,0.1484307072669849,-0.012151772886766797,0.057598117298780685,NA,NA,NA
Parasuminia__time,0.01559904684123426,-0.007763727254857446,0.013744013976218416,NA,NA,NA
Paratraversodon__rotated_lat_scaled,-0.1393590206746012,-0.036385563716422625,0.01519271451079027,0.10292205661069602,0.02599490061402321,0.17351623997092247
Paratraversodon__map_scaled,-0.6373452983098105,-0.1138269151912895,0.016937176566567097,NA,NA,NA
Paratraversodon__mat_scaled,0.3862351482338272,-0.006523439935928862,0.11381672557151244,NA,NA,NA
Paratraversodon__wmmcmm_boxcox_scaled,0.23418824506457894,-0.002101926841132668,0.05917136029465233,NA,NA,NA
Paratraversodon__time,0.07124110821401701,-0.0025278272612026,0.016402521451443997,NA,NA,NA
Pardosuchus__rotated_lat_scaled,0.015858577747130766,-0.017292229066111452,0.021155080556052214,0.2176952769816853,0.12480953335762024,0.29704922158271074
Pardosuchus__map_scaled,0.3367161817662418,-0.024092951237151414,0.11550071005947589,NA,NA,NA
Pardosuchus__mat_scaled,-0.49273656323552134,-0.1059553895026591,0.023855121140229665,NA,NA,NA
Pardosuchus__wmmcmm_boxcox_scaled,0.20838412334793247,-9.321735323448986e-05,0.0503647835571153,NA,NA,NA
Pardosuchus__time,-0.03848891672678292,-0.013931885786819804,0.010644803082093056,NA,NA,NA
Pascualgnathus__rotated_lat_scaled,-0.08213441231055185,-0.020813820106252073,0.009303846885862431,0.10165620647574541,0.013092488050460815,0.19210189767181873
Pascualgnathus__map_scaled,-0.7828004688024521,-0.12820677446830575,-0.005930761165348826,NA,NA,NA
Pascualgnathus__mat_scaled,0.4650409122370183,-0.010036880314843585,0.12942782007850745,NA,NA,NA
Pascualgnathus__wmmcmm_boxcox_scaled,0.19537106214324013,-0.0017297118415798825,0.05600237257819033,NA,NA,NA
Pascualgnathus__time,0.11821723912580637,-0.0005784862149949564,0.03271722001775473,NA,NA,NA
Patranomodon__rotated_lat_scaled,0.10950494425371289,-0.00916867706725247,0.03101137643800764,0.32661708590370836,0.03494070656597614,0.7226809160783887
Patranomodon__map_scaled,0.2103463849586842,-0.019255352635915476,0.08127667076950891,NA,NA,NA
Patranomodon__mat_scaled,-0.16900508977472783,-0.09097553918655576,0.05255122954521666,NA,NA,NA
Patranomodon__wmmcmm_boxcox_scaled,0.01676104020792991,-0.031921038566143776,0.04597130353200849,NA,NA,NA
Patranomodon__time,-0.02895206782457535,-0.010045065490108777,0.010709918110224424,NA,NA,NA
Pelanomodon__rotated_lat_scaled,-0.11080037452222313,-0.0363673647467521,0.02243056733819353,0.35699703109334224,0.18726851791143417,0.5501816216856241
Pelanomodon__map_scaled,0.05467346111196093,-0.052186541359478644,0.06387160721433267,NA,NA,NA
Pelanomodon__mat_scaled,0.10296739668119699,-0.0568144119213959,0.0915533397188728,NA,NA,NA
Pelanomodon__wmmcmm_boxcox_scaled,0.0939844119863119,-0.005458429231361898,0.02750545604135821,NA,NA,NA
Pelanomodon__time,0.028210261753411032,-0.010538925686987721,0.0161595280822089,NA,NA,NA
Pelictosuchus__rotated_lat_scaled,-0.0180850364507289,-0.04011727307760604,0.0224140589764433,0.43575430299388246,0.2471709493547678,0.6391715165227652
Pelictosuchus__map_scaled,0.14628603221411496,-0.03596625023331881,0.07247449229203573,NA,NA,NA
Pelictosuchus__mat_scaled,-0.022926636293770182,-0.06453138654414328,0.0730106706680159,NA,NA,NA
Pelictosuchus__wmmcmm_boxcox_scaled,0.07292215990575077,-0.0018996288910264358,0.036577518798589406,NA,NA,NA
Pelictosuchus__time,0.00976535470731791,-0.01885113419988171,0.01704375765988179,NA,NA,NA
Pentasauropus_Temperate_S__rotated_lat_scaled,-0.04005697286159781,-0.019787649652924667,0.011549748636541185,0.42066589440088137,0.03339915722608566,1.1992845460772514
Pentasauropus_Temperate_S__map_scaled,-0.28223224676884384,-0.08295368637140163,0.006799753174232914,NA,NA,NA
Pentasauropus_Temperate_S__mat_scaled,0.347700742348564,-0.015833640335516052,0.09779112696024386,NA,NA,NA
Pentasauropus_Temperate_S__wmmcmm_boxcox_scaled,-0.00988175091930798,-0.018340486733811848,0.030337553769549365,NA,NA,NA
Pentasauropus_Temperate_S__time,0.17243210228387013,-0.024450209852322064,0.0750423158543988,NA,NA,NA
Pentasauropus_Tropical_N__rotated_lat_scaled,0.08802969813812524,-0.012347728027244065,0.04530958032958464,0.17128539123106748,0.04162658751010895,0.40180517733097076
Pentasauropus_Tropical_N__map_scaled,-0.4757980159623548,-0.08378738436126845,0.0067837952237375845,NA,NA,NA
Pentasauropus_Tropical_N__mat_scaled,0.3246145823597908,-0.02645179124869376,0.09685824295324631,NA,NA,NA
Pentasauropus_Tropical_N__wmmcmm_boxcox_scaled,-0.022201238314155488,-0.024024097918178736,0.02864795698638905,NA,NA,NA
Pentasauropus_Tropical_N__time,0.06867849092697725,-0.014754671390591258,0.04392092290200854,NA,NA,NA
Pentasaurus__rotated_lat_scaled,-0.03439662524376211,-0.018590663327804045,0.009544143463082869,0.3882272984017618,0.007339606061577797,1.2335419757291675
Pentasaurus__map_scaled,-0.3727556374509892,-0.08388477129802326,0.020592996907281495,NA,NA,NA
Pentasaurus__mat_scaled,0.39690459814702334,-0.015716370772712207,0.08879620117143368,NA,NA,NA
Pentasaurus__wmmcmm_boxcox_scaled,-0.0022409855957399244,-0.024504378265744513,0.024304877533451542,NA,NA,NA
Pentasaurus__time,0.20045052422615245,-0.01866948928169224,0.07828227931971653,NA,NA,NA
Peramodon__rotated_lat_scaled,0.07641905638548789,-0.00019405858703279942,0.04615760576147377,0.6588619211773039,0.2815050892531872,1.093286031857133
Peramodon__map_scaled,0.07316786343294665,-0.03391907884996857,0.07512280894125914,NA,NA,NA
Peramodon__mat_scaled,-0.04085439074611514,-0.12887536811348582,0.03754938710535508,NA,NA,NA
Peramodon__wmmcmm_boxcox_scaled,0.06652942079544483,0.010353927885933893,0.048723052339127396,NA,NA,NA
Peramodon__time,0.012699924214920286,-0.008731095281422957,0.013967644247750757,NA,NA,NA
Perplexisaurus__rotated_lat_scaled,0.08952506481707574,-0.006580844377376214,0.04526078180610561,0.4946091840855661,0.17916742339730263,0.9791530054062605
Perplexisaurus__map_scaled,0.09573840931060881,-0.054168058812974984,0.08041520821871359,NA,NA,NA
Perplexisaurus__mat_scaled,-0.1275111570927215,-0.09127527874222495,0.027556520910948918,NA,NA,NA
Perplexisaurus__wmmcmm_boxcox_scaled,0.11569630913277437,-0.002395557602938311,0.05350475100629571,NA,NA,NA
Perplexisaurus__time,0.01451324791494712,-0.006945933410461797,0.01478323645290229,NA,NA,NA
Phocosaurus__rotated_lat_scaled,0.015071163946995512,-0.016839156460174892,0.022429330102964513,0.22628074186621233,0.12480953335762024,0.3369188979268074
Phocosaurus__map_scaled,0.3404471013508737,-0.02835830365763087,0.10911474206978715,NA,NA,NA
Phocosaurus__mat_scaled,-0.4906985644809902,-0.10251058053319345,0.025292004220108997,NA,NA,NA
Phocosaurus__wmmcmm_boxcox_scaled,0.20877220762544313,-9.077497122653764e-05,0.053398442656542824,NA,NA,NA
Phocosaurus__time,-0.035273040658794344,-0.013566857323750502,0.011285979345562644,NA,NA,NA
Phreatophasma__rotated_lat_scaled,0.17885346294380725,0.0013925011999114968,0.06026379180817604,0.21459126601315803,0.02381349913775921,0.476544126868248
Phreatophasma__map_scaled,-0.022098415987566112,-0.04038254483512321,0.050096732250479635,NA,NA,NA
Phreatophasma__mat_scaled,0.16555824962095358,-0.017768387889885925,0.08936802286043001,NA,NA,NA
Phreatophasma__wmmcmm_boxcox_scaled,-0.34222663700580597,-0.09696780861264435,-0.00529540339248592,NA,NA,NA
Phreatophasma__time,0.046542732359084765,-0.007639432808234253,0.027087354868366373,NA,NA,NA
Phthinosaurus__rotated_lat_scaled,0.1471939140278846,-0.0024519787083094767,0.03507817454864865,0.265455568418256,0.11434076726436615,0.4858451560139656
Phthinosaurus__map_scaled,0.05018030556384474,-0.03267851726266759,0.05359905017034707,NA,NA,NA
Phthinosaurus__mat_scaled,0.052483595930971204,-0.06111029826981664,0.06859205850798136,NA,NA,NA
Phthinosaurus__wmmcmm_boxcox_scaled,-0.2013311464525759,-0.061373328906708824,0.04944228523069343,NA,NA,NA
Phthinosaurus__time,0.028967025265446863,-0.003751549798473713,0.014808929937295594,NA,NA,NA
Placerias__rotated_lat_scaled,0.12650480085213217,-0.011237220766061616,0.05312564836395779,0.4046172298694728,0.06189034506678581,0.9725862443447113
Placerias__map_scaled,-0.16889445285993268,-0.061121729123294624,0.02192045727357566,NA,NA,NA
Placerias__mat_scaled,0.2852630821745838,-0.015643947802432726,0.0930940638646372,NA,NA,NA
Placerias__wmmcmm_boxcox_scaled,-0.0995442302908107,-0.036762211807580415,0.013144779507823183,NA,NA,NA
Placerias__time,0.04463267420671201,-0.03660056344660687,0.04023554938497229,NA,NA,NA
Planitorostris__rotated_lat_scaled,0.05229622494774338,-0.015369121194781366,0.04250652554289733,1.0523560252483002,0.18618142791092396,2.143558233976364
Planitorostris__map_scaled,-0.01938877253123638,-0.0968396181151449,0.0405785612366933,NA,NA,NA
Planitorostris__mat_scaled,0.058993425581222086,-0.03099297928995031,0.05592365053531005,NA,NA,NA
Planitorostris__wmmcmm_boxcox_scaled,0.08555023087197038,-0.008936931021576344,0.0698390104545375,NA,NA,NA
Planitorostris__time,0.010510765212985055,-0.009227023324523338,0.012672750625527956,NA,NA,NA
Platycraniellus__rotated_lat_scaled,-0.1723956841576728,-0.03960965976510416,0.009000849620908758,0.3319851699200808,0.17239695601165295,0.5341313406825066
Platycraniellus__map_scaled,-0.03337392523069866,-0.05028470629160849,0.04852077744986969,NA,NA,NA
Platycraniellus__mat_scaled,0.16370149164577014,-0.04864246443649022,0.09393405111404865,NA,NA,NA
Platycraniellus__wmmcmm_boxcox_scaled,0.12756979149475228,-0.01790716437111054,0.04805750392960418,NA,NA,NA
Platycraniellus__time,0.05852162208524533,-0.004921678081662852,0.022007316280534848,NA,NA,NA
Platycyclops__rotated_lat_scaled,0.0086986590913218,-0.039950932074959256,0.030573896663681144,0.43912542691919954,0.25820067152380943,0.6207045651972294
Platycyclops__map_scaled,0.19815461374855348,-0.001387876143696332,0.09349218250217158,NA,NA,NA
Platycyclops__mat_scaled,-0.09250725257905533,-0.08899119528501293,0.03694883075620545,NA,NA,NA
Platycyclops__wmmcmm_boxcox_scaled,0.08006380945693657,-0.0028411607836622416,0.049893563728785346,NA,NA,NA
Platycyclops__time,-0.006447955635071976,-0.028194508658645506,0.010612024744122593,NA,NA,NA
Platypodosaurus__rotated_lat_scaled,-0.08120181715348736,-0.04110996332754872,0.023330579492196094,0.3147640568965289,0.16831600852310658,0.5133346464717761
Platypodosaurus__map_scaled,0.28071843904443083,0.003598097474974964,0.10519324937734947,NA,NA,NA
Platypodosaurus__mat_scaled,-0.20684416333213448,-0.10510150247684348,0.022012619442239204,NA,NA,NA
Platypodosaurus__wmmcmm_boxcox_scaled,0.12162534799426794,-0.00460214360599922,0.051172503312592675,NA,NA,NA
Platypodosaurus__time,0.012504376260767457,-0.014150161010559808,0.01981154677058867,NA,NA,NA
Plinthogomphodon__rotated_lat_scaled,0.1097816094616428,-0.015795623458584665,0.051624330660696285,0.22745265238394496,0.005842925398610532,0.47920168936252594
Plinthogomphodon__map_scaled,-0.46838767861481756,-0.07852221617113614,0.023557033522074215,NA,NA,NA
Plinthogomphodon__mat_scaled,0.34770382882445117,-0.019027996348357456,0.09456443189609717,NA,NA,NA
Plinthogomphodon__wmmcmm_boxcox_scaled,-0.009529269454069435,-0.023251759853966193,0.028077125585717327,NA,NA,NA
Plinthogomphodon__time,0.059922288084053435,-0.024768077113931808,0.023697576730381125,NA,NA,NA
Polonodon__rotated_lat_scaled,0.08446786583864353,-0.01770460423579895,0.04506995248622472,0.48007038599287627,0.025866687297821045,1.7088331654667854
Polonodon__map_scaled,-0.36647220361877575,-0.11431897911130777,0.011624156011321742,NA,NA,NA
Polonodon__mat_scaled,0.23565494957060262,-0.022929306565749877,0.09668646305187513,NA,NA,NA
Polonodon__wmmcmm_boxcox_scaled,0.1833417580469723,-0.0032236738362138124,0.0543095789666889,NA,NA,NA
Polonodon__time,0.050969504245241826,-0.003189109196905855,0.013830347878855658,NA,NA,NA
Polycynodon__rotated_lat_scaled,-0.11961488701053895,-0.048875464188054246,0.0008660124999753832,0.225831944485617,0.15959233045578003,0.29614328779280186
Polycynodon__map_scaled,0.24605558994575405,0.0002973204499603013,0.11952510296831492,NA,NA,NA
Polycynodon__mat_scaled,-0.16626921692164615,-0.08498624505677436,0.03456432954768635,NA,NA,NA
Polycynodon__wmmcmm_boxcox_scaled,0.09928924867184832,-0.004742900869118595,0.053177027413156816,NA,NA,NA
Polycynodon__time,-0.021590664282484795,-0.023058383281989357,0.013388025965832632,NA,NA,NA
Porosteognathus__rotated_lat_scaled,0.12456703057512641,-0.005296260290795778,0.03431202765134476,0.3705539853067603,0.1029519634321332,0.742310181260109
Porosteognathus__map_scaled,0.1411869635991752,-0.04457994417883327,0.07551125698869651,NA,NA,NA
Porosteognathus__mat_scaled,-0.2211644766293466,-0.07526538748957921,0.039939440291109976,NA,NA,NA
Porosteognathus__wmmcmm_boxcox_scaled,0.11697745026554912,-0.032192825388206954,0.05227724784783565,NA,NA,NA
Porosteognathus__time,0.021025143413571642,-0.004031255598561045,0.019480525615979242,NA,NA,NA
Pravoslavlevia__rotated_lat_scaled,0.09061962148339431,-0.006454503761916999,0.04221053603427321,0.5031717266782653,0.17811897583305836,1.037833770737052
Pravoslavlevia__map_scaled,0.11726892362281989,-0.05299966692693236,0.07919243906424274,NA,NA,NA
Pravoslavlevia__mat_scaled,-0.12843449922563022,-0.09362999984250762,0.031177598161812477,NA,NA,NA
Pravoslavlevia__wmmcmm_boxcox_scaled,0.09409300436993831,-0.004341085353008609,0.0552540759114762,NA,NA,NA
Pravoslavlevia__time,0.014414823832162194,-0.00394041706161068,0.0136858492231615,NA,NA,NA
Pristerodon_Temperate_S__rotated_lat_scaled,-0.1948064701166004,-0.044517557761201025,-0.003416720670988732,0.12418829081849253,0.05425487458705902,0.24048537388443947
Pristerodon_Temperate_S__map_scaled,0.2479820275120437,-0.003916092420455053,0.12201010093597044,NA,NA,NA
Pristerodon_Temperate_S__mat_scaled,-0.20262068098374583,-0.09503054466901356,0.02872611513883443,NA,NA,NA
Pristerodon_Temperate_S__wmmcmm_boxcox_scaled,0.10382499666651711,-0.0015442574585525426,0.0542132915705011,NA,NA,NA
Pristerodon_Temperate_S__time,-0.01815345634240657,-0.016357220636754072,0.019987711420648882,NA,NA,NA
Pristerognathoides__rotated_lat_scaled,-0.017994511682991286,-0.026397602439250992,0.02208668430890968,0.3522636847295507,0.155406947247684,0.5167548283934593
Pristerognathoides__map_scaled,0.26847380134742704,-0.003468789639078446,0.1120350960953644,NA,NA,NA
Pristerognathoides__mat_scaled,-0.1938614638079889,-0.10466980007506531,0.03383283122534102,NA,NA,NA
Pristerognathoides__wmmcmm_boxcox_scaled,0.12769004590518307,-0.004750377403655553,0.044584679383908206,NA,NA,NA
Pristerognathoides__time,-0.020006061114763725,-0.022079103388925946,0.008981207381442837,NA,NA,NA
Pristerognathus__rotated_lat_scaled,0.0019816878333222122,-0.016900844540621414,0.023050578179233446,0.25072359208541456,0.12480953335762024,0.40114670619368553
Pristerognathus__map_scaled,0.31494462801143525,-0.022180829627395024,0.10490994460031286,NA,NA,NA
Pristerognathus__mat_scaled,-0.4076450260542333,-0.10794771971994667,0.02599254270675117,NA,NA,NA
Pristerognathus__wmmcmm_boxcox_scaled,0.18528074931993616,-0.002065418962368188,0.05487747389037132,NA,NA,NA
Pristerognathus__time,-0.03180032110773027,-0.012270860095644962,0.012689959018297342,NA,NA,NA
Pristerosaurus__rotated_lat_scaled,0.013773605773458257,-0.017292229066111452,0.021155080556052214,0.21301807687850668,0.12480953335762024,0.294700026512146
Pristerosaurus__map_scaled,0.3397179607860744,-0.024092951237151414,0.11550071005947589,NA,NA,NA
Pristerosaurus__mat_scaled,-0.4994409999251366,-0.1059553895026591,0.023855121140229665,NA,NA,NA
Pristerosaurus__wmmcmm_boxcox_scaled,0.2098848770337645,-9.321735323448986e-05,0.0503647835571153,NA,NA,NA
Pristerosaurus__time,-0.03887924087233841,-0.013931885786819804,0.010644803082093056,NA,NA,NA
Probainognathus__rotated_lat_scaled,-0.0501465178525541,-0.01739661124241583,0.017568424652017692,0.101575609804122,0.03378271497786045,0.15248762164264917
Probainognathus__map_scaled,-0.8103798837866634,-0.13118319821497468,-0.012721025568305054,NA,NA,NA
Probainognathus__mat_scaled,0.49821057259803636,-0.009032260854608449,0.13636145059064458,NA,NA,NA
Probainognathus__wmmcmm_boxcox_scaled,0.17399987497134134,-0.002782899954238983,0.047525253585710164,NA,NA,NA
Probainognathus__time,0.10192968979127727,-0.0009707026797383341,0.03278639513489875,NA,NA,NA
Proburnetia__rotated_lat_scaled,0.11752774478285573,-0.005719832626877963,0.035023975072385694,0.36453126120817614,0.23584572970867157,0.506060472689569
Proburnetia__map_scaled,0.14533825350925325,-0.04903954482947567,0.08520747310310874,NA,NA,NA
Proburnetia__mat_scaled,-0.2805637420807034,-0.0871099971660642,0.027688730155480425,NA,NA,NA
Proburnetia__wmmcmm_boxcox_scaled,0.17609261659206824,-0.012556711860890841,0.059492504494593514,NA,NA,NA
Proburnetia__time,0.018174514322017787,-0.006939586462667566,0.014107815569397775,NA,NA,NA
Procynosuchus_Temperate_N__rotated_lat_scaled,0.07049098406157174,-0.0005023339531966046,0.056894937574864295,0.6640226233645808,0.37719399109482765,1.1042505577206612
Procynosuchus_Temperate_N__map_scaled,0.07414252816789865,-0.03894999700288702,0.06922604830618319,NA,NA,NA
Procynosuchus_Temperate_N__mat_scaled,-0.032209017714820966,-0.11997683398865588,0.0361155597220188,NA,NA,NA
Procynosuchus_Temperate_N__wmmcmm_boxcox_scaled,0.06150420424326348,0.00964319388250458,0.04623380176091027,NA,NA,NA
Procynosuchus_Temperate_N__time,0.014033175324771621,-0.011579701883741333,0.013050151030989571,NA,NA,NA
Procynosuchus_Temperate_S__rotated_lat_scaled,-0.23691978015005588,-0.05492818105995127,-0.004976857826435035,0.2722707599148271,0.11056371033191681,0.43568309117108583
Procynosuchus_Temperate_S__map_scaled,-0.10497677038423717,-0.07002034130356641,0.044314732918872175,NA,NA,NA
Procynosuchus_Temperate_S__mat_scaled,0.3037708551296964,-0.021051180616701793,0.11809812815463612,NA,NA,NA
Procynosuchus_Temperate_S__wmmcmm_boxcox_scaled,0.07063774304493563,-0.013033201235176125,0.04372686614467114,NA,NA,NA
Procynosuchus_Temperate_S__time,0.05179683819180354,-0.0023327687305806587,0.020357629003221717,NA,NA,NA
Prodicynodon__rotated_lat_scaled,-0.06642979178286623,-0.039082838397018906,0.02014505742673305,0.3166992049301916,0.22144482843577862,0.39451530994847417
Prodicynodon__map_scaled,0.24657826458802445,-0.004727260076544304,0.09954981943958341,NA,NA,NA
Prodicynodon__mat_scaled,-0.1414220974361524,-0.09183471063475875,0.036556565483918245,NA,NA,NA
Prodicynodon__wmmcmm_boxcox_scaled,0.10405871547292918,0.001210449573023372,0.05138616584224112,NA,NA,NA
Prodicynodon__time,-0.014047759994427906,-0.02693131341067766,0.013882890202490306,NA,NA,NA
Progalesaurus__rotated_lat_scaled,-0.16091095530427993,-0.05453475932165572,0.005432097082389485,0.36671259290829766,0.10165760666131973,0.6115093901753426
Progalesaurus__map_scaled,-0.12400382675288711,-0.06712167035695965,0.04468127281359764,NA,NA,NA
Progalesaurus__mat_scaled,0.3282214069063775,-0.02402919165478508,0.11430173158834256,NA,NA,NA
Progalesaurus__wmmcmm_boxcox_scaled,0.07112877948209644,-0.015081118241835662,0.03956225557810126,NA,NA,NA
Progalesaurus__time,0.06431531449430622,-0.0005989333707401501,0.017543141332535185,NA,NA,NA
Promoschorhynchus__rotated_lat_scaled,-0.06944484071612532,-0.04785794512274672,0.015875387593883836,0.3759850089811516,0.1166037917137146,0.5715000107884407
Promoschorhynchus__map_scaled,0.08790433421283061,-0.04477959565425524,0.061930530454843855,NA,NA,NA
Promoschorhynchus__mat_scaled,0.0635528288922558,-0.04679707951907616,0.09664337902101844,NA,NA,NA
Promoschorhynchus__wmmcmm_boxcox_scaled,0.09228341233103633,-0.013754620040330484,0.033212156860578296,NA,NA,NA
Promoschorhynchus__time,0.01366613936268708,-0.008176432609567639,0.013859044464641694,NA,NA,NA
Prosictodon__rotated_lat_scaled,0.15720222400895026,-0.005822157295707068,0.04220610134561273,0.39862356637488117,0.036803364753723145,1.0339139103889465
Prosictodon__map_scaled,0.16790393561489003,-0.022844689319533935,0.07140651923293312,NA,NA,NA
Prosictodon__mat_scaled,-0.11572208812365103,-0.08248444142719132,0.05910001502531476,NA,NA,NA
Prosictodon__wmmcmm_boxcox_scaled,0.0019012985749649737,-0.03956930491406102,0.038394631493785476,NA,NA,NA
Prosictodon__time,-0.023323495992469696,-0.010645079989482909,0.010413231297320032,NA,NA,NA
Protheriodon__rotated_lat_scaled,-0.24477196517400443,-0.042949495721753606,0.001401531557580322,0.08653304436593316,0.014850948005914688,0.15930082090198994
Protheriodon__map_scaled,-0.4144598687707912,-0.10285447333593435,0.0033964896055142225,NA,NA,NA
Protheriodon__mat_scaled,0.2604714800743386,-0.005744162323059326,0.12421509268485513,NA,NA,NA
Protheriodon__wmmcmm_boxcox_scaled,0.24498510477133095,-0.009959491112781502,0.08068166027762332,NA,NA,NA
Protheriodon__time,0.052346419382374734,0.00014194954755252423,0.011825724269393142,NA,NA,NA
Protuberum__rotated_lat_scaled,-0.13024788579670712,-0.0306621982966142,0.013410193747691012,0.10124839439624339,0.030474115163087845,0.17423327639698982
Protuberum__map_scaled,-0.6507484374893829,-0.11881569430268349,0.0008027851410954627,NA,NA,NA
Protuberum__mat_scaled,0.41978254726389425,-0.0065871043244592675,0.12016470909058005,NA,NA,NA
Protuberum__wmmcmm_boxcox_scaled,0.18831949788844213,-0.00509883082287934,0.06529321557981044,NA,NA,NA
Protuberum__time,0.08618079844731255,-0.00020184519933995348,0.021849594835789167,NA,NA,NA
Prozostrodon__rotated_lat_scaled,0.04049610388493979,-0.010897505966539388,0.040290050274442456,0.8377748254186008,0.032752642408013344,2.682930402457714
Prozostrodon__map_scaled,-0.08776747388832525,-0.08063189684688382,0.017184226395180274,NA,NA,NA
Prozostrodon__mat_scaled,0.16766071334934565,-0.008037755079089699,0.08400083684164877,NA,NA,NA
Prozostrodon__wmmcmm_boxcox_scaled,0.0029634953489217795,-0.026647991105884238,0.023328475965328627,NA,NA,NA
Prozostrodon__time,0.06460903538780256,-0.035150523947579115,0.056716908918366,NA,NA,NA
Pseudotherium__rotated_lat_scaled,-0.08543953377695289,-0.021975044849226168,0.010458315052749722,0.0922149045515107,0.04239973425865173,0.1627198178321123
Pseudotherium__map_scaled,-0.8066387470904738,-0.12880857090447484,0.0009962183288566072,NA,NA,NA
Pseudotherium__mat_scaled,0.4887171731167473,-0.008761697906435814,0.13447443226073524,NA,NA,NA
Pseudotherium__wmmcmm_boxcox_scaled,0.21563011053018272,-0.0018613248916558066,0.052692319813957715,NA,NA,NA
Pseudotherium__time,0.09198402768932283,4.096560581637063e-05,0.022899212938666844,NA,NA,NA
Pseudotriconodon_Temperate_N__rotated_lat_scaled,-0.05348032433714252,-0.02941824582480927,0.026904428069065466,0.3734218134148978,0.22640090063214302,0.4921220652759075
Pseudotriconodon_Temperate_N__map_scaled,-0.008962109663989394,-0.033048255306079466,0.03127398540592857,NA,NA,NA
Pseudotriconodon_Temperate_N__mat_scaled,0.2379588881134987,-0.036025561026566906,0.08423149898917323,NA,NA,NA
Pseudotriconodon_Temperate_N__wmmcmm_boxcox_scaled,-0.06395871506188996,-0.02909584383939041,0.01930353130105968,NA,NA,NA
Pseudotriconodon_Temperate_N__time,0.07390220028173644,-0.0337777669491302,0.059807054629739176,NA,NA,NA
Pseudotriconodon_Tropical_N__rotated_lat_scaled,0.11161544817179675,-0.01812825923392253,0.03913854799123708,0.2314896677408251,0.017075762152671814,0.5973440778907388
Pseudotriconodon_Tropical_N__map_scaled,-0.46594220302300526,-0.0825511490707504,0.021841523396562975,NA,NA,NA
Pseudotriconodon_Tropical_N__mat_scaled,0.3619448311411543,-0.00852807578174347,0.10654100801922112,NA,NA,NA
Pseudotriconodon_Tropical_N__wmmcmm_boxcox_scaled,-0.022731746466597542,-0.027644851594289026,0.017652621802566583,NA,NA,NA
Pseudotriconodon_Tropical_N__time,0.05864146383479238,-0.024513337265270843,0.03634679718537838,NA,NA,NA
Ptomalestes__rotated_lat_scaled,0.004382111184531823,-0.013892861999826044,0.023721706699799925,0.26635280857852195,0.1388532822020352,0.42245157063007355
Ptomalestes__map_scaled,0.3140306477341801,-0.02551056434181333,0.10734820785148767,NA,NA,NA
Ptomalestes__mat_scaled,-0.38893011886626483,-0.10506403440941094,0.02034333312502577,NA,NA,NA
Ptomalestes__wmmcmm_boxcox_scaled,0.17819753552495968,-0.00214658358500216,0.058366784226684294,NA,NA,NA
Ptomalestes__time,-0.029289241081569342,-0.014751628609923776,0.011740466491968455,NA,NA,NA
Purlovia__rotated_lat_scaled,0.07224511868575262,-0.003899124700586113,0.04985769171716736,0.7150385382084642,0.4156965250149369,1.2010355927050114
Purlovia__map_scaled,0.06898152461148514,-0.016051662304854608,0.07445455525071357,NA,NA,NA
Purlovia__mat_scaled,-0.025283432833192197,-0.14136821313986475,0.03586994513678324,NA,NA,NA
Purlovia__wmmcmm_boxcox_scaled,0.05917231613600575,0.012537122951394324,0.047743487225658326,NA,NA,NA
Purlovia__time,0.012846347482633172,-0.012583795752065115,0.013594819064643647,NA,NA,NA
Putillosaurus__rotated_lat_scaled,0.05095737952457664,0.013329510293847359,0.04694274436266483,1.2218195728915453,0.19618379324674606,2.437525387853384
Putillosaurus__map_scaled,0.0264305627844114,-0.08867240365941083,0.044147904920522715,NA,NA,NA
Putillosaurus__mat_scaled,0.07273081413748844,-0.05288391327565736,0.08241715682410075,NA,NA,NA
Putillosaurus__wmmcmm_boxcox_scaled,0.025267267556824784,-0.029811830662424887,0.036141886337157564,NA,NA,NA
Putillosaurus__time,0.012575850079383243,-0.00332703564233055,0.01187080595052027,NA,NA,NA
Pyozia__rotated_lat_scaled,0.15861424086615444,0.0021051590691445734,0.04676640388678666,0.19979313404212007,0.11155076790601015,0.3211103337816894
Pyozia__map_scaled,0.04430205761920661,-0.02957275514362546,0.04395283981643502,NA,NA,NA
Pyozia__mat_scaled,0.1477118895499734,-0.021381811683001323,0.08821451999910199,NA,NA,NA
Pyozia__wmmcmm_boxcox_scaled,-0.3711507830582559,-0.10677440454029526,0.019355721518399174,NA,NA,NA
Pyozia__time,0.03235385498235701,-0.005741860648198774,0.0232310131742433,NA,NA,NA
Rabidosaurus__rotated_lat_scaled,0.05611807318627786,-0.01660658888305247,0.04794327495173689,0.5504964939998171,0.1364026516675949,1.6986185956047848
Rabidosaurus__map_scaled,0.04172436678152375,-0.046290591916404236,0.03218836585248274,NA,NA,NA
Rabidosaurus__mat_scaled,-0.02954128346363844,-0.06156909794737898,0.05566415354241622,NA,NA,NA
Rabidosaurus__wmmcmm_boxcox_scaled,0.09104161106623784,-0.03651307363890142,0.07099322373667907,NA,NA,NA
Rabidosaurus__time,0.028619106512283558,-0.0003863205602391568,0.014731480311651194,NA,NA,NA
Raranimus__rotated_lat_scaled,0.16045616555958986,0.0014526071589459285,0.05839067286770431,0.19494886852276977,0.10260054562240839,0.28499300219118595
Raranimus__map_scaled,0.04858918888261542,-0.029761319186241062,0.04718630946647352,NA,NA,NA
Raranimus__mat_scaled,0.15423646779032424,-0.022726954300154936,0.09715219885228542,NA,NA,NA
Raranimus__wmmcmm_boxcox_scaled,-0.3918942163512111,-0.10295646998349423,-0.008049069005843778,NA,NA,NA
Raranimus__time,0.035599388558766806,-0.007373536635031959,0.02684038621434666,NA,NA,NA
Rastodon__rotated_lat_scaled,-0.11001242574671778,-0.021866358115810038,0.014978204709792735,0.13373957580635762,0.012213194742798805,0.3165309429168701
Rastodon__map_scaled,0.2880594508582726,-0.019029231618460596,0.10280613981142903,NA,NA,NA
Rastodon__mat_scaled,-0.3714442462380976,-0.08767046656829361,0.047939878696923476,NA,NA,NA
Rastodon__wmmcmm_boxcox_scaled,0.13518210525624455,-0.024716623984206425,0.045808938525379574,NA,NA,NA
Rastodon__time,0.003992817593971267,-0.008082992659205594,0.009987336651441327,NA,NA,NA
Rechnisaurus__rotated_lat_scaled,-0.05797209215184105,-0.025683032706837045,0.03291097255708203,0.37744771679586847,0.07212897390127182,0.9273195099085569
Rechnisaurus__map_scaled,0.061446844181870824,-0.04788300557212847,0.047142354404115426,NA,NA,NA
Rechnisaurus__mat_scaled,-0.09829166459184753,-0.07761990915023763,0.03764025753785914,NA,NA,NA
Rechnisaurus__wmmcmm_boxcox_scaled,0.245965054470837,-0.005979541388187179,0.09150685255267281,NA,NA,NA
Rechnisaurus__time,0.03681373217366527,-0.0042001841285859345,0.012320061343236722,NA,NA,NA
Redondagnathus__rotated_lat_scaled,0.12036344103049487,-0.010736250047897754,0.03881494092387818,0.21991270779108163,0.017075762152671814,0.5358324535191059
Redondagnathus__map_scaled,-0.4558450089883991,-0.09396233686099324,0.020306514798158187,NA,NA,NA
Redondagnathus__mat_scaled,0.35159662723250223,-0.009706926413507452,0.10777445924544676,NA,NA,NA
Redondagnathus__wmmcmm_boxcox_scaled,-0.04214411874767393,-0.03146624713543965,0.017856990509164002,NA,NA,NA
Redondagnathus__time,0.057979893181473015,-0.01549391248813816,0.03676759291831899,NA,NA,NA
Regisaurus__rotated_lat_scaled,-0.18962594201992033,-0.05408712985487782,0.008356722920436882,0.3140009003720479,0.14946517083444633,0.5132685189892072
Regisaurus__map_scaled,-0.09615060675307177,-0.06866394346827251,0.042019460354444614,NA,NA,NA
Regisaurus__mat_scaled,0.27410732593154535,-0.020738066145232038,0.11661983786389038,NA,NA,NA
Regisaurus__wmmcmm_boxcox_scaled,0.08151963105774485,-0.014005135433600156,0.039213339937046766,NA,NA,NA
Regisaurus__time,0.0561886180730653,-0.0038713980439937347,0.015311137319147483,NA,NA,NA
Reiszia__rotated_lat_scaled,0.15090449949726462,0.0014303965300868707,0.036068937120687095,0.26546372002689167,0.11272604577243328,0.4712250492302701
Reiszia__map_scaled,0.06497016762848944,-0.03196842127426964,0.050375724032006575,NA,NA,NA
Reiszia__mat_scaled,0.04558317796967458,-0.0667140585953169,0.07080132315869873,NA,NA,NA
Reiszia__wmmcmm_boxcox_scaled,-0.2149273465387523,-0.060555668913996344,0.04664656567345726,NA,NA,NA
Reiszia__time,0.03097134738753084,-0.0035579206924802377,0.017627948410116445,NA,NA,NA
Remigiomontanus__rotated_lat_scaled,0.18223765259142966,-0.010107919417680581,0.06600453883135511,0.2833829703365336,0.11752839386463165,0.4908241853117943
Remigiomontanus__map_scaled,0.11719827931461622,-0.008668877499292373,0.05244338852154577,NA,NA,NA
Remigiomontanus__mat_scaled,0.15194678358733654,-0.010390423707291197,0.06035573290009102,NA,NA,NA
Remigiomontanus__wmmcmm_boxcox_scaled,-0.38666768376948313,-0.10935995528952533,0.0048903577363545135,NA,NA,NA
Remigiomontanus__time,0.030706064529949798,-0.022838497032186794,0.0378264804056197,NA,NA,NA
Repelinosaurus__rotated_lat_scaled,0.049612435982498676,-0.02010794824978811,0.05791691212365076,1.332466718882788,0.3143640160560608,2.5608636513352394
Repelinosaurus__map_scaled,0.030213640440135314,-0.06809081178179552,0.04033112436740433,NA,NA,NA
Repelinosaurus__mat_scaled,0.07343972808466336,0.006627268873022811,0.07783149472450498,NA,NA,NA
Repelinosaurus__wmmcmm_boxcox_scaled,0.021247137836673598,-0.0818319165602104,0.032211936817857126,NA,NA,NA
Repelinosaurus__time,0.01344893173871361,0.002037734772794941,0.013229030361548932,NA,NA,NA
Rewaconodon_Temperate_S__rotated_lat_scaled,0.10335931398353079,-0.015916347670644218,0.06082172857148034,0.6479736956476699,0.03470653295516968,1.8447747826576233
Rewaconodon_Temperate_S__map_scaled,-0.32638925417742726,-0.13268791962329007,0.0139847560124925,NA,NA,NA
Rewaconodon_Temperate_S__mat_scaled,0.260384489298451,-0.00997605001165912,0.0939457963960672,NA,NA,NA
Rewaconodon_Temperate_S__wmmcmm_boxcox_scaled,0.10627568707658766,0.00018197463683189622,0.03571774176259483,NA,NA,NA
Rewaconodon_Temperate_S__time,0.04433163790154231,-0.002967330277214738,0.017050475652331257,NA,NA,NA
Rewaconodon_Tropical_S__rotated_lat_scaled,0.12619735918211517,-0.011091043044454477,0.05270353899682776,0.2861822861302062,0.027074698358774185,0.7374379932880402
Rewaconodon_Tropical_S__map_scaled,-0.49949737947667017,-0.0938742416542612,0.013350515204379682,NA,NA,NA
Rewaconodon_Tropical_S__mat_scaled,0.401558340950869,-0.00991400660855256,0.10889770449643266,NA,NA,NA
Rewaconodon_Tropical_S__wmmcmm_boxcox_scaled,-0.004860508361598476,-0.019577744005367142,0.02762877074259778,NA,NA,NA
Rewaconodon_Tropical_S__time,0.07482259975280613,-0.026908637633340886,0.018939968954728235,NA,NA,NA
Rhachiocephalus__rotated_lat_scaled,-0.19597946434281766,-0.04439398669797057,-0.0030499651373256903,0.12451049323899496,0.054708585143089294,0.2402213141322136
Rhachiocephalus__map_scaled,0.24092695070430636,-0.008256762894453823,0.11888527174545051,NA,NA,NA
Rhachiocephalus__mat_scaled,-0.19415670402115212,-0.09136154522587539,0.03341109959931514,NA,NA,NA
Rhachiocephalus__wmmcmm_boxcox_scaled,0.10361463414970785,-0.0015551776588848276,0.052864801726701244,NA,NA,NA
Rhachiocephalus__time,-0.017856797333733992,-0.015798200468791664,0.019409290460824926,NA,NA,NA
Rhadiodromus__rotated_lat_scaled,0.057781554629699014,-0.022066101663223998,0.046615952340414345,0.6527545556725818,0.10400625551119447,1.9162715934216976
Rhadiodromus__map_scaled,0.018711784644096483,-0.0526198682559178,0.0323952496136092,NA,NA,NA
Rhadiodromus__mat_scaled,0.009161373854879286,-0.05585555185443811,0.06371196777088432,NA,NA,NA
Rhadiodromus__wmmcmm_boxcox_scaled,0.08186909022029945,-0.025749408171847663,0.06968638085273363,NA,NA,NA
Rhadiodromus__time,0.020438070733710303,-0.0050747430005486874,0.009110947817324645,NA,NA,NA
Rhinodicynodon__rotated_lat_scaled,0.05332158765057102,-0.022894578006366826,0.03469325456746338,0.34783584668033657,0.07150971842929721,0.5531785134226084
Rhinodicynodon__map_scaled,0.09712664176477119,-0.01566041502473063,0.04721840448230871,NA,NA,NA
Rhinodicynodon__mat_scaled,-0.13555438485054766,-0.07726052259867963,0.043806480189110805,NA,NA,NA
Rhinodicynodon__wmmcmm_boxcox_scaled,0.09102258670027367,-0.04295368252663992,0.07466957646715275,NA,NA,NA
Rhinodicynodon__time,0.053957541332583785,-0.0025964747895592436,0.021132782688930464,NA,NA,NA
Rhopalodon__rotated_lat_scaled,0.14804036467336118,-0.0022506361044321143,0.03728585555928958,0.26705001355410785,0.12022736668586731,0.47005041304510087
Rhopalodon__map_scaled,0.09442622033879161,-0.019674493760751373,0.06314756383571764,NA,NA,NA
Rhopalodon__mat_scaled,0.00374796106654685,-0.07573073553150847,0.06184905693345858,NA,NA,NA
Rhopalodon__wmmcmm_boxcox_scaled,-0.19754473881796003,-0.06045119676912808,0.03987385958165808,NA,NA,NA
Rhopalodon__time,0.03041833221068373,-0.003258610780156206,0.01936416248484225,NA,NA,NA
Riebeeckosaurus__rotated_lat_scaled,0.011959522763499991,-0.018356760228261135,0.020079838230965798,0.2285728887154255,0.12480953335762024,0.3893181527964771
Riebeeckosaurus__map_scaled,0.33656729562208054,-0.029362935961492607,0.11040241445529547,NA,NA,NA
Riebeeckosaurus__mat_scaled,-0.4783943676110357,-0.10004896279103452,0.025590477320907464,NA,NA,NA
Riebeeckosaurus__wmmcmm_boxcox_scaled,0.2088584287604317,0.0004504681270209462,0.05402860223657467,NA,NA,NA
Riebeeckosaurus__time,-0.03837986490223557,-0.014047482092208942,0.011419166151222723,NA,NA,NA
Riograndia__rotated_lat_scaled,0.04665146325530158,-0.014353701033848414,0.03932341335797596,1.0564340572466608,0.038126394152641296,3.19830609112978
Riograndia__map_scaled,-0.05313868464441909,-0.09528945175665804,0.02018365680818011,NA,NA,NA
Riograndia__mat_scaled,0.1366621735843061,-0.0032150545723189632,0.09345469904959577,NA,NA,NA
Riograndia__wmmcmm_boxcox_scaled,-0.0028128299507963654,-0.030360891190495943,0.013879280189617366,NA,NA,NA
Riograndia__time,0.06059975183829228,-0.01814657439265488,0.05467944898959692,NA,NA,NA
Riojanodon__rotated_lat_scaled,-0.1364136495720595,-0.030966286033091404,0.014962603318112163,0.09710824027948547,0.026934083551168442,0.15227921400219202
Riojanodon__map_scaled,-0.6687403970956802,-0.11355831760490018,0.0028806421756531024,NA,NA,NA
Riojanodon__mat_scaled,0.41490883980179205,-0.009294642553499375,0.11663744023130843,NA,NA,NA
Riojanodon__wmmcmm_boxcox_scaled,0.22127946515742225,-0.006381736788388735,0.06451578782407816,NA,NA,NA
Riojanodon__time,0.07811210790532641,-0.0011646899660965743,0.022524024845814276,NA,NA,NA
Robertia__rotated_lat_scaled,-0.10686001892085187,-0.02079245308834108,0.017441144683262712,0.1825588757894002,0.08321479288861156,0.2847141772508621
Robertia__map_scaled,0.28418459961889314,-0.02612306921563385,0.10962379132006345,NA,NA,NA
Robertia__mat_scaled,-0.29998230169760065,-0.0995623253210487,0.028001234254502728,NA,NA,NA
Robertia__wmmcmm_boxcox_scaled,0.14610307151335292,-0.0009419635994979078,0.05539022479826922,NA,NA,NA
Robertia__time,-0.028848348807077855,-0.01394586172145471,0.011064103338868035,NA,NA,NA
Rosieria__rotated_lat_scaled,-0.05403191515011713,-0.029119743681473215,0.026437004172756125,0.37379349398692285,0.226522047072649,0.49275155179202557
Rosieria__map_scaled,-0.00884889779612422,-0.033034277176968885,0.03147644219121651,NA,NA,NA
Rosieria__mat_scaled,0.23746468933532014,-0.03610963510477454,0.08395116159209953,NA,NA,NA
Rosieria__wmmcmm_boxcox_scaled,-0.06320913585801463,-0.029015344229684437,0.01932331346160307,NA,NA,NA
Rosieria__time,0.07445687937317416,-0.0340866727530752,0.06033257697729088,NA,NA,NA
Ruberodon__rotated_lat_scaled,0.1045434335747082,-0.017843056052320515,0.058420321189706574,0.622809510541847,0.04968903958797455,1.8447747826576233
Ruberodon__map_scaled,-0.35157542110842627,-0.1323589699067786,0.014333066797236726,NA,NA,NA
Ruberodon__mat_scaled,0.2719877150620854,-0.009438676476093463,0.09666508831656914,NA,NA,NA
Ruberodon__wmmcmm_boxcox_scaled,0.11745946583447137,0.0010825204752893311,0.036866265575138536,NA,NA,NA
Ruberodon__time,0.045546680719845765,-0.0028074909860730216,0.015235756516315155,NA,NA,NA
Rubidgea__rotated_lat_scaled,-0.16716356774093583,-0.04681881588580005,-0.00044838293056758766,0.2654027698421851,0.1522206850349903,0.4027436673641205
Rubidgea__map_scaled,0.03856888200156391,-0.042975394572349536,0.0710068476021697,NA,NA,NA
Rubidgea__mat_scaled,0.0983206033858005,-0.05688633523857673,0.09860011287135613,NA,NA,NA
Rubidgea__wmmcmm_boxcox_scaled,0.09684743292629719,-0.003922239347373696,0.03506693181434793,NA,NA,NA
Rubidgea__time,0.010867545186774805,-0.010762887901876246,0.01729498903765994,NA,NA,NA
Ruhuhucerberus__rotated_lat_scaled,-0.07924623263461399,-0.04122414645765535,0.023220061534212782,0.31639305413686086,0.17034934647381306,0.5177032422507182
Ruhuhucerberus__map_scaled,0.28049746023491023,0.0037529880907989904,0.10513984454502176,NA,NA,NA
Ruhuhucerberus__mat_scaled,-0.20705756899900735,-0.105309545441799,0.02222808479831242,NA,NA,NA
Ruhuhucerberus__wmmcmm_boxcox_scaled,0.12146897771395743,-0.004641853714141205,0.050978793576388064,NA,NA,NA
Ruhuhucerberus__time,0.01276854373893002,-0.013943115423179685,0.019953713941031105,NA,NA,NA
Ruthenosaurus__rotated_lat_scaled,0.19285604779608548,-0.005867915008456335,0.06148751509141254,0.2832864068122581,0.057650571689009666,0.539886461570859
Ruthenosaurus__map_scaled,0.005227170812431723,-0.0358416941137691,0.05098148819878309,NA,NA,NA
Ruthenosaurus__mat_scaled,0.2079504868411459,-0.004554274199590227,0.07483756865584612,NA,NA,NA
Ruthenosaurus__wmmcmm_boxcox_scaled,-0.3555516466544941,-0.10198822138446156,0.003018464847931635,NA,NA,NA
Ruthenosaurus__time,0.044842473934404554,-0.013113568239699046,0.03119546160099275,NA,NA,NA
Ruthiromia__rotated_lat_scaled,0.1262411610642448,-0.008377221074526231,0.062247402964114185,0.16720534662948922,0.08787637948989868,0.2658768438268453
Ruthiromia__map_scaled,0.10267132150009274,-0.010366385201337869,0.05193603355014735,NA,NA,NA
Ruthiromia__mat_scaled,0.13477110411506146,-0.011266871664934168,0.060078816986551924,NA,NA,NA
Ruthiromia__wmmcmm_boxcox_scaled,-0.41132067259866745,-0.10087594769975933,0.013664082539149483,NA,NA,NA
Ruthiromia__time,0.026880558466073127,-0.030479247305418646,0.033594162355003176,NA,NA,NA
Sangusaurus__rotated_lat_scaled,-0.20219516408629715,-0.040299789213270105,0.02021365245057009,0.09985686714673647,0.016984444111585617,0.19911739905364811
Sangusaurus__map_scaled,-0.4866450946545228,-0.10230460857231959,0.004677593833167815,NA,NA,NA
Sangusaurus__mat_scaled,0.2898882542923093,-0.013893079345621295,0.10299411492942841,NA,NA,NA
Sangusaurus__wmmcmm_boxcox_scaled,0.259429886364378,-0.003930212302640509,0.08217705129826337,NA,NA,NA
Sangusaurus__time,0.05141711114818463,-0.0009379835121247595,0.011458085883536426,NA,NA,NA
Santacruzgnathus__rotated_lat_scaled,-0.056183285902952775,-0.020621778828424333,0.013769051942065848,0.09312109967984725,0.03277089446783066,0.1529070371761918
Santacruzgnathus__map_scaled,-0.8295063332677819,-0.13420705225186308,0.002841023846393942,NA,NA,NA
Santacruzgnathus__mat_scaled,0.4977449858689215,-0.00897060633411619,0.12819530468130197,NA,NA,NA
Santacruzgnathus__wmmcmm_boxcox_scaled,0.20497109324671328,0.0024279654442856432,0.05642637596970159,NA,NA,NA
Santacruzgnathus__time,0.0881327656522626,5.799024141697373e-06,0.02028874195550278,NA,NA,NA
Santacruzodon__rotated_lat_scaled,-0.0498546792624984,-0.02144455350878179,0.017134599350918142,0.09608068072884635,0.03145588934421539,0.1661431286484003
Santacruzodon__map_scaled,-0.8013813977898099,-0.128519975185808,-0.00025753420153158267,NA,NA,NA
Santacruzodon__mat_scaled,0.49626193349598907,-0.009328518608346948,0.13461307809562145,NA,NA,NA
Santacruzodon__wmmcmm_boxcox_scaled,0.1713654326560936,-0.00033326755048873716,0.04558223357402758,NA,NA,NA
Santacruzodon__time,0.09172751754638739,-0.0017393580925507703,0.02444812157593053,NA,NA,NA
Santagnathus__rotated_lat_scaled,0.04772273836521385,-0.016099919103058483,0.04792112388987096,1.0488609479008302,0.031345125287771225,3.3509436547756195
Santagnathus__map_scaled,-0.05491081743627629,-0.08860548293830617,0.017663866613896455,NA,NA,NA
Santagnathus__mat_scaled,0.13853990429520271,-0.003743564130080575,0.08850733036434558,NA,NA,NA
Santagnathus__wmmcmm_boxcox_scaled,-0.0031239521620490696,-0.04286083482918599,0.013747337647419013,NA,NA,NA
Santagnathus__time,0.05973400102059331,-0.01005587194534504,0.053680839879434124,NA,NA,NA
Sauroctonus_Temperate_N__rotated_lat_scaled,0.11466247696022037,-0.006016305298952865,0.031359621620618144,0.3551368729808019,0.23548109084367752,0.505878291092813
Sauroctonus_Temperate_N__map_scaled,0.14951063335407525,-0.0494966899010579,0.0900517311514485,NA,NA,NA
Sauroctonus_Temperate_N__mat_scaled,-0.2873559131892398,-0.08652382939767171,0.031532820683110085,NA,NA,NA
Sauroctonus_Temperate_N__wmmcmm_boxcox_scaled,0.17398488344158977,-0.012366306091999537,0.0554080510400126,NA,NA,NA
Sauroctonus_Temperate_N__time,0.01637291833147174,-0.006962542256294251,0.013168273899776787,NA,NA,NA
Sauroctonus_Temperate_S__rotated_lat_scaled,-0.07924623263461399,-0.04122414645765535,0.023220061534212782,0.31639305413686086,0.17034934647381306,0.5177032422507182
Sauroctonus_Temperate_S__map_scaled,0.28049746023491023,0.0037529880907989904,0.10513984454502176,NA,NA,NA
Sauroctonus_Temperate_S__mat_scaled,-0.20705756899900735,-0.105309545441799,0.02222808479831242,NA,NA,NA
Sauroctonus_Temperate_S__wmmcmm_boxcox_scaled,0.12146897771395743,-0.004641853714141205,0.050978793576388064,NA,NA,NA
Sauroctonus_Temperate_S__time,0.01276854373893002,-0.013943115423179685,0.019953713941031105,NA,NA,NA
Sauroscaptor__rotated_lat_scaled,-0.05056143824360333,-0.036912170816365136,0.028161150139046406,0.31203943393018563,0.055439550429582596,0.587881556712091
Sauroscaptor__map_scaled,0.24252415098715574,-0.0009092446783560235,0.09866822098310528,NA,NA,NA
Sauroscaptor__mat_scaled,-0.18913633407151792,-0.10933824987868135,0.022598043288688096,NA,NA,NA
Sauroscaptor__wmmcmm_boxcox_scaled,0.10385665187845007,-0.005371755943034572,0.04896982134249455,NA,NA,NA
Sauroscaptor__time,0.01739452929701656,-0.008834251629539188,0.02312326264163178,NA,NA,NA
Scalenodon__rotated_lat_scaled,-0.1785091169644147,-0.04206084974060307,0.005109181070630045,0.09656488697510213,0.01657469943165779,0.17984531912952662
Scalenodon__map_scaled,-0.4737082534190267,-0.09941344356167292,0.004922711483670543,NA,NA,NA
Scalenodon__mat_scaled,0.2806105751451105,-0.005321963960084204,0.12343809699749701,NA,NA,NA
Scalenodon__wmmcmm_boxcox_scaled,0.22575749068520964,-0.013501100088166936,0.07452896662720548,NA,NA,NA
Scalenodon__time,0.05445231744553894,-0.0010683155954491336,0.013521542215963028,NA,NA,NA
Scalenodontoides__rotated_lat_scaled,-0.04269397438512875,-0.019720070916814565,0.013104039664442523,0.4945765825952549,0.09680870175361633,1.2684297021478415
Scalenodontoides__map_scaled,-0.14056670208552027,-0.058915077845046994,0.02502411951475944,NA,NA,NA
Scalenodontoides__mat_scaled,0.24819095168026614,-0.0217517222961318,0.0845975791906434,NA,NA,NA
Scalenodontoides__wmmcmm_boxcox_scaled,-0.029290565016982427,-0.03062095501699633,0.026058646558549208,NA,NA,NA
Scalenodontoides__time,0.15232216389004985,-0.03035784687098656,0.07273611346657158,NA,NA,NA
Scalopocephalus__rotated_lat_scaled,-0.11961488701053895,-0.048875464188054246,0.0008660124999753832,0.225831944485617,0.15959233045578003,0.29614328779280186
Scalopocephalus__map_scaled,0.24605558994575405,0.0002973204499603013,0.11952510296831492,NA,NA,NA
Scalopocephalus__mat_scaled,-0.16626921692164615,-0.08498624505677436,0.03456432954768635,NA,NA,NA
Scalopocephalus__wmmcmm_boxcox_scaled,0.09928924867184832,-0.004742900869118595,0.053177027413156816,NA,NA,NA
Scalopocephalus__time,-0.021590664282484795,-0.023058383281989357,0.013388025965832632,NA,NA,NA
Scalopodontes__rotated_lat_scaled,0.11723801520203225,-0.005735835962624303,0.03623557437322809,0.38548758642195025,0.1999096236540936,0.5389264413097408
Scalopodontes__map_scaled,0.14041971545667903,-0.047085707090543244,0.08851802172497371,NA,NA,NA
Scalopodontes__mat_scaled,-0.2489409690340283,-0.08363935320937206,0.028764514756515293,NA,NA,NA
Scalopodontes__wmmcmm_boxcox_scaled,0.1609494461154159,-0.01688131317176884,0.054030897882625245,NA,NA,NA
Scalopodontes__time,0.018295666342585656,-0.008023463511667809,0.013971489657623796,NA,NA,NA
Scalopognathus__rotated_lat_scaled,0.0509880883350996,-0.016951642634179885,0.050637672885511374,1.1936898573095096,0.1839949144050479,2.526594689581543
Scalopognathus__map_scaled,0.024787353946138912,-0.10038075359960152,0.040604314657615936,NA,NA,NA
Scalopognathus__mat_scaled,0.07393408713673255,-0.01388661960167718,0.0863523375882243,NA,NA,NA
Scalopognathus__wmmcmm_boxcox_scaled,0.025730042019479434,-0.031706925391745605,0.032576261046220585,NA,NA,NA
Scalopognathus__time,0.012522302645234002,0.0015602682812279314,0.011349912217393938,NA,NA,NA
Scaloporhinus__rotated_lat_scaled,0.008234776380065166,-0.040419277601285025,0.02913807815096434,0.4401054261275567,0.25820067152380943,0.6207045651972294
Scaloporhinus__map_scaled,0.18915288219884555,-0.001284250141021394,0.09421619808247236,NA,NA,NA
Scaloporhinus__mat_scaled,-0.08210066943309295,-0.08887011310126669,0.04028661037398103,NA,NA,NA
Scaloporhinus__wmmcmm_boxcox_scaled,0.07685018745820174,-0.004702671113417882,0.04755045047582846,NA,NA,NA
Scaloporhinus__time,-0.004175302521334952,-0.026089360988985275,0.010329161311719931,NA,NA,NA
Scaloposaurus__rotated_lat_scaled,-0.11191702733042762,-0.04514088621891191,0.015324520485591334,0.3910075518087251,0.22758480161428452,0.675198920071125
Scaloposaurus__map_scaled,0.0100794989434911,-0.047838233888566256,0.04618952693816213,NA,NA,NA
Scaloposaurus__mat_scaled,0.09960556710328342,-0.05539377176231766,0.08221696854749659,NA,NA,NA
Scaloposaurus__wmmcmm_boxcox_scaled,0.12731532170651738,-0.01103470084145511,0.05897044889085171,NA,NA,NA
Scaloposaurus__time,0.06287851365982026,-0.0019580802347253265,0.01881903353286437,NA,NA,NA
Scaloposuchus__rotated_lat_scaled,-0.11961488701053895,-0.048875464188054246,0.0008660124999753832,0.225831944485617,0.15959233045578003,0.29614328779280186
Scaloposuchus__map_scaled,0.24605558994575405,0.0002973204499603013,0.11952510296831492,NA,NA,NA
Scaloposuchus__mat_scaled,-0.16626921692164615,-0.08498624505677436,0.03456432954768635,NA,NA,NA
Scaloposuchus__wmmcmm_boxcox_scaled,0.09928924867184832,-0.004742900869118595,0.053177027413156816,NA,NA,NA
Scaloposuchus__time,-0.021590664282484795,-0.023058383281989357,0.013388025965832632,NA,NA,NA
Scylacoides__rotated_lat_scaled,-0.0030811342468950896,-0.02085993599028194,0.023807197841257878,0.3493326611252269,0.17155034095048904,0.4951506480574608
Scylacoides__map_scaled,0.2690286510810256,-0.019439804147459723,0.11065138482401365,NA,NA,NA
Scylacoides__mat_scaled,-0.21334952677600086,-0.09034521854669371,0.03394124327836337,NA,NA,NA
Scylacoides__wmmcmm_boxcox_scaled,0.12843237667402718,-0.00897804961000814,0.041615823119158867,NA,NA,NA
Scylacoides__time,-0.019659579689614473,-0.021742664651532736,0.01150484933217237,NA,NA,NA
Scylacops__rotated_lat_scaled,-0.19509119174908846,-0.044128036700123725,-0.001584605068556213,0.12688766565028345,0.05741335451602936,0.23923644796013832
Scylacops__map_scaled,0.24207473061978818,-0.009203198959876473,0.1175182094627214,NA,NA,NA
Scylacops__mat_scaled,-0.19243052515143064,-0.09024592078654135,0.03372525445858299,NA,NA,NA
Scylacops__wmmcmm_boxcox_scaled,0.1026640363401384,-0.0018619323736946281,0.05261432115717957,NA,NA,NA
Scylacops__time,-0.01829125849180855,-0.015926584125740082,0.019247318385038382,NA,NA,NA
Scylacosaurus__rotated_lat_scaled,-0.05549362001125701,-0.0342636450550156,0.02154978364417068,0.33136812306634966,0.23419707268476486,0.41188508132472634
Scylacosaurus__map_scaled,0.24639284493605373,-0.004417344620000158,0.10126285389203794,NA,NA,NA
Scylacosaurus__mat_scaled,-0.13372815020149573,-0.08887709497968942,0.03861352457312234,NA,NA,NA
Scylacosaurus__wmmcmm_boxcox_scaled,0.1023403106117621,-0.005804799491878445,0.048923904998044186,NA,NA,NA
Scylacosaurus__time,-0.01610513635139796,-0.028002788799392626,0.01117043128759099,NA,NA,NA
Scylacosuchus__rotated_lat_scaled,0.10778736005759934,-0.005965038530344129,0.03631936880925363,0.41448125071219694,0.17837391793727875,0.7625449690967798
Scylacosuchus__map_scaled,0.1275200468120184,-0.0494708451356282,0.09049431962612395,NA,NA,NA
Scylacosuchus__mat_scaled,-0.21677105451166329,-0.08937757738627497,0.026804204283784022,NA,NA,NA
Scylacosuchus__wmmcmm_boxcox_scaled,0.15194993890608482,-0.012850714185649483,0.05277607397284828,NA,NA,NA
Scylacosuchus__time,0.01747558281864525,-0.003701497708079475,0.015126531702956242,NA,NA,NA
Scymnosaurus__rotated_lat_scaled,-4.2480297852307556e-05,-0.018917555836868282,0.02091014463572799,0.25983155245601663,0.1388532822020352,0.4253229070454836
Scymnosaurus__map_scaled,0.31147201254963874,-0.02503499866052593,0.10392324608911814,NA,NA,NA
Scymnosaurus__mat_scaled,-0.3857450564391911,-0.10310543998424491,0.026648650049993693,NA,NA,NA
Scymnosaurus__wmmcmm_boxcox_scaled,0.17830486471473705,-9.686220215996861e-05,0.05814710605170323,NA,NA,NA
Scymnosaurus__time,-0.03211966215400025,-0.014210816262177144,0.01189135156842306,NA,NA,NA
Secodontosaurus__rotated_lat_scaled,0.13558380724862218,-0.005526735206746094,0.06878888784734809,0.14753495692508295,0.028382498770952225,0.40019545052200556
Secodontosaurus__map_scaled,-0.08698979790322482,-0.05442880064170724,0.039480418780573595,NA,NA,NA
Secodontosaurus__mat_scaled,0.19406507523497565,-0.008033619926004983,0.09591286263024938,NA,NA,NA
Secodontosaurus__wmmcmm_boxcox_scaled,-0.3245067266561091,-0.08754943088865762,-0.004058022681109842,NA,NA,NA
Secodontosaurus__time,0.04142072491813451,-0.005827086282860329,0.021396351817904925,NA,NA,NA
Sesamondontoides__rotated_lat_scaled,0.0328889618966678,-0.03561340628017468,0.03899381370988525,0.6625265083889826,0.35475142300128937,1.0805458724498749
Sesamondontoides__map_scaled,0.07345330868270597,-0.008161599653143349,0.06048959346948476,NA,NA,NA
Sesamondontoides__mat_scaled,-0.03362769021625393,-0.08161892635047896,0.019309733288402034,NA,NA,NA
Sesamondontoides__wmmcmm_boxcox_scaled,0.07102852776991522,-0.032971092841961064,0.06895277374150272,NA,NA,NA
Sesamondontoides__time,0.04421876594964947,-0.003000647820218216,0.03377458418569137,NA,NA,NA
Shaanbeikannemeyeria__rotated_lat_scaled,0.05337158887487239,-0.011489845783218381,0.04061017853480332,0.6993819117812382,0.09503903612494469,2.0271222665905952
Shaanbeikannemeyeria__map_scaled,0.02734465388289805,-0.0581779364610574,0.024794207210585367,NA,NA,NA
Shaanbeikannemeyeria__mat_scaled,0.0017507523071937955,-0.0538319803648852,0.06437776833188665,NA,NA,NA
Shaanbeikannemeyeria__wmmcmm_boxcox_scaled,0.08550144941705361,-0.034374169852678986,0.08016102442924708,NA,NA,NA
Shaanbeikannemeyeria__time,0.01999342960066671,-0.0034917404841362846,0.011577319888443707,NA,NA,NA
Shansiodon_Temperate_N__rotated_lat_scaled,0.0528563392527501,-0.0034799492089527193,0.04477818173942097,0.9873744017652644,0.09416886139661074,2.8393546044826508
Shansiodon_Temperate_N__map_scaled,0.014276613476914253,-0.08546553238318629,0.02998500035764968,NA,NA,NA
Shansiodon_Temperate_N__mat_scaled,0.028694016175989004,-0.052130251244127214,0.05649150059165564,NA,NA,NA
Shansiodon_Temperate_N__wmmcmm_boxcox_scaled,0.07960472442024506,-0.01766110533979129,0.08046972318398493,NA,NA,NA
Shansiodon_Temperate_N__time,0.012530180756786085,-0.002628834769918751,0.009796092522254884,NA,NA,NA
Shansiodon_Temperate_S__rotated_lat_scaled,0.029557920888707644,-0.03167128739759246,0.03838920369816259,0.662277084478119,0.35475142300128937,1.0805458724498749
Shansiodon_Temperate_S__map_scaled,0.0697477496730545,-0.007258175929739401,0.06561344550648784,NA,NA,NA
Shansiodon_Temperate_S__mat_scaled,-0.027294579062712352,-0.09399863395592468,0.019010330461155557,NA,NA,NA
Shansiodon_Temperate_S__wmmcmm_boxcox_scaled,0.0732051045403861,-0.022910055984083747,0.06788364165685126,NA,NA,NA
Shansiodon_Temperate_S__time,0.04274567804324861,-0.005527519678635957,0.03062387707230889,NA,NA,NA
Shashajaia__rotated_lat_scaled,0.14707386555965057,-0.007434382064130846,0.06669044770200762,0.20229694749577903,0.06238771555945277,0.38241676334291697
Shashajaia__map_scaled,0.0003569902526214719,-0.033736073660854,0.052478697947989164,NA,NA,NA
Shashajaia__mat_scaled,0.18180635852972046,-0.014890759433204916,0.0732341881976719,NA,NA,NA
Shashajaia__wmmcmm_boxcox_scaled,-0.3510200323862955,-0.09551712742201078,-0.004385372385244376,NA,NA,NA
Shashajaia__time,0.036117891457397494,-0.009787330365775723,0.033502536932541814,NA,NA,NA
Shiguaignathus__rotated_lat_scaled,0.068032801672784,-0.00592554505716927,0.05320517182641767,0.7595443906386936,0.32428899966180325,1.1613691337406635
Shiguaignathus__map_scaled,0.06557847363726213,-0.013812769882730483,0.0736126476121076,NA,NA,NA
Shiguaignathus__mat_scaled,-0.014038183428411434,-0.13386995076003227,0.03696734078996211,NA,NA,NA
Shiguaignathus__wmmcmm_boxcox_scaled,0.0563436200510256,0.0012200557529849086,0.044545652407485925,NA,NA,NA
Shiguaignathus__time,0.012045162150024229,-0.008977462999029148,0.013189685758992794,NA,NA,NA
Silphedosuchus__rotated_lat_scaled,0.05090150002057183,0.021150548137276615,0.048235732139568444,1.2064821777465113,0.1870230995118618,2.431251224130392
Silphedosuchus__map_scaled,0.025200199967507806,-0.1365521889969862,0.03932680393358,NA,NA,NA
Silphedosuchus__mat_scaled,0.07385615569052227,-0.001434433643907747,0.09021058767608402,NA,NA,NA
Silphedosuchus__wmmcmm_boxcox_scaled,0.025454320880001033,-0.04471021612615452,0.0327185814595952,NA,NA,NA
Silphedosuchus__time,0.012549697524081629,0.0001806176837956044,0.011028793186138449,NA,NA,NA
Silphoictidoides__rotated_lat_scaled,-0.07878198461068678,-0.04084251449115475,0.022878637544816338,0.3193696688579803,0.17351583787240088,0.536581564694643
Silphoictidoides__map_scaled,0.2774619617499411,0.002224404366642644,0.10359388545631772,NA,NA,NA
Silphoictidoides__mat_scaled,-0.20127173569984735,-0.10433464377926199,0.025158447872775404,NA,NA,NA
Silphoictidoides__wmmcmm_boxcox_scaled,0.12090868883766234,-0.004598881817489435,0.050229209728308126,NA,NA,NA
Silphoictidoides__time,0.013090864498226438,-0.013814037224712711,0.019660317792748534,NA,NA,NA
Sinoconodon__rotated_lat_scaled,-0.05403191515011713,-0.029119743681473215,0.026437004172756125,0.37379349398692285,0.226522047072649,0.49275155179202557
Sinoconodon__map_scaled,-0.00884889779612422,-0.033034277176968885,0.03147644219121651,NA,NA,NA
Sinoconodon__mat_scaled,0.23746468933532014,-0.03610963510477454,0.08395116159209953,NA,NA,NA
Sinoconodon__wmmcmm_boxcox_scaled,-0.06320913585801463,-0.029015344229684437,0.01932331346160307,NA,NA,NA
Sinoconodon__time,0.07445687937317416,-0.0340866727530752,0.06033257697729088,NA,NA,NA
Sinognathus__rotated_lat_scaled,0.0680780647629581,-0.011814649730699485,0.0378926719590942,0.3730688168182678,0.09416886139661074,0.6044058632105589
Sinognathus__map_scaled,0.09353944792877883,-0.018503581128849814,0.043460057969799924,NA,NA,NA
Sinognathus__mat_scaled,-0.13843321021297014,-0.0866316938268099,0.034195365719612666,NA,NA,NA
Sinognathus__wmmcmm_boxcox_scaled,0.1069542506581638,-0.040045646172961295,0.08920735861789614,NA,NA,NA
Sinognathus__time,0.05496838959865272,-0.0043701020866557605,0.016765044128563188,NA,NA,NA
Sinokannemeyeria__rotated_lat_scaled,0.0545478454438415,-0.004177465490573123,0.034907077211138324,1.061128142084781,0.051762595772743225,3.0588041227310896
Sinokannemeyeria__map_scaled,-0.007346302285404154,-0.08669880815502891,0.05306231268990862,NA,NA,NA
Sinokannemeyeria__mat_scaled,0.04451191353336293,-0.04793658043970652,0.05124473825781665,NA,NA,NA
Sinokannemeyeria__wmmcmm_boxcox_scaled,0.0839506885316928,-0.01691547254212589,0.07299593494691788,NA,NA,NA
Sinokannemeyeria__time,0.012297728859191455,-0.005637346318541816,0.009310435289184663,NA,NA,NA
Sinophoneus__rotated_lat_scaled,0.15725556392222642,-0.004420040577435583,0.04630920247004085,0.2034495745174354,0.11248818226158619,0.3082671947777271
Sinophoneus__map_scaled,0.05476740645011887,-0.026909650231983325,0.04415480966739651,NA,NA,NA
Sinophoneus__mat_scaled,0.13684039750369265,-0.021464054909165756,0.0873277122950456,NA,NA,NA
Sinophoneus__wmmcmm_boxcox_scaled,-0.3677561451122165,-0.102970620630473,0.020381343847140593,NA,NA,NA
Sinophoneus__time,0.034380477670929395,-0.005601306596918596,0.023347430115342568,NA,NA,NA
Sintocephalus__rotated_lat_scaled,0.0086986590913218,-0.039950932074959256,0.030573896663681144,0.43912542691919954,0.25820067152380943,0.6207045651972294
Sintocephalus__map_scaled,0.19815461374855348,-0.001387876143696332,0.09349218250217158,NA,NA,NA
Sintocephalus__mat_scaled,-0.09250725257905533,-0.08899119528501293,0.03694883075620545,NA,NA,NA
Sintocephalus__wmmcmm_boxcox_scaled,0.08006380945693657,-0.0028411607836622416,0.049893563728785346,NA,NA,NA
Sintocephalus__time,-0.006447955635071976,-0.028194508658645506,0.010612024744122593,NA,NA,NA
Siriusgnathus__rotated_lat_scaled,0.04435994734282694,-0.013902874061389646,0.03954551152350036,0.7356588839509641,0.029132284224033356,2.6410039104521275
Siriusgnathus__map_scaled,-0.12425484270862953,-0.1000982793440635,0.021896630534697134,NA,NA,NA
Siriusgnathus__mat_scaled,0.19764293580265205,-0.006979966135959778,0.0881134825568436,NA,NA,NA
Siriusgnathus__wmmcmm_boxcox_scaled,-0.003881130258415555,-0.031263894107769044,0.016369235486531148,NA,NA,NA
Siriusgnathus__time,0.07409496390425062,-0.009120659296794306,0.05559563829339388,NA,NA,NA
Sludica__rotated_lat_scaled,0.09225086172318535,-0.007265175381686846,0.03550290801989206,0.47815814482950375,0.21467349864542484,0.9035982266068459
Sludica__map_scaled,0.09880030835081098,-0.040019275184733756,0.09029273849849714,NA,NA,NA
Sludica__mat_scaled,-0.12573598855089477,-0.10189212650218588,0.0316172126360534,NA,NA,NA
Sludica__wmmcmm_boxcox_scaled,0.10602729500292543,-0.007263966413793613,0.04937549431930709,NA,NA,NA
Sludica__time,0.016619397556657575,-0.00492512946357617,0.014732144921216429,NA,NA,NA
Smilesaurus__rotated_lat_scaled,-0.029623012280790135,-0.03225164488723739,0.029105264673378175,0.37292246214754415,0.24326713755726814,0.4936797309201211
Smilesaurus__map_scaled,0.2547824059263803,-0.0031715869900185226,0.09584912958785255,NA,NA,NA
Smilesaurus__mat_scaled,-0.13211658786749467,-0.09308560981659612,0.03543295130414954,NA,NA,NA
Smilesaurus__wmmcmm_boxcox_scaled,0.1041443616943434,-0.00474149476191305,0.04819457005041873,NA,NA,NA
Smilesaurus__time,-0.012226579407579265,-0.02811533649021118,0.01293858277916712,NA,NA,NA
Sphenacodon__rotated_lat_scaled,0.15526158240390942,-0.009060612148737384,0.06433968296668414,0.16920524199958892,0.027679923048708588,0.29161283653229475
Sphenacodon__map_scaled,-0.020826832944294438,-0.036742226339453385,0.044010681418411454,NA,NA,NA
Sphenacodon__mat_scaled,0.1973070375341922,-0.005059782474053632,0.07791374278546973,NA,NA,NA
Sphenacodon__wmmcmm_boxcox_scaled,-0.3810104143130593,-0.09942425950616673,0.004736343162135365,NA,NA,NA
Sphenacodon__time,0.030511995236156508,-0.011078792477565108,0.030520048062265433,NA,NA,NA
Stahleckeria__rotated_lat_scaled,-0.13494846259942278,-0.036440175078979675,0.01611786515942941,0.11298410037779831,0.022216757759451866,0.1535466918721795
Stahleckeria__map_scaled,-0.6591883423086256,-0.11453374099962509,0.021564078436175818,NA,NA,NA
Stahleckeria__mat_scaled,0.4139957396965474,-0.009126710096988646,0.11329033795406333,NA,NA,NA
Stahleckeria__wmmcmm_boxcox_scaled,0.23291286043589934,-0.0007215483634199416,0.053443370842829296,NA,NA,NA
Stahleckeria__time,0.07225043107071542,-0.0005434984069629151,0.017104846002468276,NA,NA,NA
Steppesaurus__rotated_lat_scaled,0.16115524840075524,-0.00806400788759936,0.06099338375843644,0.2283124740362109,0.027070026379078627,0.44758810102939606
Steppesaurus__map_scaled,-0.02465536213843734,-0.041560628198523235,0.05053781672010037,NA,NA,NA
Steppesaurus__mat_scaled,0.19592683204449712,-0.009151416758055416,0.08671379770783252,NA,NA,NA
Steppesaurus__wmmcmm_boxcox_scaled,-0.3343065744265914,-0.09614813732380886,0.00241218307745527,NA,NA,NA
Steppesaurus__time,0.04223045607330277,-0.0064414827779893866,0.020863317131141538,NA,NA,NA
Stereophallodon__rotated_lat_scaled,0.11681021122582023,-0.011992386129343464,0.06704015290715126,0.132976527971623,0.05901122745126486,0.2280664248391986
Stereophallodon__map_scaled,0.05470961874583736,-0.025495237480343567,0.058874472081041,NA,NA,NA
Stereophallodon__mat_scaled,0.15277453352231532,-0.013366748847429923,0.061600399696478465,NA,NA,NA
Stereophallodon__wmmcmm_boxcox_scaled,-0.4104218420526013,-0.0919157139685475,0.0030231851252494686,NA,NA,NA
Stereophallodon__time,0.031142132447566837,-0.018595586520311812,0.030982288585045935,NA,NA,NA
Stereorhachis__rotated_lat_scaled,0.15595840462017804,-0.011112276741890659,0.06267583899352057,0.22473731937549019,0.11428124457597733,0.36307527171447873
Stereorhachis__map_scaled,0.1100451343273744,-0.007915984166291211,0.05483628187308051,NA,NA,NA
Stereorhachis__mat_scaled,0.14443952839821578,-0.01099344887259155,0.05852161432509415,NA,NA,NA
Stereorhachis__wmmcmm_boxcox_scaled,-0.4006879542255774,-0.10914955867845218,0.006806480187713532,NA,NA,NA
Stereorhachis__time,0.02702033217261487,-0.02219440448675067,0.03868028301555738,NA,NA,NA
Struthiocephaloides__rotated_lat_scaled,0.014467216838384048,-0.012962804438062974,0.021155080556052214,0.23024692048551515,0.12480953335762024,0.36629897356033325
Struthiocephaloides__map_scaled,0.324752809535712,-0.024910309712339537,0.11550071005947589,NA,NA,NA
Struthiocephaloides__mat_scaled,-0.4647718805074692,-0.10954994853983982,0.023855121140229665,NA,NA,NA
Struthiocephaloides__wmmcmm_boxcox_scaled,0.2038258429209236,0.0004619177080911868,0.0503647835571153,NA,NA,NA
Struthiocephaloides__time,-0.03598894238471985,-0.014404527963825116,0.010644803082093056,NA,NA,NA
Struthiocephalus__rotated_lat_scaled,-0.04288950468820985,-0.0179164167872083,0.01865694306285748,0.1934768876741873,0.10258236527442932,0.31688236398622394
Struthiocephalus__map_scaled,0.294277878832072,-0.027999188333899045,0.11331730023770054,NA,NA,NA
Struthiocephalus__mat_scaled,-0.4035278972098604,-0.10306659286650782,0.024298692282744262,NA,NA,NA
Struthiocephalus__wmmcmm_boxcox_scaled,0.18987580372951926,0.0006222033029314511,0.053790285535303524,NA,NA,NA
Struthiocephalus__time,-0.032221267072018236,-0.013005678261292548,0.011457277276360344,NA,NA,NA
Styracocephalus__rotated_lat_scaled,0.0022142588160932062,-0.017476493517003696,0.023535325009205018,0.2629093598492909,0.14116571471095085,0.4349496606737375
Styracocephalus__map_scaled,0.33952478057704866,-0.0294316233237648,0.1065047718915505,NA,NA,NA
Styracocephalus__mat_scaled,-0.41905587535351513,-0.100283002716783,0.024122913401215505,NA,NA,NA
Styracocephalus__wmmcmm_boxcox_scaled,0.18421224800520578,-9.421066903788989e-05,0.05570926656555798,NA,NA,NA
Styracocephalus__time,-0.031947926278226076,-0.01408034271938686,0.011648221527437113,NA,NA,NA
Suchogorgon__rotated_lat_scaled,0.1134930594169021,-0.00601263104515182,0.03348052584600513,0.3947426390516921,0.20767479576170444,0.7053859680891037
Suchogorgon__map_scaled,0.13607951065083623,-0.04937133116689591,0.09046163120752734,NA,NA,NA
Suchogorgon__mat_scaled,-0.2481918927130012,-0.08722012792559292,0.031718530514774974,NA,NA,NA
Suchogorgon__wmmcmm_boxcox_scaled,0.1704399759286774,-0.01253917846335125,0.050987953928445524,NA,NA,NA
Suchogorgon__time,0.01614122079927003,-0.006222404344984362,0.014871856898213152,NA,NA,NA
Suminia__rotated_lat_scaled,0.07994195458792347,-0.0045360638918703665,0.043097524195994094,0.6205128203536151,0.23745283670723438,1.1743208207190037
Suminia__map_scaled,0.06870863975191371,-0.044118374221909055,0.07806674071668626,NA,NA,NA
Suminia__mat_scaled,-0.04810154281700732,-0.11001264125956599,0.03538706703668676,NA,NA,NA
Suminia__wmmcmm_boxcox_scaled,0.07383984716737042,0.0034937557141061604,0.05183243015937467,NA,NA,NA
Suminia__time,0.013572975392484237,-0.006192349286737,0.01313673628622434,NA,NA,NA
Sungeodon__rotated_lat_scaled,0.05176159334313729,-0.03410833323198198,0.05893940130857074,1.1733362504062825,0.18173537775874138,2.651650905609131
Sungeodon__map_scaled,0.023939752176903854,-0.09737341418370488,0.037573086470032296,NA,NA,NA
Sungeodon__mat_scaled,0.07396395696422199,-0.009672295864803152,0.08120614351759127,NA,NA,NA
Sungeodon__wmmcmm_boxcox_scaled,0.02588387690433328,-0.02142806173617652,0.032821967563441495,NA,NA,NA
Sungeodon__time,0.012412694694088108,0.0012164320706902897,0.010979899535330323,NA,NA,NA
Sycosaurus__rotated_lat_scaled,-0.11065299757698085,-0.038433233241177936,0.021713532593464622,0.28015021282888486,0.1396937444806099,0.4243564289063215
Sycosaurus__map_scaled,0.27366775369271634,0.0018391700364845077,0.10266103147602752,NA,NA,NA
Sycosaurus__mat_scaled,-0.20048213612288238,-0.10734218254435379,0.02732169651776224,NA,NA,NA
Sycosaurus__wmmcmm_boxcox_scaled,0.12138279156759381,-0.0021448455929820487,0.049169707294376995,NA,NA,NA
Sycosaurus__time,0.00827292718575336,-0.015284581603946986,0.020654530513334754,NA,NA,NA
Syodon__rotated_lat_scaled,0.09229100325816357,-0.006041649523930209,0.040103961484217944,0.4771555202075979,0.18218474369496107,0.8932072576135397
Syodon__map_scaled,0.11663768795421549,-0.050089147779959445,0.08960967571574138,NA,NA,NA
Syodon__mat_scaled,-0.13991992967944186,-0.08605693529389875,0.02232182890589179,NA,NA,NA
Syodon__wmmcmm_boxcox_scaled,0.10396220478534286,-0.012148916771311465,0.05526290355095905,NA,NA,NA
Syodon__time,0.014990907764404445,-0.007029023576876383,0.01422212873815596,NA,NA,NA
Syops__rotated_lat_scaled,-0.08013458178771543,-0.04084251449115475,0.024391021580611207,0.318166767104849,0.17034934647381306,0.536581564694643
Syops__map_scaled,0.27846067724749446,0.002224404366642644,0.10280516077412052,NA,NA,NA
Syops__mat_scaled,-0.20181980811990796,-0.10433464377926199,0.02496690096133731,NA,NA,NA
Syops__wmmcmm_boxcox_scaled,0.12035131559707224,-0.004598881817489435,0.049846783513619215,NA,NA,NA
Syops__time,0.013347290085221175,-0.013814037224712711,0.019510631565277898,NA,NA,NA
Sysphinctostoma__rotated_lat_scaled,0.022006863557047056,-0.025949772637676463,0.038599855393075116,0.6123787731825723,0.1210321094840765,1.0805458724498749
Sysphinctostoma__map_scaled,0.04956030984085256,-0.05115885988793872,0.05558587172580452,NA,NA,NA
Sysphinctostoma__mat_scaled,-0.020074258667890057,-0.06095679962022251,0.03750323958036718,NA,NA,NA
Sysphinctostoma__wmmcmm_boxcox_scaled,0.08701776566228273,-0.018771284426808775,0.06190483311111085,NA,NA,NA
Sysphinctostoma__time,0.04945119369039226,-0.004528956373329782,0.027926698584608455,NA,NA,NA
Tambacarnifex__rotated_lat_scaled,0.20136741352171153,0.009259366757945114,0.06653130232519856,0.41991648177499885,0.08798671886324883,1.0256153088994324
Tambacarnifex__map_scaled,0.05547830167503929,-0.039390601094790416,0.04684112495067669,NA,NA,NA
Tambacarnifex__mat_scaled,0.18172715315068722,0.0025825558291402186,0.06569706549551073,NA,NA,NA
Tambacarnifex__wmmcmm_boxcox_scaled,-0.2965050718132471,-0.12276447987892429,0.007302510715477623,NA,NA,NA
Tambacarnifex__time,0.045894077548493555,-0.011052514559346893,0.035148494908102505,NA,NA,NA
Tamboeria__rotated_lat_scaled,0.011380718356231228,-0.017319685795175933,0.02117177021590909,0.23011443672003223,0.1388532822020352,0.38492441177368164
Tamboeria__map_scaled,0.3336253978125751,-0.024131206203122146,0.11559183084528488,NA,NA,NA
Tamboeria__mat_scaled,-0.4701629614830017,-0.10612362625289955,0.02387394091530072,NA,NA,NA
Tamboeria__wmmcmm_boxcox_scaled,0.20518047621124424,-9.336536443663633e-05,0.050404517327171446,NA,NA,NA
Tamboeria__time,-0.03787106825970113,-0.013697789330341993,0.010478439091299991,NA,NA,NA
Taoheodon__rotated_lat_scaled,0.07100375527984688,-0.007748446860322968,0.05246279837538015,0.6803774148714729,0.37795181572437286,1.1256579849869013
Taoheodon__map_scaled,0.07247855285090599,-0.019549601509584374,0.07566409647091042,NA,NA,NA
Taoheodon__mat_scaled,-0.029910080515093942,-0.1330075846462629,0.03587908780057097,NA,NA,NA
Taoheodon__wmmcmm_boxcox_scaled,0.06072441064398225,0.011676029196320799,0.04491128413226006,NA,NA,NA
Taoheodon__time,0.013665235823043341,-0.01273606912612682,0.01260323161584451,NA,NA,NA
Tapinocaninus__rotated_lat_scaled,0.10441896630800329,-0.009079933099143345,0.03102824605781459,0.31581001571074013,0.03970451280474663,0.7221183609217405
Tapinocaninus__map_scaled,0.2002228207558801,-0.019298007319893246,0.08450956390840655,NA,NA,NA
Tapinocaninus__mat_scaled,-0.18162990742363036,-0.09009498354160692,0.05403403572729239,NA,NA,NA
Tapinocaninus__wmmcmm_boxcox_scaled,0.03787501196085941,-0.03161207364047943,0.042199764287886306,NA,NA,NA
Tapinocaninus__time,-0.033038749973056836,-0.011280675344853325,0.009748888413566307,NA,NA,NA
Tapinocephalus__rotated_lat_scaled,0.01223835514509119,-0.013448600761535855,0.02377979134092736,0.2672673471248709,0.15450415946543217,0.4951506480574608
Tapinocephalus__map_scaled,0.32304006095044313,-0.02584385283047005,0.10822880765876962,NA,NA,NA
Tapinocephalus__mat_scaled,-0.4167820119205862,-0.10643666704784677,0.026814825952762328,NA,NA,NA
Tapinocephalus__wmmcmm_boxcox_scaled,0.1911286662297789,-0.001736076634489403,0.050731569672065456,NA,NA,NA
Tapinocephalus__time,-0.03031959736254066,-0.013900475671634174,0.011965503770441354,NA,NA,NA
Tappenosaurus__rotated_lat_scaled,0.16178187729325144,-0.004728438415991197,0.05572177923473679,0.26607223313883877,0.03614717349410057,0.45510586351156235
Tappenosaurus__map_scaled,0.050975190674653274,-0.031219294592324427,0.04256476778941153,NA,NA,NA
Tappenosaurus__mat_scaled,0.17699475973728113,-0.01849573848991418,0.08228812687464054,NA,NA,NA
Tappenosaurus__wmmcmm_boxcox_scaled,-0.3511416302016005,-0.09840175739567626,0.02097519963171027,NA,NA,NA
Tappenosaurus__time,0.0395001615525689,-0.008520444052070184,0.019970624864466987,NA,NA,NA
Taurocephalus__rotated_lat_scaled,0.007528692769119516,-0.01736612828401408,0.021182780301631003,0.22146091372938825,0.12694226251915097,0.34999750182032585
Taurocephalus__map_scaled,0.3238672508858144,-0.0241959136861558,0.11565194277515095,NA,NA,NA
Taurocephalus__mat_scaled,-0.4588433623127639,-0.10571859084618924,0.023886356227450663,NA,NA,NA
Taurocephalus__wmmcmm_boxcox_scaled,0.2003174382785801,-9.36157223211267e-05,0.050140678064214815,NA,NA,NA
Taurocephalus__time,-0.03937097997404635,-0.013991424407296003,0.0106587410265187,NA,NA,NA
Tenuacaptor__rotated_lat_scaled,0.10634740985115058,-0.012358570491870943,0.05837964041956989,0.1349014889600221,0.07481088489294052,0.21089793369174004
Tenuacaptor__map_scaled,0.09767386173596605,-0.009005979607261572,0.05533944255989854,NA,NA,NA
Tenuacaptor__mat_scaled,0.1277484831144102,-0.010553322425815814,0.06223669001473366,NA,NA,NA
Tenuacaptor__wmmcmm_boxcox_scaled,-0.41348715108819306,-0.10790514663613571,0.0021041173172311554,NA,NA,NA
Tenuacaptor__time,0.028657011264003815,-0.021542653784892216,0.04346060808353288,NA,NA,NA
Tessellatia__rotated_lat_scaled,-0.02152072590048192,-0.014390969831978101,0.017072275085911002,0.14294418738289097,0.009394481778144836,0.22596214711666107
Tessellatia__map_scaled,-0.6798479302530177,-0.11848989313078231,-0.005053689961458452,NA,NA,NA
Tessellatia__mat_scaled,0.48521200112998486,-0.006416281665874838,0.1333184937370352,NA,NA,NA
Tessellatia__wmmcmm_boxcox_scaled,0.034600559566169975,-0.013305300145112609,0.03148360965610413,NA,NA,NA
Tessellatia__time,0.13653840875755122,-0.008763228172228407,0.04469980987737425,NA,NA,NA
Tetraceratops__rotated_lat_scaled,0.1327677831472829,-0.012387437688697097,0.0571798226201364,0.10510616559768096,0.02420288324356079,0.35084256529808044
Tetraceratops__map_scaled,-0.13637354474689345,-0.05325627975784975,0.04073832577949652,NA,NA,NA
Tetraceratops__mat_scaled,0.1956880175601691,-0.009236232914264621,0.10367399897876546,NA,NA,NA
Tetraceratops__wmmcmm_boxcox_scaled,-0.31694635532796384,-0.07951053026106282,-0.00411696190066078,NA,NA,NA
Tetraceratops__time,0.04200839088240173,-0.006975192324101965,0.02404531291722853,NA,NA,NA
Tetracynodon__rotated_lat_scaled,-0.152216118836659,-0.04364041080465701,0.00757285371325865,0.33499988992130963,0.18592181778512895,0.519713157787919
Tetracynodon__map_scaled,-0.024699904744047672,-0.06490517008265413,0.03799014603349654,NA,NA,NA
Tetracynodon__mat_scaled,0.15343188234808622,-0.03180408601871212,0.10530041921307555,NA,NA,NA
Tetracynodon__wmmcmm_boxcox_scaled,0.10669391331713995,-0.017214574632535163,0.05478669398471418,NA,NA,NA
Tetracynodon__time,0.06382824375410565,-0.0038014314074178352,0.0158703854504212,NA,NA,NA
Tetragonias__rotated_lat_scaled,-0.16156614094914404,-0.036990578597157424,0.020998854217321564,0.19318465072719845,0.03134322911500931,0.35729222372174263
Tetragonias__map_scaled,-0.05185216146754101,-0.06619202192027716,0.04180187728790695,NA,NA,NA
Tetragonias__mat_scaled,-0.03798479137651157,-0.047524423994969395,0.054103678690385765,NA,NA,NA
Tetragonias__wmmcmm_boxcox_scaled,0.2222768501797691,-0.008140098896524565,0.0910788990869391,NA,NA,NA
Tetragonias__time,0.03434902025794145,-0.0025185495370477124,0.01353718911241274,NA,NA,NA
Theriognathus__rotated_lat_scaled,-0.17344195230398327,-0.05410715245360498,0.000666626742233432,0.22051957357412902,0.07189616374671459,0.3546918034553528
Theriognathus__map_scaled,0.12131986437365412,-0.011810545284115445,0.08293406419262524,NA,NA,NA
Theriognathus__mat_scaled,-0.13774357519112526,-0.07866163736869261,0.019150936859115026,NA,NA,NA
Theriognathus__wmmcmm_boxcox_scaled,0.16698667410528287,-0.011627925581538362,0.09805267481317083,NA,NA,NA
Theriognathus__time,0.05543668850761605,-0.005158412258024864,0.020716195787821606,NA,NA,NA
Therioherpeton__rotated_lat_scaled,-0.02608292532269843,-0.013190337014925396,0.01625945292122413,0.13547216007551469,0.007108282297849655,0.1844889948843047
Therioherpeton__map_scaled,-0.7755574287497439,-0.12540404152288367,-0.000244380690767855,NA,NA,NA
Therioherpeton__mat_scaled,0.5019986921641976,-0.01201458024133953,0.1277377405243819,NA,NA,NA
Therioherpeton__wmmcmm_boxcox_scaled,0.13740339314630545,-0.0067437809480011225,0.04040540295107056,NA,NA,NA
Therioherpeton__time,0.10974855475476943,-0.00401293321882651,0.0373622826890574,NA,NA,NA
Therioides__rotated_lat_scaled,0.014566937634954228,-0.01810322258293492,0.021155080556052214,0.2247482456081343,0.1388532822020352,0.3481367249041796
Therioides__map_scaled,0.34192126857116817,-0.023957331328802678,0.11550071005947589,NA,NA,NA
Therioides__mat_scaled,-0.49281755258329213,-0.10535896359900114,0.023855121140229665,NA,NA,NA
Therioides__wmmcmm_boxcox_scaled,0.2103636621835176,-9.269263009958895e-05,0.0503647835571153,NA,NA,NA
Therioides__time,-0.03724794428089808,-0.013853462805137922,0.010644803082093056,NA,NA,NA
Theroteinus__rotated_lat_scaled,-0.05403191515011713,-0.029119743681473215,0.026437004172756125,0.37379349398692285,0.226522047072649,0.49275155179202557
Theroteinus__map_scaled,-0.00884889779612422,-0.033034277176968885,0.03147644219121651,NA,NA,NA
Theroteinus__mat_scaled,0.23746468933532014,-0.03610963510477454,0.08395116159209953,NA,NA,NA
Theroteinus__wmmcmm_boxcox_scaled,-0.06320913585801463,-0.029015344229684437,0.01932331346160307,NA,NA,NA
Theroteinus__time,0.07445687937317416,-0.0340866727530752,0.06033257697729088,NA,NA,NA
Thliptosaurus__rotated_lat_scaled,0.025749650231245074,-0.04282646989598054,0.03415765923203321,0.4897132551055984,0.26910069957375526,0.7418144419789314
Thliptosaurus__map_scaled,0.16820044696111,-0.0010520254183265015,0.09088683671656929,NA,NA,NA
Thliptosaurus__mat_scaled,-0.07134929060596777,-0.08828050156279266,0.0367380901472889,NA,NA,NA
Thliptosaurus__wmmcmm_boxcox_scaled,0.06829126813484561,-0.0020614955280145596,0.04962736663211708,NA,NA,NA
Thliptosaurus__time,-0.0029302006385484,-0.027145180540861992,0.010110545666957642,NA,NA,NA
Thomasia__rotated_lat_scaled,-0.05371001956915279,-0.029298081481504208,0.026682556267514833,0.37354327786229985,0.22644266858696938,0.4916684068739414
Thomasia__map_scaled,-0.00892249797936529,-0.03304228862946164,0.03134560364370286,NA,NA,NA
Thomasia__mat_scaled,0.23775359221850523,-0.036059955411923056,0.0841399787688886,NA,NA,NA
Thomasia__wmmcmm_boxcox_scaled,-0.06366128823690814,-0.02906500435482836,0.019316681333315145,NA,NA,NA
Thomasia__time,0.07412161734653637,-0.033900343068259,0.06003567838154467,NA,NA,NA
Thrinaxodon__rotated_lat_scaled,-0.21396854285150765,-0.05460228260260349,-0.0029390372963595157,0.28392182273470096,0.12690367549657822,0.425405777990818
Thrinaxodon__map_scaled,-0.12145672641927377,-0.06391857009694261,0.04557533846261404,NA,NA,NA
Thrinaxodon__mat_scaled,0.30954597211093643,-0.02793537430690708,0.11644980796138257,NA,NA,NA
Thrinaxodon__wmmcmm_boxcox_scaled,0.06972244120319374,-0.013098456566724818,0.04371188707295996,NA,NA,NA
Thrinaxodon__time,0.05211680460866774,-0.001810989372798256,0.018722502194369064,NA,NA,NA
Tiarajudens__rotated_lat_scaled,-0.08832917306186573,-0.01878070464435985,0.015283623995120435,0.12492857897734211,0.002483982592821121,0.4287273269146681
Tiarajudens__map_scaled,0.11586402401793748,-0.02487953424077894,0.07724048906308505,NA,NA,NA
Tiarajudens__mat_scaled,0.014928911235183478,-0.06000280097171647,0.06869267183341396,NA,NA,NA
Tiarajudens__wmmcmm_boxcox_scaled,-0.12567306960001587,-0.04872920192085033,0.04300593301267745,NA,NA,NA
Tiarajudens__time,0.020176012303418246,-0.008973431168270679,0.017297780490669226,NA,NA,NA
Tigrisuchus__rotated_lat_scaled,0.007733978760616744,-0.039950932074959256,0.02928330320858669,0.4403014207491651,0.25820067152380943,0.6207045651972294
Tigrisuchus__map_scaled,0.19534957277546094,-0.001387876143696332,0.0912008388862456,NA,NA,NA
Tigrisuchus__mat_scaled,-0.08953829317603564,-0.08899119528501293,0.04048740005141474,NA,NA,NA
Tigrisuchus__wmmcmm_boxcox_scaled,0.08007933513048646,-0.0028411607836622416,0.04778744335073748,NA,NA,NA
Tigrisuchus__time,-0.005662719407843999,-0.028194508658645506,0.012761512897981634,NA,NA,NA
Tikitherium__rotated_lat_scaled,0.10594074244331687,-0.016324643610575812,0.0602563644093108,0.6357295986346435,0.03470653295516968,1.8447747826576233
Tikitherium__map_scaled,-0.33954462087574677,-0.1331856920787047,0.007219498995783374,NA,NA,NA
Tikitherium__mat_scaled,0.26584192912080523,-0.008635461838820633,0.09970309420838461,NA,NA,NA
Tikitherium__wmmcmm_boxcox_scaled,0.110426690899747,0.000990399901700204,0.038024904479597145,NA,NA,NA
Tikitherium__time,0.04529713249456222,-0.004210275319575306,0.016316636301890213,NA,NA,NA
Titanophoneus__rotated_lat_scaled,0.08856265634404585,-0.004778939905216624,0.040175891204733694,0.5074737827060745,0.23387125879526138,0.9467341527342796
Titanophoneus__map_scaled,0.10791641298581152,-0.051441996488677026,0.08488648213374318,NA,NA,NA
Titanophoneus__mat_scaled,-0.13287340446558257,-0.0943211816169643,0.02496136787415162,NA,NA,NA
Titanophoneus__wmmcmm_boxcox_scaled,0.11157754457272283,-0.002343229453651764,0.05896102299182734,NA,NA,NA
Titanophoneus__time,0.012778664645686909,-0.008480325481466546,0.012535734190510293,NA,NA,NA
Titanosuchus__rotated_lat_scaled,0.02853127768728882,-0.012253056028742828,0.028616690067463032,0.3255637112236582,0.1394335483200848,0.5281772837042809
Titanosuchus__map_scaled,0.3155090298783034,-0.02540867122761559,0.10174475361434403,NA,NA,NA
Titanosuchus__mat_scaled,-0.3736748293787241,-0.11177388033788203,0.0229838317495584,NA,NA,NA
Titanosuchus__wmmcmm_boxcox_scaled,0.18951375567819922,0.000735799132471332,0.05645635341099218,NA,NA,NA
Titanosuchus__time,-0.022277396724093707,-0.01266586448420713,0.011718869552608478,NA,NA,NA
Traversodon__rotated_lat_scaled,-0.10856925412837881,-0.028787903353277817,0.016657775962976684,0.10915117004595232,0.030184369534254074,0.16904870606958866
Traversodon__map_scaled,-0.7128082113573327,-0.11808862469920987,0.0030141003082183194,NA,NA,NA
Traversodon__mat_scaled,0.44101621515816075,-0.010404654793142294,0.12479228212070406,NA,NA,NA
Traversodon__wmmcmm_boxcox_scaled,0.22424601347185671,-0.004371589072804605,0.057011377320823016,NA,NA,NA
Traversodon__time,0.0773045328189619,0.0002870989724583335,0.020044962682244035,NA,NA,NA
Traversodontoides__rotated_lat_scaled,0.07204265117144953,-0.013588003140958394,0.035208585102004884,0.3887254885704533,0.10531352646648884,0.7321006543934345
Traversodontoides__map_scaled,0.09440030147950118,-0.018181845851230626,0.04877182705509445,NA,NA,NA
Traversodontoides__mat_scaled,-0.14430825198904415,-0.08225874911961348,0.039822374604364205,NA,NA,NA
Traversodontoides__wmmcmm_boxcox_scaled,0.11414733353774635,-0.04399816181119389,0.07800669673070922,NA,NA,NA
Traversodontoides__time,0.0516798398830316,-0.0033389130229798504,0.019711014902793356,NA,NA,NA
Trichasaurus__rotated_lat_scaled,0.12014129146293272,-0.011524891228772783,0.055430041201791916,0.079896807151963,0.012131176888942719,0.1528251152485609
Trichasaurus__map_scaled,-0.15890245321439578,-0.05740264921499823,0.028733659706382635,NA,NA,NA
Trichasaurus__mat_scaled,0.19552580634132027,-0.005621927578480398,0.11476069057985318,NA,NA,NA
Trichasaurus__wmmcmm_boxcox_scaled,-0.30875068293884395,-0.08100016156892452,-0.0052128828801804444,NA,NA,NA
Trichasaurus__time,0.04392097141826525,-0.005816043354800317,0.027808989787118835,NA,NA,NA
Tricuspes__rotated_lat_scaled,-0.05394519510911778,-0.029169056479490793,0.0265091477836254,0.37371589544978634,0.22649799659848213,0.49234929494559765
Tricuspes__map_scaled,-0.008871047326829284,-0.03303638631017761,0.0314118535828665,NA,NA,NA
Tricuspes__mat_scaled,0.2375426765951852,-0.03609606121889517,0.08401542453077882,NA,NA,NA
Tricuspes__wmmcmm_boxcox_scaled,-0.06333544273358711,-0.0290295477008143,0.019324352969091636,NA,NA,NA
Tricuspes__time,0.0743630299414508,-0.03403462123659839,0.060259719528603775,NA,NA,NA
Trirachodon__rotated_lat_scaled,-0.15931977572850883,-0.042121777754201034,0.0030045541175298344,0.25259827348170805,0.04406916722655296,0.42285002022981644
Trirachodon__map_scaled,0.012752630719915033,-0.05090718465411808,0.06550416555242637,NA,NA,NA
Trirachodon__mat_scaled,-0.041613112362101676,-0.05693114873630008,0.059731162600705844,NA,NA,NA
Trirachodon__wmmcmm_boxcox_scaled,0.1857238191878423,-0.009164640631180589,0.07514445952549753,NA,NA,NA
Trirachodon__time,0.06709283758187666,-0.0022409211701764895,0.018136156598806536,NA,NA,NA
Tritylodon__rotated_lat_scaled,-0.0251066007803941,-0.01741669784726666,0.016626278406810933,0.4329622239926539,0.025317206978797913,1.6312016770243645
Tritylodon__map_scaled,-0.27341855599312914,-0.08498453981815349,0.025805017357972526,NA,NA,NA
Tritylodon__mat_scaled,0.326105894215986,-0.01626078624720178,0.08937416182361504,NA,NA,NA
Tritylodon__wmmcmm_boxcox_scaled,-0.019810056326730115,-0.026760263672603195,0.026613748632368598,NA,NA,NA
Tritylodon__time,0.18019119296695185,-0.01594338536075114,0.06310129217419905,NA,NA,NA
Trochorhinus__rotated_lat_scaled,0.017263995945686474,-0.013095116151824817,0.022715940891570908,0.23924036406097002,0.12480953335762024,0.4406005274504423
Trochorhinus__map_scaled,0.3245925465039909,-0.029064214756161146,0.11050905309600328,NA,NA,NA
Trochorhinus__mat_scaled,-0.4500539727229625,-0.10574765607944021,0.023283072349337602,NA,NA,NA
Trochorhinus__wmmcmm_boxcox_scaled,0.19638623676728456,0.0004458853297814749,0.05376974424279381,NA,NA,NA
Trochorhinus__time,-0.03691031651571393,-0.013904571288331568,0.011242687815260513,NA,NA,NA
Trochosaurus__rotated_lat_scaled,0.002445586364483461,-0.018452595266442804,0.02011674119705586,0.27647169639356434,0.15868831612169743,0.47212736681103706
Trochosaurus__map_scaled,0.29046015969477595,-0.029516230881402452,0.10234089927548277,NA,NA,NA
Trochosaurus__mat_scaled,-0.35656585295684634,-0.09722424956195966,0.02894306950123788,NA,NA,NA
Trochosaurus__wmmcmm_boxcox_scaled,0.18339746625279077,-0.0030381316518353365,0.05720460456524023,NA,NA,NA
Trochosaurus__time,-0.03122753704432398,-0.013134465584336001,0.012915183855949362,NA,NA,NA
Trochosuchus__rotated_lat_scaled,0.016841487685451285,-0.012918109998878517,0.024253912974512484,0.2193845781800337,0.15450415946543217,0.3417209256440401
Trochosuchus__map_scaled,0.333462883066386,-0.0248244214828423,0.11371438710740221,NA,NA,NA
Trochosuchus__mat_scaled,-0.4920160849392414,-0.10917223139259219,0.02348618011471262,NA,NA,NA
Trochosuchus__wmmcmm_boxcox_scaled,0.21149223027401604,-9.604746398356007e-05,0.049585846624191084,NA,NA,NA
Trochosuchus__time,-0.0383578119892627,-0.014354862607679684,0.01048017157414773,NA,NA,NA
Tropidostoma__rotated_lat_scaled,-0.09808913649758325,-0.04110515841660094,0.015245771319112693,0.25892802888414734,0.19312074780464172,0.3322987910360098
Tropidostoma__map_scaled,0.24827933079290232,-0.00040528242350219406,0.10925283383289315,NA,NA,NA
Tropidostoma__mat_scaled,-0.15874577963506453,-0.08878040263102245,0.03513667395602092,NA,NA,NA
Tropidostoma__wmmcmm_boxcox_scaled,0.09981935613323004,-0.00519103063004481,0.049156204543132596,NA,NA,NA
Tropidostoma__time,-0.020297615992021747,-0.025883798844805857,0.012729014743806756,NA,NA,NA
Trucidocynodon__rotated_lat_scaled,0.04099991129584215,-0.01571082346685562,0.036175951533140016,0.650243690510979,0.03644804656505585,2.6695002019405365
Trucidocynodon__map_scaled,-0.17834181298184087,-0.10563942016597085,0.01909382890236795,NA,NA,NA
Trucidocynodon__mat_scaled,0.23640879418481775,-0.0038175662838023923,0.09333545598305311,NA,NA,NA
Trucidocynodon__wmmcmm_boxcox_scaled,0.007190253153892831,-0.026771903473388058,0.018326214290290455,NA,NA,NA
Trucidocynodon__time,0.08170472842997269,-0.009425959555959328,0.05458904768611459,NA,NA,NA
Turfanodon_Temperate_N__rotated_lat_scaled,0.05638445341122104,0.004827818350495952,0.05512989616619544,1.0884837904739835,0.2497562924399972,2.4306176714599133
Turfanodon_Temperate_N__map_scaled,0.041323409643503055,-0.041468029082279,0.04661722794084149,NA,NA,NA
Turfanodon_Temperate_N__mat_scaled,0.044568279271944934,-0.10027381208078466,0.07742861915564758,NA,NA,NA
Turfanodon_Temperate_N__wmmcmm_boxcox_scaled,0.03465408649536689,-0.0214319207428923,0.032626435881158836,NA,NA,NA
Turfanodon_Temperate_N__time,0.01103164526064862,-0.003019729390516249,0.009718319251122763,NA,NA,NA
Ufudocyclops__rotated_lat_scaled,0.028284920207283935,-0.02967406317976231,0.03519865737912847,0.6263265324206441,0.14565742947161198,1.058852642774582
Ufudocyclops__map_scaled,0.06006528403648711,-0.03103312626831389,0.060160278551376185,NA,NA,NA
Ufudocyclops__mat_scaled,-0.02521378566063062,-0.06800711951377542,0.037314664863430796,NA,NA,NA
Ufudocyclops__wmmcmm_boxcox_scaled,0.07790701043486747,-0.02747241542696271,0.06224179754063001,NA,NA,NA
Ufudocyclops__time,0.046918445064676614,-0.005178948557161949,0.026605100060400667,NA,NA,NA
Ulemica__rotated_lat_scaled,0.08597948787118151,-0.005532917791298242,0.034119108893041726,0.5246347169755609,0.22782345116138458,1.0243410905823112
Ulemica__map_scaled,0.10385912818666754,-0.033906400148546706,0.09901559003455568,NA,NA,NA
Ulemica__mat_scaled,-0.12269594772935191,-0.10262390275966089,0.029272658894923326,NA,NA,NA
Ulemica__wmmcmm_boxcox_scaled,0.1087448294625541,-0.010963755179551558,0.0481353205701226,NA,NA,NA
Ulemica__time,0.012074376291633312,-0.008338697066918851,0.01097782000232279,NA,NA,NA
Ulemosaurus__rotated_lat_scaled,0.09994073764974158,-0.006176975372025037,0.03349691306735234,0.43474567662429764,0.1838741796091199,0.7692098282277584
Ulemosaurus__map_scaled,0.14013921437942586,-0.05141130988607857,0.08594062364739878,NA,NA,NA
Ulemosaurus__mat_scaled,-0.19802792255556478,-0.08783619306794545,0.03464808268893275,NA,NA,NA
Ulemosaurus__wmmcmm_boxcox_scaled,0.13002763767303185,-0.012339251036128847,0.05320457753418491,NA,NA,NA
Ulemosaurus__time,0.015882206936050046,-0.0036019435837983584,0.014230301457097371,NA,NA,NA
Uniserium__rotated_lat_scaled,-0.05403191515011713,-0.029119743681473215,0.026437004172756125,0.37379349398692285,0.226522047072649,0.49275155179202557
Uniserium__map_scaled,-0.00884889779612422,-0.033034277176968885,0.03147644219121651,NA,NA,NA
Uniserium__mat_scaled,0.23746468933532014,-0.03610963510477454,0.08395116159209953,NA,NA,NA
Uniserium__wmmcmm_boxcox_scaled,-0.06320913585801463,-0.029015344229684437,0.01932331346160307,NA,NA,NA
Uniserium__time,0.07445687937317416,-0.0340866727530752,0.06033257697729088,NA,NA,NA
Uralocynodon__rotated_lat_scaled,0.09606433245968875,-0.006108318233190263,0.0387139695730829,0.4618628381248709,0.17837391793727875,0.8111885618418455
Uralocynodon__map_scaled,0.10980484166950512,-0.04796757290717639,0.08865649634956606,NA,NA,NA
Uralocynodon__mat_scaled,-0.14881845283195433,-0.08666165794801321,0.023959667644352953,NA,NA,NA
Uralocynodon__wmmcmm_boxcox_scaled,0.11581514904344344,-0.01685995491043386,0.05386962963539227,NA,NA,NA
Uralocynodon__time,0.015096003742001571,-0.003768168947162541,0.016320735192571944,NA,NA,NA
Uralokannemeyeria__rotated_lat_scaled,0.05533405853776977,-0.006862215479395529,0.045356405675578464,0.6564993541808843,0.10440319404006004,1.9345230758190155
Uralokannemeyeria__map_scaled,0.0006434242962639373,-0.0673832400958081,0.035234772089471414,NA,NA,NA
Uralokannemeyeria__mat_scaled,0.029016740626727475,-0.05063536553202358,0.05716408784468703,NA,NA,NA
Uralokannemeyeria__wmmcmm_boxcox_scaled,0.0824216194765881,-0.031590303184188075,0.07288341807769402,NA,NA,NA
Uralokannemeyeria__time,0.020546031145335233,-0.004894548654560972,0.010881814707535199,NA,NA,NA
Urumchia__rotated_lat_scaled,0.05150724431155358,-0.03959097385084521,0.05454071240121842,1.178503799047321,0.18218118324875832,2.655148908495903
Urumchia__map_scaled,0.024170764192467366,-0.09139828372732278,0.039150408903405154,NA,NA,NA
Urumchia__mat_scaled,0.07396660211088565,-0.009801673096811883,0.08318685816820588,NA,NA,NA
Urumchia__wmmcmm_boxcox_scaled,0.025870469065935948,-0.020546475390862566,0.03376977347547663,NA,NA,NA
Urumchia__time,0.012446794401841975,-2.826688013380578e-05,0.01087274544666003,NA,NA,NA
Ustia__rotated_lat_scaled,0.11263296853972073,-0.002878425673685092,0.03763433582766341,0.40512599587993464,0.17811897583305836,0.7421043962240219
Ustia__map_scaled,0.12964475389363228,-0.05012618732182994,0.0870365648385989,NA,NA,NA
Ustia__mat_scaled,-0.2232157217673705,-0.0885536680356662,0.03051760067647966,NA,NA,NA
Ustia__wmmcmm_boxcox_scaled,0.15405821882445928,-0.012730894502136597,0.054084404310517864,NA,NA,NA
Ustia__time,0.014841654592242754,-0.007076497412658424,0.012247592741706293,NA,NA,NA
Varanodon__rotated_lat_scaled,0.17828127322951332,-0.006942848389834355,0.057446626056625455,0.29821650956291706,0.09325499832630157,0.48100049793720245
Varanodon__map_scaled,0.08074049308896064,-0.02229087966787661,0.05000100663196048,NA,NA,NA
Varanodon__mat_scaled,0.1810837413650006,-0.019519981152278893,0.0812698952480235,NA,NA,NA
Varanodon__wmmcmm_boxcox_scaled,-0.3724246325157583,-0.10542070562695674,0.012405902843247201,NA,NA,NA
Varanodon__time,0.042573760312516244,-0.0071912581090296575,0.020397067615109475,NA,NA,NA
Varanops__rotated_lat_scaled,0.14972704169573262,-0.005782147198138777,0.06676672478683233,0.17809872183483094,0.028412871062755585,0.45424462854862213
Varanops__map_scaled,-0.049273784821853045,-0.04638576533605309,0.046876170489412186,NA,NA,NA
Varanops__mat_scaled,0.2062722136080265,-0.008858498064791925,0.0903804375315599,NA,NA,NA
Varanops__wmmcmm_boxcox_scaled,-0.3596799556352198,-0.09516313376965328,-0.003909906761781288,NA,NA,NA
Varanops__time,0.04309133290546015,-0.005176128577339172,0.02140707234894301,NA,NA,NA
Varanosaurus__rotated_lat_scaled,0.16644528795499355,-0.004673799805764929,0.06247117452946774,0.23716963070968633,0.02767297998070717,0.46974602714180946
Varanosaurus__map_scaled,0.007854118314571678,-0.03960548394661081,0.04613308324111763,NA,NA,NA
Varanosaurus__mat_scaled,0.19534206372103655,-0.012031612241264325,0.08579401820707552,NA,NA,NA
Varanosaurus__wmmcmm_boxcox_scaled,-0.3635888684168458,-0.09954122725177711,0.0029692967365369553,NA,NA,NA
Varanosaurus__time,0.04315515505324583,-0.0055135497005590955,0.024152925680768267,NA,NA,NA
Vaughnictis__rotated_lat_scaled,0.17253179227933288,-0.006458502910483407,0.061623961037590165,0.22946959015680476,0.09463147749193013,0.3989151744171977
Vaughnictis__map_scaled,0.03938069778261706,-0.03475793134520805,0.052921572190306236,NA,NA,NA
Vaughnictis__mat_scaled,0.18947985151782631,-0.005390857912883359,0.07451118224993226,NA,NA,NA
Vaughnictis__wmmcmm_boxcox_scaled,-0.3890146852703765,-0.10294194743809411,0.0012250127076063092,NA,NA,NA
Vaughnictis__time,0.0291300597647205,-0.01181643333930734,0.031238770209531162,NA,NA,NA
Venyukovia__rotated_lat_scaled,0.15789589285850525,0.001928504842579417,0.045186425021220195,0.23294930588715942,0.10483067203313112,0.43388447538018227
Venyukovia__map_scaled,0.04942102966830134,-0.027091160159251795,0.04092969789831072,NA,NA,NA
Venyukovia__mat_scaled,0.12114530166320037,-0.03673532998202422,0.0779216714288816,NA,NA,NA
Venyukovia__wmmcmm_boxcox_scaled,-0.31754642505198716,-0.09288338263674777,0.0369622797950604,NA,NA,NA
Venyukovia__time,0.03407163266645512,-0.006584305010531889,0.020520424251493218,NA,NA,NA
Vetusodon__rotated_lat_scaled,0.025749650231245074,-0.04282646989598054,0.03415765923203321,0.4897132551055984,0.26910069957375526,0.7418144419789314
Vetusodon__map_scaled,0.16820044696111,-0.0010520254183265015,0.09088683671656929,NA,NA,NA
Vetusodon__mat_scaled,-0.07134929060596777,-0.08828050156279266,0.0367380901472889,NA,NA,NA
Vetusodon__wmmcmm_boxcox_scaled,0.06829126813484561,-0.0020614955280145596,0.04962736663211708,NA,NA,NA
Vetusodon__time,-0.0029302006385484,-0.027145180540861992,0.010110545666957642,NA,NA,NA
Viatkogorgon__rotated_lat_scaled,0.10212715947413972,-0.0027006012041114096,0.04060037721982975,0.43046246466896265,0.23584572970867157,0.7601613029837608
Viatkogorgon__map_scaled,0.11371140015365759,-0.05003530239549393,0.08255865256097311,NA,NA,NA
Viatkogorgon__mat_scaled,-0.18320821471866994,-0.08873759486546766,0.028591261364628,NA,NA,NA
Viatkogorgon__wmmcmm_boxcox_scaled,0.13921761151440895,-0.012811678355446842,0.05588287016647744,NA,NA,NA
Viatkogorgon__time,0.016113917659148224,-0.007080496125456396,0.01388733708305783,NA,NA,NA
Viatkosuchus__rotated_lat_scaled,0.10270595582621564,-0.0035501291166413125,0.04265109750529572,0.44576893645193194,0.17794516868889332,0.9422025084495544
Viatkosuchus__map_scaled,0.08049416590833308,-0.06027628523247807,0.07339683124888248,NA,NA,NA
Viatkosuchus__mat_scaled,-0.14008514351350768,-0.09225808553770785,0.030447687787381345,NA,NA,NA
Viatkosuchus__wmmcmm_boxcox_scaled,0.12686085407254896,-0.0007246598322295647,0.059511336760983455,NA,NA,NA
Viatkosuchus__time,0.017986041789094517,-0.004556513226919446,0.015513545092423106,NA,NA,NA
Vinceria__rotated_lat_scaled,-0.19333421123214067,-0.03385387654326774,0.004725416569182023,0.1271281579141214,0.018870769068598747,0.23146994225680828
Vinceria__map_scaled,-0.020421637904364617,-0.06125512187771438,0.06368677052457816,NA,NA,NA
Vinceria__mat_scaled,-0.07199327209964394,-0.05833150394904995,0.06538758064526898,NA,NA,NA
Vinceria__wmmcmm_boxcox_scaled,0.19578058892628178,-0.00609813782452389,0.07446887204350992,NA,NA,NA
Vinceria__time,0.029134816141304327,-0.0018270327514203059,0.013251858612427041,NA,NA,NA
Vivaxosaurus__rotated_lat_scaled,0.07242362817132288,-0.01159890647736368,0.04739129442549575,0.7180538929674367,0.4140695109963417,1.2164115868508816
Vivaxosaurus__map_scaled,0.06860681294240283,-0.01605431403777268,0.0747015576379921,NA,NA,NA
Vivaxosaurus__mat_scaled,-0.024820488635192664,-0.14107601155744268,0.034945175662784635,NA,NA,NA
Vivaxosaurus__wmmcmm_boxcox_scaled,0.05900818921620457,0.01776431397148126,0.05018523967690253,NA,NA,NA
Vivaxosaurus__time,0.012743732387946906,-0.010400754844878474,0.014297230991791114,NA,NA,NA
Wadiasaurus__rotated_lat_scaled,0.02321105711617826,-0.04369295149981242,0.04496179170737509,0.5892500797577668,0.06315339729189873,1.7389650121331215
Wadiasaurus__map_scaled,0.09327767652348473,-0.005694533291450659,0.049125647727025275,NA,NA,NA
Wadiasaurus__mat_scaled,-0.08390232555353634,-0.09068637691415296,0.029368494226573935,NA,NA,NA
Wadiasaurus__wmmcmm_boxcox_scaled,0.13134790666502935,-0.014741434983940397,0.08619745899625568,NA,NA,NA
Wadiasaurus__time,0.02402755933152853,-0.006550376256619824,0.01186710573773615,NA,NA,NA
Walteria__rotated_lat_scaled,0.017163491785759107,-0.018386149454826497,0.017972600218305917,0.22113183247158305,0.1388532822020352,0.3417209256440401
Walteria__map_scaled,0.3288837750069797,-0.02940994610744788,0.11155731617295378,NA,NA,NA
Walteria__mat_scaled,-0.4666271135210991,-0.10020914147172395,0.025858175145809466,NA,NA,NA
Walteria__wmmcmm_boxcox_scaled,0.19227389732026495,0.0004511893278037026,0.05459378666513592,NA,NA,NA
Walteria__time,-0.03852409220300615,-0.013811625239781609,0.011538620192761034,NA,NA,NA
Wantulignathus__rotated_lat_scaled,-0.11065045038965764,-0.017484375191616625,-4.396161408135997e-05,0.07112127852902632,0.007449571043252945,0.13677837699651718
Wantulignathus__map_scaled,0.10175884639349533,-0.021118392249277345,0.09007134500699483,NA,NA,NA
Wantulignathus__mat_scaled,-0.018318212397862226,-0.073074151733959,0.08724995985925726,NA,NA,NA
Wantulignathus__wmmcmm_boxcox_scaled,-0.08499161487445235,-0.039756584804440755,0.033527801339947164,NA,NA,NA
Wantulignathus__time,-0.004639164285181323,-0.009932168966682513,0.010715353802848234,NA,NA,NA
Watongia__rotated_lat_scaled,0.17460003765532747,-0.006849386643950159,0.04896202766549652,0.30595104444539173,0.10473486594855785,0.48100049793720245
Watongia__map_scaled,0.06848007265944034,-0.021990809089624506,0.047906274693787186,NA,NA,NA
Watongia__mat_scaled,0.17767122441902758,-0.021429449033012325,0.07989236513553544,NA,NA,NA
Watongia__wmmcmm_boxcox_scaled,-0.342197720524855,-0.10400157580487022,0.027375314916883026,NA,NA,NA
Watongia__time,0.03943555615376681,-0.007094452374519037,0.017384515983263963,NA,NA,NA
Woutersia__rotated_lat_scaled,-0.05403191515011713,-0.029119743681473215,0.026437004172756125,0.37379349398692285,0.226522047072649,0.49275155179202557
Woutersia__map_scaled,-0.00884889779612422,-0.033034277176968885,0.03147644219121651,NA,NA,NA
Woutersia__mat_scaled,0.23746468933532014,-0.03610963510477454,0.08395116159209953,NA,NA,NA
Woutersia__wmmcmm_boxcox_scaled,-0.06320913585801463,-0.029015344229684437,0.01932331346160307,NA,NA,NA
Woutersia__time,0.07445687937317416,-0.0340866727530752,0.06033257697729088,NA,NA,NA
Woznikella__rotated_lat_scaled,0.08272367631050932,-0.016192742171652137,0.0477980279291695,0.4720150050194934,0.018680386245250702,1.5395470336079597
Woznikella__map_scaled,-0.34503087850168296,-0.1077696608766569,0.007563575699928028,NA,NA,NA
Woznikella__mat_scaled,0.23977784564967705,-0.024215580524780504,0.09620048216663861,NA,NA,NA
Woznikella__wmmcmm_boxcox_scaled,0.15502311027364352,-0.008587342840308336,0.053300482293146045,NA,NA,NA
Woznikella__time,0.055468120350537574,-0.004600346532578375,0.016657930306083965,NA,NA,NA
Xiyukannemeyeria__rotated_lat_scaled,0.054550157235778614,-0.015791858566166623,0.05262631196634265,1.0583968136715702,0.06507241586223245,2.2804732359945774
Xiyukannemeyeria__map_scaled,-0.02445065757441367,-0.08963955967548344,0.03393710806999296,NA,NA,NA
Xiyukannemeyeria__mat_scaled,0.06761254301551943,-0.030699032645284386,0.05768413979019858,NA,NA,NA
Xiyukannemeyeria__wmmcmm_boxcox_scaled,0.07936112003815628,-0.01813116539758763,0.06610372736738038,NA,NA,NA
Xiyukannemeyeria__time,0.010888711367643902,-0.007104056661454188,0.011169211201051535,NA,NA,NA
Xyrospondylus__rotated_lat_scaled,0.10634740985115058,-0.012358570491870943,0.05837964041956989,0.1349014889600221,0.07481088489294052,0.21089793369174004
Xyrospondylus__map_scaled,0.09767386173596605,-0.009005979607261572,0.05533944255989854,NA,NA,NA
Xyrospondylus__mat_scaled,0.1277484831144102,-0.010553322425815814,0.06223669001473366,NA,NA,NA
Xyrospondylus__wmmcmm_boxcox_scaled,-0.41348715108819306,-0.10790514663613571,0.0021041173172311554,NA,NA,NA
Xyrospondylus__time,0.028657011264003815,-0.021542653784892216,0.04346060808353288,NA,NA,NA
Yikezhaogia__rotated_lat_scaled,0.05555154635949557,-0.01433315757765718,0.05282807253776961,0.5372537552237736,0.08670328687549045,1.6791806742548943
Yikezhaogia__map_scaled,0.06390206423436773,-0.033758688361910774,0.04213437636408558,NA,NA,NA
Yikezhaogia__mat_scaled,-0.052917388269090246,-0.07660903650204227,0.03902735634538797,NA,NA,NA
Yikezhaogia__wmmcmm_boxcox_scaled,0.0928130358617355,-0.035448294705158756,0.07277888902713996,NA,NA,NA
Yikezhaogia__time,0.028612615896175933,-0.0012164957992072676,0.01475180412058302,NA,NA,NA
Zambiasaurus__rotated_lat_scaled,-0.1310950997954933,-0.03167685746431486,0.007268673273424455,0.22109553651185707,0.0794804577017203,0.37567710859002545
Zambiasaurus__map_scaled,0.1261126134582446,-0.036512987312049903,0.05915472633528525,NA,NA,NA
Zambiasaurus__mat_scaled,-0.16443960046366557,-0.07890491638563095,0.04014903968550834,NA,NA,NA
Zambiasaurus__wmmcmm_boxcox_scaled,0.18024474673904478,-0.008847650627033072,0.09906861836043371,NA,NA,NA
Zambiasaurus__time,0.02231100249104202,-0.005423261156947465,0.015879440740314364,NA,NA,NA
