id,occurrence_no,occurrence_no_AF,Rotated latitude,genus,age_max,age_min,Epoch,range
1,557171,557171,1.353064,Vancleavea,227.0,208.5,Late Triassic,"(227.0, 208.5)"
2,812265,812265,3.836582,Vancleavea,227.0,208.5,Late Triassic,"(227.0, 208.5)"
3,837001,837001,1.353064,Vancleavea,227.0,208.5,Late Triassic,"(227.0, 208.5)"
4,837005,837005,3.84681,Vancleavea,227.0,208.5,Late Triassic,"(227.0, 208.5)"
5,837007,837007,1.353064,Vancleavea,227.0,208.5,Late Triassic,"(227.0, 208.5)"
6,837008,837008,1.353064,Vancleavea,227.0,208.5,Late Triassic,"(227.0, 208.5)"
7,837009,837009,1.353064,Vancleavea,227.0,208.5,Late Triassic,"(227.0, 208.5)"
8,837011,837011,1.353064,Vancleavea,227.0,208.5,Late Triassic,"(227.0, 208.5)"
9,837012,837012,1.353064,Vancleavea,227.0,208.5,Late Triassic,"(227.0, 208.5)"
10,837089,837089,1.353064,Vancleavea,227.0,208.5,Late Triassic,"(227.0, 208.5)"
11,837171,837171,1.353064,Vancleavea,227.0,208.5,Late Triassic,"(227.0, 208.5)"
12,837226,837226,1.353064,Vancleavea,227.0,208.5,Late Triassic,"(227.0, 208.5)"
13,837372,837372,1.353064,Vancleavea,227.0,208.5,Late Triassic,"(227.0, 208.5)"
14,837398,837398,1.353064,Vancleavea,227.0,208.5,Late Triassic,"(227.0, 208.5)"
15,843204,843204,1.357201,Vancleavea,227.0,208.5,Late Triassic,"(227.0, 208.5)"
16,843218,843218,1.357201,Vancleavea,227.0,208.5,Late Triassic,"(227.0, 208.5)"
17,1578941,1578941,1.353064,Vancleavea,227.0,208.5,Late Triassic,"(227.0, 208.5)"
18,1579640,1579640,3.836582,Vancleavea,227.0,208.5,Late Triassic,"(227.0, 208.5)"
19,1581452,1581452,1.353064,Vancleavea,227.0,208.5,Late Triassic,"(227.0, 208.5)"
20,1589319,1589319,1.357201,Vancleavea,227.0,208.5,Late Triassic,"(227.0, 208.5)"
21,1418484,1418484,1.063348,Vancleavea,237.0,227.0,Late Triassic,"(237.0, 227.0)"
22,521673,521673,8.831093,Vancleavea,208.5,201.4,Late Triassic,"(208.5, 201.4)"
23,521673,521673,8.831093,Vancleavea,208.5,201.4,Late Triassic,"(208.5, 201.4)"
24,521673,521673,8.831093,Vancleavea,208.5,201.4,Late Triassic,"(208.5, 201.4)"
25,837010,837010,6.088668,Vancleavea,208.5,201.4,Late Triassic,"(208.5, 201.4)"
26,830855,830855,6.739012,Hypuronector,227.0,208.5,Late Triassic,"(227.0, 208.5)"
27,830859,830859,6.739012,Hypuronector,227.0,208.5,Late Triassic,"(227.0, 208.5)"
28,283819,283819,40.08932,Arcticodactylus,227.0,208.5,Late Triassic,"(227.0, 208.5)"
29,777702,777702,32.92995,Preondactylus,216.7,208.5,Late Triassic,"(216.7, 208.5)"
30,841811,841811,32.92995,Austriadactylus,216.7,208.5,Late Triassic,"(216.7, 208.5)"
31,146084,146084,6.739012,Icarosaurus,227.0,208.5,Late Triassic,"(227.0, 208.5)"
32,146085,146085,6.739012,Rutiodon,227.0,208.5,Late Triassic,"(227.0, 208.5)"
33,149845,149845,-1.470099,Trilophosaurus,227.0,208.5,Late Triassic,"(227.0, 208.5)"
34,149917,149917,-1.470099,Postosuchus,227.0,208.5,Late Triassic,"(227.0, 208.5)"
35,149917,149917,-1.470099,Postosuchus,227.0,208.5,Late Triassic,"(227.0, 208.5)"
36,149918,149918,-1.470099,Desmatosuchus,227.0,208.5,Late Triassic,"(227.0, 208.5)"
37,149919,149919,-1.470099,Trilophosaurus,227.0,208.5,Late Triassic,"(227.0, 208.5)"
38,149988,149988,32.59323,Efraasia,227.0,208.5,Late Triassic,"(227.0, 208.5)"
39,220070,220070,30.98263,Plateosaurus,227.0,208.5,Late Triassic,"(227.0, 208.5)"
40,220071,220071,30.98263,Aetosaurus,227.0,208.5,Late Triassic,"(227.0, 208.5)"
41,220072,220072,30.98263,Saltoposuchus,227.0,208.5,Late Triassic,"(227.0, 208.5)"
42,220073,220073,30.98263,Liliensternus,227.0,208.5,Late Triassic,"(227.0, 208.5)"
43,220082,220082,30.98263,Plateosaurus,227.0,208.5,Late Triassic,"(227.0, 208.5)"
44,220082,220082,30.98263,Plateosaurus,227.0,208.5,Late Triassic,"(227.0, 208.5)"
45,220083,220083,30.98263,Proganochelys,227.0,208.5,Late Triassic,"(227.0, 208.5)"
46,220083,220083,30.98263,Proganochelys,227.0,208.5,Late Triassic,"(227.0, 208.5)"
47,220083,220083,30.98263,Proganochelys,227.0,208.5,Late Triassic,"(227.0, 208.5)"
48,220084,220084,30.98263,Liliensternus,227.0,208.5,Late Triassic,"(227.0, 208.5)"
49,283826,283826,40.08932,Aetosaurus,227.0,208.5,Late Triassic,"(227.0, 208.5)"
50,283826,283826,40.08932,Aetosaurus,227.0,208.5,Late Triassic,"(227.0, 208.5)"
51,283828,283828,40.08932,Plateosaurus,227.0,208.5,Late Triassic,"(227.0, 208.5)"
52,283860,283860,40.08932,Issi,227.0,208.5,Late Triassic,"(227.0, 208.5)"
53,360364,360364,-50.49719,Zupaysaurus,227.0,208.5,Late Triassic,"(227.0, 208.5)"
54,385301,385301,-56.03159,Melanorosaurus,227.0,208.5,Late Triassic,"(227.0, 208.5)"
55,385607,385607,-56.03159,Plateosauravus,227.0,208.5,Late Triassic,"(227.0, 208.5)"
56,385607,385607,-56.03159,Plateosauravus,227.0,208.5,Late Triassic,"(227.0, 208.5)"
57,385607,385607,-56.03159,Plateosauravus,227.0,208.5,Late Triassic,"(227.0, 208.5)"
58,385607,385607,-56.03159,Plateosauravus,227.0,208.5,Late Triassic,"(227.0, 208.5)"
59,406864,406864,1.353064,Desmatosuchus,227.0,208.5,Late Triassic,"(227.0, 208.5)"
60,406867,406867,1.353064,Smilosuchus,227.0,208.5,Late Triassic,"(227.0, 208.5)"
61,406869,406869,1.353064,Postosuchus,227.0,208.5,Late Triassic,"(227.0, 208.5)"
62,406872,406872,1.353064,Camposaurus,227.0,208.5,Late Triassic,"(227.0, 208.5)"
63,406876,406876,1.353064,Calyptosuchus,227.0,208.5,Late Triassic,"(227.0, 208.5)"
64,407766,407766,1.353064,Tanytrachelos,227.0,208.5,Late Triassic,"(227.0, 208.5)"
65,407767,407767,1.353064,Smilosuchus,227.0,208.5,Late Triassic,"(227.0, 208.5)"
66,407768,407768,1.353064,Parasuchus,227.0,208.5,Late Triassic,"(227.0, 208.5)"
67,407776,407776,1.353064,Acaenasuchus,227.0,208.5,Late Triassic,"(227.0, 208.5)"
68,423245,423245,1.353064,Poposaurus,227.0,208.5,Late Triassic,"(227.0, 208.5)"
69,423280,423280,1.353064,Shuvosaurus,227.0,208.5,Late Triassic,"(227.0, 208.5)"
70,423281,423281,1.353064,Poposaurus,227.0,208.5,Late Triassic,"(227.0, 208.5)"
71,423285,423285,1.353064,Trilophosaurus,227.0,208.5,Late Triassic,"(227.0, 208.5)"
72,423286,423286,1.353064,Trilophosaurus,227.0,208.5,Late Triassic,"(227.0, 208.5)"
73,423288,423288,1.353064,Tanytrachelos,227.0,208.5,Late Triassic,"(227.0, 208.5)"
74,461293,461293,-46.11636,Unaysaurus,227.0,208.5,Late Triassic,"(227.0, 208.5)"
75,475078,475078,3.836582,Machaeroprosopus,227.0,208.5,Late Triassic,"(227.0, 208.5)"
76,475079,475079,3.836582,Machaeroprosopus,227.0,208.5,Late Triassic,"(227.0, 208.5)"
77,475081,475081,3.836582,Typothorax,227.0,208.5,Late Triassic,"(227.0, 208.5)"
78,479381,479381,32.59323,Teratosaurus,227.0,208.5,Late Triassic,"(227.0, 208.5)"
79,479563,479563,30.98263,Plateosaurus,227.0,208.5,Late Triassic,"(227.0, 208.5)"
80,483859,483859,1.353064,Typothorax,227.0,208.5,Late Triassic,"(227.0, 208.5)"
81,483884,483884,-1.470099,Trilophosaurus,227.0,208.5,Late Triassic,"(227.0, 208.5)"
82,484673,484673,1.357201,Revueltosaurus,227.0,208.5,Late Triassic,"(227.0, 208.5)"
83,484986,484986,1.353064,Chindesaurus,227.0,208.5,Late Triassic,"(227.0, 208.5)"
84,484986,484986,1.353064,Chindesaurus,227.0,208.5,Late Triassic,"(227.0, 208.5)"
85,484987,484987,1.353064,Shuvosaurus,227.0,208.5,Late Triassic,"(227.0, 208.5)"
86,486103,486103,30.98263,Plateosaurus,227.0,208.5,Late Triassic,"(227.0, 208.5)"
87,486104,486104,30.98263,Plateosaurus,227.0,208.5,Late Triassic,"(227.0, 208.5)"
88,486145,486145,29.0864,Plateosaurus,227.0,208.5,Late Triassic,"(227.0, 208.5)"
89,486146,486146,29.0864,Gresslyosaurus,227.0,208.5,Late Triassic,"(227.0, 208.5)"
90,486393,486393,34.47747,Plateosaurus,227.0,208.5,Late Triassic,"(227.0, 208.5)"
91,486395,486395,34.47747,Liliensternus,227.0,208.5,Late Triassic,"(227.0, 208.5)"
92,486405,486405,32.59323,Plateosaurus,227.0,208.5,Late Triassic,"(227.0, 208.5)"
93,486408,486408,32.59323,Gresslyosaurus,227.0,208.5,Late Triassic,"(227.0, 208.5)"
94,486412,486412,34.47747,Ruehleia,227.0,208.5,Late Triassic,"(227.0, 208.5)"
95,486412,486412,34.47747,Ruehleia,227.0,208.5,Late Triassic,"(227.0, 208.5)"
96,486413,486413,34.47747,Liliensternus,227.0,208.5,Late Triassic,"(227.0, 208.5)"
97,486413,486413,34.47747,Liliensternus,227.0,208.5,Late Triassic,"(227.0, 208.5)"
98,490747,490747,1.357201,Gojirasaurus,227.0,208.5,Late Triassic,"(227.0, 208.5)"
99,490749,490749,1.357201,Machaeroprosopus,227.0,208.5,Late Triassic,"(227.0, 208.5)"
100,490750,490750,1.357201,Rutiodon,227.0,208.5,Late Triassic,"(227.0, 208.5)"
101,490751,490751,1.357201,Rioarribasuchus,227.0,208.5,Late Triassic,"(227.0, 208.5)"
102,490752,490752,1.357201,Shuvosaurus,227.0,208.5,Late Triassic,"(227.0, 208.5)"
103,490754,490754,1.357201,Shuvosaurus,227.0,208.5,Late Triassic,"(227.0, 208.5)"
104,490757,490757,1.353064,Typothorax,227.0,208.5,Late Triassic,"(227.0, 208.5)"
105,490758,490758,1.353064,Hesperosuchus,227.0,208.5,Late Triassic,"(227.0, 208.5)"
106,490763,490763,1.353064,Machaeroprosopus,227.0,208.5,Late Triassic,"(227.0, 208.5)"
107,490769,490769,1.353064,Revueltosaurus,227.0,208.5,Late Triassic,"(227.0, 208.5)"
108,504257,504257,30.98263,Eudimorphodon,227.0,208.5,Late Triassic,"(227.0, 208.5)"
109,513572,513572,-50.49719,Coloradisaurus,227.0,208.5,Late Triassic,"(227.0, 208.5)"
110,513603,513603,-50.49719,Riojasaurus,227.0,208.5,Late Triassic,"(227.0, 208.5)"
111,517573,517573,1.357201,Coelophysis,227.0,208.5,Late Triassic,"(227.0, 208.5)"
112,517577,517577,1.353064,Revueltosaurus,227.0,208.5,Late Triassic,"(227.0, 208.5)"
113,517578,517578,1.353064,Typothorax,227.0,208.5,Late Triassic,"(227.0, 208.5)"
114,517585,517585,1.353064,Smilosuchus,227.0,208.5,Late Triassic,"(227.0, 208.5)"
115,517592,517592,1.353064,Krzyzanowskisaurus,227.0,208.5,Late Triassic,"(227.0, 208.5)"
116,517595,517595,1.353064,Calyptosuchus,227.0,208.5,Late Triassic,"(227.0, 208.5)"
117,517597,517597,1.353064,Leptosuchus,227.0,208.5,Late Triassic,"(227.0, 208.5)"
118,517601,517601,1.353064,Scutarx,227.0,208.5,Late Triassic,"(227.0, 208.5)"
119,517603,517603,1.353064,Leptosuchus,227.0,208.5,Late Triassic,"(227.0, 208.5)"
120,517609,517609,1.353064,Acaenasuchus,227.0,208.5,Late Triassic,"(227.0, 208.5)"
121,517610,517610,1.353064,Leptosuchus,227.0,208.5,Late Triassic,"(227.0, 208.5)"
122,517611,517611,1.353064,Revueltosaurus,227.0,208.5,Late Triassic,"(227.0, 208.5)"
123,517612,517612,1.357201,Typothorax,227.0,208.5,Late Triassic,"(227.0, 208.5)"
124,517613,517613,1.357201,Paratypothorax,227.0,208.5,Late Triassic,"(227.0, 208.5)"
125,517621,517621,1.357201,Coelophysis,227.0,208.5,Late Triassic,"(227.0, 208.5)"
126,517622,517622,1.357201,Coelophysis,227.0,208.5,Late Triassic,"(227.0, 208.5)"
127,521669,521669,1.353064,Revueltosaurus,227.0,208.5,Late Triassic,"(227.0, 208.5)"
128,521669,521669,1.353064,Revueltosaurus,227.0,208.5,Late Triassic,"(227.0, 208.5)"
129,521669,521669,1.353064,Revueltosaurus,227.0,208.5,Late Triassic,"(227.0, 208.5)"
130,521669,521669,1.353064,Revueltosaurus,227.0,208.5,Late Triassic,"(227.0, 208.5)"
131,521669,521669,1.353064,Revueltosaurus,227.0,208.5,Late Triassic,"(227.0, 208.5)"
132,521669,521669,1.353064,Revueltosaurus,227.0,208.5,Late Triassic,"(227.0, 208.5)"
133,521670,521670,1.353064,Shuvosaurus,227.0,208.5,Late Triassic,"(227.0, 208.5)"
134,528637,528637,3.836582,Coelophysis,227.0,208.5,Late Triassic,"(227.0, 208.5)"
135,528638,528638,3.836582,Eucoelophysis,227.0,208.5,Late Triassic,"(227.0, 208.5)"
136,528639,528639,3.836582,Coelophysis,227.0,208.5,Late Triassic,"(227.0, 208.5)"
137,528640,528640,3.836582,Coelophysis,227.0,208.5,Late Triassic,"(227.0, 208.5)"
138,528641,528641,3.836582,Coelophysis,227.0,208.5,Late Triassic,"(227.0, 208.5)"
139,528642,528642,3.836582,Coelophysis,227.0,208.5,Late Triassic,"(227.0, 208.5)"
140,528643,528643,3.836582,Coelophysis,227.0,208.5,Late Triassic,"(227.0, 208.5)"
141,528644,528644,3.836582,Coelophysis,227.0,208.5,Late Triassic,"(227.0, 208.5)"
142,528645,528645,3.836582,Coelophysis,227.0,208.5,Late Triassic,"(227.0, 208.5)"
143,530454,530454,1.357201,Coelophysis,227.0,208.5,Late Triassic,"(227.0, 208.5)"
144,530455,530455,3.836582,Coelophysis,227.0,208.5,Late Triassic,"(227.0, 208.5)"
145,536062,536062,-46.11636,Sacisaurus,227.0,208.5,Late Triassic,"(227.0, 208.5)"
146,536068,536068,-46.11636,Guaibasaurus,227.0,208.5,Late Triassic,"(227.0, 208.5)"
147,536068,536068,-46.11636,Guaibasaurus,227.0,208.5,Late Triassic,"(227.0, 208.5)"
148,536430,536430,3.837634,Grallator,227.0,208.5,Late Triassic,"(227.0, 208.5)"
149,538678,538678,-56.03159,Kholumolumo,227.0,208.5,Late Triassic,"(227.0, 208.5)"
150,538678,538678,-56.03159,Kholumolumo,227.0,208.5,Late Triassic,"(227.0, 208.5)"
151,538678,538678,-56.03159,Kholumolumo,227.0,208.5,Late Triassic,"(227.0, 208.5)"
152,538678,538678,-56.03159,Kholumolumo,227.0,208.5,Late Triassic,"(227.0, 208.5)"
153,538678,538678,-56.03159,Kholumolumo,227.0,208.5,Late Triassic,"(227.0, 208.5)"
154,538678,538678,-56.03159,Kholumolumo,227.0,208.5,Late Triassic,"(227.0, 208.5)"
155,538678,538678,-56.03159,Kholumolumo,227.0,208.5,Late Triassic,"(227.0, 208.5)"
156,539206,539206,-50.49719,Lessemsaurus,227.0,208.5,Late Triassic,"(227.0, 208.5)"
157,539206,539206,-50.49719,Lessemsaurus,227.0,208.5,Late Triassic,"(227.0, 208.5)"
158,539206,539206,-50.49719,Lessemsaurus,227.0,208.5,Late Triassic,"(227.0, 208.5)"
159,545159,545159,-1.470099,Tecovasaurus,227.0,208.5,Late Triassic,"(227.0, 208.5)"
160,545160,545160,1.353064,Tecovasaurus,227.0,208.5,Late Triassic,"(227.0, 208.5)"
161,545161,545161,1.357201,Lucianosaurus,227.0,208.5,Late Triassic,"(227.0, 208.5)"
162,557168,557168,1.353064,Postosuchus,227.0,208.5,Late Triassic,"(227.0, 208.5)"
163,557172,557172,1.353064,Typothorax,227.0,208.5,Late Triassic,"(227.0, 208.5)"
164,557172,557172,1.353064,Typothorax,227.0,208.5,Late Triassic,"(227.0, 208.5)"
165,557172,557172,1.353064,Typothorax,227.0,208.5,Late Triassic,"(227.0, 208.5)"
166,557173,557173,1.353064,Postosuchus,227.0,208.5,Late Triassic,"(227.0, 208.5)"
167,557174,557174,1.353064,Shuvosaurus,227.0,208.5,Late Triassic,"(227.0, 208.5)"
168,557175,557175,1.353064,Revueltosaurus,227.0,208.5,Late Triassic,"(227.0, 208.5)"
169,557177,557177,1.353064,Coelophysis,227.0,208.5,Late Triassic,"(227.0, 208.5)"
170,557177,557177,1.353064,Coelophysis,227.0,208.5,Late Triassic,"(227.0, 208.5)"
171,557177,557177,1.353064,Coelophysis,227.0,208.5,Late Triassic,"(227.0, 208.5)"
172,557177,557177,1.353064,Coelophysis,227.0,208.5,Late Triassic,"(227.0, 208.5)"
173,557182,557182,1.353064,Postosuchus,227.0,208.5,Late Triassic,"(227.0, 208.5)"
174,559094,559094,3.836582,Coelophysis,227.0,208.5,Late Triassic,"(227.0, 208.5)"
175,559095,559095,1.353064,Trilophosaurus,227.0,208.5,Late Triassic,"(227.0, 208.5)"
176,561802,561802,-50.49719,Riojasaurus,227.0,208.5,Late Triassic,"(227.0, 208.5)"
177,562834,562834,-1.470099,Technosaurus,227.0,208.5,Late Triassic,"(227.0, 208.5)"
178,562835,562835,-1.470099,Typothorax,227.0,208.5,Late Triassic,"(227.0, 208.5)"
179,562836,562836,-1.470099,Protoavis,227.0,208.5,Late Triassic,"(227.0, 208.5)"
180,562836,562836,-1.470099,Protoavis,227.0,208.5,Late Triassic,"(227.0, 208.5)"
181,562836,562836,-1.470099,Protoavis,227.0,208.5,Late Triassic,"(227.0, 208.5)"
182,562837,562837,-1.470099,Paratypothorax,227.0,208.5,Late Triassic,"(227.0, 208.5)"
183,562843,562843,1.353064,Typothorax,227.0,208.5,Late Triassic,"(227.0, 208.5)"
184,562846,562846,1.353064,Calyptosuchus,227.0,208.5,Late Triassic,"(227.0, 208.5)"
185,562847,562847,1.353064,Leptosuchus,227.0,208.5,Late Triassic,"(227.0, 208.5)"
186,566949,566949,6.739012,Revueltosaurus,227.0,208.5,Late Triassic,"(227.0, 208.5)"
187,572546,572546,1.353064,Trilophosaurus,227.0,208.5,Late Triassic,"(227.0, 208.5)"
188,572551,572551,1.353064,Leptosuchus,227.0,208.5,Late Triassic,"(227.0, 208.5)"
189,572552,572552,1.353064,Crosbysaurus,227.0,208.5,Late Triassic,"(227.0, 208.5)"
190,572553,572553,1.353064,Crosbysaurus,227.0,208.5,Late Triassic,"(227.0, 208.5)"
191,572562,572562,1.353064,Rutiodon,227.0,208.5,Late Triassic,"(227.0, 208.5)"
192,572567,572567,1.353064,Poposaurus,227.0,208.5,Late Triassic,"(227.0, 208.5)"
193,572571,572571,1.353064,Desmatosuchus,227.0,208.5,Late Triassic,"(227.0, 208.5)"
194,572572,572572,1.353064,Stagonolepis,227.0,208.5,Late Triassic,"(227.0, 208.5)"
195,572586,572586,1.353064,Trilophosaurus,227.0,208.5,Late Triassic,"(227.0, 208.5)"
196,572593,572593,1.353064,Crosbysaurus,227.0,208.5,Late Triassic,"(227.0, 208.5)"
197,572595,572595,1.353064,Crosbysaurus,227.0,208.5,Late Triassic,"(227.0, 208.5)"
198,572614,572614,-1.470099,Diphydontosaurus,227.0,208.5,Late Triassic,"(227.0, 208.5)"
199,572615,572615,-1.470099,Planocephalosaurus,227.0,208.5,Late Triassic,"(227.0, 208.5)"
200,572616,572616,-1.470099,Fraserosphenodon,227.0,208.5,Late Triassic,"(227.0, 208.5)"
201,572619,572619,-1.470099,Trilophosaurus,227.0,208.5,Late Triassic,"(227.0, 208.5)"
202,572632,572632,-1.470099,Protecovasaurus,227.0,208.5,Late Triassic,"(227.0, 208.5)"
203,572633,572633,-1.470099,Crosbysaurus,227.0,208.5,Late Triassic,"(227.0, 208.5)"
204,572634,572634,-1.470099,Revueltosaurus,227.0,208.5,Late Triassic,"(227.0, 208.5)"
205,572650,572650,-1.470099,Paleollanosaurus,227.0,208.5,Late Triassic,"(227.0, 208.5)"
206,572651,572651,-1.470099,Trilophosaurus,227.0,208.5,Late Triassic,"(227.0, 208.5)"
207,572673,572673,-1.470099,Protecovasaurus,227.0,208.5,Late Triassic,"(227.0, 208.5)"
208,572674,572674,-1.470099,Protecovasaurus,227.0,208.5,Late Triassic,"(227.0, 208.5)"
209,572675,572675,-1.470099,Crosbysaurus,227.0,208.5,Late Triassic,"(227.0, 208.5)"
210,572676,572676,-1.470099,Crosbysaurus,227.0,208.5,Late Triassic,"(227.0, 208.5)"
211,572677,572677,-1.470099,Revueltosaurus,227.0,208.5,Late Triassic,"(227.0, 208.5)"
212,572678,572678,-1.470099,Tecovasaurus,227.0,208.5,Late Triassic,"(227.0, 208.5)"
213,589407,589407,1.353064,Revueltosaurus,227.0,208.5,Late Triassic,"(227.0, 208.5)"
214,590148,590148,3.836582,Coelophysis,227.0,208.5,Late Triassic,"(227.0, 208.5)"
215,590150,590150,3.836582,Machaeroprosopus,227.0,208.5,Late Triassic,"(227.0, 208.5)"
216,590150,590150,3.836582,Machaeroprosopus,227.0,208.5,Late Triassic,"(227.0, 208.5)"
217,590150,590150,3.836582,Machaeroprosopus,227.0,208.5,Late Triassic,"(227.0, 208.5)"
218,590150,590150,3.836582,Machaeroprosopus,227.0,208.5,Late Triassic,"(227.0, 208.5)"
219,590150,590150,3.836582,Machaeroprosopus,227.0,208.5,Late Triassic,"(227.0, 208.5)"
220,590150,590150,3.836582,Machaeroprosopus,227.0,208.5,Late Triassic,"(227.0, 208.5)"
221,590150,590150,3.836582,Machaeroprosopus,227.0,208.5,Late Triassic,"(227.0, 208.5)"
222,590150,590150,3.836582,Machaeroprosopus,227.0,208.5,Late Triassic,"(227.0, 208.5)"
223,590150,590150,3.836582,Machaeroprosopus,227.0,208.5,Late Triassic,"(227.0, 208.5)"
224,590150,590150,3.836582,Machaeroprosopus,227.0,208.5,Late Triassic,"(227.0, 208.5)"
225,590150,590150,3.836582,Machaeroprosopus,227.0,208.5,Late Triassic,"(227.0, 208.5)"
226,590151,590151,3.836582,Rioarribasuchus,227.0,208.5,Late Triassic,"(227.0, 208.5)"
227,590152,590152,3.836582,Typothorax,227.0,208.5,Late Triassic,"(227.0, 208.5)"
228,593107,593107,9.712786,Erpetosuchus,227.0,208.5,Late Triassic,"(227.0, 208.5)"
229,627521,627521,-1.470099,Shuvosaurus,227.0,208.5,Late Triassic,"(227.0, 208.5)"
230,627729,627729,-1.470099,Shuvosaurus,227.0,208.5,Late Triassic,"(227.0, 208.5)"
231,627731,627731,-1.470099,Coelophysis,227.0,208.5,Late Triassic,"(227.0, 208.5)"
232,632302,632302,32.59323,Plateosaurus,227.0,208.5,Late Triassic,"(227.0, 208.5)"
233,632303,632303,30.98263,Plateosaurus,227.0,208.5,Late Triassic,"(227.0, 208.5)"
234,632304,632304,32.59323,Plateosaurus,227.0,208.5,Late Triassic,"(227.0, 208.5)"
235,668537,668537,-46.11636,Teyumbaita,227.0,208.5,Late Triassic,"(227.0, 208.5)"
236,690297,690297,3.836582,Dromomeron,227.0,208.5,Late Triassic,"(227.0, 208.5)"
237,690298,690298,3.836582,Dromomeron,227.0,208.5,Late Triassic,"(227.0, 208.5)"
238,690300,690300,3.836582,Typothorax,227.0,208.5,Late Triassic,"(227.0, 208.5)"
239,690301,690301,3.836582,Rioarribasuchus,227.0,208.5,Late Triassic,"(227.0, 208.5)"
240,690302,690302,3.836582,Vivaron,227.0,208.5,Late Triassic,"(227.0, 208.5)"
241,705331,705331,1.353064,Desmatosuchus,227.0,208.5,Late Triassic,"(227.0, 208.5)"
242,705332,705332,1.353064,Desmatosuchus,227.0,208.5,Late Triassic,"(227.0, 208.5)"
243,705341,705341,1.353064,Stagonolepis,227.0,208.5,Late Triassic,"(227.0, 208.5)"
244,705346,705346,1.353064,Tecovasuchus,227.0,208.5,Late Triassic,"(227.0, 208.5)"
245,705367,705367,1.353064,Stagonolepis,227.0,208.5,Late Triassic,"(227.0, 208.5)"
246,705954,705954,34.47747,Plateosaurus,227.0,208.5,Late Triassic,"(227.0, 208.5)"
247,735410,735410,3.837634,Tanytrachelos,227.0,208.5,Late Triassic,"(227.0, 208.5)"
248,738863,738863,9.712786,Colobops,227.0,208.5,Late Triassic,"(227.0, 208.5)"
249,745263,745263,-1.470099,Libognathus,227.0,208.5,Late Triassic,"(227.0, 208.5)"
250,755503,755503,-1.470099,Crosbysaurus,227.0,208.5,Late Triassic,"(227.0, 208.5)"
251,755823,755823,3.836582,Typothorax,227.0,208.5,Late Triassic,"(227.0, 208.5)"
252,755824,755824,1.357201,Machaeroprosopus,227.0,208.5,Late Triassic,"(227.0, 208.5)"
253,755825,755825,1.357201,Typothorax,227.0,208.5,Late Triassic,"(227.0, 208.5)"
254,778905,778905,1.357201,Typothorax,227.0,208.5,Late Triassic,"(227.0, 208.5)"
255,778927,778927,1.357201,Coelophysis,227.0,208.5,Late Triassic,"(227.0, 208.5)"
256,778940,778940,1.357201,Machaeroprosopus,227.0,208.5,Late Triassic,"(227.0, 208.5)"
257,778944,778944,1.357201,Machaeroprosopus,227.0,208.5,Late Triassic,"(227.0, 208.5)"
258,778949,778949,1.357201,Redondasuchus,227.0,208.5,Late Triassic,"(227.0, 208.5)"
259,780614,780614,1.625439,Typothorax,227.0,208.5,Late Triassic,"(227.0, 208.5)"
260,780615,780615,1.625439,Machaeroprosopus,227.0,208.5,Late Triassic,"(227.0, 208.5)"
261,780616,780616,1.625439,Machaeroprosopus,227.0,208.5,Late Triassic,"(227.0, 208.5)"
262,780672,780672,1.625439,Postosuchus,227.0,208.5,Late Triassic,"(227.0, 208.5)"
263,780673,780673,1.625439,Shuvosaurus,227.0,208.5,Late Triassic,"(227.0, 208.5)"
264,780674,780674,1.625439,Typothorax,227.0,208.5,Late Triassic,"(227.0, 208.5)"
265,780675,780675,1.625439,Machaeroprosopus,227.0,208.5,Late Triassic,"(227.0, 208.5)"
266,780675,780675,1.625439,Machaeroprosopus,227.0,208.5,Late Triassic,"(227.0, 208.5)"
267,780676,780676,1.625439,Machaeroprosopus,227.0,208.5,Late Triassic,"(227.0, 208.5)"
268,782162,782162,1.353064,Smilosuchus,227.0,208.5,Late Triassic,"(227.0, 208.5)"
269,782162,782162,1.353064,Smilosuchus,227.0,208.5,Late Triassic,"(227.0, 208.5)"
270,782162,782162,1.353064,Smilosuchus,227.0,208.5,Late Triassic,"(227.0, 208.5)"
271,782166,782166,1.353064,Calyptosuchus,227.0,208.5,Late Triassic,"(227.0, 208.5)"
272,782168,782168,1.353064,Rutiodon,227.0,208.5,Late Triassic,"(227.0, 208.5)"
273,782169,782169,1.353064,Paratypothorax,227.0,208.5,Late Triassic,"(227.0, 208.5)"
274,782173,782173,1.353064,Rutiodon,227.0,208.5,Late Triassic,"(227.0, 208.5)"
275,782174,782174,1.353064,Typothorax,227.0,208.5,Late Triassic,"(227.0, 208.5)"
276,782175,782175,1.353064,Paratypothorax,227.0,208.5,Late Triassic,"(227.0, 208.5)"
277,782179,782179,1.353064,Rutiodon,227.0,208.5,Late Triassic,"(227.0, 208.5)"
278,782180,782180,1.353064,Calyptosuchus,227.0,208.5,Late Triassic,"(227.0, 208.5)"
279,782187,782187,1.019337,Trilophosaurus,227.0,208.5,Late Triassic,"(227.0, 208.5)"
280,782188,782188,1.019337,Rutiodon,227.0,208.5,Late Triassic,"(227.0, 208.5)"
281,782208,782208,1.357201,Machaeroprosopus,227.0,208.5,Late Triassic,"(227.0, 208.5)"
282,782209,782209,1.357201,Redondasuchus,227.0,208.5,Late Triassic,"(227.0, 208.5)"
283,785830,785830,1.357201,Proganochelys,227.0,208.5,Late Triassic,"(227.0, 208.5)"
284,806718,806718,-1.470099,Trilophosaurus,227.0,208.5,Late Triassic,"(227.0, 208.5)"
285,806719,806719,-1.470099,Trilophosaurus,227.0,208.5,Late Triassic,"(227.0, 208.5)"
286,806720,806720,-1.470099,Trilophosaurus,227.0,208.5,Late Triassic,"(227.0, 208.5)"
287,806721,806721,-1.470099,Leptosuchus,227.0,208.5,Late Triassic,"(227.0, 208.5)"
288,807815,807815,1.353064,Trilophosaurus,227.0,208.5,Late Triassic,"(227.0, 208.5)"
289,807923,807923,1.353064,Machaeroprosopus,227.0,208.5,Late Triassic,"(227.0, 208.5)"
290,811765,811765,6.739012,Stegomus,227.0,208.5,Late Triassic,"(227.0, 208.5)"
291,811785,811785,13.4263,Hypsognathus,227.0,208.5,Late Triassic,"(227.0, 208.5)"
292,811795,811795,-46.11636,Soturnia,227.0,208.5,Late Triassic,"(227.0, 208.5)"
293,811795,811795,-46.11636,Soturnia,227.0,208.5,Late Triassic,"(227.0, 208.5)"
294,811795,811795,-46.11636,Soturnia,227.0,208.5,Late Triassic,"(227.0, 208.5)"
295,811801,811801,-46.11636,Clevosaurus,227.0,208.5,Late Triassic,"(227.0, 208.5)"
296,811801,811801,-46.11636,Clevosaurus,227.0,208.5,Late Triassic,"(227.0, 208.5)"
297,811801,811801,-46.11636,Clevosaurus,227.0,208.5,Late Triassic,"(227.0, 208.5)"
298,811801,811801,-46.11636,Clevosaurus,227.0,208.5,Late Triassic,"(227.0, 208.5)"
299,811801,811801,-46.11636,Clevosaurus,227.0,208.5,Late Triassic,"(227.0, 208.5)"
300,811801,811801,-46.11636,Clevosaurus,227.0,208.5,Late Triassic,"(227.0, 208.5)"
301,811801,811801,-46.11636,Clevosaurus,227.0,208.5,Late Triassic,"(227.0, 208.5)"
302,811801,811801,-46.11636,Clevosaurus,227.0,208.5,Late Triassic,"(227.0, 208.5)"
303,811801,811801,-46.11636,Clevosaurus,227.0,208.5,Late Triassic,"(227.0, 208.5)"
304,811801,811801,-46.11636,Clevosaurus,227.0,208.5,Late Triassic,"(227.0, 208.5)"
305,811801,811801,-46.11636,Clevosaurus,227.0,208.5,Late Triassic,"(227.0, 208.5)"
306,811801,811801,-46.11636,Clevosaurus,227.0,208.5,Late Triassic,"(227.0, 208.5)"
307,811801,811801,-46.11636,Clevosaurus,227.0,208.5,Late Triassic,"(227.0, 208.5)"
308,811801,811801,-46.11636,Clevosaurus,227.0,208.5,Late Triassic,"(227.0, 208.5)"
309,811801,811801,-46.11636,Clevosaurus,227.0,208.5,Late Triassic,"(227.0, 208.5)"
310,811801,811801,-46.11636,Clevosaurus,227.0,208.5,Late Triassic,"(227.0, 208.5)"
311,812267,812267,3.836582,Typothorax,227.0,208.5,Late Triassic,"(227.0, 208.5)"
312,818285,818285,1.357201,Redondavenator,227.0,208.5,Late Triassic,"(227.0, 208.5)"
313,819353,819353,1.357201,Dromomeron,227.0,208.5,Late Triassic,"(227.0, 208.5)"
314,819354,819354,1.353064,Dromomeron,227.0,208.5,Late Triassic,"(227.0, 208.5)"
315,830860,830860,6.739012,Tanytrachelos,227.0,208.5,Late Triassic,"(227.0, 208.5)"
316,831030,831030,6.739012,Tanytrachelos,227.0,208.5,Late Triassic,"(227.0, 208.5)"
317,832006,832006,6.739012,Stegomus,227.0,208.5,Late Triassic,"(227.0, 208.5)"
318,832046,832046,30.98263,Aetosaurus,227.0,208.5,Late Triassic,"(227.0, 208.5)"
319,832046,832046,30.98263,Aetosaurus,227.0,208.5,Late Triassic,"(227.0, 208.5)"
320,832046,832046,30.98263,Aetosaurus,227.0,208.5,Late Triassic,"(227.0, 208.5)"
321,832046,832046,30.98263,Aetosaurus,227.0,208.5,Late Triassic,"(227.0, 208.5)"
322,832046,832046,30.98263,Aetosaurus,227.0,208.5,Late Triassic,"(227.0, 208.5)"
323,832046,832046,30.98263,Aetosaurus,227.0,208.5,Late Triassic,"(227.0, 208.5)"
324,832046,832046,30.98263,Aetosaurus,227.0,208.5,Late Triassic,"(227.0, 208.5)"
325,832046,832046,30.98263,Aetosaurus,227.0,208.5,Late Triassic,"(227.0, 208.5)"
326,832046,832046,30.98263,Aetosaurus,227.0,208.5,Late Triassic,"(227.0, 208.5)"
327,832046,832046,30.98263,Aetosaurus,227.0,208.5,Late Triassic,"(227.0, 208.5)"
328,832046,832046,30.98263,Aetosaurus,227.0,208.5,Late Triassic,"(227.0, 208.5)"
329,832046,832046,30.98263,Aetosaurus,227.0,208.5,Late Triassic,"(227.0, 208.5)"
330,832046,832046,30.98263,Aetosaurus,227.0,208.5,Late Triassic,"(227.0, 208.5)"
331,832046,832046,30.98263,Aetosaurus,227.0,208.5,Late Triassic,"(227.0, 208.5)"
332,832046,832046,30.98263,Aetosaurus,227.0,208.5,Late Triassic,"(227.0, 208.5)"
333,832046,832046,30.98263,Aetosaurus,227.0,208.5,Late Triassic,"(227.0, 208.5)"
334,832046,832046,30.98263,Aetosaurus,227.0,208.5,Late Triassic,"(227.0, 208.5)"
335,832046,832046,30.98263,Aetosaurus,227.0,208.5,Late Triassic,"(227.0, 208.5)"
336,832046,832046,30.98263,Aetosaurus,227.0,208.5,Late Triassic,"(227.0, 208.5)"
337,832046,832046,30.98263,Aetosaurus,227.0,208.5,Late Triassic,"(227.0, 208.5)"
338,832046,832046,30.98263,Aetosaurus,227.0,208.5,Late Triassic,"(227.0, 208.5)"
339,832046,832046,30.98263,Aetosaurus,227.0,208.5,Late Triassic,"(227.0, 208.5)"
340,832046,832046,30.98263,Aetosaurus,227.0,208.5,Late Triassic,"(227.0, 208.5)"
341,832046,832046,30.98263,Aetosaurus,227.0,208.5,Late Triassic,"(227.0, 208.5)"
342,832047,832047,32.59323,Aetosaurus,227.0,208.5,Late Triassic,"(227.0, 208.5)"
343,832116,832116,6.739012,Rutiodon,227.0,208.5,Late Triassic,"(227.0, 208.5)"
344,832687,832687,3.84681,Stagonolepis,227.0,208.5,Late Triassic,"(227.0, 208.5)"
345,832689,832689,1.353064,Acaenasuchus,227.0,208.5,Late Triassic,"(227.0, 208.5)"
346,832690,832690,1.353064,Calyptosuchus,227.0,208.5,Late Triassic,"(227.0, 208.5)"
347,832691,832691,1.353064,Calyptosuchus,227.0,208.5,Late Triassic,"(227.0, 208.5)"
348,832694,832694,1.353064,Postosuchus,227.0,208.5,Late Triassic,"(227.0, 208.5)"
349,832696,832696,1.353064,Smilosuchus,227.0,208.5,Late Triassic,"(227.0, 208.5)"
350,837004,837004,3.84681,Doswellia,227.0,208.5,Late Triassic,"(227.0, 208.5)"
351,837057,837057,1.353064,Acallosuchus,227.0,208.5,Late Triassic,"(227.0, 208.5)"
352,837086,837086,1.353064,Smilosuchus,227.0,208.5,Late Triassic,"(227.0, 208.5)"
353,837088,837088,1.353064,Leptosuchus,227.0,208.5,Late Triassic,"(227.0, 208.5)"
354,837168,837168,1.353064,Calyptosuchus,227.0,208.5,Late Triassic,"(227.0, 208.5)"
355,837181,837181,1.353064,Calyptosuchus,227.0,208.5,Late Triassic,"(227.0, 208.5)"
356,837182,837182,1.353064,Calyptosuchus,227.0,208.5,Late Triassic,"(227.0, 208.5)"
357,837213,837213,1.353064,Leptosuchus,227.0,208.5,Late Triassic,"(227.0, 208.5)"
358,837214,837214,1.353064,Postosuchus,227.0,208.5,Late Triassic,"(227.0, 208.5)"
359,837361,837361,1.353064,Trilophosaurus,227.0,208.5,Late Triassic,"(227.0, 208.5)"
360,837363,837363,1.353064,Calyptosuchus,227.0,208.5,Late Triassic,"(227.0, 208.5)"
361,837364,837364,1.353064,Acaenasuchus,227.0,208.5,Late Triassic,"(227.0, 208.5)"
362,837367,837367,1.353064,Hesperosuchus,227.0,208.5,Late Triassic,"(227.0, 208.5)"
363,837368,837368,1.353064,Revueltosaurus,227.0,208.5,Late Triassic,"(227.0, 208.5)"
364,837380,837380,1.353064,Smilosuchus,227.0,208.5,Late Triassic,"(227.0, 208.5)"
365,837381,837381,1.353064,Leptosuchus,227.0,208.5,Late Triassic,"(227.0, 208.5)"
366,837391,837391,1.353064,Machaeroprosopus,227.0,208.5,Late Triassic,"(227.0, 208.5)"
367,837546,837546,1.353064,Hesperosuchus,227.0,208.5,Late Triassic,"(227.0, 208.5)"
368,837547,837547,1.353064,Postosuchus,227.0,208.5,Late Triassic,"(227.0, 208.5)"
369,837548,837548,1.353064,Leptosuchus,227.0,208.5,Late Triassic,"(227.0, 208.5)"
370,837550,837550,1.353064,Leptosuchus,227.0,208.5,Late Triassic,"(227.0, 208.5)"
371,837550,837550,1.353064,Leptosuchus,227.0,208.5,Late Triassic,"(227.0, 208.5)"
372,837550,837550,1.353064,Leptosuchus,227.0,208.5,Late Triassic,"(227.0, 208.5)"
373,837551,837551,1.353064,Acaenasuchus,227.0,208.5,Late Triassic,"(227.0, 208.5)"
374,837552,837552,1.353064,Calyptosuchus,227.0,208.5,Late Triassic,"(227.0, 208.5)"
375,837552,837552,1.353064,Calyptosuchus,227.0,208.5,Late Triassic,"(227.0, 208.5)"
376,837556,837556,1.353064,Leptosuchus,227.0,208.5,Late Triassic,"(227.0, 208.5)"
377,837558,837558,1.353064,Smilosuchus,227.0,208.5,Late Triassic,"(227.0, 208.5)"
378,837559,837559,1.353064,Poposaurus,227.0,208.5,Late Triassic,"(227.0, 208.5)"
379,837562,837562,1.353064,Calyptosuchus,227.0,208.5,Late Triassic,"(227.0, 208.5)"
380,837563,837563,1.353064,Leptosuchus,227.0,208.5,Late Triassic,"(227.0, 208.5)"
381,837565,837565,1.353064,Leptosuchus,227.0,208.5,Late Triassic,"(227.0, 208.5)"
382,837593,837593,1.353064,Calyptosuchus,227.0,208.5,Late Triassic,"(227.0, 208.5)"
383,837594,837594,1.353064,Leptosuchus,227.0,208.5,Late Triassic,"(227.0, 208.5)"
384,837594,837594,1.353064,Leptosuchus,227.0,208.5,Late Triassic,"(227.0, 208.5)"
385,837595,837595,1.353064,Leptosuchus,227.0,208.5,Late Triassic,"(227.0, 208.5)"
386,837597,837597,1.353064,Poposaurus,227.0,208.5,Late Triassic,"(227.0, 208.5)"
387,837598,837598,1.353064,Postosuchus,227.0,208.5,Late Triassic,"(227.0, 208.5)"
388,837601,837601,1.353064,Calyptosuchus,227.0,208.5,Late Triassic,"(227.0, 208.5)"
389,837637,837637,1.353064,Smilosuchus,227.0,208.5,Late Triassic,"(227.0, 208.5)"
390,837639,837639,1.353064,Leptosuchus,227.0,208.5,Late Triassic,"(227.0, 208.5)"
391,837642,837642,1.353064,Leptosuchus,227.0,208.5,Late Triassic,"(227.0, 208.5)"
392,837653,837653,3.836582,Tawa,227.0,208.5,Late Triassic,"(227.0, 208.5)"
393,837654,837654,3.836582,Tawa,227.0,208.5,Late Triassic,"(227.0, 208.5)"
394,837654,837654,3.836582,Tawa,227.0,208.5,Late Triassic,"(227.0, 208.5)"
395,837654,837654,3.836582,Tawa,227.0,208.5,Late Triassic,"(227.0, 208.5)"
396,837654,837654,3.836582,Tawa,227.0,208.5,Late Triassic,"(227.0, 208.5)"
397,837654,837654,3.836582,Tawa,227.0,208.5,Late Triassic,"(227.0, 208.5)"
398,837654,837654,3.836582,Tawa,227.0,208.5,Late Triassic,"(227.0, 208.5)"
399,837654,837654,3.836582,Tawa,227.0,208.5,Late Triassic,"(227.0, 208.5)"
400,837654,837654,3.836582,Tawa,227.0,208.5,Late Triassic,"(227.0, 208.5)"
401,837655,837655,3.836582,Tawa,227.0,208.5,Late Triassic,"(227.0, 208.5)"
402,838199,838199,6.739012,Sphodrosaurus,227.0,208.5,Late Triassic,"(227.0, 208.5)"
403,838827,838827,1.353064,Leptosuchus,227.0,208.5,Late Triassic,"(227.0, 208.5)"
404,838828,838828,1.353064,Smilosuchus,227.0,208.5,Late Triassic,"(227.0, 208.5)"
405,838829,838829,1.353064,Leptosuchus,227.0,208.5,Late Triassic,"(227.0, 208.5)"
406,838832,838832,1.353064,Leptosuchus,227.0,208.5,Late Triassic,"(227.0, 208.5)"
407,838834,838834,1.353064,Leptosuchus,227.0,208.5,Late Triassic,"(227.0, 208.5)"
408,838837,838837,1.353064,Calyptosuchus,227.0,208.5,Late Triassic,"(227.0, 208.5)"
409,838839,838839,1.353064,Leptosuchus,227.0,208.5,Late Triassic,"(227.0, 208.5)"
410,838841,838841,1.353064,Leptosuchus,227.0,208.5,Late Triassic,"(227.0, 208.5)"
411,838864,838864,1.353064,Calyptosuchus,227.0,208.5,Late Triassic,"(227.0, 208.5)"
412,838866,838866,1.353064,Leptosuchus,227.0,208.5,Late Triassic,"(227.0, 208.5)"
413,838916,838916,1.353064,Leptosuchus,227.0,208.5,Late Triassic,"(227.0, 208.5)"
414,838917,838917,1.353064,Calyptosuchus,227.0,208.5,Late Triassic,"(227.0, 208.5)"
415,838919,838919,1.353064,Calyptosuchus,227.0,208.5,Late Triassic,"(227.0, 208.5)"
416,838920,838920,1.353064,Leptosuchus,227.0,208.5,Late Triassic,"(227.0, 208.5)"
417,838924,838924,1.353064,Calyptosuchus,227.0,208.5,Late Triassic,"(227.0, 208.5)"
418,838925,838925,1.353064,Leptosuchus,227.0,208.5,Late Triassic,"(227.0, 208.5)"
419,838927,838927,1.353064,Calyptosuchus,227.0,208.5,Late Triassic,"(227.0, 208.5)"
420,838928,838928,1.353064,Calyptosuchus,227.0,208.5,Late Triassic,"(227.0, 208.5)"
421,838930,838930,1.353064,Leptosuchus,227.0,208.5,Late Triassic,"(227.0, 208.5)"
422,838932,838932,1.353064,Calyptosuchus,227.0,208.5,Late Triassic,"(227.0, 208.5)"
423,838933,838933,1.353064,Leptosuchus,227.0,208.5,Late Triassic,"(227.0, 208.5)"
424,838935,838935,1.353064,Leptosuchus,227.0,208.5,Late Triassic,"(227.0, 208.5)"
425,838936,838936,1.353064,Calyptosuchus,227.0,208.5,Late Triassic,"(227.0, 208.5)"
426,838937,838937,1.353064,Leptosuchus,227.0,208.5,Late Triassic,"(227.0, 208.5)"
427,838955,838955,1.353064,Calyptosuchus,227.0,208.5,Late Triassic,"(227.0, 208.5)"
428,838956,838956,1.353064,Leptosuchus,227.0,208.5,Late Triassic,"(227.0, 208.5)"
429,838959,838959,1.353064,Calyptosuchus,227.0,208.5,Late Triassic,"(227.0, 208.5)"
430,838960,838960,1.353064,Leptosuchus,227.0,208.5,Late Triassic,"(227.0, 208.5)"
431,838961,838961,1.353064,Leptosuchus,227.0,208.5,Late Triassic,"(227.0, 208.5)"
432,838963,838963,1.353064,Calyptosuchus,227.0,208.5,Late Triassic,"(227.0, 208.5)"
433,838965,838965,1.353064,Leptosuchus,227.0,208.5,Late Triassic,"(227.0, 208.5)"
434,838966,838966,1.353064,Smilosuchus,227.0,208.5,Late Triassic,"(227.0, 208.5)"
435,838967,838967,1.353064,Leptosuchus,227.0,208.5,Late Triassic,"(227.0, 208.5)"
436,838969,838969,1.353064,Leptosuchus,227.0,208.5,Late Triassic,"(227.0, 208.5)"
437,838998,838998,1.353064,Leptosuchus,227.0,208.5,Late Triassic,"(227.0, 208.5)"
438,838999,838999,1.353064,Calyptosuchus,227.0,208.5,Late Triassic,"(227.0, 208.5)"
439,840615,840615,1.353064,Calyptosuchus,227.0,208.5,Late Triassic,"(227.0, 208.5)"
440,840617,840617,1.353064,Leptosuchus,227.0,208.5,Late Triassic,"(227.0, 208.5)"
441,840618,840618,1.353064,Calyptosuchus,227.0,208.5,Late Triassic,"(227.0, 208.5)"
442,840619,840619,1.353064,Calyptosuchus,227.0,208.5,Late Triassic,"(227.0, 208.5)"
443,840621,840621,1.353064,Calyptosuchus,227.0,208.5,Late Triassic,"(227.0, 208.5)"
444,840623,840623,1.353064,Leptosuchus,227.0,208.5,Late Triassic,"(227.0, 208.5)"
445,840678,840678,1.353064,Protome,227.0,208.5,Late Triassic,"(227.0, 208.5)"
446,840722,840722,1.353064,Smilosuchus,227.0,208.5,Late Triassic,"(227.0, 208.5)"
447,840723,840723,1.353064,Leptosuchus,227.0,208.5,Late Triassic,"(227.0, 208.5)"
448,840767,840767,1.353064,Leptosuchus,227.0,208.5,Late Triassic,"(227.0, 208.5)"
449,840768,840768,1.353064,Leptosuchus,227.0,208.5,Late Triassic,"(227.0, 208.5)"
450,840769,840769,1.353064,Calyptosuchus,227.0,208.5,Late Triassic,"(227.0, 208.5)"
451,841816,841816,1.353064,Leptosuchus,227.0,208.5,Late Triassic,"(227.0, 208.5)"
452,841818,841818,1.353064,Desmatosuchus,227.0,208.5,Late Triassic,"(227.0, 208.5)"
453,841820,841820,1.353064,Calyptosuchus,227.0,208.5,Late Triassic,"(227.0, 208.5)"
454,841821,841821,1.353064,Poposaurus,227.0,208.5,Late Triassic,"(227.0, 208.5)"
455,841822,841822,1.353064,Desmatosuchus,227.0,208.5,Late Triassic,"(227.0, 208.5)"
456,841824,841824,1.353064,Leptosuchus,227.0,208.5,Late Triassic,"(227.0, 208.5)"
457,841825,841825,1.353064,Calyptosuchus,227.0,208.5,Late Triassic,"(227.0, 208.5)"
458,841827,841827,1.353064,Leptosuchus,227.0,208.5,Late Triassic,"(227.0, 208.5)"
459,841828,841828,1.353064,Smilosuchus,227.0,208.5,Late Triassic,"(227.0, 208.5)"
460,841831,841831,3.84681,Leptosuchus,227.0,208.5,Late Triassic,"(227.0, 208.5)"
461,841834,841834,3.84681,Smilosuchus,227.0,208.5,Late Triassic,"(227.0, 208.5)"
462,841836,841836,3.84681,Smilosuchus,227.0,208.5,Late Triassic,"(227.0, 208.5)"
463,841838,841838,3.84681,Smilosuchus,227.0,208.5,Late Triassic,"(227.0, 208.5)"
464,842029,842029,1.353064,Typothorax,227.0,208.5,Late Triassic,"(227.0, 208.5)"
465,842030,842030,1.353064,Postosuchus,227.0,208.5,Late Triassic,"(227.0, 208.5)"
466,842032,842032,1.353064,Typothorax,227.0,208.5,Late Triassic,"(227.0, 208.5)"
467,842034,842034,1.353064,Typothorax,227.0,208.5,Late Triassic,"(227.0, 208.5)"
468,842036,842036,1.353064,Shuvosaurus,227.0,208.5,Late Triassic,"(227.0, 208.5)"
469,842037,842037,1.353064,Typothorax,227.0,208.5,Late Triassic,"(227.0, 208.5)"
470,842039,842039,1.353064,Typothorax,227.0,208.5,Late Triassic,"(227.0, 208.5)"
471,842043,842043,1.353064,Typothorax,227.0,208.5,Late Triassic,"(227.0, 208.5)"
472,842073,842073,1.353064,Typothorax,227.0,208.5,Late Triassic,"(227.0, 208.5)"
473,842077,842077,1.353064,Postosuchus,227.0,208.5,Late Triassic,"(227.0, 208.5)"
474,842081,842081,1.353064,Postosuchus,227.0,208.5,Late Triassic,"(227.0, 208.5)"
475,842083,842083,1.353064,Typothorax,227.0,208.5,Late Triassic,"(227.0, 208.5)"
476,842084,842084,1.353064,Machaeroprosopus,227.0,208.5,Late Triassic,"(227.0, 208.5)"
477,842099,842099,1.353064,Typothorax,227.0,208.5,Late Triassic,"(227.0, 208.5)"
478,842101,842101,1.353064,Typothorax,227.0,208.5,Late Triassic,"(227.0, 208.5)"
479,842103,842103,1.353064,Typothorax,227.0,208.5,Late Triassic,"(227.0, 208.5)"
480,842104,842104,1.353064,Typothorax,227.0,208.5,Late Triassic,"(227.0, 208.5)"
481,842107,842107,1.353064,Typothorax,227.0,208.5,Late Triassic,"(227.0, 208.5)"
482,842110,842110,1.353064,Machaeroprosopus,227.0,208.5,Late Triassic,"(227.0, 208.5)"
483,842113,842113,1.353064,Paratypothorax,227.0,208.5,Late Triassic,"(227.0, 208.5)"
484,842114,842114,1.353064,Typothorax,227.0,208.5,Late Triassic,"(227.0, 208.5)"
485,842115,842115,1.353064,Machaeroprosopus,227.0,208.5,Late Triassic,"(227.0, 208.5)"
486,842116,842116,1.353064,Typothorax,227.0,208.5,Late Triassic,"(227.0, 208.5)"
487,842117,842117,1.353064,Postosuchus,227.0,208.5,Late Triassic,"(227.0, 208.5)"
488,842120,842120,1.353064,Typothorax,227.0,208.5,Late Triassic,"(227.0, 208.5)"
489,842121,842121,1.353064,Paratypothorax,227.0,208.5,Late Triassic,"(227.0, 208.5)"
490,842122,842122,1.353064,Postosuchus,227.0,208.5,Late Triassic,"(227.0, 208.5)"
491,842123,842123,1.353064,Shuvosaurus,227.0,208.5,Late Triassic,"(227.0, 208.5)"
492,842124,842124,1.353064,Machaeroprosopus,227.0,208.5,Late Triassic,"(227.0, 208.5)"
493,842125,842125,1.353064,Machaeroprosopus,227.0,208.5,Late Triassic,"(227.0, 208.5)"
494,842126,842126,1.353064,Paratypothorax,227.0,208.5,Late Triassic,"(227.0, 208.5)"
495,842127,842127,1.353064,Leptosuchus,227.0,208.5,Late Triassic,"(227.0, 208.5)"
496,842131,842131,1.353064,Typothorax,227.0,208.5,Late Triassic,"(227.0, 208.5)"
497,842136,842136,1.353064,Typothorax,227.0,208.5,Late Triassic,"(227.0, 208.5)"
498,842139,842139,1.353064,Typothorax,227.0,208.5,Late Triassic,"(227.0, 208.5)"
499,842145,842145,1.353064,Paratypothorax,227.0,208.5,Late Triassic,"(227.0, 208.5)"
500,842146,842146,1.353064,Typothorax,227.0,208.5,Late Triassic,"(227.0, 208.5)"
501,842165,842165,1.353064,Typothorax,227.0,208.5,Late Triassic,"(227.0, 208.5)"
502,842169,842169,1.353064,Typothorax,227.0,208.5,Late Triassic,"(227.0, 208.5)"
503,842179,842179,1.353064,Typothorax,227.0,208.5,Late Triassic,"(227.0, 208.5)"
504,842182,842182,1.353064,Typothorax,227.0,208.5,Late Triassic,"(227.0, 208.5)"
505,842184,842184,1.353064,Paratypothorax,227.0,208.5,Late Triassic,"(227.0, 208.5)"
506,842185,842185,1.353064,Typothorax,227.0,208.5,Late Triassic,"(227.0, 208.5)"
507,842187,842187,1.353064,Typothorax,227.0,208.5,Late Triassic,"(227.0, 208.5)"
508,842190,842190,1.353064,Typothorax,227.0,208.5,Late Triassic,"(227.0, 208.5)"
509,842193,842193,1.353064,Paratypothorax,227.0,208.5,Late Triassic,"(227.0, 208.5)"
510,842194,842194,1.353064,Typothorax,227.0,208.5,Late Triassic,"(227.0, 208.5)"
511,842197,842197,1.353064,Machaeroprosopus,227.0,208.5,Late Triassic,"(227.0, 208.5)"
512,842198,842198,1.353064,Machaeroprosopus,227.0,208.5,Late Triassic,"(227.0, 208.5)"
513,842199,842199,1.353064,Paratypothorax,227.0,208.5,Late Triassic,"(227.0, 208.5)"
514,842200,842200,1.353064,Typothorax,227.0,208.5,Late Triassic,"(227.0, 208.5)"
515,842201,842201,1.353064,Machaeroprosopus,227.0,208.5,Late Triassic,"(227.0, 208.5)"
516,842202,842202,1.353064,Typothorax,227.0,208.5,Late Triassic,"(227.0, 208.5)"
517,842204,842204,1.353064,Typothorax,227.0,208.5,Late Triassic,"(227.0, 208.5)"
518,842205,842205,1.353064,Machaeroprosopus,227.0,208.5,Late Triassic,"(227.0, 208.5)"
519,842209,842209,1.353064,Typothorax,227.0,208.5,Late Triassic,"(227.0, 208.5)"
520,842212,842212,1.353064,Postosuchus,227.0,208.5,Late Triassic,"(227.0, 208.5)"
521,842223,842223,3.84681,Leptosuchus,227.0,208.5,Late Triassic,"(227.0, 208.5)"
522,842224,842224,3.84681,Leptosuchus,227.0,208.5,Late Triassic,"(227.0, 208.5)"
523,842228,842228,1.353064,Paratypothorax,227.0,208.5,Late Triassic,"(227.0, 208.5)"
524,842229,842229,1.353064,Poposaurus,227.0,208.5,Late Triassic,"(227.0, 208.5)"
525,842231,842231,1.353064,Pravusuchus,227.0,208.5,Late Triassic,"(227.0, 208.5)"
526,842232,842232,1.353064,Leptosuchus,227.0,208.5,Late Triassic,"(227.0, 208.5)"
527,842233,842233,1.353064,Stagonolepis,227.0,208.5,Late Triassic,"(227.0, 208.5)"
528,842234,842234,1.353064,Paratypothorax,227.0,208.5,Late Triassic,"(227.0, 208.5)"
529,842242,842242,1.353064,Typothorax,227.0,208.5,Late Triassic,"(227.0, 208.5)"
530,842245,842245,1.353064,Rioarribasuchus,227.0,208.5,Late Triassic,"(227.0, 208.5)"
531,842246,842246,1.353064,Scutarx,227.0,208.5,Late Triassic,"(227.0, 208.5)"
532,842248,842248,1.353064,Paratypothorax,227.0,208.5,Late Triassic,"(227.0, 208.5)"
533,842249,842249,1.353064,Paratypothorax,227.0,208.5,Late Triassic,"(227.0, 208.5)"
534,842255,842255,1.353064,Revueltosaurus,227.0,208.5,Late Triassic,"(227.0, 208.5)"
535,842256,842256,1.353064,Revueltosaurus,227.0,208.5,Late Triassic,"(227.0, 208.5)"
536,842270,842270,1.353064,Typothorax,227.0,208.5,Late Triassic,"(227.0, 208.5)"
537,842309,842309,1.353064,Machaeroprosopus,227.0,208.5,Late Triassic,"(227.0, 208.5)"
538,842321,842321,1.353064,Uatchitodon,227.0,208.5,Late Triassic,"(227.0, 208.5)"
539,842343,842343,1.353064,Typothorax,227.0,208.5,Late Triassic,"(227.0, 208.5)"
540,842374,842374,1.353064,Adamanasuchus,227.0,208.5,Late Triassic,"(227.0, 208.5)"
541,842665,842665,1.625439,Shuvosaurus,227.0,208.5,Late Triassic,"(227.0, 208.5)"
542,842770,842770,1.625439,Smilosuchus,227.0,208.5,Late Triassic,"(227.0, 208.5)"
543,842773,842773,1.625439,Calyptosuchus,227.0,208.5,Late Triassic,"(227.0, 208.5)"
544,842775,842775,1.625439,Postosuchus,227.0,208.5,Late Triassic,"(227.0, 208.5)"
545,842795,842795,1.625439,Smilosuchus,227.0,208.5,Late Triassic,"(227.0, 208.5)"
546,842796,842796,1.625439,Leptosuchus,227.0,208.5,Late Triassic,"(227.0, 208.5)"
547,842802,842802,1.625439,Leptosuchus,227.0,208.5,Late Triassic,"(227.0, 208.5)"
548,842803,842803,1.625439,Leptosuchus,227.0,208.5,Late Triassic,"(227.0, 208.5)"
549,842803,842803,1.625439,Leptosuchus,227.0,208.5,Late Triassic,"(227.0, 208.5)"
550,842804,842804,1.625439,Hesperosuchus,227.0,208.5,Late Triassic,"(227.0, 208.5)"
551,842807,842807,1.625439,Machaeroprosopus,227.0,208.5,Late Triassic,"(227.0, 208.5)"
552,842807,842807,1.625439,Machaeroprosopus,227.0,208.5,Late Triassic,"(227.0, 208.5)"
553,842807,842807,1.625439,Machaeroprosopus,227.0,208.5,Late Triassic,"(227.0, 208.5)"
554,842874,842874,1.625439,Angistorhinus,227.0,208.5,Late Triassic,"(227.0, 208.5)"
555,842875,842875,1.353064,Calyptosuchus,227.0,208.5,Late Triassic,"(227.0, 208.5)"
556,842947,842947,1.353064,Machaeroprosopus,227.0,208.5,Late Triassic,"(227.0, 208.5)"
557,842957,842957,1.357201,Desmatosuchus,227.0,208.5,Late Triassic,"(227.0, 208.5)"
558,842967,842967,1.353064,Rutiodon,227.0,208.5,Late Triassic,"(227.0, 208.5)"
559,842973,842973,1.353064,Stagonolepis,227.0,208.5,Late Triassic,"(227.0, 208.5)"
560,842984,842984,1.357201,Typothorax,227.0,208.5,Late Triassic,"(227.0, 208.5)"
561,842985,842985,1.357201,Typothorax,227.0,208.5,Late Triassic,"(227.0, 208.5)"
562,842986,842986,1.357201,Typothorax,227.0,208.5,Late Triassic,"(227.0, 208.5)"
563,842987,842987,1.357201,Typothorax,227.0,208.5,Late Triassic,"(227.0, 208.5)"
564,842988,842988,1.357201,Typothorax,227.0,208.5,Late Triassic,"(227.0, 208.5)"
565,842989,842989,1.357201,Typothorax,227.0,208.5,Late Triassic,"(227.0, 208.5)"
566,843000,843000,1.357201,Typothorax,227.0,208.5,Late Triassic,"(227.0, 208.5)"
567,843001,843001,1.357201,Typothorax,227.0,208.5,Late Triassic,"(227.0, 208.5)"
568,843002,843002,1.357201,Typothorax,227.0,208.5,Late Triassic,"(227.0, 208.5)"
569,843003,843003,1.357201,Typothorax,227.0,208.5,Late Triassic,"(227.0, 208.5)"
570,843004,843004,1.357201,Typothorax,227.0,208.5,Late Triassic,"(227.0, 208.5)"
571,843005,843005,1.357201,Typothorax,227.0,208.5,Late Triassic,"(227.0, 208.5)"
572,843006,843006,1.357201,Typothorax,227.0,208.5,Late Triassic,"(227.0, 208.5)"
573,843034,843034,1.357201,Shuvosaurus,227.0,208.5,Late Triassic,"(227.0, 208.5)"
574,843041,843041,1.357201,Typothorax,227.0,208.5,Late Triassic,"(227.0, 208.5)"
575,843062,843062,1.357201,Rutiodon,227.0,208.5,Late Triassic,"(227.0, 208.5)"
576,843067,843067,1.357201,Paratypothorax,227.0,208.5,Late Triassic,"(227.0, 208.5)"
577,843068,843068,1.357201,Desmatosuchus,227.0,208.5,Late Triassic,"(227.0, 208.5)"
578,843069,843069,1.357201,Typothorax,227.0,208.5,Late Triassic,"(227.0, 208.5)"
579,843073,843073,1.357201,Postosuchus,227.0,208.5,Late Triassic,"(227.0, 208.5)"
580,843074,843074,1.357201,Paratypothorax,227.0,208.5,Late Triassic,"(227.0, 208.5)"
581,843102,843102,1.357201,Desmatosuchus,227.0,208.5,Late Triassic,"(227.0, 208.5)"
582,843103,843103,1.357201,Calyptosuchus,227.0,208.5,Late Triassic,"(227.0, 208.5)"
583,843116,843116,1.357201,Angistorhinus,227.0,208.5,Late Triassic,"(227.0, 208.5)"
584,843121,843121,1.357201,Rutiodon,227.0,208.5,Late Triassic,"(227.0, 208.5)"
585,843132,843132,3.836582,Machaeroprosopus,227.0,208.5,Late Triassic,"(227.0, 208.5)"
586,843152,843152,1.357201,Redondasuchus,227.0,208.5,Late Triassic,"(227.0, 208.5)"
587,843206,843206,1.357201,Redondasuchus,227.0,208.5,Late Triassic,"(227.0, 208.5)"
588,843392,843392,1.357201,Machaeroprosopus,227.0,208.5,Late Triassic,"(227.0, 208.5)"
589,843393,843393,1.357201,Apachesuchus,227.0,208.5,Late Triassic,"(227.0, 208.5)"
590,843424,843424,3.836582,Machaeroprosopus,227.0,208.5,Late Triassic,"(227.0, 208.5)"
591,843442,843442,3.836582,Dolabrosaurus,227.0,208.5,Late Triassic,"(227.0, 208.5)"
592,845884,845884,3.836582,Rutiodon,227.0,208.5,Late Triassic,"(227.0, 208.5)"
593,845912,845912,3.508757,Typothorax,227.0,208.5,Late Triassic,"(227.0, 208.5)"
594,845919,845919,3.836582,Machaeroprosopus,227.0,208.5,Late Triassic,"(227.0, 208.5)"
595,846145,846145,3.836582,Typothorax,227.0,208.5,Late Triassic,"(227.0, 208.5)"
596,846167,846167,3.836582,Typothorax,227.0,208.5,Late Triassic,"(227.0, 208.5)"
597,846168,846168,1.357201,Typothorax,227.0,208.5,Late Triassic,"(227.0, 208.5)"
598,846168,846168,1.357201,Typothorax,227.0,208.5,Late Triassic,"(227.0, 208.5)"
599,846168,846168,1.357201,Typothorax,227.0,208.5,Late Triassic,"(227.0, 208.5)"
600,846306,846306,3.836582,Postosuchus,227.0,208.5,Late Triassic,"(227.0, 208.5)"
601,846308,846308,3.836582,Caseosaurus,227.0,208.5,Late Triassic,"(227.0, 208.5)"
602,847959,847959,1.353064,Leptosuchus,227.0,208.5,Late Triassic,"(227.0, 208.5)"
603,850008,850008,1.353064,Krzyzanowskisaurus,227.0,208.5,Late Triassic,"(227.0, 208.5)"
604,850012,850012,-1.470099,Trilophosaurus,227.0,208.5,Late Triassic,"(227.0, 208.5)"
605,850016,850016,-1.470099,Calyptosuchus,227.0,208.5,Late Triassic,"(227.0, 208.5)"
606,850048,850048,3.84681,Desmatosuchus,227.0,208.5,Late Triassic,"(227.0, 208.5)"
607,853407,853407,1.357201,Machaeroprosopus,227.0,208.5,Late Triassic,"(227.0, 208.5)"
608,853411,853411,1.357201,Shuvosaurus,227.0,208.5,Late Triassic,"(227.0, 208.5)"
609,880945,880945,34.47747,Coburgosuchus,227.0,208.5,Late Triassic,"(227.0, 208.5)"
610,882064,882064,34.47747,Plateosaurus,227.0,208.5,Late Triassic,"(227.0, 208.5)"
611,882293,882293,34.92545,Mystriosuchus,227.0,208.5,Late Triassic,"(227.0, 208.5)"
612,882293,882293,34.92545,Mystriosuchus,227.0,208.5,Late Triassic,"(227.0, 208.5)"
613,882293,882293,34.92545,Mystriosuchus,227.0,208.5,Late Triassic,"(227.0, 208.5)"
614,897122,897122,1.358284,Uatchitodon,227.0,208.5,Late Triassic,"(227.0, 208.5)"
615,897129,897129,1.358284,Revueltosaurus,227.0,208.5,Late Triassic,"(227.0, 208.5)"
616,897134,897134,1.358284,Revueltosaurus,227.0,208.5,Late Triassic,"(227.0, 208.5)"
617,897618,897618,-46.11636,Guaibasaurus,227.0,208.5,Late Triassic,"(227.0, 208.5)"
618,908524,908524,-46.11636,Teyumbaita,227.0,208.5,Late Triassic,"(227.0, 208.5)"
619,908524,908524,-46.11636,Teyumbaita,227.0,208.5,Late Triassic,"(227.0, 208.5)"
620,908525,908525,-46.11636,Hyperodapedon,227.0,208.5,Late Triassic,"(227.0, 208.5)"
621,908533,908533,-46.11636,Teyumbaita,227.0,208.5,Late Triassic,"(227.0, 208.5)"
622,908533,908533,-46.11636,Teyumbaita,227.0,208.5,Late Triassic,"(227.0, 208.5)"
623,908533,908533,-46.11636,Teyumbaita,227.0,208.5,Late Triassic,"(227.0, 208.5)"
624,923080,923080,-46.11636,Clevosaurus,227.0,208.5,Late Triassic,"(227.0, 208.5)"
625,923083,923083,-50.49719,Riojasuchus,227.0,208.5,Late Triassic,"(227.0, 208.5)"
626,923086,923086,-50.49719,Neoaetosauroides,227.0,208.5,Late Triassic,"(227.0, 208.5)"
627,923086,923086,-50.49719,Neoaetosauroides,227.0,208.5,Late Triassic,"(227.0, 208.5)"
628,923087,923087,-50.49719,Hemiprotosuchus,227.0,208.5,Late Triassic,"(227.0, 208.5)"
629,923087,923087,-50.49719,Hemiprotosuchus,227.0,208.5,Late Triassic,"(227.0, 208.5)"
630,923088,923088,-50.49719,Pseudhesperosuchus,227.0,208.5,Late Triassic,"(227.0, 208.5)"
631,923089,923089,-50.49719,Palaeochersis,227.0,208.5,Late Triassic,"(227.0, 208.5)"
632,923089,923089,-50.49719,Palaeochersis,227.0,208.5,Late Triassic,"(227.0, 208.5)"
633,923089,923089,-50.49719,Palaeochersis,227.0,208.5,Late Triassic,"(227.0, 208.5)"
634,923090,923090,-50.49719,Fasolasuchus,227.0,208.5,Late Triassic,"(227.0, 208.5)"
635,923092,923092,-50.49719,Neoaetosauroides,227.0,208.5,Late Triassic,"(227.0, 208.5)"
636,923093,923093,-50.49719,Neoaetosauroides,227.0,208.5,Late Triassic,"(227.0, 208.5)"
637,923093,923093,-50.49719,Neoaetosauroides,227.0,208.5,Late Triassic,"(227.0, 208.5)"
638,923094,923094,-50.49719,Neoaetosauroides,227.0,208.5,Late Triassic,"(227.0, 208.5)"
639,923095,923095,-50.49719,Neoaetosauroides,227.0,208.5,Late Triassic,"(227.0, 208.5)"
640,923096,923096,-50.49719,Neoaetosauroides,227.0,208.5,Late Triassic,"(227.0, 208.5)"
641,924734,924734,30.98263,Mystriosuchus,227.0,208.5,Late Triassic,"(227.0, 208.5)"
642,924735,924735,30.98263,Mystriosuchus,227.0,208.5,Late Triassic,"(227.0, 208.5)"
643,924736,924736,30.98263,Mystriosuchus,227.0,208.5,Late Triassic,"(227.0, 208.5)"
644,924737,924737,30.98263,Mystriosuchus,227.0,208.5,Late Triassic,"(227.0, 208.5)"
645,924739,924739,32.59323,Nicrosaurus,227.0,208.5,Late Triassic,"(227.0, 208.5)"
646,924740,924740,32.59323,Nicrosaurus,227.0,208.5,Late Triassic,"(227.0, 208.5)"
647,924743,924743,6.739012,Rutiodon,227.0,208.5,Late Triassic,"(227.0, 208.5)"
648,924747,924747,32.59323,Paratypothorax,227.0,208.5,Late Triassic,"(227.0, 208.5)"
649,929818,929818,32.59323,Paratypothorax,227.0,208.5,Late Triassic,"(227.0, 208.5)"
650,930806,930806,-46.11636,Faxinalipterus,227.0,208.5,Late Triassic,"(227.0, 208.5)"
651,930806,930806,-46.11636,Faxinalipterus,227.0,208.5,Late Triassic,"(227.0, 208.5)"
652,930809,930809,-46.11636,Cargninia,227.0,208.5,Late Triassic,"(227.0, 208.5)"
653,930836,930836,35.99011,Mystriosuchus,227.0,208.5,Late Triassic,"(227.0, 208.5)"
654,930837,930837,35.99011,Nicrosaurus,227.0,208.5,Late Triassic,"(227.0, 208.5)"
655,930849,930849,30.98263,Plateosaurus,227.0,208.5,Late Triassic,"(227.0, 208.5)"
656,930990,930990,30.6753,Proganochelys,227.0,208.5,Late Triassic,"(227.0, 208.5)"
657,931088,931088,30.6753,Proganochelys,227.0,208.5,Late Triassic,"(227.0, 208.5)"
658,931095,931095,30.6753,Proganochelys,227.0,208.5,Late Triassic,"(227.0, 208.5)"
659,933495,933495,12.74718,Rutiodon,227.0,208.5,Late Triassic,"(227.0, 208.5)"
660,933496,933496,26.04535,Sikannisuchus,227.0,208.5,Late Triassic,"(227.0, 208.5)"
661,933499,933499,26.04535,Sikannisuchus,227.0,208.5,Late Triassic,"(227.0, 208.5)"
662,933502,933502,26.04535,Sikannisuchus,227.0,208.5,Late Triassic,"(227.0, 208.5)"
663,933505,933505,26.04535,Sikannisuchus,227.0,208.5,Late Triassic,"(227.0, 208.5)"
664,934039,934039,1.358284,Rutiodon,227.0,208.5,Late Triassic,"(227.0, 208.5)"
665,934229,934229,1.353064,Smilosuchus,227.0,208.5,Late Triassic,"(227.0, 208.5)"
666,939490,939490,4.111155,Poposaurus,227.0,208.5,Late Triassic,"(227.0, 208.5)"
667,1066207,1066207,-25.48265,Nambalia,227.0,208.5,Late Triassic,"(227.0, 208.5)"
668,1066207,1066207,-25.48265,Nambalia,227.0,208.5,Late Triassic,"(227.0, 208.5)"
669,1066207,1066207,-25.48265,Nambalia,227.0,208.5,Late Triassic,"(227.0, 208.5)"
670,1066208,1066208,-25.48265,Jaklapallisaurus,227.0,208.5,Late Triassic,"(227.0, 208.5)"
671,1079734,1079734,1.358284,Crosbysaurus,227.0,208.5,Late Triassic,"(227.0, 208.5)"
672,1079735,1079735,1.358284,Revueltosaurus,227.0,208.5,Late Triassic,"(227.0, 208.5)"
673,1083465,1083465,1.353064,Rugarhynchos,227.0,208.5,Late Triassic,"(227.0, 208.5)"
674,1084250,1084250,1.353064,Tecovasuchus,227.0,208.5,Late Triassic,"(227.0, 208.5)"
675,1084251,1084251,1.353064,Tecovasuchus,227.0,208.5,Late Triassic,"(227.0, 208.5)"
676,1084252,1084252,1.353064,Tecovasuchus,227.0,208.5,Late Triassic,"(227.0, 208.5)"
677,1084253,1084253,1.353064,Tecovasuchus,227.0,208.5,Late Triassic,"(227.0, 208.5)"
678,1084254,1084254,1.353064,Tecovasuchus,227.0,208.5,Late Triassic,"(227.0, 208.5)"
679,1099822,1099822,30.98263,Proganochelys,227.0,208.5,Late Triassic,"(227.0, 208.5)"
680,1099826,1099826,30.98263,Proganochelys,227.0,208.5,Late Triassic,"(227.0, 208.5)"
681,1099834,1099834,34.47747,Proterochersis,227.0,208.5,Late Triassic,"(227.0, 208.5)"
682,1099923,1099923,32.59323,Proterochersis,227.0,208.5,Late Triassic,"(227.0, 208.5)"
683,1099924,1099924,34.47747,Proterochersis,227.0,208.5,Late Triassic,"(227.0, 208.5)"
684,1099927,1099927,32.59323,Nicrosaurus,227.0,208.5,Late Triassic,"(227.0, 208.5)"
685,1100182,1100182,34.47747,Paratypothorax,227.0,208.5,Late Triassic,"(227.0, 208.5)"
686,1100184,1100184,34.47747,Nicrosaurus,227.0,208.5,Late Triassic,"(227.0, 208.5)"
687,1100185,1100185,34.47747,Nicrosaurus,227.0,208.5,Late Triassic,"(227.0, 208.5)"
688,1100202,1100202,32.59323,Nicrosaurus,227.0,208.5,Late Triassic,"(227.0, 208.5)"
689,1100203,1100203,30.98263,Nicrosaurus,227.0,208.5,Late Triassic,"(227.0, 208.5)"
690,1100204,1100204,30.98263,Paratypothorax,227.0,208.5,Late Triassic,"(227.0, 208.5)"
691,1100205,1100205,32.59323,Nicrosaurus,227.0,208.5,Late Triassic,"(227.0, 208.5)"
692,1100206,1100206,30.98263,Nicrosaurus,227.0,208.5,Late Triassic,"(227.0, 208.5)"
693,1104047,1104047,34.47747,Plateosaurus,227.0,208.5,Late Triassic,"(227.0, 208.5)"
694,1107323,1107323,38.38995,Velocipes,227.0,208.5,Late Triassic,"(227.0, 208.5)"
695,1107325,1107325,32.59323,Tanystropheus,227.0,208.5,Late Triassic,"(227.0, 208.5)"
696,1112358,1112358,-50.49719,Coloradisaurus,227.0,208.5,Late Triassic,"(227.0, 208.5)"
697,1116574,1116574,1.353064,Poposaurus,227.0,208.5,Late Triassic,"(227.0, 208.5)"
698,1116575,1116575,1.353064,Shuvosaurus,227.0,208.5,Late Triassic,"(227.0, 208.5)"
699,1116576,1116576,1.353064,Postosuchus,227.0,208.5,Late Triassic,"(227.0, 208.5)"
700,1116584,1116584,1.353064,Rutiodon,227.0,208.5,Late Triassic,"(227.0, 208.5)"
701,1116585,1116585,1.353064,Hesperosuchus,227.0,208.5,Late Triassic,"(227.0, 208.5)"
702,1139540,1139540,-65.49458,Plateosaurus,227.0,208.5,Late Triassic,"(227.0, 208.5)"
703,1139540,1139540,-65.49458,Plateosaurus,227.0,208.5,Late Triassic,"(227.0, 208.5)"
704,1139540,1139540,-65.49458,Plateosaurus,227.0,208.5,Late Triassic,"(227.0, 208.5)"
705,1139540,1139540,-65.49458,Plateosaurus,227.0,208.5,Late Triassic,"(227.0, 208.5)"
706,1237442,1237442,6.739012,Rutiodon,227.0,208.5,Late Triassic,"(227.0, 208.5)"
707,1315237,1315237,-52.85442,Sphenotitan,227.0,208.5,Late Triassic,"(227.0, 208.5)"
708,1330178,1330178,1.353064,Calyptosuchus,227.0,208.5,Late Triassic,"(227.0, 208.5)"
709,1330181,1330181,1.357201,Typothorax,227.0,208.5,Late Triassic,"(227.0, 208.5)"
710,1332865,1332865,1.357201,Typothorax,227.0,208.5,Late Triassic,"(227.0, 208.5)"
711,1334449,1334449,34.47747,Proterochersis,227.0,208.5,Late Triassic,"(227.0, 208.5)"
712,1347726,1347726,6.340519,Stenomyti,227.0,208.5,Late Triassic,"(227.0, 208.5)"
713,1347767,1347767,3.836582,Vivaron,227.0,208.5,Late Triassic,"(227.0, 208.5)"
714,1347768,1347768,3.836582,Vivaron,227.0,208.5,Late Triassic,"(227.0, 208.5)"
715,1347795,1347795,-52.85442,Dromomeron,227.0,208.5,Late Triassic,"(227.0, 208.5)"
716,1347822,1347822,-52.85442,Waluchelys,227.0,208.5,Late Triassic,"(227.0, 208.5)"
717,1347823,1347823,-52.85442,Sphenotitan,227.0,208.5,Late Triassic,"(227.0, 208.5)"
718,1347824,1347824,-52.85442,Sphenotitan,227.0,208.5,Late Triassic,"(227.0, 208.5)"
719,1347830,1347830,-52.85442,Lucianovenator,227.0,208.5,Late Triassic,"(227.0, 208.5)"
720,1347835,1347835,1.353064,Scutarx,227.0,208.5,Late Triassic,"(227.0, 208.5)"
721,1347836,1347836,1.353064,Scutarx,227.0,208.5,Late Triassic,"(227.0, 208.5)"
722,1356672,1356672,3.836582,Coelophysis,227.0,208.5,Late Triassic,"(227.0, 208.5)"
723,1371708,1371708,6.739012,Tanytrachelos,227.0,208.5,Late Triassic,"(227.0, 208.5)"
724,1371944,1371944,6.739012,Tanytrachelos,227.0,208.5,Late Triassic,"(227.0, 208.5)"
725,1371949,1371949,6.739012,Tanytrachelos,227.0,208.5,Late Triassic,"(227.0, 208.5)"
726,1394218,1394218,1.353064,Smilosuchus,227.0,208.5,Late Triassic,"(227.0, 208.5)"
727,1400945,1400945,1.357201,Heterodontichnites,227.0,208.5,Late Triassic,"(227.0, 208.5)"
728,1406956,1406956,-1.470099,Coahomasuchus,227.0,208.5,Late Triassic,"(227.0, 208.5)"
729,1408749,1408749,30.98263,Deltadectes,227.0,208.5,Late Triassic,"(227.0, 208.5)"
730,1408750,1408750,30.98263,Diphydontosaurus,227.0,208.5,Late Triassic,"(227.0, 208.5)"
731,1415672,1415672,1.353064,Machaeroprosopus,227.0,208.5,Late Triassic,"(227.0, 208.5)"
732,1417820,1417820,3.836582,Drepanosaurus,227.0,208.5,Late Triassic,"(227.0, 208.5)"
733,1417821,1417821,-1.470099,Dromomeron,227.0,208.5,Late Triassic,"(227.0, 208.5)"
734,1417822,1417822,1.019337,Dromomeron,227.0,208.5,Late Triassic,"(227.0, 208.5)"
735,1417823,1417823,1.019337,Dromomeron,227.0,208.5,Late Triassic,"(227.0, 208.5)"
736,1417826,1417826,-1.470099,Dromomeron,227.0,208.5,Late Triassic,"(227.0, 208.5)"
737,1417827,1417827,-1.470099,Dromomeron,227.0,208.5,Late Triassic,"(227.0, 208.5)"
738,1418638,1418638,1.357201,Machaeroprosopus,227.0,208.5,Late Triassic,"(227.0, 208.5)"
739,1418639,1418639,-1.470099,Machaeroprosopus,227.0,208.5,Late Triassic,"(227.0, 208.5)"
740,1418643,1418643,-1.470099,Postosuchus,227.0,208.5,Late Triassic,"(227.0, 208.5)"
741,1418644,1418644,-1.470099,Shuvosaurus,227.0,208.5,Late Triassic,"(227.0, 208.5)"
742,1418646,1418646,1.357201,Machaeroprosopus,227.0,208.5,Late Triassic,"(227.0, 208.5)"
743,1418647,1418647,1.357201,Machaeroprosopus,227.0,208.5,Late Triassic,"(227.0, 208.5)"
744,1419050,1419050,-1.470099,Lepidus,227.0,208.5,Late Triassic,"(227.0, 208.5)"
745,1419097,1419097,1.353064,Palacrodon,227.0,208.5,Late Triassic,"(227.0, 208.5)"
746,1419098,1419098,1.353064,Palacrodon,227.0,208.5,Late Triassic,"(227.0, 208.5)"
747,1419529,1419529,-1.470099,Spinosuchus,227.0,208.5,Late Triassic,"(227.0, 208.5)"
748,1419785,1419785,20.34746,Sclerostropheus,227.0,208.5,Late Triassic,"(227.0, 208.5)"
749,1421955,1421955,-52.85442,Ingentia,227.0,208.5,Late Triassic,"(227.0, 208.5)"
750,1423604,1423604,-46.11636,Macrocollum,227.0,208.5,Late Triassic,"(227.0, 208.5)"
751,1435841,1435841,-50.49719,Coloradisuchus,227.0,208.5,Late Triassic,"(227.0, 208.5)"
752,1439335,1439335,-1.470099,Soumyasaurus,227.0,208.5,Late Triassic,"(227.0, 208.5)"
753,1456627,1456627,30.98263,Notatesseraeraptor,227.0,208.5,Late Triassic,"(227.0, 208.5)"
754,1456852,1456852,-46.11636,Nhandumirim,227.0,208.5,Late Triassic,"(227.0, 208.5)"
755,1472197,1472197,1.353064,Revueltosaurus,227.0,208.5,Late Triassic,"(227.0, 208.5)"
756,1487831,1487831,1.353064,Ancistronychus,227.0,208.5,Late Triassic,"(227.0, 208.5)"
757,1499983,1499983,-46.11636,Lanceirosphenodon,227.0,208.5,Late Triassic,"(227.0, 208.5)"
758,1514433,1514433,30.98263,Schleitheimia,227.0,208.5,Late Triassic,"(227.0, 208.5)"
759,1545883,1545883,1.353064,Trilophosaurus,227.0,208.5,Late Triassic,"(227.0, 208.5)"
760,1546409,1546409,1.353064,Acaenasuchus,227.0,208.5,Late Triassic,"(227.0, 208.5)"
761,1546421,1546421,1.353064,Skybalonyx,227.0,208.5,Late Triassic,"(227.0, 208.5)"
762,1546483,1546483,1.353064,Acaenasuchus,227.0,208.5,Late Triassic,"(227.0, 208.5)"
763,1546783,1546783,1.353064,Typothorax,227.0,208.5,Late Triassic,"(227.0, 208.5)"
764,1546807,1546807,-1.470099,Malerisaurus,227.0,208.5,Late Triassic,"(227.0, 208.5)"
765,1546809,1546809,-1.470099,Trilophosaurus,227.0,208.5,Late Triassic,"(227.0, 208.5)"
766,1546810,1546810,-1.470099,Trilophosaurus,227.0,208.5,Late Triassic,"(227.0, 208.5)"
767,1546811,1546811,-1.470099,Trilophosaurus,227.0,208.5,Late Triassic,"(227.0, 208.5)"
768,1546812,1546812,-1.470099,Parasuchus,227.0,208.5,Late Triassic,"(227.0, 208.5)"
769,1546814,1546814,-1.470099,Stagonolepis,227.0,208.5,Late Triassic,"(227.0, 208.5)"
770,1546818,1546818,-1.470099,Revueltosaurus,227.0,208.5,Late Triassic,"(227.0, 208.5)"
771,1546822,1546822,-1.470099,Dromomeron,227.0,208.5,Late Triassic,"(227.0, 208.5)"
772,1546823,1546823,-1.470099,Doswellia,227.0,208.5,Late Triassic,"(227.0, 208.5)"
773,1546824,1546824,-1.470099,Parasuchus,227.0,208.5,Late Triassic,"(227.0, 208.5)"
774,1546825,1546825,-1.470099,Wannia,227.0,208.5,Late Triassic,"(227.0, 208.5)"
775,1546911,1546911,-1.470099,Typothorax,227.0,208.5,Late Triassic,"(227.0, 208.5)"
776,1546915,1546915,-1.470099,Typothorax,227.0,208.5,Late Triassic,"(227.0, 208.5)"
777,1546918,1546918,-1.470099,Machaeroprosopus,227.0,208.5,Late Triassic,"(227.0, 208.5)"
778,1546937,1546937,-1.470099,Scutarx,227.0,208.5,Late Triassic,"(227.0, 208.5)"
779,1546940,1546940,-1.470099,Malerisaurus,227.0,208.5,Late Triassic,"(227.0, 208.5)"
780,1546943,1546943,-1.470099,Rioarribasuchus,227.0,208.5,Late Triassic,"(227.0, 208.5)"
781,1546947,1546947,-1.470099,Machaeroprosopus,227.0,208.5,Late Triassic,"(227.0, 208.5)"
782,1546948,1546948,-1.470099,Typothorax,227.0,208.5,Late Triassic,"(227.0, 208.5)"
783,1546951,1546951,-1.470099,Typothorax,227.0,208.5,Late Triassic,"(227.0, 208.5)"
784,1546968,1546968,-1.470099,Wannia,227.0,208.5,Late Triassic,"(227.0, 208.5)"
785,1549937,1549937,-25.48265,Kranosaura,227.0,208.5,Late Triassic,"(227.0, 208.5)"
786,1554599,1554599,38.38995,Kocurypelta,227.0,208.5,Late Triassic,"(227.0, 208.5)"
787,1554602,1554602,38.38995,Proterochersis,227.0,208.5,Late Triassic,"(227.0, 208.5)"
788,1555177,1555177,-50.49719,Powellvenator,227.0,208.5,Late Triassic,"(227.0, 208.5)"
789,1558115,1558115,3.837634,Grallator,227.0,208.5,Late Triassic,"(227.0, 208.5)"
790,1559619,1559619,30.98263,Clevosaurus,227.0,208.5,Late Triassic,"(227.0, 208.5)"
791,1565715,1565715,1.353064,Syntomiprosopus,227.0,208.5,Late Triassic,"(227.0, 208.5)"
792,1574196,1574196,1.357201,Nicrosaurus,227.0,208.5,Late Triassic,"(227.0, 208.5)"
793,1578530,1578530,-46.11636,Guaibasaurus,227.0,208.5,Late Triassic,"(227.0, 208.5)"
794,1578530,1578530,-46.11636,Guaibasaurus,227.0,208.5,Late Triassic,"(227.0, 208.5)"
795,1578928,1578928,1.353064,Hesperosuchus,227.0,208.5,Late Triassic,"(227.0, 208.5)"
796,1579639,1579639,3.836582,Typothorax,227.0,208.5,Late Triassic,"(227.0, 208.5)"
797,1579641,1579641,3.836582,Chindesaurus,227.0,208.5,Late Triassic,"(227.0, 208.5)"
798,1580066,1580066,1.357201,Revueltosaurus,227.0,208.5,Late Triassic,"(227.0, 208.5)"
799,1580212,1580212,-1.470099,Calyptosuchus,227.0,208.5,Late Triassic,"(227.0, 208.5)"
800,1581446,1581446,1.353064,Doswellia,227.0,208.5,Late Triassic,"(227.0, 208.5)"
801,1581447,1581447,1.353064,Desmatosuchus,227.0,208.5,Late Triassic,"(227.0, 208.5)"
802,1581449,1581449,1.353064,Acaenasuchus,227.0,208.5,Late Triassic,"(227.0, 208.5)"
803,1581453,1581453,1.353064,Crosbysaurus,227.0,208.5,Late Triassic,"(227.0, 208.5)"
804,1586159,1586159,30.98263,Plateosaurus,227.0,208.5,Late Triassic,"(227.0, 208.5)"
805,1586159,1586159,30.98263,Plateosaurus,227.0,208.5,Late Triassic,"(227.0, 208.5)"
806,1586159,1586159,30.98263,Plateosaurus,227.0,208.5,Late Triassic,"(227.0, 208.5)"
807,1586159,1586159,30.98263,Plateosaurus,227.0,208.5,Late Triassic,"(227.0, 208.5)"
808,1586159,1586159,30.98263,Plateosaurus,227.0,208.5,Late Triassic,"(227.0, 208.5)"
809,1586159,1586159,30.98263,Plateosaurus,227.0,208.5,Late Triassic,"(227.0, 208.5)"
810,1586159,1586159,30.98263,Plateosaurus,227.0,208.5,Late Triassic,"(227.0, 208.5)"
811,1586159,1586159,30.98263,Plateosaurus,227.0,208.5,Late Triassic,"(227.0, 208.5)"
812,1586159,1586159,30.98263,Plateosaurus,227.0,208.5,Late Triassic,"(227.0, 208.5)"
813,1586159,1586159,30.98263,Plateosaurus,227.0,208.5,Late Triassic,"(227.0, 208.5)"
814,1586159,1586159,30.98263,Plateosaurus,227.0,208.5,Late Triassic,"(227.0, 208.5)"
815,1586159,1586159,30.98263,Plateosaurus,227.0,208.5,Late Triassic,"(227.0, 208.5)"
816,1586159,1586159,30.98263,Plateosaurus,227.0,208.5,Late Triassic,"(227.0, 208.5)"
817,1586159,1586159,30.98263,Plateosaurus,227.0,208.5,Late Triassic,"(227.0, 208.5)"
818,1586159,1586159,30.98263,Plateosaurus,227.0,208.5,Late Triassic,"(227.0, 208.5)"
819,1586159,1586159,30.98263,Plateosaurus,227.0,208.5,Late Triassic,"(227.0, 208.5)"
820,1586159,1586159,30.98263,Plateosaurus,227.0,208.5,Late Triassic,"(227.0, 208.5)"
821,1586159,1586159,30.98263,Plateosaurus,227.0,208.5,Late Triassic,"(227.0, 208.5)"
822,1586159,1586159,30.98263,Plateosaurus,227.0,208.5,Late Triassic,"(227.0, 208.5)"
823,1586159,1586159,30.98263,Plateosaurus,227.0,208.5,Late Triassic,"(227.0, 208.5)"
824,1586159,1586159,30.98263,Plateosaurus,227.0,208.5,Late Triassic,"(227.0, 208.5)"
825,1586159,1586159,30.98263,Plateosaurus,227.0,208.5,Late Triassic,"(227.0, 208.5)"
826,1586159,1586159,30.98263,Plateosaurus,227.0,208.5,Late Triassic,"(227.0, 208.5)"
827,1586159,1586159,30.98263,Plateosaurus,227.0,208.5,Late Triassic,"(227.0, 208.5)"
828,1586159,1586159,30.98263,Plateosaurus,227.0,208.5,Late Triassic,"(227.0, 208.5)"
829,1586159,1586159,30.98263,Plateosaurus,227.0,208.5,Late Triassic,"(227.0, 208.5)"
830,1586159,1586159,30.98263,Plateosaurus,227.0,208.5,Late Triassic,"(227.0, 208.5)"
831,1586159,1586159,30.98263,Plateosaurus,227.0,208.5,Late Triassic,"(227.0, 208.5)"
832,1586159,1586159,30.98263,Plateosaurus,227.0,208.5,Late Triassic,"(227.0, 208.5)"
833,1586159,1586159,30.98263,Plateosaurus,227.0,208.5,Late Triassic,"(227.0, 208.5)"
834,1586159,1586159,30.98263,Plateosaurus,227.0,208.5,Late Triassic,"(227.0, 208.5)"
835,1586159,1586159,30.98263,Plateosaurus,227.0,208.5,Late Triassic,"(227.0, 208.5)"
836,1586159,1586159,30.98263,Plateosaurus,227.0,208.5,Late Triassic,"(227.0, 208.5)"
837,1586159,1586159,30.98263,Plateosaurus,227.0,208.5,Late Triassic,"(227.0, 208.5)"
838,1586159,1586159,30.98263,Plateosaurus,227.0,208.5,Late Triassic,"(227.0, 208.5)"
839,1586159,1586159,30.98263,Plateosaurus,227.0,208.5,Late Triassic,"(227.0, 208.5)"
840,1586159,1586159,30.98263,Plateosaurus,227.0,208.5,Late Triassic,"(227.0, 208.5)"
841,1586160,1586160,30.98263,Plateosaurus,227.0,208.5,Late Triassic,"(227.0, 208.5)"
842,1589317,1589317,1.357201,Paratypothorax,227.0,208.5,Late Triassic,"(227.0, 208.5)"
843,1593261,1593261,-46.11636,Maehary,227.0,208.5,Late Triassic,"(227.0, 208.5)"
844,1598305,1598305,-46.11636,Microsphenodon,227.0,208.5,Late Triassic,"(227.0, 208.5)"
845,1610810,1610810,30.98263,Plateosaurus,227.0,208.5,Late Triassic,"(227.0, 208.5)"
846,1610811,1610811,30.98263,Proganochelys,227.0,208.5,Late Triassic,"(227.0, 208.5)"
847,1611321,1611321,1.358284,Rutiodon,227.0,208.5,Late Triassic,"(227.0, 208.5)"
848,1611324,1611324,3.837634,Apatopus,227.0,208.5,Late Triassic,"(227.0, 208.5)"
849,1611391,1611391,6.739012,Tanytrachelos,227.0,208.5,Late Triassic,"(227.0, 208.5)"
850,1611396,1611396,6.739012,Apatopus,227.0,208.5,Late Triassic,"(227.0, 208.5)"
851,1616704,1616704,30.98263,Tuebingosaurus,227.0,208.5,Late Triassic,"(227.0, 208.5)"
852,1624400,1624400,30.98263,Plateosaurus,227.0,208.5,Late Triassic,"(227.0, 208.5)"
853,1624401,1624401,30.98263,Plateosaurus,227.0,208.5,Late Triassic,"(227.0, 208.5)"
854,1637389,1637389,-46.11636,Macrocollum,227.0,208.5,Late Triassic,"(227.0, 208.5)"
855,1659629,1659629,1.357201,Unguinychus,227.0,208.5,Late Triassic,"(227.0, 208.5)"
856,1660033,1660033,-1.470099,Garzapelta,227.0,208.5,Late Triassic,"(227.0, 208.5)"
857,N1,N1,-46.11636,Aetosauroides,227.0,208.5,Upper Triassic,"(227.0, 208.5)"
858,N2,N2,-46.11636,Aetosauroides,227.0,208.5,Upper Triassic,"(227.0, 208.5)"
859,N3,N3,-46.11636,Aetosauroides,227.0,208.5,Upper Triassic,"(227.0, 208.5)"
860,N4,N4,-46.11636,Aetosauroides,227.0,208.5,Upper Triassic,"(227.0, 208.5)"
861,N9,N9,-46.11636,Amanasaurus,227.0,208.5,Upper Triassic,"(227.0, 208.5)"
862,N10,N10,-46.11636,Amanasaurus,227.0,208.5,Upper Triassic,"(227.0, 208.5)"
863,N31,N31,-46.11636,Buriolestes,227.0,208.5,Upper Triassic,"(227.0, 208.5)"
864,N32,N32,-46.11636,Buriolestes,227.0,208.5,Upper Triassic,"(227.0, 208.5)"
865,N33,N33,-46.11636,Buriolestes,227.0,208.5,Upper Triassic,"(227.0, 208.5)"
866,N34,N34,-46.11636,Buriolestes,227.0,208.5,Upper Triassic,"(227.0, 208.5)"
867,N38,N38,-46.11636,Clevosaurus,227.0,208.5,Upper Triassic,"(227.0, 208.5)"
868,N39,N39,-46.11636,Clevosaurus,227.0,208.5,Upper Triassic,"(227.0, 208.5)"
869,N40,N40,-46.11636,Clevosaurus,227.0,208.5,Upper Triassic,"(227.0, 208.5)"
870,N41,N41,-46.11636,Clevosaurus,227.0,208.5,Upper Triassic,"(227.0, 208.5)"
871,N42,N42,-46.11636,Clevosaurus,227.0,208.5,Upper Triassic,"(227.0, 208.5)"
872,N43,N43,-46.11636,Clevosaurus,227.0,208.5,Upper Triassic,"(227.0, 208.5)"
873,N44,N44,-46.11636,Clevosaurus,227.0,208.5,Upper Triassic,"(227.0, 208.5)"
874,N45,N45,-46.11636,Clevosaurus,227.0,208.5,Upper Triassic,"(227.0, 208.5)"
875,N46,N46,-50.49719,Coloradisaurus,227.0,208.5,Late Triassic,"(227.0, 208.5)"
876,N246,N246,-46.11636,Gnathovorax,227.0,208.5,Upper Triassic,"(227.0, 208.5)"
877,N247,N247,-46.11636,Guaibasaurus,227.0,208.5,Upper Triassic,"(227.0, 208.5)"
878,N248,N248,-46.11636,Guaibasaurus,227.0,208.5,Upper Triassic,"(227.0, 208.5)"
879,N249,N249,-46.11636,Hyperodapedon,227.0,208.5,Upper Triassic,"(227.0, 208.5)"
880,N250,N250,-46.11636,Hyperodapedon,227.0,208.5,Upper Triassic,"(227.0, 208.5)"
881,N251,N251,-46.11636,Hyperodapedon,227.0,208.5,Upper Triassic,"(227.0, 208.5)"
882,N252,N252,-46.11636,Hyperodapedon,227.0,208.5,Upper Triassic,"(227.0, 208.5)"
883,N253,N253,-46.11636,Hyperodapedon,227.0,208.5,Upper Triassic,"(227.0, 208.5)"
884,N254,N254,-46.11636,Hyperodapedon,227.0,208.5,Upper Triassic,"(227.0, 208.5)"
885,N255,N255,-46.11636,Hyperodapedon,227.0,208.5,Upper Triassic,"(227.0, 208.5)"
886,N256,N256,-46.11636,Hyperodapedon,227.0,208.5,Upper Triassic,"(227.0, 208.5)"
887,N257,N257,-46.11636,Hyperodapedon,227.0,208.5,Upper Triassic,"(227.0, 208.5)"
888,N258,N258,-46.11636,Hyperodapedon,227.0,208.5,Upper Triassic,"(227.0, 208.5)"
889,N259,N259,-46.11636,Hyperodapedon,227.0,208.5,Upper Triassic,"(227.0, 208.5)"
890,N260,N260,-46.11636,Hyperodapedon,227.0,208.5,Upper Triassic,"(227.0, 208.5)"
891,N261,N261,-46.11636,Hyperodapedon,227.0,208.5,Upper Triassic,"(227.0, 208.5)"
892,N262,N262,-46.11636,Hyperodapedon,227.0,208.5,Upper Triassic,"(227.0, 208.5)"
893,N263,N263,-46.11636,Hyperodapedon,227.0,208.5,Upper Triassic,"(227.0, 208.5)"
894,N264,N264,-46.11636,Hyperodapedon,227.0,208.5,Upper Triassic,"(227.0, 208.5)"
895,N265,N265,-46.11636,Hyperodapedon,227.0,208.5,Upper Triassic,"(227.0, 208.5)"
896,N266,N266,-46.11636,Hyperodapedon,227.0,208.5,Upper Triassic,"(227.0, 208.5)"
897,N267,N267,-46.11636,Hyperodapedon,227.0,208.5,Upper Triassic,"(227.0, 208.5)"
898,N268,N268,-46.11636,Hyperodapedon,227.0,208.5,Upper Triassic,"(227.0, 208.5)"
899,N269,N269,-46.11636,Hyperodapedon,227.0,208.5,Upper Triassic,"(227.0, 208.5)"
900,N270,N270,-46.11636,Hyperodapedon,227.0,208.5,Upper Triassic,"(227.0, 208.5)"
901,N271,N271,-46.11636,Hyperodapedon,227.0,208.5,Upper Triassic,"(227.0, 208.5)"
902,N272,N272,-46.11636,Hyperodapedon,227.0,208.5,Upper Triassic,"(227.0, 208.5)"
903,N273,N273,-46.11636,Hyperodapedon,227.0,208.5,Upper Triassic,"(227.0, 208.5)"
904,N274,N274,-46.11636,Hyperodapedon,227.0,208.5,Upper Triassic,"(227.0, 208.5)"
905,N275,N275,-46.11636,Hyperodapedon,227.0,208.5,Upper Triassic,"(227.0, 208.5)"
906,N276,N276,-46.11636,Hyperodapedon,227.0,208.5,Upper Triassic,"(227.0, 208.5)"
907,N277,N277,-46.11636,Hyperodapedon,227.0,208.5,Upper Triassic,"(227.0, 208.5)"
908,N278,N278,-46.11636,Hyperodapedon,227.0,208.5,Upper Triassic,"(227.0, 208.5)"
909,N279,N279,-46.11636,Hyperodapedon,227.0,208.5,Upper Triassic,"(227.0, 208.5)"
910,N280,N280,-46.11636,Hyperodapedon,227.0,208.5,Upper Triassic,"(227.0, 208.5)"
911,N281,N281,-46.11636,Hyperodapedon,227.0,208.5,Upper Triassic,"(227.0, 208.5)"
912,N282,N282,-46.11636,Hyperodapedon,227.0,208.5,Upper Triassic,"(227.0, 208.5)"
913,N283,N283,-46.11636,Hyperodapedon,227.0,208.5,Upper Triassic,"(227.0, 208.5)"
914,N284,N284,-46.11636,Hyperodapedon,227.0,208.5,Upper Triassic,"(227.0, 208.5)"
915,N285,N285,-46.11636,Hyperodapedon,227.0,208.5,Upper Triassic,"(227.0, 208.5)"
916,N286,N286,-46.11636,Hyperodapedon,227.0,208.5,Upper Triassic,"(227.0, 208.5)"
917,N287,N287,-46.11636,Hyperodapedon,227.0,208.5,Upper Triassic,"(227.0, 208.5)"
918,N288,N288,-46.11636,Hyperodapedon,227.0,208.5,Upper Triassic,"(227.0, 208.5)"
919,N289,N289,-46.11636,Hyperodapedon,227.0,208.5,Upper Triassic,"(227.0, 208.5)"
920,N290,N290,-46.11636,Hyperodapedon,227.0,208.5,Upper Triassic,"(227.0, 208.5)"
921,N291,N291,-46.11636,Hyperodapedon,227.0,208.5,Upper Triassic,"(227.0, 208.5)"
922,N292,N292,-46.11636,Hyperodapedon,227.0,208.5,Upper Triassic,"(227.0, 208.5)"
923,N293,N293,-46.11636,Hyperodapedon,227.0,208.5,Upper Triassic,"(227.0, 208.5)"
924,N294,N294,-46.11636,Hyperodapedon,227.0,208.5,Upper Triassic,"(227.0, 208.5)"
925,N295,N295,-46.11636,Hyperodapedon,227.0,208.5,Upper Triassic,"(227.0, 208.5)"
926,N296,N296,-46.11636,Hyperodapedon,227.0,208.5,Upper Triassic,"(227.0, 208.5)"
927,N297,N297,-46.11636,Hyperodapedon,227.0,208.5,Upper Triassic,"(227.0, 208.5)"
928,N298,N298,-46.11636,Hyperodapedon,227.0,208.5,Upper Triassic,"(227.0, 208.5)"
929,N299,N299,-46.11636,Hyperodapedon,227.0,208.5,Upper Triassic,"(227.0, 208.5)"
930,N300,N300,-46.11636,Hyperodapedon,227.0,208.5,Upper Triassic,"(227.0, 208.5)"
931,N301,N301,-46.11636,Hyperodapedon,227.0,208.5,Upper Triassic,"(227.0, 208.5)"
932,N302,N302,-46.11636,Hyperodapedon,227.0,208.5,Upper Triassic,"(227.0, 208.5)"
933,N303,N303,-46.11636,Hyperodapedon,227.0,208.5,Upper Triassic,"(227.0, 208.5)"
934,N304,N304,-46.11636,Hyperodapedon,227.0,208.5,Upper Triassic,"(227.0, 208.5)"
935,N305,N305,-46.11636,Hyperodapedon,227.0,208.5,Upper Triassic,"(227.0, 208.5)"
936,N306,N306,-46.11636,Hyperodapedon,227.0,208.5,Upper Triassic,"(227.0, 208.5)"
937,N307,N307,-46.11636,Hyperodapedon,227.0,208.5,Upper Triassic,"(227.0, 208.5)"
938,N308,N308,-46.11636,Hyperodapedon,227.0,208.5,Upper Triassic,"(227.0, 208.5)"
939,N309,N309,-46.11636,Hyperodapedon,227.0,208.5,Upper Triassic,"(227.0, 208.5)"
940,N310,N310,-46.11636,Hyperodapedon,227.0,208.5,Upper Triassic,"(227.0, 208.5)"
941,N311,N311,-46.11636,Hyperodapedon,227.0,208.5,Upper Triassic,"(227.0, 208.5)"
942,N312,N312,-46.11636,Hyperodapedon,227.0,208.5,Upper Triassic,"(227.0, 208.5)"
943,N313,N313,-46.11636,Hyperodapedon,227.0,208.5,Upper Triassic,"(227.0, 208.5)"
944,N314,N314,-46.11636,Hyperodapedon,227.0,208.5,Upper Triassic,"(227.0, 208.5)"
945,N315,N315,-52.85442,Ingentia,227.0,208.5,Late Triassic,"(227.0, 208.5)"
946,N318,N318,-46.11636,Ixalerpeton,227.0,208.5,Upper Triassic,"(227.0, 208.5)"
947,N327,N327,-50.49719,Lessemsaurus,227.0,208.5,Late Triassic,"(227.0, 208.5)"
948,N328,N328,-50.49719,Lessemsaurus,227.0,208.5,Late Triassic,"(227.0, 208.5)"
949,N329,N329,-50.49719,Lessemsaurus,227.0,208.5,Late Triassic,"(227.0, 208.5)"
950,N330,N330,-50.49719,Lessemsaurus,227.0,208.5,Late Triassic,"(227.0, 208.5)"
951,N331,N331,-50.49719,Lessemsaurus,227.0,208.5,Late Triassic,"(227.0, 208.5)"
952,N332,N332,-50.49719,Lessemsaurus,227.0,208.5,Late Triassic,"(227.0, 208.5)"
953,N333,N333,-50.49719,Lessemsaurus,227.0,208.5,Late Triassic,"(227.0, 208.5)"
954,N334,N334,-50.49719,Lessemsaurus,227.0,208.5,Late Triassic,"(227.0, 208.5)"
955,N335,N335,-50.49719,Lessemsaurus,227.0,208.5,Late Triassic,"(227.0, 208.5)"
956,N336,N336,-50.49719,Lessemsaurus,227.0,208.5,Late Triassic,"(227.0, 208.5)"
957,N337,N337,-50.49719,Lessemsaurus,227.0,208.5,Late Triassic,"(227.0, 208.5)"
958,N338,N338,-50.49719,Lessemsaurus,227.0,208.5,Late Triassic,"(227.0, 208.5)"
959,N339,N339,-50.49719,Lessemsaurus,227.0,208.5,Late Triassic,"(227.0, 208.5)"
960,N340,N340,-50.49719,Lessemsaurus,227.0,208.5,Late Triassic,"(227.0, 208.5)"
961,N341,N341,-50.49719,Lessemsaurus,227.0,208.5,Late Triassic,"(227.0, 208.5)"
962,N342,N342,-50.49719,Lessemsaurus,227.0,208.5,Late Triassic,"(227.0, 208.5)"
963,N343,N343,-50.49719,Lessemsaurus,227.0,208.5,Late Triassic,"(227.0, 208.5)"
964,N344,N344,-50.49719,Lessemsaurus,227.0,208.5,Late Triassic,"(227.0, 208.5)"
965,N345,N345,-52.85442,Leyesaurus,227.0,208.5,Late Triassic,"(227.0, 208.5)"
966,N350,N350,-46.11636,Macrocollum,227.0,208.5,Upper Triassic,"(227.0, 208.5)"
967,N351,N351,-46.11636,Maehary,227.0,208.5,Upper Triassic,"(227.0, 208.5)"
968,N362,N362,-46.11636,Microsphenodon,227.0,208.5,Upper Triassic,"(227.0, 208.5)"
969,N363,N363,-46.11636,new Neotheropoda,227.0,208.5,Upper Triassic,"(227.0, 208.5)"
970,N364,N364,-46.11636,new Rhynchocephalia,227.0,208.5,Upper Triassic,"(227.0, 208.5)"
971,N365,N365,-46.11636,Nhandumirim,227.0,208.5,Upper Triassic,"(227.0, 208.5)"
972,N366,N366,-46.11636,Pampadromaeus,227.0,208.5,Upper Triassic,"(227.0, 208.5)"
973,N482,N482,-46.11636,Saturnalia,227.0,208.5,Upper Triassic,"(227.0, 208.5)"
974,N503,N503,-46.11636,Stenoscelida,227.0,208.5,Upper Triassic,"(227.0, 208.5)"
975,N507,N507,-46.11636,Teyumbaita,227.0,208.5,Upper Triassic,"(227.0, 208.5)"
976,N508,N508,-46.11636,Teyumbaita,227.0,208.5,Upper Triassic,"(227.0, 208.5)"
977,N511,N511,-46.11636,Unaysaurus,227.0,208.5,Upper Triassic,"(227.0, 208.5)"
978,N512,N512,-46.11636,Venetoraptor,227.0,208.5,Upper Triassic,"(227.0, 208.5)"
979,N525,N525,-52.85442,Pachagnathus,227.0,208.5,Upper Triassic,"(227.0, 208.5)"
980,N534,N534,1.353064,Puercosuchus,227.0,208.5,Upper Triassic,"(227.0, 208.5)"
981,N543,N543,13.4263,Jupijkam,227.0,208.5,Upper Triassic,"(227.0, 208.5)"
982,832057,832057,1.357201,Typothorax,227.0,213.2,Late Triassic,"(227.0, 213.2)"
983,N537,N537,2.461234,Sumidadectes,283.5,274.4,Cisuralian,"(283.5, 274.4)"
984,221283,221283,1.059264,Captorhinus,283.5,274.4,Cisuralian,"(283.5, 274.4)"
985,221283,221283,1.059264,Captorhinus,283.5,274.4,Cisuralian,"(283.5, 274.4)"
986,290383,290383,0.2572943,Captorhinoides,283.5,274.4,Cisuralian,"(283.5, 274.4)"
987,296008,296008,1.059264,Labidosaurus,283.5,274.4,Cisuralian,"(283.5, 274.4)"
988,296038,296038,1.059264,Captorhinus,283.5,274.4,Cisuralian,"(283.5, 274.4)"
989,296039,296039,1.059264,Captorhinus,283.5,274.4,Cisuralian,"(283.5, 274.4)"
990,296040,296040,1.059264,Captorhinus,283.5,274.4,Cisuralian,"(283.5, 274.4)"
991,296041,296041,1.059264,Captorhinus,283.5,274.4,Cisuralian,"(283.5, 274.4)"
992,296041,296041,1.059264,Captorhinus,283.5,274.4,Cisuralian,"(283.5, 274.4)"
993,296042,296042,1.059264,Labidosaurus,283.5,274.4,Cisuralian,"(283.5, 274.4)"
994,296043,296043,1.059264,Labidosaurus,283.5,274.4,Cisuralian,"(283.5, 274.4)"
995,296060,296060,1.059264,Captorhinus,283.5,274.4,Cisuralian,"(283.5, 274.4)"
996,296063,296063,1.059264,Captorhinus,283.5,274.4,Cisuralian,"(283.5, 274.4)"
997,296064,296064,1.059264,Labidosaurus,283.5,274.4,Cisuralian,"(283.5, 274.4)"
998,296073,296073,1.059264,Captorhinus,283.5,274.4,Cisuralian,"(283.5, 274.4)"
999,296074,296074,1.059264,Labidosaurus,283.5,274.4,Cisuralian,"(283.5, 274.4)"
1000,296099,296099,-1.18553,Bolosaurus,283.5,274.4,Cisuralian,"(283.5, 274.4)"
1001,296100,296100,-1.18553,Araeoscelis,283.5,274.4,Cisuralian,"(283.5, 274.4)"
1002,296100,296100,-1.18553,Araeoscelis,283.5,274.4,Cisuralian,"(283.5, 274.4)"
1003,296100,296100,-1.18553,Araeoscelis,283.5,274.4,Cisuralian,"(283.5, 274.4)"
1004,296100,296100,-1.18553,Araeoscelis,283.5,274.4,Cisuralian,"(283.5, 274.4)"
1005,296100,296100,-1.18553,Araeoscelis,283.5,274.4,Cisuralian,"(283.5, 274.4)"
1006,296107,296107,-1.18553,Captorhinus,283.5,274.4,Cisuralian,"(283.5, 274.4)"
1007,296108,296108,-1.18553,Labidosaurus,283.5,274.4,Cisuralian,"(283.5, 274.4)"
1008,296109,296109,-1.18553,Labidosaurus,283.5,274.4,Cisuralian,"(283.5, 274.4)"
1009,296117,296117,-1.18553,Captorhinus,283.5,274.4,Cisuralian,"(283.5, 274.4)"
1010,367508,367508,-1.18553,Captorhinus,283.5,274.4,Cisuralian,"(283.5, 274.4)"
1011,631445,631445,1.059264,Captorhinus,283.5,274.4,Cisuralian,"(283.5, 274.4)"
1012,631446,631446,1.059264,Labidosaurus,283.5,274.4,Cisuralian,"(283.5, 274.4)"
1013,631447,631447,1.059264,Acleistorhinus,283.5,274.4,Cisuralian,"(283.5, 274.4)"
1014,739839,739839,1.059264,Captorhinikos,283.5,274.4,Cisuralian,"(283.5, 274.4)"
1015,739840,739840,1.059264,Captorhinikos,283.5,274.4,Cisuralian,"(283.5, 274.4)"
1016,739840,739840,1.059264,Captorhinikos,283.5,274.4,Cisuralian,"(283.5, 274.4)"
1017,740384,740384,1.059264,Labidosaurikos,283.5,274.4,Cisuralian,"(283.5, 274.4)"
1018,748676,748676,0.2572943,Labidosaurikos,283.5,274.4,Cisuralian,"(283.5, 274.4)"
1019,748677,748677,0.2572943,Captorhinikos,283.5,274.4,Cisuralian,"(283.5, 274.4)"
1020,748678,748678,0.2572943,Captorhinikos,283.5,274.4,Cisuralian,"(283.5, 274.4)"
1021,788176,788176,1.059264,Labidosaurikos,283.5,274.4,Cisuralian,"(283.5, 274.4)"
1022,788176,788176,1.059264,Labidosaurikos,283.5,274.4,Cisuralian,"(283.5, 274.4)"
1023,789396,789396,1.059264,Captorhinus,283.5,274.4,Cisuralian,"(283.5, 274.4)"
1024,789397,789397,1.059264,Labidosaurus,283.5,274.4,Cisuralian,"(283.5, 274.4)"
1025,789398,789398,1.059264,Captorhinus,283.5,274.4,Cisuralian,"(283.5, 274.4)"
1026,789398,789398,1.059264,Captorhinus,283.5,274.4,Cisuralian,"(283.5, 274.4)"
1027,789746,789746,-1.18553,Captorhinus,283.5,274.4,Cisuralian,"(283.5, 274.4)"
1028,790356,790356,0.2572943,Captorhinus,283.5,274.4,Cisuralian,"(283.5, 274.4)"
1029,790366,790366,0.2572943,Labidosaurus,283.5,274.4,Cisuralian,"(283.5, 274.4)"
1030,790369,790369,0.2572943,Captorhinus,283.5,274.4,Cisuralian,"(283.5, 274.4)"
1031,790388,790388,0.2572943,Labidosaurikos,283.5,274.4,Cisuralian,"(283.5, 274.4)"
1032,790388,790388,0.2572943,Labidosaurikos,283.5,274.4,Cisuralian,"(283.5, 274.4)"
1033,790389,790389,2.461234,Labidosaurikos,283.5,274.4,Cisuralian,"(283.5, 274.4)"
1034,790482,790482,2.461234,Captorhinikos,283.5,274.4,Cisuralian,"(283.5, 274.4)"
1035,790483,790483,0.2572943,Captorhinikos,283.5,274.4,Cisuralian,"(283.5, 274.4)"
1036,800077,800077,1.059264,Captorhinikos,283.5,274.4,Cisuralian,"(283.5, 274.4)"
1037,800077,800077,1.059264,Captorhinikos,283.5,274.4,Cisuralian,"(283.5, 274.4)"
1038,800077,800077,1.059264,Captorhinikos,283.5,274.4,Cisuralian,"(283.5, 274.4)"
1039,800078,800078,1.059264,Captorhinikos,283.5,274.4,Cisuralian,"(283.5, 274.4)"
1040,806953,806953,1.059264,Labidosaurus,283.5,274.4,Cisuralian,"(283.5, 274.4)"
1041,1317922,1317922,0.2572943,Labidosaurikos,283.5,274.4,Cisuralian,"(283.5, 274.4)"
1042,1317923,1317923,0.2572943,Captorhinus,283.5,274.4,Cisuralian,"(283.5, 274.4)"
1043,1317925,1317925,0.2572943,Captorhinikos,283.5,274.4,Cisuralian,"(283.5, 274.4)"
1044,1317975,1317975,0.2572943,Captorhinikos,283.5,274.4,Cisuralian,"(283.5, 274.4)"
1045,1317976,1317976,0.2572943,Captorhinus,283.5,274.4,Cisuralian,"(283.5, 274.4)"
1046,1317988,1317988,-1.18553,Labidosaurikos,283.5,274.4,Cisuralian,"(283.5, 274.4)"
1047,1328473,1328473,0.2572943,Captorhinus,283.5,274.4,Cisuralian,"(283.5, 274.4)"
1048,1328474,1328474,0.2572943,Captorhinikos,283.5,274.4,Cisuralian,"(283.5, 274.4)"
1049,1328475,1328475,0.2572943,Captorhinoides,283.5,274.4,Cisuralian,"(283.5, 274.4)"
1050,1328476,1328476,0.2572943,Labidosaurikos,283.5,274.4,Cisuralian,"(283.5, 274.4)"
1051,1328484,1328484,0.2572943,Labidosaurikos,283.5,274.4,Cisuralian,"(283.5, 274.4)"
1052,1328485,1328485,0.2572943,Captorhinus,283.5,274.4,Cisuralian,"(283.5, 274.4)"
1053,1328486,1328486,0.2572943,Captorhinikos,283.5,274.4,Cisuralian,"(283.5, 274.4)"
1054,1328487,1328487,0.2572943,Labidosaurikos,283.5,274.4,Cisuralian,"(283.5, 274.4)"
1055,1328488,1328488,0.2572943,Labidosaurus,283.5,274.4,Cisuralian,"(283.5, 274.4)"
1056,1640637,1640637,42.92253,Nyctiboetus,283.5,274.4,Cisuralian,"(283.5, 274.4)"
1057,690412,690412,24.55053,Rhombopholis,246.7,237.0,Middle Triassic,"(246.7, 237.0)"
1058,690413,690413,24.55053,Langeronyx,246.7,237.0,Middle Triassic,"(246.7, 237.0)"
1059,725442,725442,26.46257,Teratosaurus,246.7,237.0,Middle Triassic,"(246.7, 237.0)"
1060,797372,797372,20.93788,Macrocnemus,246.7,237.0,Middle Triassic,"(246.7, 237.0)"
1061,797372,797372,20.93788,Macrocnemus,246.7,237.0,Middle Triassic,"(246.7, 237.0)"
1062,797372,797372,20.93788,Macrocnemus,246.7,237.0,Middle Triassic,"(246.7, 237.0)"
1063,797953,797953,20.93788,Macrocnemus,246.7,237.0,Middle Triassic,"(246.7, 237.0)"
1064,950449,950449,20.93788,Tanystropheus,246.7,237.0,Middle Triassic,"(246.7, 237.0)"
1065,966703,966703,20.78674,Hupehsuchus,246.7,237.0,Middle Triassic,"(246.7, 237.0)"
1066,966703,966703,20.78674,Hupehsuchus,246.7,237.0,Middle Triassic,"(246.7, 237.0)"
1067,966703,966703,20.78674,Hupehsuchus,246.7,237.0,Middle Triassic,"(246.7, 237.0)"
1068,966703,966703,20.78674,Hupehsuchus,246.7,237.0,Middle Triassic,"(246.7, 237.0)"
1069,1091664,1091664,26.46257,Tanystropheus,246.7,237.0,Middle Triassic,"(246.7, 237.0)"
1070,1091751,1091751,26.46257,Tanystropheus,246.7,237.0,Middle Triassic,"(246.7, 237.0)"
1071,1277671,1277671,20.93788,Eusaurosphargis,246.7,237.0,Middle Triassic,"(246.7, 237.0)"
1072,1374079,1374079,26.46257,Tanystropheus,246.7,237.0,Middle Triassic,"(246.7, 237.0)"
1073,1374080,1374080,26.46257,Thecodontosaurus,246.7,237.0,Middle Triassic,"(246.7, 237.0)"
1074,1382838,1382838,-47.42171,Decuriasuchus,246.7,237.0,Middle Triassic,"(246.7, 237.0)"
1075,1412687,1412687,20.78674,Eretmorhipis,246.7,237.0,Middle Triassic,"(246.7, 237.0)"
1076,1418845,1418845,20.78674,Nanchangosaurus,246.7,237.0,Middle Triassic,"(246.7, 237.0)"
1077,1561500,1561500,20.93788,Tanystropheus,246.7,237.0,Middle Triassic,"(246.7, 237.0)"
1078,1639892,1639892,8.561859,Anisodontosaurus,246.7,237.0,Middle Triassic,"(246.7, 237.0)"
1079,1639894,1639894,9.506042,Anisodontosaurus,246.7,237.0,Middle Triassic,"(246.7, 237.0)"
1080,299716,299716,43.04599,Scutosaurus,264.28,254.14,Lopingian,"(264.28, 254.14)"
1081,1320530,1320530,-62.75164,Bradysaurus,264.28,254.14,Lopingian,"(264.28, 254.14)"
1082,149237,149237,24.95607,Clevosaurus,237.0,227.0,Late Triassic,"(237.0, 227.0)"
1083,149239,149239,24.95607,Diphydontosaurus,237.0,227.0,Late Triassic,"(237.0, 227.0)"
1084,149241,149241,24.95607,Diphydontosaurus,237.0,227.0,Late Triassic,"(237.0, 227.0)"
1085,149242,149242,24.95607,Terrestrisuchus,237.0,227.0,Late Triassic,"(237.0, 227.0)"
1086,149243,149243,24.95607,Planocephalosaurus,237.0,227.0,Late Triassic,"(237.0, 227.0)"
1087,149244,149244,24.95607,Sigmala,237.0,227.0,Late Triassic,"(237.0, 227.0)"
1088,149246,149246,24.95607,Kuehneosaurus,237.0,227.0,Late Triassic,"(237.0, 227.0)"
1089,149247,149247,24.95607,Clevosaurus,237.0,227.0,Late Triassic,"(237.0, 227.0)"
1090,149249,149249,24.95607,Planocephalosaurus,237.0,227.0,Late Triassic,"(237.0, 227.0)"
1091,149250,149250,24.95607,Terrestrisuchus,237.0,227.0,Late Triassic,"(237.0, 227.0)"
1092,149251,149251,24.95607,Diphydontosaurus,237.0,227.0,Late Triassic,"(237.0, 227.0)"
1093,149253,149253,24.95607,Sigmala,237.0,227.0,Late Triassic,"(237.0, 227.0)"
1094,149254,149254,24.95607,Planocephalosaurus,237.0,227.0,Late Triassic,"(237.0, 227.0)"
1095,149255,149255,24.95607,Clevosaurus,237.0,227.0,Late Triassic,"(237.0, 227.0)"
1096,149257,149257,24.95607,Terrestrisuchus,237.0,227.0,Late Triassic,"(237.0, 227.0)"
1097,149258,149258,24.95607,Diphydontosaurus,237.0,227.0,Late Triassic,"(237.0, 227.0)"
1098,149260,149260,24.95607,Sigmala,237.0,227.0,Late Triassic,"(237.0, 227.0)"
1099,149261,149261,24.95607,Kuehneosaurus,237.0,227.0,Late Triassic,"(237.0, 227.0)"
1100,149262,149262,24.95607,Sigmala,237.0,227.0,Late Triassic,"(237.0, 227.0)"
1101,149263,149263,24.95607,Pelecymala,237.0,227.0,Late Triassic,"(237.0, 227.0)"
1102,149264,149264,24.95607,Planocephalosaurus,237.0,227.0,Late Triassic,"(237.0, 227.0)"
1103,149267,149267,24.95607,Planocephalosaurus,237.0,227.0,Late Triassic,"(237.0, 227.0)"
1104,149268,149268,24.95607,Clevosaurus,237.0,227.0,Late Triassic,"(237.0, 227.0)"
1105,149271,149271,24.95607,Sigmala,237.0,227.0,Late Triassic,"(237.0, 227.0)"
1106,149272,149272,24.95607,Kuehneosaurus,237.0,227.0,Late Triassic,"(237.0, 227.0)"
1107,149273,149273,24.95607,Planocephalosaurus,237.0,227.0,Late Triassic,"(237.0, 227.0)"
1108,149274,149274,24.95607,Clevosaurus,237.0,227.0,Late Triassic,"(237.0, 227.0)"
1109,149276,149276,24.95607,Sigmala,237.0,227.0,Late Triassic,"(237.0, 227.0)"
1110,149277,149277,24.95607,Kuehneosaurus,237.0,227.0,Late Triassic,"(237.0, 227.0)"
1111,149278,149278,24.95607,Planocephalosaurus,237.0,227.0,Late Triassic,"(237.0, 227.0)"
1112,149279,149279,24.95607,Clevosaurus,237.0,227.0,Late Triassic,"(237.0, 227.0)"
1113,149283,149283,24.95607,Sigmala,237.0,227.0,Late Triassic,"(237.0, 227.0)"
1114,149284,149284,24.95607,Kuehneosaurus,237.0,227.0,Late Triassic,"(237.0, 227.0)"
1115,149285,149285,24.95607,Planocephalosaurus,237.0,227.0,Late Triassic,"(237.0, 227.0)"
1116,149286,149286,24.95607,Clevosaurus,237.0,227.0,Late Triassic,"(237.0, 227.0)"
1117,149289,149289,24.95607,Sigmala,237.0,227.0,Late Triassic,"(237.0, 227.0)"
1118,149290,149290,24.95607,Planocephalosaurus,237.0,227.0,Late Triassic,"(237.0, 227.0)"
1119,149293,149293,24.95607,Planocephalosaurus,237.0,227.0,Late Triassic,"(237.0, 227.0)"
1120,149294,149294,24.95607,Clevosaurus,237.0,227.0,Late Triassic,"(237.0, 227.0)"
1121,149295,149295,24.95607,Terrestrisuchus,237.0,227.0,Late Triassic,"(237.0, 227.0)"
1122,149296,149296,24.95607,Diphydontosaurus,237.0,227.0,Late Triassic,"(237.0, 227.0)"
1123,256434,256434,-52.00118,Eoraptor,237.0,227.0,Late Triassic,"(237.0, 227.0)"
1124,256434,256434,-52.00118,Eoraptor,237.0,227.0,Late Triassic,"(237.0, 227.0)"
1125,256435,256435,-52.00118,Herrerasaurus,237.0,227.0,Late Triassic,"(237.0, 227.0)"
1126,256436,256436,-52.00118,Saurosuchus,237.0,227.0,Late Triassic,"(237.0, 227.0)"
1127,256437,256437,-52.00118,Aetosauroides,237.0,227.0,Late Triassic,"(237.0, 227.0)"
1128,256441,256441,-52.00118,Herrerasaurus,237.0,227.0,Late Triassic,"(237.0, 227.0)"
1129,261808,261808,24.95607,Terrestrisuchus,237.0,227.0,Late Triassic,"(237.0, 227.0)"
1130,261810,261810,24.95607,Agnosphitys,237.0,227.0,Late Triassic,"(237.0, 227.0)"
1131,277109,277109,-52.00118,Pisanosaurus,237.0,227.0,Late Triassic,"(237.0, 227.0)"
1132,284027,284027,24.95607,Pantydraco,237.0,227.0,Late Triassic,"(237.0, 227.0)"
1133,406854,406854,1.982645,Euscolosuchus,237.0,227.0,Late Triassic,"(237.0, 227.0)"
1134,406855,406855,1.982645,Uatchitodon,237.0,227.0,Late Triassic,"(237.0, 227.0)"
1135,406858,406858,1.982645,Gomphiosauridion,237.0,227.0,Late Triassic,"(237.0, 227.0)"
1136,406859,406859,1.982645,Xenodiphyodon,237.0,227.0,Late Triassic,"(237.0, 227.0)"
1137,460787,460787,1.063348,Parasuchus,237.0,227.0,Late Triassic,"(237.0, 227.0)"
1138,465571,465571,24.95607,Terrestrisuchus,237.0,227.0,Late Triassic,"(237.0, 227.0)"
1139,465572,465572,24.95607,Kuehneosaurus,237.0,227.0,Late Triassic,"(237.0, 227.0)"
1140,465573,465573,24.95607,Clevosaurus,237.0,227.0,Late Triassic,"(237.0, 227.0)"
1141,468647,468647,-0.5164049,Lucasuchus,237.0,227.0,Late Triassic,"(237.0, 227.0)"
1142,471885,471885,24.95607,Diphydontosaurus,237.0,227.0,Late Triassic,"(237.0, 227.0)"
1143,474116,474116,-52.00118,Herrerasaurus,237.0,227.0,Late Triassic,"(237.0, 227.0)"
1144,474117,474117,-52.00118,Hyperodapedon,237.0,227.0,Late Triassic,"(237.0, 227.0)"
1145,474119,474119,-52.00118,Hyperodapedon,237.0,227.0,Late Triassic,"(237.0, 227.0)"
1146,484408,484408,-47.03927,Hyperodapedon,237.0,227.0,Late Triassic,"(237.0, 227.0)"
1147,484409,484409,-47.03927,Saturnalia,237.0,227.0,Late Triassic,"(237.0, 227.0)"
1148,486188,486188,-49.47713,Staurikosaurus,237.0,227.0,Late Triassic,"(237.0, 227.0)"
1149,518725,518725,-52.00118,Herrerasaurus,237.0,227.0,Late Triassic,"(237.0, 227.0)"
1150,518725,518725,-52.00118,Herrerasaurus,237.0,227.0,Late Triassic,"(237.0, 227.0)"
1151,518726,518726,-52.00118,Herrerasaurus,237.0,227.0,Late Triassic,"(237.0, 227.0)"
1152,518727,518727,-52.00118,Herrerasaurus,237.0,227.0,Late Triassic,"(237.0, 227.0)"
1153,518731,518731,-52.00118,Herrerasaurus,237.0,227.0,Late Triassic,"(237.0, 227.0)"
1154,518732,518732,-52.00118,Herrerasaurus,237.0,227.0,Late Triassic,"(237.0, 227.0)"
1155,518733,518733,-52.00118,Herrerasaurus,237.0,227.0,Late Triassic,"(237.0, 227.0)"
1156,518734,518734,-52.00118,Trialestes,237.0,227.0,Late Triassic,"(237.0, 227.0)"
1157,518737,518737,-52.00118,Proterochampsa,237.0,227.0,Late Triassic,"(237.0, 227.0)"
1158,519917,519917,-52.00118,Herrerasaurus,237.0,227.0,Late Triassic,"(237.0, 227.0)"
1159,545075,545075,-31.66627,Alwalkeria,237.0,227.0,Late Triassic,"(237.0, 227.0)"
1160,558437,558437,24.95607,Thecodontosaurus,237.0,227.0,Late Triassic,"(237.0, 227.0)"
1161,562008,562008,5.214221,Azendohsaurus,237.0,227.0,Late Triassic,"(237.0, 227.0)"
1162,562009,562009,5.214221,Parasuchus,237.0,227.0,Late Triassic,"(237.0, 227.0)"
1163,562010,562010,5.214221,Arganasuchus,237.0,227.0,Late Triassic,"(237.0, 227.0)"
1164,640054,640054,1.982645,Doswellia,237.0,227.0,Late Triassic,"(237.0, 227.0)"
1165,640054,640054,1.982645,Doswellia,237.0,227.0,Late Triassic,"(237.0, 227.0)"
1166,640068,640068,1.982645,Doswellia,237.0,227.0,Late Triassic,"(237.0, 227.0)"
1167,640075,640075,1.982645,Doswellia,237.0,227.0,Late Triassic,"(237.0, 227.0)"
1168,640077,640077,1.982645,Doswellia,237.0,227.0,Late Triassic,"(237.0, 227.0)"
1169,640084,640084,1.982645,Doswellia,237.0,227.0,Late Triassic,"(237.0, 227.0)"
1170,640084,640084,1.982645,Doswellia,237.0,227.0,Late Triassic,"(237.0, 227.0)"
1171,690311,690311,-0.5164049,Revueltosaurus,237.0,227.0,Late Triassic,"(237.0, 227.0)"
1172,690337,690337,24.95607,Hwiccewyrm,237.0,227.0,Late Triassic,"(237.0, 227.0)"
1173,690338,690338,24.95607,Terrestrisuchus,237.0,227.0,Late Triassic,"(237.0, 227.0)"
1174,690339,690339,24.95607,Diphydontosaurus,237.0,227.0,Late Triassic,"(237.0, 227.0)"
1175,690340,690340,24.95607,Terrestrisuchus,237.0,227.0,Late Triassic,"(237.0, 227.0)"
1176,690341,690341,24.95607,Kuehneosaurus,237.0,227.0,Late Triassic,"(237.0, 227.0)"
1177,690343,690343,24.95607,Kuehneosaurus,237.0,227.0,Late Triassic,"(237.0, 227.0)"
1178,690344,690344,24.95607,Pelecymala,237.0,227.0,Late Triassic,"(237.0, 227.0)"
1179,690345,690345,24.95607,Sigmala,237.0,227.0,Late Triassic,"(237.0, 227.0)"
1180,690346,690346,24.95607,Pelecymala,237.0,227.0,Late Triassic,"(237.0, 227.0)"
1181,690347,690347,24.95607,Kuehneosaurus,237.0,227.0,Late Triassic,"(237.0, 227.0)"
1182,712659,712659,24.95607,Terrestrisuchus,237.0,227.0,Late Triassic,"(237.0, 227.0)"
1183,712661,712661,24.95607,Thecodontosaurus,237.0,227.0,Late Triassic,"(237.0, 227.0)"
1184,712664,712664,24.95607,Clevosaurus,237.0,227.0,Late Triassic,"(237.0, 227.0)"
1185,712665,712665,24.95607,Planocephalosaurus,237.0,227.0,Late Triassic,"(237.0, 227.0)"
1186,738862,738862,-1.387769,Poposaurus,237.0,227.0,Late Triassic,"(237.0, 227.0)"
1187,748041,748041,10.58739,Acadiella,237.0,227.0,Late Triassic,"(237.0, 227.0)"
1188,748059,748059,10.58739,Haligonia,237.0,227.0,Late Triassic,"(237.0, 227.0)"
1189,748801,748801,10.58739,Scoloparia,237.0,227.0,Late Triassic,"(237.0, 227.0)"
1190,778896,778896,24.95607,Fraserosphenodon,237.0,227.0,Late Triassic,"(237.0, 227.0)"
1191,800076,800076,-52.00118,Panphagia,237.0,227.0,Late Triassic,"(237.0, 227.0)"
1192,806122,806122,1.982645,Doswellia,237.0,227.0,Late Triassic,"(237.0, 227.0)"
1193,811667,811667,10.58739,Scoloparia,237.0,227.0,Late Triassic,"(237.0, 227.0)"
1194,820889,820889,-52.00118,Sillosuchus,237.0,227.0,Late Triassic,"(237.0, 227.0)"
1195,829103,829103,9.714393,Heptasuchus,237.0,227.0,Late Triassic,"(237.0, 227.0)"
1196,829424,829424,9.714393,Parasuchus,237.0,227.0,Late Triassic,"(237.0, 227.0)"
1197,829485,829485,9.015541,Hyperodapedon,237.0,227.0,Late Triassic,"(237.0, 227.0)"
1198,829496,829496,9.714393,Poposaurus,237.0,227.0,Late Triassic,"(237.0, 227.0)"
1199,829496,829496,9.714393,Poposaurus,237.0,227.0,Late Triassic,"(237.0, 227.0)"
1200,829679,829679,9.714393,Angistorhinus,237.0,227.0,Late Triassic,"(237.0, 227.0)"
1201,829680,829680,9.714393,Angistorhinus,237.0,227.0,Late Triassic,"(237.0, 227.0)"
1202,829816,829816,9.714393,Angistorhinus,237.0,227.0,Late Triassic,"(237.0, 227.0)"
1203,829989,829989,9.714393,Dolichobrachium,237.0,227.0,Late Triassic,"(237.0, 227.0)"
1204,829996,829996,9.714393,Poposaurus,237.0,227.0,Late Triassic,"(237.0, 227.0)"
1205,832678,832678,-52.00118,Aetosauroides,237.0,227.0,Late Triassic,"(237.0, 227.0)"
1206,842931,842931,-0.5164049,Lucasuchus,237.0,227.0,Late Triassic,"(237.0, 227.0)"
1207,853387,853387,-47.03927,Hyperodapedon,237.0,227.0,Late Triassic,"(237.0, 227.0)"
1208,853388,853388,-47.03927,Hyperodapedon,237.0,227.0,Late Triassic,"(237.0, 227.0)"
1209,853392,853392,5.214221,Arganasuchus,237.0,227.0,Late Triassic,"(237.0, 227.0)"
1210,853397,853397,-30.8144,Tikisuchus,237.0,227.0,Late Triassic,"(237.0, 227.0)"
1211,853401,853401,-30.8144,Hyperodapedon,237.0,227.0,Late Triassic,"(237.0, 227.0)"
1212,880955,880955,29.61478,Chirotherium,237.0,227.0,Late Triassic,"(237.0, 227.0)"
1213,881081,881081,29.61478,Parasuchus,237.0,227.0,Late Triassic,"(237.0, 227.0)"
1214,881082,881082,29.61478,Ebrachosuchus,237.0,227.0,Late Triassic,"(237.0, 227.0)"
1215,881088,881088,29.61478,Stagonolepis,237.0,227.0,Late Triassic,"(237.0, 227.0)"
1216,881097,881097,29.61478,Parasuchus,237.0,227.0,Late Triassic,"(237.0, 227.0)"
1217,882413,882413,27.85164,Zanclodon,237.0,227.0,Late Triassic,"(237.0, 227.0)"
1218,893426,893426,-52.00118,Sanjuansaurus,237.0,227.0,Late Triassic,"(237.0, 227.0)"
1219,908663,908663,-52.00118,Eodromaeus,237.0,227.0,Late Triassic,"(237.0, 227.0)"
1220,930893,930893,-30.8144,Volcanosuchus,237.0,227.0,Late Triassic,"(237.0, 227.0)"
1221,933482,933482,10.58739,Teraterpeton,237.0,227.0,Late Triassic,"(237.0, 227.0)"
1222,933484,933484,10.58739,Teraterpeton,237.0,227.0,Late Triassic,"(237.0, 227.0)"
1223,933490,933490,10.58739,Hyperodapedon,237.0,227.0,Late Triassic,"(237.0, 227.0)"
1224,933978,933978,9.714393,Angistorhinus,237.0,227.0,Late Triassic,"(237.0, 227.0)"
1225,933979,933979,9.714393,Angistorhinus,237.0,227.0,Late Triassic,"(237.0, 227.0)"
1226,933983,933983,9.714393,Parasuchus,237.0,227.0,Late Triassic,"(237.0, 227.0)"
1227,933984,933984,9.714393,Angistorhinus,237.0,227.0,Late Triassic,"(237.0, 227.0)"
1228,933985,933985,9.714393,Angistorhinus,237.0,227.0,Late Triassic,"(237.0, 227.0)"
1229,933990,933990,9.714393,Desmatosuchus,237.0,227.0,Late Triassic,"(237.0, 227.0)"
1230,934045,934045,-0.5164049,Rutiodon,237.0,227.0,Late Triassic,"(237.0, 227.0)"
1231,1063632,1063632,-52.00118,Chromogisaurus,237.0,227.0,Late Triassic,"(237.0, 227.0)"
1232,1088563,1088563,-30.8144,Parasuchus,237.0,227.0,Late Triassic,"(237.0, 227.0)"
1233,1093726,1093726,24.95607,Pelecymala,237.0,227.0,Late Triassic,"(237.0, 227.0)"
1234,1093733,1093733,24.95607,Sigmala,237.0,227.0,Late Triassic,"(237.0, 227.0)"
1235,1106819,1106819,27.85164,Palaeosaurus,237.0,227.0,Late Triassic,"(237.0, 227.0)"
1236,1142068,1142068,-52.00118,Venaticosuchus,237.0,227.0,Late Triassic,"(237.0, 227.0)"
1237,1180352,1180352,-52.00118,Ignotosaurus,237.0,227.0,Late Triassic,"(237.0, 227.0)"
1238,1181558,1181558,-52.00118,Hyperodapedon,237.0,227.0,Late Triassic,"(237.0, 227.0)"
1239,1280502,1280502,-0.5164049,Carnufex,237.0,227.0,Late Triassic,"(237.0, 227.0)"
1240,1302049,1302049,-30.8144,Hyperodapedon,237.0,227.0,Late Triassic,"(237.0, 227.0)"
1241,1308719,1308719,-49.47713,Dagasuchus,237.0,227.0,Late Triassic,"(237.0, 227.0)"
1242,1308746,1308746,-49.47713,Polesinesuchus,237.0,227.0,Late Triassic,"(237.0, 227.0)"
1243,1313374,1313374,24.95607,Clevosaurus,237.0,227.0,Late Triassic,"(237.0, 227.0)"
1244,1313375,1313375,24.95607,Diphydontosaurus,237.0,227.0,Late Triassic,"(237.0, 227.0)"
1245,1313378,1313378,24.95607,Clevosaurus,237.0,227.0,Late Triassic,"(237.0, 227.0)"
1246,1313379,1313379,24.95607,Diphydontosaurus,237.0,227.0,Late Triassic,"(237.0, 227.0)"
1247,1347712,1347712,-0.5164049,Gorgetosuchus,237.0,227.0,Late Triassic,"(237.0, 227.0)"
1248,1347713,1347713,-0.5164049,Lucasuchus,237.0,227.0,Late Triassic,"(237.0, 227.0)"
1249,1347716,1347716,-0.5164049,Coahomasuchus,237.0,227.0,Late Triassic,"(237.0, 227.0)"
1250,1347761,1347761,-49.47713,Ixalerpeton,237.0,227.0,Late Triassic,"(237.0, 227.0)"
1251,1347761,1347761,-49.47713,Ixalerpeton,237.0,227.0,Late Triassic,"(237.0, 227.0)"
1252,1347762,1347762,-49.47713,Buriolestes,237.0,227.0,Late Triassic,"(237.0, 227.0)"
1253,1347762,1347762,-49.47713,Buriolestes,237.0,227.0,Late Triassic,"(237.0, 227.0)"
1254,1347794,1347794,-52.00118,Trialestes,237.0,227.0,Late Triassic,"(237.0, 227.0)"
1255,1349988,1349988,-52.00118,Pseudochampsa,237.0,227.0,Late Triassic,"(237.0, 227.0)"
1256,1371695,1371695,10.58739,Hypsognathus,237.0,227.0,Late Triassic,"(237.0, 227.0)"
1257,1393389,1393389,24.95607,Clevosaurus,237.0,227.0,Late Triassic,"(237.0, 227.0)"
1258,1393401,1393401,24.95607,Diphydontosaurus,237.0,227.0,Late Triassic,"(237.0, 227.0)"
1259,1400946,1400946,1.722526,Heterodontichnites,237.0,227.0,Late Triassic,"(237.0, 227.0)"
1260,1406776,1406776,33.3149,Ozimek,237.0,227.0,Late Triassic,"(237.0, 227.0)"
1261,1415801,1415801,27.01127,Eorhynchochelys,237.0,227.0,Late Triassic,"(237.0, 227.0)"
1262,1417828,1417828,27.85164,Dyoplax,237.0,227.0,Late Triassic,"(237.0, 227.0)"
1263,1418480,1418480,1.063348,Trilophosaurus,237.0,227.0,Late Triassic,"(237.0, 227.0)"
1264,1418483,1418483,1.063348,Spinosuchus,237.0,227.0,Late Triassic,"(237.0, 227.0)"
1265,1418485,1418485,1.063348,Postosuchus,237.0,227.0,Late Triassic,"(237.0, 227.0)"
1266,1418487,1418487,1.063348,Smilosuchus,237.0,227.0,Late Triassic,"(237.0, 227.0)"
1267,1418489,1418489,1.063348,Calyptosuchus,237.0,227.0,Late Triassic,"(237.0, 227.0)"
1268,1419303,1419303,-49.47713,Erythrovenator,237.0,227.0,Late Triassic,"(237.0, 227.0)"
1269,1430528,1430528,5.214221,Angistorhinus,237.0,227.0,Late Triassic,"(237.0, 227.0)"
1270,1459722,1459722,-49.47713,Clevosaurus,237.0,227.0,Late Triassic,"(237.0, 227.0)"
1271,1459725,1459725,-49.47713,Pampadromaeus,237.0,227.0,Late Triassic,"(237.0, 227.0)"
1272,1475020,1475020,-52.00118,Lewisuchus,237.0,227.0,Late Triassic,"(237.0, 227.0)"
1273,1486217,1486217,24.95607,Aenigmaspina,237.0,227.0,Late Triassic,"(237.0, 227.0)"
1274,1494772,1494772,-30.8144,Parasuchus,237.0,227.0,Late Triassic,"(237.0, 227.0)"
1275,1494773,1494773,-30.8144,Hyperodapedon,237.0,227.0,Late Triassic,"(237.0, 227.0)"
1276,1494781,1494781,-30.8144,Hyperodapedon,237.0,227.0,Late Triassic,"(237.0, 227.0)"
1277,1520765,1520765,10.58739,Oryctorhynchus,237.0,227.0,Late Triassic,"(237.0, 227.0)"
1278,1520767,1520767,10.58739,Oryctorhynchus,237.0,227.0,Late Triassic,"(237.0, 227.0)"
1279,1550422,1550422,1.982645,Vinitasaura,237.0,227.0,Late Triassic,"(237.0, 227.0)"
1280,1561501,1561501,29.81785,Raibliania,237.0,227.0,Late Triassic,"(237.0, 227.0)"
1281,1562556,1562556,-49.50568,Massospondylus,237.0,227.0,Late Triassic,"(237.0, 227.0)"
1282,1572197,1572197,-52.00118,Incertovenator,237.0,227.0,Late Triassic,"(237.0, 227.0)"
1283,1574570,1574570,24.95607,Pendraig,237.0,227.0,Late Triassic,"(237.0, 227.0)"
1284,1580068,1580068,1.722526,Krzyzanowskisaurus,237.0,227.0,Late Triassic,"(237.0, 227.0)"
1285,1580069,1580069,1.722526,Krzyzanowskisaurus,237.0,227.0,Late Triassic,"(237.0, 227.0)"
1286,1583925,1583925,-52.00118,Taytalura,237.0,227.0,Late Triassic,"(237.0, 227.0)"
1287,1614363,1614363,-47.03927,Mbiresaurus,237.0,227.0,Late Triassic,"(237.0, 227.0)"
1288,1614363,1614363,-47.03927,Mbiresaurus,237.0,227.0,Late Triassic,"(237.0, 227.0)"
1289,1614367,1614367,-47.03927,Mbiresaurus,237.0,227.0,Late Triassic,"(237.0, 227.0)"
1290,1614369,1614369,-47.03927,Mbiresaurus,237.0,227.0,Late Triassic,"(237.0, 227.0)"
1291,1614372,1614372,-47.03927,Mbiresaurus,237.0,227.0,Late Triassic,"(237.0, 227.0)"
1292,1624818,1624818,-49.47713,Amanasaurus,237.0,227.0,Late Triassic,"(237.0, 227.0)"
1293,1633028,1633028,-49.47713,Venetoraptor,237.0,227.0,Late Triassic,"(237.0, 227.0)"
1294,1638608,1638608,24.95607,Hwiccewyrm,237.0,227.0,Late Triassic,"(237.0, 227.0)"
1295,1638608,1638608,24.95607,Hwiccewyrm,237.0,227.0,Late Triassic,"(237.0, 227.0)"
1296,1638608,1638608,24.95607,Hwiccewyrm,237.0,227.0,Late Triassic,"(237.0, 227.0)"
1297,1638608,1638608,24.95607,Hwiccewyrm,237.0,227.0,Late Triassic,"(237.0, 227.0)"
1298,1638608,1638608,24.95607,Hwiccewyrm,237.0,227.0,Late Triassic,"(237.0, 227.0)"
1299,1638608,1638608,24.95607,Hwiccewyrm,237.0,227.0,Late Triassic,"(237.0, 227.0)"
1300,1651915,1651915,-42.80355,Prestosuchus,237.0,227.0,Late Triassic,"(237.0, 227.0)"
1301,1657016,1657016,1.982645,Idiosaura,237.0,227.0,Late Triassic,"(237.0, 227.0)"
1302,N325,N325,-49.47713,Kuruxuchampsa,237.0,227.0,Upper Triassic,"(237.0, 227.0)"
1303,N515,N515,-49.47713,Cornualbus,237.0,227.0,Upper Triassic,"(237.0, 227.0)"
1304,N516,N516,-49.47713,Dynamosuchus,237.0,227.0,Upper Triassic,"(237.0, 227.0)"
1305,N517,N517,-49.47713,Aetobarbakinoides,237.0,227.0,Upper Triassic,"(237.0, 227.0)"
1306,N518,N518,-49.47713,Rauisuchus,237.0,227.0,Upper Triassic,"(237.0, 227.0)"
1307,N533,N533,9.714393,Beesiiwo,237.0,227.0,Upper Triassic,"(237.0, 227.0)"
1308,N540,N540,24.95607,Threordatoth,237.0,227.0,Upper Triassic,"(237.0, 227.0)"
1309,N541,N541,28.80492,Leptopleuron,237.0,227.0,Upper Triassic,"(237.0, 227.0)"
1310,N544,N544,-65.16914,Ahvaytum,237.0,227.0,Upper Triassic,"(237.0, 227.0)"
1311,N206,N206,-61.37537,Eohyosaurus,246.7,237.0,Middle Triassic,"(246.7, 237.0)"
1312,N207,N207,-61.37537,Eohyosaurus,246.7,237.0,Middle Triassic,"(246.7, 237.0)"
1313,N208,N208,-61.37537,Erythrosuchus,246.7,237.0,Middle Triassic,"(246.7, 237.0)"
1314,N209,N209,-63.33496,Erythrosuchus,246.7,237.0,Middle Triassic,"(246.7, 237.0)"
1315,N210,N210,-61.37537,Erythrosuchus,246.7,237.0,Middle Triassic,"(246.7, 237.0)"
1316,N211,N211,-61.37537,Erythrosuchus,246.7,237.0,Middle Triassic,"(246.7, 237.0)"
1317,N212,N212,-61.37537,Erythrosuchus,246.7,237.0,Middle Triassic,"(246.7, 237.0)"
1318,N213,N213,-61.37537,Erythrosuchus,246.7,237.0,Middle Triassic,"(246.7, 237.0)"
1319,N214,N214,-61.37537,Erythrosuchus,246.7,237.0,Middle Triassic,"(246.7, 237.0)"
1320,N215,N215,-61.37537,Erythrosuchus,246.7,237.0,Middle Triassic,"(246.7, 237.0)"
1321,N358,N358,-61.37537,Mesosuchus,246.7,237.0,Middle Triassic,"(246.7, 237.0)"
1322,N359,N359,-61.37537,Mesosuchus,246.7,237.0,Middle Triassic,"(246.7, 237.0)"
1323,N360,N360,-61.37537,Mesosuchus,246.7,237.0,Middle Triassic,"(246.7, 237.0)"
1324,N361,N361,-61.37537,Mesosuchus,246.7,237.0,Middle Triassic,"(246.7, 237.0)"
1325,N485,N485,-46.55859,Stenaulorhynchus,246.7,237.0,Middle Triassic,"(246.7, 237.0)"
1326,N486,N486,-46.55859,Stenaulorhynchus,246.7,237.0,Middle Triassic,"(246.7, 237.0)"
1327,N487,N487,-46.55859,Stenaulorhynchus,246.7,237.0,Middle Triassic,"(246.7, 237.0)"
1328,N488,N488,-46.55859,Stenaulorhynchus,246.7,237.0,Middle Triassic,"(246.7, 237.0)"
1329,N489,N489,-46.55859,Stenaulorhynchus,246.7,237.0,Middle Triassic,"(246.7, 237.0)"
1330,N490,N490,-46.55859,Stenaulorhynchus,246.7,237.0,Middle Triassic,"(246.7, 237.0)"
1331,N491,N491,-46.55859,Stenaulorhynchus,246.7,237.0,Middle Triassic,"(246.7, 237.0)"
1332,N492,N492,-46.55859,Stenaulorhynchus,246.7,237.0,Middle Triassic,"(246.7, 237.0)"
1333,N493,N493,-46.55859,Stenaulorhynchus,246.7,237.0,Middle Triassic,"(246.7, 237.0)"
1334,N494,N494,-46.55859,Stenaulorhynchus,246.7,237.0,Middle Triassic,"(246.7, 237.0)"
1335,N495,N495,-46.55859,Stenaulorhynchus,246.7,237.0,Middle Triassic,"(246.7, 237.0)"
1336,N496,N496,-46.55859,Stenaulorhynchus,246.7,237.0,Middle Triassic,"(246.7, 237.0)"
1337,N497,N497,-46.55859,Stenaulorhynchus,246.7,237.0,Middle Triassic,"(246.7, 237.0)"
1338,N498,N498,-46.55859,Stenaulorhynchus,246.7,237.0,Middle Triassic,"(246.7, 237.0)"
1339,N499,N499,-46.55859,Stenaulorhynchus,246.7,237.0,Middle Triassic,"(246.7, 237.0)"
1340,N500,N500,-46.55859,Stenaulorhynchus,246.7,237.0,Middle Triassic,"(246.7, 237.0)"
1341,N501,N501,-46.55859,Stenaulorhynchus,246.7,237.0,Middle Triassic,"(246.7, 237.0)"
1342,N502,N502,-46.55859,Stenaulorhynchus,246.7,237.0,Middle Triassic,"(246.7, 237.0)"
1344,285740,285740,40.04971,Eumetabolodon,251.2,242.0,Middle Triassic,"(251.2, 242.0)"
1345,285752,285752,40.04971,Eumetabolodon,251.2,242.0,Middle Triassic,"(251.2, 242.0)"
1346,833134,833134,40.04971,Pentaedrusaurus,251.2,242.0,Middle Triassic,"(251.2, 242.0)"
1347,890990,890990,40.04971,Xilousuchus,251.2,242.0,Middle Triassic,"(251.2, 242.0)"
1348,902425,902425,40.04971,Fugusuchus,251.2,242.0,Middle Triassic,"(251.2, 242.0)"
1349,467312,467312,6.088668,Protosuchus,208.5,199.5,Late Triassic,"(208.5, 199.5)"
1350,491743,491743,35.75617,Lophostropheus,208.5,199.5,Late Triassic,"(208.5, 199.5)"
1351,513907,513907,6.088668,Syntarsus,208.5,199.5,Late Triassic,"(208.5, 199.5)"
1352,1091860,1091860,6.088668,Protosuchus,208.5,199.5,Late Triassic,"(208.5, 199.5)"
1353,1092046,1092046,6.088668,Protosuchus,208.5,199.5,Late Triassic,"(208.5, 199.5)"
1354,1092047,1092047,6.088668,Batrachopus,208.5,199.5,Late Triassic,"(208.5, 199.5)"
1355,1092054,1092054,6.088668,Protosuchus,208.5,199.5,Late Triassic,"(208.5, 199.5)"
1356,346294,346294,-2.746595,Bolosaurus,298.9,290.1,Cisuralian,"(298.9, 290.1)"
1357,287287,287287,2.689371,Rothianiscus,274.4,264.28,Guadalupian,"(274.4, 264.28)"
1358,287715,287715,2.689371,Rothianiscus,274.4,264.28,Guadalupian,"(274.4, 264.28)"
1359,287715,287715,2.689371,Rothianiscus,274.4,264.28,Guadalupian,"(274.4, 264.28)"
1360,287715,287715,2.689371,Rothianiscus,274.4,264.28,Guadalupian,"(274.4, 264.28)"
1361,287747,287747,2.689371,Rothianiscus,274.4,264.28,Guadalupian,"(274.4, 264.28)"
1362,287764,287764,2.689371,Rothianiscus,274.4,264.28,Guadalupian,"(274.4, 264.28)"
1363,287827,287827,2.689371,Rothianiscus,274.4,264.28,Guadalupian,"(274.4, 264.28)"
1364,287904,287904,2.689371,Rothianiscus,274.4,264.28,Guadalupian,"(274.4, 264.28)"
1365,287929,287929,2.689371,Rothianiscus,274.4,264.28,Guadalupian,"(274.4, 264.28)"
1366,289331,289331,2.689371,Rothianiscus,274.4,264.28,Guadalupian,"(274.4, 264.28)"
1367,289337,289337,2.689371,Rothianiscus,274.4,264.28,Guadalupian,"(274.4, 264.28)"
1368,745278,745278,42.68761,Nycteroleter,274.4,264.28,Guadalupian,"(274.4, 264.28)"
1369,792642,792642,42.68761,Nyctiphruretus,274.4,264.28,Guadalupian,"(274.4, 264.28)"
1370,792642,792642,42.68761,Nyctiphruretus,274.4,264.28,Guadalupian,"(274.4, 264.28)"
1371,792642,792642,42.68761,Nyctiphruretus,274.4,264.28,Guadalupian,"(274.4, 264.28)"
1372,792642,792642,42.68761,Nyctiphruretus,274.4,264.28,Guadalupian,"(274.4, 264.28)"
1373,792722,792722,2.689371,Macroleter,274.4,264.28,Guadalupian,"(274.4, 264.28)"
1374,837590,837590,42.68761,Lanthaniscus,274.4,264.28,Guadalupian,"(274.4, 264.28)"
1375,1374680,1374680,42.68761,Lanthaniscus,274.4,264.28,Guadalupian,"(274.4, 264.28)"
1376,1374681,1374681,42.68761,Bashkyroleter,274.4,264.28,Guadalupian,"(274.4, 264.28)"
1377,1374682,1374682,42.68761,Nycteroleter,274.4,264.28,Guadalupian,"(274.4, 264.28)"
1378,1374686,1374686,42.68761,Macroleter,274.4,264.28,Guadalupian,"(274.4, 264.28)"
1379,1374687,1374687,42.68761,Bashkyroleter,274.4,264.28,Guadalupian,"(274.4, 264.28)"
1380,1374690,1374690,42.68761,Nyctiphruretus,274.4,264.28,Guadalupian,"(274.4, 264.28)"
1381,1374692,1374692,42.68761,Macroleter,274.4,264.28,Guadalupian,"(274.4, 264.28)"
1382,1374692,1374692,42.68761,Macroleter,274.4,264.28,Guadalupian,"(274.4, 264.28)"
1383,1374693,1374693,42.68761,Bashkyroleter,274.4,264.28,Guadalupian,"(274.4, 264.28)"
1384,1374695,1374695,42.68761,Nyctiphruretus,274.4,264.28,Guadalupian,"(274.4, 264.28)"
1385,1374698,1374698,42.68761,Bashkyroleter,274.4,264.28,Guadalupian,"(274.4, 264.28)"
1386,1374699,1374699,42.68761,Lanthanolania,274.4,264.28,Guadalupian,"(274.4, 264.28)"
1387,1374701,1374701,42.68761,Nyctiphruretus,274.4,264.28,Guadalupian,"(274.4, 264.28)"
1388,1374703,1374703,42.68761,Nyctiphruretus,274.4,264.28,Guadalupian,"(274.4, 264.28)"
1389,1374705,1374705,42.68761,Nyctiphruretus,274.4,264.28,Guadalupian,"(274.4, 264.28)"
1390,1374705,1374705,42.68761,Nyctiphruretus,274.4,264.28,Guadalupian,"(274.4, 264.28)"
1391,1385576,1385576,42.68761,Nyctiphruretus,274.4,264.28,Guadalupian,"(274.4, 264.28)"
1392,1385577,1385577,42.68761,Bashkyroleter,274.4,264.28,Guadalupian,"(274.4, 264.28)"
1393,1385578,1385578,42.68761,Macroleter,274.4,264.28,Guadalupian,"(274.4, 264.28)"
1394,777443,777443,32.92995,Eudimorphodon,216.7,208.5,Late Triassic,"(216.7, 208.5)"
1395,777444,777444,32.92995,Eudimorphodon,216.7,208.5,Late Triassic,"(216.7, 208.5)"
1396,777710,777710,32.92995,Megalancosaurus,216.7,208.5,Late Triassic,"(216.7, 208.5)"
1397,778056,778056,32.92995,Langobardisaurus,216.7,208.5,Late Triassic,"(216.7, 208.5)"
1398,778320,778320,32.92995,Megalancosaurus,216.7,208.5,Late Triassic,"(216.7, 208.5)"
1399,779171,779171,32.92995,Megalancosaurus,216.7,208.5,Late Triassic,"(216.7, 208.5)"
1400,779179,779179,32.92995,Langobardisaurus,216.7,208.5,Late Triassic,"(216.7, 208.5)"
1401,749595,749595,-60.85079,Milleropsis,259.51,251.902,Lopingian,"(259.51, 251.902)"
1402,749595,749595,-60.85079,Milleropsis,259.51,251.902,Lopingian,"(259.51, 251.902)"
1403,749595,749595,-60.85079,Milleropsis,259.51,251.902,Lopingian,"(259.51, 251.902)"
1404,749595,749595,-60.85079,Milleropsis,259.51,251.902,Lopingian,"(259.51, 251.902)"
1405,749595,749595,-60.85079,Milleropsis,259.51,251.902,Lopingian,"(259.51, 251.902)"
1406,749595,749595,-60.85079,Milleropsis,259.51,251.902,Lopingian,"(259.51, 251.902)"
1407,749595,749595,-60.85079,Milleropsis,259.51,251.902,Lopingian,"(259.51, 251.902)"
1408,749595,749595,-60.85079,Milleropsis,259.51,251.902,Lopingian,"(259.51, 251.902)"
1409,749610,749610,-60.85079,Milleretta,259.51,251.902,Lopingian,"(259.51, 251.902)"
1410,749933,749933,-60.85079,Milleretta,259.51,251.902,Lopingian,"(259.51, 251.902)"
1411,749933,749933,-60.85079,Milleretta,259.51,251.902,Lopingian,"(259.51, 251.902)"
1412,749933,749933,-60.85079,Milleretta,259.51,251.902,Lopingian,"(259.51, 251.902)"
1413,749973,749973,-63.15948,Milleropsis,259.51,251.902,Lopingian,"(259.51, 251.902)"
1414,749974,749974,-63.15948,Milleretta,259.51,251.902,Lopingian,"(259.51, 251.902)"
1415,749975,749975,-63.15948,Millerosaurus,259.51,251.902,Lopingian,"(259.51, 251.902)"
1416,749976,749976,-63.15948,Millerosaurus,259.51,251.902,Lopingian,"(259.51, 251.902)"
1417,749977,749977,-63.15948,Milleretta,259.51,251.902,Lopingian,"(259.51, 251.902)"
1418,749996,749996,-63.15948,Milleretta,259.51,251.902,Lopingian,"(259.51, 251.902)"
1419,750019,750019,-63.15948,Millerinoides,259.51,251.902,Lopingian,"(259.51, 251.902)"
1420,790024,790024,-50.09196,Thadeosaurus,259.51,251.902,Lopingian,"(259.51, 251.902)"
1421,790114,790114,-47.63135,Claudiosaurus,259.51,251.902,Lopingian,"(259.51, 251.902)"
1422,790114,790114,-47.63135,Claudiosaurus,259.51,251.902,Lopingian,"(259.51, 251.902)"
1423,790114,790114,-47.63135,Claudiosaurus,259.51,251.902,Lopingian,"(259.51, 251.902)"
1424,790114,790114,-47.63135,Claudiosaurus,259.51,251.902,Lopingian,"(259.51, 251.902)"
1425,790114,790114,-47.63135,Claudiosaurus,259.51,251.902,Lopingian,"(259.51, 251.902)"
1426,790114,790114,-47.63135,Claudiosaurus,259.51,251.902,Lopingian,"(259.51, 251.902)"
1427,790114,790114,-47.63135,Claudiosaurus,259.51,251.902,Lopingian,"(259.51, 251.902)"
1428,790114,790114,-47.63135,Claudiosaurus,259.51,251.902,Lopingian,"(259.51, 251.902)"
1429,790114,790114,-47.63135,Claudiosaurus,259.51,251.902,Lopingian,"(259.51, 251.902)"
1430,790114,790114,-47.63135,Claudiosaurus,259.51,251.902,Lopingian,"(259.51, 251.902)"
1431,790114,790114,-47.63135,Claudiosaurus,259.51,251.902,Lopingian,"(259.51, 251.902)"
1432,790114,790114,-47.63135,Claudiosaurus,259.51,251.902,Lopingian,"(259.51, 251.902)"
1433,790114,790114,-47.63135,Claudiosaurus,259.51,251.902,Lopingian,"(259.51, 251.902)"
1434,790115,790115,-47.63135,Claudiosaurus,259.51,251.902,Lopingian,"(259.51, 251.902)"
1435,790147,790147,-47.63135,Claudiosaurus,259.51,251.902,Lopingian,"(259.51, 251.902)"
1436,790203,790203,-50.09196,Coelurosauravus,259.51,251.902,Lopingian,"(259.51, 251.902)"
1437,790204,790204,-50.09196,Coelurosauravus,259.51,251.902,Lopingian,"(259.51, 251.902)"
1438,790204,790204,-50.09196,Coelurosauravus,259.51,251.902,Lopingian,"(259.51, 251.902)"
1439,807814,807814,-63.15948,Youngina,259.51,251.902,Lopingian,"(259.51, 251.902)"
1440,807814,807814,-63.15948,Youngina,259.51,251.902,Lopingian,"(259.51, 251.902)"
1441,808133,808133,-60.85079,Youngina,259.51,251.902,Lopingian,"(259.51, 251.902)"
1442,816641,816641,-60.85079,Millerosaurus,259.51,251.902,Lopingian,"(259.51, 251.902)"
1443,816651,816651,-60.85079,Milleretta,259.51,251.902,Lopingian,"(259.51, 251.902)"
1444,816682,816682,-60.85079,Millerosaurus,259.51,251.902,Lopingian,"(259.51, 251.902)"
1445,833324,833324,-47.63135,Coelurosauravus,259.51,251.902,Lopingian,"(259.51, 251.902)"
1446,833385,833385,-47.63135,Barasaurus,259.51,251.902,Lopingian,"(259.51, 251.902)"
1447,833385,833385,-47.63135,Barasaurus,259.51,251.902,Lopingian,"(259.51, 251.902)"
1448,833385,833385,-47.63135,Barasaurus,259.51,251.902,Lopingian,"(259.51, 251.902)"
1449,833385,833385,-47.63135,Barasaurus,259.51,251.902,Lopingian,"(259.51, 251.902)"
1450,833385,833385,-47.63135,Barasaurus,259.51,251.902,Lopingian,"(259.51, 251.902)"
1451,833385,833385,-47.63135,Barasaurus,259.51,251.902,Lopingian,"(259.51, 251.902)"
1452,833385,833385,-47.63135,Barasaurus,259.51,251.902,Lopingian,"(259.51, 251.902)"
1453,833385,833385,-47.63135,Barasaurus,259.51,251.902,Lopingian,"(259.51, 251.902)"
1454,833385,833385,-47.63135,Barasaurus,259.51,251.902,Lopingian,"(259.51, 251.902)"
1455,833385,833385,-47.63135,Barasaurus,259.51,251.902,Lopingian,"(259.51, 251.902)"
1456,833493,833493,-50.09196,Acerosodontosaurus,259.51,251.902,Lopingian,"(259.51, 251.902)"
1457,833588,833588,-60.85079,Owenetta,259.51,251.902,Lopingian,"(259.51, 251.902)"
1458,854902,854902,-60.85079,Youngina,259.51,251.902,Lopingian,"(259.51, 251.902)"
1459,990462,990462,38.44569,Gansurhinus,259.51,251.902,Lopingian,"(259.51, 251.902)"
1460,1285176,1285176,-63.15948,Spondylolestes,259.51,251.902,Lopingian,"(259.51, 251.902)"
1461,1285177,1285177,-63.15948,Youngina,259.51,251.902,Lopingian,"(259.51, 251.902)"
1462,1285178,1285178,-63.15948,Youngina,259.51,251.902,Lopingian,"(259.51, 251.902)"
1463,1285182,1285182,-63.15948,Youngina,259.51,251.902,Lopingian,"(259.51, 251.902)"
1464,1285184,1285184,-60.85079,Youngina,259.51,251.902,Lopingian,"(259.51, 251.902)"
1465,1285185,1285185,-60.85079,Youngina,259.51,251.902,Lopingian,"(259.51, 251.902)"
1466,1285186,1285186,-60.85079,Pareiasaurus,259.51,251.902,Lopingian,"(259.51, 251.902)"
1467,1285191,1285191,-60.85079,Youngina,259.51,251.902,Lopingian,"(259.51, 251.902)"
1468,1285194,1285194,-63.15948,Youngina,259.51,251.902,Lopingian,"(259.51, 251.902)"
1469,1285194,1285194,-63.15948,Youngina,259.51,251.902,Lopingian,"(259.51, 251.902)"
1470,1285822,1285822,-63.15948,Saurosternon,259.51,251.902,Lopingian,"(259.51, 251.902)"
1471,1285964,1285964,-50.09196,Hovasaurus,259.51,251.902,Lopingian,"(259.51, 251.902)"
1472,1285964,1285964,-50.09196,Hovasaurus,259.51,251.902,Lopingian,"(259.51, 251.902)"
1473,1285964,1285964,-50.09196,Hovasaurus,259.51,251.902,Lopingian,"(259.51, 251.902)"
1474,1285964,1285964,-50.09196,Hovasaurus,259.51,251.902,Lopingian,"(259.51, 251.902)"
1475,1285964,1285964,-50.09196,Hovasaurus,259.51,251.902,Lopingian,"(259.51, 251.902)"
1476,1285964,1285964,-50.09196,Hovasaurus,259.51,251.902,Lopingian,"(259.51, 251.902)"
1477,1285964,1285964,-50.09196,Hovasaurus,259.51,251.902,Lopingian,"(259.51, 251.902)"
1478,1285964,1285964,-50.09196,Hovasaurus,259.51,251.902,Lopingian,"(259.51, 251.902)"
1479,1285964,1285964,-50.09196,Hovasaurus,259.51,251.902,Lopingian,"(259.51, 251.902)"
1480,1285964,1285964,-50.09196,Hovasaurus,259.51,251.902,Lopingian,"(259.51, 251.902)"
1481,1285964,1285964,-50.09196,Hovasaurus,259.51,251.902,Lopingian,"(259.51, 251.902)"
1482,1285964,1285964,-50.09196,Hovasaurus,259.51,251.902,Lopingian,"(259.51, 251.902)"
1483,1285964,1285964,-50.09196,Hovasaurus,259.51,251.902,Lopingian,"(259.51, 251.902)"
1484,1285964,1285964,-50.09196,Hovasaurus,259.51,251.902,Lopingian,"(259.51, 251.902)"
1485,1285964,1285964,-50.09196,Hovasaurus,259.51,251.902,Lopingian,"(259.51, 251.902)"
1486,1285964,1285964,-50.09196,Hovasaurus,259.51,251.902,Lopingian,"(259.51, 251.902)"
1487,1285964,1285964,-50.09196,Hovasaurus,259.51,251.902,Lopingian,"(259.51, 251.902)"
1488,1285964,1285964,-50.09196,Hovasaurus,259.51,251.902,Lopingian,"(259.51, 251.902)"
1489,1285964,1285964,-50.09196,Hovasaurus,259.51,251.902,Lopingian,"(259.51, 251.902)"
1490,1285964,1285964,-50.09196,Hovasaurus,259.51,251.902,Lopingian,"(259.51, 251.902)"
1491,1285964,1285964,-50.09196,Hovasaurus,259.51,251.902,Lopingian,"(259.51, 251.902)"
1492,1285964,1285964,-50.09196,Hovasaurus,259.51,251.902,Lopingian,"(259.51, 251.902)"
1493,1285964,1285964,-50.09196,Hovasaurus,259.51,251.902,Lopingian,"(259.51, 251.902)"
1494,1285964,1285964,-50.09196,Hovasaurus,259.51,251.902,Lopingian,"(259.51, 251.902)"
1495,1285964,1285964,-50.09196,Hovasaurus,259.51,251.902,Lopingian,"(259.51, 251.902)"
1496,1285964,1285964,-50.09196,Hovasaurus,259.51,251.902,Lopingian,"(259.51, 251.902)"
1497,1285964,1285964,-50.09196,Hovasaurus,259.51,251.902,Lopingian,"(259.51, 251.902)"
1498,1285964,1285964,-50.09196,Hovasaurus,259.51,251.902,Lopingian,"(259.51, 251.902)"
1499,1285964,1285964,-50.09196,Hovasaurus,259.51,251.902,Lopingian,"(259.51, 251.902)"
1500,1285964,1285964,-50.09196,Hovasaurus,259.51,251.902,Lopingian,"(259.51, 251.902)"
1501,1285964,1285964,-50.09196,Hovasaurus,259.51,251.902,Lopingian,"(259.51, 251.902)"
1502,1285964,1285964,-50.09196,Hovasaurus,259.51,251.902,Lopingian,"(259.51, 251.902)"
1503,1285964,1285964,-50.09196,Hovasaurus,259.51,251.902,Lopingian,"(259.51, 251.902)"
1504,1285964,1285964,-50.09196,Hovasaurus,259.51,251.902,Lopingian,"(259.51, 251.902)"
1505,1285964,1285964,-50.09196,Hovasaurus,259.51,251.902,Lopingian,"(259.51, 251.902)"
1506,1285964,1285964,-50.09196,Hovasaurus,259.51,251.902,Lopingian,"(259.51, 251.902)"
1507,1285964,1285964,-50.09196,Hovasaurus,259.51,251.902,Lopingian,"(259.51, 251.902)"
1508,1285964,1285964,-50.09196,Hovasaurus,259.51,251.902,Lopingian,"(259.51, 251.902)"
1509,1285964,1285964,-50.09196,Hovasaurus,259.51,251.902,Lopingian,"(259.51, 251.902)"
1510,1285964,1285964,-50.09196,Hovasaurus,259.51,251.902,Lopingian,"(259.51, 251.902)"
1511,1285964,1285964,-50.09196,Hovasaurus,259.51,251.902,Lopingian,"(259.51, 251.902)"
1512,1285964,1285964,-50.09196,Hovasaurus,259.51,251.902,Lopingian,"(259.51, 251.902)"
1513,1285964,1285964,-50.09196,Hovasaurus,259.51,251.902,Lopingian,"(259.51, 251.902)"
1514,1285964,1285964,-50.09196,Hovasaurus,259.51,251.902,Lopingian,"(259.51, 251.902)"
1515,1285964,1285964,-50.09196,Hovasaurus,259.51,251.902,Lopingian,"(259.51, 251.902)"
1516,1285964,1285964,-50.09196,Hovasaurus,259.51,251.902,Lopingian,"(259.51, 251.902)"
1517,1285964,1285964,-50.09196,Hovasaurus,259.51,251.902,Lopingian,"(259.51, 251.902)"
1518,1285964,1285964,-50.09196,Hovasaurus,259.51,251.902,Lopingian,"(259.51, 251.902)"
1519,1285964,1285964,-50.09196,Hovasaurus,259.51,251.902,Lopingian,"(259.51, 251.902)"
1520,1285964,1285964,-50.09196,Hovasaurus,259.51,251.902,Lopingian,"(259.51, 251.902)"
1521,1285964,1285964,-50.09196,Hovasaurus,259.51,251.902,Lopingian,"(259.51, 251.902)"
1522,1285964,1285964,-50.09196,Hovasaurus,259.51,251.902,Lopingian,"(259.51, 251.902)"
1523,1285964,1285964,-50.09196,Hovasaurus,259.51,251.902,Lopingian,"(259.51, 251.902)"
1524,1285964,1285964,-50.09196,Hovasaurus,259.51,251.902,Lopingian,"(259.51, 251.902)"
1525,1285964,1285964,-50.09196,Hovasaurus,259.51,251.902,Lopingian,"(259.51, 251.902)"
1526,1285964,1285964,-50.09196,Hovasaurus,259.51,251.902,Lopingian,"(259.51, 251.902)"
1527,1285964,1285964,-50.09196,Hovasaurus,259.51,251.902,Lopingian,"(259.51, 251.902)"
1528,1285964,1285964,-50.09196,Hovasaurus,259.51,251.902,Lopingian,"(259.51, 251.902)"
1529,1285964,1285964,-50.09196,Hovasaurus,259.51,251.902,Lopingian,"(259.51, 251.902)"
1530,1285964,1285964,-50.09196,Hovasaurus,259.51,251.902,Lopingian,"(259.51, 251.902)"
1531,1285964,1285964,-50.09196,Hovasaurus,259.51,251.902,Lopingian,"(259.51, 251.902)"
1532,1285964,1285964,-50.09196,Hovasaurus,259.51,251.902,Lopingian,"(259.51, 251.902)"
1533,1285964,1285964,-50.09196,Hovasaurus,259.51,251.902,Lopingian,"(259.51, 251.902)"
1534,1285964,1285964,-50.09196,Hovasaurus,259.51,251.902,Lopingian,"(259.51, 251.902)"
1535,1285964,1285964,-50.09196,Hovasaurus,259.51,251.902,Lopingian,"(259.51, 251.902)"
1536,1285964,1285964,-50.09196,Hovasaurus,259.51,251.902,Lopingian,"(259.51, 251.902)"
1537,1285964,1285964,-50.09196,Hovasaurus,259.51,251.902,Lopingian,"(259.51, 251.902)"
1538,1285964,1285964,-50.09196,Hovasaurus,259.51,251.902,Lopingian,"(259.51, 251.902)"
1539,1285964,1285964,-50.09196,Hovasaurus,259.51,251.902,Lopingian,"(259.51, 251.902)"
1540,1285964,1285964,-50.09196,Hovasaurus,259.51,251.902,Lopingian,"(259.51, 251.902)"
1541,1285964,1285964,-50.09196,Hovasaurus,259.51,251.902,Lopingian,"(259.51, 251.902)"
1542,1285964,1285964,-50.09196,Hovasaurus,259.51,251.902,Lopingian,"(259.51, 251.902)"
1543,1285964,1285964,-50.09196,Hovasaurus,259.51,251.902,Lopingian,"(259.51, 251.902)"
1544,1285964,1285964,-50.09196,Hovasaurus,259.51,251.902,Lopingian,"(259.51, 251.902)"
1545,1285964,1285964,-50.09196,Hovasaurus,259.51,251.902,Lopingian,"(259.51, 251.902)"
1546,1285964,1285964,-50.09196,Hovasaurus,259.51,251.902,Lopingian,"(259.51, 251.902)"
1547,1285964,1285964,-50.09196,Hovasaurus,259.51,251.902,Lopingian,"(259.51, 251.902)"
1548,1285964,1285964,-50.09196,Hovasaurus,259.51,251.902,Lopingian,"(259.51, 251.902)"
1549,1285964,1285964,-50.09196,Hovasaurus,259.51,251.902,Lopingian,"(259.51, 251.902)"
1550,1285964,1285964,-50.09196,Hovasaurus,259.51,251.902,Lopingian,"(259.51, 251.902)"
1551,1285964,1285964,-50.09196,Hovasaurus,259.51,251.902,Lopingian,"(259.51, 251.902)"
1552,1285964,1285964,-50.09196,Hovasaurus,259.51,251.902,Lopingian,"(259.51, 251.902)"
1553,1285964,1285964,-50.09196,Hovasaurus,259.51,251.902,Lopingian,"(259.51, 251.902)"
1554,1285964,1285964,-50.09196,Hovasaurus,259.51,251.902,Lopingian,"(259.51, 251.902)"
1555,1285964,1285964,-50.09196,Hovasaurus,259.51,251.902,Lopingian,"(259.51, 251.902)"
1556,1285964,1285964,-50.09196,Hovasaurus,259.51,251.902,Lopingian,"(259.51, 251.902)"
1557,1285964,1285964,-50.09196,Hovasaurus,259.51,251.902,Lopingian,"(259.51, 251.902)"
1558,1285964,1285964,-50.09196,Hovasaurus,259.51,251.902,Lopingian,"(259.51, 251.902)"
1559,1285964,1285964,-50.09196,Hovasaurus,259.51,251.902,Lopingian,"(259.51, 251.902)"
1560,1285964,1285964,-50.09196,Hovasaurus,259.51,251.902,Lopingian,"(259.51, 251.902)"
1561,1285964,1285964,-50.09196,Hovasaurus,259.51,251.902,Lopingian,"(259.51, 251.902)"
1562,1285964,1285964,-50.09196,Hovasaurus,259.51,251.902,Lopingian,"(259.51, 251.902)"
1563,1285964,1285964,-50.09196,Hovasaurus,259.51,251.902,Lopingian,"(259.51, 251.902)"
1564,1285964,1285964,-50.09196,Hovasaurus,259.51,251.902,Lopingian,"(259.51, 251.902)"
1565,1285964,1285964,-50.09196,Hovasaurus,259.51,251.902,Lopingian,"(259.51, 251.902)"
1566,1285964,1285964,-50.09196,Hovasaurus,259.51,251.902,Lopingian,"(259.51, 251.902)"
1567,1285964,1285964,-50.09196,Hovasaurus,259.51,251.902,Lopingian,"(259.51, 251.902)"
1568,1285964,1285964,-50.09196,Hovasaurus,259.51,251.902,Lopingian,"(259.51, 251.902)"
1569,1285964,1285964,-50.09196,Hovasaurus,259.51,251.902,Lopingian,"(259.51, 251.902)"
1570,1285964,1285964,-50.09196,Hovasaurus,259.51,251.902,Lopingian,"(259.51, 251.902)"
1571,1285964,1285964,-50.09196,Hovasaurus,259.51,251.902,Lopingian,"(259.51, 251.902)"
1572,1285964,1285964,-50.09196,Hovasaurus,259.51,251.902,Lopingian,"(259.51, 251.902)"
1573,1285964,1285964,-50.09196,Hovasaurus,259.51,251.902,Lopingian,"(259.51, 251.902)"
1574,1285964,1285964,-50.09196,Hovasaurus,259.51,251.902,Lopingian,"(259.51, 251.902)"
1575,1285964,1285964,-50.09196,Hovasaurus,259.51,251.902,Lopingian,"(259.51, 251.902)"
1576,1285964,1285964,-50.09196,Hovasaurus,259.51,251.902,Lopingian,"(259.51, 251.902)"
1577,1285964,1285964,-50.09196,Hovasaurus,259.51,251.902,Lopingian,"(259.51, 251.902)"
1578,1285964,1285964,-50.09196,Hovasaurus,259.51,251.902,Lopingian,"(259.51, 251.902)"
1579,1285964,1285964,-50.09196,Hovasaurus,259.51,251.902,Lopingian,"(259.51, 251.902)"
1580,1285964,1285964,-50.09196,Hovasaurus,259.51,251.902,Lopingian,"(259.51, 251.902)"
1581,1285964,1285964,-50.09196,Hovasaurus,259.51,251.902,Lopingian,"(259.51, 251.902)"
1582,1285964,1285964,-50.09196,Hovasaurus,259.51,251.902,Lopingian,"(259.51, 251.902)"
1583,1285964,1285964,-50.09196,Hovasaurus,259.51,251.902,Lopingian,"(259.51, 251.902)"
1584,1285964,1285964,-50.09196,Hovasaurus,259.51,251.902,Lopingian,"(259.51, 251.902)"
1585,1285964,1285964,-50.09196,Hovasaurus,259.51,251.902,Lopingian,"(259.51, 251.902)"
1586,1285964,1285964,-50.09196,Hovasaurus,259.51,251.902,Lopingian,"(259.51, 251.902)"
1587,1285964,1285964,-50.09196,Hovasaurus,259.51,251.902,Lopingian,"(259.51, 251.902)"
1588,1285964,1285964,-50.09196,Hovasaurus,259.51,251.902,Lopingian,"(259.51, 251.902)"
1589,1285964,1285964,-50.09196,Hovasaurus,259.51,251.902,Lopingian,"(259.51, 251.902)"
1590,1285964,1285964,-50.09196,Hovasaurus,259.51,251.902,Lopingian,"(259.51, 251.902)"
1591,1285964,1285964,-50.09196,Hovasaurus,259.51,251.902,Lopingian,"(259.51, 251.902)"
1592,1285964,1285964,-50.09196,Hovasaurus,259.51,251.902,Lopingian,"(259.51, 251.902)"
1593,1285964,1285964,-50.09196,Hovasaurus,259.51,251.902,Lopingian,"(259.51, 251.902)"
1594,1285964,1285964,-50.09196,Hovasaurus,259.51,251.902,Lopingian,"(259.51, 251.902)"
1595,1285964,1285964,-50.09196,Hovasaurus,259.51,251.902,Lopingian,"(259.51, 251.902)"
1596,1285964,1285964,-50.09196,Hovasaurus,259.51,251.902,Lopingian,"(259.51, 251.902)"
1597,1285964,1285964,-50.09196,Hovasaurus,259.51,251.902,Lopingian,"(259.51, 251.902)"
1598,1285964,1285964,-50.09196,Hovasaurus,259.51,251.902,Lopingian,"(259.51, 251.902)"
1599,1285964,1285964,-50.09196,Hovasaurus,259.51,251.902,Lopingian,"(259.51, 251.902)"
1600,1285964,1285964,-50.09196,Hovasaurus,259.51,251.902,Lopingian,"(259.51, 251.902)"
1601,1285964,1285964,-50.09196,Hovasaurus,259.51,251.902,Lopingian,"(259.51, 251.902)"
1602,1285964,1285964,-50.09196,Hovasaurus,259.51,251.902,Lopingian,"(259.51, 251.902)"
1603,1285964,1285964,-50.09196,Hovasaurus,259.51,251.902,Lopingian,"(259.51, 251.902)"
1604,1285964,1285964,-50.09196,Hovasaurus,259.51,251.902,Lopingian,"(259.51, 251.902)"
1605,1285964,1285964,-50.09196,Hovasaurus,259.51,251.902,Lopingian,"(259.51, 251.902)"
1606,1285964,1285964,-50.09196,Hovasaurus,259.51,251.902,Lopingian,"(259.51, 251.902)"
1607,1285964,1285964,-50.09196,Hovasaurus,259.51,251.902,Lopingian,"(259.51, 251.902)"
1608,1285964,1285964,-50.09196,Hovasaurus,259.51,251.902,Lopingian,"(259.51, 251.902)"
1609,1285964,1285964,-50.09196,Hovasaurus,259.51,251.902,Lopingian,"(259.51, 251.902)"
1610,1285964,1285964,-50.09196,Hovasaurus,259.51,251.902,Lopingian,"(259.51, 251.902)"
1611,1285964,1285964,-50.09196,Hovasaurus,259.51,251.902,Lopingian,"(259.51, 251.902)"
1612,1285964,1285964,-50.09196,Hovasaurus,259.51,251.902,Lopingian,"(259.51, 251.902)"
1613,1285964,1285964,-50.09196,Hovasaurus,259.51,251.902,Lopingian,"(259.51, 251.902)"
1614,1285964,1285964,-50.09196,Hovasaurus,259.51,251.902,Lopingian,"(259.51, 251.902)"
1615,1285964,1285964,-50.09196,Hovasaurus,259.51,251.902,Lopingian,"(259.51, 251.902)"
1616,1285964,1285964,-50.09196,Hovasaurus,259.51,251.902,Lopingian,"(259.51, 251.902)"
1617,1285964,1285964,-50.09196,Hovasaurus,259.51,251.902,Lopingian,"(259.51, 251.902)"
1618,1285964,1285964,-50.09196,Hovasaurus,259.51,251.902,Lopingian,"(259.51, 251.902)"
1619,1285964,1285964,-50.09196,Hovasaurus,259.51,251.902,Lopingian,"(259.51, 251.902)"
1620,1285964,1285964,-50.09196,Hovasaurus,259.51,251.902,Lopingian,"(259.51, 251.902)"
1621,1285964,1285964,-50.09196,Hovasaurus,259.51,251.902,Lopingian,"(259.51, 251.902)"
1622,1285964,1285964,-50.09196,Hovasaurus,259.51,251.902,Lopingian,"(259.51, 251.902)"
1623,1285964,1285964,-50.09196,Hovasaurus,259.51,251.902,Lopingian,"(259.51, 251.902)"
1624,1285964,1285964,-50.09196,Hovasaurus,259.51,251.902,Lopingian,"(259.51, 251.902)"
1625,1285964,1285964,-50.09196,Hovasaurus,259.51,251.902,Lopingian,"(259.51, 251.902)"
1626,1285964,1285964,-50.09196,Hovasaurus,259.51,251.902,Lopingian,"(259.51, 251.902)"
1627,1285964,1285964,-50.09196,Hovasaurus,259.51,251.902,Lopingian,"(259.51, 251.902)"
1628,1285964,1285964,-50.09196,Hovasaurus,259.51,251.902,Lopingian,"(259.51, 251.902)"
1629,1285964,1285964,-50.09196,Hovasaurus,259.51,251.902,Lopingian,"(259.51, 251.902)"
1630,1285964,1285964,-50.09196,Hovasaurus,259.51,251.902,Lopingian,"(259.51, 251.902)"
1631,1285964,1285964,-50.09196,Hovasaurus,259.51,251.902,Lopingian,"(259.51, 251.902)"
1632,1285964,1285964,-50.09196,Hovasaurus,259.51,251.902,Lopingian,"(259.51, 251.902)"
1633,1285964,1285964,-50.09196,Hovasaurus,259.51,251.902,Lopingian,"(259.51, 251.902)"
1634,1285964,1285964,-50.09196,Hovasaurus,259.51,251.902,Lopingian,"(259.51, 251.902)"
1635,1285964,1285964,-50.09196,Hovasaurus,259.51,251.902,Lopingian,"(259.51, 251.902)"
1636,1285964,1285964,-50.09196,Hovasaurus,259.51,251.902,Lopingian,"(259.51, 251.902)"
1637,1285964,1285964,-50.09196,Hovasaurus,259.51,251.902,Lopingian,"(259.51, 251.902)"
1638,1285964,1285964,-50.09196,Hovasaurus,259.51,251.902,Lopingian,"(259.51, 251.902)"
1639,1285964,1285964,-50.09196,Hovasaurus,259.51,251.902,Lopingian,"(259.51, 251.902)"
1640,1285964,1285964,-50.09196,Hovasaurus,259.51,251.902,Lopingian,"(259.51, 251.902)"
1641,1285964,1285964,-50.09196,Hovasaurus,259.51,251.902,Lopingian,"(259.51, 251.902)"
1642,1285964,1285964,-50.09196,Hovasaurus,259.51,251.902,Lopingian,"(259.51, 251.902)"
1643,1285964,1285964,-50.09196,Hovasaurus,259.51,251.902,Lopingian,"(259.51, 251.902)"
1644,1285964,1285964,-50.09196,Hovasaurus,259.51,251.902,Lopingian,"(259.51, 251.902)"
1645,1285964,1285964,-50.09196,Hovasaurus,259.51,251.902,Lopingian,"(259.51, 251.902)"
1646,1285964,1285964,-50.09196,Hovasaurus,259.51,251.902,Lopingian,"(259.51, 251.902)"
1647,1285964,1285964,-50.09196,Hovasaurus,259.51,251.902,Lopingian,"(259.51, 251.902)"
1648,1285964,1285964,-50.09196,Hovasaurus,259.51,251.902,Lopingian,"(259.51, 251.902)"
1649,1285964,1285964,-50.09196,Hovasaurus,259.51,251.902,Lopingian,"(259.51, 251.902)"
1650,1285964,1285964,-50.09196,Hovasaurus,259.51,251.902,Lopingian,"(259.51, 251.902)"
1651,1285964,1285964,-50.09196,Hovasaurus,259.51,251.902,Lopingian,"(259.51, 251.902)"
1652,1285964,1285964,-50.09196,Hovasaurus,259.51,251.902,Lopingian,"(259.51, 251.902)"
1653,1285964,1285964,-50.09196,Hovasaurus,259.51,251.902,Lopingian,"(259.51, 251.902)"
1654,1285964,1285964,-50.09196,Hovasaurus,259.51,251.902,Lopingian,"(259.51, 251.902)"
1655,1285964,1285964,-50.09196,Hovasaurus,259.51,251.902,Lopingian,"(259.51, 251.902)"
1656,1285964,1285964,-50.09196,Hovasaurus,259.51,251.902,Lopingian,"(259.51, 251.902)"
1657,1285964,1285964,-50.09196,Hovasaurus,259.51,251.902,Lopingian,"(259.51, 251.902)"
1658,1285964,1285964,-50.09196,Hovasaurus,259.51,251.902,Lopingian,"(259.51, 251.902)"
1659,1285964,1285964,-50.09196,Hovasaurus,259.51,251.902,Lopingian,"(259.51, 251.902)"
1660,1285964,1285964,-50.09196,Hovasaurus,259.51,251.902,Lopingian,"(259.51, 251.902)"
1661,1285964,1285964,-50.09196,Hovasaurus,259.51,251.902,Lopingian,"(259.51, 251.902)"
1662,1285964,1285964,-50.09196,Hovasaurus,259.51,251.902,Lopingian,"(259.51, 251.902)"
1663,1285964,1285964,-50.09196,Hovasaurus,259.51,251.902,Lopingian,"(259.51, 251.902)"
1664,1285964,1285964,-50.09196,Hovasaurus,259.51,251.902,Lopingian,"(259.51, 251.902)"
1665,1285964,1285964,-50.09196,Hovasaurus,259.51,251.902,Lopingian,"(259.51, 251.902)"
1666,1285964,1285964,-50.09196,Hovasaurus,259.51,251.902,Lopingian,"(259.51, 251.902)"
1667,1285964,1285964,-50.09196,Hovasaurus,259.51,251.902,Lopingian,"(259.51, 251.902)"
1668,1285964,1285964,-50.09196,Hovasaurus,259.51,251.902,Lopingian,"(259.51, 251.902)"
1669,1285964,1285964,-50.09196,Hovasaurus,259.51,251.902,Lopingian,"(259.51, 251.902)"
1670,1285964,1285964,-50.09196,Hovasaurus,259.51,251.902,Lopingian,"(259.51, 251.902)"
1671,1285964,1285964,-50.09196,Hovasaurus,259.51,251.902,Lopingian,"(259.51, 251.902)"
1672,1285964,1285964,-50.09196,Hovasaurus,259.51,251.902,Lopingian,"(259.51, 251.902)"
1673,1285964,1285964,-50.09196,Hovasaurus,259.51,251.902,Lopingian,"(259.51, 251.902)"
1674,1285964,1285964,-50.09196,Hovasaurus,259.51,251.902,Lopingian,"(259.51, 251.902)"
1675,1285964,1285964,-50.09196,Hovasaurus,259.51,251.902,Lopingian,"(259.51, 251.902)"
1676,1285964,1285964,-50.09196,Hovasaurus,259.51,251.902,Lopingian,"(259.51, 251.902)"
1677,1285964,1285964,-50.09196,Hovasaurus,259.51,251.902,Lopingian,"(259.51, 251.902)"
1678,1285964,1285964,-50.09196,Hovasaurus,259.51,251.902,Lopingian,"(259.51, 251.902)"
1679,1285964,1285964,-50.09196,Hovasaurus,259.51,251.902,Lopingian,"(259.51, 251.902)"
1680,1285964,1285964,-50.09196,Hovasaurus,259.51,251.902,Lopingian,"(259.51, 251.902)"
1681,1285964,1285964,-50.09196,Hovasaurus,259.51,251.902,Lopingian,"(259.51, 251.902)"
1682,1285964,1285964,-50.09196,Hovasaurus,259.51,251.902,Lopingian,"(259.51, 251.902)"
1683,1285964,1285964,-50.09196,Hovasaurus,259.51,251.902,Lopingian,"(259.51, 251.902)"
1684,1285964,1285964,-50.09196,Hovasaurus,259.51,251.902,Lopingian,"(259.51, 251.902)"
1685,1285964,1285964,-50.09196,Hovasaurus,259.51,251.902,Lopingian,"(259.51, 251.902)"
1686,1285964,1285964,-50.09196,Hovasaurus,259.51,251.902,Lopingian,"(259.51, 251.902)"
1687,1285964,1285964,-50.09196,Hovasaurus,259.51,251.902,Lopingian,"(259.51, 251.902)"
1688,1285964,1285964,-50.09196,Hovasaurus,259.51,251.902,Lopingian,"(259.51, 251.902)"
1689,1285964,1285964,-50.09196,Hovasaurus,259.51,251.902,Lopingian,"(259.51, 251.902)"
1690,1285964,1285964,-50.09196,Hovasaurus,259.51,251.902,Lopingian,"(259.51, 251.902)"
1691,1285964,1285964,-50.09196,Hovasaurus,259.51,251.902,Lopingian,"(259.51, 251.902)"
1692,1285964,1285964,-50.09196,Hovasaurus,259.51,251.902,Lopingian,"(259.51, 251.902)"
1693,1285964,1285964,-50.09196,Hovasaurus,259.51,251.902,Lopingian,"(259.51, 251.902)"
1694,1285964,1285964,-50.09196,Hovasaurus,259.51,251.902,Lopingian,"(259.51, 251.902)"
1695,1285964,1285964,-50.09196,Hovasaurus,259.51,251.902,Lopingian,"(259.51, 251.902)"
1696,1285964,1285964,-50.09196,Hovasaurus,259.51,251.902,Lopingian,"(259.51, 251.902)"
1697,1285964,1285964,-50.09196,Hovasaurus,259.51,251.902,Lopingian,"(259.51, 251.902)"
1698,1285964,1285964,-50.09196,Hovasaurus,259.51,251.902,Lopingian,"(259.51, 251.902)"
1699,1285964,1285964,-50.09196,Hovasaurus,259.51,251.902,Lopingian,"(259.51, 251.902)"
1700,1285964,1285964,-50.09196,Hovasaurus,259.51,251.902,Lopingian,"(259.51, 251.902)"
1701,1285964,1285964,-50.09196,Hovasaurus,259.51,251.902,Lopingian,"(259.51, 251.902)"
1702,1285964,1285964,-50.09196,Hovasaurus,259.51,251.902,Lopingian,"(259.51, 251.902)"
1703,1285964,1285964,-50.09196,Hovasaurus,259.51,251.902,Lopingian,"(259.51, 251.902)"
1704,1285964,1285964,-50.09196,Hovasaurus,259.51,251.902,Lopingian,"(259.51, 251.902)"
1705,1285964,1285964,-50.09196,Hovasaurus,259.51,251.902,Lopingian,"(259.51, 251.902)"
1706,1285964,1285964,-50.09196,Hovasaurus,259.51,251.902,Lopingian,"(259.51, 251.902)"
1707,1285964,1285964,-50.09196,Hovasaurus,259.51,251.902,Lopingian,"(259.51, 251.902)"
1708,1285964,1285964,-50.09196,Hovasaurus,259.51,251.902,Lopingian,"(259.51, 251.902)"
1709,1285964,1285964,-50.09196,Hovasaurus,259.51,251.902,Lopingian,"(259.51, 251.902)"
1710,1285964,1285964,-50.09196,Hovasaurus,259.51,251.902,Lopingian,"(259.51, 251.902)"
1711,1285964,1285964,-50.09196,Hovasaurus,259.51,251.902,Lopingian,"(259.51, 251.902)"
1712,1285964,1285964,-50.09196,Hovasaurus,259.51,251.902,Lopingian,"(259.51, 251.902)"
1713,1285964,1285964,-50.09196,Hovasaurus,259.51,251.902,Lopingian,"(259.51, 251.902)"
1714,1285964,1285964,-50.09196,Hovasaurus,259.51,251.902,Lopingian,"(259.51, 251.902)"
1715,1285964,1285964,-50.09196,Hovasaurus,259.51,251.902,Lopingian,"(259.51, 251.902)"
1716,1285964,1285964,-50.09196,Hovasaurus,259.51,251.902,Lopingian,"(259.51, 251.902)"
1717,1285964,1285964,-50.09196,Hovasaurus,259.51,251.902,Lopingian,"(259.51, 251.902)"
1718,1285964,1285964,-50.09196,Hovasaurus,259.51,251.902,Lopingian,"(259.51, 251.902)"
1719,1285964,1285964,-50.09196,Hovasaurus,259.51,251.902,Lopingian,"(259.51, 251.902)"
1720,1285964,1285964,-50.09196,Hovasaurus,259.51,251.902,Lopingian,"(259.51, 251.902)"
1721,1285964,1285964,-50.09196,Hovasaurus,259.51,251.902,Lopingian,"(259.51, 251.902)"
1722,1285964,1285964,-50.09196,Hovasaurus,259.51,251.902,Lopingian,"(259.51, 251.902)"
1723,1285964,1285964,-50.09196,Hovasaurus,259.51,251.902,Lopingian,"(259.51, 251.902)"
1724,1285964,1285964,-50.09196,Hovasaurus,259.51,251.902,Lopingian,"(259.51, 251.902)"
1725,1285964,1285964,-50.09196,Hovasaurus,259.51,251.902,Lopingian,"(259.51, 251.902)"
1726,1285964,1285964,-50.09196,Hovasaurus,259.51,251.902,Lopingian,"(259.51, 251.902)"
1727,1285964,1285964,-50.09196,Hovasaurus,259.51,251.902,Lopingian,"(259.51, 251.902)"
1728,1285964,1285964,-50.09196,Hovasaurus,259.51,251.902,Lopingian,"(259.51, 251.902)"
1729,1285964,1285964,-50.09196,Hovasaurus,259.51,251.902,Lopingian,"(259.51, 251.902)"
1730,1285964,1285964,-50.09196,Hovasaurus,259.51,251.902,Lopingian,"(259.51, 251.902)"
1731,1285964,1285964,-50.09196,Hovasaurus,259.51,251.902,Lopingian,"(259.51, 251.902)"
1732,1285964,1285964,-50.09196,Hovasaurus,259.51,251.902,Lopingian,"(259.51, 251.902)"
1733,1285964,1285964,-50.09196,Hovasaurus,259.51,251.902,Lopingian,"(259.51, 251.902)"
1734,1285964,1285964,-50.09196,Hovasaurus,259.51,251.902,Lopingian,"(259.51, 251.902)"
1735,1285964,1285964,-50.09196,Hovasaurus,259.51,251.902,Lopingian,"(259.51, 251.902)"
1736,1285964,1285964,-50.09196,Hovasaurus,259.51,251.902,Lopingian,"(259.51, 251.902)"
1737,1285964,1285964,-50.09196,Hovasaurus,259.51,251.902,Lopingian,"(259.51, 251.902)"
1738,1285964,1285964,-50.09196,Hovasaurus,259.51,251.902,Lopingian,"(259.51, 251.902)"
1739,1285964,1285964,-50.09196,Hovasaurus,259.51,251.902,Lopingian,"(259.51, 251.902)"
1740,1285964,1285964,-50.09196,Hovasaurus,259.51,251.902,Lopingian,"(259.51, 251.902)"
1741,1285964,1285964,-50.09196,Hovasaurus,259.51,251.902,Lopingian,"(259.51, 251.902)"
1742,1285964,1285964,-50.09196,Hovasaurus,259.51,251.902,Lopingian,"(259.51, 251.902)"
1743,1285964,1285964,-50.09196,Hovasaurus,259.51,251.902,Lopingian,"(259.51, 251.902)"
1744,1285964,1285964,-50.09196,Hovasaurus,259.51,251.902,Lopingian,"(259.51, 251.902)"
1745,1285964,1285964,-50.09196,Hovasaurus,259.51,251.902,Lopingian,"(259.51, 251.902)"
1746,1285964,1285964,-50.09196,Hovasaurus,259.51,251.902,Lopingian,"(259.51, 251.902)"
1747,1285964,1285964,-50.09196,Hovasaurus,259.51,251.902,Lopingian,"(259.51, 251.902)"
1748,1285964,1285964,-50.09196,Hovasaurus,259.51,251.902,Lopingian,"(259.51, 251.902)"
1749,1285964,1285964,-50.09196,Hovasaurus,259.51,251.902,Lopingian,"(259.51, 251.902)"
1750,1285964,1285964,-50.09196,Hovasaurus,259.51,251.902,Lopingian,"(259.51, 251.902)"
1751,1285964,1285964,-50.09196,Hovasaurus,259.51,251.902,Lopingian,"(259.51, 251.902)"
1752,1285964,1285964,-50.09196,Hovasaurus,259.51,251.902,Lopingian,"(259.51, 251.902)"
1753,1285964,1285964,-50.09196,Hovasaurus,259.51,251.902,Lopingian,"(259.51, 251.902)"
1754,1285964,1285964,-50.09196,Hovasaurus,259.51,251.902,Lopingian,"(259.51, 251.902)"
1755,1285964,1285964,-50.09196,Hovasaurus,259.51,251.902,Lopingian,"(259.51, 251.902)"
1756,1285964,1285964,-50.09196,Hovasaurus,259.51,251.902,Lopingian,"(259.51, 251.902)"
1757,1285964,1285964,-50.09196,Hovasaurus,259.51,251.902,Lopingian,"(259.51, 251.902)"
1758,1285964,1285964,-50.09196,Hovasaurus,259.51,251.902,Lopingian,"(259.51, 251.902)"
1759,1285964,1285964,-50.09196,Hovasaurus,259.51,251.902,Lopingian,"(259.51, 251.902)"
1760,1285964,1285964,-50.09196,Hovasaurus,259.51,251.902,Lopingian,"(259.51, 251.902)"
1761,1285964,1285964,-50.09196,Hovasaurus,259.51,251.902,Lopingian,"(259.51, 251.902)"
1762,1285964,1285964,-50.09196,Hovasaurus,259.51,251.902,Lopingian,"(259.51, 251.902)"
1763,1285964,1285964,-50.09196,Hovasaurus,259.51,251.902,Lopingian,"(259.51, 251.902)"
1764,1285964,1285964,-50.09196,Hovasaurus,259.51,251.902,Lopingian,"(259.51, 251.902)"
1765,1285964,1285964,-50.09196,Hovasaurus,259.51,251.902,Lopingian,"(259.51, 251.902)"
1766,1285964,1285964,-50.09196,Hovasaurus,259.51,251.902,Lopingian,"(259.51, 251.902)"
1767,1285964,1285964,-50.09196,Hovasaurus,259.51,251.902,Lopingian,"(259.51, 251.902)"
1768,1285964,1285964,-50.09196,Hovasaurus,259.51,251.902,Lopingian,"(259.51, 251.902)"
1769,1285964,1285964,-50.09196,Hovasaurus,259.51,251.902,Lopingian,"(259.51, 251.902)"
1770,1285964,1285964,-50.09196,Hovasaurus,259.51,251.902,Lopingian,"(259.51, 251.902)"
1771,1304576,1304576,-60.85079,Owenetta,259.51,251.902,Lopingian,"(259.51, 251.902)"
1772,1304576,1304576,-60.85079,Owenetta,259.51,251.902,Lopingian,"(259.51, 251.902)"
1773,1304767,1304767,-63.15948,Owenetta,259.51,251.902,Lopingian,"(259.51, 251.902)"
1774,1310102,1310102,-63.15948,Owenetta,259.51,251.902,Lopingian,"(259.51, 251.902)"
1775,1314179,1314179,-63.15948,Pareiasaurus,259.51,251.902,Lopingian,"(259.51, 251.902)"
1776,1314180,1314180,-63.15948,Spondylolestes,259.51,251.902,Lopingian,"(259.51, 251.902)"
1777,1314298,1314298,-60.85079,Pareiasaurus,259.51,251.902,Lopingian,"(259.51, 251.902)"
1778,1316956,1316956,-60.85079,Owenetta,259.51,251.902,Lopingian,"(259.51, 251.902)"
1779,1320596,1320596,-63.15948,Pareiasaurus,259.51,251.902,Lopingian,"(259.51, 251.902)"
1780,1338339,1338339,-60.85079,Pareiasaurus,259.51,251.902,Lopingian,"(259.51, 251.902)"
1781,1338350,1338350,-60.85079,Pareiasaurus,259.51,251.902,Lopingian,"(259.51, 251.902)"
1782,1338406,1338406,-63.15948,Pareiasaurus,259.51,251.902,Lopingian,"(259.51, 251.902)"
1783,1338904,1338904,-63.15948,Youngina,259.51,251.902,Lopingian,"(259.51, 251.902)"
1784,1406770,1406770,38.44569,Elginia,259.51,251.902,Lopingian,"(259.51, 251.902)"
1785,1418846,1418846,-60.85079,Nanoparia,259.51,251.902,Lopingian,"(259.51, 251.902)"
1786,1605042,1605042,-12.38375,Moradisaurus,259.51,251.902,Lopingian,"(259.51, 251.902)"
1787,N535,N535,-44.98865,Tramuntanasaurus,274.4,266.9,Guadalupian,"(274.4, 266.9)"
1788,N538,N538,1.681402,Kahneria,274.4,266.9,Guadalupian,"(274.4, 266.9)"
1789,789995,789995,45.43791,Rautiania,264.28,256.8,Guadalupian,"(264.28, 256.8)"
1790,789996,789996,45.43791,Rautiania,264.28,256.8,Guadalupian,"(264.28, 256.8)"
1791,837648,837648,44.03487,Scutosaurus,264.28,256.8,Guadalupian,"(264.28, 256.8)"
1792,837649,837649,44.03487,Scutosaurus,264.28,256.8,Guadalupian,"(264.28, 256.8)"
1793,837650,837650,44.03487,Scutosaurus,264.28,256.8,Guadalupian,"(264.28, 256.8)"
1794,837651,837651,44.03487,Scutosaurus,264.28,256.8,Guadalupian,"(264.28, 256.8)"
1795,837652,837652,44.03487,Scutosaurus,264.28,256.8,Guadalupian,"(264.28, 256.8)"
1796,838080,838080,44.03487,Scutosaurus,264.28,256.8,Guadalupian,"(264.28, 256.8)"
1797,838081,838081,44.03487,Scutosaurus,264.28,256.8,Guadalupian,"(264.28, 256.8)"
1798,838081,838081,44.03487,Scutosaurus,264.28,256.8,Guadalupian,"(264.28, 256.8)"
1799,838081,838081,44.03487,Scutosaurus,264.28,256.8,Guadalupian,"(264.28, 256.8)"
1800,838081,838081,44.03487,Scutosaurus,264.28,256.8,Guadalupian,"(264.28, 256.8)"
1801,838081,838081,44.03487,Scutosaurus,264.28,256.8,Guadalupian,"(264.28, 256.8)"
1802,838081,838081,44.03487,Scutosaurus,264.28,256.8,Guadalupian,"(264.28, 256.8)"
1803,838081,838081,44.03487,Scutosaurus,264.28,256.8,Guadalupian,"(264.28, 256.8)"
1804,838081,838081,44.03487,Scutosaurus,264.28,256.8,Guadalupian,"(264.28, 256.8)"
1805,838081,838081,44.03487,Scutosaurus,264.28,256.8,Guadalupian,"(264.28, 256.8)"
1806,838082,838082,42.45765,Obirkovia,264.28,256.8,Guadalupian,"(264.28, 256.8)"
1807,1381716,1381716,39.54136,Scutosaurus,264.28,256.8,Guadalupian,"(264.28, 256.8)"
1808,1382091,1382091,44.03487,Scutosaurus,264.28,256.8,Guadalupian,"(264.28, 256.8)"
1809,1382836,1382836,43.51609,Nyctiphruretus,264.28,256.8,Guadalupian,"(264.28, 256.8)"
1810,1382837,1382837,44.03487,Suchonosaurus,264.28,256.8,Guadalupian,"(264.28, 256.8)"
1811,1417264,1417264,44.08246,Scutosaurus,264.28,256.8,Guadalupian,"(264.28, 256.8)"
1812,733154,733154,-51.32705,Provelosaurus,266.9,259.51,Guadalupian,"(266.9, 259.51)"
1813,1381590,1381590,40.12712,Permotriturus,266.9,264.28,Guadalupian,"(266.9, 264.28)"
1814,1382839,1382839,40.12712,Lanthanosuchus,266.9,264.28,Guadalupian,"(266.9, 264.28)"
1815,146086,146086,35.96879,Kuehneosuchus,208.5,201.4,Late Triassic,"(208.5, 201.4)"
1816,146087,146087,35.96879,Kuehneosaurus,208.5,201.4,Late Triassic,"(208.5, 201.4)"
1817,220086,220086,42.70672,Proganochelys,208.5,201.4,Late Triassic,"(208.5, 201.4)"
1818,220087,220087,42.70672,Liliensternus,208.5,201.4,Late Triassic,"(208.5, 201.4)"
1819,220088,220088,42.70672,Elachistosuchus,208.5,201.4,Late Triassic,"(208.5, 201.4)"
1822,465575,465575,35.96879,Tricuspisaurus,208.5,201.4,Late Triassic,"(208.5, 201.4)"
1823,465579,465579,35.96879,Planocephalosaurus,208.5,201.4,Late Triassic,"(208.5, 201.4)"
1824,465580,465580,35.96879,Haligonia,208.5,201.4,Late Triassic,"(208.5, 201.4)"
1825,465685,465685,35.96879,Variodens,208.5,201.4,Late Triassic,"(208.5, 201.4)"
1826,483867,483867,8.831093,Coelophysis,208.5,201.4,Late Triassic,"(208.5, 201.4)"
1827,483868,483868,8.831093,Machaeroprosopus,208.5,201.4,Late Triassic,"(208.5, 201.4)"
1828,486128,486128,37.62532,Plateosaurus,208.5,201.4,Late Triassic,"(208.5, 201.4)"
1829,486165,486165,34.05859,Camelotia,208.5,201.4,Late Triassic,"(208.5, 201.4)"
1830,486402,486402,37.62532,Plateosaurus,208.5,201.4,Late Triassic,"(208.5, 201.4)"
1831,486407,486407,37.62532,Plateosaurus,208.5,201.4,Late Triassic,"(208.5, 201.4)"
1832,486407,486407,37.62532,Plateosaurus,208.5,201.4,Late Triassic,"(208.5, 201.4)"
1833,486411,486411,42.70672,Plateosaurus,208.5,201.4,Late Triassic,"(208.5, 201.4)"
1834,486411,486411,42.70672,Plateosaurus,208.5,201.4,Late Triassic,"(208.5, 201.4)"
1835,486411,486411,42.70672,Plateosaurus,208.5,201.4,Late Triassic,"(208.5, 201.4)"
1836,486411,486411,42.70672,Plateosaurus,208.5,201.4,Late Triassic,"(208.5, 201.4)"
1837,486411,486411,42.70672,Plateosaurus,208.5,201.4,Late Triassic,"(208.5, 201.4)"
1838,486411,486411,42.70672,Plateosaurus,208.5,201.4,Late Triassic,"(208.5, 201.4)"
1839,486411,486411,42.70672,Plateosaurus,208.5,201.4,Late Triassic,"(208.5, 201.4)"
1840,486411,486411,42.70672,Plateosaurus,208.5,201.4,Late Triassic,"(208.5, 201.4)"
1841,486411,486411,42.70672,Plateosaurus,208.5,201.4,Late Triassic,"(208.5, 201.4)"
1842,486411,486411,42.70672,Plateosaurus,208.5,201.4,Late Triassic,"(208.5, 201.4)"
1843,486411,486411,42.70672,Plateosaurus,208.5,201.4,Late Triassic,"(208.5, 201.4)"
1844,486411,486411,42.70672,Plateosaurus,208.5,201.4,Late Triassic,"(208.5, 201.4)"
1845,486411,486411,42.70672,Plateosaurus,208.5,201.4,Late Triassic,"(208.5, 201.4)"
1846,486411,486411,42.70672,Plateosaurus,208.5,201.4,Late Triassic,"(208.5, 201.4)"
1847,486411,486411,42.70672,Plateosaurus,208.5,201.4,Late Triassic,"(208.5, 201.4)"
1848,486411,486411,42.70672,Plateosaurus,208.5,201.4,Late Triassic,"(208.5, 201.4)"
1849,486411,486411,42.70672,Plateosaurus,208.5,201.4,Late Triassic,"(208.5, 201.4)"
1850,486411,486411,42.70672,Plateosaurus,208.5,201.4,Late Triassic,"(208.5, 201.4)"
1851,486411,486411,42.70672,Plateosaurus,208.5,201.4,Late Triassic,"(208.5, 201.4)"
1852,486411,486411,42.70672,Plateosaurus,208.5,201.4,Late Triassic,"(208.5, 201.4)"
1853,486411,486411,42.70672,Plateosaurus,208.5,201.4,Late Triassic,"(208.5, 201.4)"
1854,486411,486411,42.70672,Plateosaurus,208.5,201.4,Late Triassic,"(208.5, 201.4)"
1855,486411,486411,42.70672,Plateosaurus,208.5,201.4,Late Triassic,"(208.5, 201.4)"
1856,486411,486411,42.70672,Plateosaurus,208.5,201.4,Late Triassic,"(208.5, 201.4)"
1857,486411,486411,42.70672,Plateosaurus,208.5,201.4,Late Triassic,"(208.5, 201.4)"
1858,504266,504266,37.62532,Eudimorphodon,208.5,201.4,Late Triassic,"(208.5, 201.4)"
1859,504276,504276,37.62532,Variodens,208.5,201.4,Late Triassic,"(208.5, 201.4)"
1860,513479,513479,35.96879,Thecodontosaurus,208.5,201.4,Late Triassic,"(208.5, 201.4)"
1861,513479,513479,35.96879,Thecodontosaurus,208.5,201.4,Late Triassic,"(208.5, 201.4)"
1862,513479,513479,35.96879,Thecodontosaurus,208.5,201.4,Late Triassic,"(208.5, 201.4)"
1863,513479,513479,35.96879,Thecodontosaurus,208.5,201.4,Late Triassic,"(208.5, 201.4)"
1864,513479,513479,35.96879,Thecodontosaurus,208.5,201.4,Late Triassic,"(208.5, 201.4)"
1865,513479,513479,35.96879,Thecodontosaurus,208.5,201.4,Late Triassic,"(208.5, 201.4)"
1866,513479,513479,35.96879,Thecodontosaurus,208.5,201.4,Late Triassic,"(208.5, 201.4)"
1867,513479,513479,35.96879,Thecodontosaurus,208.5,201.4,Late Triassic,"(208.5, 201.4)"
1868,513479,513479,35.96879,Thecodontosaurus,208.5,201.4,Late Triassic,"(208.5, 201.4)"
1869,513479,513479,35.96879,Thecodontosaurus,208.5,201.4,Late Triassic,"(208.5, 201.4)"
1870,513479,513479,35.96879,Thecodontosaurus,208.5,201.4,Late Triassic,"(208.5, 201.4)"
1871,513481,513481,35.96879,Diphydontosaurus,208.5,201.4,Late Triassic,"(208.5, 201.4)"
1872,513482,513482,35.96879,Diphydontosaurus,208.5,201.4,Late Triassic,"(208.5, 201.4)"
1873,521674,521674,8.831093,Whitakersaurus,208.5,201.4,Late Triassic,"(208.5, 201.4)"
1874,521679,521679,8.831093,Hesperosuchus,208.5,201.4,Late Triassic,"(208.5, 201.4)"
1875,521679,521679,8.831093,Hesperosuchus,208.5,201.4,Late Triassic,"(208.5, 201.4)"
1876,527467,527467,37.58282,Plateosaurus,208.5,201.4,Late Triassic,"(208.5, 201.4)"
1877,534736,534736,42.70672,Plateosaurus,208.5,201.4,Late Triassic,"(208.5, 201.4)"
1878,534770,534770,35.96879,Asylosaurus,208.5,201.4,Late Triassic,"(208.5, 201.4)"
1879,534770,534770,35.96879,Asylosaurus,208.5,201.4,Late Triassic,"(208.5, 201.4)"
1880,534770,534770,35.96879,Asylosaurus,208.5,201.4,Late Triassic,"(208.5, 201.4)"
1881,534770,534770,35.96879,Asylosaurus,208.5,201.4,Late Triassic,"(208.5, 201.4)"
1882,534770,534770,35.96879,Asylosaurus,208.5,201.4,Late Triassic,"(208.5, 201.4)"
1883,534770,534770,35.96879,Asylosaurus,208.5,201.4,Late Triassic,"(208.5, 201.4)"
1884,534971,534971,8.831093,Drepanosaurus,208.5,201.4,Late Triassic,"(208.5, 201.4)"
1885,558388,558388,35.96879,Camelotia,208.5,201.4,Late Triassic,"(208.5, 201.4)"
1886,560165,560165,8.831093,Effigia,208.5,201.4,Late Triassic,"(208.5, 201.4)"
1887,560165,560165,8.831093,Effigia,208.5,201.4,Late Triassic,"(208.5, 201.4)"
1888,560165,560165,8.831093,Effigia,208.5,201.4,Late Triassic,"(208.5, 201.4)"
1889,560165,560165,8.831093,Effigia,208.5,201.4,Late Triassic,"(208.5, 201.4)"
1890,587325,587325,35.96879,Thecodontosaurus,208.5,201.4,Late Triassic,"(208.5, 201.4)"
1891,604143,604143,45.57481,Plateosaurus,208.5,201.4,Late Triassic,"(208.5, 201.4)"
1892,630027,630027,39.29812,Eudimorphodon,208.5,201.4,Late Triassic,"(208.5, 201.4)"
1893,630464,630464,37.62532,Eudimorphodon,208.5,201.4,Late Triassic,"(208.5, 201.4)"
1894,630480,630480,37.62532,Graoullyodon,208.5,201.4,Late Triassic,"(208.5, 201.4)"
1895,780623,780623,6.088668,Typothorax,208.5,201.4,Late Triassic,"(208.5, 201.4)"
1896,780624,780624,6.088668,Machaeroprosopus,208.5,201.4,Late Triassic,"(208.5, 201.4)"
1897,780625,780625,6.088668,Machaeroprosopus,208.5,201.4,Late Triassic,"(208.5, 201.4)"
1898,780630,780630,6.088668,Machaeroprosopus,208.5,201.4,Late Triassic,"(208.5, 201.4)"
1899,780633,780633,6.088668,Typothorax,208.5,201.4,Late Triassic,"(208.5, 201.4)"
1900,780634,780634,6.088668,Machaeroprosopus,208.5,201.4,Late Triassic,"(208.5, 201.4)"
1901,780635,780635,6.088668,Machaeroprosopus,208.5,201.4,Late Triassic,"(208.5, 201.4)"
1902,780638,780638,6.088668,Typothorax,208.5,201.4,Late Triassic,"(208.5, 201.4)"
1903,780639,780639,6.088668,Machaeroprosopus,208.5,201.4,Late Triassic,"(208.5, 201.4)"
1904,780640,780640,6.088668,Machaeroprosopus,208.5,201.4,Late Triassic,"(208.5, 201.4)"
1905,780641,780641,6.088668,Shuvosaurus,208.5,201.4,Late Triassic,"(208.5, 201.4)"
1906,780642,780642,6.088668,Typothorax,208.5,201.4,Late Triassic,"(208.5, 201.4)"
1907,780643,780643,6.088668,Machaeroprosopus,208.5,201.4,Late Triassic,"(208.5, 201.4)"
1908,780644,780644,6.088668,Machaeroprosopus,208.5,201.4,Late Triassic,"(208.5, 201.4)"
1909,780648,780648,6.088668,Postosuchus,208.5,201.4,Late Triassic,"(208.5, 201.4)"
1910,780649,780649,6.088668,Shuvosaurus,208.5,201.4,Late Triassic,"(208.5, 201.4)"
1911,780650,780650,6.088668,Typothorax,208.5,201.4,Late Triassic,"(208.5, 201.4)"
1912,780651,780651,6.088668,Machaeroprosopus,208.5,201.4,Late Triassic,"(208.5, 201.4)"
1913,780652,780652,6.088668,Machaeroprosopus,208.5,201.4,Late Triassic,"(208.5, 201.4)"
1914,780655,780655,6.088668,Postosuchus,208.5,201.4,Late Triassic,"(208.5, 201.4)"
1915,780656,780656,6.088668,Shuvosaurus,208.5,201.4,Late Triassic,"(208.5, 201.4)"
1916,780657,780657,6.088668,Typothorax,208.5,201.4,Late Triassic,"(208.5, 201.4)"
1917,780658,780658,6.088668,Machaeroprosopus,208.5,201.4,Late Triassic,"(208.5, 201.4)"
1918,780659,780659,6.088668,Machaeroprosopus,208.5,201.4,Late Triassic,"(208.5, 201.4)"
1919,811782,811782,16.23295,Hypsognathus,208.5,201.4,Late Triassic,"(208.5, 201.4)"
1920,824857,824857,35.78362,Termatosaurus,208.5,201.4,Late Triassic,"(208.5, 201.4)"
1921,824866,824866,37.62532,Megalosaurus,208.5,201.4,Late Triassic,"(208.5, 201.4)"
1922,842670,842670,6.088668,Shuvosaurus,208.5,201.4,Late Triassic,"(208.5, 201.4)"
1923,842671,842671,6.088668,Shuvosaurus,208.5,201.4,Late Triassic,"(208.5, 201.4)"
1924,842717,842717,6.088668,Postosuchus,208.5,201.4,Late Triassic,"(208.5, 201.4)"
1925,842718,842718,6.088668,Poposaurus,208.5,201.4,Late Triassic,"(208.5, 201.4)"
1926,846853,846853,37.62532,Eudimorphodon,208.5,201.4,Late Triassic,"(208.5, 201.4)"
1927,849947,849947,8.831093,Eucoelophysis,208.5,201.4,Late Triassic,"(208.5, 201.4)"
1928,935231,935231,8.831093,Daemonosaurus,208.5,201.4,Late Triassic,"(208.5, 201.4)"
1929,945501,945501,35.78362,Thecodontosaurus,208.5,201.4,Late Triassic,"(208.5, 201.4)"
1930,1005254,1005254,35.96879,Pachystropheus,208.5,201.4,Late Triassic,"(208.5, 201.4)"
1931,1091846,1091846,8.586891,Machaeroprosopus,208.5,201.4,Late Triassic,"(208.5, 201.4)"
1932,1092801,1092801,34.05859,Pachystropheus,208.5,201.4,Late Triassic,"(208.5, 201.4)"
1933,1093393,1093393,35.96879,Clevosaurus,208.5,201.4,Late Triassic,"(208.5, 201.4)"
1934,1099949,1099949,37.62532,Termatosaurus,208.5,201.4,Late Triassic,"(208.5, 201.4)"
1935,1104052,1104052,42.70672,Proganochelys,208.5,201.4,Late Triassic,"(208.5, 201.4)"
1936,1104086,1104086,42.70672,Tanystropheus,208.5,201.4,Late Triassic,"(208.5, 201.4)"
1937,1104090,1104090,42.70672,Mystriosuchus,208.5,201.4,Late Triassic,"(208.5, 201.4)"
1938,1104093,1104093,42.70672,Tanystropheus,208.5,201.4,Late Triassic,"(208.5, 201.4)"
1939,1106462,1106462,35.78362,Plateosaurus,208.5,201.4,Late Triassic,"(208.5, 201.4)"
1940,1106817,1106817,35.78362,Plateosaurus,208.5,201.4,Late Triassic,"(208.5, 201.4)"
1941,1119323,1119323,34.05859,Thecodontosaurus,208.5,201.4,Late Triassic,"(208.5, 201.4)"
1942,1136057,1136057,35.78362,Actiosaurus,208.5,201.4,Late Triassic,"(208.5, 201.4)"
1943,1162208,1162208,41.1313,Termatosaurus,208.5,201.4,Late Triassic,"(208.5, 201.4)"
1944,1239985,1239985,34.05859,Thecodontosaurus,208.5,201.4,Late Triassic,"(208.5, 201.4)"
1945,1313178,1313178,37.53662,Diphydontosaurus,208.5,201.4,Late Triassic,"(208.5, 201.4)"
1946,1313506,1313506,35.96879,Clevosaurus,208.5,201.4,Late Triassic,"(208.5, 201.4)"
1947,1313507,1313507,35.96879,Planocephalosaurus,208.5,201.4,Late Triassic,"(208.5, 201.4)"
1948,1326606,1326606,35.96879,Termatosaurus,208.5,201.4,Late Triassic,"(208.5, 201.4)"
1949,1333948,1333948,34.05859,Variodens,208.5,201.4,Late Triassic,"(208.5, 201.4)"
1950,1333949,1333949,34.05859,Gephyrosaurus,208.5,201.4,Late Triassic,"(208.5, 201.4)"
1951,1391294,1391294,37.53662,Clevosaurus,208.5,201.4,Late Triassic,"(208.5, 201.4)"
1952,1406773,1406773,8.831093,Avicranium,208.5,201.4,Late Triassic,"(208.5, 201.4)"
1953,1406954,1406954,34.05859,Variodens,208.5,201.4,Late Triassic,"(208.5, 201.4)"
1954,1406955,1406955,34.05859,Gephyrosaurus,208.5,201.4,Late Triassic,"(208.5, 201.4)"
1955,1408746,1408746,37.62532,Deltadectes,208.5,201.4,Late Triassic,"(208.5, 201.4)"
1956,1408748,1408748,37.62532,Paleollanosaurus,208.5,201.4,Late Triassic,"(208.5, 201.4)"
1957,1418648,1418648,8.831093,Machaeroprosopus,208.5,201.4,Late Triassic,"(208.5, 201.4)"
1958,1427995,1427995,6.088668,Typothorax,208.5,201.4,Late Triassic,"(208.5, 201.4)"
1959,1427999,1427999,6.088668,Dromomeron,208.5,201.4,Late Triassic,"(208.5, 201.4)"
1960,1453483,1453483,37.62532,Termatosaurus,208.5,201.4,Late Triassic,"(208.5, 201.4)"
1961,1534868,1534868,35.96879,Haligonia,208.5,201.4,Late Triassic,"(208.5, 201.4)"
1962,1534869,1534869,35.96879,Scoloparia,208.5,201.4,Late Triassic,"(208.5, 201.4)"
1963,1534870,1534870,35.96879,Smilodonterpeton,208.5,201.4,Late Triassic,"(208.5, 201.4)"
1964,1534871,1534871,35.96879,Hypsognathus,208.5,201.4,Late Triassic,"(208.5, 201.4)"
1965,1534872,1534872,35.96879,Diphydontosaurus,208.5,201.4,Late Triassic,"(208.5, 201.4)"
1966,1546987,1546987,40.95422,Pachystropheus,208.5,201.4,Late Triassic,"(208.5, 201.4)"
1967,1563922,1563922,35.78362,Termatosaurus,208.5,201.4,Late Triassic,"(208.5, 201.4)"
1968,1564169,1564169,35.96879,Zanclodon,208.5,201.4,Late Triassic,"(208.5, 201.4)"
1969,1586158,1586158,37.62532,Plateosaurus,208.5,201.4,Late Triassic,"(208.5, 201.4)"
1970,N526,N526,-48.88284,Blikanasaurus,208.5,201.4,Upper Triassic,"(208.5, 201.4)"
1972,933167,933167,-3.863414,Jesairosaurus,246.7,242.0,Middle Triassic,"(246.7, 242.0)"
1973,147523,147523,-2.980824,Araeoscelis,290.1,283.5,Cisuralian,"(290.1, 283.5)"
1974,147523,147523,-2.980824,Araeoscelis,290.1,283.5,Cisuralian,"(290.1, 283.5)"
1975,295924,295924,-0.7299915,Bolosaurus,290.1,283.5,Cisuralian,"(290.1, 283.5)"
1976,295924,295924,-0.7299915,Bolosaurus,290.1,283.5,Cisuralian,"(290.1, 283.5)"
1977,295924,295924,-0.7299915,Bolosaurus,290.1,283.5,Cisuralian,"(290.1, 283.5)"
1978,295924,295924,-0.7299915,Bolosaurus,290.1,283.5,Cisuralian,"(290.1, 283.5)"
1979,295924,295924,-0.7299915,Bolosaurus,290.1,283.5,Cisuralian,"(290.1, 283.5)"
1980,295924,295924,-0.7299915,Bolosaurus,290.1,283.5,Cisuralian,"(290.1, 283.5)"
1981,295924,295924,-0.7299915,Bolosaurus,290.1,283.5,Cisuralian,"(290.1, 283.5)"
1982,295925,295925,-0.7299915,Bolosaurus,290.1,283.5,Cisuralian,"(290.1, 283.5)"
1983,295928,295928,-2.980824,Bolosaurus,290.1,283.5,Cisuralian,"(290.1, 283.5)"
1984,629473,629473,-0.7299915,Opisthodontosaurus,290.1,283.5,Cisuralian,"(290.1, 283.5)"
1985,629473,629473,-0.7299915,Opisthodontosaurus,290.1,283.5,Cisuralian,"(290.1, 283.5)"
1986,629473,629473,-0.7299915,Opisthodontosaurus,290.1,283.5,Cisuralian,"(290.1, 283.5)"
1987,629473,629473,-0.7299915,Opisthodontosaurus,290.1,283.5,Cisuralian,"(290.1, 283.5)"
1988,629473,629473,-0.7299915,Opisthodontosaurus,290.1,283.5,Cisuralian,"(290.1, 283.5)"
1989,629473,629473,-0.7299915,Opisthodontosaurus,290.1,283.5,Cisuralian,"(290.1, 283.5)"
1990,629473,629473,-0.7299915,Opisthodontosaurus,290.1,283.5,Cisuralian,"(290.1, 283.5)"
1991,629473,629473,-0.7299915,Opisthodontosaurus,290.1,283.5,Cisuralian,"(290.1, 283.5)"
1992,629473,629473,-0.7299915,Opisthodontosaurus,290.1,283.5,Cisuralian,"(290.1, 283.5)"
1993,629473,629473,-0.7299915,Opisthodontosaurus,290.1,283.5,Cisuralian,"(290.1, 283.5)"
1994,629473,629473,-0.7299915,Opisthodontosaurus,290.1,283.5,Cisuralian,"(290.1, 283.5)"
1995,629473,629473,-0.7299915,Opisthodontosaurus,290.1,283.5,Cisuralian,"(290.1, 283.5)"
1996,629473,629473,-0.7299915,Opisthodontosaurus,290.1,283.5,Cisuralian,"(290.1, 283.5)"
1997,629473,629473,-0.7299915,Opisthodontosaurus,290.1,283.5,Cisuralian,"(290.1, 283.5)"
1998,629473,629473,-0.7299915,Opisthodontosaurus,290.1,283.5,Cisuralian,"(290.1, 283.5)"
1999,629473,629473,-0.7299915,Opisthodontosaurus,290.1,283.5,Cisuralian,"(290.1, 283.5)"
2000,629473,629473,-0.7299915,Opisthodontosaurus,290.1,283.5,Cisuralian,"(290.1, 283.5)"
2001,629473,629473,-0.7299915,Opisthodontosaurus,290.1,283.5,Cisuralian,"(290.1, 283.5)"
2002,629473,629473,-0.7299915,Opisthodontosaurus,290.1,283.5,Cisuralian,"(290.1, 283.5)"
2003,629473,629473,-0.7299915,Opisthodontosaurus,290.1,283.5,Cisuralian,"(290.1, 283.5)"
2004,629473,629473,-0.7299915,Opisthodontosaurus,290.1,283.5,Cisuralian,"(290.1, 283.5)"
2005,629473,629473,-0.7299915,Opisthodontosaurus,290.1,283.5,Cisuralian,"(290.1, 283.5)"
2006,629473,629473,-0.7299915,Opisthodontosaurus,290.1,283.5,Cisuralian,"(290.1, 283.5)"
2007,629473,629473,-0.7299915,Opisthodontosaurus,290.1,283.5,Cisuralian,"(290.1, 283.5)"
2008,629473,629473,-0.7299915,Opisthodontosaurus,290.1,283.5,Cisuralian,"(290.1, 283.5)"
2009,629476,629476,-0.7299915,Colobomycter,290.1,283.5,Cisuralian,"(290.1, 283.5)"
2010,629476,629476,-0.7299915,Colobomycter,290.1,283.5,Cisuralian,"(290.1, 283.5)"
2011,629476,629476,-0.7299915,Colobomycter,290.1,283.5,Cisuralian,"(290.1, 283.5)"
2012,629477,629477,-0.7299915,Captorhinus,290.1,283.5,Cisuralian,"(290.1, 283.5)"
2013,629477,629477,-0.7299915,Captorhinus,290.1,283.5,Cisuralian,"(290.1, 283.5)"
2014,629477,629477,-0.7299915,Captorhinus,290.1,283.5,Cisuralian,"(290.1, 283.5)"
2015,629477,629477,-0.7299915,Captorhinus,290.1,283.5,Cisuralian,"(290.1, 283.5)"
2016,629477,629477,-0.7299915,Captorhinus,290.1,283.5,Cisuralian,"(290.1, 283.5)"
2017,629477,629477,-0.7299915,Captorhinus,290.1,283.5,Cisuralian,"(290.1, 283.5)"
2018,629477,629477,-0.7299915,Captorhinus,290.1,283.5,Cisuralian,"(290.1, 283.5)"
2019,629477,629477,-0.7299915,Captorhinus,290.1,283.5,Cisuralian,"(290.1, 283.5)"
2020,629477,629477,-0.7299915,Captorhinus,290.1,283.5,Cisuralian,"(290.1, 283.5)"
2021,629477,629477,-0.7299915,Captorhinus,290.1,283.5,Cisuralian,"(290.1, 283.5)"
2022,629477,629477,-0.7299915,Captorhinus,290.1,283.5,Cisuralian,"(290.1, 283.5)"
2023,629477,629477,-0.7299915,Captorhinus,290.1,283.5,Cisuralian,"(290.1, 283.5)"
2024,629477,629477,-0.7299915,Captorhinus,290.1,283.5,Cisuralian,"(290.1, 283.5)"
2025,629477,629477,-0.7299915,Captorhinus,290.1,283.5,Cisuralian,"(290.1, 283.5)"
2026,629477,629477,-0.7299915,Captorhinus,290.1,283.5,Cisuralian,"(290.1, 283.5)"
2027,629477,629477,-0.7299915,Captorhinus,290.1,283.5,Cisuralian,"(290.1, 283.5)"
2028,629477,629477,-0.7299915,Captorhinus,290.1,283.5,Cisuralian,"(290.1, 283.5)"
2029,629477,629477,-0.7299915,Captorhinus,290.1,283.5,Cisuralian,"(290.1, 283.5)"
2030,629477,629477,-0.7299915,Captorhinus,290.1,283.5,Cisuralian,"(290.1, 283.5)"
2031,629477,629477,-0.7299915,Captorhinus,290.1,283.5,Cisuralian,"(290.1, 283.5)"
2032,629477,629477,-0.7299915,Captorhinus,290.1,283.5,Cisuralian,"(290.1, 283.5)"
2033,629477,629477,-0.7299915,Captorhinus,290.1,283.5,Cisuralian,"(290.1, 283.5)"
2034,629477,629477,-0.7299915,Captorhinus,290.1,283.5,Cisuralian,"(290.1, 283.5)"
2035,629477,629477,-0.7299915,Captorhinus,290.1,283.5,Cisuralian,"(290.1, 283.5)"
2036,629477,629477,-0.7299915,Captorhinus,290.1,283.5,Cisuralian,"(290.1, 283.5)"
2037,629477,629477,-0.7299915,Captorhinus,290.1,283.5,Cisuralian,"(290.1, 283.5)"
2038,629477,629477,-0.7299915,Captorhinus,290.1,283.5,Cisuralian,"(290.1, 283.5)"
2039,629477,629477,-0.7299915,Captorhinus,290.1,283.5,Cisuralian,"(290.1, 283.5)"
2040,629477,629477,-0.7299915,Captorhinus,290.1,283.5,Cisuralian,"(290.1, 283.5)"
2041,629477,629477,-0.7299915,Captorhinus,290.1,283.5,Cisuralian,"(290.1, 283.5)"
2042,629477,629477,-0.7299915,Captorhinus,290.1,283.5,Cisuralian,"(290.1, 283.5)"
2043,629477,629477,-0.7299915,Captorhinus,290.1,283.5,Cisuralian,"(290.1, 283.5)"
2044,629477,629477,-0.7299915,Captorhinus,290.1,283.5,Cisuralian,"(290.1, 283.5)"
2045,629477,629477,-0.7299915,Captorhinus,290.1,283.5,Cisuralian,"(290.1, 283.5)"
2046,629477,629477,-0.7299915,Captorhinus,290.1,283.5,Cisuralian,"(290.1, 283.5)"
2047,629477,629477,-0.7299915,Captorhinus,290.1,283.5,Cisuralian,"(290.1, 283.5)"
2048,629477,629477,-0.7299915,Captorhinus,290.1,283.5,Cisuralian,"(290.1, 283.5)"
2049,629477,629477,-0.7299915,Captorhinus,290.1,283.5,Cisuralian,"(290.1, 283.5)"
2050,629477,629477,-0.7299915,Captorhinus,290.1,283.5,Cisuralian,"(290.1, 283.5)"
2051,629477,629477,-0.7299915,Captorhinus,290.1,283.5,Cisuralian,"(290.1, 283.5)"
2052,629477,629477,-0.7299915,Captorhinus,290.1,283.5,Cisuralian,"(290.1, 283.5)"
2053,629477,629477,-0.7299915,Captorhinus,290.1,283.5,Cisuralian,"(290.1, 283.5)"
2054,629477,629477,-0.7299915,Captorhinus,290.1,283.5,Cisuralian,"(290.1, 283.5)"
2055,629477,629477,-0.7299915,Captorhinus,290.1,283.5,Cisuralian,"(290.1, 283.5)"
2056,629477,629477,-0.7299915,Captorhinus,290.1,283.5,Cisuralian,"(290.1, 283.5)"
2057,629477,629477,-0.7299915,Captorhinus,290.1,283.5,Cisuralian,"(290.1, 283.5)"
2058,629477,629477,-0.7299915,Captorhinus,290.1,283.5,Cisuralian,"(290.1, 283.5)"
2059,629477,629477,-0.7299915,Captorhinus,290.1,283.5,Cisuralian,"(290.1, 283.5)"
2060,629477,629477,-0.7299915,Captorhinus,290.1,283.5,Cisuralian,"(290.1, 283.5)"
2061,629477,629477,-0.7299915,Captorhinus,290.1,283.5,Cisuralian,"(290.1, 283.5)"
2062,629477,629477,-0.7299915,Captorhinus,290.1,283.5,Cisuralian,"(290.1, 283.5)"
2063,629477,629477,-0.7299915,Captorhinus,290.1,283.5,Cisuralian,"(290.1, 283.5)"
2064,629477,629477,-0.7299915,Captorhinus,290.1,283.5,Cisuralian,"(290.1, 283.5)"
2065,629477,629477,-0.7299915,Captorhinus,290.1,283.5,Cisuralian,"(290.1, 283.5)"
2066,629477,629477,-0.7299915,Captorhinus,290.1,283.5,Cisuralian,"(290.1, 283.5)"
2067,629477,629477,-0.7299915,Captorhinus,290.1,283.5,Cisuralian,"(290.1, 283.5)"
2068,629477,629477,-0.7299915,Captorhinus,290.1,283.5,Cisuralian,"(290.1, 283.5)"
2069,629477,629477,-0.7299915,Captorhinus,290.1,283.5,Cisuralian,"(290.1, 283.5)"
2070,629477,629477,-0.7299915,Captorhinus,290.1,283.5,Cisuralian,"(290.1, 283.5)"
2071,629477,629477,-0.7299915,Captorhinus,290.1,283.5,Cisuralian,"(290.1, 283.5)"
2072,629477,629477,-0.7299915,Captorhinus,290.1,283.5,Cisuralian,"(290.1, 283.5)"
2073,629477,629477,-0.7299915,Captorhinus,290.1,283.5,Cisuralian,"(290.1, 283.5)"
2074,629477,629477,-0.7299915,Captorhinus,290.1,283.5,Cisuralian,"(290.1, 283.5)"
2075,629477,629477,-0.7299915,Captorhinus,290.1,283.5,Cisuralian,"(290.1, 283.5)"
2076,629477,629477,-0.7299915,Captorhinus,290.1,283.5,Cisuralian,"(290.1, 283.5)"
2077,629477,629477,-0.7299915,Captorhinus,290.1,283.5,Cisuralian,"(290.1, 283.5)"
2078,629477,629477,-0.7299915,Captorhinus,290.1,283.5,Cisuralian,"(290.1, 283.5)"
2079,629477,629477,-0.7299915,Captorhinus,290.1,283.5,Cisuralian,"(290.1, 283.5)"
2080,629477,629477,-0.7299915,Captorhinus,290.1,283.5,Cisuralian,"(290.1, 283.5)"
2081,629477,629477,-0.7299915,Captorhinus,290.1,283.5,Cisuralian,"(290.1, 283.5)"
2082,629477,629477,-0.7299915,Captorhinus,290.1,283.5,Cisuralian,"(290.1, 283.5)"
2083,629477,629477,-0.7299915,Captorhinus,290.1,283.5,Cisuralian,"(290.1, 283.5)"
2084,629477,629477,-0.7299915,Captorhinus,290.1,283.5,Cisuralian,"(290.1, 283.5)"
2085,629477,629477,-0.7299915,Captorhinus,290.1,283.5,Cisuralian,"(290.1, 283.5)"
2086,629477,629477,-0.7299915,Captorhinus,290.1,283.5,Cisuralian,"(290.1, 283.5)"
2087,629477,629477,-0.7299915,Captorhinus,290.1,283.5,Cisuralian,"(290.1, 283.5)"
2088,629477,629477,-0.7299915,Captorhinus,290.1,283.5,Cisuralian,"(290.1, 283.5)"
2089,629477,629477,-0.7299915,Captorhinus,290.1,283.5,Cisuralian,"(290.1, 283.5)"
2090,629477,629477,-0.7299915,Captorhinus,290.1,283.5,Cisuralian,"(290.1, 283.5)"
2091,629477,629477,-0.7299915,Captorhinus,290.1,283.5,Cisuralian,"(290.1, 283.5)"
2092,629477,629477,-0.7299915,Captorhinus,290.1,283.5,Cisuralian,"(290.1, 283.5)"
2093,629477,629477,-0.7299915,Captorhinus,290.1,283.5,Cisuralian,"(290.1, 283.5)"
2094,629477,629477,-0.7299915,Captorhinus,290.1,283.5,Cisuralian,"(290.1, 283.5)"
2095,629477,629477,-0.7299915,Captorhinus,290.1,283.5,Cisuralian,"(290.1, 283.5)"
2096,629477,629477,-0.7299915,Captorhinus,290.1,283.5,Cisuralian,"(290.1, 283.5)"
2097,629477,629477,-0.7299915,Captorhinus,290.1,283.5,Cisuralian,"(290.1, 283.5)"
2098,629477,629477,-0.7299915,Captorhinus,290.1,283.5,Cisuralian,"(290.1, 283.5)"
2099,629477,629477,-0.7299915,Captorhinus,290.1,283.5,Cisuralian,"(290.1, 283.5)"
2100,629477,629477,-0.7299915,Captorhinus,290.1,283.5,Cisuralian,"(290.1, 283.5)"
2101,629477,629477,-0.7299915,Captorhinus,290.1,283.5,Cisuralian,"(290.1, 283.5)"
2102,629477,629477,-0.7299915,Captorhinus,290.1,283.5,Cisuralian,"(290.1, 283.5)"
2103,629480,629480,-0.7299915,Baeotherates,290.1,283.5,Cisuralian,"(290.1, 283.5)"
2104,629481,629481,-0.7299915,Bolosaurus,290.1,283.5,Cisuralian,"(290.1, 283.5)"
2105,629482,629482,-0.7299915,Delorhynchus,290.1,283.5,Cisuralian,"(290.1, 283.5)"
2106,739044,739044,-0.7299915,Protocaptorhinus,290.1,283.5,Cisuralian,"(290.1, 283.5)"
2107,753830,753830,-2.980824,Captorhinus,290.1,283.5,Cisuralian,"(290.1, 283.5)"
2108,785851,785851,-2.980824,Protocaptorhinus,290.1,283.5,Cisuralian,"(290.1, 283.5)"
2109,787464,787464,-0.7299915,Captorhinus,290.1,283.5,Cisuralian,"(290.1, 283.5)"
2110,787989,787989,-2.980824,Protocaptorhinus,290.1,283.5,Cisuralian,"(290.1, 283.5)"
2111,788638,788638,15.55887,Thuringothyris,290.1,283.5,Cisuralian,"(290.1, 283.5)"
2112,788638,788638,15.55887,Thuringothyris,290.1,283.5,Cisuralian,"(290.1, 283.5)"
2113,788638,788638,15.55887,Thuringothyris,290.1,283.5,Cisuralian,"(290.1, 283.5)"
2114,788638,788638,15.55887,Thuringothyris,290.1,283.5,Cisuralian,"(290.1, 283.5)"
2115,788638,788638,15.55887,Thuringothyris,290.1,283.5,Cisuralian,"(290.1, 283.5)"
2116,788638,788638,15.55887,Thuringothyris,290.1,283.5,Cisuralian,"(290.1, 283.5)"
2117,788638,788638,15.55887,Thuringothyris,290.1,283.5,Cisuralian,"(290.1, 283.5)"
2118,788638,788638,15.55887,Thuringothyris,290.1,283.5,Cisuralian,"(290.1, 283.5)"
2119,788639,788639,15.55887,Eudibamus,290.1,283.5,Cisuralian,"(290.1, 283.5)"
2120,789104,789104,-0.7299915,Captorhinus,290.1,283.5,Cisuralian,"(290.1, 283.5)"
2121,789104,789104,-0.7299915,Captorhinus,290.1,283.5,Cisuralian,"(290.1, 283.5)"
2122,789104,789104,-0.7299915,Captorhinus,290.1,283.5,Cisuralian,"(290.1, 283.5)"
2123,789104,789104,-0.7299915,Captorhinus,290.1,283.5,Cisuralian,"(290.1, 283.5)"
2124,789104,789104,-0.7299915,Captorhinus,290.1,283.5,Cisuralian,"(290.1, 283.5)"
2125,789104,789104,-0.7299915,Captorhinus,290.1,283.5,Cisuralian,"(290.1, 283.5)"
2126,853693,853693,-0.7299915,Captorhinus,290.1,283.5,Cisuralian,"(290.1, 283.5)"
2127,990494,990494,-0.7299915,Microleter,290.1,283.5,Cisuralian,"(290.1, 283.5)"
2128,1071216,1071216,-0.7299915,Feeserpeton,290.1,283.5,Cisuralian,"(290.1, 283.5)"
2129,1098337,1098337,-0.7299915,Orovenator,290.1,283.5,Cisuralian,"(290.1, 283.5)"
2130,1098337,1098337,-0.7299915,Orovenator,290.1,283.5,Cisuralian,"(290.1, 283.5)"
2131,1285988,1285988,-0.7299915,Delorhynchus,290.1,283.5,Cisuralian,"(290.1, 283.5)"
2132,1286005,1286005,-0.7299915,Abyssomedon,290.1,283.5,Cisuralian,"(290.1, 283.5)"
2133,1310220,1310220,-0.7299915,Opisthodontosaurus,290.1,283.5,Cisuralian,"(290.1, 283.5)"
2134,1310220,1310220,-0.7299915,Opisthodontosaurus,290.1,283.5,Cisuralian,"(290.1, 283.5)"
2135,1310220,1310220,-0.7299915,Opisthodontosaurus,290.1,283.5,Cisuralian,"(290.1, 283.5)"
2136,1310220,1310220,-0.7299915,Opisthodontosaurus,290.1,283.5,Cisuralian,"(290.1, 283.5)"
2137,1310220,1310220,-0.7299915,Opisthodontosaurus,290.1,283.5,Cisuralian,"(290.1, 283.5)"
2138,1310220,1310220,-0.7299915,Opisthodontosaurus,290.1,283.5,Cisuralian,"(290.1, 283.5)"
2139,1335995,1335995,-0.7299915,Colobomycter,290.1,283.5,Cisuralian,"(290.1, 283.5)"
2140,1406771,1406771,-0.7299915,Labidosauriscus,290.1,283.5,Cisuralian,"(290.1, 283.5)"
2141,1406771,1406771,-0.7299915,Labidosauriscus,290.1,283.5,Cisuralian,"(290.1, 283.5)"
2142,1406771,1406771,-0.7299915,Labidosauriscus,290.1,283.5,Cisuralian,"(290.1, 283.5)"
2143,1406771,1406771,-0.7299915,Labidosauriscus,290.1,283.5,Cisuralian,"(290.1, 283.5)"
2144,1406771,1406771,-0.7299915,Labidosauriscus,290.1,283.5,Cisuralian,"(290.1, 283.5)"
2145,1406771,1406771,-0.7299915,Labidosauriscus,290.1,283.5,Cisuralian,"(290.1, 283.5)"
2146,1406771,1406771,-0.7299915,Labidosauriscus,290.1,283.5,Cisuralian,"(290.1, 283.5)"
2147,1406771,1406771,-0.7299915,Labidosauriscus,290.1,283.5,Cisuralian,"(290.1, 283.5)"
2148,1421392,1421392,15.55887,Dimetropus,290.1,283.5,Cisuralian,"(290.1, 283.5)"
2149,1429166,1429166,-0.7299915,Metamosaurus,290.1,283.5,Cisuralian,"(290.1, 283.5)"
2150,1545288,1545288,-0.7299915,Captorhinus,290.1,283.5,Cisuralian,"(290.1, 283.5)"
2151,1564218,1564218,1.521104,Captorhinus,290.1,283.5,Cisuralian,"(290.1, 283.5)"
2152,1583938,1583938,15.55887,Dimetropus,290.1,283.5,Cisuralian,"(290.1, 283.5)"
2153,1583938,1583938,15.55887,Dimetropus,290.1,283.5,Cisuralian,"(290.1, 283.5)"
2154,1583938,1583938,15.55887,Dimetropus,290.1,283.5,Cisuralian,"(290.1, 283.5)"
2155,1583938,1583938,15.55887,Dimetropus,290.1,283.5,Cisuralian,"(290.1, 283.5)"
2156,1583938,1583938,15.55887,Dimetropus,290.1,283.5,Cisuralian,"(290.1, 283.5)"
2157,1583938,1583938,15.55887,Dimetropus,290.1,283.5,Cisuralian,"(290.1, 283.5)"
2158,1583938,1583938,15.55887,Dimetropus,290.1,283.5,Cisuralian,"(290.1, 283.5)"
2159,1583938,1583938,15.55887,Dimetropus,290.1,283.5,Cisuralian,"(290.1, 283.5)"
2160,1583938,1583938,15.55887,Dimetropus,290.1,283.5,Cisuralian,"(290.1, 283.5)"
2161,1583938,1583938,15.55887,Dimetropus,290.1,283.5,Cisuralian,"(290.1, 283.5)"
2162,1583938,1583938,15.55887,Dimetropus,290.1,283.5,Cisuralian,"(290.1, 283.5)"
2163,1583938,1583938,15.55887,Dimetropus,290.1,283.5,Cisuralian,"(290.1, 283.5)"
2164,1587803,1587803,-0.7299915,Delorhynchus,290.1,283.5,Cisuralian,"(290.1, 283.5)"
2165,584073,584073,33.3149,Stagonolepis,233.4,227.0,Late Triassic,"(233.4, 227.0)"
2166,584074,584074,33.3149,Silesaurus,233.4,227.0,Late Triassic,"(233.4, 227.0)"
2167,584306,584306,33.3149,Parasuchus,233.4,227.0,Late Triassic,"(233.4, 227.0)"
2168,584307,584307,33.3149,Polonosuchus,233.4,227.0,Late Triassic,"(233.4, 227.0)"
2169,788480,788480,27.01127,Odontochelys,233.4,227.0,Late Triassic,"(233.4, 227.0)"
2170,788480,788480,27.01127,Odontochelys,233.4,227.0,Late Triassic,"(233.4, 227.0)"
2171,788480,788480,27.01127,Odontochelys,233.4,227.0,Late Triassic,"(233.4, 227.0)"
2172,882303,882303,29.81785,Dolerosaurus,233.4,227.0,Late Triassic,"(233.4, 227.0)"
2173,1405851,1405851,33.3149,Ozimek,233.4,227.0,Late Triassic,"(233.4, 227.0)"
2174,1415674,1415674,29.61478,Apatopus,233.4,227.0,Late Triassic,"(233.4, 227.0)"
2175,1419205,1419205,-49.47713,Hyperodapedon,233.4,227.0,Late Triassic,"(233.4, 227.0)"
2176,1486218,1486218,-49.47713,Gnathovorax,233.4,227.0,Late Triassic,"(233.4, 227.0)"
2177,1561478,1561478,1.982645,Micromenodon,233.4,227.0,Late Triassic,"(233.4, 227.0)"
2178,789656,789656,39.6978,Belebey,274.4,266.9,Guadalupian,"(274.4, 266.9)"
2179,990446,990446,39.6978,Gansurhinus,274.4,266.9,Guadalupian,"(274.4, 266.9)"
2180,1640653,1640653,41.45729,Gecatogomphius,274.4,266.9,Guadalupian,"(274.4, 266.9)"
2181,788570,788570,-1.303453,Protorothyris,298.9,293.52,Cisuralian,"(298.9, 293.52)"
2182,788570,788570,-1.303453,Protorothyris,298.9,293.52,Cisuralian,"(298.9, 293.52)"
2183,788570,788570,-1.303453,Protorothyris,298.9,293.52,Cisuralian,"(298.9, 293.52)"
2184,788570,788570,-1.303453,Protorothyris,298.9,293.52,Cisuralian,"(298.9, 293.52)"
2185,788570,788570,-1.303453,Protorothyris,298.9,293.52,Cisuralian,"(298.9, 293.52)"
2186,788570,788570,-1.303453,Protorothyris,298.9,293.52,Cisuralian,"(298.9, 293.52)"
2187,788570,788570,-1.303453,Protorothyris,298.9,293.52,Cisuralian,"(298.9, 293.52)"
2188,790486,790486,-2.746595,Protorothyris,298.9,293.52,Cisuralian,"(298.9, 293.52)"
2189,790486,790486,-2.746595,Protorothyris,298.9,293.52,Cisuralian,"(298.9, 293.52)"
2190,790486,790486,-2.746595,Protorothyris,298.9,293.52,Cisuralian,"(298.9, 293.52)"
2191,790486,790486,-2.746595,Protorothyris,298.9,293.52,Cisuralian,"(298.9, 293.52)"
2192,790486,790486,-2.746595,Protorothyris,298.9,293.52,Cisuralian,"(298.9, 293.52)"
2193,790487,790487,-2.746595,Romeria,298.9,293.52,Cisuralian,"(298.9, 293.52)"
2194,1285904,1285904,5.459828,Aphelosaurus,298.9,293.52,Cisuralian,"(298.9, 293.52)"
2195,N369,N369,-60.85079,Pareiasaurus,259.51,254.14,Lopingian,"(259.51, 254.14)"
2196,N370,N370,-60.85079,Pareiasuchus,259.51,254.14,Lopingian,"(259.51, 254.14)"
2197,N539,N539,-42.23717,Indosauriscus,259.51,254.14,Lopingian,"(259.51, 254.14)"
2198,368043,368043,-60.85079,Pareiasuchus,259.51,254.14,Lopingian,"(259.51, 254.14)"
2199,719380,719380,26.1672,Weigeltisaurus,259.51,254.14,Lopingian,"(259.51, 254.14)"
2200,740289,740289,5.137181,Acrodenta,259.51,254.14,Lopingian,"(259.51, 254.14)"
2201,785834,785834,-60.85079,Saurorictus,259.51,254.14,Lopingian,"(259.51, 254.14)"
2202,786382,786382,26.35095,Protorosaurus,259.51,254.14,Lopingian,"(259.51, 254.14)"
2203,786383,786383,26.35095,Parasaurus,259.51,254.14,Lopingian,"(259.51, 254.14)"
2204,786831,786831,-47.78411,Captorhinus,259.51,254.14,Lopingian,"(259.51, 254.14)"
2205,790004,790004,27.6348,Weigeltisaurus,259.51,254.14,Lopingian,"(259.51, 254.14)"
2206,790009,790009,25.61333,Weigeltisaurus,259.51,254.14,Lopingian,"(259.51, 254.14)"
2207,790010,790010,25.61333,Weigeltisaurus,259.51,254.14,Lopingian,"(259.51, 254.14)"
2208,790011,790011,27.6348,Weigeltisaurus,259.51,254.14,Lopingian,"(259.51, 254.14)"
2209,790284,790284,27.6348,Protorosaurus,259.51,254.14,Lopingian,"(259.51, 254.14)"
2210,790284,790284,27.6348,Protorosaurus,259.51,254.14,Lopingian,"(259.51, 254.14)"
2211,790285,790285,27.6348,Weigeltisaurus,259.51,254.14,Lopingian,"(259.51, 254.14)"
2212,790390,790390,25.61333,Weigeltisaurus,259.51,254.14,Lopingian,"(259.51, 254.14)"
2213,790406,790406,27.6348,Parasaurus,259.51,254.14,Lopingian,"(259.51, 254.14)"
2214,790462,790462,25.61333,Parasaurus,259.51,254.14,Lopingian,"(259.51, 254.14)"
2215,790463,790463,27.6348,Parasaurus,259.51,254.14,Lopingian,"(259.51, 254.14)"
2216,790511,790511,-63.15948,Pareiasuchus,259.51,254.14,Lopingian,"(259.51, 254.14)"
2217,790511,790511,-63.15948,Pareiasuchus,259.51,254.14,Lopingian,"(259.51, 254.14)"
2218,790511,790511,-63.15948,Pareiasuchus,259.51,254.14,Lopingian,"(259.51, 254.14)"
2219,790511,790511,-63.15948,Pareiasuchus,259.51,254.14,Lopingian,"(259.51, 254.14)"
2220,790511,790511,-63.15948,Pareiasuchus,259.51,254.14,Lopingian,"(259.51, 254.14)"
2221,791882,791882,25.61333,Parasaurus,259.51,254.14,Lopingian,"(259.51, 254.14)"
2222,791885,791885,25.61333,Parasaurus,259.51,254.14,Lopingian,"(259.51, 254.14)"
2223,791945,791945,25.61333,Protorosaurus,259.51,254.14,Lopingian,"(259.51, 254.14)"
2224,792227,792227,27.6348,Coelurosauravus,259.51,254.14,Lopingian,"(259.51, 254.14)"
2225,794729,794729,-47.78411,Pareiasuchus,259.51,254.14,Lopingian,"(259.51, 254.14)"
2226,799563,799563,26.1672,Adelosaurus,259.51,254.14,Lopingian,"(259.51, 254.14)"
2227,808154,808154,-60.85079,Youngina,259.51,254.14,Lopingian,"(259.51, 254.14)"
2228,808154,808154,-60.85079,Youngina,259.51,254.14,Lopingian,"(259.51, 254.14)"
2229,808154,808154,-60.85079,Youngina,259.51,254.14,Lopingian,"(259.51, 254.14)"
2230,808154,808154,-60.85079,Youngina,259.51,254.14,Lopingian,"(259.51, 254.14)"
2231,808154,808154,-60.85079,Youngina,259.51,254.14,Lopingian,"(259.51, 254.14)"
2232,814095,814095,5.137181,Arganaceras,259.51,254.14,Lopingian,"(259.51, 254.14)"
2233,833640,833640,-63.15948,Owenetta,259.51,254.14,Lopingian,"(259.51, 254.14)"
2234,838171,838171,25.61333,Protorosaurus,259.51,254.14,Lopingian,"(259.51, 254.14)"
2235,838172,838172,25.61333,Protorosaurus,259.51,254.14,Lopingian,"(259.51, 254.14)"
2236,838172,838172,25.61333,Protorosaurus,259.51,254.14,Lopingian,"(259.51, 254.14)"
2237,838194,838194,27.6348,Protorosaurus,259.51,254.14,Lopingian,"(259.51, 254.14)"
2238,838197,838197,25.61333,Protorosaurus,259.51,254.14,Lopingian,"(259.51, 254.14)"
2239,838198,838198,25.61333,Parasaurus,259.51,254.14,Lopingian,"(259.51, 254.14)"
2240,973441,973441,-58.47538,Galesphyrus,259.51,254.14,Lopingian,"(259.51, 254.14)"
2241,973442,973442,-61.36501,Galesphyrus,259.51,254.14,Lopingian,"(259.51, 254.14)"
2242,1163736,1163736,26.1672,Protorosaurus,259.51,254.14,Lopingian,"(259.51, 254.14)"
2243,1163739,1163739,26.1672,Protorosaurus,259.51,254.14,Lopingian,"(259.51, 254.14)"
2244,1163747,1163747,-47.78411,Aenigmastropheus,259.51,254.14,Lopingian,"(259.51, 254.14)"
2245,1286077,1286077,-60.85079,Pumiliopareia,259.51,254.14,Lopingian,"(259.51, 254.14)"
2246,1286079,1286079,-63.15948,Anthodon,259.51,254.14,Lopingian,"(259.51, 254.14)"
2247,1286080,1286080,-60.85079,Anthodon,259.51,254.14,Lopingian,"(259.51, 254.14)"
2248,1286081,1286081,-47.78411,Anthodon,259.51,254.14,Lopingian,"(259.51, 254.14)"
2249,1286092,1286092,-63.15948,Nanoparia,259.51,254.14,Lopingian,"(259.51, 254.14)"
2250,1286766,1286766,32.58371,Zhongjiania,259.51,254.14,Lopingian,"(259.51, 254.14)"
2251,1286767,1286767,32.58371,Zhongjiania,259.51,254.14,Lopingian,"(259.51, 254.14)"
2252,1286768,1286768,32.58371,Zhongjiania,259.51,254.14,Lopingian,"(259.51, 254.14)"
2253,1304554,1304554,-60.85079,Pareiasaurus,259.51,254.14,Lopingian,"(259.51, 254.14)"
2254,1315262,1315262,-63.15948,Anthodon,259.51,254.14,Lopingian,"(259.51, 254.14)"
2255,1317315,1317315,-60.85079,Pareiasuchus,259.51,254.14,Lopingian,"(259.51, 254.14)"
2256,1317316,1317316,-60.85079,Pareiasaurus,259.51,254.14,Lopingian,"(259.51, 254.14)"
2257,1332746,1332746,-63.15948,Pareiasaurus,259.51,254.14,Lopingian,"(259.51, 254.14)"
2258,1337217,1337217,-63.15948,Pareiasaurus,259.51,254.14,Lopingian,"(259.51, 254.14)"
2259,1337218,1337218,-63.15948,Milleretta,259.51,254.14,Lopingian,"(259.51, 254.14)"
2260,1337453,1337453,-60.85079,Pareiasaurus,259.51,254.14,Lopingian,"(259.51, 254.14)"
2261,1358998,1358998,-47.78411,Pareiasaurus,259.51,254.14,Lopingian,"(259.51, 254.14)"
2262,1386980,1386980,-60.85079,Pareiasaurus,259.51,254.14,Lopingian,"(259.51, 254.14)"
2263,1417195,1417195,27.6348,Glaurung,259.51,254.14,Lopingian,"(259.51, 254.14)"
2264,1418143,1418143,-60.85079,Milleretta,259.51,254.14,Lopingian,"(259.51, 254.14)"
2265,1418153,1418153,-63.15948,Owenetta,259.51,254.14,Lopingian,"(259.51, 254.14)"
2266,558341,558341,24.55053,Rhombopholis,246.7,242.0,Middle Triassic,"(246.7, 242.0)"
2267,558342,558342,24.55053,Bromsgroveia,246.7,242.0,Middle Triassic,"(246.7, 242.0)"
2268,558344,558344,24.55053,Bromsgroveia,246.7,242.0,Middle Triassic,"(246.7, 242.0)"
2269,558345,558345,24.55053,Bromsgroveia,246.7,242.0,Middle Triassic,"(246.7, 242.0)"
2270,561984,561984,24.55053,Langeronyx,246.7,242.0,Middle Triassic,"(246.7, 242.0)"
2271,601699,601699,-9.650311,Tanystropheus,246.7,242.0,Middle Triassic,"(246.7, 242.0)"
2272,602403,602403,-46.55859,Parringtonia,246.7,242.0,Middle Triassic,"(246.7, 242.0)"
2273,792535,792535,-61.37537,Euparkeria,246.7,242.0,Middle Triassic,"(246.7, 242.0)"
2274,792535,792535,-61.37537,Euparkeria,246.7,242.0,Middle Triassic,"(246.7, 242.0)"
2275,792535,792535,-61.37537,Euparkeria,246.7,242.0,Middle Triassic,"(246.7, 242.0)"
2276,792535,792535,-61.37537,Euparkeria,246.7,242.0,Middle Triassic,"(246.7, 242.0)"
2277,792535,792535,-61.37537,Euparkeria,246.7,242.0,Middle Triassic,"(246.7, 242.0)"
2278,792535,792535,-61.37537,Euparkeria,246.7,242.0,Middle Triassic,"(246.7, 242.0)"
2279,792535,792535,-61.37537,Euparkeria,246.7,242.0,Middle Triassic,"(246.7, 242.0)"
2280,792535,792535,-61.37537,Euparkeria,246.7,242.0,Middle Triassic,"(246.7, 242.0)"
2281,792535,792535,-61.37537,Euparkeria,246.7,242.0,Middle Triassic,"(246.7, 242.0)"
2282,792535,792535,-61.37537,Euparkeria,246.7,242.0,Middle Triassic,"(246.7, 242.0)"
2283,792535,792535,-61.37537,Euparkeria,246.7,242.0,Middle Triassic,"(246.7, 242.0)"
2284,792535,792535,-61.37537,Euparkeria,246.7,242.0,Middle Triassic,"(246.7, 242.0)"
2285,792536,792536,-61.37537,Mesosuchus,246.7,242.0,Middle Triassic,"(246.7, 242.0)"
2286,792536,792536,-61.37537,Mesosuchus,246.7,242.0,Middle Triassic,"(246.7, 242.0)"
2287,792536,792536,-61.37537,Mesosuchus,246.7,242.0,Middle Triassic,"(246.7, 242.0)"
2288,792536,792536,-61.37537,Mesosuchus,246.7,242.0,Middle Triassic,"(246.7, 242.0)"
2289,792537,792537,-61.37537,Euparkeria,246.7,242.0,Middle Triassic,"(246.7, 242.0)"
2290,797942,797942,20.93788,Macrocnemus,246.7,242.0,Middle Triassic,"(246.7, 242.0)"
2291,797942,797942,20.93788,Macrocnemus,246.7,242.0,Middle Triassic,"(246.7, 242.0)"
2292,806332,806332,61.32352,Turfanosuchus,246.7,242.0,Middle Triassic,"(246.7, 242.0)"
2293,811288,811288,21.05439,Fodonyx,246.7,242.0,Middle Triassic,"(246.7, 242.0)"
2294,811289,811289,21.05439,Fodonyx,246.7,242.0,Middle Triassic,"(246.7, 242.0)"
2295,811299,811299,21.05439,Fodonyx,246.7,242.0,Middle Triassic,"(246.7, 242.0)"
2296,811300,811300,21.05439,Fodonyx,246.7,242.0,Middle Triassic,"(246.7, 242.0)"
2297,811301,811301,21.05439,Fodonyx,246.7,242.0,Middle Triassic,"(246.7, 242.0)"
2298,811302,811302,21.05439,Fodonyx,246.7,242.0,Middle Triassic,"(246.7, 242.0)"
2299,811303,811303,21.05439,Fodonyx,246.7,242.0,Middle Triassic,"(246.7, 242.0)"
2300,811309,811309,21.05439,Fodonyx,246.7,242.0,Middle Triassic,"(246.7, 242.0)"
2301,811310,811310,21.05439,Fodonyx,246.7,242.0,Middle Triassic,"(246.7, 242.0)"
2302,811311,811311,21.05439,Fodonyx,246.7,242.0,Middle Triassic,"(246.7, 242.0)"
2303,811312,811312,21.05439,Fodonyx,246.7,242.0,Middle Triassic,"(246.7, 242.0)"
2304,811313,811313,21.05439,Fodonyx,246.7,242.0,Middle Triassic,"(246.7, 242.0)"
2305,811314,811314,21.05439,Fodonyx,246.7,242.0,Middle Triassic,"(246.7, 242.0)"
2306,811315,811315,21.05439,Fodonyx,246.7,242.0,Middle Triassic,"(246.7, 242.0)"
2307,811316,811316,21.05439,Fodonyx,246.7,242.0,Middle Triassic,"(246.7, 242.0)"
2308,811318,811318,21.05439,Fodonyx,246.7,242.0,Middle Triassic,"(246.7, 242.0)"
2309,811319,811319,21.05439,Fodonyx,246.7,242.0,Middle Triassic,"(246.7, 242.0)"
2310,811320,811320,21.05439,Fodonyx,246.7,242.0,Middle Triassic,"(246.7, 242.0)"
2311,811326,811326,21.05439,Bentonyx,246.7,242.0,Middle Triassic,"(246.7, 242.0)"
2312,811330,811330,21.05439,Kapes,246.7,242.0,Middle Triassic,"(246.7, 242.0)"
2313,811331,811331,21.05439,Kapes,246.7,242.0,Middle Triassic,"(246.7, 242.0)"
2314,811337,811337,21.05439,Coartaredens,246.7,242.0,Middle Triassic,"(246.7, 242.0)"
2315,811338,811338,21.05439,Coartaredens,246.7,242.0,Middle Triassic,"(246.7, 242.0)"
2316,811340,811340,21.05439,Fodonyx,246.7,242.0,Middle Triassic,"(246.7, 242.0)"
2317,811360,811360,21.05439,Tanystropheus,246.7,242.0,Middle Triassic,"(246.7, 242.0)"
2318,811363,811363,21.05439,Fodonyx,246.7,242.0,Middle Triassic,"(246.7, 242.0)"
2319,811364,811364,21.05439,Fodonyx,246.7,242.0,Middle Triassic,"(246.7, 242.0)"
2320,818246,818246,-39.82536,Yarasuchus,246.7,242.0,Middle Triassic,"(246.7, 242.0)"
2321,818246,818246,-39.82536,Yarasuchus,246.7,242.0,Middle Triassic,"(246.7, 242.0)"
2322,818268,818268,-39.82536,Pamelaria,246.7,242.0,Middle Triassic,"(246.7, 242.0)"
2323,818268,818268,-39.82536,Pamelaria,246.7,242.0,Middle Triassic,"(246.7, 242.0)"
2324,818268,818268,-39.82536,Pamelaria,246.7,242.0,Middle Triassic,"(246.7, 242.0)"
2325,818268,818268,-39.82536,Pamelaria,246.7,242.0,Middle Triassic,"(246.7, 242.0)"
2326,818268,818268,-39.82536,Pamelaria,246.7,242.0,Middle Triassic,"(246.7, 242.0)"
2327,818268,818268,-39.82536,Pamelaria,246.7,242.0,Middle Triassic,"(246.7, 242.0)"
2328,820895,820895,-61.37537,Erythrosuchus,246.7,242.0,Middle Triassic,"(246.7, 242.0)"
2329,832667,832667,-61.37537,Teratophon,246.7,242.0,Middle Triassic,"(246.7, 242.0)"
2330,832667,832667,-61.37537,Teratophon,246.7,242.0,Middle Triassic,"(246.7, 242.0)"
2331,832667,832667,-61.37537,Teratophon,246.7,242.0,Middle Triassic,"(246.7, 242.0)"
2332,832667,832667,-61.37537,Teratophon,246.7,242.0,Middle Triassic,"(246.7, 242.0)"
2333,832667,832667,-61.37537,Teratophon,246.7,242.0,Middle Triassic,"(246.7, 242.0)"
2334,832669,832669,-61.37537,Thelephon,246.7,242.0,Middle Triassic,"(246.7, 242.0)"
2335,832670,832670,-61.37537,Thelerpeton,246.7,242.0,Middle Triassic,"(246.7, 242.0)"
2336,832670,832670,-61.37537,Thelerpeton,246.7,242.0,Middle Triassic,"(246.7, 242.0)"
2337,832670,832670,-61.37537,Thelerpeton,246.7,242.0,Middle Triassic,"(246.7, 242.0)"
2338,832671,832671,-61.37537,Theledectes,246.7,242.0,Middle Triassic,"(246.7, 242.0)"
2339,833223,833223,42.97892,Eumetabolodon,246.7,242.0,Middle Triassic,"(246.7, 242.0)"
2340,833317,833317,40.81749,Neoprocolophon,246.7,242.0,Middle Triassic,"(246.7, 242.0)"
2341,838129,838129,-46.55859,Hypselorhachis,246.7,242.0,Middle Triassic,"(246.7, 242.0)"
2342,839581,839581,48.82432,Kapes,246.7,242.0,Middle Triassic,"(246.7, 242.0)"
2343,839583,839583,48.82432,Dorosuchus,246.7,242.0,Middle Triassic,"(246.7, 242.0)"
2344,843770,843770,-61.37537,Teratophon,246.7,242.0,Middle Triassic,"(246.7, 242.0)"
2345,851246,851246,-46.55859,Asilisaurus,246.7,242.0,Middle Triassic,"(246.7, 242.0)"
2346,851246,851246,-46.55859,Asilisaurus,246.7,242.0,Middle Triassic,"(246.7, 242.0)"
2347,851246,851246,-46.55859,Asilisaurus,246.7,242.0,Middle Triassic,"(246.7, 242.0)"
2348,851246,851246,-46.55859,Asilisaurus,246.7,242.0,Middle Triassic,"(246.7, 242.0)"
2349,851246,851246,-46.55859,Asilisaurus,246.7,242.0,Middle Triassic,"(246.7, 242.0)"
2350,851246,851246,-46.55859,Asilisaurus,246.7,242.0,Middle Triassic,"(246.7, 242.0)"
2351,851246,851246,-46.55859,Asilisaurus,246.7,242.0,Middle Triassic,"(246.7, 242.0)"
2352,851246,851246,-46.55859,Asilisaurus,246.7,242.0,Middle Triassic,"(246.7, 242.0)"
2353,851246,851246,-46.55859,Asilisaurus,246.7,242.0,Middle Triassic,"(246.7, 242.0)"
2354,851246,851246,-46.55859,Asilisaurus,246.7,242.0,Middle Triassic,"(246.7, 242.0)"
2355,851246,851246,-46.55859,Asilisaurus,246.7,242.0,Middle Triassic,"(246.7, 242.0)"
2356,851246,851246,-46.55859,Asilisaurus,246.7,242.0,Middle Triassic,"(246.7, 242.0)"
2357,851246,851246,-46.55859,Asilisaurus,246.7,242.0,Middle Triassic,"(246.7, 242.0)"
2358,851246,851246,-46.55859,Asilisaurus,246.7,242.0,Middle Triassic,"(246.7, 242.0)"
2359,873711,873711,27.06795,Eusaurosphargis,246.7,242.0,Middle Triassic,"(246.7, 242.0)"
2360,873713,873713,27.06795,Amotosaurus,246.7,242.0,Middle Triassic,"(246.7, 242.0)"
2361,877604,877604,48.82432,Sarmatosuchus,246.7,242.0,Middle Triassic,"(246.7, 242.0)"
2362,877605,877605,48.82432,Vjushkovisaurus,246.7,242.0,Middle Triassic,"(246.7, 242.0)"
2363,877610,877610,48.82432,Uralosaurus,246.7,242.0,Middle Triassic,"(246.7, 242.0)"
2364,877687,877687,48.82432,Uralosaurus,246.7,242.0,Middle Triassic,"(246.7, 242.0)"
2365,877701,877701,48.82432,Dorosuchus,246.7,242.0,Middle Triassic,"(246.7, 242.0)"
2366,877774,877774,48.82432,Dongusuchus,246.7,242.0,Middle Triassic,"(246.7, 242.0)"
2367,879452,879452,46.885,Dongusuchus,246.7,242.0,Middle Triassic,"(246.7, 242.0)"
2368,879453,879453,46.885,Uralosaurus,246.7,242.0,Middle Triassic,"(246.7, 242.0)"
2369,879454,879454,46.885,Vjushkovisaurus,246.7,242.0,Middle Triassic,"(246.7, 242.0)"
2370,880670,880670,17.90808,Lotosaurus,246.7,242.0,Middle Triassic,"(246.7, 242.0)"
2371,880670,880670,17.90808,Lotosaurus,246.7,242.0,Middle Triassic,"(246.7, 242.0)"
2372,880670,880670,17.90808,Lotosaurus,246.7,242.0,Middle Triassic,"(246.7, 242.0)"
2373,880670,880670,17.90808,Lotosaurus,246.7,242.0,Middle Triassic,"(246.7, 242.0)"
2374,880670,880670,17.90808,Lotosaurus,246.7,242.0,Middle Triassic,"(246.7, 242.0)"
2375,880670,880670,17.90808,Lotosaurus,246.7,242.0,Middle Triassic,"(246.7, 242.0)"
2376,880670,880670,17.90808,Lotosaurus,246.7,242.0,Middle Triassic,"(246.7, 242.0)"
2377,880670,880670,17.90808,Lotosaurus,246.7,242.0,Middle Triassic,"(246.7, 242.0)"
2378,880670,880670,17.90808,Lotosaurus,246.7,242.0,Middle Triassic,"(246.7, 242.0)"
2379,880670,880670,17.90808,Lotosaurus,246.7,242.0,Middle Triassic,"(246.7, 242.0)"
2380,880672,880672,18.30839,Lotosaurus,246.7,242.0,Middle Triassic,"(246.7, 242.0)"
2381,880673,880673,23.39688,Rhombopholis,246.7,242.0,Middle Triassic,"(246.7, 242.0)"
2382,880676,880676,23.39688,Langeronyx,246.7,242.0,Middle Triassic,"(246.7, 242.0)"
2383,880677,880677,23.39688,Bromsgroveia,246.7,242.0,Middle Triassic,"(246.7, 242.0)"
2384,899258,899258,42.97892,Halazhaisuchus,246.7,242.0,Middle Triassic,"(246.7, 242.0)"
2385,902067,902067,40.81749,Shansisuchus,246.7,242.0,Middle Triassic,"(246.7, 242.0)"
2386,902068,902068,40.81749,Shansisuchus,246.7,242.0,Middle Triassic,"(246.7, 242.0)"
2387,902069,902069,40.81749,Shansisuchus,246.7,242.0,Middle Triassic,"(246.7, 242.0)"
2388,902069,902069,40.81749,Shansisuchus,246.7,242.0,Middle Triassic,"(246.7, 242.0)"
2389,902070,902070,40.81749,Shansisuchus,246.7,242.0,Middle Triassic,"(246.7, 242.0)"
2390,902070,902070,40.81749,Shansisuchus,246.7,242.0,Middle Triassic,"(246.7, 242.0)"
2391,902070,902070,40.81749,Shansisuchus,246.7,242.0,Middle Triassic,"(246.7, 242.0)"
2392,902070,902070,40.81749,Shansisuchus,246.7,242.0,Middle Triassic,"(246.7, 242.0)"
2393,902070,902070,40.81749,Shansisuchus,246.7,242.0,Middle Triassic,"(246.7, 242.0)"
2394,902070,902070,40.81749,Shansisuchus,246.7,242.0,Middle Triassic,"(246.7, 242.0)"
2395,902070,902070,40.81749,Shansisuchus,246.7,242.0,Middle Triassic,"(246.7, 242.0)"
2396,902070,902070,40.81749,Shansisuchus,246.7,242.0,Middle Triassic,"(246.7, 242.0)"
2397,902070,902070,40.81749,Shansisuchus,246.7,242.0,Middle Triassic,"(246.7, 242.0)"
2398,902070,902070,40.81749,Shansisuchus,246.7,242.0,Middle Triassic,"(246.7, 242.0)"
2399,902070,902070,40.81749,Shansisuchus,246.7,242.0,Middle Triassic,"(246.7, 242.0)"
2400,902070,902070,40.81749,Shansisuchus,246.7,242.0,Middle Triassic,"(246.7, 242.0)"
2401,902070,902070,40.81749,Shansisuchus,246.7,242.0,Middle Triassic,"(246.7, 242.0)"
2402,902070,902070,40.81749,Shansisuchus,246.7,242.0,Middle Triassic,"(246.7, 242.0)"
2403,902070,902070,40.81749,Shansisuchus,246.7,242.0,Middle Triassic,"(246.7, 242.0)"
2404,902070,902070,40.81749,Shansisuchus,246.7,242.0,Middle Triassic,"(246.7, 242.0)"
2405,902070,902070,40.81749,Shansisuchus,246.7,242.0,Middle Triassic,"(246.7, 242.0)"
2406,902070,902070,40.81749,Shansisuchus,246.7,242.0,Middle Triassic,"(246.7, 242.0)"
2407,902070,902070,40.81749,Shansisuchus,246.7,242.0,Middle Triassic,"(246.7, 242.0)"
2408,902070,902070,40.81749,Shansisuchus,246.7,242.0,Middle Triassic,"(246.7, 242.0)"
2409,902070,902070,40.81749,Shansisuchus,246.7,242.0,Middle Triassic,"(246.7, 242.0)"
2410,902070,902070,40.81749,Shansisuchus,246.7,242.0,Middle Triassic,"(246.7, 242.0)"
2411,902070,902070,40.81749,Shansisuchus,246.7,242.0,Middle Triassic,"(246.7, 242.0)"
2412,902070,902070,40.81749,Shansisuchus,246.7,242.0,Middle Triassic,"(246.7, 242.0)"
2413,902070,902070,40.81749,Shansisuchus,246.7,242.0,Middle Triassic,"(246.7, 242.0)"
2414,902070,902070,40.81749,Shansisuchus,246.7,242.0,Middle Triassic,"(246.7, 242.0)"
2415,902070,902070,40.81749,Shansisuchus,246.7,242.0,Middle Triassic,"(246.7, 242.0)"
2416,902070,902070,40.81749,Shansisuchus,246.7,242.0,Middle Triassic,"(246.7, 242.0)"
2417,902070,902070,40.81749,Shansisuchus,246.7,242.0,Middle Triassic,"(246.7, 242.0)"
2418,902070,902070,40.81749,Shansisuchus,246.7,242.0,Middle Triassic,"(246.7, 242.0)"
2419,902070,902070,40.81749,Shansisuchus,246.7,242.0,Middle Triassic,"(246.7, 242.0)"
2420,902070,902070,40.81749,Shansisuchus,246.7,242.0,Middle Triassic,"(246.7, 242.0)"
2421,902070,902070,40.81749,Shansisuchus,246.7,242.0,Middle Triassic,"(246.7, 242.0)"
2422,902374,902374,42.97892,Guchengosuchus,246.7,242.0,Middle Triassic,"(246.7, 242.0)"
2423,902375,902375,61.32352,Youngosuchus,246.7,242.0,Middle Triassic,"(246.7, 242.0)"
2424,902378,902378,40.81749,Shansisuchus,246.7,242.0,Middle Triassic,"(246.7, 242.0)"
2425,902379,902379,40.81749,Shansisuchus,246.7,242.0,Middle Triassic,"(246.7, 242.0)"
2426,902380,902380,40.81749,Shansisuchus,246.7,242.0,Middle Triassic,"(246.7, 242.0)"
2427,902381,902381,40.81749,Shansisuchus,246.7,242.0,Middle Triassic,"(246.7, 242.0)"
2428,902382,902382,40.81749,Shansisuchus,246.7,242.0,Middle Triassic,"(246.7, 242.0)"
2429,902383,902383,40.81749,Shansisuchus,246.7,242.0,Middle Triassic,"(246.7, 242.0)"
2430,902384,902384,42.97892,Shansisuchus,246.7,242.0,Middle Triassic,"(246.7, 242.0)"
2431,902385,902385,42.97892,Shansisuchus,246.7,242.0,Middle Triassic,"(246.7, 242.0)"
2432,902385,902385,42.97892,Shansisuchus,246.7,242.0,Middle Triassic,"(246.7, 242.0)"
2433,902386,902386,42.97892,Shansisuchus,246.7,242.0,Middle Triassic,"(246.7, 242.0)"
2434,902395,902395,40.81749,Shansisuchus,246.7,242.0,Middle Triassic,"(246.7, 242.0)"
2435,902395,902395,40.81749,Shansisuchus,246.7,242.0,Middle Triassic,"(246.7, 242.0)"
2436,902395,902395,40.81749,Shansisuchus,246.7,242.0,Middle Triassic,"(246.7, 242.0)"
2437,902395,902395,40.81749,Shansisuchus,246.7,242.0,Middle Triassic,"(246.7, 242.0)"
2438,902395,902395,40.81749,Shansisuchus,246.7,242.0,Middle Triassic,"(246.7, 242.0)"
2439,902396,902396,40.81749,Shansisuchus,246.7,242.0,Middle Triassic,"(246.7, 242.0)"
2440,902397,902397,40.81749,Shansisuchus,246.7,242.0,Middle Triassic,"(246.7, 242.0)"
2441,902398,902398,40.81749,Shansisuchus,246.7,242.0,Middle Triassic,"(246.7, 242.0)"
2442,902417,902417,42.97892,Shansisuchus,246.7,242.0,Middle Triassic,"(246.7, 242.0)"
2443,902422,902422,40.81749,Shansisuchus,246.7,242.0,Middle Triassic,"(246.7, 242.0)"
2444,921159,921159,-46.55859,Stenaulorhynchus,246.7,242.0,Middle Triassic,"(246.7, 242.0)"
2445,921162,921162,-46.55859,Stagonosuchus,246.7,242.0,Middle Triassic,"(246.7, 242.0)"
2446,921163,921163,-46.55859,Ruhuhuaria,246.7,242.0,Middle Triassic,"(246.7, 242.0)"
2447,923785,923785,-63.33496,Erythrosuchus,246.7,242.0,Middle Triassic,"(246.7, 242.0)"
2448,923790,923790,-46.55859,Stagonosuchus,246.7,242.0,Middle Triassic,"(246.7, 242.0)"
2449,923790,923790,-46.55859,Stagonosuchus,246.7,242.0,Middle Triassic,"(246.7, 242.0)"
2450,923791,923791,20.93788,Ticinosuchus,246.7,242.0,Middle Triassic,"(246.7, 242.0)"
2451,923792,923792,20.93788,Ticinosuchus,246.7,242.0,Middle Triassic,"(246.7, 242.0)"
2452,986756,986756,-61.37537,Erythrosuchus,246.7,242.0,Middle Triassic,"(246.7, 242.0)"
2453,986756,986756,-61.37537,Erythrosuchus,246.7,242.0,Middle Triassic,"(246.7, 242.0)"
2454,986756,986756,-61.37537,Erythrosuchus,246.7,242.0,Middle Triassic,"(246.7, 242.0)"
2455,1071678,1071678,-46.55859,Stenaulorhynchus,246.7,242.0,Middle Triassic,"(246.7, 242.0)"
2456,1087839,1087839,-39.82536,Mesodapedon,246.7,242.0,Middle Triassic,"(246.7, 242.0)"
2457,1089127,1089127,-46.55859,Nyasasaurus,246.7,242.0,Middle Triassic,"(246.7, 242.0)"
2458,1089130,1089130,-46.55859,Nyasasaurus,246.7,242.0,Middle Triassic,"(246.7, 242.0)"
2459,1089825,1089825,-46.55859,Stagonosuchus,246.7,242.0,Middle Triassic,"(246.7, 242.0)"
2460,1106822,1106822,26.46257,Thecodontosaurus,246.7,242.0,Middle Triassic,"(246.7, 242.0)"
2461,1106823,1106823,29.56131,Protanystropheus,246.7,242.0,Middle Triassic,"(246.7, 242.0)"
2462,1134215,1134215,-61.37537,Howesia,246.7,242.0,Middle Triassic,"(246.7, 242.0)"
2463,1134215,1134215,-61.37537,Howesia,246.7,242.0,Middle Triassic,"(246.7, 242.0)"
2464,1134313,1134313,-46.55859,Asperoris,246.7,242.0,Middle Triassic,"(246.7, 242.0)"
2465,1163590,1163590,46.885,Jushatyria,246.7,242.0,Middle Triassic,"(246.7, 242.0)"
2466,1242875,1242875,-61.37537,Erythrosuchus,246.7,242.0,Middle Triassic,"(246.7, 242.0)"
2467,1266936,1266936,-61.37537,Palacrodon,246.7,242.0,Middle Triassic,"(246.7, 242.0)"
2468,1284944,1284944,-61.37537,Eohyosaurus,246.7,242.0,Middle Triassic,"(246.7, 242.0)"
2469,1284945,1284945,-61.37537,Erythrosuchus,246.7,242.0,Middle Triassic,"(246.7, 242.0)"
2470,1308749,1308749,40.10246,Shansisuchus,246.7,242.0,Middle Triassic,"(246.7, 242.0)"
2471,1332742,1332742,-63.33496,Erythrosuchus,246.7,242.0,Middle Triassic,"(246.7, 242.0)"
2472,1340356,1340356,-46.55859,Asilisaurus,246.7,242.0,Middle Triassic,"(246.7, 242.0)"
2473,1340357,1340357,-46.55859,Asilisaurus,246.7,242.0,Middle Triassic,"(246.7, 242.0)"
2474,1340358,1340358,-46.55859,Asilisaurus,246.7,242.0,Middle Triassic,"(246.7, 242.0)"
2475,1340358,1340358,-46.55859,Asilisaurus,246.7,242.0,Middle Triassic,"(246.7, 242.0)"
2476,1347585,1347585,22.98052,Protanystropheus,246.7,242.0,Middle Triassic,"(246.7, 242.0)"
2477,1363319,1363319,-46.55859,Teleocrater,246.7,242.0,Middle Triassic,"(246.7, 242.0)"
2478,1375740,1375740,-46.55859,Teleocrater,246.7,242.0,Middle Triassic,"(246.7, 242.0)"
2479,1383183,1383183,48.82432,Dongusuchus,246.7,242.0,Middle Triassic,"(246.7, 242.0)"
2480,1397832,1397832,-46.55859,Mandaphon,246.7,242.0,Middle Triassic,"(246.7, 242.0)"
2481,1397833,1397833,-46.55859,Teleocrater,246.7,242.0,Middle Triassic,"(246.7, 242.0)"
2482,1405272,1405272,-38.39131,Shringasaurus,246.7,242.0,Middle Triassic,"(246.7, 242.0)"
2483,1405272,1405272,-38.39131,Shringasaurus,246.7,242.0,Middle Triassic,"(246.7, 242.0)"
2484,1405272,1405272,-38.39131,Shringasaurus,246.7,242.0,Middle Triassic,"(246.7, 242.0)"
2485,1405272,1405272,-38.39131,Shringasaurus,246.7,242.0,Middle Triassic,"(246.7, 242.0)"
2486,1405272,1405272,-38.39131,Shringasaurus,246.7,242.0,Middle Triassic,"(246.7, 242.0)"
2487,1405272,1405272,-38.39131,Shringasaurus,246.7,242.0,Middle Triassic,"(246.7, 242.0)"
2488,1405272,1405272,-38.39131,Shringasaurus,246.7,242.0,Middle Triassic,"(246.7, 242.0)"
2489,1406763,1406763,-46.55859,Mandasuchus,246.7,242.0,Middle Triassic,"(246.7, 242.0)"
2490,1406763,1406763,-46.55859,Mandasuchus,246.7,242.0,Middle Triassic,"(246.7, 242.0)"
2491,1406766,1406766,-46.55859,Stenaulorhynchus,246.7,242.0,Middle Triassic,"(246.7, 242.0)"
2492,1406767,1406767,-46.55859,Mandasuchus,246.7,242.0,Middle Triassic,"(246.7, 242.0)"
2493,1406768,1406768,-46.55859,Mandasuchus,246.7,242.0,Middle Triassic,"(246.7, 242.0)"
2494,1407310,1407310,-46.55859,Nundasuchus,246.7,242.0,Middle Triassic,"(246.7, 242.0)"
2495,1415292,1415292,29.56131,Hemilopas,246.7,242.0,Middle Triassic,"(246.7, 242.0)"
2496,1415293,1415293,29.56131,Hemilopas,246.7,242.0,Middle Triassic,"(246.7, 242.0)"
2497,1415294,1415294,29.56131,Hemilopas,246.7,242.0,Middle Triassic,"(246.7, 242.0)"
2498,1415297,1415297,29.56131,Hemilopas,246.7,242.0,Middle Triassic,"(246.7, 242.0)"
2499,1419692,1419692,29.9194,Tanystropheus,246.7,242.0,Middle Triassic,"(246.7, 242.0)"
2500,1425292,1425292,12.57983,Pectodens,246.7,242.0,Middle Triassic,"(246.7, 242.0)"
2501,1428360,1428360,-46.55859,Stagonosuchus,246.7,242.0,Middle Triassic,"(246.7, 242.0)"
2502,1530023,1530023,21.05439,Feralisaurus,246.7,242.0,Middle Triassic,"(246.7, 242.0)"
2503,1574347,1574347,29.56131,Cladeiodon,246.7,242.0,Middle Triassic,"(246.7, 242.0)"
2504,1583200,1583200,26.0552,Heteropelta,246.7,242.0,Middle Triassic,"(246.7, 242.0)"
2505,1587701,1587701,-46.55859,Mambawakale,246.7,242.0,Middle Triassic,"(246.7, 242.0)"
2506,1611415,1611415,11.92386,Sclerosaurus,246.7,242.0,Middle Triassic,"(246.7, 242.0)"
2507,1611416,1611416,11.92386,Anomoiodon,246.7,242.0,Middle Triassic,"(246.7, 242.0)"
2508,1611419,1611419,11.92386,Tanystropheus,246.7,242.0,Middle Triassic,"(246.7, 242.0)"
2509,1658965,1658965,16.03868,Benggwigwishingasuchus,246.7,242.0,Middle Triassic,"(246.7, 242.0)"
2510,149866,149866,-49.98075,Lewisuchus,242.0,237.0,Middle Triassic,"(242.0, 237.0)"
2511,149867,149867,-49.98075,Lagerpeton,242.0,237.0,Middle Triassic,"(242.0, 237.0)"
2512,272321,272321,-49.98075,Luperosuchus,242.0,237.0,Middle Triassic,"(242.0, 237.0)"
2513,272322,272322,-49.98075,Lagerpeton,242.0,237.0,Middle Triassic,"(242.0, 237.0)"
2514,272323,272323,-49.98075,Chanaresuchus,242.0,237.0,Middle Triassic,"(242.0, 237.0)"
2515,272324,272324,-49.98075,Gualosuchus,242.0,237.0,Middle Triassic,"(242.0, 237.0)"
2516,272325,272325,-49.98075,Gracilisuchus,242.0,237.0,Middle Triassic,"(242.0, 237.0)"
2517,272327,272327,-49.98075,Marasuchus,242.0,237.0,Middle Triassic,"(242.0, 237.0)"
2518,272328,272328,-49.98075,Lewisuchus,242.0,237.0,Middle Triassic,"(242.0, 237.0)"
2519,272329,272329,-49.98075,Tropidosuchus,242.0,237.0,Middle Triassic,"(242.0, 237.0)"
2520,272330,272330,-49.98075,Tarjadia,242.0,237.0,Middle Triassic,"(242.0, 237.0)"
2521,486189,486189,-49.04351,Spondylosoma,242.0,237.0,Middle Triassic,"(242.0, 237.0)"
2522,486398,486398,27.72418,Zanclodon,242.0,237.0,Middle Triassic,"(242.0, 237.0)"
2523,573788,573788,-49.98075,Gracilisuchus,242.0,237.0,Middle Triassic,"(242.0, 237.0)"
2524,573792,573792,-49.98075,Luperosuchus,242.0,237.0,Middle Triassic,"(242.0, 237.0)"
2525,573793,573793,-49.98075,Lagerpeton,242.0,237.0,Middle Triassic,"(242.0, 237.0)"
2526,573794,573794,-49.98075,Chanaresuchus,242.0,237.0,Middle Triassic,"(242.0, 237.0)"
2527,573795,573795,-49.98075,Gualosuchus,242.0,237.0,Middle Triassic,"(242.0, 237.0)"
2528,668708,668708,-49.04351,Prestosuchus,242.0,237.0,Middle Triassic,"(242.0, 237.0)"
2529,789771,789771,51.56832,Chalishevia,242.0,237.0,Middle Triassic,"(242.0, 237.0)"
2530,789773,789773,51.56832,Energosuchus,242.0,237.0,Middle Triassic,"(242.0, 237.0)"
2531,791754,791754,27.72418,Zanclodon,242.0,237.0,Middle Triassic,"(242.0, 237.0)"
2532,797957,797957,22.30036,Macrocnemus,242.0,237.0,Middle Triassic,"(242.0, 237.0)"
2533,837002,837002,-49.04351,Candelaria,242.0,237.0,Middle Triassic,"(242.0, 237.0)"
2534,837006,837006,-49.04351,Candelaria,242.0,237.0,Middle Triassic,"(242.0, 237.0)"
2535,837006,837006,-49.04351,Candelaria,242.0,237.0,Middle Triassic,"(242.0, 237.0)"
2536,877690,877690,51.56832,Chalishevia,242.0,237.0,Middle Triassic,"(242.0, 237.0)"
2537,877792,877792,51.56832,Chalishevia,242.0,237.0,Middle Triassic,"(242.0, 237.0)"
2538,877798,877798,51.56832,Malutinisuchus,242.0,237.0,Middle Triassic,"(242.0, 237.0)"
2539,877799,877799,51.56832,Chalishevia,242.0,237.0,Middle Triassic,"(242.0, 237.0)"
2540,877800,877800,51.56832,Energosuchus,242.0,237.0,Middle Triassic,"(242.0, 237.0)"
2541,895292,895292,-49.04351,Barberenasuchus,242.0,237.0,Middle Triassic,"(242.0, 237.0)"
2542,895947,895947,-49.04351,Spondylosoma,242.0,237.0,Middle Triassic,"(242.0, 237.0)"
2543,896139,896139,-49.04351,Prestosuchus,242.0,237.0,Middle Triassic,"(242.0, 237.0)"
2544,896140,896140,-49.04351,Prestosuchus,242.0,237.0,Middle Triassic,"(242.0, 237.0)"
2545,896145,896145,-49.04351,Prestosuchus,242.0,237.0,Middle Triassic,"(242.0, 237.0)"
2546,896147,896147,-49.04351,Spondylosoma,242.0,237.0,Middle Triassic,"(242.0, 237.0)"
2547,922174,922174,-49.98075,Tropidosuchus,242.0,237.0,Middle Triassic,"(242.0, 237.0)"
2548,922175,922175,-49.98075,Marasuchus,242.0,237.0,Middle Triassic,"(242.0, 237.0)"
2549,922176,922176,-49.98075,Luperosuchus,242.0,237.0,Middle Triassic,"(242.0, 237.0)"
2550,922177,922177,-49.98075,Tarjadia,242.0,237.0,Middle Triassic,"(242.0, 237.0)"
2551,922178,922178,-49.98075,Tarjadia,242.0,237.0,Middle Triassic,"(242.0, 237.0)"
2552,922179,922179,-49.98075,Tarjadia,242.0,237.0,Middle Triassic,"(242.0, 237.0)"
2553,922685,922685,-49.04351,Brasinorhynchus,242.0,237.0,Middle Triassic,"(242.0, 237.0)"
2554,923804,923804,-49.98075,Lewisuchus,242.0,237.0,Middle Triassic,"(242.0, 237.0)"
2555,923804,923804,-49.98075,Lewisuchus,242.0,237.0,Middle Triassic,"(242.0, 237.0)"
2556,923804,923804,-49.98075,Lewisuchus,242.0,237.0,Middle Triassic,"(242.0, 237.0)"
2557,923807,923807,-49.98075,Lagerpeton,242.0,237.0,Middle Triassic,"(242.0, 237.0)"
2558,923807,923807,-49.98075,Lagerpeton,242.0,237.0,Middle Triassic,"(242.0, 237.0)"
2559,923809,923809,-49.98075,Tropidosuchus,242.0,237.0,Middle Triassic,"(242.0, 237.0)"
2560,923809,923809,-49.98075,Tropidosuchus,242.0,237.0,Middle Triassic,"(242.0, 237.0)"
2561,923809,923809,-49.98075,Tropidosuchus,242.0,237.0,Middle Triassic,"(242.0, 237.0)"
2562,923809,923809,-49.98075,Tropidosuchus,242.0,237.0,Middle Triassic,"(242.0, 237.0)"
2563,923809,923809,-49.98075,Tropidosuchus,242.0,237.0,Middle Triassic,"(242.0, 237.0)"
2564,923809,923809,-49.98075,Tropidosuchus,242.0,237.0,Middle Triassic,"(242.0, 237.0)"
2565,923809,923809,-49.98075,Tropidosuchus,242.0,237.0,Middle Triassic,"(242.0, 237.0)"
2566,924724,924724,-49.04351,Prestosuchus,242.0,237.0,Middle Triassic,"(242.0, 237.0)"
2567,924725,924725,-49.04351,Prestosuchus,242.0,237.0,Middle Triassic,"(242.0, 237.0)"
2568,924728,924728,-49.04351,Procerosuchus,242.0,237.0,Middle Triassic,"(242.0, 237.0)"
2569,930780,930780,-49.04351,Archeopelta,242.0,237.0,Middle Triassic,"(242.0, 237.0)"
2570,931425,931425,18.78245,Macrocnemus,242.0,237.0,Middle Triassic,"(242.0, 237.0)"
2571,931425,931425,18.78245,Macrocnemus,242.0,237.0,Middle Triassic,"(242.0, 237.0)"
2572,931597,931597,22.30036,Tanystropheus,242.0,237.0,Middle Triassic,"(242.0, 237.0)"
2573,931662,931662,27.72418,Tanystropheus,242.0,237.0,Middle Triassic,"(242.0, 237.0)"
2574,933819,933819,-49.04351,Decuriasuchus,242.0,237.0,Middle Triassic,"(242.0, 237.0)"
2575,933819,933819,-49.04351,Decuriasuchus,242.0,237.0,Middle Triassic,"(242.0, 237.0)"
2576,933819,933819,-49.04351,Decuriasuchus,242.0,237.0,Middle Triassic,"(242.0, 237.0)"
2577,933819,933819,-49.04351,Decuriasuchus,242.0,237.0,Middle Triassic,"(242.0, 237.0)"
2578,933819,933819,-49.04351,Decuriasuchus,242.0,237.0,Middle Triassic,"(242.0, 237.0)"
2579,933819,933819,-49.04351,Decuriasuchus,242.0,237.0,Middle Triassic,"(242.0, 237.0)"
2580,933819,933819,-49.04351,Decuriasuchus,242.0,237.0,Middle Triassic,"(242.0, 237.0)"
2581,933819,933819,-49.04351,Decuriasuchus,242.0,237.0,Middle Triassic,"(242.0, 237.0)"
2582,933819,933819,-49.04351,Decuriasuchus,242.0,237.0,Middle Triassic,"(242.0, 237.0)"
2583,933820,933820,-49.04351,Decuriasuchus,242.0,237.0,Middle Triassic,"(242.0, 237.0)"
2584,1071217,1071217,18.78245,Diandongosuchus,242.0,237.0,Middle Triassic,"(242.0, 237.0)"
2585,1106820,1106820,24.21337,Thecodontosaurus,242.0,237.0,Middle Triassic,"(242.0, 237.0)"
2586,1127579,1127579,56.83089,Malutinisuchus,242.0,237.0,Middle Triassic,"(242.0, 237.0)"
2587,1290839,1290839,18.78245,Fuyuansaurus,242.0,237.0,Middle Triassic,"(242.0, 237.0)"
2588,1347723,1347723,18.78245,Litorosuchus,242.0,237.0,Middle Triassic,"(242.0, 237.0)"
2589,1419215,1419215,25.88766,Horaffia,242.0,237.0,Middle Triassic,"(242.0, 237.0)"
2590,1419795,1419795,22.30036,Tanystropheus,242.0,237.0,Middle Triassic,"(242.0, 237.0)"
2591,1565299,1565299,-49.98075,Chanaresuchus,242.0,237.0,Middle Triassic,"(242.0, 237.0)"
2592,1615939,1615939,-49.04351,Gamatavus,242.0,237.0,Middle Triassic,"(242.0, 237.0)"
2593,N30,N30,-49.04351,Brasinorhynchus,242.0,237.0,Middle Triassic,"(242.0, 237.0)"
2594,N35,N35,-49.04351,Candelaria,242.0,237.0,Middle Triassic,"(242.0, 237.0)"
2595,N245,N245,-49.04351,Gamatavus,242.0,237.0,Middle Triassic,"(242.0, 237.0)"
2596,N371,N371,-49.04351,Parvosuchus,242.0,237.0,Middle Triassic,"(242.0, 237.0)"
2597,N372,N372,-49.04351,Prestosuchus,242.0,237.0,Middle Triassic,"(242.0, 237.0)"
2598,N373,N373,-49.04351,Prestosuchus,242.0,237.0,Middle Triassic,"(242.0, 237.0)"
2599,N374,N374,-49.04351,Prestosuchus,242.0,237.0,Middle Triassic,"(242.0, 237.0)"
2600,N375,N375,-49.04351,Prestosuchus,242.0,237.0,Middle Triassic,"(242.0, 237.0)"
2601,N513,N513,-49.04351,Retymaijychampsa,242.0,237.0,Middle Triassic,"(242.0, 237.0)"
2602,N514,N514,-49.04351,Schultzsuchus,242.0,237.0,Middle Triassic,"(242.0, 237.0)"
2603,N519,N519,-49.04351,Pinheirochampsa,242.0,237.0,Middle Triassic,"(242.0, 237.0)"
2604,N520,N520,-49.04351,Gondwanax,242.0,237.0,Middle Triassic,"(242.0, 237.0)"
2605,N522,N522,-49.98075,Elorhynchus,242.0,237.0,Middle Triassic,"(242.0, 237.0)"
2606,N524,N524,-54.97644,Koilamasuchus,242.0,237.0,Middle Triassic,"(242.0, 237.0)"
2607,279623,279623,-62.75164,Bradysaurus,264.28,259.51,Guadalupian,"(264.28, 259.51)"
2608,299715,299715,44.38761,Deltavjatia,264.28,259.51,Guadalupian,"(264.28, 259.51)"
2609,790206,790206,44.38761,Emeroleter,264.28,259.51,Guadalupian,"(264.28, 259.51)"
2610,790206,790206,44.38761,Emeroleter,264.28,259.51,Guadalupian,"(264.28, 259.51)"
2611,790206,790206,44.38761,Emeroleter,264.28,259.51,Guadalupian,"(264.28, 259.51)"
2612,790206,790206,44.38761,Emeroleter,264.28,259.51,Guadalupian,"(264.28, 259.51)"
2613,790206,790206,44.38761,Emeroleter,264.28,259.51,Guadalupian,"(264.28, 259.51)"
2614,790206,790206,44.38761,Emeroleter,264.28,259.51,Guadalupian,"(264.28, 259.51)"
2615,790206,790206,44.38761,Emeroleter,264.28,259.51,Guadalupian,"(264.28, 259.51)"
2616,808649,808649,-61.12582,Eunotosaurus,264.28,259.51,Guadalupian,"(264.28, 259.51)"
2617,808649,808649,-61.12582,Eunotosaurus,264.28,259.51,Guadalupian,"(264.28, 259.51)"
2618,814159,814159,-62.75164,Australothyris,264.28,259.51,Guadalupian,"(264.28, 259.51)"
2619,814161,814161,44.38761,Deltavjatia,264.28,259.51,Guadalupian,"(264.28, 259.51)"
2620,814161,814161,44.38761,Deltavjatia,264.28,259.51,Guadalupian,"(264.28, 259.51)"
2621,814161,814161,44.38761,Deltavjatia,264.28,259.51,Guadalupian,"(264.28, 259.51)"
2622,814161,814161,44.38761,Deltavjatia,264.28,259.51,Guadalupian,"(264.28, 259.51)"
2623,814161,814161,44.38761,Deltavjatia,264.28,259.51,Guadalupian,"(264.28, 259.51)"
2624,814161,814161,44.38761,Deltavjatia,264.28,259.51,Guadalupian,"(264.28, 259.51)"
2625,814161,814161,44.38761,Deltavjatia,264.28,259.51,Guadalupian,"(264.28, 259.51)"
2626,814161,814161,44.38761,Deltavjatia,264.28,259.51,Guadalupian,"(264.28, 259.51)"
2627,814161,814161,44.38761,Deltavjatia,264.28,259.51,Guadalupian,"(264.28, 259.51)"
2628,815480,815480,-65.18245,Broomia,264.28,259.51,Guadalupian,"(264.28, 259.51)"
2629,815481,815481,-62.75164,Broomia,264.28,259.51,Guadalupian,"(264.28, 259.51)"
2630,820640,820640,-62.75164,Eunotosaurus,264.28,259.51,Guadalupian,"(264.28, 259.51)"
2631,820640,820640,-62.75164,Eunotosaurus,264.28,259.51,Guadalupian,"(264.28, 259.51)"
2632,833055,833055,-65.18245,Eunotosaurus,264.28,259.51,Guadalupian,"(264.28, 259.51)"
2633,833854,833854,-62.75164,Eunotosaurus,264.28,259.51,Guadalupian,"(264.28, 259.51)"
2634,833855,833855,-62.75164,Eunotosaurus,264.28,259.51,Guadalupian,"(264.28, 259.51)"
2635,833864,833864,-62.75164,Eunotosaurus,264.28,259.51,Guadalupian,"(264.28, 259.51)"
2636,837578,837578,43.04599,Scutosaurus,264.28,259.51,Guadalupian,"(264.28, 259.51)"
2637,837578,837578,43.04599,Scutosaurus,264.28,259.51,Guadalupian,"(264.28, 259.51)"
2638,837578,837578,43.04599,Scutosaurus,264.28,259.51,Guadalupian,"(264.28, 259.51)"
2639,838586,838586,-62.75164,Bradysaurus,264.28,259.51,Guadalupian,"(264.28, 259.51)"
2640,838605,838605,-62.75164,Bradysaurus,264.28,259.51,Guadalupian,"(264.28, 259.51)"
2641,838606,838606,-62.75164,Bradysaurus,264.28,259.51,Guadalupian,"(264.28, 259.51)"
2642,838608,838608,-62.75164,Bradysaurus,264.28,259.51,Guadalupian,"(264.28, 259.51)"
2643,838614,838614,-62.75164,Bradysaurus,264.28,259.51,Guadalupian,"(264.28, 259.51)"
2644,838651,838651,-62.75164,Bradysaurus,264.28,259.51,Guadalupian,"(264.28, 259.51)"
2645,838652,838652,-62.75164,Bradysaurus,264.28,259.51,Guadalupian,"(264.28, 259.51)"
2646,838666,838666,-62.75164,Bradysaurus,264.28,259.51,Guadalupian,"(264.28, 259.51)"
2647,838668,838668,-62.75164,Bradysaurus,264.28,259.51,Guadalupian,"(264.28, 259.51)"
2648,838670,838670,-62.75164,Bradysaurus,264.28,259.51,Guadalupian,"(264.28, 259.51)"
2649,838670,838670,-62.75164,Bradysaurus,264.28,259.51,Guadalupian,"(264.28, 259.51)"
2650,838692,838692,-62.75164,Bradysaurus,264.28,259.51,Guadalupian,"(264.28, 259.51)"
2651,1163740,1163740,43.04599,Eorasaurus,264.28,259.51,Guadalupian,"(264.28, 259.51)"
2652,1313329,1313329,-62.75164,Pareiasaurus,264.28,259.51,Guadalupian,"(264.28, 259.51)"
2653,1313330,1313330,-62.75164,Pareiasuchus,264.28,259.51,Guadalupian,"(264.28, 259.51)"
2654,1317363,1317363,-62.75164,Bradysaurus,264.28,259.51,Guadalupian,"(264.28, 259.51)"
2655,1325014,1325014,-62.75164,Bradysaurus,264.28,259.51,Guadalupian,"(264.28, 259.51)"
2656,1328819,1328819,-62.75164,Pareiasaurus,264.28,259.51,Guadalupian,"(264.28, 259.51)"
2657,1340461,1340461,-62.75164,Bradysaurus,264.28,259.51,Guadalupian,"(264.28, 259.51)"
2658,1340462,1340462,-62.75164,Bradysaurus,264.28,259.51,Guadalupian,"(264.28, 259.51)"
2659,1340493,1340493,-62.75164,Bradysaurus,264.28,259.51,Guadalupian,"(264.28, 259.51)"
2660,1382830,1382830,44.38761,Deltavjatia,264.28,259.51,Guadalupian,"(264.28, 259.51)"
2661,1382867,1382867,43.51609,Scutosaurus,264.28,259.51,Guadalupian,"(264.28, 259.51)"
2662,1417381,1417381,43.51609,Scutosaurus,264.28,259.51,Guadalupian,"(264.28, 259.51)"
2663,1417834,1417834,-63.48283,Eunotosaurus,264.28,259.51,Guadalupian,"(264.28, 259.51)"
2664,1425418,1425418,-62.75164,Nochelesaurus,264.28,259.51,Guadalupian,"(264.28, 259.51)"
2665,1425560,1425560,-62.75164,Embrithosaurus,264.28,259.51,Guadalupian,"(264.28, 259.51)"
2666,1428084,1428084,-62.75164,Styracocephalus,264.28,259.51,Guadalupian,"(264.28, 259.51)"
2667,1428085,1428085,-62.75164,Styracocephalus,264.28,259.51,Guadalupian,"(264.28, 259.51)"
2668,1428086,1428086,-62.75164,Styracocephalus,264.28,259.51,Guadalupian,"(264.28, 259.51)"
2669,1428389,1428389,-62.75164,Bradysaurus,264.28,259.51,Guadalupian,"(264.28, 259.51)"
2670,1428394,1428394,-62.75164,Bradysaurus,264.28,259.51,Guadalupian,"(264.28, 259.51)"
2671,1428401,1428401,-62.75164,Nochelesaurus,264.28,259.51,Guadalupian,"(264.28, 259.51)"
2672,1428412,1428412,-62.75164,Nochelesaurus,264.28,259.51,Guadalupian,"(264.28, 259.51)"
2673,1428413,1428413,-62.75164,Nochelesaurus,264.28,259.51,Guadalupian,"(264.28, 259.51)"
2674,1428414,1428414,-62.75164,Embrithosaurus,264.28,259.51,Guadalupian,"(264.28, 259.51)"
2675,1428415,1428415,-62.75164,Nochelesaurus,264.28,259.51,Guadalupian,"(264.28, 259.51)"
2676,1428484,1428484,-62.75164,Bradysaurus,264.28,259.51,Guadalupian,"(264.28, 259.51)"
2677,1428485,1428485,-62.75164,Bradysaurus,264.28,259.51,Guadalupian,"(264.28, 259.51)"
2678,1428486,1428486,-62.75164,Embrithosaurus,264.28,259.51,Guadalupian,"(264.28, 259.51)"
2679,1428524,1428524,-62.75164,Bradysaurus,264.28,259.51,Guadalupian,"(264.28, 259.51)"
2680,1428526,1428526,-62.75164,Bradysaurus,264.28,259.51,Guadalupian,"(264.28, 259.51)"
2681,1428527,1428527,-62.75164,Bradysaurus,264.28,259.51,Guadalupian,"(264.28, 259.51)"
2682,1428528,1428528,-62.75164,Pareiasaurus,264.28,259.51,Guadalupian,"(264.28, 259.51)"
2683,1428531,1428531,-62.75164,Bradysaurus,264.28,259.51,Guadalupian,"(264.28, 259.51)"
2684,1428847,1428847,-62.75164,Bradysaurus,264.28,259.51,Guadalupian,"(264.28, 259.51)"
2685,1428987,1428987,-62.75164,Bradysaurus,264.28,259.51,Guadalupian,"(264.28, 259.51)"
2686,1428988,1428988,-62.75164,Embrithosaurus,264.28,259.51,Guadalupian,"(264.28, 259.51)"
2687,1428995,1428995,-62.75164,Nochelesaurus,264.28,259.51,Guadalupian,"(264.28, 259.51)"
2688,1429005,1429005,-62.75164,Bradysaurus,264.28,259.51,Guadalupian,"(264.28, 259.51)"
2689,1640373,1640373,44.38761,Rhipaeosaurus,264.28,259.51,Guadalupian,"(264.28, 259.51)"
2690,1646159,1646159,44.03487,Scutosaurus,264.28,259.51,Guadalupian,"(264.28, 259.51)"
2691,147521,147521,-62.64909,Procolophon,251.902,246.7,Early Triassic,"(251.902, 246.7)"
2692,285753,285753,40.06549,Youngetta,251.902,246.7,Early Triassic,"(251.902, 246.7)"
2693,387517,387517,45.89776,Chasmatosuchus,251.902,246.7,Early Triassic,"(251.902, 246.7)"
2694,387518,387518,45.89776,Chasmatosuchus,251.902,246.7,Early Triassic,"(251.902, 246.7)"
2695,792593,792593,-62.64909,Sauropareion,251.902,246.7,Early Triassic,"(251.902, 246.7)"
2696,792593,792593,-62.64909,Sauropareion,251.902,246.7,Early Triassic,"(251.902, 246.7)"
2698,803135,803135,-77.5844,Procolophon,251.902,246.7,Early Triassic,"(251.902, 246.7)"
2699,803158,803158,-77.5844,Procolophon,251.902,246.7,Early Triassic,"(251.902, 246.7)"
2700,803158,803158,-77.5844,Procolophon,251.902,246.7,Early Triassic,"(251.902, 246.7)"
2701,803158,803158,-77.5844,Procolophon,251.902,246.7,Early Triassic,"(251.902, 246.7)"
2702,806914,806914,-62.64909,Procolophon,251.902,246.7,Early Triassic,"(251.902, 246.7)"
2703,807183,807183,-62.64909,Paliguana,251.902,246.7,Early Triassic,"(251.902, 246.7)"
2704,807184,807184,-77.5844,Procolophon,251.902,246.7,Early Triassic,"(251.902, 246.7)"
2705,843491,843491,-46.32232,Procolophon,251.902,246.7,Early Triassic,"(251.902, 246.7)"
2706,843492,843492,-46.32232,Procolophon,251.902,246.7,Early Triassic,"(251.902, 246.7)"
2707,843780,843780,-62.64909,Procolophon,251.902,246.7,Early Triassic,"(251.902, 246.7)"
2708,843781,843781,-62.64909,Procolophon,251.902,246.7,Early Triassic,"(251.902, 246.7)"
2709,843782,843782,-62.64909,Procolophon,251.902,246.7,Early Triassic,"(251.902, 246.7)"
2710,843782,843782,-62.64909,Procolophon,251.902,246.7,Early Triassic,"(251.902, 246.7)"
2711,845945,845945,-46.48941,Procolophon,251.902,246.7,Early Triassic,"(251.902, 246.7)"
2712,847947,847947,-62.64909,Procolophon,251.902,246.7,Early Triassic,"(251.902, 246.7)"
2713,847948,847948,-62.64909,Procolophon,251.902,246.7,Early Triassic,"(251.902, 246.7)"
2714,847949,847949,-62.64909,Procolophon,251.902,246.7,Early Triassic,"(251.902, 246.7)"
2715,848381,848381,-60.80844,Procolophon,251.902,246.7,Early Triassic,"(251.902, 246.7)"
2716,853631,853631,-77.5844,Palacrodon,251.902,246.7,Early Triassic,"(251.902, 246.7)"
2717,895255,895255,-46.32232,Procolophon,251.902,246.7,Early Triassic,"(251.902, 246.7)"
2718,895260,895260,-46.32232,Procolophon,251.902,246.7,Early Triassic,"(251.902, 246.7)"
2719,895264,895264,-46.32232,Procolophon,251.902,246.7,Early Triassic,"(251.902, 246.7)"
2720,922663,922663,-60.88067,Procolophon,251.902,246.7,Early Triassic,"(251.902, 246.7)"
2721,922664,922664,-60.88067,Prolacerta,251.902,246.7,Early Triassic,"(251.902, 246.7)"
2722,922664,922664,-60.88067,Prolacerta,251.902,246.7,Early Triassic,"(251.902, 246.7)"
2723,922665,922665,-60.88067,Proterosuchus,251.902,246.7,Early Triassic,"(251.902, 246.7)"
2724,922666,922666,-60.88067,Aenigmasaurus,251.902,246.7,Early Triassic,"(251.902, 246.7)"
2725,922675,922675,-60.80844,Procolophon,251.902,246.7,Early Triassic,"(251.902, 246.7)"
2726,922676,922676,-60.80844,Prolacerta,251.902,246.7,Early Triassic,"(251.902, 246.7)"
2727,922693,922693,-77.5844,Prolacerta,251.902,246.7,Early Triassic,"(251.902, 246.7)"
2728,922694,922694,-76.62466,Prolacerta,251.902,246.7,Early Triassic,"(251.902, 246.7)"
2729,922695,922695,-77.5844,Prolacerta,251.902,246.7,Early Triassic,"(251.902, 246.7)"
2730,922696,922696,-77.5844,Prolacerta,251.902,246.7,Early Triassic,"(251.902, 246.7)"
2731,922697,922697,-60.80844,Prolacerta,251.902,246.7,Early Triassic,"(251.902, 246.7)"
2732,922701,922701,-60.88067,Prolacerta,251.902,246.7,Early Triassic,"(251.902, 246.7)"
2733,922706,922706,-60.80844,Prolacerta,251.902,246.7,Early Triassic,"(251.902, 246.7)"
2734,922716,922716,-62.64909,Proterosuchus,251.902,246.7,Early Triassic,"(251.902, 246.7)"
2735,922721,922721,-60.80844,Proterosuchus,251.902,246.7,Early Triassic,"(251.902, 246.7)"
2736,980035,980035,-62.64909,Proterosuchus,251.902,246.7,Early Triassic,"(251.902, 246.7)"
2737,980036,980036,-62.64909,Procolophon,251.902,246.7,Early Triassic,"(251.902, 246.7)"
2738,980047,980047,-58.88332,Proterosuchus,251.902,246.7,Early Triassic,"(251.902, 246.7)"
2739,980048,980048,-60.80844,Proterosuchus,251.902,246.7,Early Triassic,"(251.902, 246.7)"
2740,980055,980055,-60.80844,Proterosuchus,251.902,246.7,Early Triassic,"(251.902, 246.7)"
2741,980055,980055,-60.80844,Proterosuchus,251.902,246.7,Early Triassic,"(251.902, 246.7)"
2742,980061,980061,-62.64909,Proterosuchus,251.902,246.7,Early Triassic,"(251.902, 246.7)"
2743,980064,980064,-62.64909,Proterosuchus,251.902,246.7,Early Triassic,"(251.902, 246.7)"
2744,1286068,1286068,-62.64909,Sauropareion,251.902,246.7,Early Triassic,"(251.902, 246.7)"
2745,1286068,1286068,-62.64909,Sauropareion,251.902,246.7,Early Triassic,"(251.902, 246.7)"
2746,1286068,1286068,-62.64909,Sauropareion,251.902,246.7,Early Triassic,"(251.902, 246.7)"
2747,1320336,1320336,-60.80844,Proterosuchus,251.902,246.7,Early Triassic,"(251.902, 246.7)"
2748,1343000,1343000,-60.80844,Owenetta,251.902,246.7,Early Triassic,"(251.902, 246.7)"
2749,1343001,1343001,-60.80844,Prolacerta,251.902,246.7,Early Triassic,"(251.902, 246.7)"
2750,1347612,1347612,-46.32232,Teyujagua,251.902,246.7,Early Triassic,"(251.902, 246.7)"
2751,1347615,1347615,-62.64909,Proterosuchus,251.902,246.7,Early Triassic,"(251.902, 246.7)"
2752,1347617,1347617,-62.64909,Proterosuchus,251.902,246.7,Early Triassic,"(251.902, 246.7)"
2753,1347619,1347619,-62.64909,Proterosuchus,251.902,246.7,Early Triassic,"(251.902, 246.7)"
2754,1347620,1347620,-60.80844,Proterosuchus,251.902,246.7,Early Triassic,"(251.902, 246.7)"
2755,1380554,1380554,-58.08447,Proterosuchus,251.902,246.7,Early Triassic,"(251.902, 246.7)"
2756,1380555,1380555,-58.08447,Prolacerta,251.902,246.7,Early Triassic,"(251.902, 246.7)"
2757,1380556,1380556,-58.08447,Sauropareion,251.902,246.7,Early Triassic,"(251.902, 246.7)"
2758,1380557,1380557,-58.08447,Saurodektes,251.902,246.7,Early Triassic,"(251.902, 246.7)"
2759,1431220,1431220,-76.62466,Antarctanax,251.902,246.7,Early Triassic,"(251.902, 246.7)"
2760,1500171,1500171,-46.32232,Elessaurus,251.902,246.7,Early Triassic,"(251.902, 246.7)"
2761,1549175,1549175,-46.32232,Oryporan,251.902,246.7,Early Triassic,"(251.902, 246.7)"
2762,1549176,1549176,-46.32232,Oryporan,251.902,246.7,Early Triassic,"(251.902, 246.7)"
2763,1587698,1587698,-76.62466,Procolophon,251.902,246.7,Early Triassic,"(251.902, 246.7)"
2764,1589167,1589167,-58.08447,Procolophonichnium,251.902,246.7,Early Triassic,"(251.902, 246.7)"
2765,479551,479551,30.98263,Gresslyosaurus,213.2,208.5,Late Triassic,"(213.2, 208.5)"
2766,479551,479551,30.98263,Gresslyosaurus,213.2,208.5,Late Triassic,"(213.2, 208.5)"
2767,846844,846844,20.34746,Eudimorphodon,213.2,208.5,Late Triassic,"(213.2, 208.5)"
2768,930879,930879,20.34746,Mystriosuchus,213.2,208.5,Late Triassic,"(213.2, 208.5)"
2769,1418498,1418498,32.92995,Langobardisaurus,213.2,208.5,Late Triassic,"(213.2, 208.5)"
2770,1600124,1600124,20.93788,Macrocnemus,246.7,239.7,Middle Triassic,"(246.7, 239.7)"
2771,1600125,1600125,20.93788,Macrocnemus,246.7,239.7,Middle Triassic,"(246.7, 239.7)"
2772,1600128,1600128,20.93788,Helveticosaurus,246.7,239.7,Middle Triassic,"(246.7, 239.7)"
2773,387512,387512,48.62633,Chasmatosuchus,251.2,246.7,Early Triassic,"(251.2, 246.7)"
2774,401595,401595,29.45002,Czatkowiella,251.2,246.7,Early Triassic,"(251.2, 246.7)"
2775,401596,401596,29.45002,Sophineta,251.2,246.7,Early Triassic,"(251.2, 246.7)"
2776,401597,401597,29.45002,Osmolskina,251.2,246.7,Early Triassic,"(251.2, 246.7)"
2777,401599,401599,29.45002,Pamelina,251.2,246.7,Early Triassic,"(251.2, 246.7)"
2778,401600,401600,29.45002,Procolina,251.2,246.7,Early Triassic,"(251.2, 246.7)"
2779,411697,411697,52.34648,Timanophon,251.2,246.7,Early Triassic,"(251.2, 246.7)"
2780,733515,733515,-62.62076,Coletta,251.2,246.7,Early Triassic,"(251.2, 246.7)"
2781,745262,745262,48.31328,Kapes,251.2,246.7,Early Triassic,"(251.2, 246.7)"
2782,789764,789764,48.31328,Kapes,251.2,246.7,Early Triassic,"(251.2, 246.7)"
2783,789766,789766,49.80777,Kapes,251.2,246.7,Early Triassic,"(251.2, 246.7)"
2784,832665,832665,-62.62076,Kitchingnathus,251.2,246.7,Early Triassic,"(251.2, 246.7)"
2785,832666,832666,-62.62076,Procolophon,251.2,246.7,Early Triassic,"(251.2, 246.7)"
2786,838751,838751,48.62633,Tichvinskia,251.2,246.7,Early Triassic,"(251.2, 246.7)"
2787,838751,838751,48.62633,Tichvinskia,251.2,246.7,Early Triassic,"(251.2, 246.7)"
2788,838751,838751,48.62633,Tichvinskia,251.2,246.7,Early Triassic,"(251.2, 246.7)"
2789,838751,838751,48.62633,Tichvinskia,251.2,246.7,Early Triassic,"(251.2, 246.7)"
2790,840200,840200,49.80777,Kapes,251.2,246.7,Early Triassic,"(251.2, 246.7)"
2791,840267,840267,47.01197,Chasmatosuchus,251.2,246.7,Early Triassic,"(251.2, 246.7)"
2792,840268,840268,47.01197,Microcnemus,251.2,246.7,Early Triassic,"(251.2, 246.7)"
2793,840350,840350,46.41431,Chasmatosuchus,251.2,246.7,Early Triassic,"(251.2, 246.7)"
2794,840353,840353,46.41431,Orenburgia,251.2,246.7,Early Triassic,"(251.2, 246.7)"
2795,840364,840364,46.91316,Tichvinskia,251.2,246.7,Early Triassic,"(251.2, 246.7)"
2796,840372,840372,46.91316,Garjainia,251.2,246.7,Early Triassic,"(251.2, 246.7)"
2797,840381,840381,41.16511,Orenburgia,251.2,246.7,Early Triassic,"(251.2, 246.7)"
2798,841368,841368,55.91771,Orenburgia,251.2,246.7,Early Triassic,"(251.2, 246.7)"
2799,841368,841368,55.91771,Orenburgia,251.2,246.7,Early Triassic,"(251.2, 246.7)"
2800,841373,841373,57.37442,Orenburgia,251.2,246.7,Early Triassic,"(251.2, 246.7)"
2801,841374,841374,57.37442,Orenburgia,251.2,246.7,Early Triassic,"(251.2, 246.7)"
2802,841667,841667,48.31328,Kapes,251.2,246.7,Early Triassic,"(251.2, 246.7)"
2803,842017,842017,50.88652,Timanophon,251.2,246.7,Early Triassic,"(251.2, 246.7)"
2804,842020,842020,50.88652,Timanophon,251.2,246.7,Early Triassic,"(251.2, 246.7)"
2805,843124,843124,41.16511,Coelodontognathus,251.2,246.7,Early Triassic,"(251.2, 246.7)"
2806,843125,843125,41.16511,Coelodontognathus,251.2,246.7,Early Triassic,"(251.2, 246.7)"
2807,843727,843727,47.01197,Microcnemus,251.2,246.7,Early Triassic,"(251.2, 246.7)"
2808,843728,843728,47.01197,Microcnemus,251.2,246.7,Early Triassic,"(251.2, 246.7)"
2809,843729,843729,47.01197,Chasmatosuchus,251.2,246.7,Early Triassic,"(251.2, 246.7)"
2810,847011,847011,52.70026,Orenburgia,251.2,246.7,Early Triassic,"(251.2, 246.7)"
2811,847020,847020,52.70026,Boreopricea,251.2,246.7,Early Triassic,"(251.2, 246.7)"
2812,847023,847023,52.70026,Orenburgia,251.2,246.7,Early Triassic,"(251.2, 246.7)"
2813,847025,847025,52.70026,Boreopricea,251.2,246.7,Early Triassic,"(251.2, 246.7)"
2814,848404,848404,48.31328,Tichvinskia,251.2,246.7,Early Triassic,"(251.2, 246.7)"
2815,890991,890991,48.31328,Garjainia,251.2,246.7,Early Triassic,"(251.2, 246.7)"
2816,929821,929821,41.16511,Augustaburiania,251.2,246.7,Early Triassic,"(251.2, 246.7)"
2817,929822,929822,57.37442,Augustaburiania,251.2,246.7,Early Triassic,"(251.2, 246.7)"
2818,958043,958043,49.80777,Vytshegdosuchus,251.2,246.7,Early Triassic,"(251.2, 246.7)"
2819,984557,984557,29.45002,Collilongus,251.2,246.7,Early Triassic,"(251.2, 246.7)"
2820,1113776,1113776,41.16511,Bystrowisuchus,251.2,246.7,Early Triassic,"(251.2, 246.7)"
2821,1127411,1127411,41.16511,Scythosuchus,251.2,246.7,Early Triassic,"(251.2, 246.7)"
2822,1127431,1127431,41.16511,Kapes,251.2,246.7,Early Triassic,"(251.2, 246.7)"
2823,1127575,1127575,48.31328,Vritramimosaurus,251.2,246.7,Early Triassic,"(251.2, 246.7)"
2824,1127583,1127583,46.41431,Chasmatosuchus,251.2,246.7,Early Triassic,"(251.2, 246.7)"
2825,1142139,1142139,-60.73064,Procolophon,251.2,246.7,Early Triassic,"(251.2, 246.7)"
2826,1142841,1142841,-58.76185,Palacrodon,251.2,246.7,Early Triassic,"(251.2, 246.7)"
2827,1347708,1347708,48.31328,Chasmatosuchus,251.2,246.7,Early Triassic,"(251.2, 246.7)"
2828,1347709,1347709,49.80777,Chasmatosuchus,251.2,246.7,Early Triassic,"(251.2, 246.7)"
2829,1349935,1349935,-58.76185,Garjainia,251.2,246.7,Early Triassic,"(251.2, 246.7)"
2830,1349936,1349936,-58.76185,Garjainia,251.2,246.7,Early Triassic,"(251.2, 246.7)"
2831,1349937,1349937,-58.76185,Garjainia,251.2,246.7,Early Triassic,"(251.2, 246.7)"
2832,1349938,1349938,-58.76185,Garjainia,251.2,246.7,Early Triassic,"(251.2, 246.7)"
2833,1349939,1349939,-58.76185,Garjainia,251.2,246.7,Early Triassic,"(251.2, 246.7)"
2834,1349940,1349940,-58.76185,Garjainia,251.2,246.7,Early Triassic,"(251.2, 246.7)"
2835,1349941,1349941,-60.68525,Garjainia,251.2,246.7,Early Triassic,"(251.2, 246.7)"
2836,1412684,1412684,15.35236,Hupehsuchus,251.2,246.7,Early Triassic,"(251.2, 246.7)"
2837,1416148,1416148,46.41431,Microcnemus,251.2,246.7,Early Triassic,"(251.2, 246.7)"
2838,1416149,1416149,46.41431,Chasmatosuchus,251.2,246.7,Early Triassic,"(251.2, 246.7)"
2839,1416154,1416154,46.41431,Chasmatosuchus,251.2,246.7,Early Triassic,"(251.2, 246.7)"
2840,1416307,1416307,46.41431,Chasmatosuchus,251.2,246.7,Early Triassic,"(251.2, 246.7)"
2841,1416308,1416308,46.41431,Tichvinskia,251.2,246.7,Early Triassic,"(251.2, 246.7)"
2842,1416309,1416309,46.41431,Chasmatosuchus,251.2,246.7,Early Triassic,"(251.2, 246.7)"
2843,1417067,1417067,46.41431,Chasmatosuchus,251.2,246.7,Early Triassic,"(251.2, 246.7)"
2844,1417069,1417069,46.41431,Chasmatosuchus,251.2,246.7,Early Triassic,"(251.2, 246.7)"
2845,1626504,1626504,41.16511,Scolotosuchus,251.2,246.7,Early Triassic,"(251.2, 246.7)"
2846,283825,283825,40.08932,Proganochelys,216.7,213.2,Late Triassic,"(216.7, 213.2)"
2847,479548,479548,32.59323,Efraasia,216.7,213.2,Late Triassic,"(216.7, 213.2)"
2848,538740,538740,32.59323,Eudimorphodon,216.7,213.2,Late Triassic,"(216.7, 213.2)"
2849,538741,538741,32.59323,Clevosaurus,216.7,213.2,Late Triassic,"(216.7, 213.2)"
2850,538742,538742,32.59323,Kuehneosaurus,216.7,213.2,Late Triassic,"(216.7, 213.2)"
2851,632299,632299,32.59323,Efraasia,216.7,213.2,Late Triassic,"(216.7, 213.2)"
2852,632300,632300,32.59323,Efraasia,216.7,213.2,Late Triassic,"(216.7, 213.2)"
2853,632301,632301,32.59323,Efraasia,216.7,213.2,Late Triassic,"(216.7, 213.2)"
2854,705707,705707,32.59323,Plateosaurus,216.7,213.2,Late Triassic,"(216.7, 213.2)"
2855,728277,728277,32.59323,Aetosaurus,216.7,213.2,Late Triassic,"(216.7, 213.2)"
2856,728364,728364,32.59323,Procompsognathus,216.7,213.2,Late Triassic,"(216.7, 213.2)"
2857,728367,728367,32.59323,Mystriosuchus,216.7,213.2,Late Triassic,"(216.7, 213.2)"
2858,728368,728368,32.59323,Nicrosaurus,216.7,213.2,Late Triassic,"(216.7, 213.2)"
2859,728369,728369,32.59323,Saltoposuchus,216.7,213.2,Late Triassic,"(216.7, 213.2)"
2860,728398,728398,32.59323,Saltoposuchus,216.7,213.2,Late Triassic,"(216.7, 213.2)"
2861,777078,777078,32.92995,Eudimorphodon,216.7,213.2,Late Triassic,"(216.7, 213.2)"
2862,777437,777437,32.92995,Eudimorphodon,216.7,213.2,Late Triassic,"(216.7, 213.2)"
2863,830904,830904,9.712786,Stegomus,216.7,213.2,Late Triassic,"(216.7, 213.2)"
2864,846845,846845,20.34746,Eudimorphodon,216.7,213.2,Late Triassic,"(216.7, 213.2)"
2865,846846,846846,20.34746,Peteinosaurus,216.7,213.2,Late Triassic,"(216.7, 213.2)"
2866,846847,846847,20.34746,Aetosaurus,216.7,213.2,Late Triassic,"(216.7, 213.2)"
2867,846848,846848,20.34746,Peteinosaurus,216.7,213.2,Late Triassic,"(216.7, 213.2)"
2868,846849,846849,20.34746,Eudimorphodon,216.7,213.2,Late Triassic,"(216.7, 213.2)"
2869,851317,851317,20.34746,Drepanosaurus,216.7,213.2,Late Triassic,"(216.7, 213.2)"
2870,851324,851324,20.34746,Vallesaurus,216.7,213.2,Late Triassic,"(216.7, 213.2)"
2871,851325,851325,20.34746,Vallesaurus,216.7,213.2,Late Triassic,"(216.7, 213.2)"
2872,851329,851329,20.34746,Megalancosaurus,216.7,213.2,Late Triassic,"(216.7, 213.2)"
2873,851330,851330,20.34746,Megalancosaurus,216.7,213.2,Late Triassic,"(216.7, 213.2)"
2874,876982,876982,20.34746,Bergamodactylus,216.7,213.2,Late Triassic,"(216.7, 213.2)"
2875,913311,913311,32.92995,Drepanosaurus,216.7,213.2,Late Triassic,"(216.7, 213.2)"
2876,915667,915667,20.34746,Langobardisaurus,216.7,213.2,Late Triassic,"(216.7, 213.2)"
2877,930888,930888,20.34746,Mystriosuchus,216.7,213.2,Late Triassic,"(216.7, 213.2)"
2878,930889,930889,20.34746,Mystriosuchus,216.7,213.2,Late Triassic,"(216.7, 213.2)"
2879,930895,930895,20.34746,Diphydontosaurus,216.7,213.2,Late Triassic,"(216.7, 213.2)"
2880,1430263,1430263,32.59323,Apatosuchus,216.7,213.2,Late Triassic,"(216.7, 213.2)"
2881,N376,N376,-46.45692,Procolophon,249.9,246.7,Lower Triassic,"(249.9, 246.7)"
2882,N377,N377,-46.45692,Procolophon,249.9,246.7,Lower Triassic,"(249.9, 246.7)"
2883,N378,N378,-46.45692,Procolophon,249.9,246.7,Lower Triassic,"(249.9, 246.7)"
2884,N379,N379,-46.45692,Procolophon,249.9,246.7,Lower Triassic,"(249.9, 246.7)"
2885,N380,N380,-46.45692,Procolophon,249.9,246.7,Lower Triassic,"(249.9, 246.7)"
2886,N381,N381,-46.45692,Procolophon,249.9,246.7,Lower Triassic,"(249.9, 246.7)"
2887,N382,N382,-46.55808,Procolophon,249.9,246.7,Lower Triassic,"(249.9, 246.7)"
2888,N383,N383,-46.55808,Procolophon,249.9,246.7,Lower Triassic,"(249.9, 246.7)"
2889,N384,N384,-46.45692,Procolophon,249.9,246.7,Lower Triassic,"(249.9, 246.7)"
2890,N385,N385,-46.45692,Procolophon,249.9,246.7,Lower Triassic,"(249.9, 246.7)"
2891,N386,N386,-46.45692,Procolophon,249.9,246.7,Lower Triassic,"(249.9, 246.7)"
2892,N387,N387,-46.45692,Procolophon,249.9,246.7,Lower Triassic,"(249.9, 246.7)"
2893,N388,N388,-46.45692,Procolophon,249.9,246.7,Lower Triassic,"(249.9, 246.7)"
2894,N389,N389,-46.45692,Procolophon,249.9,246.7,Lower Triassic,"(249.9, 246.7)"
2895,N390,N390,-46.45692,Procolophon,249.9,246.7,Lower Triassic,"(249.9, 246.7)"
2896,N391,N391,-46.45692,Procolophon,249.9,246.7,Lower Triassic,"(249.9, 246.7)"
2897,N392,N392,-46.45692,Procolophon,249.9,246.7,Lower Triassic,"(249.9, 246.7)"
2898,N393,N393,-46.45692,Procolophon,249.9,246.7,Lower Triassic,"(249.9, 246.7)"
2899,833484,833484,-37.33496,Barasaurus,251.902,246.7,Early Triassic,"(251.902, 246.7)"
2900,833489,833489,-37.33496,Hovasaurus,251.902,246.7,Early Triassic,"(251.902, 246.7)"
2901,980069,980069,-45.49458,Proterosuchus,251.902,246.7,Early Triassic,"(251.902, 246.7)"
2902,1132153,1132153,-37.33496,Lasasaurus,251.902,246.7,Early Triassic,"(251.902, 246.7)"
2903,1419840,1419840,-45.49458,Teratosaurus,251.902,246.7,Early Triassic,"(251.902, 246.7)"
2904,1284962,1284962,-63.02481,Palaeagama,254.14,251.2,Lopingian,"(254.14, 251.2)"
2905,795305,795305,43.07523,Archosaurus,259.51,254.14,Lopingian,"(259.51, 254.14)"
2906,795309,795309,43.07523,Obirkovia,259.51,254.14,Lopingian,"(259.51, 254.14)"
2907,795351,795351,43.07523,Archosaurus,259.51,254.14,Lopingian,"(259.51, 254.14)"
2908,795352,795352,46.3931,Archosaurus,259.51,254.14,Lopingian,"(259.51, 254.14)"
2909,796148,796148,45.40269,Kinelia,259.51,254.14,Lopingian,"(259.51, 254.14)"
2910,1382107,1382107,43.07523,Archosaurus,259.51,256.8,Lopingian,"(259.51, 256.8)"
2911,880946,880946,18.78245,Tanystropheus,239.7,237.0,Middle Triassic,"(239.7, 237.0)"
2912,906398,906398,27.72418,Batrachotomus,239.7,237.0,Middle Triassic,"(239.7, 237.0)"
2913,906404,906404,27.72418,Batrachotomus,239.7,237.0,Middle Triassic,"(239.7, 237.0)"
2914,906408,906408,27.72418,Batrachotomus,239.7,237.0,Middle Triassic,"(239.7, 237.0)"
2915,929794,929794,27.72418,Tanystropheus,239.7,237.0,Middle Triassic,"(239.7, 237.0)"
2916,945415,945415,12.62107,Cosesaurus,239.7,237.0,Middle Triassic,"(239.7, 237.0)"
2917,1142026,1142026,27.72418,Jaxtasuchus,239.7,237.0,Middle Triassic,"(239.7, 237.0)"
2918,1142027,1142027,27.72418,Jaxtasuchus,239.7,237.0,Middle Triassic,"(239.7, 237.0)"
2919,1142028,1142028,27.72418,Jaxtasuchus,239.7,237.0,Middle Triassic,"(239.7, 237.0)"
2920,1142046,1142046,27.72418,Jaxtasuchus,239.7,237.0,Middle Triassic,"(239.7, 237.0)"
2921,1285800,1285800,27.72418,Pappochelys,239.7,237.0,Middle Triassic,"(239.7, 237.0)"
2922,1374081,1374081,26.11694,Zanclodon,239.7,237.0,Middle Triassic,"(239.7, 237.0)"
2923,1406769,1406769,24.48539,Megachirella,246.7,242.0,Middle Triassic,"(246.7, 242.0)"
2924,1406772,1406772,27.72418,Fraxinisaura,239.7,237.0,Middle Triassic,"(239.7, 237.0)"
2925,1418652,1418652,18.78245,Macrocnemus,239.7,237.0,Middle Triassic,"(239.7, 237.0)"
2926,1419214,1419214,27.72418,Horaffia,239.7,237.0,Middle Triassic,"(239.7, 237.0)"
2927,1419216,1419216,27.72418,Horaffia,239.7,237.0,Middle Triassic,"(239.7, 237.0)"
2928,1419217,1419217,27.72418,Horaffia,239.7,237.0,Middle Triassic,"(239.7, 237.0)"
2929,1495723,1495723,27.72418,Vellbergia,239.7,237.0,Middle Triassic,"(239.7, 237.0)"
2930,1519520,1519520,27.72418,Polymorphodon,239.7,237.0,Middle Triassic,"(239.7, 237.0)"
2931,1565999,1565999,27.72418,Stauromatodon,239.7,237.0,Middle Triassic,"(239.7, 237.0)"
2932,N397,N397,-53.79132,Provelosaurus,266.9,264.28,Guadalupian,"(266.9, 264.28)"
2933,N398,N398,-53.79132,Provelosaurus,266.9,264.28,Guadalupian,"(266.9, 264.28)"
2934,N399,N399,-53.79132,Provelosaurus,266.9,264.28,Guadalupian,"(266.9, 264.28)"
2935,N400,N400,-53.79132,Provelosaurus,266.9,264.28,Guadalupian,"(266.9, 264.28)"
2936,N401,N401,-51.32705,Provelosaurus,266.9,264.28,Guadalupian,"(266.9, 264.28)"
2937,219963,219963,41.97247,Rhipaeosaurus,266.9,264.28,Guadalupian,"(266.9, 264.28)"
2938,286782,286782,41.97247,Belebey,266.9,264.28,Guadalupian,"(266.9, 264.28)"
2939,747876,747876,42.6534,Macroleter,266.9,264.28,Guadalupian,"(266.9, 264.28)"
2940,789767,789767,41.97247,Bashkyroleter,266.9,264.28,Guadalupian,"(266.9, 264.28)"
2941,789767,789767,41.97247,Bashkyroleter,266.9,264.28,Guadalupian,"(266.9, 264.28)"
2942,789767,789767,41.97247,Bashkyroleter,266.9,264.28,Guadalupian,"(266.9, 264.28)"
2943,790205,790205,42.6534,Belebey,266.9,264.28,Guadalupian,"(266.9, 264.28)"
2944,790205,790205,42.6534,Belebey,266.9,264.28,Guadalupian,"(266.9, 264.28)"
2945,790205,790205,42.6534,Belebey,266.9,264.28,Guadalupian,"(266.9, 264.28)"
2946,790207,790207,40.69209,Belebey,266.9,264.28,Guadalupian,"(266.9, 264.28)"
2947,799826,799826,41.97247,Rhipaeosaurus,266.9,264.28,Guadalupian,"(266.9, 264.28)"
2948,1424401,1424401,40.12712,Kinelia,266.9,264.28,Guadalupian,"(266.9, 264.28)"
2949,368798,368798,8.561859,Arizonasaurus,246.7,244.7,Middle Triassic,"(246.7, 244.7)"
2950,368799,368799,8.561859,Anisodontosaurus,246.7,244.7,Middle Triassic,"(246.7, 244.7)"
2951,493537,493537,8.561859,Ammorhynchus,246.7,244.7,Middle Triassic,"(246.7, 244.7)"
2952,493538,493538,8.561859,Ammorhynchus,246.7,244.7,Middle Triassic,"(246.7, 244.7)"
2953,493539,493539,9.506042,Ammorhynchus,246.7,244.7,Middle Triassic,"(246.7, 244.7)"
2954,493540,493540,9.506042,Ammorhynchus,246.7,244.7,Middle Triassic,"(246.7, 244.7)"
2955,792528,792528,22.98052,Sclerosaurus,246.7,244.7,Middle Triassic,"(246.7, 244.7)"
2956,792529,792529,22.98052,Sclerosaurus,246.7,244.7,Middle Triassic,"(246.7, 244.7)"
2957,855747,855747,8.561859,Arizonasaurus,246.7,244.7,Middle Triassic,"(246.7, 244.7)"
2958,855754,855754,8.561859,Arizonasaurus,246.7,244.7,Middle Triassic,"(246.7, 244.7)"
2959,855755,855755,9.506042,Arizonasaurus,246.7,244.7,Middle Triassic,"(246.7, 244.7)"
2960,855796,855796,9.506042,Anisodontosaurus,246.7,244.7,Middle Triassic,"(246.7, 244.7)"
2961,855799,855799,9.506042,Arizonasaurus,246.7,244.7,Middle Triassic,"(246.7, 244.7)"
2962,976632,976632,22.98052,Amotosaurus,246.7,244.7,Middle Triassic,"(246.7, 244.7)"
2963,1076286,1076286,25.02402,Eifelosaurus,246.7,244.7,Middle Triassic,"(246.7, 244.7)"
2964,1076309,1076309,22.98052,Amotosaurus,246.7,244.7,Middle Triassic,"(246.7, 244.7)"
2965,1076310,1076310,22.98052,Amotosaurus,246.7,244.7,Middle Triassic,"(246.7, 244.7)"
2966,1076313,1076313,22.98052,Anomoiodon,246.7,244.7,Middle Triassic,"(246.7, 244.7)"
2967,1076315,1076315,22.98052,Amotosaurus,246.7,244.7,Middle Triassic,"(246.7, 244.7)"
2968,1076316,1076316,22.98052,Amotosaurus,246.7,244.7,Middle Triassic,"(246.7, 244.7)"
2969,1080116,1080116,7.907044,Arizonasaurus,246.7,244.7,Middle Triassic,"(246.7, 244.7)"
2970,1659690,1659690,22.98052,Marcianosuchus,246.7,244.7,Middle Triassic,"(246.7, 244.7)"
2971,789759,789759,31.61801,Wapitisaurus,251.2,246.7,Early Triassic,"(251.2, 246.7)"
2972,880949,880949,28.45267,Parasuchus,251.2,246.7,Early Triassic,"(251.2, 246.7)"
2973,1289434,1289434,25.88766,Macrocnemus,242.0,239.7,Middle Triassic,"(242.0, 239.7)"
2974,1289435,1289435,25.88766,Macrocnemus,242.0,239.7,Middle Triassic,"(242.0, 239.7)"
2975,1416385,1416385,46.41431,Chasmatosuchus,251.2,246.7,Early Triassic,"(251.2, 246.7)"
2976,1416386,1416386,46.41431,Chasmatosuchus,251.2,246.7,Early Triassic,"(251.2, 246.7)"
2977,1416420,1416420,46.41431,Chasmatosuchus,251.2,246.7,Early Triassic,"(251.2, 246.7)"
2978,1416563,1416563,46.41431,Chasmatosuchus,251.2,246.7,Early Triassic,"(251.2, 246.7)"
2979,1417046,1417046,46.41431,Chasmatosuchus,251.2,246.7,Early Triassic,"(251.2, 246.7)"
2980,1417051,1417051,46.41431,Chasmatosuchus,251.2,246.7,Early Triassic,"(251.2, 246.7)"
2981,1417154,1417154,46.41431,Tichvinskia,251.2,246.7,Early Triassic,"(251.2, 246.7)"
2982,1417155,1417155,46.41431,Chasmatosuchus,251.2,246.7,Early Triassic,"(251.2, 246.7)"
2983,1417175,1417175,46.41431,Chasmatosuchus,251.2,246.7,Early Triassic,"(251.2, 246.7)"
2984,1417908,1417908,25.88766,Eusaurosphargis,242.0,239.7,Middle Triassic,"(242.0, 239.7)"
2985,733517,733517,35.97523,Sanchuansaurus,254.14,251.902,Lopingian,"(254.14, 251.902)"
2986,749982,749982,-60.48301,Milleretta,254.14,251.902,Lopingian,"(254.14, 251.902)"
2987,786315,786315,-11.84143,Moradisaurus,254.14,251.902,Lopingian,"(254.14, 251.902)"
2988,786315,786315,-11.84143,Moradisaurus,254.14,251.902,Lopingian,"(254.14, 251.902)"
2989,786315,786315,-11.84143,Moradisaurus,254.14,251.902,Lopingian,"(254.14, 251.902)"
2990,786668,786668,-9.576991,Bunostegos,254.14,251.902,Lopingian,"(254.14, 251.902)"
2991,789102,789102,-9.576991,Moradisaurus,254.14,251.902,Lopingian,"(254.14, 251.902)"
2992,832705,832705,27.72345,Elginia,254.14,251.902,Lopingian,"(254.14, 251.902)"
2993,832708,832708,27.72345,Elginia,254.14,251.902,Lopingian,"(254.14, 251.902)"
2994,832708,832708,27.72345,Elginia,254.14,251.902,Lopingian,"(254.14, 251.902)"
2995,837542,837542,35.97523,Shihtienfenia,254.14,251.902,Lopingian,"(254.14, 251.902)"
2996,837576,837576,35.97523,Shihtienfenia,254.14,251.902,Lopingian,"(254.14, 251.902)"
2997,842666,842666,38.09178,Shihtienfenia,254.14,251.902,Lopingian,"(254.14, 251.902)"
2998,1285940,1285940,-43.64076,Tangasaurus,254.14,251.902,Lopingian,"(254.14, 251.902)"
2999,1285940,1285940,-43.64076,Tangasaurus,254.14,251.902,Lopingian,"(254.14, 251.902)"
3000,1285940,1285940,-43.64076,Tangasaurus,254.14,251.902,Lopingian,"(254.14, 251.902)"
3001,1286764,1286764,35.97523,Shihtienfenia,254.14,251.902,Lopingian,"(254.14, 251.902)"
3002,1286765,1286765,35.97523,Shihtienfenia,254.14,251.902,Lopingian,"(254.14, 251.902)"
3003,N521,N521,-49.05941,Pintosaurus,254.14,251.902,Lopingian,"(254.14, 251.902)"
3004,393085,393085,39.82208,Sarcosaurus,201.4,199.5,Early Jurassic,"(201.4, 199.5)"
3005,472008,472008,52.14119,Jingshanosaurus,201.4,199.5,Early Jurassic,"(201.4, 199.5)"
3006,477082,477082,20.01137,Coelophysis,201.4,199.5,Early Jurassic,"(201.4, 199.5)"
3007,490781,490781,52.14119,Lufengosaurus,201.4,199.5,Early Jurassic,"(201.4, 199.5)"
3008,490782,490782,52.14119,Lufengosaurus,201.4,199.5,Early Jurassic,"(201.4, 199.5)"
3009,490785,490785,52.14119,Lufengosaurus,201.4,199.5,Early Jurassic,"(201.4, 199.5)"
3010,490786,490786,52.14119,Gyposaurus,201.4,199.5,Early Jurassic,"(201.4, 199.5)"
3011,490787,490787,52.14119,Lufengosaurus,201.4,199.5,Early Jurassic,"(201.4, 199.5)"
3012,490788,490788,52.14119,Lukousaurus,201.4,199.5,Early Jurassic,"(201.4, 199.5)"
3013,490789,490789,52.14119,Sinosaurus,201.4,199.5,Early Jurassic,"(201.4, 199.5)"
3014,492832,492832,52.14119,Chinshakiangosaurus,201.4,199.5,Early Jurassic,"(201.4, 199.5)"
3015,513242,513242,52.14119,Eshanosaurus,201.4,199.5,Early Jurassic,"(201.4, 199.5)"
3016,534508,534508,-7.284298,Laquintasaura,201.4,199.5,Early Jurassic,"(201.4, 199.5)"
3017,539205,539205,52.14119,Yimenosaurus,201.4,199.5,Early Jurassic,"(201.4, 199.5)"
3018,539205,539205,52.14119,Yimenosaurus,201.4,199.5,Early Jurassic,"(201.4, 199.5)"
3019,539205,539205,52.14119,Yimenosaurus,201.4,199.5,Early Jurassic,"(201.4, 199.5)"
3020,539205,539205,52.14119,Yimenosaurus,201.4,199.5,Early Jurassic,"(201.4, 199.5)"
3021,539205,539205,52.14119,Yimenosaurus,201.4,199.5,Early Jurassic,"(201.4, 199.5)"
3022,539205,539205,52.14119,Yimenosaurus,201.4,199.5,Early Jurassic,"(201.4, 199.5)"
3023,539205,539205,52.14119,Yimenosaurus,201.4,199.5,Early Jurassic,"(201.4, 199.5)"
3024,539205,539205,52.14119,Yimenosaurus,201.4,199.5,Early Jurassic,"(201.4, 199.5)"
3025,539205,539205,52.14119,Yimenosaurus,201.4,199.5,Early Jurassic,"(201.4, 199.5)"
3026,539205,539205,52.14119,Yimenosaurus,201.4,199.5,Early Jurassic,"(201.4, 199.5)"
3027,690312,690312,23.76488,Protosuchus,201.4,199.5,Early Jurassic,"(201.4, 199.5)"
3028,690316,690316,23.76488,Protosuchus,201.4,199.5,Early Jurassic,"(201.4, 199.5)"
3029,690318,690318,23.76488,Clevosaurus,201.4,199.5,Early Jurassic,"(201.4, 199.5)"
3030,690319,690319,23.76488,Protosuchus,201.4,199.5,Early Jurassic,"(201.4, 199.5)"
3031,690320,690320,23.76488,Ammosaurus,201.4,199.5,Early Jurassic,"(201.4, 199.5)"
3032,690321,690321,23.76488,Clevosaurus,201.4,199.5,Early Jurassic,"(201.4, 199.5)"
3033,690323,690323,23.76488,Protosuchus,201.4,199.5,Early Jurassic,"(201.4, 199.5)"
3034,690324,690324,23.76488,Clevosaurus,201.4,199.5,Early Jurassic,"(201.4, 199.5)"
3035,690330,690330,23.76488,Protosuchus,201.4,199.5,Early Jurassic,"(201.4, 199.5)"
3036,690331,690331,23.76488,Ammosaurus,201.4,199.5,Early Jurassic,"(201.4, 199.5)"
3037,690332,690332,23.76488,Clevosaurus,201.4,199.5,Early Jurassic,"(201.4, 199.5)"
3038,690333,690333,23.76488,Clevosaurus,201.4,199.5,Early Jurassic,"(201.4, 199.5)"
3039,690334,690334,23.76488,Protosuchus,201.4,199.5,Early Jurassic,"(201.4, 199.5)"
3040,690335,690335,23.76488,Ammosaurus,201.4,199.5,Early Jurassic,"(201.4, 199.5)"
3041,690336,690336,23.76488,Clevosaurus,201.4,199.5,Early Jurassic,"(201.4, 199.5)"
3042,830777,830777,38.29723,Dimorphodon,201.4,199.5,Early Jurassic,"(201.4, 199.5)"
3043,882292,882292,36.29446,Mystriosuchus,201.4,199.5,Early Jurassic,"(201.4, 199.5)"
3044,902174,902174,52.14119,Jingshanosaurus,201.4,199.5,Early Jurassic,"(201.4, 199.5)"
3045,1092070,1092070,52.14119,Yunnanosaurus,201.4,199.5,Early Jurassic,"(201.4, 199.5)"
3046,1092071,1092071,52.14119,Sinosaurus,201.4,199.5,Early Jurassic,"(201.4, 199.5)"
3047,1092072,1092072,52.14119,Lukousaurus,201.4,199.5,Early Jurassic,"(201.4, 199.5)"
3048,1092073,1092073,52.14119,Gyposaurus,201.4,199.5,Early Jurassic,"(201.4, 199.5)"
3049,1092073,1092073,52.14119,Gyposaurus,201.4,199.5,Early Jurassic,"(201.4, 199.5)"
3050,1092254,1092254,52.14119,Yunnanosaurus,201.4,199.5,Early Jurassic,"(201.4, 199.5)"
3051,1104636,1104636,38.76677,Scelidosaurus,201.4,199.5,Early Jurassic,"(201.4, 199.5)"
3052,1209934,1209934,12.36827,Megapnosaurus,201.4,199.5,Early Jurassic,"(201.4, 199.5)"
3053,1299065,1299065,52.14119,Lufengosaurus,201.4,199.5,Early Jurassic,"(201.4, 199.5)"
3054,1299067,1299067,52.14119,Yunnanosaurus,201.4,199.5,Early Jurassic,"(201.4, 199.5)"
3055,1306174,1306174,-7.284298,Tachiraptor,201.4,199.5,Early Jurassic,"(201.4, 199.5)"
3056,1311443,1311443,38.29723,Dracoraptor,201.4,199.5,Early Jurassic,"(201.4, 199.5)"
3057,1347918,1347918,52.14119,Anomoepus,201.4,199.5,Early Jurassic,"(201.4, 199.5)"
3058,1390020,1390020,42.9649,Plateosaurus,201.4,199.5,Early Jurassic,"(201.4, 199.5)"
3059,1402790,1402790,52.14119,Shuangbaisaurus,201.4,199.5,Early Jurassic,"(201.4, 199.5)"
3060,1406778,1406778,52.14119,Xingxiulong,201.4,199.5,Early Jurassic,"(201.4, 199.5)"
3061,1407038,1407038,52.14119,Panguraptor,201.4,199.5,Early Jurassic,"(201.4, 199.5)"
3062,1410191,1410191,52.14119,Clevosaurus,201.4,199.5,Early Jurassic,"(201.4, 199.5)"
3063,1625162,1625162,52.14119,Sinosaurus,201.4,199.5,Early Jurassic,"(201.4, 199.5)"
3064,1625162,1625162,52.14119,Sinosaurus,201.4,199.5,Early Jurassic,"(201.4, 199.5)"
3065,1162175,1162175,20.93788,Tanystropheus,246.7,242.0,Middle Triassic,"(246.7, 242.0)"
3066,1445529,1445529,20.93788,Helveticosaurus,246.7,242.0,Middle Triassic,"(246.7, 242.0)"
3067,1445531,1445531,20.93788,Ticinosuchus,246.7,242.0,Middle Triassic,"(246.7, 242.0)"
3068,792622,792622,26.46257,Anomoiodon,246.7,245.5,Middle Triassic,"(246.7, 245.5)"
3069,792622,792622,26.46257,Anomoiodon,246.7,245.5,Middle Triassic,"(246.7, 245.5)"
3070,837482,837482,26.46257,Koiloskiosaurus,246.7,245.5,Middle Triassic,"(246.7, 245.5)"
3071,943872,943872,28.45267,Ctenosauriscus,251.2,246.7,Early Triassic,"(251.2, 246.7)"
3072,1076935,1076935,28.4265,Trachelosaurus,246.7,245.5,Middle Triassic,"(246.7, 245.5)"
3073,1091077,1091077,-58.76185,Garjainia,251.2,246.7,Early Triassic,"(251.2, 246.7)"
3074,1200768,1200768,15.35236,Parahupehsuchus,251.2,246.7,Early Triassic,"(251.2, 246.7)"
3075,1301648,1301648,15.35236,Nanchangosaurus,251.2,246.7,Early Triassic,"(251.2, 246.7)"
3076,1329759,1329759,32.10397,Cartorhynchus,251.2,246.7,Early Triassic,"(251.2, 246.7)"
3077,1329760,1329760,32.10397,Sclerocormus,251.2,246.7,Early Triassic,"(251.2, 246.7)"
3078,1409443,1409443,15.35236,Eohupehsuchus,251.2,246.7,Early Triassic,"(251.2, 246.7)"
3079,1415295,1415295,29.45002,Hemilopas,251.2,246.7,Early Triassic,"(251.2, 246.7)"
3080,1416219,1416219,48.31328,Garjainia,251.2,246.7,Early Triassic,"(251.2, 246.7)"
3081,1416225,1416225,48.31328,Garjainia,251.2,246.7,Early Triassic,"(251.2, 246.7)"
3082,1416232,1416232,48.31328,Garjainia,251.2,246.7,Early Triassic,"(251.2, 246.7)"
3083,1416234,1416234,48.31328,Garjainia,251.2,246.7,Early Triassic,"(251.2, 246.7)"
3084,1416237,1416237,48.31328,Garjainia,251.2,246.7,Early Triassic,"(251.2, 246.7)"
3085,1416239,1416239,48.31328,Garjainia,251.2,246.7,Early Triassic,"(251.2, 246.7)"
3086,1416255,1416255,48.31328,Garjainia,251.2,246.7,Early Triassic,"(251.2, 246.7)"
3087,1416277,1416277,48.31328,Garjainia,251.2,246.7,Early Triassic,"(251.2, 246.7)"
3088,1416278,1416278,48.31328,Chasmatosuchus,251.2,246.7,Early Triassic,"(251.2, 246.7)"
3089,1417106,1417106,46.41431,Scharschengia,251.2,246.7,Early Triassic,"(251.2, 246.7)"
3090,1417172,1417172,46.41431,Chasmatosuchus,251.2,246.7,Early Triassic,"(251.2, 246.7)"
3091,1605531,1605531,9.647978,Baisesaurus,251.2,246.7,Early Triassic,"(251.2, 246.7)"
3092,1632821,1632821,15.35236,Prosaurosphargis,251.2,246.7,Early Triassic,"(251.2, 246.7)"
3093,806205,806205,12.57983,Qianosuchus,246.7,243.8,Middle Triassic,"(246.7, 243.8)"
3094,806205,806205,12.57983,Qianosuchus,246.7,243.8,Middle Triassic,"(246.7, 243.8)"
3095,806205,806205,12.57983,Qianosuchus,246.7,243.8,Middle Triassic,"(246.7, 243.8)"
3096,935627,935627,12.57983,Sinosaurosphargis,246.7,243.8,Middle Triassic,"(246.7, 243.8)"
3097,935632,935632,12.57983,Sinosaurosphargis,246.7,243.8,Middle Triassic,"(246.7, 243.8)"
3098,1012675,1012675,12.57983,Largocephalosaurus,246.7,243.8,Middle Triassic,"(246.7, 243.8)"
3099,1137542,1137542,12.57983,Largocephalosaurus,246.7,243.8,Middle Triassic,"(246.7, 243.8)"
3100,1347595,1347595,-9.650311,Tanystropheus,246.7,243.8,Middle Triassic,"(246.7, 243.8)"
3101,1195726,1195726,27.06795,Eusaurosphargis,246.7,244.7,Middle Triassic,"(246.7, 244.7)"
3102,1347584,1347584,29.56131,Protanystropheus,246.7,244.7,Middle Triassic,"(246.7, 244.7)"
3103,384378,384378,45.21636,Vonhuenia,251.902,251.2,Early Triassic,"(251.902, 251.2)"
3104,387513,387513,47.7835,Chasmatosuchus,251.902,251.2,Early Triassic,"(251.902, 251.2)"
3105,747968,747968,-62.64909,Saurodektes,251.902,251.2,Early Triassic,"(251.902, 251.2)"
3106,749261,749261,-60.80844,Saurodektes,251.902,251.2,Early Triassic,"(251.902, 251.2)"
3107,749261,749261,-60.80844,Saurodektes,251.902,251.2,Early Triassic,"(251.902, 251.2)"
3108,749261,749261,-60.80844,Saurodektes,251.902,251.2,Early Triassic,"(251.902, 251.2)"
3109,749261,749261,-60.80844,Saurodektes,251.902,251.2,Early Triassic,"(251.902, 251.2)"
3110,790404,790404,-54.016,Kadimakara,251.902,251.2,Early Triassic,"(251.902, 251.2)"
3111,790404,790404,-54.016,Kadimakara,251.902,251.2,Early Triassic,"(251.902, 251.2)"
3112,790405,790405,-54.016,Kudnu,251.902,251.2,Early Triassic,"(251.902, 251.2)"
3113,790405,790405,-54.016,Kudnu,251.902,251.2,Early Triassic,"(251.902, 251.2)"
3114,792534,792534,-62.64909,Noteosuchus,251.902,251.2,Early Triassic,"(251.902, 251.2)"
3115,792619,792619,45.21636,Phaanthosaurus,251.902,251.2,Early Triassic,"(251.902, 251.2)"
3116,792621,792621,45.21636,Phaanthosaurus,251.902,251.2,Early Triassic,"(251.902, 251.2)"
3117,842090,842090,61.21759,Santaisaurus,251.902,251.2,Early Triassic,"(251.902, 251.2)"
3118,842090,842090,61.21759,Santaisaurus,251.902,251.2,Early Triassic,"(251.902, 251.2)"
3119,842090,842090,61.21759,Santaisaurus,251.902,251.2,Early Triassic,"(251.902, 251.2)"
3120,842964,842964,45.21636,Phaanthosaurus,251.902,251.2,Early Triassic,"(251.902, 251.2)"
3121,842965,842965,45.21636,Phaanthosaurus,251.902,251.2,Early Triassic,"(251.902, 251.2)"
3122,842974,842974,48.19791,Phaanthosaurus,251.902,251.2,Early Triassic,"(251.902, 251.2)"
3123,842975,842975,45.21636,Phaanthosaurus,251.902,251.2,Early Triassic,"(251.902, 251.2)"
3124,846843,846843,47.7835,Microcnemus,251.902,251.2,Early Triassic,"(251.902, 251.2)"
3125,847026,847026,45.21636,Blomosaurus,251.902,251.2,Early Triassic,"(251.902, 251.2)"
3126,847027,847027,45.21636,Microcnemus,251.902,251.2,Early Triassic,"(251.902, 251.2)"
3127,902092,902092,61.21759,Prolacertoides,251.902,251.2,Early Triassic,"(251.902, 251.2)"
3128,922705,922705,-60.88067,Prolacerta,251.902,251.2,Early Triassic,"(251.902, 251.2)"
3129,923197,923197,-60.80844,Phonodus,251.902,251.2,Early Triassic,"(251.902, 251.2)"
3130,979958,979958,-70.84624,Tasmaniosaurus,251.902,251.2,Early Triassic,"(251.902, 251.2)"
3131,979962,979962,-52.15324,Tasmaniosaurus,251.902,251.2,Early Triassic,"(251.902, 251.2)"
3132,979963,979963,-54.016,Kalisuchus,251.902,251.2,Early Triassic,"(251.902, 251.2)"
3133,981517,981517,61.21759,Proterosuchus,251.902,251.2,Early Triassic,"(251.902, 251.2)"
3134,1076305,1076305,27.55627,Microcnemus,251.902,251.2,Early Triassic,"(251.902, 251.2)"
3135,1087072,1087072,-54.016,Eomurruna,251.902,251.2,Early Triassic,"(251.902, 251.2)"
3136,1130047,1130047,61.21759,Proterosuchus,251.902,251.2,Early Triassic,"(251.902, 251.2)"
3137,1416560,1416560,45.89776,Chasmatosuchus,251.902,251.2,Early Triassic,"(251.902, 251.2)"
3138,1417181,1417181,44.04916,Phaanthosaurus,251.902,251.2,Early Triassic,"(251.902, 251.2)"
3139,1420094,1420094,45.21636,Microcnemus,251.902,251.2,Early Triassic,"(251.902, 251.2)"
3140,1534873,1534873,-52.15324,Eomurruna,251.902,251.2,Early Triassic,"(251.902, 251.2)"
