rate,cv_empirical,cv_expected
speciation,0.7847609784946454,0.07168419194053285
extinction,0.6600827345625069,0.06973297220284788
