feature,shap,lwr_shap,upr_shap,rate,rate_lwr,rate_upr
baseline,0.17766092412173748,0.10744970291852951,0.2737719714641571,NA,NA,NA
Abajudon__lat_range_z_trans,0.17489977449324212,0.003089932677173044,0.017896422501168196,0.5485164741752669,0.0,1.0741899134591222
Abajudon__biome,-0.08507722619281015,-0.012036720041329238,0.02292702758007194,NA,NA,NA
Abajudon__mat_z_trans,0.08649923666698685,-0.01617871048880835,0.04686596626351476,NA,NA,NA
Abajudon__map_z_trans,-0.021098428431991667,-0.0039297335014953135,0.008698258802465688,NA,NA,NA
Abajudon__wmm_z_trans,-0.031620510660508,-0.02411803045063953,0.03755634557329602,NA,NA,NA
Abajudon__cmm_z_trans,0.013213253326265283,-0.01032902522123279,0.03617811931044031,NA,NA,NA
Abajudon__wmmcmm_z_trans,0.029398931234642198,-0.010368191842621085,0.029635140483965535,NA,NA,NA
Abajudon__wetmon_z_trans,0.041229104591069224,-0.013895643478089173,0.030452428593606962,NA,NA,NA
Abajudon__drymon_z_trans,-0.0025153051427041742,-0.0031948146613179525,0.00557460310971553,NA,NA,NA
Abajudon__wetdry_z_trans,0.0026666399650437426,-0.011445934932752679,0.03186519240884826,NA,NA,NA
Abajudon__time,-0.029934545727497954,-0.005042830977416442,0.006122466837063931,NA,NA,NA
Abdalodon__lat_range_z_trans,0.10630244411956306,0.005541793351035345,0.025556839793606526,0.8162636877829209,0.3267882652580738,1.26636281888932
Abdalodon__biome,-0.08144997939437067,-0.02238941619035962,0.013211999527308596,NA,NA,NA
Abdalodon__mat_z_trans,0.05024807096569905,-0.014665872106461659,0.04845606652786311,NA,NA,NA
Abdalodon__map_z_trans,0.014127089199566711,-0.0033288118322083522,0.011338642720272012,NA,NA,NA
Abdalodon__wmm_z_trans,0.028432957382514612,-0.007810071629262089,0.024965079143215677,NA,NA,NA
Abdalodon__cmm_z_trans,0.010971157951899601,-0.02453591309517093,0.06076142259219863,NA,NA,NA
Abdalodon__wmmcmm_z_trans,0.03635612440829354,-0.021220881389230273,0.04874099917636401,NA,NA,NA
Abdalodon__wetmon_z_trans,0.006350100434286699,-0.005788997897396187,0.012736758718978081,NA,NA,NA
Abdalodon__drymon_z_trans,0.0016098662375157915,-0.0046655773912901944,0.006930018199624764,NA,NA,NA
Abdalodon__wetdry_z_trans,0.007759172025916918,-0.005677233101929891,0.014667299518589577,NA,NA,NA
Abdalodon__time,-0.0030460792091478324,-0.002908721636255669,0.006406845546136131,NA,NA,NA
Acratophorus__lat_range_z_trans,0.25929244816303254,0.0019057821875763062,0.01526985822656072,0.21962109067419078,0.0,0.6280474420636892
Acratophorus__biome,-0.034971135351806876,-0.010988919782996676,0.022170559207120757,NA,NA,NA
Acratophorus__mat_z_trans,-0.1800203302130103,-0.02559797921386485,0.0420210425922554,NA,NA,NA
Acratophorus__map_z_trans,-0.3274839834868908,-0.020512333846609845,0.02452519343320587,NA,NA,NA
Acratophorus__wmm_z_trans,0.04039652244071476,-0.019126860189251103,0.04312855146308182,NA,NA,NA
Acratophorus__cmm_z_trans,-0.023547821138054134,-0.01453199032061095,0.03492672789787523,NA,NA,NA
Acratophorus__wmmcmm_z_trans,0.01480197105789557,-0.004444403782641541,0.013487250466272057,NA,NA,NA
Acratophorus__wetmon_z_trans,0.04761839419370517,-0.0048566901872875295,0.02467588837487112,NA,NA,NA
Acratophorus__drymon_z_trans,0.03419252841733396,-0.004757140024364778,0.02720182981121997,NA,NA,NA
Acratophorus__wetdry_z_trans,-0.006733127650222741,-0.004404583151097171,0.008290030711516027,NA,NA,NA
Acratophorus__time,0.21841470011975617,-0.00013458460738136312,0.018075039280178156,NA,NA,NA
Adelobasileus__lat_range_z_trans,0.036994942238500736,0.0007509520403873323,0.009116879112541724,1.668222216892609,0.11913700215518475,4.325552020221949
Adelobasileus__biome,0.18524113623749533,-0.00139925993759694,0.06666139501783173,NA,NA,NA
Adelobasileus__mat_z_trans,-0.029085004634045338,-0.01556920707893699,0.024754180161189198,NA,NA,NA
Adelobasileus__map_z_trans,-0.022241684033558997,-0.01986642584001695,0.030368001972270492,NA,NA,NA
Adelobasileus__wmm_z_trans,-0.007841335521826257,-0.014278864008802277,0.013139571165539021,NA,NA,NA
Adelobasileus__cmm_z_trans,-0.005606224852868251,-0.011680067208164254,0.026219886640829807,NA,NA,NA
Adelobasileus__wmmcmm_z_trans,-0.004202313686688216,-0.005840575451313151,0.016399605267129518,NA,NA,NA
Adelobasileus__wetmon_z_trans,-0.014370694728474347,-0.01342740060334536,0.03176267323825443,NA,NA,NA
Adelobasileus__drymon_z_trans,-0.0009656911811644877,-0.011100425484634436,0.023558315479480695,NA,NA,NA
Adelobasileus__wetdry_z_trans,-0.0017990937710641905,-0.013723418227079608,0.014493062927757882,NA,NA,NA
Adelobasileus__time,0.041536888055431515,-0.0013150111190268845,0.01729840048133259,NA,NA,NA
Aelurognathus__lat_range_z_trans,-0.7953453123569488,-0.03234259082405886,-0.027974701023196488,0.30643102289825036,0.0,0.8259814213961363
Aelurognathus__biome,0.03288977382704616,-0.018082885950653618,0.03038298325788258,NA,NA,NA
Aelurognathus__mat_z_trans,0.15032487582881005,-0.0038635603028782653,0.029151747317315863,NA,NA,NA
Aelurognathus__map_z_trans,0.33699087230488656,-0.0022997671943435225,0.06654892074315288,NA,NA,NA
Aelurognathus__wmm_z_trans,0.07053187930956482,-0.003627455178967266,0.022294683272398697,NA,NA,NA
Aelurognathus__cmm_z_trans,0.08832258370472118,-0.007578007176746513,0.030354053181930466,NA,NA,NA
Aelurognathus__wmmcmm_z_trans,0.0597311376385187,-0.006902024565689013,0.021553774519728442,NA,NA,NA
Aelurognathus__wetmon_z_trans,0.067014005840756,-0.014547904664823601,0.042560620537267765,NA,NA,NA
Aelurognathus__drymon_z_trans,0.04772358738817275,-0.004945217706698019,0.02493028176515852,NA,NA,NA
Aelurognathus__wetdry_z_trans,0.0476629805075936,-0.012472236501486433,0.028416314508255915,NA,NA,NA
Aelurognathus__time,0.022923714783391915,-0.0007880528521843978,0.005553293384262457,NA,NA,NA
Aelurosaurus__lat_range_z_trans,-0.3999014088864477,-0.011510576915615576,-0.012779345011339212,0.0,0.0,0.3598508946597576
Aelurosaurus__biome,-0.28816209592169884,-0.018191218671430375,0.01886248433637166,NA,NA,NA
Aelurosaurus__mat_z_trans,0.11401609890273248,-0.013085459967034136,0.03544048966480793,NA,NA,NA
Aelurosaurus__map_z_trans,0.11413701521014719,-0.0029455557515142327,0.04058530364201334,NA,NA,NA
Aelurosaurus__wmm_z_trans,0.09709583098465857,-0.0032171771677271485,0.02193415142058114,NA,NA,NA
Aelurosaurus__cmm_z_trans,0.012111253949765843,-0.01299498815368578,0.05273471409498166,NA,NA,NA
Aelurosaurus__wmmcmm_z_trans,0.08227344799563757,-0.013292737432231343,0.03780910448949092,NA,NA,NA
Aelurosaurus__wetmon_z_trans,-0.023238491269387467,-0.020327487622725793,0.030225191909399204,NA,NA,NA
Aelurosaurus__drymon_z_trans,0.05105054777748001,-0.004664486948564245,0.0160347684234529,NA,NA,NA
Aelurosaurus__wetdry_z_trans,0.02259307946361244,-0.0065074613923400216,0.026651759730227795,NA,NA,NA
Aelurosaurus__time,0.040363797671762396,-0.0007125528956608561,0.006273348764169765,NA,NA,NA
Aelurosuchus__lat_range_z_trans,0.09353903473906147,0.004186832871574037,0.020742910258677704,0.8460123091540299,0.29340557754039764,1.8254386726766825
Aelurosuchus__biome,-0.028662851574371016,-0.016853763166670754,0.023837188604596476,NA,NA,NA
Aelurosuchus__mat_z_trans,0.021233049199200302,-0.0074996798491110085,0.021794324419231046,NA,NA,NA
Aelurosuchus__map_z_trans,0.04613124120925498,-0.004201735343146897,0.02149922325601002,NA,NA,NA
Aelurosuchus__wmm_z_trans,0.016159348545139167,-0.004969692012913659,0.019407316169145643,NA,NA,NA
Aelurosuchus__cmm_z_trans,0.021582244029422264,-0.00853080293315353,0.022052813659406378,NA,NA,NA
Aelurosuchus__wmmcmm_z_trans,0.003756015578559732,-0.005688488796809265,0.014909934632481471,NA,NA,NA
Aelurosuchus__wetmon_z_trans,-0.02348997091152598,-0.02592262813396811,0.0371743866389501,NA,NA,NA
Aelurosuchus__drymon_z_trans,0.02296461102207904,-0.009533091720114973,0.029049664367540425,NA,NA,NA
Aelurosuchus__wetdry_z_trans,-0.030319642204624277,-0.027974782071816952,0.050813954140744244,NA,NA,NA
Aelurosuchus__time,0.03476784448954179,-0.00046187176239840275,0.012490255317373617,NA,NA,NA
Agudotherium__lat_range_z_trans,0.2605517728626728,0.0021320319890035144,0.0172576639261739,0.2654616614553379,0.0,0.6280474420636892
Agudotherium__biome,0.015946081001311542,-0.010802379349714362,0.025917531542589495,NA,NA,NA
Agudotherium__mat_z_trans,-0.18790951378643514,-0.028601466161378063,0.049122878979411755,NA,NA,NA
Agudotherium__map_z_trans,-0.2506372870877385,-0.014154597262867441,0.028670114653177942,NA,NA,NA
Agudotherium__wmm_z_trans,0.020024636044399812,-0.01931325942866294,0.058118401082305995,NA,NA,NA
Agudotherium__cmm_z_trans,-0.02804385045543313,-0.01913191549359045,0.033010119067483676,NA,NA,NA
Agudotherium__wmmcmm_z_trans,0.04808764348970726,-0.003928269852256219,0.013773179812086873,NA,NA,NA
Agudotherium__wetmon_z_trans,0.009152993203606456,-0.0037586930335233343,0.011100942638142175,NA,NA,NA
Agudotherium__drymon_z_trans,0.0048208142083603885,-0.004683253015000834,0.007659325795635588,NA,NA,NA
Agudotherium__wetdry_z_trans,-0.020659102261415683,-0.005057339147646319,0.008011972527376662,NA,NA,NA
Agudotherium__time,0.2164665501145646,-0.00015056216289305405,0.021129841439773023,NA,NA,NA
Akidnognathus__lat_range_z_trans,-0.4457045225799084,-0.012305220006200261,-0.010329091935858896,0.0012074523339106235,0.0,0.43462358694523573
Akidnognathus__biome,-0.3165014712885022,-0.019235631734994846,0.016703302701515908,NA,NA,NA
Akidnognathus__mat_z_trans,0.13123190416023134,-0.010848318243260133,0.03937018770768991,NA,NA,NA
Akidnognathus__map_z_trans,0.14090749742230402,-0.005347372046247723,0.03998107273324115,NA,NA,NA
Akidnognathus__wmm_z_trans,0.12612297585474153,-0.0034018850711647897,0.019207512698487653,NA,NA,NA
Akidnognathus__cmm_z_trans,0.025445703927616706,-0.013741069855726458,0.04669819079493604,NA,NA,NA
Akidnognathus__wmmcmm_z_trans,0.07370343485847115,-0.014055913823847068,0.028192733688640788,NA,NA,NA
Akidnognathus__wetmon_z_trans,-0.04583073687157593,-0.01740669599343927,0.03362735779055824,NA,NA,NA
Akidnognathus__drymon_z_trans,0.04689706721226685,-0.0030008485595568006,0.023163783499236174,NA,NA,NA
Akidnognathus__wetdry_z_trans,0.04615317708230578,-0.007217938008970508,0.031391243371626784,NA,NA,NA
Akidnognathus__time,0.0411214984342223,-0.0008888095751216443,0.005765678414083362,NA,NA,NA
Aleodon__lat_range_z_trans,-0.304589823782444,-0.007958846673149056,-0.00725160415195111,0.12790491337887944,0.0,0.4831245928071439
Aleodon__biome,0.05291327117942274,-0.012086391746199897,0.023272603645149548,NA,NA,NA
Aleodon__mat_z_trans,-0.07171954348217696,-0.025884268217061746,0.0427954896863793,NA,NA,NA
Aleodon__map_z_trans,-0.06110145823098719,-0.009349627450096789,0.029808116341982206,NA,NA,NA
Aleodon__wmm_z_trans,0.06529645647213328,-0.015479249480458535,0.05681867517467209,NA,NA,NA
Aleodon__cmm_z_trans,0.04564761556917801,-0.009451160678640921,0.046698579922785394,NA,NA,NA
Aleodon__wmmcmm_z_trans,0.035517127185012216,-0.0048254043089682825,0.017434817299707764,NA,NA,NA
Aleodon__wetmon_z_trans,0.030874694485682995,-0.008663426236395202,0.024834192902112803,NA,NA,NA
Aleodon__drymon_z_trans,0.0033448957512155174,-0.004665705556639826,0.01228372625171192,NA,NA,NA
Aleodon__wetdry_z_trans,-0.01632487346883863,-0.008630178664040483,0.009653167777165786,NA,NA,NA
Aleodon__time,0.17038562757894396,-0.00045544390687878174,0.017424206614441416,NA,NA,NA
Alepognathus__lat_range_z_trans,0.3181954883163807,0.002738509021674066,0.016971367299713686,0.37166676014079714,0.0,0.7323398403823376
Alepognathus__biome,-0.0659952028966732,-0.011762883165303146,0.020426954058245166,NA,NA,NA
Alepognathus__mat_z_trans,0.16401138395228562,-0.015933903352612768,0.05374663556429463,NA,NA,NA
Alepognathus__map_z_trans,-0.09762866330602116,-0.006688292389483129,0.008600100762792152,NA,NA,NA
Alepognathus__wmm_z_trans,-0.11225102367988943,-0.020381901692941986,0.05337374350792488,NA,NA,NA
Alepognathus__cmm_z_trans,0.037659621451571194,-0.009629998477604249,0.023746987495958275,NA,NA,NA
Alepognathus__wmmcmm_z_trans,-0.04553365511553629,-0.010211624270109415,0.011617092502416378,NA,NA,NA
Alepognathus__wetmon_z_trans,0.042609315287642516,-0.014670619500102214,0.03305110895925723,NA,NA,NA
Alepognathus__drymon_z_trans,0.008377660586540242,-0.00337299315022357,0.008734700521197052,NA,NA,NA
Alepognathus__wetdry_z_trans,0.011650382640028142,-0.01239437516409314,0.036895136412137604,NA,NA,NA
Alepognathus__time,-0.08343438311459095,-0.005141620777729962,0.0066081443802200775,NA,NA,NA
Alopecideops__lat_range_z_trans,0.30694049702176346,0.0026574321990502038,0.017290914866069512,0.37886002293555066,0.0,0.7883404074236751
Alopecideops__biome,-0.08364246399521447,-0.011529366735539878,0.020811565583180147,NA,NA,NA
Alopecideops__mat_z_trans,0.16132465904388832,-0.015617583945983756,0.054758610986844924,NA,NA,NA
Alopecideops__map_z_trans,-0.09029251211687907,-0.006456251932281737,0.008762028863258843,NA,NA,NA
Alopecideops__wmm_z_trans,-0.11414285704932176,-0.019977280746849384,0.054378697884555766,NA,NA,NA
Alopecideops__cmm_z_trans,0.03604607612495123,-0.009438824015398504,0.024194110696382075,NA,NA,NA
Alopecideops__wmmcmm_z_trans,-0.030973299514227736,-0.008894185045354082,0.016953100820160775,NA,NA,NA
Alopecideops__wetmon_z_trans,0.03335225213121409,-0.01427928476679066,0.03367341600422173,NA,NA,NA
Alopecideops__drymon_z_trans,0.01208682053241107,-0.00298012303327405,0.009285028122637533,NA,NA,NA
Alopecideops__wetdry_z_trans,0.013148100007063913,-0.016158666049672817,0.02670986483891599,NA,NA,NA
Alopecideops__time,-0.06618634806391156,-0.00477556884643485,0.006954632797929779,NA,NA,NA
Alopecodon__lat_range_z_trans,0.14481598546058905,0.003722941044035776,0.01692425025624919,0.6293337317474652,0.1357520893216133,1.262756522744894
Alopecodon__biome,-0.050809391270006846,-0.01262328456722599,0.02391046725189594,NA,NA,NA
Alopecodon__mat_z_trans,0.06619550204952164,-0.015050282147266471,0.05300863765430945,NA,NA,NA
Alopecodon__map_z_trans,-0.011073872048188414,-0.004719068477690031,0.008883863974593665,NA,NA,NA
Alopecodon__wmm_z_trans,-0.0030606377158067057,-0.018749760272269277,0.03779606068136972,NA,NA,NA
Alopecodon__cmm_z_trans,0.01774077714968554,-0.012403736107865196,0.034069001990153516,NA,NA,NA
Alopecodon__wmmcmm_z_trans,0.004743783866260813,-0.014352251532143336,0.03204111200102827,NA,NA,NA
Alopecodon__wetmon_z_trans,0.009099015945045693,-0.012344222501948075,0.029977273569968762,NA,NA,NA
Alopecodon__drymon_z_trans,0.004542608769322398,-0.003836532211293891,0.005610425264048868,NA,NA,NA
Alopecodon__wetdry_z_trans,0.019254258005035173,-0.011037760966522172,0.02603682264486418,NA,NA,NA
Alopecodon__time,-0.023787106089720875,-0.006055745178340847,0.005514056175675553,NA,NA,NA
Alopecognathus__lat_range_z_trans,0.2513073032363042,0.002899239641225145,0.01887489912064765,0.42884320521494373,0.0,1.0667960057035089
Alopecognathus__biome,-0.10602967866428838,-0.013876789724385143,0.018781224040875896,NA,NA,NA
Alopecognathus__mat_z_trans,0.10624851796771993,-0.015308441150003653,0.049428336046367656,NA,NA,NA
Alopecognathus__map_z_trans,-0.0542040217406224,-0.005903452503227548,0.00888970489121092,NA,NA,NA
Alopecognathus__wmm_z_trans,-0.016765165012035767,-0.018266779126598843,0.05517107785264958,NA,NA,NA
Alopecognathus__cmm_z_trans,0.00673088797098882,-0.011844192722650651,0.02312980625236082,NA,NA,NA
Alopecognathus__wmmcmm_z_trans,-0.0027781989779005925,-0.00956851586076564,0.023804160243045255,NA,NA,NA
Alopecognathus__wetmon_z_trans,0.022971094418120546,-0.01314818264242444,0.03211739763327212,NA,NA,NA
Alopecognathus__drymon_z_trans,0.00701952702980639,-0.0025710716595649906,0.009420325041721269,NA,NA,NA
Alopecognathus__wetdry_z_trans,0.009850953681364669,-0.015253465747137807,0.027099068013544805,NA,NA,NA
Alopecognathus__time,-0.04669029578771994,-0.004608051422995936,0.0070559723284611435,NA,NA,NA
Alopecorhinus__lat_range_z_trans,0.14994623375116103,0.004445831386193629,0.01717851755055359,0.6157292666996363,0.10057470016181469,1.26636281888932
Alopecorhinus__biome,-0.06871362186284251,-0.011321123256191508,0.017447928889788293,NA,NA,NA
Alopecorhinus__mat_z_trans,0.06562354497859478,-0.013141600884229337,0.046825033411241286,NA,NA,NA
Alopecorhinus__map_z_trans,-0.009614187824377,-0.005733750342294531,0.008647948526553666,NA,NA,NA
Alopecorhinus__wmm_z_trans,0.006016241560154854,-0.018444087963072706,0.045744238573440996,NA,NA,NA
Alopecorhinus__cmm_z_trans,0.011989241454410188,-0.012314921247724262,0.03541704256075663,NA,NA,NA
Alopecorhinus__wmmcmm_z_trans,0.019260868735913265,-0.012247788264997011,0.02783709687135229,NA,NA,NA
Alopecorhinus__wetmon_z_trans,0.0014516786323311927,-0.015994982960708552,0.028604797915057566,NA,NA,NA
Alopecorhinus__drymon_z_trans,0.005194877139719823,-0.0032193495126529885,0.008041375808633091,NA,NA,NA
Alopecorhinus__wetdry_z_trans,0.019777452261887877,-0.013520909882763912,0.03396655176451562,NA,NA,NA
Alopecorhinus__time,-0.023271404705216023,-0.005957019990088325,0.004061439592264096,NA,NA,NA
Aloposaurus__lat_range_z_trans,-0.8053073135018348,-0.030635901383662813,-0.027959732602156836,0.24708073497440636,0.0,0.5965001224540174
Aloposaurus__biome,0.03875498215667903,-0.015641923039761172,0.03320293887524137,NA,NA,NA
Aloposaurus__mat_z_trans,0.15258517436548572,-0.005390957245099701,0.030796399545086225,NA,NA,NA
Aloposaurus__map_z_trans,0.2773027804112644,-0.002696000313234223,0.05884615562346846,NA,NA,NA
Aloposaurus__wmm_z_trans,0.09240936303278431,-0.00300965232649616,0.01901177541397824,NA,NA,NA
Aloposaurus__cmm_z_trans,0.08016389252850786,-0.009792773659897948,0.03162993749408989,NA,NA,NA
Aloposaurus__wmmcmm_z_trans,0.05610948664601892,-0.006159616855553168,0.02536200121791001,NA,NA,NA
Aloposaurus__wetmon_z_trans,0.050884569260524586,-0.014829514747419633,0.03444395400079534,NA,NA,NA
Aloposaurus__drymon_z_trans,0.059980293475382494,-0.006405859724446032,0.025060581043450093,NA,NA,NA
Aloposaurus__wetdry_z_trans,0.041020479671424255,-0.012439850265631202,0.03879148530228867,NA,NA,NA
Aloposaurus__time,0.025516102806432173,-0.0004476533573274551,0.004586475550005637,NA,NA,NA
Alrausuchus__lat_range_z_trans,0.0870903519443275,0.0015691185092117537,0.012525532880268544,0.8014722074364545,0.18263564305379987,1.7194883525371552
Alrausuchus__biome,0.21167482089121514,-0.0022724571034250375,0.05472533010011748,NA,NA,NA
Alrausuchus__mat_z_trans,-0.026643290907348953,-0.013849963500574623,0.039897900584286126,NA,NA,NA
Alrausuchus__map_z_trans,-0.05161167473310194,-0.007661025898829098,0.010366920767204614,NA,NA,NA
Alrausuchus__wmm_z_trans,0.00529288227515686,-0.0112225558921788,0.026004916251691403,NA,NA,NA
Alrausuchus__cmm_z_trans,-0.01411849491338137,-0.020175703575135512,0.04246815799946254,NA,NA,NA
Alrausuchus__wmmcmm_z_trans,-0.002817733847774221,-0.020096980488964553,0.029603311295765128,NA,NA,NA
Alrausuchus__wetmon_z_trans,-0.004823836071748057,-0.007994949508150653,0.013744853623789875,NA,NA,NA
Alrausuchus__drymon_z_trans,0.02263726405002069,-0.008463551579670957,0.02258342500014243,NA,NA,NA
Alrausuchus__wetdry_z_trans,-0.022798381340858796,-0.013152181978649903,0.017749319276803097,NA,NA,NA
Alrausuchus__time,-0.026220983224769397,-0.00412945190216212,0.0041023036846258775,NA,NA,NA
Andescynodon__lat_range_z_trans,0.09375290630283892,0.0037808475386305698,0.020908788071523063,0.8471485302853398,0.2779335416853428,1.8254386726766825
Andescynodon__biome,-0.032635065759055365,-0.015219501456100307,0.02314572826437865,NA,NA,NA
Andescynodon__mat_z_trans,0.020458582353138768,-0.012425312587793336,0.02287144243485681,NA,NA,NA
Andescynodon__map_z_trans,0.0464098679711638,-0.004970925962630485,0.022674253911862178,NA,NA,NA
Andescynodon__wmm_z_trans,0.012501063402886705,-0.007529443953375429,0.02016725434763748,NA,NA,NA
Andescynodon__cmm_z_trans,0.02189190744685376,-0.007703595118720426,0.02197959290952605,NA,NA,NA
Andescynodon__wmmcmm_z_trans,0.00299326425010702,-0.0051368921391548705,0.016040693523168174,NA,NA,NA
Andescynodon__wetmon_z_trans,-0.02440314497971312,-0.0251370098842811,0.036096045796867704,NA,NA,NA
Andescynodon__drymon_z_trans,0.032792800777684934,-0.008608694798936592,0.02820700246055195,NA,NA,NA
Andescynodon__wetdry_z_trans,-0.03204882577810419,-0.023938687474567864,0.04948185504907566,NA,NA,NA
Andescynodon__time,0.03594756813393624,-0.0005604870815996664,0.012199314694709373,NA,NA,NA
Angelosaurus__lat_range_z_trans,0.027089303082940608,0.0012306867910016441,0.010776181445647019,1.9709828864224255,0.04021547548472881,5.781001299619675
Angelosaurus__biome,0.1811741937192618,0.002628434886692623,0.09424623470838596,NA,NA,NA
Angelosaurus__mat_z_trans,-0.012271236755233448,-0.018653003230491745,0.031082290066922584,NA,NA,NA
Angelosaurus__map_z_trans,-0.012795698278702826,-0.008643973342356817,0.00904553562564586,NA,NA,NA
Angelosaurus__wmm_z_trans,0.008738491262335953,-0.009412662357063157,0.023645192317475403,NA,NA,NA
Angelosaurus__cmm_z_trans,-0.006506505101319534,-0.02374367965742942,0.03546836955483202,NA,NA,NA
Angelosaurus__wmmcmm_z_trans,-0.005167217804989616,-0.018961549509644463,0.021789869582493505,NA,NA,NA
Angelosaurus__wetmon_z_trans,0.003909570040976507,-0.005236424123105385,0.009369661034095667,NA,NA,NA
Angelosaurus__drymon_z_trans,0.008237180591083273,-0.007602988875623176,0.019963541935052898,NA,NA,NA
Angelosaurus__wetdry_z_trans,-0.007353882043880397,-0.01527398121422503,0.014942672059011116,NA,NA,NA
Angelosaurus__time,-0.007393274590734827,-0.0037805622862845823,0.003442423134595088,NA,NA,NA
Angonisaurus__lat_range_z_trans,-0.4465399401960026,-0.049439985397383035,-0.00662366457075258,0.6272399412680534,0.0,2.1605097614228725
Angonisaurus__biome,0.37727550959282047,-0.014627007074408614,0.13757670415012047,NA,NA,NA
Angonisaurus__mat_z_trans,0.04623015483610849,-0.005067172323800965,0.017265312092162727,NA,NA,NA
Angonisaurus__map_z_trans,0.05014980248850141,-0.002965016483413946,0.019000301694152285,NA,NA,NA
Angonisaurus__wmm_z_trans,0.015445424452751126,-0.005170847326958657,0.017444416011428317,NA,NA,NA
Angonisaurus__cmm_z_trans,0.03093631663444304,-0.003750695640030369,0.012713995164235669,NA,NA,NA
Angonisaurus__wmmcmm_z_trans,0.02696866035156081,-0.0034962285329283105,0.012457239601066022,NA,NA,NA
Angonisaurus__wetmon_z_trans,0.02195114930509972,-0.009105083434008458,0.020306156506458825,NA,NA,NA
Angonisaurus__drymon_z_trans,0.010257503267047486,-0.004898152476363214,0.014081972130417283,NA,NA,NA
Angonisaurus__wetdry_z_trans,0.014028924738988114,-0.00818950442938728,0.021508461115403027,NA,NA,NA
Angonisaurus__time,0.03095741865041942,-0.0007400097998466642,0.008041077569465035,NA,NA,NA
Annatherapsidus__lat_range_z_trans,-0.11803275001576886,-0.027127249423780933,-0.0067266866269706325,1.165260402006097,0.22760993987321854,2.062095234170556
Annatherapsidus__biome,0.13889700634442567,-0.008505199937792805,0.07517320022830772,NA,NA,NA
Annatherapsidus__mat_z_trans,0.03110758353685607,-0.015878524115012692,0.039753127551841315,NA,NA,NA
Annatherapsidus__map_z_trans,0.013258017919396067,-0.0025824342646407396,0.010365887437197121,NA,NA,NA
Annatherapsidus__wmm_z_trans,0.02783671032740488,-0.00637061983020875,0.01860408734120095,NA,NA,NA
Annatherapsidus__cmm_z_trans,0.011694692048396156,-0.02044361438243964,0.055112245278079376,NA,NA,NA
Annatherapsidus__wmmcmm_z_trans,0.03050501337457231,-0.013711574189660824,0.04216539621424878,NA,NA,NA
Annatherapsidus__wetmon_z_trans,0.007808245684993334,-0.004031928639014231,0.012613062240401278,NA,NA,NA
Annatherapsidus__drymon_z_trans,0.011187368885243437,-0.0019412336194042537,0.007829618851414871,NA,NA,NA
Annatherapsidus__wetdry_z_trans,0.019310011912364505,-0.00388564407953243,0.013090039404693358,NA,NA,NA
Annatherapsidus__time,0.004089024103853891,-0.0029716804370422136,0.005791993543742979,NA,NA,NA
Anningia__lat_range_z_trans,0.25133554951127474,0.0025626244363063694,0.018265902546621138,0.42819818093441425,0.0,1.0022779386490583
Anningia__biome,-0.06821548340348586,-0.01111803979126623,0.0199241143722879,NA,NA,NA
Anningia__mat_z_trans,0.11080629097288038,-0.015326621556046196,0.05384909208207695,NA,NA,NA
Anningia__map_z_trans,-0.06572480869197199,-0.006321638995891544,0.00904109479786593,NA,NA,NA
Anningia__wmm_z_trans,-0.04270733517273751,-0.019264562170627116,0.05223619645446188,NA,NA,NA
Anningia__cmm_z_trans,-0.020737342532652657,-0.01063289751064404,0.018537301376175104,NA,NA,NA
Anningia__wmmcmm_z_trans,0.019485230193290758,-0.0096518211881441,0.02373530262565197,NA,NA,NA
Anningia__wetmon_z_trans,0.018820182142501474,-0.013866373496404542,0.03474589630019925,NA,NA,NA
Anningia__drymon_z_trans,0.012590687336154205,-0.0027115108518887244,0.00958075130403016,NA,NA,NA
Anningia__wetdry_z_trans,0.022475600219688426,-0.016086653107628652,0.02690932428142533,NA,NA,NA
Anningia__time,-0.06046764645320447,-0.005032208686294738,0.006946995323361497,NA,NA,NA
Anomocephalus__lat_range_z_trans,0.15212475255125218,0.0016665655377461912,0.01159188201467716,0.48067575205524915,0.011964949779212475,1.1198928207159042
Anomocephalus__biome,0.1549565651001276,-0.004761184063805355,0.03563783661687477,NA,NA,NA
Anomocephalus__mat_z_trans,-0.08592976276698472,-0.020145193065894025,0.03024119439792593,NA,NA,NA
Anomocephalus__map_z_trans,-0.11455547156243981,-0.00948428718403735,0.012256827306996267,NA,NA,NA
Anomocephalus__wmm_z_trans,0.07523933797370602,-0.00632172393554963,0.02549884815008336,NA,NA,NA
Anomocephalus__cmm_z_trans,-0.037564307143068514,-0.023008880867617595,0.048919098331424445,NA,NA,NA
Anomocephalus__wmmcmm_z_trans,-0.011384394544750133,-0.016093326870911123,0.04654495229213961,NA,NA,NA
Anomocephalus__wetmon_z_trans,0.009245225991519194,-0.005065514382689758,0.008162081122512961,NA,NA,NA
Anomocephalus__drymon_z_trans,0.09589017795706314,-0.008967268961226738,0.026004823842932852,NA,NA,NA
Anomocephalus__wetdry_z_trans,-0.0193337457509432,-0.011411766406166661,0.02417537874036316,NA,NA,NA
Anomocephalus__time,-0.04102745368374431,-0.0038571227183774605,0.004739048648226584,NA,NA,NA
Antecosuchus__lat_range_z_trans,0.0719348015487396,0.00286197829306122,0.015691336988605233,1.1066631850737667,0.13113442435860634,3.0141765866428614
Antecosuchus__biome,0.12224149242122928,-0.005335995377776875,0.06081974639059034,NA,NA,NA
Antecosuchus__mat_z_trans,0.006067289603895363,-0.008004944144649103,0.021928149787502585,NA,NA,NA
Antecosuchus__map_z_trans,0.03778480530556259,-0.006036785832953786,0.023840589511820182,NA,NA,NA
Antecosuchus__wmm_z_trans,-0.008549551205142168,-0.017260024312899365,0.02701138055205206,NA,NA,NA
Antecosuchus__cmm_z_trans,0.012955196897572388,-0.005938222435999446,0.015025858652562337,NA,NA,NA
Antecosuchus__wmmcmm_z_trans,0.0013200263334830758,-0.006399384657045433,0.01608583567401196,NA,NA,NA
Antecosuchus__wetmon_z_trans,-0.017453229920648426,-0.019153220677981937,0.03726185240889353,NA,NA,NA
Antecosuchus__drymon_z_trans,-0.025952169046197578,-0.015622539500221395,0.01308064906672286,NA,NA,NA
Antecosuchus__wetdry_z_trans,-0.053455539880627526,-0.026047065340150694,0.031800370404880485,NA,NA,NA
Antecosuchus__time,0.030767802063870867,-0.000513498931912701,0.01122620202651555,NA,NA,NA
Anteosaurus__lat_range_z_trans,-0.2541337151297924,-0.02464578805715631,-0.019731833316659075,0.0,0.0,0.08283294318243861
Anteosaurus__biome,-0.23832215578712648,-0.03513733140263597,0.007275852318032927,NA,NA,NA
Anteosaurus__mat_z_trans,0.08530531921715717,-0.00810376493814385,0.059900099860941185,NA,NA,NA
Anteosaurus__map_z_trans,0.011868300731266034,-0.0025327722120955993,0.013364298281134467,NA,NA,NA
Anteosaurus__wmm_z_trans,0.054803955785476484,-0.007815750304320827,0.05995485835357707,NA,NA,NA
Anteosaurus__cmm_z_trans,0.04826296887094933,-0.00515007259607732,0.0385752057274607,NA,NA,NA
Anteosaurus__wmmcmm_z_trans,0.022338582795062262,-0.004630042391198756,0.03211168457091449,NA,NA,NA
Anteosaurus__wetmon_z_trans,0.045873383287017636,-0.008351224270121044,0.039690948795718974,NA,NA,NA
Anteosaurus__drymon_z_trans,0.010563956285685646,-0.0015921058782381473,0.008674102622853784,NA,NA,NA
Anteosaurus__wetdry_z_trans,0.04023492422506607,-0.007572155695272153,0.029100149260950968,NA,NA,NA
Anteosaurus__time,-0.004456444402499276,-0.001918695173269537,0.004856604989231638,NA,NA,NA
Apsisaurus__lat_range_z_trans,0.047181096063280636,0.0008519251188733398,0.008291770224800436,1.2532064640667522,0.14335926622152328,2.3246234208345413
Apsisaurus__biome,0.23462075988470968,-0.0003060208326369653,0.06808263918815097,NA,NA,NA
Apsisaurus__mat_z_trans,-0.059509450183211264,-0.01885706458671336,0.029402050711525164,NA,NA,NA
Apsisaurus__map_z_trans,0.10208306178911872,-0.009385696209096179,0.033842381666902455,NA,NA,NA
Apsisaurus__wmm_z_trans,0.00615009278280086,-0.0015019832509178402,0.0036712605913913478,NA,NA,NA
Apsisaurus__cmm_z_trans,-0.016748858796050523,-0.0169126111945198,0.03187282956433715,NA,NA,NA
Apsisaurus__wmmcmm_z_trans,-0.01294278687441937,-0.014583032685877453,0.02657067854423517,NA,NA,NA
Apsisaurus__wetmon_z_trans,-0.025590255799710467,-0.016505604621402093,0.02449217694659082,NA,NA,NA
Apsisaurus__drymon_z_trans,-0.024055678252431364,-0.013289320656595684,0.02541617455189366,NA,NA,NA
Apsisaurus__wetdry_z_trans,-0.019474188058273674,-0.009181714096276609,0.015752982376401242,NA,NA,NA
Apsisaurus__time,-0.054052868434075765,-0.007778579903366872,0.006377027097928711,NA,NA,NA
Archaeosyodon__lat_range_z_trans,0.08632009183516103,0.0016816326785624204,0.011827312240414662,0.7483269342192216,0.2334565594792366,1.4094301387667656
Archaeosyodon__biome,0.23985554547182247,2.9017853361100422e-05,0.05552525103012203,NA,NA,NA
Archaeosyodon__mat_z_trans,-0.03676708631854392,-0.01733726257416123,0.03797731289494096,NA,NA,NA
Archaeosyodon__map_z_trans,-0.06540423903723226,-0.008079626143918528,0.0117701796958318,NA,NA,NA
Archaeosyodon__wmm_z_trans,0.022674710474383183,-0.009897486314876462,0.022388381132993372,NA,NA,NA
Archaeosyodon__cmm_z_trans,-0.03349780667454811,-0.022698068114836368,0.03821075488053792,NA,NA,NA
Archaeosyodon__wmmcmm_z_trans,-0.0038340313306540943,-0.02119508419848521,0.034372973286850246,NA,NA,NA
Archaeosyodon__wetmon_z_trans,-0.004311090686204238,-0.005268182182770904,0.00862438546137609,NA,NA,NA
Archaeosyodon__drymon_z_trans,0.020269321199895666,-0.00892600201546948,0.02633532525878454,NA,NA,NA
Archaeosyodon__wetdry_z_trans,-0.017872840228941027,-0.011247032467571428,0.022227450894339734,NA,NA,NA
Archaeosyodon__time,-0.02977165058340118,-0.004511609438363429,0.0045126446879657596,NA,NA,NA
Arctognathus__lat_range_z_trans,-0.7797900643944741,-0.034004234928427066,-0.03142080593777156,0.2190897065679019,0.0,0.5293550351634622
Arctognathus__biome,0.11375718493945897,-0.011168239955240118,0.04160180708381487,NA,NA,NA
Arctognathus__mat_z_trans,0.1652197210211307,-0.002751959222101379,0.044863763137350764,NA,NA,NA
Arctognathus__map_z_trans,0.15598019267694327,-0.002349765176468437,0.039829393726339056,NA,NA,NA
Arctognathus__wmm_z_trans,0.09385122745647095,-0.003967038928255995,0.02147269685058077,NA,NA,NA
Arctognathus__cmm_z_trans,0.025998351722955705,-0.012228622365754843,0.044165256795245765,NA,NA,NA
Arctognathus__wmmcmm_z_trans,0.09872834148060065,-0.007947184225396321,0.031889307406717735,NA,NA,NA
Arctognathus__wetmon_z_trans,0.07911565798916854,-0.016524040112105957,0.03369819840321271,NA,NA,NA
Arctognathus__drymon_z_trans,0.03279970354429679,-0.006892461797550004,0.012319513676483061,NA,NA,NA
Arctognathus__wetdry_z_trans,0.0404193528869655,-0.00879853832421503,0.03166538855992114,NA,NA,NA
Arctognathus__time,0.015349113122647395,-0.0008176178830143617,0.0036874517622628123,NA,NA,NA
Arctops__lat_range_z_trans,-0.3832115942090796,-0.01306306153569439,-0.013446296429716108,0.0,0.0,0.38643675297498703
Arctops__biome,-0.2993586261570757,-0.02367730778999918,0.0199245955852928,NA,NA,NA
Arctops__mat_z_trans,0.1090533941731293,-0.010339377096113878,0.04268713744690533,NA,NA,NA
Arctops__map_z_trans,0.12274011993080802,-0.005739097769920894,0.03954890902289291,NA,NA,NA
Arctops__wmm_z_trans,0.0885606271923725,-0.0036510926968601216,0.021340906564592477,NA,NA,NA
Arctops__cmm_z_trans,0.025784816964007643,-0.014747682166731663,0.052103743924896695,NA,NA,NA
Arctops__wmmcmm_z_trans,0.07847806527151198,-0.014017709802830859,0.03584585483437614,NA,NA,NA
Arctops__wetmon_z_trans,0.023652231894081683,-0.007989256629198277,0.033067755880727384,NA,NA,NA
Arctops__drymon_z_trans,0.030772824032181748,-0.0039065088793876325,0.013463039622459438,NA,NA,NA
Arctops__wetdry_z_trans,-0.008576402920046425,-0.009496340550780294,0.0228270413727867,NA,NA,NA
Arctops__time,0.034443619706371435,-0.0008222680010123235,0.006409283638943327,NA,NA,NA
Arctotraversodon__lat_range_z_trans,0.060237557818580804,0.0011717551285067285,0.01094941435851244,1.0990733569144504,0.0,2.4973765704780817
Arctotraversodon__biome,0.2521671140102669,-0.007267084404155286,0.0704425218762845,NA,NA,NA
Arctotraversodon__mat_z_trans,-0.04788555725688405,-0.016197408377215238,0.023383455120416164,NA,NA,NA
Arctotraversodon__map_z_trans,-0.09724014110908244,-0.016814175465166604,0.04233914265409832,NA,NA,NA
Arctotraversodon__wmm_z_trans,-0.011718857872093418,-0.013552338905321799,0.022668236209011764,NA,NA,NA
Arctotraversodon__cmm_z_trans,-0.017227803008964832,-0.014070100194359732,0.01777620883420979,NA,NA,NA
Arctotraversodon__wmmcmm_z_trans,-0.010477404080038551,-0.007772579865950222,0.01577785352791403,NA,NA,NA
Arctotraversodon__wetmon_z_trans,-0.0012778785913642513,-0.014683011185468352,0.021365680984707116,NA,NA,NA
Arctotraversodon__drymon_z_trans,-0.0015139984953006765,-0.012190177820381655,0.02029269672333392,NA,NA,NA
Arctotraversodon__wetdry_z_trans,0.0006195090252566643,-0.005398225247182184,0.01335581091575387,NA,NA,NA
Arctotraversodon__time,0.051978383681361304,-0.0006763565818351754,0.01542095025991521,NA,NA,NA
Arisierpeton__lat_range_z_trans,0.03263974530715983,0.001729068317894944,0.009438660205212892,1.8676806793216383,0.7457835227251053,3.23807255923748
Arisierpeton__biome,0.18298727465493198,0.0010961505073260093,0.07862568784508527,NA,NA,NA
Arisierpeton__mat_z_trans,-0.03620914373401672,-0.024742263286623344,0.03383437497130657,NA,NA,NA
Arisierpeton__map_z_trans,0.04540944352501046,-0.005074663929851221,0.02846798163251717,NA,NA,NA
Arisierpeton__wmm_z_trans,0.00470067238669094,-0.002102034967619503,0.006652970972669604,NA,NA,NA
Arisierpeton__cmm_z_trans,-0.0049205967235761705,-0.021284188259412834,0.03941877048112346,NA,NA,NA
Arisierpeton__wmmcmm_z_trans,0.0020454912495403293,-0.017938674318316913,0.027389854663132047,NA,NA,NA
Arisierpeton__wetmon_z_trans,-0.0053012592957523705,-0.009432241276825511,0.013601009639507155,NA,NA,NA
Arisierpeton__drymon_z_trans,-0.012618753834365044,-0.01623949453386852,0.02753337067604565,NA,NA,NA
Arisierpeton__wetdry_z_trans,0.0034225202908123946,-0.0038013659300434495,0.005482519518465146,NA,NA,NA
Arisierpeton__time,-0.03449446970469814,-0.009659995241189165,0.0033267708590921257,NA,NA,NA
Ascendonanus__lat_range_z_trans,0.027465775743398573,0.002090908892281575,0.008934295889771014,2.2316562553698898,0.7457835227251053,3.59547621011734
Ascendonanus__biome,0.16006855579809143,0.0023397988503220633,0.075613275917094,NA,NA,NA
Ascendonanus__mat_z_trans,-0.027374285596876637,-0.026533859129668137,0.03097036996203388,NA,NA,NA
Ascendonanus__map_z_trans,0.03072999500345159,-0.0035811311501189073,0.024139088561406997,NA,NA,NA
Ascendonanus__wmm_z_trans,0.004128315631702214,-0.0021713079989407794,0.00630801653232331,NA,NA,NA
Ascendonanus__cmm_z_trans,0.00021937856765776528,-0.024511421292166206,0.0354074630819494,NA,NA,NA
Ascendonanus__wmmcmm_z_trans,0.005668999537269308,-0.013462297736140902,0.03213912796371613,NA,NA,NA
Ascendonanus__wetmon_z_trans,0.0004685466689667166,-0.009671606286448389,0.010522998182278247,NA,NA,NA
Ascendonanus__drymon_z_trans,-0.0050904293231415826,-0.016774670699258552,0.024731537636379617,NA,NA,NA
Ascendonanus__wetdry_z_trans,0.007452331768546439,-0.005440779692495091,0.022017563580286368,NA,NA,NA
Ascendonanus__time,-0.02607625967732828,-0.009733336675896188,0.002988234156918138,NA,NA,NA
Aulacephalodon__lat_range_z_trans,-0.6946427828073501,-0.02706532447699668,-0.022638723297114707,0.15844180969521404,0.0,0.5209588697180152
Aulacephalodon__biome,0.05320474302396178,-0.013152560505509886,0.02525617956300017,NA,NA,NA
Aulacephalodon__mat_z_trans,0.13635533924854826,-0.007596160260181826,0.038266018403724726,NA,NA,NA
Aulacephalodon__map_z_trans,0.16822353935334833,-0.003401386648458372,0.03680322337649702,NA,NA,NA
Aulacephalodon__wmm_z_trans,0.08994568050751696,-0.0038240893453736747,0.019639579022983918,NA,NA,NA
Aulacephalodon__cmm_z_trans,0.009353962675086223,-0.017022960206184757,0.04463046901789053,NA,NA,NA
Aulacephalodon__wmmcmm_z_trans,0.10010692594514695,-0.006507167510843001,0.03895708021376088,NA,NA,NA
Aulacephalodon__wetmon_z_trans,0.0064144576573744415,-0.014540954585902913,0.040678991876746264,NA,NA,NA
Aulacephalodon__drymon_z_trans,0.04902815852721688,-0.004618305138238315,0.012454082280737527,NA,NA,NA
Aulacephalodon__wetdry_z_trans,0.032462110347114506,-0.009095872776859668,0.03595209946602372,NA,NA,NA
Aulacephalodon__time,0.030328751095512415,-0.0006249214639804233,0.0037729715399070535,NA,NA,NA
Aulacocephalus__lat_range_z_trans,0.10630244411956306,0.005541793351035345,0.025556839793606526,0.8162636877829209,0.3267882652580738,1.26636281888932
Aulacocephalus__biome,-0.08144997939437067,-0.02238941619035962,0.013211999527308596,NA,NA,NA
Aulacocephalus__mat_z_trans,0.05024807096569905,-0.014665872106461659,0.04845606652786311,NA,NA,NA
Aulacocephalus__map_z_trans,0.014127089199566711,-0.0033288118322083522,0.011338642720272012,NA,NA,NA
Aulacocephalus__wmm_z_trans,0.028432957382514612,-0.007810071629262089,0.024965079143215677,NA,NA,NA
Aulacocephalus__cmm_z_trans,0.010971157951899601,-0.02453591309517093,0.06076142259219863,NA,NA,NA
Aulacocephalus__wmmcmm_z_trans,0.03635612440829354,-0.021220881389230273,0.04874099917636401,NA,NA,NA
Aulacocephalus__wetmon_z_trans,0.006350100434286699,-0.005788997897396187,0.012736758718978081,NA,NA,NA
Aulacocephalus__drymon_z_trans,0.0016098662375157915,-0.0046655773912901944,0.006930018199624764,NA,NA,NA
Aulacocephalus__wetdry_z_trans,0.007759172025916918,-0.005677233101929891,0.014667299518589577,NA,NA,NA
Aulacocephalus__time,-0.0030460792091478324,-0.002908721636255669,0.006406845546136131,NA,NA,NA
Australobarbarus__lat_range_z_trans,0.043728218527658395,0.0029104380318020753,0.016584221310727645,1.9653248347243062,0.0,7.5440533477813005
Australobarbarus__biome,0.0968396517634653,-0.005363426372552997,0.09217095422486017,NA,NA,NA
Australobarbarus__mat_z_trans,0.021240369739744316,-0.017491736976014898,0.03370843702455766,NA,NA,NA
Australobarbarus__map_z_trans,-0.005200225084348349,-0.006235118364458465,0.009057938788382007,NA,NA,NA
Australobarbarus__wmm_z_trans,-0.004819317184788386,-0.022793273128747436,0.029314158729270328,NA,NA,NA
Australobarbarus__cmm_z_trans,0.009727569103443915,-0.008525793407568637,0.01690002045418884,NA,NA,NA
Australobarbarus__wmmcmm_z_trans,0.006405209731966223,-0.00823393039787999,0.025988553699201243,NA,NA,NA
Australobarbarus__wetmon_z_trans,0.005828902567167249,-0.013778594072025446,0.02279626194848954,NA,NA,NA
Australobarbarus__drymon_z_trans,0.0025365140804207878,-0.0038498961851091643,0.005288109031557266,NA,NA,NA
Australobarbarus__wetdry_z_trans,0.007492402032233475,-0.019414240177099012,0.019437586609808405,NA,NA,NA
Australobarbarus__time,-0.006118371155225473,-0.004674131868875547,0.002525729643114006,NA,NA,NA
Australosyodon__lat_range_z_trans,0.1543598621121529,0.0016047511656228709,0.011336699279220389,0.4966536622791318,0.0,1.0299747586250305
Australosyodon__biome,0.12749275805243604,-0.004842661082258165,0.035958875601725594,NA,NA,NA
Australosyodon__mat_z_trans,-0.06507549738716777,-0.01887634152829142,0.028827244594381594,NA,NA,NA
Australosyodon__map_z_trans,-0.10211093873646794,-0.009132506684536943,0.011683750121791146,NA,NA,NA
Australosyodon__wmm_z_trans,0.060274393296522046,-0.008924245077522873,0.038611588503737033,NA,NA,NA
Australosyodon__cmm_z_trans,-0.006655457366842062,-0.02215546136992685,0.0407109339098995,NA,NA,NA
Australosyodon__wmmcmm_z_trans,-0.028818624861600774,-0.015496411314115163,0.042180019810303095,NA,NA,NA
Australosyodon__wetmon_z_trans,0.002628808258791823,-0.007163728440511471,0.012882583493716772,NA,NA,NA
Australosyodon__drymon_z_trans,0.08054806132784882,-0.008634665119406755,0.024017764574292555,NA,NA,NA
Australosyodon__wetdry_z_trans,-0.005926208703811196,-0.009918650753844033,0.023045040713010286,NA,NA,NA
Australosyodon__time,-0.039056231870124386,-0.0039097827137387145,0.0045174708620791355,NA,NA,NA
Avenantia__lat_range_z_trans,0.24219174736771298,0.0027246611207383687,0.016871400764994306,0.4354123763635289,0.0,1.0211622789502144
Avenantia__biome,-0.05934351916145163,-0.01115298081639436,0.0203066330625344,NA,NA,NA
Avenantia__mat_z_trans,0.11757048559458437,-0.0169350803702206,0.0509207991873074,NA,NA,NA
Avenantia__map_z_trans,-0.06411210020412857,-0.00672136101857963,0.00854944354370596,NA,NA,NA
Avenantia__wmm_z_trans,-0.054133962670769795,-0.020482675030606627,0.05305935586376741,NA,NA,NA
Avenantia__cmm_z_trans,0.027260335163486436,-0.009677611654378115,0.024906777623079492,NA,NA,NA
Avenantia__wmmcmm_z_trans,-0.02917931490386401,-0.0102621131536385,0.015962698771724182,NA,NA,NA
Avenantia__wetmon_z_trans,0.027056455247870582,-0.014743154797097846,0.03088807572317651,NA,NA,NA
Avenantia__drymon_z_trans,0.009610747345330645,-0.0030652180597394874,0.009059753736840285,NA,NA,NA
Avenantia__wetdry_z_trans,0.020225992551358714,-0.012144035702784713,0.036677812794659696,NA,NA,NA
Avenantia__time,-0.05948594220839226,-0.004990133435828007,0.0065692203923674855,NA,NA,NA
Baldwinonus__lat_range_z_trans,0.05108541193018469,0.0008941810406534909,0.008137668025721318,1.168892093327595,0.14335926622152328,2.3401127010583878
Baldwinonus__biome,0.2497030257509428,-0.0003047623574807041,0.06466043767050184,NA,NA,NA
Baldwinonus__mat_z_trans,-0.06671791247916599,-0.018779517097224162,0.028855614842073555,NA,NA,NA
Baldwinonus__map_z_trans,0.11479852943427878,-0.009347098622776379,0.03504478344564806,NA,NA,NA
Baldwinonus__wmm_z_trans,0.005896453415850168,-0.001495806519124411,0.003603030368509174,NA,NA,NA
Baldwinonus__cmm_z_trans,-0.024285408538052864,-0.016843060043925235,0.03254391125703363,NA,NA,NA
Baldwinonus__wmmcmm_z_trans,-0.015467257853175242,-0.014977925153367848,0.02607686360681154,NA,NA,NA
Baldwinonus__wetmon_z_trans,-0.026445092335957245,-0.01643772723810072,0.02813053265033605,NA,NA,NA
Baldwinonus__drymon_z_trans,-0.02490777447193859,-0.01181406427589398,0.024943816022359056,NA,NA,NA
Baldwinonus__wetdry_z_trans,-0.02666849088969599,-0.010597331254963292,0.015460213864920153,NA,NA,NA
Baldwinonus__time,-0.059330559841533057,-0.007746591396326266,0.00631509971024275,NA,NA,NA
Basilodon__lat_range_z_trans,-0.4612307371199131,-0.010502315136129588,-0.008324784625463006,0.08958961063275638,0.0,0.5781923979520798
Basilodon__biome,-0.33492226308211687,-0.016973343322320956,0.012374909107481862,NA,NA,NA
Basilodon__mat_z_trans,0.1220203888695687,-0.007471535253796764,0.028741898549341206,NA,NA,NA
Basilodon__map_z_trans,0.38261073844041676,-0.005333130825460736,0.05634879391265081,NA,NA,NA
Basilodon__wmm_z_trans,0.10588692334946245,-0.0027866180700042128,0.023511631204120687,NA,NA,NA
Basilodon__cmm_z_trans,0.045200806045904755,-0.007768198440016828,0.025505090949387518,NA,NA,NA
Basilodon__wmmcmm_z_trans,0.05095171727451089,-0.005218143817094871,0.027109707316588568,NA,NA,NA
Basilodon__wetmon_z_trans,8.648223709315062e-05,-0.023572037018524603,0.04809491895108118,NA,NA,NA
Basilodon__drymon_z_trans,0.024754242539638652,-0.008836081427481142,0.021271298503728532,NA,NA,NA
Basilodon__wetdry_z_trans,-0.08609378954046405,-0.018913804065283896,0.03344054467882786,NA,NA,NA
Basilodon__time,0.06266417749691755,-7.449554241590903e-05,0.005697962916411863,NA,NA,NA
Bauria__lat_range_z_trans,-0.34267905935645104,-0.009646895967314195,-0.0075771617832186946,0.03202864949591458,0.0,0.38723766058683395
Bauria__biome,-0.17263085138052703,-0.016493003381437946,0.02207028082105566,NA,NA,NA
Bauria__mat_z_trans,0.02256716125877574,-0.009922176828173045,0.030213769769366426,NA,NA,NA
Bauria__map_z_trans,0.19160077002597972,-0.002943229674651929,0.026313125402202736,NA,NA,NA
Bauria__wmm_z_trans,0.044575133682228624,-0.011955029300295744,0.0495909479336703,NA,NA,NA
Bauria__cmm_z_trans,0.053565873170737174,-0.004202222596173081,0.018939150298982153,NA,NA,NA
Bauria__wmmcmm_z_trans,0.04583299248246476,-0.005468310938510879,0.02546592813769274,NA,NA,NA
Bauria__wetmon_z_trans,-0.03770796306896955,-0.01742369079314929,0.039761345536000775,NA,NA,NA
Bauria__drymon_z_trans,0.006084429598413408,-0.006162102925515755,0.01977036105929746,NA,NA,NA
Bauria__wetdry_z_trans,-0.07233798502013088,-0.023534674647166545,0.037374295606161304,NA,NA,NA
Bauria__time,0.11549722398165613,0.0003016341338589076,0.011849928682946228,NA,NA,NA
Beishanodon__lat_range_z_trans,0.019754593334726026,0.003991132005317227,0.014547027882745757,4.327973389093532,0.14503487572073936,7.889927145093679
Beishanodon__biome,0.06289899258363528,-0.006961874620329864,0.07280951509638499,NA,NA,NA
Beishanodon__mat_z_trans,0.012110259482441592,-0.007040211644615765,0.01542674228726999,NA,NA,NA
Beishanodon__map_z_trans,0.03586815821205839,-0.012699975952256415,0.04074240497677518,NA,NA,NA
Beishanodon__wmm_z_trans,0.010698105431696997,-0.006537298431380395,0.019467015929495637,NA,NA,NA
Beishanodon__cmm_z_trans,0.008289475981850068,-0.005792069442243554,0.011453938995245945,NA,NA,NA
Beishanodon__wmmcmm_z_trans,0.004435788742913379,-0.0041449766701601104,0.00812532239519494,NA,NA,NA
Beishanodon__wetmon_z_trans,0.009470764429703108,-0.03173779136111479,0.03283510217855161,NA,NA,NA
Beishanodon__drymon_z_trans,0.015175322585085634,-0.011137263779161523,0.02902661476845656,NA,NA,NA
Beishanodon__wetdry_z_trans,-0.002204364554145301,-0.02310496149645134,0.026227324870946665,NA,NA,NA
Beishanodon__time,0.0011638278917723277,-0.0022844115261329845,0.003110962083089848,NA,NA,NA
Biarmosuchoides__lat_range_z_trans,0.0824509858073073,0.001703061980740916,0.011756690751584304,0.783896977402037,0.18263564305379987,1.6430411450564861
Biarmosuchoides__biome,0.23743412560541216,-0.003059536330318085,0.05366006601933114,NA,NA,NA
Biarmosuchoides__mat_z_trans,-0.05089963740232131,-0.015452427657376875,0.039536643130115894,NA,NA,NA
Biarmosuchoides__map_z_trans,-0.06292561277411857,-0.008182586054447452,0.010424122971820786,NA,NA,NA
Biarmosuchoides__wmm_z_trans,0.021184800920137036,-0.009067569742943905,0.029018184467764108,NA,NA,NA
Biarmosuchoides__cmm_z_trans,-0.013182309739147783,-0.022987313065116897,0.03806369164981893,NA,NA,NA
Biarmosuchoides__wmmcmm_z_trans,-0.010908726983296818,-0.021465176395061857,0.029766655330901726,NA,NA,NA
Biarmosuchoides__wetmon_z_trans,0.0027316472962267144,-0.004405882846401845,0.011819524844804499,NA,NA,NA
Biarmosuchoides__drymon_z_trans,0.027555234931444836,-0.00903974742305687,0.0227080349712998,NA,NA,NA
Biarmosuchoides__wetdry_z_trans,-0.02876309734470513,-0.011390355120866308,0.022028111465761033,NA,NA,NA
Biarmosuchoides__time,-0.027016486195200955,-0.004102170263680332,0.0049902458609549,NA,NA,NA
Biarmosuchus__lat_range_z_trans,-0.30084837712347506,-0.007683172014671743,-0.005091067649933876,0.35328249605780004,0.0,1.2812492176890373
Biarmosuchus__biome,0.3837974259257317,-0.009961464800913294,0.058824693071098354,NA,NA,NA
Biarmosuchus__mat_z_trans,0.14786615601507946,-0.01639195555895201,0.05189321984527141,NA,NA,NA
Biarmosuchus__map_z_trans,-0.040793640648480504,-0.004834070842830826,0.010580966956360226,NA,NA,NA
Biarmosuchus__wmm_z_trans,-0.05887918415712193,-0.018857407226248728,0.04212840868172029,NA,NA,NA
Biarmosuchus__cmm_z_trans,0.060053549269214274,-0.009351675072829772,0.02128356941247072,NA,NA,NA
Biarmosuchus__wmmcmm_z_trans,-0.019447563227731734,-0.007626923341215677,0.017340280428150206,NA,NA,NA
Biarmosuchus__wetmon_z_trans,0.014489592965692282,-0.012084601810662156,0.028716920848660565,NA,NA,NA
Biarmosuchus__drymon_z_trans,0.04604662174300756,-0.0036332839809579544,0.016141120347448214,NA,NA,NA
Biarmosuchus__wetdry_z_trans,-0.03685825583525002,-0.013677079669101063,0.02736565208256695,NA,NA,NA
Biarmosuchus__time,-0.01980475299060345,-0.0033480686001462956,0.004588207440344028,NA,NA,NA
Biseridens__lat_range_z_trans,0.0852189588707022,0.001674943415286168,0.0112711966740276,0.7374392685841303,0.2954404801130295,1.4094301387667656
Biseridens__biome,0.25516991521054055,-0.0024257167572474224,0.05037614412129551,NA,NA,NA
Biseridens__mat_z_trans,-0.05515801934490552,-0.020849082008209056,0.030097286357223727,NA,NA,NA
Biseridens__map_z_trans,-0.06438497240468011,-0.008177702836496803,0.012015608579819698,NA,NA,NA
Biseridens__wmm_z_trans,0.03043719933961598,-0.005499476535131066,0.026935204631115768,NA,NA,NA
Biseridens__cmm_z_trans,-0.03231119224994099,-0.02192010460513543,0.04398739511217149,NA,NA,NA
Biseridens__wmmcmm_z_trans,-0.009953139098276253,-0.021452366369724054,0.035089710047982704,NA,NA,NA
Biseridens__wetmon_z_trans,0.0030680453429084154,-0.004282564826742725,0.008804219019874484,NA,NA,NA
Biseridens__drymon_z_trans,0.023904634959357202,-0.009034352666852428,0.02688446296566345,NA,NA,NA
Biseridens__wetdry_z_trans,-0.02867395313446334,-0.011383557564907791,0.022690932218148704,NA,NA,NA
Biseridens__time,-0.02965655336912068,-0.004099722163368899,0.00561981173683395,NA,NA,NA
Blattoidealestes__lat_range_z_trans,0.16648463122242563,0.0032052720314576662,0.01971405431091069,0.567889485755004,0.0,1.0667960057035089
Blattoidealestes__biome,-0.102065972981041,-0.014047367307070551,0.0192427199312058,NA,NA,NA
Blattoidealestes__mat_z_trans,0.07039597436677401,-0.018545695426514183,0.03619642992071937,NA,NA,NA
Blattoidealestes__map_z_trans,-0.011661520461120605,-0.00411084351035263,0.01071747806869401,NA,NA,NA
Blattoidealestes__wmm_z_trans,-0.002108200805733345,-0.017534217063298232,0.037764250552765034,NA,NA,NA
Blattoidealestes__cmm_z_trans,-0.007721939022759037,-0.010905481333472694,0.046491928214818595,NA,NA,NA
Blattoidealestes__wmmcmm_z_trans,0.060114944327465725,-0.011232612279457014,0.03645075000588791,NA,NA,NA
Blattoidealestes__wetmon_z_trans,0.018956222913062742,-0.014536053346197845,0.02656423323436698,NA,NA,NA
Blattoidealestes__drymon_z_trans,0.0043981932819431736,-0.0030221600361187975,0.005605463080976881,NA,NA,NA
Blattoidealestes__wetdry_z_trans,0.0005452663787242031,-0.012280687845308254,0.028290773557246997,NA,NA,NA
Blattoidealestes__time,-0.01967667509800403,-0.004439856802196969,0.006733890586564823,NA,NA,NA
Bolodon__lat_range_z_trans,0.06760446608336497,0.000908313072840587,0.009271023532549398,0.9718389677826781,0.0,2.163332663476467
Bolodon__biome,0.05560926205165687,-0.008060774859087464,0.031859395359326755,NA,NA,NA
Bolodon__mat_z_trans,-0.06753424888178715,-0.01874934629626017,0.020058714117168187,NA,NA,NA
Bolodon__map_z_trans,-0.11644013907208489,-0.01785356391091506,0.023985753393005894,NA,NA,NA
Bolodon__wmm_z_trans,-0.01862752934826394,-0.009331579935671696,0.027504446603519257,NA,NA,NA
Bolodon__cmm_z_trans,0.001939761427058707,-0.010630111682293318,0.02798492917952547,NA,NA,NA
Bolodon__wmmcmm_z_trans,-0.00692560488739414,-0.006748430137745706,0.010395459325703802,NA,NA,NA
Bolodon__wetmon_z_trans,0.06893136780492828,-0.013252367677342641,0.04371160960609207,NA,NA,NA
Bolodon__drymon_z_trans,0.030500986273396792,-0.0076550580409731565,0.018126647328871086,NA,NA,NA
Bolodon__wetdry_z_trans,0.07037131531212237,-0.014604292742769647,0.04003959325662666,NA,NA,NA
Bolodon__time,0.09223128735873959,-0.0014724907083112394,0.020834399761768513,NA,NA,NA
Bolotridon__lat_range_z_trans,0.09353903473906147,0.004186832871574037,0.020742910258677704,0.8460123091540299,0.29340557754039764,1.8254386726766825
Bolotridon__biome,-0.028662851574371016,-0.016853763166670754,0.023837188604596476,NA,NA,NA
Bolotridon__mat_z_trans,0.021233049199200302,-0.0074996798491110085,0.021794324419231046,NA,NA,NA
Bolotridon__map_z_trans,0.04613124120925498,-0.004201735343146897,0.02149922325601002,NA,NA,NA
Bolotridon__wmm_z_trans,0.016159348545139167,-0.004969692012913659,0.019407316169145643,NA,NA,NA
Bolotridon__cmm_z_trans,0.021582244029422264,-0.00853080293315353,0.022052813659406378,NA,NA,NA
Bolotridon__wmmcmm_z_trans,0.003756015578559732,-0.005688488796809265,0.014909934632481471,NA,NA,NA
Bolotridon__wetmon_z_trans,-0.02348997091152598,-0.02592262813396811,0.0371743866389501,NA,NA,NA
Bolotridon__drymon_z_trans,0.02296461102207904,-0.009533091720114973,0.029049664367540425,NA,NA,NA
Bolotridon__wetdry_z_trans,-0.030319642204624277,-0.027974782071816952,0.050813954140744244,NA,NA,NA
Bolotridon__time,0.03476784448954179,-0.00046187176239840275,0.012490255317373617,NA,NA,NA
Bonacynodon__lat_range_z_trans,0.09230211161222542,-0.00011375651985165933,0.007916374425327334,0.21246189809928182,0.0,0.5845883935689926
Bonacynodon__biome,0.005485940501093864,-0.01092489877745833,0.02715481216422282,NA,NA,NA
Bonacynodon__mat_z_trans,-0.15814015118870883,-0.027578126754511385,0.0489668559733954,NA,NA,NA
Bonacynodon__map_z_trans,-0.23099350085482,-0.015547061506975532,0.028187159117650233,NA,NA,NA
Bonacynodon__wmm_z_trans,0.03407782035297714,-0.019345075358039088,0.05414473408320107,NA,NA,NA
Bonacynodon__cmm_z_trans,-0.013248762008734047,-0.01689520424306641,0.038425455301732,NA,NA,NA
Bonacynodon__wmmcmm_z_trans,0.05999084967654198,-0.0034095810233405206,0.016909686104396648,NA,NA,NA
Bonacynodon__wetmon_z_trans,0.020471600245218723,-0.004525334253970074,0.015664760764163368,NA,NA,NA
Bonacynodon__drymon_z_trans,0.01595680990285473,-0.003917785001436052,0.00792286327262548,NA,NA,NA
Bonacynodon__wetdry_z_trans,-0.005701402190607041,-0.004853648676863821,0.008402654398782867,NA,NA,NA
Bonacynodon__time,0.21459965792950242,-0.00033923080301664124,0.020076615858659906,NA,NA,NA
Boreogomphodon__lat_range_z_trans,-0.04959460014863314,-0.006584646221022554,-0.002627982307519912,1.6312250817123277,0.0,5.003291442990303
Boreogomphodon__biome,0.17870722253666388,-0.0031062242446764352,0.06257551833533478,NA,NA,NA
Boreogomphodon__mat_z_trans,-0.032911143985863305,-0.017435926037951292,0.02386867845761438,NA,NA,NA
Boreogomphodon__map_z_trans,-0.016999876660622297,-0.014110547104470636,0.02891783609123818,NA,NA,NA
Boreogomphodon__wmm_z_trans,-0.006434524800469651,-0.007965935740187127,0.02132659285303146,NA,NA,NA
Boreogomphodon__cmm_z_trans,0.0025857539151169767,-0.014441205326936003,0.021606015171369727,NA,NA,NA
Boreogomphodon__wmmcmm_z_trans,-9.960792941318234e-05,-0.005507359846376374,0.013286384345801754,NA,NA,NA
Boreogomphodon__wetmon_z_trans,0.01760952443911186,-0.018051174315545187,0.030807627421583675,NA,NA,NA
Boreogomphodon__drymon_z_trans,0.006483036400024558,-0.008907791808412654,0.018737283410984955,NA,NA,NA
Boreogomphodon__wetdry_z_trans,0.03963651867455546,-0.009671526936498035,0.036888279405130696,NA,NA,NA
Boreogomphodon__time,0.038678621681266324,-0.0016673653364532176,0.018385738279587414,NA,NA,NA
Botucaraitherium__lat_range_z_trans,0.23832907006144524,0.000931591761160578,0.009114859579251245,0.19421127982903272,0.0,0.5194260105490685
Botucaraitherium__biome,-0.005239399746060371,-0.006925058449537461,0.02581393001566078,NA,NA,NA
Botucaraitherium__mat_z_trans,-0.26284537110244854,-0.020661356662625197,0.0257427456116685,NA,NA,NA
Botucaraitherium__map_z_trans,-0.15003093767911196,-0.01770591505907679,0.03223926386589827,NA,NA,NA
Botucaraitherium__wmm_z_trans,-0.03808975404361263,-0.00756438652427325,0.02842646496250409,NA,NA,NA
Botucaraitherium__cmm_z_trans,-0.05368663308210671,-0.013260660828842767,0.025434183167883123,NA,NA,NA
Botucaraitherium__wmmcmm_z_trans,-0.03577140789479017,-0.0058318966224462565,0.017647603577416168,NA,NA,NA
Botucaraitherium__wetmon_z_trans,-0.09084465011954307,-0.01767955563103826,0.03342580104363838,NA,NA,NA
Botucaraitherium__drymon_z_trans,0.12132107427343726,-0.008473486088811327,0.027603246830866804,NA,NA,NA
Botucaraitherium__wetdry_z_trans,0.004773362055420876,-0.009640045001343779,0.030228200462367846,NA,NA,NA
Botucaraitherium__time,0.2886350029846653,-0.0006389338116949926,0.018095672347001886,NA,NA,NA
Brachyprosopus__lat_range_z_trans,-0.29150132384167987,-0.011969611287486701,-0.011666259461844864,0.0,0.0,0.2774728611111641
Brachyprosopus__biome,-0.16751094037178688,-0.019411695899814826,0.017554651241380555,NA,NA,NA
Brachyprosopus__mat_z_trans,0.10354602255693245,-0.014198020080267892,0.06457705353153893,NA,NA,NA
Brachyprosopus__map_z_trans,0.012736896243738643,-0.0028442251087758487,0.01100577203259257,NA,NA,NA
Brachyprosopus__wmm_z_trans,0.03160680268285773,-0.01813923262365009,0.043862128388338334,NA,NA,NA
Brachyprosopus__cmm_z_trans,0.015114137189228237,-0.011859767670855698,0.036246529870755446,NA,NA,NA
Brachyprosopus__wmmcmm_z_trans,0.0453429706542438,-0.008194653524637307,0.042241622651159376,NA,NA,NA
Brachyprosopus__wetmon_z_trans,0.038248857368547266,-0.011422359960579961,0.02761782496038591,NA,NA,NA
Brachyprosopus__drymon_z_trans,0.021627904860498384,-0.0013352093843554188,0.007959120145989318,NA,NA,NA
Brachyprosopus__wetdry_z_trans,0.002069574199626024,-0.006666674992056402,0.02831408418930782,NA,NA,NA
Brachyprosopus__time,0.011058174336056768,-0.0014082523860493691,0.006059443914553712,NA,NA,NA
Brachyzostrodon__lat_range_z_trans,-0.493086510696463,-0.011628197533467693,-0.008435093196325133,0.4316876404165669,0.0,0.9366772770881653
Brachyzostrodon__biome,0.41625365121080093,-0.00684876767284394,0.03942632450536175,NA,NA,NA
Brachyzostrodon__mat_z_trans,-0.12818054060987089,-0.017767104431098756,0.022975749643347098,NA,NA,NA
Brachyzostrodon__map_z_trans,-0.3158601096034344,-0.017602241035118853,0.026674345527807043,NA,NA,NA
Brachyzostrodon__wmm_z_trans,0.010537849469759802,-0.00735109664070877,0.017364403008134313,NA,NA,NA
Brachyzostrodon__cmm_z_trans,0.009440318985476918,-0.009403520228752514,0.032563692759092884,NA,NA,NA
Brachyzostrodon__wmmcmm_z_trans,0.010718860704217657,-0.004013216349000729,0.0137561652927171,NA,NA,NA
Brachyzostrodon__wetmon_z_trans,0.18882484622062165,-0.010920395717562415,0.05090109639012163,NA,NA,NA
Brachyzostrodon__drymon_z_trans,0.09307202139492304,-0.0039644122648519395,0.017917929656353585,NA,NA,NA
Brachyzostrodon__wetdry_z_trans,0.17345324382726185,-0.01611757888286965,0.042584451314316374,NA,NA,NA
Brachyzostrodon__time,0.2124872932184439,-0.0018331721622542535,0.01804290656323044,NA,NA,NA
Brasilitherium__lat_range_z_trans,0.05184005171077814,0.0005001605057493059,0.0076187007466676305,1.0470118791650749,0.0,4.308766230940819
Brasilitherium__biome,-0.024570313052634903,-0.009021252505387928,0.014348780429202497,NA,NA,NA
Brasilitherium__mat_z_trans,-0.04893193549860222,-0.017571389274499003,0.027825177205425305,NA,NA,NA
Brasilitherium__map_z_trans,0.04817543590257134,-0.01489798097011783,0.029868113852638902,NA,NA,NA
Brasilitherium__wmm_z_trans,-0.005610902649547193,-0.012474447377290263,0.021569076917004593,NA,NA,NA
Brasilitherium__cmm_z_trans,0.010686377312613043,-0.01123089654337178,0.029187952229313422,NA,NA,NA
Brasilitherium__wmmcmm_z_trans,0.0025824999456147972,-0.006822715335139903,0.011084640931808892,NA,NA,NA
Brasilitherium__wetmon_z_trans,-0.004683090068155235,-0.0145108837081084,0.04097786417156483,NA,NA,NA
Brasilitherium__drymon_z_trans,-0.0007131206358054653,-0.009039727459807963,0.022811391544987746,NA,NA,NA
Brasilitherium__wetdry_z_trans,0.07902526333514638,-0.009364360198130162,0.05005597802169716,NA,NA,NA
Brasilitherium__time,0.06986065781975878,-0.003016210052425586,0.01842429541384613,NA,NA,NA
Brasilodon__lat_range_z_trans,0.026973483480193145,0.0007177619422195365,0.007362058162104621,1.980319811156369,0.0,6.038265749812126
Brasilodon__biome,-0.003764942350528151,-0.011222167954751798,0.012254092288718196,NA,NA,NA
Brasilodon__mat_z_trans,-0.01147662090846605,-0.016480603943175295,0.023576218459595844,NA,NA,NA
Brasilodon__map_z_trans,-0.0024553490926976134,-0.015039187152476811,0.027061958294346555,NA,NA,NA
Brasilodon__wmm_z_trans,-0.003462128144074056,-0.010923588112637626,0.01902447602094226,NA,NA,NA
Brasilodon__cmm_z_trans,0.016020005002765098,-0.012208025241490372,0.02587169378559492,NA,NA,NA
Brasilodon__wmmcmm_z_trans,0.003677218531855374,-0.005620933892815353,0.011911424262155131,NA,NA,NA
Brasilodon__wetmon_z_trans,0.04515626453850961,-0.014506422839203833,0.047569335536700286,NA,NA,NA
Brasilodon__drymon_z_trans,0.014855712140102275,-0.00933906550203026,0.022504818499343642,NA,NA,NA
Brasilodon__wetdry_z_trans,0.056329767597921444,-0.010017009026466985,0.054781829969061,NA,NA,NA
Brasilodon__time,0.035807513326156414,-0.0028104611957007163,0.021854066185594635,NA,NA,NA
Bulbasaurus__lat_range_z_trans,0.10630244411956306,0.005541793351035345,0.025556839793606526,0.8162636877829209,0.3267882652580738,1.26636281888932
Bulbasaurus__biome,-0.08144997939437067,-0.02238941619035962,0.013211999527308596,NA,NA,NA
Bulbasaurus__mat_z_trans,0.05024807096569905,-0.014665872106461659,0.04845606652786311,NA,NA,NA
Bulbasaurus__map_z_trans,0.014127089199566711,-0.0033288118322083522,0.011338642720272012,NA,NA,NA
Bulbasaurus__wmm_z_trans,0.028432957382514612,-0.007810071629262089,0.024965079143215677,NA,NA,NA
Bulbasaurus__cmm_z_trans,0.010971157951899601,-0.02453591309517093,0.06076142259219863,NA,NA,NA
Bulbasaurus__wmmcmm_z_trans,0.03635612440829354,-0.021220881389230273,0.04874099917636401,NA,NA,NA
Bulbasaurus__wetmon_z_trans,0.006350100434286699,-0.005788997897396187,0.012736758718978081,NA,NA,NA
Bulbasaurus__drymon_z_trans,0.0016098662375157915,-0.0046655773912901944,0.006930018199624764,NA,NA,NA
Bulbasaurus__wetdry_z_trans,0.007759172025916918,-0.005677233101929891,0.014667299518589577,NA,NA,NA
Bulbasaurus__time,-0.0030460792091478324,-0.002908721636255669,0.006406845546136131,NA,NA,NA
Bullacephalus__lat_range_z_trans,0.2640852150987256,0.002122167038129206,0.014564272770221862,0.3955981434171554,0.0052530160173773766,0.8179978542029858
Bullacephalus__biome,0.022205657290271973,-0.010136578636556601,0.020316706476536765,NA,NA,NA
Bullacephalus__mat_z_trans,0.11704023409003382,-0.014553404133964722,0.04448686932155558,NA,NA,NA
Bullacephalus__map_z_trans,-0.12663232336425775,-0.008893573801917064,0.007469206763661081,NA,NA,NA
Bullacephalus__wmm_z_trans,-0.05720097342031971,-0.018616031853079182,0.04315439231515305,NA,NA,NA
Bullacephalus__cmm_z_trans,-0.008071464317836995,-0.012070648441673434,0.034447360057767606,NA,NA,NA
Bullacephalus__wmmcmm_z_trans,-0.03949449305771644,-0.009911653246067893,0.032150326506712006,NA,NA,NA
Bullacephalus__wetmon_z_trans,-0.0021568045345214722,-0.01339957007117161,0.02698531464984902,NA,NA,NA
Bullacephalus__drymon_z_trans,0.04130881743376236,-0.003674987213134302,0.01606108339616563,NA,NA,NA
Bullacephalus__wetdry_z_trans,0.03692875915678025,-0.013865260252803827,0.028465769608239953,NA,NA,NA
Bullacephalus__time,-0.0703517002531842,-0.004450162306290085,0.005670669598294541,NA,NA,NA
Burnetia__lat_range_z_trans,0.10630244411956306,0.005541793351035345,0.025556839793606526,0.8162636877829209,0.3267882652580738,1.26636281888932
Burnetia__biome,-0.08144997939437067,-0.02238941619035962,0.013211999527308596,NA,NA,NA
Burnetia__mat_z_trans,0.05024807096569905,-0.014665872106461659,0.04845606652786311,NA,NA,NA
Burnetia__map_z_trans,0.014127089199566711,-0.0033288118322083522,0.011338642720272012,NA,NA,NA
Burnetia__wmm_z_trans,0.028432957382514612,-0.007810071629262089,0.024965079143215677,NA,NA,NA
Burnetia__cmm_z_trans,0.010971157951899601,-0.02453591309517093,0.06076142259219863,NA,NA,NA
Burnetia__wmmcmm_z_trans,0.03635612440829354,-0.021220881389230273,0.04874099917636401,NA,NA,NA
Burnetia__wetmon_z_trans,0.006350100434286699,-0.005788997897396187,0.012736758718978081,NA,NA,NA
Burnetia__drymon_z_trans,0.0016098662375157915,-0.0046655773912901944,0.006930018199624764,NA,NA,NA
Burnetia__wetdry_z_trans,0.007759172025916918,-0.005677233101929891,0.014667299518589577,NA,NA,NA
Burnetia__time,-0.0030460792091478324,-0.002908721636255669,0.006406845546136131,NA,NA,NA
Cabarzia__lat_range_z_trans,0.05333991717310937,0.0008516918060087225,0.008321722783161598,1.121540091606439,0.14335926622152328,2.3401127010583878
Cabarzia__biome,0.2572157187655,-0.004915250578850487,0.05998869986022464,NA,NA,NA
Cabarzia__mat_z_trans,-0.07050354401547908,-0.017887161665625824,0.02950826043707216,NA,NA,NA
Cabarzia__map_z_trans,0.12258408552136724,-0.008902947999385069,0.03583741336078449,NA,NA,NA
Cabarzia__wmm_z_trans,0.006448999146751378,-0.0014247295545224737,0.0036845223731510244,NA,NA,NA
Cabarzia__cmm_z_trans,-0.025811189902202065,-0.016042720182302527,0.03327997737249064,NA,NA,NA
Cabarzia__wmmcmm_z_trans,-0.016993070754286507,-0.014266211811885983,0.026666660436908886,NA,NA,NA
Cabarzia__wetmon_z_trans,-0.030334479228619017,-0.015656647772206503,0.02876677860522858,NA,NA,NA
Cabarzia__drymon_z_trans,-0.027062331877973463,-0.01125268964782092,0.02550798600239745,NA,NA,NA
Cabarzia__wetdry_z_trans,-0.02915511194351785,-0.010093772720584836,0.01580988724848516,NA,NA,NA
Cabarzia__time,-0.06206806876291249,-0.007859262791353615,0.0064000629842524935,NA,NA,NA
Callibrachion__lat_range_z_trans,0.030029376917979685,0.00175086886681716,0.009341575906620698,2.021364633711637,0.5815054122358561,3.3491479605436325
Callibrachion__biome,0.17060773416354677,0.0011099710617331164,0.07657188550775815,NA,NA,NA
Callibrachion__mat_z_trans,-0.0313813398154211,-0.026011200113802344,0.03287064268490971,NA,NA,NA
Callibrachion__map_z_trans,0.03959192852801019,-0.0049279492057489535,0.0276571047343603,NA,NA,NA
Callibrachion__wmm_z_trans,0.004628101741610725,-0.00273660948857493,0.005179684664041561,NA,NA,NA
Callibrachion__cmm_z_trans,-0.0028238287139034533,-0.01988468040284934,0.03897608030472559,NA,NA,NA
Callibrachion__wmmcmm_z_trans,0.003802977851605287,-0.01657443788044818,0.02660968694077975,NA,NA,NA
Callibrachion__wetmon_z_trans,-0.0036124965865946016,-0.00955116546002489,0.013213600913077186,NA,NA,NA
Callibrachion__drymon_z_trans,-0.008109776513565974,-0.016444246359689184,0.026749115069245155,NA,NA,NA
Callibrachion__wetdry_z_trans,0.006711017209674585,-0.003849294553262947,0.013370583025801826,NA,NA,NA
Callibrachion__time,-0.03178277066120465,-0.010330959382679018,0.003232011712837163,NA,NA,NA
Candelariodon__lat_range_z_trans,0.29867846585810187,0.0016786019858449652,0.01662511954415674,0.28404679366445634,0.0,0.7986083813011646
Candelariodon__biome,-0.15005996514111758,-0.010855224209308833,0.021412968250746376,NA,NA,NA
Candelariodon__mat_z_trans,-0.10964211139595136,-0.01379651420516016,0.028379711967965206,NA,NA,NA
Candelariodon__map_z_trans,0.2262325848452747,-0.008748414221764119,0.02770276861220454,NA,NA,NA
Candelariodon__wmm_z_trans,-0.06934064406901598,-0.015463349758879816,0.04076781026792728,NA,NA,NA
Candelariodon__cmm_z_trans,0.03498472445178777,-0.005342519124316011,0.010636710921926933,NA,NA,NA
Candelariodon__wmmcmm_z_trans,0.04146332065341994,-0.008166489601495934,0.025235472336427388,NA,NA,NA
Candelariodon__wetmon_z_trans,-0.1254719888046384,-0.017436727839083514,0.04257846772525027,NA,NA,NA
Candelariodon__drymon_z_trans,-0.07026540243532509,-0.010767977533580145,0.020745182419678824,NA,NA,NA
Candelariodon__wetdry_z_trans,-0.14666052258049603,-0.018625595870420234,0.027075962312121366,NA,NA,NA
Candelariodon__time,0.17646740816067905,7.450745963429522e-05,0.012611797105752191,NA,NA,NA
Caodeyao__lat_range_z_trans,0.027382757032801554,0.005929278599375369,0.01899489828353842,3.3932206599135317,0.9271054612472653,7.916762889362872
Caodeyao__biome,0.07391208721389599,-0.01720449084802993,0.0958074812710287,NA,NA,NA
Caodeyao__mat_z_trans,0.016269833274951673,-0.017302317202159884,0.031654751141738165,NA,NA,NA
Caodeyao__map_z_trans,0.006566281664501275,-0.0041884206305346835,0.008144056976276707,NA,NA,NA
Caodeyao__wmm_z_trans,0.010571267508567028,-0.009532891111193886,0.017875377660662873,NA,NA,NA
Caodeyao__cmm_z_trans,0.009266573407102375,-0.033178752683203944,0.030506684160094,NA,NA,NA
Caodeyao__wmmcmm_z_trans,0.013536902003707009,-0.016891482743602308,0.03500829302320725,NA,NA,NA
Caodeyao__wetmon_z_trans,0.007680318954212241,-0.0033883462995641556,0.012112144446071586,NA,NA,NA
Caodeyao__drymon_z_trans,0.003365152697941394,-0.00231710883339981,0.006720937476367576,NA,NA,NA
Caodeyao__wetdry_z_trans,0.010532676069619542,-0.00536543250066009,0.01452615287745395,NA,NA,NA
Caodeyao__time,-0.0014229257055625878,-0.004009738665556186,0.002421194147717884,NA,NA,NA
Casea__lat_range_z_trans,-0.0731138787601312,-0.00981041137018903,-0.0027429440267510027,1.1396230411803117,0.0,2.0902590230107307
Casea__biome,0.3210785307387013,-6.199116582709944e-05,0.08706766724352354,NA,NA,NA
Casea__mat_z_trans,-0.05272310491055686,-0.020190589698090743,0.039220637446548114,NA,NA,NA
Casea__map_z_trans,-0.0074927778261638335,-0.005769832972156768,0.009321809479752648,NA,NA,NA
Casea__wmm_z_trans,0.0077769702325562575,-0.005518461163406911,0.01604397837521102,NA,NA,NA
Casea__cmm_z_trans,-0.01948859591884579,-0.019133626867665173,0.04738766219463315,NA,NA,NA
Casea__wmmcmm_z_trans,-0.003846906171303817,-0.01687186356964928,0.026241918932051796,NA,NA,NA
Casea__wetmon_z_trans,0.0037711256488877423,-0.0033488749992125516,0.005744711389710246,NA,NA,NA
Casea__drymon_z_trans,0.017672733877915008,-0.010853699908247121,0.021562251999023615,NA,NA,NA
Casea__wetdry_z_trans,0.003861601526684077,-0.009358937991531978,0.020693601213193736,NA,NA,NA
Casea__time,-0.019834774316005402,-0.006531413212552863,0.003230677217260259,NA,NA,NA
Cerdorhinus__lat_range_z_trans,0.10630244411956306,0.005541793351035345,0.025556839793606526,0.8162636877829209,0.3267882652580738,1.26636281888932
Cerdorhinus__biome,-0.08144997939437067,-0.02238941619035962,0.013211999527308596,NA,NA,NA
Cerdorhinus__mat_z_trans,0.05024807096569905,-0.014665872106461659,0.04845606652786311,NA,NA,NA
Cerdorhinus__map_z_trans,0.014127089199566711,-0.0033288118322083522,0.011338642720272012,NA,NA,NA
Cerdorhinus__wmm_z_trans,0.028432957382514612,-0.007810071629262089,0.024965079143215677,NA,NA,NA
Cerdorhinus__cmm_z_trans,0.010971157951899601,-0.02453591309517093,0.06076142259219863,NA,NA,NA
Cerdorhinus__wmmcmm_z_trans,0.03635612440829354,-0.021220881389230273,0.04874099917636401,NA,NA,NA
Cerdorhinus__wetmon_z_trans,0.006350100434286699,-0.005788997897396187,0.012736758718978081,NA,NA,NA
Cerdorhinus__drymon_z_trans,0.0016098662375157915,-0.0046655773912901944,0.006930018199624764,NA,NA,NA
Cerdorhinus__wetdry_z_trans,0.007759172025916918,-0.005677233101929891,0.014667299518589577,NA,NA,NA
Cerdorhinus__time,-0.0030460792091478324,-0.002908721636255669,0.006406845546136131,NA,NA,NA
Cerdosuchus__lat_range_z_trans,0.0975715367851179,0.004655129572891274,0.021818610612022706,0.8789802050008438,0.30147216748446226,1.3811702942475677
Cerdosuchus__biome,-0.07215076415464616,-0.01860515845908079,0.011279464731186729,NA,NA,NA
Cerdosuchus__mat_z_trans,0.04610147379320322,-0.012319393855109396,0.04136834036993101,NA,NA,NA
Cerdosuchus__map_z_trans,0.0285728635746121,-0.004427182572120714,0.03683898977838344,NA,NA,NA
Cerdosuchus__wmm_z_trans,0.028567272138664078,-0.0065604928052729935,0.021313407491814342,NA,NA,NA
Cerdosuchus__cmm_z_trans,0.005895112206123499,-0.020918342064888296,0.04630673810047715,NA,NA,NA
Cerdosuchus__wmmcmm_z_trans,0.0292202515226771,-0.017825629044678878,0.04034201734214019,NA,NA,NA
Cerdosuchus__wetmon_z_trans,0.003389621490041534,-0.018286077646624887,0.013159581627817827,NA,NA,NA
Cerdosuchus__drymon_z_trans,0.00544115624870715,-0.004231544270310553,0.01871906645994138,NA,NA,NA
Cerdosuchus__wetdry_z_trans,0.004458187866450759,-0.006487673443926395,0.017156046279439643,NA,NA,NA
Cerdosuchus__time,0.0005942126507862823,-0.002443338329407892,0.0054697086710026885,NA,NA,NA
Chalepotherium__lat_range_z_trans,0.08149764683291286,0.001008156315049248,0.009696614232948512,0.8234981358901132,0.11157451197504997,1.678474247455597
Chalepotherium__biome,0.058215868224403,-0.009629074667264427,0.031009782220437453,NA,NA,NA
Chalepotherium__mat_z_trans,-0.08105830990804724,-0.01453106969551663,0.027159421219382234,NA,NA,NA
Chalepotherium__map_z_trans,-0.17968551332042915,-0.019378099397443338,0.019373861735027795,NA,NA,NA
Chalepotherium__wmm_z_trans,-0.029450766661548437,-0.009448597321933296,0.019166167778225295,NA,NA,NA
Chalepotherium__cmm_z_trans,-0.0014461748774773412,-0.01076341256952848,0.025386075842774577,NA,NA,NA
Chalepotherium__wmmcmm_z_trans,-0.010156771649724365,-0.0065877199154242266,0.013634634870472336,NA,NA,NA
Chalepotherium__wetmon_z_trans,0.09381542824901372,-0.013418551478807205,0.04571821162608648,NA,NA,NA
Chalepotherium__drymon_z_trans,0.045002314653175474,-0.0077510519551667505,0.018958759609192372,NA,NA,NA
Chalepotherium__wetdry_z_trans,0.08639272350379017,-0.015459326589502343,0.04187762963717909,NA,NA,NA
Chalepotherium__time,0.1145344790756688,-0.0014909556429920643,0.02179081269243097,NA,NA,NA
Chaliminia__lat_range_z_trans,0.043765396249360336,0.00049876910971143,0.008041341132911327,1.2328278854447126,0.0,5.93070112913847
Chaliminia__biome,-0.025931752548990473,-0.008996156291575786,0.01252398591489671,NA,NA,NA
Chaliminia__mat_z_trans,-0.03112202021424265,-0.020633216349338818,0.030040088006458125,NA,NA,NA
Chaliminia__map_z_trans,0.012555052873367499,-0.014557902301751387,0.032433132375891294,NA,NA,NA
Chaliminia__wmm_z_trans,-0.00023556176617365698,-0.008508168353515037,0.0224902271120313,NA,NA,NA
Chaliminia__cmm_z_trans,0.012685099701180653,-0.011522079738460615,0.03228987698529105,NA,NA,NA
Chaliminia__wmmcmm_z_trans,0.0009556076479519224,-0.006486392570221263,0.013262695566770743,NA,NA,NA
Chaliminia__wetmon_z_trans,0.011131622063310925,-0.01654562116010224,0.03546793411645364,NA,NA,NA
Chaliminia__drymon_z_trans,0.007648384461316726,-0.009014579850537593,0.02014875161024177,NA,NA,NA
Chaliminia__wetdry_z_trans,0.08964648876364398,-0.00867653615220464,0.044452824854684124,NA,NA,NA
Chaliminia__time,0.0565626068910122,-0.0030078192605335736,0.02262111378852701,NA,NA,NA
Charassognathus__lat_range_z_trans,0.10630244411956306,0.005541793351035345,0.025556839793606526,0.8162636877829209,0.3267882652580738,1.26636281888932
Charassognathus__biome,-0.08144997939437067,-0.02238941619035962,0.013211999527308596,NA,NA,NA
Charassognathus__mat_z_trans,0.05024807096569905,-0.014665872106461659,0.04845606652786311,NA,NA,NA
Charassognathus__map_z_trans,0.014127089199566711,-0.0033288118322083522,0.011338642720272012,NA,NA,NA
Charassognathus__wmm_z_trans,0.028432957382514612,-0.007810071629262089,0.024965079143215677,NA,NA,NA
Charassognathus__cmm_z_trans,0.010971157951899601,-0.02453591309517093,0.06076142259219863,NA,NA,NA
Charassognathus__wmmcmm_z_trans,0.03635612440829354,-0.021220881389230273,0.04874099917636401,NA,NA,NA
Charassognathus__wetmon_z_trans,0.006350100434286699,-0.005788997897396187,0.012736758718978081,NA,NA,NA
Charassognathus__drymon_z_trans,0.0016098662375157915,-0.0046655773912901944,0.006930018199624764,NA,NA,NA
Charassognathus__wetdry_z_trans,0.007759172025916918,-0.005677233101929891,0.014667299518589577,NA,NA,NA
Charassognathus__time,-0.0030460792091478324,-0.002908721636255669,0.006406845546136131,NA,NA,NA
Chiniquodon__lat_range_z_trans,-0.4511950497329235,-0.014916555543933094,-0.010831715295785128,0.16714019758350332,0.0,0.42313305009156466
Chiniquodon__biome,0.15852943001314998,-0.007494262565948885,0.035951840933124375,NA,NA,NA
Chiniquodon__mat_z_trans,0.00402921463130042,-0.021322435608410205,0.052060970466225646,NA,NA,NA
Chiniquodon__map_z_trans,-0.13581227527465672,-0.012920570462987703,0.0267136461553622,NA,NA,NA
Chiniquodon__wmm_z_trans,0.07566127469763159,-0.015942412343738686,0.04788897714758103,NA,NA,NA
Chiniquodon__cmm_z_trans,0.09101192209869623,-0.013432883003588445,0.03611826181999857,NA,NA,NA
Chiniquodon__wmmcmm_z_trans,0.019976363088935613,-0.006099363267143717,0.012605153437775,NA,NA,NA
Chiniquodon__wetmon_z_trans,0.010202825940214098,-0.005796617986493427,0.019973643426516186,NA,NA,NA
Chiniquodon__drymon_z_trans,0.04125061447266489,-0.0044244649928443505,0.021548565080912362,NA,NA,NA
Chiniquodon__wetdry_z_trans,0.021600753829989116,-0.004024067299633058,0.012590340858793974,NA,NA,NA
Chiniquodon__time,0.15422419969676412,-0.0010760698438079435,0.019152287433652895,NA,NA,NA
Choerosaurus__lat_range_z_trans,0.10630244411956306,0.005541793351035345,0.025556839793606526,0.8162636877829209,0.3267882652580738,1.26636281888932
Choerosaurus__biome,-0.08144997939437067,-0.02238941619035962,0.013211999527308596,NA,NA,NA
Choerosaurus__mat_z_trans,0.05024807096569905,-0.014665872106461659,0.04845606652786311,NA,NA,NA
Choerosaurus__map_z_trans,0.014127089199566711,-0.0033288118322083522,0.011338642720272012,NA,NA,NA
Choerosaurus__wmm_z_trans,0.028432957382514612,-0.007810071629262089,0.024965079143215677,NA,NA,NA
Choerosaurus__cmm_z_trans,0.010971157951899601,-0.02453591309517093,0.06076142259219863,NA,NA,NA
Choerosaurus__wmmcmm_z_trans,0.03635612440829354,-0.021220881389230273,0.04874099917636401,NA,NA,NA
Choerosaurus__wetmon_z_trans,0.006350100434286699,-0.005788997897396187,0.012736758718978081,NA,NA,NA
Choerosaurus__drymon_z_trans,0.0016098662375157915,-0.0046655773912901944,0.006930018199624764,NA,NA,NA
Choerosaurus__wetdry_z_trans,0.007759172025916918,-0.005677233101929891,0.014667299518589577,NA,NA,NA
Choerosaurus__time,-0.0030460792091478324,-0.002908721636255669,0.006406845546136131,NA,NA,NA
Chthomaloporus__lat_range_z_trans,0.07955757712206882,0.001720254067536856,0.011546395408730089,0.8474535831459797,0.33484468795359135,1.7669537980109453
Chthomaloporus__biome,0.21477929324792486,2.9684294859383064e-05,0.05420644103501822,NA,NA,NA
Chthomaloporus__mat_z_trans,-0.010873335578387388,-0.01489303012644223,0.0371587632279904,NA,NA,NA
Chthomaloporus__map_z_trans,-0.045189306600135364,-0.008013505436149954,0.009225889637201145,NA,NA,NA
Chthomaloporus__wmm_z_trans,0.006234912055444071,-0.013519896383069224,0.027562931699751353,NA,NA,NA
Chthomaloporus__cmm_z_trans,-0.03858054889708491,-0.023132113436845025,0.03364062870498313,NA,NA,NA
Chthomaloporus__wmmcmm_z_trans,-0.005627619726347923,-0.012559381833255756,0.04045630656488092,NA,NA,NA
Chthomaloporus__wetmon_z_trans,-0.009244568801457258,-0.010582756277753923,0.012471684405309436,NA,NA,NA
Chthomaloporus__drymon_z_trans,0.01645396825814463,-0.010850038305577384,0.01753885857856801,NA,NA,NA
Chthomaloporus__wetdry_z_trans,-0.004881169574758526,-0.01150533858951806,0.02458980257013516,NA,NA,NA
Chthomaloporus__time,-0.024968277383673528,-0.004143580892314197,0.00537426963158924,NA,NA,NA
Chthonosaurus__lat_range_z_trans,0.031136752538925498,0.004881057892166049,0.018438628459166294,2.8811738225509544,0.10884250327944756,7.217591047286987
Chthonosaurus__biome,0.08016575236513908,-0.013092313941940045,0.08282895424875988,NA,NA,NA
Chthonosaurus__mat_z_trans,0.01914708598978915,-0.013166758071172234,0.04007970143216731,NA,NA,NA
Chthonosaurus__map_z_trans,0.0037300316927194556,-0.007858485554269283,0.00618779216358993,NA,NA,NA
Chthonosaurus__wmm_z_trans,0.007637055961832669,-0.018442727266736108,0.022189061909145973,NA,NA,NA
Chthonosaurus__cmm_z_trans,0.013357198079193494,-0.015415358934597079,0.02961328912387956,NA,NA,NA
Chthonosaurus__wmmcmm_z_trans,0.0062477182210717574,-0.013363529682783523,0.03051391364026555,NA,NA,NA
Chthonosaurus__wetmon_z_trans,0.007824149988747893,-0.007199087867211462,0.02052497371679156,NA,NA,NA
Chthonosaurus__drymon_z_trans,0.002396853039466144,-0.0034394213902156673,0.006524113326335929,NA,NA,NA
Chthonosaurus__wetdry_z_trans,0.008372799351351521,-0.01587136997863247,0.014100751257012174,NA,NA,NA
Chthonosaurus__time,-0.0023544731064992293,-0.004481708123137695,0.0027707921870429243,NA,NA,NA
Cistecephaloides__lat_range_z_trans,0.10630244411956306,0.005541793351035345,0.025556839793606526,0.8162636877829209,0.3267882652580738,1.26636281888932
Cistecephaloides__biome,-0.08144997939437067,-0.02238941619035962,0.013211999527308596,NA,NA,NA
Cistecephaloides__mat_z_trans,0.05024807096569905,-0.014665872106461659,0.04845606652786311,NA,NA,NA
Cistecephaloides__map_z_trans,0.014127089199566711,-0.0033288118322083522,0.011338642720272012,NA,NA,NA
Cistecephaloides__wmm_z_trans,0.028432957382514612,-0.007810071629262089,0.024965079143215677,NA,NA,NA
Cistecephaloides__cmm_z_trans,0.010971157951899601,-0.02453591309517093,0.06076142259219863,NA,NA,NA
Cistecephaloides__wmmcmm_z_trans,0.03635612440829354,-0.021220881389230273,0.04874099917636401,NA,NA,NA
Cistecephaloides__wetmon_z_trans,0.006350100434286699,-0.005788997897396187,0.012736758718978081,NA,NA,NA
Cistecephaloides__drymon_z_trans,0.0016098662375157915,-0.0046655773912901944,0.006930018199624764,NA,NA,NA
Cistecephaloides__wetdry_z_trans,0.007759172025916918,-0.005677233101929891,0.014667299518589577,NA,NA,NA
Cistecephaloides__time,-0.0030460792091478324,-0.002908721636255669,0.006406845546136131,NA,NA,NA
Cistecephalus__lat_range_z_trans,-0.782602561712265,-0.04506686438651866,-0.04817082442190761,0.17656969860821847,0.011788953095674515,0.3873216286301613
Cistecephalus__biome,0.20152137463912367,-0.004981550670785962,0.05538700648024864,NA,NA,NA
Cistecephalus__mat_z_trans,0.1521525878016837,-0.009790784568377025,0.057564557576012365,NA,NA,NA
Cistecephalus__map_z_trans,0.056780465382908006,-0.001918823092238271,0.015227385466648358,NA,NA,NA
Cistecephalus__wmm_z_trans,0.09169116631732323,-0.005130998172463977,0.025431621580012033,NA,NA,NA
Cistecephalus__cmm_z_trans,0.0677055300725624,-0.017785141464086055,0.07306568750914201,NA,NA,NA
Cistecephalus__wmmcmm_z_trans,0.10159209153905976,-0.011558276268767749,0.053150318378046166,NA,NA,NA
Cistecephalus__wetmon_z_trans,0.044235004034126175,-0.0027964656306396296,0.01542011685648664,NA,NA,NA
Cistecephalus__drymon_z_trans,0.017100004108506255,-0.0023161315522768292,0.007245616195918231,NA,NA,NA
Cistecephalus__wetdry_z_trans,0.03775187248538714,-0.005145027457423913,0.014884161870249282,NA,NA,NA
Cistecephalus__time,0.01098123981806566,-0.0009596396549514406,0.004566323973300997,NA,NA,NA
Cistecynodon__lat_range_z_trans,0.09353903473906147,0.004186832871574037,0.020742910258677704,0.8460123091540299,0.29340557754039764,1.8254386726766825
Cistecynodon__biome,-0.028662851574371016,-0.016853763166670754,0.023837188604596476,NA,NA,NA
Cistecynodon__mat_z_trans,0.021233049199200302,-0.0074996798491110085,0.021794324419231046,NA,NA,NA
Cistecynodon__map_z_trans,0.04613124120925498,-0.004201735343146897,0.02149922325601002,NA,NA,NA
Cistecynodon__wmm_z_trans,0.016159348545139167,-0.004969692012913659,0.019407316169145643,NA,NA,NA
Cistecynodon__cmm_z_trans,0.021582244029422264,-0.00853080293315353,0.022052813659406378,NA,NA,NA
Cistecynodon__wmmcmm_z_trans,0.003756015578559732,-0.005688488796809265,0.014909934632481471,NA,NA,NA
Cistecynodon__wetmon_z_trans,-0.02348997091152598,-0.02592262813396811,0.0371743866389501,NA,NA,NA
Cistecynodon__drymon_z_trans,0.02296461102207904,-0.009533091720114973,0.029049664367540425,NA,NA,NA
Cistecynodon__wetdry_z_trans,-0.030319642204624277,-0.027974782071816952,0.050813954140744244,NA,NA,NA
Cistecynodon__time,0.03476784448954179,-0.00046187176239840275,0.012490255317373617,NA,NA,NA
Clelandina__lat_range_z_trans,-0.4025097444846501,-0.009771988100351452,-0.01259013659135925,0.0,0.0,0.4542262889444828
Clelandina__biome,-0.36553936700270806,-0.02116152575516398,0.018212988750013606,NA,NA,NA
Clelandina__mat_z_trans,0.12668145229132016,-0.008113019701853158,0.039020132216116256,NA,NA,NA
Clelandina__map_z_trans,0.17564191507071658,-0.01060892350700817,0.045855283877646466,NA,NA,NA
Clelandina__wmm_z_trans,0.10249866960290507,-0.004768468277603101,0.02142569814953463,NA,NA,NA
Clelandina__cmm_z_trans,0.05342032099854344,-0.01195473196843209,0.03575943209344627,NA,NA,NA
Clelandina__wmmcmm_z_trans,0.05091368670040447,-0.011363003461122465,0.030740863090312313,NA,NA,NA
Clelandina__wetmon_z_trans,-0.025127738680366177,-0.015175160587537878,0.030898398699294737,NA,NA,NA
Clelandina__drymon_z_trans,0.05644230775213904,-0.006248009134439836,0.023189275908871515,NA,NA,NA
Clelandina__wetdry_z_trans,0.007355902320448062,-0.007697901587656097,0.034228462034905864,NA,NA,NA
Clelandina__time,0.04256167130950996,-0.0005869708373612732,0.007031573235374718,NA,NA,NA
Clepsydrops__lat_range_z_trans,0.02274627668545794,0.0018405768444461664,0.009942340695228976,2.7458071621829006,0.5815054122358561,5.1317922323942184
Clepsydrops__biome,0.1391083732719336,0.0026600118004373365,0.07804456205358858,NA,NA,NA
Clepsydrops__mat_z_trans,-0.016016695915590403,-0.02734851221044695,0.030775130987903666,NA,NA,NA
Clepsydrops__map_z_trans,0.017571441982260686,-0.003954352372668873,0.01804169118489119,NA,NA,NA
Clepsydrops__wmm_z_trans,0.005223461228616681,-0.0013042284336689713,0.00597978925541315,NA,NA,NA
Clepsydrops__cmm_z_trans,0.003281966921106409,-0.024791861342392026,0.035809097684268966,NA,NA,NA
Clepsydrops__wmmcmm_z_trans,0.009949718535454857,-0.014618975545063704,0.031038568292490357,NA,NA,NA
Clepsydrops__wetmon_z_trans,0.0019667270617060905,-0.005972632452505978,0.00939881997789105,NA,NA,NA
Clepsydrops__drymon_z_trans,-0.0005456880263824515,-0.01575009491035131,0.02946627814332372,NA,NA,NA
Clepsydrops__wetdry_z_trans,0.01566548411107268,-0.010127282214397577,0.020439325719774613,NA,NA,NA
Clepsydrops__time,-0.021290141733898607,-0.008082352081917618,0.0048363674693828185,NA,NA,NA
Colobodectes__lat_range_z_trans,-0.6327846080064774,-0.018073256377010127,-0.014472271605117954,0.09498893026262521,0.0,0.44723042845726013
Colobodectes__biome,-0.23892459524795412,-0.018609006146533505,0.025927618827730894,NA,NA,NA
Colobodectes__mat_z_trans,0.13086137807928025,-0.008427336948439255,0.029814642447570296,NA,NA,NA
Colobodectes__map_z_trans,0.2981800091615878,-0.0034688016438860227,0.05917426607799295,NA,NA,NA
Colobodectes__wmm_z_trans,0.11065283906413242,-0.0033018228050318405,0.023086519332082837,NA,NA,NA
Colobodectes__cmm_z_trans,0.07336780164390802,-0.010499669435922261,0.030629749060210355,NA,NA,NA
Colobodectes__wmmcmm_z_trans,0.04030566922854632,-0.00440643654067935,0.018559393514010297,NA,NA,NA
Colobodectes__wetmon_z_trans,0.07456637725408655,-0.016682598759065116,0.04714228138075021,NA,NA,NA
Colobodectes__drymon_z_trans,0.048926932751201094,-0.007516973965511753,0.02121725634691488,NA,NA,NA
Colobodectes__wetdry_z_trans,-0.033943752564373424,-0.01614156793488069,0.027770402571831602,NA,NA,NA
Colobodectes__time,0.04611995477695018,-0.0003222323615695883,0.004922113510180719,NA,NA,NA
Compsodon__lat_range_z_trans,-0.7821301549673081,-0.02946021749400448,-0.02867924056357139,0.24045983847503521,0.0,0.5965001224540174
Compsodon__biome,0.06008758671581745,-0.01741654680041811,0.03515865602472438,NA,NA,NA
Compsodon__mat_z_trans,0.1535884505170907,-0.004097169851630457,0.033948323699993205,NA,NA,NA
Compsodon__map_z_trans,0.2567438657034654,-0.003061166394289682,0.059761145905189196,NA,NA,NA
Compsodon__wmm_z_trans,0.08349025639006868,-0.003207873629831818,0.022174031111923335,NA,NA,NA
Compsodon__cmm_z_trans,0.07565955964615569,-0.012518174485216284,0.0349850044496896,NA,NA,NA
Compsodon__wmmcmm_z_trans,0.07337536586739589,-0.005627087195063624,0.027644815914263144,NA,NA,NA
Compsodon__wetmon_z_trans,0.07337129662395454,-0.014729860914060512,0.03311199375207844,NA,NA,NA
Compsodon__drymon_z_trans,0.02210186922457069,-0.006358680567723142,0.016693540359501574,NA,NA,NA
Compsodon__wetdry_z_trans,0.02335215901141055,-0.010229486203521676,0.03399620335795958,NA,NA,NA
Compsodon__time,0.02315865962067619,-0.0007434393827697307,0.004977497452406056,NA,NA,NA
Cotylorhynchus__lat_range_z_trans,-0.016566007323707322,-0.005816421221586541,-0.000680142745696084,2.348764620654547,0.305305415764451,7.372846573591232
Cotylorhynchus__biome,0.18907265878759946,-0.00963503759994191,0.11123484446454522,NA,NA,NA
Cotylorhynchus__mat_z_trans,-0.0028256260520612936,-0.018672343720779628,0.02754153830530388,NA,NA,NA
Cotylorhynchus__map_z_trans,-0.0065649952362603,-0.005704376218703256,0.007942621638095847,NA,NA,NA
Cotylorhynchus__wmm_z_trans,0.01021900049960892,-0.009170024443808246,0.023724071103125716,NA,NA,NA
Cotylorhynchus__cmm_z_trans,-0.0005431005116614454,-0.016576936763409218,0.031249383601157227,NA,NA,NA
Cotylorhynchus__wmmcmm_z_trans,0.00046701325707696324,-0.011832967248216161,0.022634459718166234,NA,NA,NA
Cotylorhynchus__wetmon_z_trans,0.005855312614850583,-0.008074556670973499,0.015922803249764066,NA,NA,NA
Cotylorhynchus__drymon_z_trans,0.006495692811072285,-0.007857262283668126,0.014563105575429442,NA,NA,NA
Cotylorhynchus__wetdry_z_trans,-0.0022108516951768746,-0.0106448390533412,0.016743229702772554,NA,NA,NA
Cotylorhynchus__time,-0.00573817302960352,-0.0034649376941017205,0.00289605685149299,NA,NA,NA
Counillonia__lat_range_z_trans,0.014369527235274496,0.0009814212837167373,0.012080208511817486,5.684557687643682,0.0,10.189914865419269
Counillonia__biome,0.09569081828449026,-0.0240939027324555,0.10778173859977958,NA,NA,NA
Counillonia__mat_z_trans,0.011853231101396258,-0.004232065193419737,0.0163329824253328,NA,NA,NA
Counillonia__map_z_trans,0.025295361346609545,-0.00996163481869169,0.03401808105549662,NA,NA,NA
Counillonia__wmm_z_trans,0.00850334942090877,-0.00751983809646476,0.017621818344159147,NA,NA,NA
Counillonia__cmm_z_trans,0.007750757678942278,-0.005813369677581967,0.011479294553079129,NA,NA,NA
Counillonia__wmmcmm_z_trans,0.0038335621686933254,-0.0033381743402797976,0.007213590469844884,NA,NA,NA
Counillonia__wetmon_z_trans,0.003551213022038071,-0.021953764678907674,0.027507096461516212,NA,NA,NA
Counillonia__drymon_z_trans,0.004482816031307369,-0.011798251785195722,0.01801419056084588,NA,NA,NA
Counillonia__wetdry_z_trans,0.0017502864416122392,-0.018252329862017958,0.019160824750789517,NA,NA,NA
Counillonia__time,0.0005800013904648757,-0.0014677930172314392,0.002562145731495875,NA,NA,NA
Cricodon__lat_range_z_trans,-0.6881078436970711,-0.03101206052150178,-0.022741859522879625,0.20824431289031053,0.0,0.48081210255622864
Cricodon__biome,0.09215276578441262,-0.008922220491179727,0.03570463546141988,NA,NA,NA
Cricodon__mat_z_trans,0.11359238122589886,-0.0068028040068667545,0.030737400155299795,NA,NA,NA
Cricodon__map_z_trans,0.14394095933064818,-0.0045473983232138596,0.03409653417338606,NA,NA,NA
Cricodon__wmm_z_trans,0.058913673945789925,-0.0111832864669917,0.03115894008863118,NA,NA,NA
Cricodon__cmm_z_trans,0.07420731431571767,-0.003844238458136309,0.02168774981420204,NA,NA,NA
Cricodon__wmmcmm_z_trans,0.06461342658381909,-0.004539309433069952,0.020271880717929677,NA,NA,NA
Cricodon__wetmon_z_trans,0.06543404049123637,-0.013322056252918515,0.04099768810418947,NA,NA,NA
Cricodon__drymon_z_trans,0.02833979509596247,-0.007292771675479474,0.025018815451495244,NA,NA,NA
Cricodon__wetdry_z_trans,0.004830156425014138,-0.015045950058195064,0.04504879092422898,NA,NA,NA
Cricodon__time,0.0726667192671448,-0.0009376072309763799,0.011791396096254422,NA,NA,NA
Criocephalosaurus__lat_range_z_trans,0.20095747779347228,0.002749190647161126,0.01648933009551202,0.4954000051447656,0.021213144063949585,1.231265688315034
Criocephalosaurus__biome,-0.07263708893558221,-0.011927464116813778,0.018187599577068867,NA,NA,NA
Criocephalosaurus__mat_z_trans,0.10911979048419379,-0.012832416274673271,0.05203700819701106,NA,NA,NA
Criocephalosaurus__map_z_trans,-0.03607982318697138,-0.006781871957517042,0.007657293816303098,NA,NA,NA
Criocephalosaurus__wmm_z_trans,-0.046380253791740364,-0.020600697330761007,0.04752251716449549,NA,NA,NA
Criocephalosaurus__cmm_z_trans,0.015113842648408862,-0.010037811253873173,0.03425324536684389,NA,NA,NA
Criocephalosaurus__wmmcmm_z_trans,0.0195231792077298,-0.009575949509727436,0.026922375232187146,NA,NA,NA
Criocephalosaurus__wetmon_z_trans,0.02831839162486682,-0.014772334038490964,0.03316824289041241,NA,NA,NA
Criocephalosaurus__drymon_z_trans,0.002581132854538497,-0.0030830236697646347,0.008114352227918746,NA,NA,NA
Criocephalosaurus__wetdry_z_trans,-0.009093022277872809,-0.01617965887205445,0.02334222884415999,NA,NA,NA
Criocephalosaurus__time,-0.03376270229930581,-0.004407666542014876,0.006077778052244385,NA,NA,NA
Cromptodon__lat_range_z_trans,0.09353903473906147,0.004186832871574037,0.020742910258677704,0.8460123091540299,0.29340557754039764,1.8254386726766825
Cromptodon__biome,-0.028662851574371016,-0.016853763166670754,0.023837188604596476,NA,NA,NA
Cromptodon__mat_z_trans,0.021233049199200302,-0.0074996798491110085,0.021794324419231046,NA,NA,NA
Cromptodon__map_z_trans,0.04613124120925498,-0.004201735343146897,0.02149922325601002,NA,NA,NA
Cromptodon__wmm_z_trans,0.016159348545139167,-0.004969692012913659,0.019407316169145643,NA,NA,NA
Cromptodon__cmm_z_trans,0.021582244029422264,-0.00853080293315353,0.022052813659406378,NA,NA,NA
Cromptodon__wmmcmm_z_trans,0.003756015578559732,-0.005688488796809265,0.014909934632481471,NA,NA,NA
Cromptodon__wetmon_z_trans,-0.02348997091152598,-0.02592262813396811,0.0371743866389501,NA,NA,NA
Cromptodon__drymon_z_trans,0.02296461102207904,-0.009533091720114973,0.029049664367540425,NA,NA,NA
Cromptodon__wetdry_z_trans,-0.030319642204624277,-0.027974782071816952,0.050813954140744244,NA,NA,NA
Cromptodon__time,0.03476784448954179,-0.00046187176239840275,0.012490255317373617,NA,NA,NA
Cryptocynodon__lat_range_z_trans,-0.5597345012426377,-0.01737768195951614,-0.02087479330753831,0.010005191082746024,0.0,0.3780921008437872
Cryptocynodon__biome,-0.21460132520645858,-0.021281340958807005,0.026909766889242393,NA,NA,NA
Cryptocynodon__mat_z_trans,0.13615433759609005,-0.010501676240460153,0.04216716437594658,NA,NA,NA
Cryptocynodon__map_z_trans,0.14692392460929113,-0.003947719805062705,0.04721101991470329,NA,NA,NA
Cryptocynodon__wmm_z_trans,0.13668701550923287,-0.0017238319083158384,0.023665109082976466,NA,NA,NA
Cryptocynodon__cmm_z_trans,0.03299132277956232,-0.013143798228611378,0.055133072671421826,NA,NA,NA
Cryptocynodon__wmmcmm_z_trans,0.06978928062642809,-0.014485455094661622,0.03364886139530381,NA,NA,NA
Cryptocynodon__wetmon_z_trans,0.05217423197464086,-0.010581464653803569,0.03429387675596001,NA,NA,NA
Cryptocynodon__drymon_z_trans,0.025959961875341834,-0.005617665558142542,0.010929001848165873,NA,NA,NA
Cryptocynodon__wetdry_z_trans,-0.028776644351892172,-0.008088913809437156,0.01573136317401644,NA,NA,NA
Cryptocynodon__time,0.034776662791409764,-0.0007001547017113945,0.004957528663958741,NA,NA,NA
Ctenorhachis__lat_range_z_trans,0.032452943734049784,0.0018288939517660274,0.009091877611105309,1.8766004972014343,0.7457835227251053,3.23807255923748
Ctenorhachis__biome,0.1818645747683652,0.0011594354094200726,0.07573692827523096,NA,NA,NA
Ctenorhachis__mat_z_trans,-0.03614744010053984,-0.02617072744297282,0.03259127774485082,NA,NA,NA
Ctenorhachis__map_z_trans,0.04511536487164174,-0.00536764341379484,0.025886441883056978,NA,NA,NA
Ctenorhachis__wmm_z_trans,0.0042779721989784246,-0.002223393372542025,0.0064085364361714465,NA,NA,NA
Ctenorhachis__cmm_z_trans,-0.00416379291760757,-0.02251300470491574,0.037970498884649866,NA,NA,NA
Ctenorhachis__wmmcmm_z_trans,0.00271277223640354,-0.014028426444795695,0.03446557918243024,NA,NA,NA
Ctenorhachis__wetmon_z_trans,-0.005670075736804442,-0.00997680013233125,0.013101299585037177,NA,NA,NA
Ctenorhachis__drymon_z_trans,-0.012631060174300171,-0.0171770617883325,0.026521776498485212,NA,NA,NA
Ctenorhachis__wetdry_z_trans,0.004016560020385641,-0.002763271788170574,0.008793212257079174,NA,NA,NA
Ctenorhachis__time,-0.034166894778834826,-0.010217703191860173,0.0032045431060599397,NA,NA,NA
Ctenospondylus__lat_range_z_trans,-0.09908506783366247,-0.008269759695724663,-0.0035610624773853112,0.9984972123912302,0.009617853909730911,2.07831827737391
Ctenospondylus__biome,0.3654118807805386,-0.0005535642375298121,0.09024787717348152,NA,NA,NA
Ctenospondylus__mat_z_trans,-0.08246592454189593,-0.02418138723571854,0.0336351951460327,NA,NA,NA
Ctenospondylus__map_z_trans,0.03653971998175138,-0.0048050189615569455,0.017216194567530502,NA,NA,NA
Ctenospondylus__wmm_z_trans,0.016478563303992694,-0.0035982730322675935,0.007755635555435024,NA,NA,NA
Ctenospondylus__cmm_z_trans,-0.03210949278610913,-0.021253227969035518,0.04174986881647542,NA,NA,NA
Ctenospondylus__wmmcmm_z_trans,-0.013554664374442355,-0.015024653274016465,0.026699501767032726,NA,NA,NA
Ctenospondylus__wetmon_z_trans,0.0068791902060486776,-0.0056239857939004555,0.011444722985765035,NA,NA,NA
Ctenospondylus__drymon_z_trans,-0.007543702780499638,-0.011530870097326491,0.02416903820587485,NA,NA,NA
Ctenospondylus__wetdry_z_trans,0.01067823230692472,-0.008184837962855093,0.01818501655035429,NA,NA,NA
Ctenospondylus__time,-0.023567810140909036,-0.004424124658597923,0.0062299831735603255,NA,NA,NA
Cutleria__lat_range_z_trans,0.039281461673736036,0.0015245706820736019,0.009388535722883755,1.5386362031288445,0.5806116759777069,2.751683296635747
Cutleria__biome,0.2147346134280821,0.00094766039814486,0.06946022237793796,NA,NA,NA
Cutleria__mat_z_trans,-0.049238583476996355,-0.02139055076880324,0.03113167192922267,NA,NA,NA
Cutleria__map_z_trans,0.06602641032672454,-0.008721539091556547,0.02702406205985374,NA,NA,NA
Cutleria__wmm_z_trans,0.005348549872209476,-0.0016518482134356856,0.005260897552592135,NA,NA,NA
Cutleria__cmm_z_trans,-0.01304173215985876,-0.01738507694006427,0.036940934433376746,NA,NA,NA
Cutleria__wmmcmm_z_trans,-0.002189398992807735,-0.015508610481016025,0.025421844835865064,NA,NA,NA
Cutleria__wetmon_z_trans,-0.012667693847431922,-0.01640438645537641,0.02335844461047957,NA,NA,NA
Cutleria__drymon_z_trans,-0.01676774014360297,-0.012194245931300276,0.02675329460179902,NA,NA,NA
Cutleria__wetdry_z_trans,-0.010102329396398733,-0.008519331224133588,0.013954225350365347,NA,NA,NA
Cutleria__time,-0.04372263316191817,-0.008146344893061928,0.005077837989781073,NA,NA,NA
Cynariognathus__lat_range_z_trans,0.2016051646966414,0.0030924392305179825,0.017902831258044018,0.4922340777795762,0.0,1.0479591470211744
Cynariognathus__biome,-0.07521767187287533,-0.0106757977491445,0.01952808281236684,NA,NA,NA
Cynariognathus__mat_z_trans,0.07997595621304983,-0.015598518340333668,0.05277873384486166,NA,NA,NA
Cynariognathus__map_z_trans,-0.032517616199635335,-0.006336364512844007,0.008861384984456447,NA,NA,NA
Cynariognathus__wmm_z_trans,0.01654430475622182,-0.017023140291606138,0.05119789773866164,NA,NA,NA
Cynariognathus__cmm_z_trans,0.005134697429412562,-0.012712751124881214,0.026476318288006326,NA,NA,NA
Cynariognathus__wmmcmm_z_trans,-0.007307357493686714,-0.010529898121988913,0.023263516088574587,NA,NA,NA
Cynariognathus__wetmon_z_trans,0.007313630240093728,-0.01375150659001458,0.03201508133399093,NA,NA,NA
Cynariognathus__drymon_z_trans,0.01016880120379653,-0.0029340719401849645,0.008646057172242823,NA,NA,NA
Cynariognathus__wetdry_z_trans,0.01505746028586159,-0.015858612582960174,0.02637444772568656,NA,NA,NA
Cynariognathus__time,-0.043096445137142565,-0.0051214808950893285,0.0067276202172652875,NA,NA,NA
Cyniscops__lat_range_z_trans,0.10630244411956306,0.005541793351035345,0.025556839793606526,0.8162636877829209,0.3267882652580738,1.26636281888932
Cyniscops__biome,-0.08144997939437067,-0.02238941619035962,0.013211999527308596,NA,NA,NA
Cyniscops__mat_z_trans,0.05024807096569905,-0.014665872106461659,0.04845606652786311,NA,NA,NA
Cyniscops__map_z_trans,0.014127089199566711,-0.0033288118322083522,0.011338642720272012,NA,NA,NA
Cyniscops__wmm_z_trans,0.028432957382514612,-0.007810071629262089,0.024965079143215677,NA,NA,NA
Cyniscops__cmm_z_trans,0.010971157951899601,-0.02453591309517093,0.06076142259219863,NA,NA,NA
Cyniscops__wmmcmm_z_trans,0.03635612440829354,-0.021220881389230273,0.04874099917636401,NA,NA,NA
Cyniscops__wetmon_z_trans,0.006350100434286699,-0.005788997897396187,0.012736758718978081,NA,NA,NA
Cyniscops__drymon_z_trans,0.0016098662375157915,-0.0046655773912901944,0.006930018199624764,NA,NA,NA
Cyniscops__wetdry_z_trans,0.007759172025916918,-0.005677233101929891,0.014667299518589577,NA,NA,NA
Cyniscops__time,-0.0030460792091478324,-0.002908721636255669,0.006406845546136131,NA,NA,NA
Cynognathus__lat_range_z_trans,-0.2846953317042642,-0.042584500453578526,-0.007294968396422992,0.7598715782542331,0.0,2.08983663469553
Cynognathus__biome,0.3020100894016385,-0.013694603111405657,0.11348065773522066,NA,NA,NA
Cynognathus__mat_z_trans,0.02531272314912352,-0.009653894587248656,0.03147548486385492,NA,NA,NA
Cynognathus__map_z_trans,-0.03507601424902541,-0.008345192890934916,0.0161485381534262,NA,NA,NA
Cynognathus__wmm_z_trans,0.03717198320288869,-0.005913399486367037,0.02984062164095999,NA,NA,NA
Cynognathus__cmm_z_trans,0.03612872565544734,-0.005604771921108095,0.023470607749431376,NA,NA,NA
Cynognathus__wmmcmm_z_trans,0.005297369685453027,-0.004154650124989475,0.00753748606095791,NA,NA,NA
Cynognathus__wetmon_z_trans,0.021799059215143305,-0.006324156032156829,0.01676241602746738,NA,NA,NA
Cynognathus__drymon_z_trans,0.020446212531760752,-0.005344155363545097,0.024060978456569907,NA,NA,NA
Cynognathus__wetdry_z_trans,0.01055308788456909,-0.003830898776605336,0.007610952392911667,NA,NA,NA
Cynognathus__time,0.038713019349002856,-0.001999480170589878,0.010679196779780053,NA,NA,NA
Cynosaurus__lat_range_z_trans,-0.46384533658623694,-0.011929131502450067,-0.007982666463351414,0.07890370150773379,0.0,0.5781923979520798
Cynosaurus__biome,-0.35744149146601556,-0.018495050884366013,0.016167764755246887,NA,NA,NA
Cynosaurus__mat_z_trans,0.12344526539789513,-0.008215202771462395,0.02560440738765137,NA,NA,NA
Cynosaurus__map_z_trans,0.3588962340354919,-0.005863955619513743,0.05229143591114381,NA,NA,NA
Cynosaurus__wmm_z_trans,0.10037315123714506,-0.005179225178913561,0.021781549270353202,NA,NA,NA
Cynosaurus__cmm_z_trans,0.058802850218489765,-0.0076345393978833834,0.035411249696606945,NA,NA,NA
Cynosaurus__wmmcmm_z_trans,0.05920857102588343,-0.006769919458794037,0.029825895813275556,NA,NA,NA
Cynosaurus__wetmon_z_trans,-0.08413770584855229,-0.018020000450805755,0.042662753645508644,NA,NA,NA
Cynosaurus__drymon_z_trans,0.05739404181134887,-0.0068037674678948935,0.025163851794265456,NA,NA,NA
Cynosaurus__wetdry_z_trans,-0.015545732594328001,-0.01838720211080846,0.027567046140306004,NA,NA,NA
Cynosaurus__time,0.06409293015487492,-0.00015170807563719227,0.005278683513150658,NA,NA,NA
Cyonosaurus__lat_range_z_trans,-0.5042709225416183,-0.012436779841997566,-0.007507459960981588,0.06841650601592847,0.0,0.4351920336484909
Cyonosaurus__biome,-0.3700311828032136,-0.01913574008461081,0.017011084020624418,NA,NA,NA
Cyonosaurus__mat_z_trans,0.12780584297142922,-0.006850852805078496,0.027227347354101976,NA,NA,NA
Cyonosaurus__map_z_trans,0.3986878284020349,-0.003920623243105124,0.05689209954729859,NA,NA,NA
Cyonosaurus__wmm_z_trans,0.09184534043073654,-0.004744365837494286,0.023547228272383283,NA,NA,NA
Cyonosaurus__cmm_z_trans,0.06188004576251842,-0.007196912048424278,0.03109705286191335,NA,NA,NA
Cyonosaurus__wmmcmm_z_trans,0.06353694000456017,-0.003291779231012122,0.02108798727509634,NA,NA,NA
Cyonosaurus__wetmon_z_trans,-0.06281103664077818,-0.02038518129920031,0.047685900080948224,NA,NA,NA
Cyonosaurus__drymon_z_trans,0.04934314486687072,-0.008671419525097377,0.02160474262107572,NA,NA,NA
Cyonosaurus__wetdry_z_trans,-0.020250019542872907,-0.020408784415199565,0.030211877700713447,NA,NA,NA
Cyonosaurus__time,0.055019600984524006,-0.00040726458730956986,0.00491411169098334,NA,NA,NA
Dalongkoua__lat_range_z_trans,0.02523752538275298,0.006187201737334083,0.018916856906400062,3.690733188455961,0.7854831889271736,7.945844313129783
Dalongkoua__biome,0.07358598785704513,-0.012950361137640282,0.08473525799355483,NA,NA,NA
Dalongkoua__mat_z_trans,0.015114006678103297,-0.015758298446641065,0.025407801533877606,NA,NA,NA
Dalongkoua__map_z_trans,0.008765164938814901,-0.0038146556640283346,0.01711662116707722,NA,NA,NA
Dalongkoua__wmm_z_trans,0.011404669565928775,-0.007308800848896998,0.019222993547235067,NA,NA,NA
Dalongkoua__cmm_z_trans,0.007479572147410628,-0.030217957557959554,0.024486301380974775,NA,NA,NA
Dalongkoua__wmmcmm_z_trans,0.01315069242280442,-0.015384125904635748,0.028099534164419914,NA,NA,NA
Dalongkoua__wetmon_z_trans,0.006200887249216959,-0.012585714173177196,0.017008309016282704,NA,NA,NA
Dalongkoua__drymon_z_trans,0.0058266633288333045,-0.0063202239726656015,0.0118598092475699,NA,NA,NA
Dalongkoua__wetdry_z_trans,0.011984001560311631,-0.005644848086022809,0.02497510618749633,NA,NA,NA
Dalongkoua__time,-0.0010882470094845278,-0.0036519188641960017,0.0019433803192686868,NA,NA,NA
Daptocephalus__lat_range_z_trans,-0.7904520899057388,-0.030012354657506374,-0.02453205942476898,0.2580149712508137,0.0,0.6625508815050125
Daptocephalus__biome,0.032812364120036366,-0.017254719006878704,0.026361702177732146,NA,NA,NA
Daptocephalus__mat_z_trans,0.1510382441073307,-0.0028157670549581464,0.03114057628167279,NA,NA,NA
Daptocephalus__map_z_trans,0.29971121808863244,-0.0035910564302765917,0.057852061994021424,NA,NA,NA
Daptocephalus__wmm_z_trans,0.07097615743754432,-0.00407384470995454,0.021017546326719937,NA,NA,NA
Daptocephalus__cmm_z_trans,0.06299099653260783,-0.006896634109308026,0.03152607726119788,NA,NA,NA
Daptocephalus__wmmcmm_z_trans,0.06358432459732284,-0.006951827366166381,0.01589803471432422,NA,NA,NA
Daptocephalus__wetmon_z_trans,0.07052355917170644,-0.016456677923809716,0.04676451015733647,NA,NA,NA
Daptocephalus__drymon_z_trans,0.0498467447864823,-0.0060711990021936136,0.02649280918874949,NA,NA,NA
Daptocephalus__wetdry_z_trans,0.04445694462803658,-0.01260375265162629,0.03640113718535773,NA,NA,NA
Daptocephalus__time,0.02486558356511523,-0.0007218700058511371,0.004849575601814002,NA,NA,NA
Daqingshanodon__lat_range_z_trans,0.027522249715634942,0.00595310108242569,0.019012188513968735,3.37071963079743,0.9271054612472653,7.916762889362872
Daqingshanodon__biome,0.07429272675584879,-0.01727361455081222,0.0958946906576438,NA,NA,NA
Daqingshanodon__mat_z_trans,0.016299975333628116,-0.01737183394882164,0.03168356508605547,NA,NA,NA
Daqingshanodon__map_z_trans,0.0057206027354073435,-0.004205248745086264,0.007902267429332989,NA,NA,NA
Daqingshanodon__wmm_z_trans,0.010762319005239919,-0.0095711920837508,0.017891648840122128,NA,NA,NA
Daqingshanodon__cmm_z_trans,0.009293148103624065,-0.033312057310432915,0.030534453068930427,NA,NA,NA
Daqingshanodon__wmmcmm_z_trans,0.013494658750777684,-0.016959348851529273,0.03504015955096158,NA,NA,NA
Daqingshanodon__wetmon_z_trans,0.007241297346298078,-0.0031614287541543253,0.012123169604793246,NA,NA,NA
Daqingshanodon__drymon_z_trans,0.0034897634737978173,-0.0023264184458567506,0.006727055253674908,NA,NA,NA
Daqingshanodon__wetdry_z_trans,0.010905816539545376,-0.00519581243360357,0.014539375403143113,NA,NA,NA
Daqingshanodon__time,-0.0013616336380646468,-0.0040258488769074445,0.002423398055530691,NA,NA,NA
Davletkulia__lat_range_z_trans,0.08537020476091615,0.0017121405187331682,0.011209109276434873,0.7333255446224939,0.2334565594792366,1.3587681911885738
Davletkulia__biome,0.25603415946188235,3.0022344652261122e-05,0.056370811235613695,NA,NA,NA
Davletkulia__mat_z_trans,-0.06122319275129928,-0.021312097924541872,0.026783772893148677,NA,NA,NA
Davletkulia__map_z_trans,-0.06678997724899481,-0.008359313066186877,0.011949420588536316,NA,NA,NA
Davletkulia__wmm_z_trans,0.031783082496019154,-0.005621608778951775,0.02678683203080199,NA,NA,NA
Davletkulia__cmm_z_trans,-0.0287731683004037,-0.022406905765774626,0.04374509050438385,NA,NA,NA
Davletkulia__wmmcmm_z_trans,-0.009265241634688025,-0.021928780010779053,0.03489641834682884,NA,NA,NA
Davletkulia__wetmon_z_trans,-0.0017293860331041382,-0.004501040844660278,0.007139352517550983,NA,NA,NA
Davletkulia__drymon_z_trans,0.024112317847241882,-0.009234987355558123,0.02673636987586205,NA,NA,NA
Davletkulia__wetdry_z_trans,-0.021612920438427264,-0.011636363339999848,0.02256593919645615,NA,NA,NA
Davletkulia__time,-0.030244954037404844,-0.004190768695462485,0.005588854998539684,NA,NA,NA
Delectosaurus__lat_range_z_trans,-0.17313236606663115,-0.03160324703575007,-0.011557756325624833,0.9974288806485856,0.3098084591329098,1.8475837260484695
Delectosaurus__biome,0.1756215988466381,-0.0021027218633440144,0.09000085093777253,NA,NA,NA
Delectosaurus__mat_z_trans,0.034685595280504126,-0.01559473052257989,0.04110629553350549,NA,NA,NA
Delectosaurus__map_z_trans,0.015231908583444248,-0.003355807619455038,0.010373464162129474,NA,NA,NA
Delectosaurus__wmm_z_trans,0.03152363810479864,-0.005302775673990054,0.018085890806445782,NA,NA,NA
Delectosaurus__cmm_z_trans,0.012995373368139874,-0.02585496922457178,0.04372407115890257,NA,NA,NA
Delectosaurus__wmmcmm_z_trans,0.03395323307465912,-0.013205679438027852,0.04004574817154039,NA,NA,NA
Delectosaurus__wetmon_z_trans,0.007820357855963819,-0.003717914712479263,0.012367412121434522,NA,NA,NA
Delectosaurus__drymon_z_trans,0.012661223633456762,-0.0010063175444605975,0.010455554545202873,NA,NA,NA
Delectosaurus__wetdry_z_trans,0.020573707374758006,-0.003338388194484475,0.012854640904709507,NA,NA,NA
Delectosaurus__time,0.005726654066005887,-0.0023671510893864827,0.0063157994481388,NA,NA,NA
Delphinognathus__lat_range_z_trans,0.32484324026271777,0.002693420401756493,0.016598116058400888,0.36731999267009086,0.0,0.681021124124527
Delphinognathus__biome,-0.07466498874881224,-0.012624424020773073,0.01997770410543741,NA,NA,NA
Delphinognathus__mat_z_trans,0.16586501275454263,-0.016968650979564535,0.05009597877913602,NA,NA,NA
Delphinognathus__map_z_trans,-0.09891634725371454,-0.006644294498578685,0.008410958766838682,NA,NA,NA
Delphinognathus__wmm_z_trans,-0.11486391273415834,-0.020247822523717676,0.05219989489183961,NA,NA,NA
Delphinognathus__cmm_z_trans,0.030547406800639915,-0.0050236024514241796,0.03236068211034716,NA,NA,NA
Delphinognathus__wmmcmm_z_trans,-0.03751434688741645,-0.009014634302510614,0.01646716985271254,NA,NA,NA
Delphinognathus__wetmon_z_trans,0.039040406961402256,-0.014574111112209204,0.036432809033105334,NA,NA,NA
Delphinognathus__drymon_z_trans,0.010744413817465532,-0.0030300725455712735,0.00891300290232048,NA,NA,NA
Delphinognathus__wetdry_z_trans,0.01768563553830164,-0.016907713460548025,0.025639674935332393,NA,NA,NA
Delphinognathus__time,-0.08510559638923067,-0.005107797425388742,0.006675980028686569,NA,NA,NA
Deuterosaurus__lat_range_z_trans,-0.11466720880949206,-0.011984823762753465,-0.004074965325743463,0.8156625721137971,0.0,2.227740539237857
Deuterosaurus__biome,0.14916285388090747,-0.01280482607196825,0.05742553949168269,NA,NA,NA
Deuterosaurus__mat_z_trans,0.04684169129110807,-0.015490728130267868,0.045017512359403794,NA,NA,NA
Deuterosaurus__map_z_trans,0.006603850319755691,-0.003861447781497577,0.010250149416218818,NA,NA,NA
Deuterosaurus__wmm_z_trans,0.0001922268129122189,-0.016394047269287136,0.039340837008787044,NA,NA,NA
Deuterosaurus__cmm_z_trans,0.019919158512076294,-0.012253767320489528,0.03552902059095535,NA,NA,NA
Deuterosaurus__wmmcmm_z_trans,0.0339412375315345,-0.007704813303581181,0.029551273151392138,NA,NA,NA
Deuterosaurus__wetmon_z_trans,0.006386677864520855,-0.009500823595293324,0.02690003116598595,NA,NA,NA
Deuterosaurus__drymon_z_trans,0.013030678922987846,-0.002524346420546695,0.008151480235038871,NA,NA,NA
Deuterosaurus__wetdry_z_trans,0.014233381349501584,-0.01308043975198658,0.019238328269330328,NA,NA,NA
Deuterosaurus__time,0.002016376445925021,-0.0018496395108579032,0.0064427651011055975,NA,NA,NA
Diademodon__lat_range_z_trans,-0.3446274350355685,-0.04266239284021481,-0.007350199980560014,0.6551370413594032,0.0,1.962794966995716
Diademodon__biome,0.3561231238900602,-0.014491850563191015,0.11857659947141623,NA,NA,NA
Diademodon__mat_z_trans,0.027756282090299563,-0.01065396500696395,0.035564963268471306,NA,NA,NA
Diademodon__map_z_trans,-0.039692658616587724,-0.008448602607936864,0.014885508056905966,NA,NA,NA
Diademodon__wmm_z_trans,0.03979575531976963,-0.0072760659079594775,0.03371768908913046,NA,NA,NA
Diademodon__cmm_z_trans,0.04320197328197773,-0.004987883602406997,0.023664203421704225,NA,NA,NA
Diademodon__wmmcmm_z_trans,0.00015646934529390017,-0.004155119681744213,0.008516800171755986,NA,NA,NA
Diademodon__wetmon_z_trans,0.026255189841832664,-0.0027618338336610317,0.011824836022634448,NA,NA,NA
Diademodon__drymon_z_trans,0.009959679093576486,-0.007736804195393139,0.011774596319093191,NA,NA,NA
Diademodon__wetdry_z_trans,0.011858937135515089,-0.00322319754270342,0.008599811677653554,NA,NA,NA
Diademodon__time,0.04687360777556847,-0.001051987136354602,0.01399716394595177,NA,NA,NA
Dicynodon__lat_range_z_trans,-0.3549032800570496,-0.021928442535322435,-0.004187691870444793,0.0,0.0,0.47722935676574707
Dicynodon__biome,-0.3903820595494544,-0.03552933252130875,0.01395148020193572,NA,NA,NA
Dicynodon__mat_z_trans,0.07846311029473903,-0.005010920566856178,0.039618494158130645,NA,NA,NA
Dicynodon__map_z_trans,0.12545023294018706,-0.0035915848439405837,0.03443049419954163,NA,NA,NA
Dicynodon__wmm_z_trans,0.07107736368146701,-0.00986993441116385,0.04466164802404332,NA,NA,NA
Dicynodon__cmm_z_trans,0.060249459132945805,-0.002456310585469369,0.015466075433149023,NA,NA,NA
Dicynodon__wmmcmm_z_trans,0.05727072281820641,-0.004987919929826524,0.024410504591490637,NA,NA,NA
Dicynodon__wetmon_z_trans,0.05494851693882962,-0.00931495823632863,0.04021841326836881,NA,NA,NA
Dicynodon__drymon_z_trans,0.03825748544371679,-0.004720772836491157,0.02298113789705406,NA,NA,NA
Dicynodon__wetdry_z_trans,0.022823049019935444,-0.008957402197593393,0.02915519420178886,NA,NA,NA
Dicynodon__time,0.05908447521473926,-0.0010821242542286334,0.013066221359099186,NA,NA,NA
Dicynodontipus__lat_range_z_trans,0.08187612251298017,0.0027271561634697136,0.016855993258295995,0.9566621213169856,0.0,2.42397503182292
Dicynodontipus__biome,-0.0908481823202475,-0.018550178219324105,0.013900205972531852,NA,NA,NA
Dicynodontipus__mat_z_trans,0.036337908318836105,-0.005631477480175,0.020476686047914257,NA,NA,NA
Dicynodontipus__map_z_trans,0.13555356530679774,-0.011496239319345633,0.06128589917007546,NA,NA,NA
Dicynodontipus__wmm_z_trans,0.020601248811230266,-0.009946123131313787,0.021586332196176745,NA,NA,NA
Dicynodontipus__cmm_z_trans,0.021803273154346436,-0.0046235372517738965,0.017082291804403803,NA,NA,NA
Dicynodontipus__wmmcmm_z_trans,0.006946686948358852,-0.0030710998221350804,0.011016743630565377,NA,NA,NA
Dicynodontipus__wetmon_z_trans,-0.022739916687680578,-0.02532805498997158,0.045873439229617445,NA,NA,NA
Dicynodontipus__drymon_z_trans,-0.006871075270015241,-0.013629248258719851,0.03025720985993442,NA,NA,NA
Dicynodontipus__wetdry_z_trans,-0.02060706357192228,-0.01760116305134486,0.03074901619283265,NA,NA,NA
Dicynodontipus__time,0.015608356919053499,-0.0002997375578954264,0.004688154101809113,NA,NA,NA
Dicynodontoides__lat_range_z_trans,-0.8199681535363197,-0.03207726984720581,-0.022160770849173242,0.251787317902199,0.0,0.723333127447404
Dicynodontoides__biome,-0.03807724539190531,-0.021119574484267854,0.02866585123888612,NA,NA,NA
Dicynodontoides__mat_z_trans,0.1531032155326102,-0.002043724511682637,0.02458194035475655,NA,NA,NA
Dicynodontoides__map_z_trans,0.3770109158568084,-0.003904529088844963,0.06681469155173918,NA,NA,NA
Dicynodontoides__wmm_z_trans,0.06518899137794505,-0.004433257884682875,0.018816272933348005,NA,NA,NA
Dicynodontoides__cmm_z_trans,0.07458091139560566,-0.0036459416360950635,0.02425673242566687,NA,NA,NA
Dicynodontoides__wmmcmm_z_trans,0.029969100847665686,-0.0038281778432924405,0.0103365840273002,NA,NA,NA
Dicynodontoides__wetmon_z_trans,0.09319828236941248,-0.013295149810349845,0.05035483685844428,NA,NA,NA
Dicynodontoides__drymon_z_trans,0.06462874963879585,-0.006869252096681155,0.02812006878067896,NA,NA,NA
Dicynodontoides__wetdry_z_trans,0.034703963845968244,-0.015509307972263145,0.035883289042405245,NA,NA,NA
Dicynodontoides__time,0.03978766184387496,-0.0007235177431637143,0.008102475100104934,NA,NA,NA
Diegocanis__lat_range_z_trans,0.2610489541292191,0.002105176410506696,0.018050893776397653,0.25340594394889193,0.0,0.6280474420636892
Diegocanis__biome,-0.019424861650913953,-0.010666310028017996,0.029445372104842923,NA,NA,NA
Diegocanis__mat_z_trans,-0.1856820993870497,-0.028276191449874897,0.049674159704174735,NA,NA,NA
Diegocanis__map_z_trans,-0.23553350500762463,-0.013976302612578703,0.028991864556958336,NA,NA,NA
Diegocanis__wmm_z_trans,0.013044474601047113,-0.021406653867217455,0.05400833703202456,NA,NA,NA
Diegocanis__cmm_z_trans,-0.011024692300707102,-0.018890925367277777,0.03266507633184602,NA,NA,NA
Diegocanis__wmmcmm_z_trans,0.043495754257310185,-0.0038787884373815483,0.013016551575848658,NA,NA,NA
Diegocanis__wetmon_z_trans,0.01614296598127112,-0.0037113476483096684,0.011225522789596088,NA,NA,NA
Diegocanis__drymon_z_trans,-0.00016517665120773016,-0.003734277537519003,0.007888331942758285,NA,NA,NA
Diegocanis__wetdry_z_trans,-0.01782355164119508,-0.0048654167345310835,0.008101886761099089,NA,NA,NA
Diegocanis__time,0.21166675749700517,-0.00014866564632806808,0.02070397488861076,NA,NA,NA
Digalodon__lat_range_z_trans,-0.42552974209189415,-0.011998362040056826,-0.009617086640349375,0.0035928302672255086,0.0,0.4542262889444828
Digalodon__biome,-0.4386980928108096,-0.020900728122462804,0.01601272853111324,NA,NA,NA
Digalodon__mat_z_trans,0.1413928381097503,-0.009622304820264166,0.03369822811075808,NA,NA,NA
Digalodon__map_z_trans,0.27710377488983795,-0.007670191651428302,0.04561947474496525,NA,NA,NA
Digalodon__wmm_z_trans,0.12046029516030103,-0.003942884316201581,0.01939021583915114,NA,NA,NA
Digalodon__cmm_z_trans,0.04986850818451785,-0.007889112473806584,0.031439435141511624,NA,NA,NA
Digalodon__wmmcmm_z_trans,0.04709584269439802,-0.007408510370157678,0.028808110055304956,NA,NA,NA
Digalodon__wetmon_z_trans,-0.044113633948145436,-0.018723337966997027,0.045911155880736146,NA,NA,NA
Digalodon__drymon_z_trans,0.05058817805256695,-0.0067037720791992645,0.023845440065551216,NA,NA,NA
Digalodon__wetdry_z_trans,-0.001589525775052607,-0.011923131537276649,0.03333870238435571,NA,NA,NA
Digalodon__time,0.04935346368001774,-0.0006673675406786263,0.005325567351059132,NA,NA,NA
Diictodon__lat_range_z_trans,-0.3005886159578336,-0.0329258156083748,-0.022810285601797226,0.0,0.0,0.20548049034550786
Diictodon__biome,-0.2615433711422645,-0.03334552269411378,0.024747366333795297,NA,NA,NA
Diictodon__mat_z_trans,0.07754871646195498,-0.004271802476470862,0.04328143492543912,NA,NA,NA
Diictodon__map_z_trans,0.061011237965774866,-0.001114645569020254,0.05499822919909589,NA,NA,NA
Diictodon__wmm_z_trans,0.04492102548457948,-0.002772268447950015,0.026549527787449942,NA,NA,NA
Diictodon__cmm_z_trans,0.058619615997163074,-0.00980026515479904,0.0500890360501085,NA,NA,NA
Diictodon__wmmcmm_z_trans,0.05138463115994026,-0.007326746204868363,0.04322068346818274,NA,NA,NA
Diictodon__wetmon_z_trans,0.030395499140823262,-0.009454265597670727,0.017772360915561752,NA,NA,NA
Diictodon__drymon_z_trans,0.01740239165707207,-0.0037976022639987887,0.009189274682441143,NA,NA,NA
Diictodon__wetdry_z_trans,0.03450523014227767,-0.0022374658716327288,0.0222905253582654,NA,NA,NA
Diictodon__time,0.008682714968774959,-0.00040330302963014804,0.004443818345614557,NA,NA,NA
Diictodontoides__lat_range_z_trans,0.10630244411956306,0.005541793351035345,0.025556839793606526,0.8162636877829209,0.3267882652580738,1.26636281888932
Diictodontoides__biome,-0.08144997939437067,-0.02238941619035962,0.013211999527308596,NA,NA,NA
Diictodontoides__mat_z_trans,0.05024807096569905,-0.014665872106461659,0.04845606652786311,NA,NA,NA
Diictodontoides__map_z_trans,0.014127089199566711,-0.0033288118322083522,0.011338642720272012,NA,NA,NA
Diictodontoides__wmm_z_trans,0.028432957382514612,-0.007810071629262089,0.024965079143215677,NA,NA,NA
Diictodontoides__cmm_z_trans,0.010971157951899601,-0.02453591309517093,0.06076142259219863,NA,NA,NA
Diictodontoides__wmmcmm_z_trans,0.03635612440829354,-0.021220881389230273,0.04874099917636401,NA,NA,NA
Diictodontoides__wetmon_z_trans,0.006350100434286699,-0.005788997897396187,0.012736758718978081,NA,NA,NA
Diictodontoides__drymon_z_trans,0.0016098662375157915,-0.0046655773912901944,0.006930018199624764,NA,NA,NA
Diictodontoides__wetdry_z_trans,0.007759172025916918,-0.005677233101929891,0.014667299518589577,NA,NA,NA
Diictodontoides__time,-0.0030460792091478324,-0.002908721636255669,0.006406845546136131,NA,NA,NA
Dimetrodon__lat_range_z_trans,-0.060793009376032554,-0.019727125996988316,-0.003290715641720806,1.8317861146271752,0.28146887198090553,3.7756063863635063
Dimetrodon__biome,0.19690559364171725,0.0023872530732318275,0.10165484217562915,NA,NA,NA
Dimetrodon__mat_z_trans,-0.007328296270546742,-0.01721709290404454,0.024035455364910738,NA,NA,NA
Dimetrodon__map_z_trans,-0.006322464717246181,-0.007424021141945652,0.006916249780435069,NA,NA,NA
Dimetrodon__wmm_z_trans,0.013737176125695852,-0.004600458510723616,0.01829720233933604,NA,NA,NA
Dimetrodon__cmm_z_trans,0.011459902486979073,-0.023214963795816942,0.038296491549177664,NA,NA,NA
Dimetrodon__wmmcmm_z_trans,0.013324370174599648,-0.015558886772322004,0.033555362448838236,NA,NA,NA
Dimetrodon__wetmon_z_trans,0.0016347589246999926,-0.0023372178248833634,0.006905124838388799,NA,NA,NA
Dimetrodon__drymon_z_trans,0.014280356080058041,-0.008038752644120852,0.021114028026015714,NA,NA,NA
Dimetrodon__wetdry_z_trans,0.009683528813620385,-0.007082915702092209,0.023709182830477116,NA,NA,NA
Dimetrodon__time,-0.008920991761807303,-0.004635520698823849,0.002578747752669387,NA,NA,NA
Dinanomodon__lat_range_z_trans,-0.4485457652807236,-0.010993323567080873,-0.008240939236976995,0.10586472289289305,0.0,0.5709782093763351
Dinanomodon__biome,-0.3954388741217554,-0.01946513536942586,0.022830821404096573,NA,NA,NA
Dinanomodon__mat_z_trans,0.12277410524897277,-0.005354652852772129,0.025555814295563358,NA,NA,NA
Dinanomodon__map_z_trans,0.42561113244155424,-0.006898486966206091,0.058832276638805775,NA,NA,NA
Dinanomodon__wmm_z_trans,0.09749715366167948,-0.0046950239471006475,0.024446433082018996,NA,NA,NA
Dinanomodon__cmm_z_trans,0.07282800363842398,-0.00532815841484216,0.02068491495162118,NA,NA,NA
Dinanomodon__wmmcmm_z_trans,0.023917866820847847,-0.002682570848666019,0.009773934142550485,NA,NA,NA
Dinanomodon__wetmon_z_trans,-0.05923901468515396,-0.024986041836524683,0.050043038145695086,NA,NA,NA
Dinanomodon__drymon_z_trans,0.06879911980113321,-0.009326199218389173,0.024953393141379312,NA,NA,NA
Dinanomodon__wetdry_z_trans,-0.05712242379318923,-0.01805012764245888,0.03822483432193904,NA,NA,NA
Dinanomodon__time,0.07712249503936619,0.00033001774493700216,0.006667450577464294,NA,NA,NA
Dinodontosaurus__lat_range_z_trans,-0.052671838491223755,-0.0024444358598462884,0.0011027558586291233,0.1755993895787833,0.0,0.5109120290726423
Dinodontosaurus__biome,0.03948594930116087,-0.01005527565796953,0.027995037729949466,NA,NA,NA
Dinodontosaurus__mat_z_trans,-0.14771510975435376,-0.028458114971092494,0.05068157603743948,NA,NA,NA
Dinodontosaurus__map_z_trans,-0.1576532095298171,-0.011673156103059436,0.027149477324552574,NA,NA,NA
Dinodontosaurus__wmm_z_trans,0.04238855487201363,-0.01979215872063319,0.057448551557852626,NA,NA,NA
Dinodontosaurus__cmm_z_trans,0.0158940455049742,-0.015861895110006973,0.04056776172199069,NA,NA,NA
Dinodontosaurus__wmmcmm_z_trans,0.04753797874262091,-0.003111518591185012,0.015635870388917967,NA,NA,NA
Dinodontosaurus__wetmon_z_trans,0.03012119934333896,-0.005966482690898885,0.0114954627031683,NA,NA,NA
Dinodontosaurus__drymon_z_trans,0.0061704910406842825,-0.005010250738277957,0.010407764648538102,NA,NA,NA
Dinodontosaurus__wetdry_z_trans,-0.01658248858526349,-0.004811389991291679,0.011356983775015499,NA,NA,NA
Dinodontosaurus__time,0.19096289301291108,-0.00026502448426807187,0.019930729718103276,NA,NA,NA
Dinogorgon__lat_range_z_trans,-0.7877050086855888,-0.03303751217368385,-0.02501760568331844,0.22425271471205632,0.0,0.7314956896007061
Dinogorgon__biome,0.023140383223071694,-0.01860977822274595,0.035467225814215415,NA,NA,NA
Dinogorgon__mat_z_trans,0.16710384697362315,-0.0036519781468934056,0.028997145135945396,NA,NA,NA
Dinogorgon__map_z_trans,0.23979549618903548,-0.00268539590753364,0.055595367259647074,NA,NA,NA
Dinogorgon__wmm_z_trans,0.10358103993581608,-0.0029221168227450615,0.021165573145331663,NA,NA,NA
Dinogorgon__cmm_z_trans,0.05778715235413984,-0.011880968977139581,0.029882631630779106,NA,NA,NA
Dinogorgon__wmmcmm_z_trans,0.06057678205892444,-0.005039042705355909,0.02200944498717309,NA,NA,NA
Dinogorgon__wetmon_z_trans,0.07822716406080872,-0.013947421758966731,0.04170540843192843,NA,NA,NA
Dinogorgon__drymon_z_trans,0.05632469686242984,-0.006794322463036773,0.02239433164181471,NA,NA,NA
Dinogorgon__wetdry_z_trans,0.02211155127210077,-0.008140387918634128,0.03664856011541822,NA,NA,NA
Dinogorgon__time,0.025648686345957687,-0.0007407778217944841,0.004923888985222454,NA,NA,NA
Dinosaurus__lat_range_z_trans,0.08454572924004562,0.0016666086625493012,0.012300369498475117,0.8530658963473979,0.21574658155441284,1.4430986251682043
Dinosaurus__biome,0.19565655125085896,-0.004062526345787853,0.04847104271457542,NA,NA,NA
Dinosaurus__mat_z_trans,-0.005119668807094267,-0.015121675007974058,0.03738703338715394,NA,NA,NA
Dinosaurus__map_z_trans,-0.04308220819196067,-0.008007441276132763,0.011280996074121993,NA,NA,NA
Dinosaurus__wmm_z_trans,-0.004615602596753132,-0.014823167104553503,0.025916581687099295,NA,NA,NA
Dinosaurus__cmm_z_trans,0.005450071670883579,-0.021188816942410295,0.0423239004210261,NA,NA,NA
Dinosaurus__wmmcmm_z_trans,-0.03267524944767751,-0.012793855108588445,0.02837808862221351,NA,NA,NA
Dinosaurus__wetmon_z_trans,-0.013431983292508293,-0.009096477878137247,0.014020004682629825,NA,NA,NA
Dinosaurus__drymon_z_trans,0.003708907404580855,-0.008846255469792104,0.023545809753547225,NA,NA,NA
Dinosaurus__wetdry_z_trans,0.010885621621203692,-0.011146549408430764,0.02474086029269834,NA,NA,NA
Dinosaurus__time,-0.023661244729841404,-0.004029547039271789,0.005407284330616321,NA,NA,NA
Dolichuranus__lat_range_z_trans,-0.0669240428111516,-0.004221082790999762,0.002588659626066067,0.24994544842629693,0.0,0.8730975370854139
Dolichuranus__biome,-0.14280645333230496,-0.014564569125487804,0.03145714874242284,NA,NA,NA
Dolichuranus__mat_z_trans,0.02684602571069263,-0.010792165076657386,0.01978906986448706,NA,NA,NA
Dolichuranus__map_z_trans,0.15462405569851398,-0.003562327945437873,0.021541851905610934,NA,NA,NA
Dolichuranus__wmm_z_trans,0.05003919941838831,-0.0050392564287737515,0.021399180008588946,NA,NA,NA
Dolichuranus__cmm_z_trans,0.05868928008945659,-0.005877425076143948,0.029804265805556094,NA,NA,NA
Dolichuranus__wmmcmm_z_trans,-1.6577411442995072e-05,-0.005627509485214045,0.013052588529307456,NA,NA,NA
Dolichuranus__wetmon_z_trans,-0.11544803963974118,-0.022363192475595456,0.04174185244989402,NA,NA,NA
Dolichuranus__drymon_z_trans,0.08722305105999112,-0.009768217288922154,0.02575593471977547,NA,NA,NA
Dolichuranus__wetdry_z_trans,-0.1098925022687763,-0.026155564259993987,0.05187566266365009,NA,NA,NA
Dolichuranus__time,0.12995052779093386,0.0005216070346966504,0.01476575714879813,NA,NA,NA
Dolomitipes__lat_range_z_trans,-0.49917785108089446,-0.011466658651784024,-0.008347432244152913,0.09256980116886553,0.0,0.5928140245378017
Dolomitipes__biome,-0.4002065639384091,-0.021535607356680156,0.018424993599668264,NA,NA,NA
Dolomitipes__mat_z_trans,0.13776483410503715,-0.005633441339428964,0.026409770799349752,NA,NA,NA
Dolomitipes__map_z_trans,0.4529683979135007,-0.005502390974493933,0.061916516857232776,NA,NA,NA
Dolomitipes__wmm_z_trans,0.08361981501802802,-0.006861581155677829,0.025254366056339354,NA,NA,NA
Dolomitipes__cmm_z_trans,0.06815929541015066,-0.006527692920504637,0.015161633319638858,NA,NA,NA
Dolomitipes__wmmcmm_z_trans,0.02699920084036421,-0.0022516839485615435,0.01041634569965685,NA,NA,NA
Dolomitipes__wetmon_z_trans,-0.05359680206514895,-0.02232335951951841,0.05185593603625302,NA,NA,NA
Dolomitipes__drymon_z_trans,0.08047308951965533,-0.006754291613567516,0.02963177825148807,NA,NA,NA
Dolomitipes__wetdry_z_trans,-0.05534602442523465,-0.018883974838820344,0.03637509496317864,NA,NA,NA
Dolomitipes__time,0.07325148575007916,0.0002909794005078424,0.006672968125504422,NA,NA,NA
Dromatherium__lat_range_z_trans,0.03837276201384436,0.001661658258513304,0.008875584439104111,1.636522156841238,0.0,4.325552020221949
Dromatherium__biome,0.17708692398887227,-0.0032799578067188103,0.06322616460334128,NA,NA,NA
Dromatherium__mat_z_trans,-0.03216422546871028,-0.015843901913277218,0.021465911221649495,NA,NA,NA
Dromatherium__map_z_trans,-0.034335866541685356,-0.021715868216241226,0.03155703655430432,NA,NA,NA
Dromatherium__wmm_z_trans,-0.0006832801277321607,-0.008000477743296697,0.024557308149146796,NA,NA,NA
Dromatherium__cmm_z_trans,-0.007914043791308549,-0.01219015375775127,0.024930090158863896,NA,NA,NA
Dromatherium__wmmcmm_z_trans,-0.00900070157673235,-0.007524231432871558,0.015592883504029483,NA,NA,NA
Dromatherium__wetmon_z_trans,0.016085762063356098,-0.015149541870390536,0.03020021857314773,NA,NA,NA
Dromatherium__drymon_z_trans,-0.0028785990927097153,-0.011800678887870916,0.021148906718846696,NA,NA,NA
Dromatherium__wetdry_z_trans,-0.008183133725546837,-0.012762718704369895,0.016261684327955425,NA,NA,NA
Dromatherium__time,0.041275326380090016,-0.0008438308442546817,0.015956183213767867,NA,NA,NA
Dvinia__lat_range_z_trans,0.03505590624728484,0.003192155901256256,0.017158891485475856,2.4894584297112305,0.5678433552384377,7.786387224681675
Dvinia__biome,0.08104843482139877,-0.011607173920017262,0.086546932238697,NA,NA,NA
Dvinia__mat_z_trans,0.020780169230288664,-0.014966906103903312,0.03442523002014695,NA,NA,NA
Dvinia__map_z_trans,0.0009296578392029215,-0.007115205207479504,0.007515406850677904,NA,NA,NA
Dvinia__wmm_z_trans,0.005084173719584107,-0.019001606815358903,0.026829618852056217,NA,NA,NA
Dvinia__cmm_z_trans,0.010667638464489164,-0.013199923817165967,0.026611911860704406,NA,NA,NA
Dvinia__wmmcmm_z_trans,0.009798579705838783,-0.011044798109418287,0.028396088901623873,NA,NA,NA
Dvinia__wetmon_z_trans,0.0066693391185058005,-0.015655325544595658,0.013078559478585976,NA,NA,NA
Dvinia__drymon_z_trans,0.0015935213094173466,-0.004393308961172117,0.004921387685072544,NA,NA,NA
Dvinia__wetdry_z_trans,0.01037765303034157,-0.009446570078629719,0.025851840872909038,NA,NA,NA
Dvinia__time,-0.004344149364614512,-0.004211040262045044,0.002436103218207344,NA,NA,NA
Ecteninion__lat_range_z_trans,0.2610489541292191,0.002105176410506696,0.018050893776397653,0.25340594394889193,0.0,0.6280474420636892
Ecteninion__biome,-0.019424861650913953,-0.010666310028017996,0.029445372104842923,NA,NA,NA
Ecteninion__mat_z_trans,-0.1856820993870497,-0.028276191449874897,0.049674159704174735,NA,NA,NA
Ecteninion__map_z_trans,-0.23553350500762463,-0.013976302612578703,0.028991864556958336,NA,NA,NA
Ecteninion__wmm_z_trans,0.013044474601047113,-0.021406653867217455,0.05400833703202456,NA,NA,NA
Ecteninion__cmm_z_trans,-0.011024692300707102,-0.018890925367277777,0.03266507633184602,NA,NA,NA
Ecteninion__wmmcmm_z_trans,0.043495754257310185,-0.0038787884373815483,0.013016551575848658,NA,NA,NA
Ecteninion__wetmon_z_trans,0.01614296598127112,-0.0037113476483096684,0.011225522789596088,NA,NA,NA
Ecteninion__drymon_z_trans,-0.00016517665120773016,-0.003734277537519003,0.007888331942758285,NA,NA,NA
Ecteninion__wetdry_z_trans,-0.01782355164119508,-0.0048654167345310835,0.008101886761099089,NA,NA,NA
Ecteninion__time,0.21166675749700517,-0.00014866564632806808,0.02070397488861076,NA,NA,NA
Edaphosaurus__lat_range_z_trans,-0.07169005965469415,-0.022291530482744754,-0.002330255050365002,1.745678110029039,0.2891034744679928,3.699982503429055
Edaphosaurus__biome,0.20528548412380496,0.007563386799524168,0.09666071176934107,NA,NA,NA
Edaphosaurus__mat_z_trans,-0.009131084804481113,-0.017524632368013403,0.03293980690685227,NA,NA,NA
Edaphosaurus__map_z_trans,-0.003137661925430406,-0.007928999649185616,0.007611813920248165,NA,NA,NA
Edaphosaurus__wmm_z_trans,0.014564341861988642,-0.004800449407650998,0.018169034459496802,NA,NA,NA
Edaphosaurus__cmm_z_trans,0.013208351588456277,-0.021542598100163575,0.0378656448454066,NA,NA,NA
Edaphosaurus__wmmcmm_z_trans,0.01304445543860263,-0.016576314003152296,0.031092884101643674,NA,NA,NA
Edaphosaurus__wetmon_z_trans,0.0020162390284870217,-0.0037133054272980516,0.004458574816432941,NA,NA,NA
Edaphosaurus__drymon_z_trans,0.010284046602159907,-0.008415769259275584,0.020978606184832483,NA,NA,NA
Edaphosaurus__wetdry_z_trans,0.01285099234886814,-0.007352145924145436,0.02341157815208986,NA,NA,NA
Edaphosaurus__time,-0.009634180486024472,-0.0048673450964239655,0.002913571358178225,NA,NA,NA
Elephantosaurus__lat_range_z_trans,0.03976713887122694,0.0017038618505581288,0.013948124704578511,1.9006688106560614,0.3185698837041855,3.8047595024108887
Elephantosaurus__biome,0.09918224075460651,-0.004226233278393617,0.05084300706942903,NA,NA,NA
Elephantosaurus__mat_z_trans,-0.0008665903596205096,-0.015447084842402245,0.022986263765262468,NA,NA,NA
Elephantosaurus__map_z_trans,0.02940533574976247,-0.007989123226007222,0.02940459167947871,NA,NA,NA
Elephantosaurus__wmm_z_trans,-0.015010496338742994,-0.02130593114437776,0.03259677223888054,NA,NA,NA
Elephantosaurus__cmm_z_trans,0.010276645658063348,-0.003991657312858491,0.010683843798956342,NA,NA,NA
Elephantosaurus__wmmcmm_z_trans,0.008454670662768175,-0.009802868970791386,0.021469255243742495,NA,NA,NA
Elephantosaurus__wetmon_z_trans,-0.005857228273004505,-0.02274824957949777,0.030026464410233288,NA,NA,NA
Elephantosaurus__drymon_z_trans,0.00668711025116009,-0.009002615046998437,0.02261117259459432,NA,NA,NA
Elephantosaurus__wetdry_z_trans,-0.012613164738246052,-0.013844491139111516,0.028319868859155186,NA,NA,NA
Elephantosaurus__time,0.018235261883764033,-0.0007953102286491943,0.010882607099846217,NA,NA,NA
Elliotsmithia__lat_range_z_trans,0.29756097198775244,0.0026803094163263723,0.01784114266092516,0.38525666867848485,0.0,0.8179978542029858
Elliotsmithia__biome,-0.0929237626707353,-0.012437947119954528,0.021181812095059805,NA,NA,NA
Elliotsmithia__mat_z_trans,0.13980765085763333,-0.01671800497460351,0.053115393221233674,NA,NA,NA
Elliotsmithia__map_z_trans,-0.07992906006251754,-0.0058499223741850705,0.008917909044912851,NA,NA,NA
Elliotsmithia__wmm_z_trans,-0.09752143667351476,-0.01994873947752611,0.04984865502074609,NA,NA,NA
Elliotsmithia__cmm_z_trans,0.02107985899775141,-0.010673328702607482,0.018284728930161014,NA,NA,NA
Elliotsmithia__wmmcmm_z_trans,-0.01733695945727991,-0.009994603804675276,0.01725470361977339,NA,NA,NA
Elliotsmithia__wetmon_z_trans,0.04163732439041351,-0.014358835146516199,0.03862870883268285,NA,NA,NA
Elliotsmithia__drymon_z_trans,0.0084744833160707,-0.0029853149759091853,0.007906530493514878,NA,NA,NA
Elliotsmithia__wetdry_z_trans,0.023333114316263014,-0.01213096622975247,0.033714028902348064,NA,NA,NA
Elliotsmithia__time,-0.06652126088009941,-0.005032349529126057,0.007078358642799345,NA,NA,NA
Elph__lat_range_z_trans,0.03525939296932993,0.0035179612914466307,0.017749494484674576,2.449608019392763,0.05882244312670082,6.187153186649084
Elph__biome,0.08058121999530383,-0.01229465832482222,0.07199398743393508,NA,NA,NA
Elph__mat_z_trans,0.019284577994032912,-0.01730371534106453,0.037302558694940056,NA,NA,NA
Elph__map_z_trans,0.0015641298958632135,-0.006861817373105127,0.008143559389427442,NA,NA,NA
Elph__wmm_z_trans,0.009212325968318252,-0.017319095106330992,0.027623089857299964,NA,NA,NA
Elph__cmm_z_trans,0.009935768002021905,-0.010305462909349803,0.02939217279332801,NA,NA,NA
Elph__wmmcmm_z_trans,0.004801968673745996,-0.012549350114277583,0.030769490061203632,NA,NA,NA
Elph__wetmon_z_trans,0.0065878675059659235,-0.016654730341717137,0.014171691294719069,NA,NA,NA
Elph__drymon_z_trans,0.0022374110752612065,-0.004653521431245212,0.005686256894234313,NA,NA,NA
Elph__wetdry_z_trans,0.011951223227342296,-0.007772105303490363,0.02801258876032409,NA,NA,NA
Elph__time,-0.0037549611854479875,-0.005253207964573168,0.002927081800070887,NA,NA,NA
Emydochampsa__lat_range_z_trans,0.10630244411956306,0.005541793351035345,0.025556839793606526,0.8162636877829209,0.3267882652580738,1.26636281888932
Emydochampsa__biome,-0.08144997939437067,-0.02238941619035962,0.013211999527308596,NA,NA,NA
Emydochampsa__mat_z_trans,0.05024807096569905,-0.014665872106461659,0.04845606652786311,NA,NA,NA
Emydochampsa__map_z_trans,0.014127089199566711,-0.0033288118322083522,0.011338642720272012,NA,NA,NA
Emydochampsa__wmm_z_trans,0.028432957382514612,-0.007810071629262089,0.024965079143215677,NA,NA,NA
Emydochampsa__cmm_z_trans,0.010971157951899601,-0.02453591309517093,0.06076142259219863,NA,NA,NA
Emydochampsa__wmmcmm_z_trans,0.03635612440829354,-0.021220881389230273,0.04874099917636401,NA,NA,NA
Emydochampsa__wetmon_z_trans,0.006350100434286699,-0.005788997897396187,0.012736758718978081,NA,NA,NA
Emydochampsa__drymon_z_trans,0.0016098662375157915,-0.0046655773912901944,0.006930018199624764,NA,NA,NA
Emydochampsa__wetdry_z_trans,0.007759172025916918,-0.005677233101929891,0.014667299518589577,NA,NA,NA
Emydochampsa__time,-0.0030460792091478324,-0.002908721636255669,0.006406845546136131,NA,NA,NA
Emydops__lat_range_z_trans,-0.7801278841495514,-0.04264403677458108,-0.04370396209659784,0.19860902543030534,0.0,0.4869664992838807
Emydops__biome,0.19572388460859658,-0.004713738860939771,0.05025099032259715,NA,NA,NA
Emydops__mat_z_trans,0.15293003399779992,-0.009264424824522907,0.05222661792903233,NA,NA,NA
Emydops__map_z_trans,0.09088601057213964,-0.0018156657584946564,0.035946912308821355,NA,NA,NA
Emydops__wmm_z_trans,0.09481024421635084,-0.0048551519555533156,0.02307335693184407,NA,NA,NA
Emydops__cmm_z_trans,0.06606777790468187,-0.016828999242789345,0.06629033394764035,NA,NA,NA
Emydops__wmmcmm_z_trans,0.09130601383454633,-0.010936894877548741,0.04822170946195837,NA,NA,NA
Emydops__wetmon_z_trans,0.02848371407482773,-0.006174935930074224,0.01656132912803506,NA,NA,NA
Emydops__drymon_z_trans,0.01917070605501067,-0.0026456698597463,0.007257833881304089,NA,NA,NA
Emydops__wetdry_z_trans,0.04943420165393036,-0.0066621361094973,0.013503959170795549,NA,NA,NA
Emydops__time,0.012263398540235358,-0.0009080487247818653,0.004142890478726621,NA,NA,NA
Emydorhinus__lat_range_z_trans,0.10555823663851648,0.0048529842091311,0.022892836532433448,0.8164928841532674,0.30147216748446226,1.3301963824778795
Emydorhinus__biome,-0.07918722202161795,-0.019395924172787748,0.01825955832029641,NA,NA,NA
Emydorhinus__mat_z_trans,0.049066568424715615,-0.012842998870121667,0.041981054909037224,NA,NA,NA
Emydorhinus__map_z_trans,0.03550749914729346,-0.0029150620085568154,0.03612602489751934,NA,NA,NA
Emydorhinus__wmm_z_trans,0.026972043683424915,-0.009507827268929911,0.01751636886572875,NA,NA,NA
Emydorhinus__cmm_z_trans,0.00881901642759119,-0.02148625747389729,0.052642090061675424,NA,NA,NA
Emydorhinus__wmmcmm_z_trans,0.03225204597996784,-0.018583262810862207,0.042227913022359634,NA,NA,NA
Emydorhinus__wetmon_z_trans,-0.008088231171268789,-0.01421350731944811,0.013354490752037367,NA,NA,NA
Emydorhinus__drymon_z_trans,-0.0031654608380406878,-0.004047245118003453,0.007690635531791578,NA,NA,NA
Emydorhinus__wetdry_z_trans,0.009989183035954868,-0.006763415772725544,0.015530276980795519,NA,NA,NA
Emydorhinus__time,-6.275518479948602e-05,-0.0025471863123278536,0.005550721590482404,NA,NA,NA
Emydorhynchus__lat_range_z_trans,0.10630244411956306,0.005541793351035345,0.025556839793606526,0.8162636877829209,0.3267882652580738,1.26636281888932
Emydorhynchus__biome,-0.08144997939437067,-0.02238941619035962,0.013211999527308596,NA,NA,NA
Emydorhynchus__mat_z_trans,0.05024807096569905,-0.014665872106461659,0.04845606652786311,NA,NA,NA
Emydorhynchus__map_z_trans,0.014127089199566711,-0.0033288118322083522,0.011338642720272012,NA,NA,NA
Emydorhynchus__wmm_z_trans,0.028432957382514612,-0.007810071629262089,0.024965079143215677,NA,NA,NA
Emydorhynchus__cmm_z_trans,0.010971157951899601,-0.02453591309517093,0.06076142259219863,NA,NA,NA
Emydorhynchus__wmmcmm_z_trans,0.03635612440829354,-0.021220881389230273,0.04874099917636401,NA,NA,NA
Emydorhynchus__wetmon_z_trans,0.006350100434286699,-0.005788997897396187,0.012736758718978081,NA,NA,NA
Emydorhynchus__drymon_z_trans,0.0016098662375157915,-0.0046655773912901944,0.006930018199624764,NA,NA,NA
Emydorhynchus__wetdry_z_trans,0.007759172025916918,-0.005677233101929891,0.014667299518589577,NA,NA,NA
Emydorhynchus__time,-0.0030460792091478324,-0.002908721636255669,0.006406845546136131,NA,NA,NA
Emyduranus__lat_range_z_trans,0.10630244411956306,0.005541793351035345,0.025556839793606526,0.8162636877829209,0.3267882652580738,1.26636281888932
Emyduranus__biome,-0.08144997939437067,-0.02238941619035962,0.013211999527308596,NA,NA,NA
Emyduranus__mat_z_trans,0.05024807096569905,-0.014665872106461659,0.04845606652786311,NA,NA,NA
Emyduranus__map_z_trans,0.014127089199566711,-0.0033288118322083522,0.011338642720272012,NA,NA,NA
Emyduranus__wmm_z_trans,0.028432957382514612,-0.007810071629262089,0.024965079143215677,NA,NA,NA
Emyduranus__cmm_z_trans,0.010971157951899601,-0.02453591309517093,0.06076142259219863,NA,NA,NA
Emyduranus__wmmcmm_z_trans,0.03635612440829354,-0.021220881389230273,0.04874099917636401,NA,NA,NA
Emyduranus__wetmon_z_trans,0.006350100434286699,-0.005788997897396187,0.012736758718978081,NA,NA,NA
Emyduranus__drymon_z_trans,0.0016098662375157915,-0.0046655773912901944,0.006930018199624764,NA,NA,NA
Emyduranus__wetdry_z_trans,0.007759172025916918,-0.005677233101929891,0.014667299518589577,NA,NA,NA
Emyduranus__time,-0.0030460792091478324,-0.002908721636255669,0.006406845546136131,NA,NA,NA
Endothiodon__lat_range_z_trans,-0.6385350143536925,-0.04174442366546375,0.005506839034168838,0.22601801895682003,0.0,1.7283382564783096
Endothiodon__biome,-0.08573950845748186,-0.02817772219834253,0.0418303167712978,NA,NA,NA
Endothiodon__mat_z_trans,0.1628047324086947,-0.002747401785546698,0.026715526801454795,NA,NA,NA
Endothiodon__map_z_trans,0.13322304405737667,-0.0018766159591932972,0.04444223555155591,NA,NA,NA
Endothiodon__wmm_z_trans,0.10699449723004363,-0.0018995611318073033,0.017909246715638292,NA,NA,NA
Endothiodon__cmm_z_trans,0.07917400739504955,-0.009937064435715801,0.025276293682346344,NA,NA,NA
Endothiodon__wmmcmm_z_trans,0.08155943546211347,-0.005375085262260583,0.025453057129679935,NA,NA,NA
Endothiodon__wetmon_z_trans,0.10206474921433255,-0.007528087729464516,0.03479522998295806,NA,NA,NA
Endothiodon__drymon_z_trans,0.052283160225342726,-0.001597144019311788,0.02561596173332493,NA,NA,NA
Endothiodon__wetdry_z_trans,0.04221062262076884,-0.004902912252089544,0.02339894739656601,NA,NA,NA
Endothiodon__time,0.01231736903253477,-0.0016636844793337,0.002828316665166209,NA,NA,NA
Ennatosaurus__lat_range_z_trans,-0.08512396434543766,-0.034848811539631,0.011560407180258305,1.4660046692811375,0.0,4.753551602363586
Ennatosaurus__biome,0.18040793601353333,-0.0039060276995858405,0.12395817201804109,NA,NA,NA
Ennatosaurus__mat_z_trans,0.03427352643708437,-0.009764498425108372,0.029621878976236728,NA,NA,NA
Ennatosaurus__map_z_trans,-0.004372202601525242,-0.005362824404020929,0.00720905477780158,NA,NA,NA
Ennatosaurus__wmm_z_trans,0.023162049652050334,-0.011948946349903124,0.028199926324287902,NA,NA,NA
Ennatosaurus__cmm_z_trans,0.010222458763996842,-0.006469612426096134,0.012912115720254315,NA,NA,NA
Ennatosaurus__wmmcmm_z_trans,0.0061032983552710045,-0.003926558955338175,0.01089894219491207,NA,NA,NA
Ennatosaurus__wetmon_z_trans,0.005845223109373496,-0.012362141322494849,0.02202114345878064,NA,NA,NA
Ennatosaurus__drymon_z_trans,0.002118331525059553,-0.0058983100899961775,0.008847645970160016,NA,NA,NA
Ennatosaurus__wetdry_z_trans,0.010966530441319296,-0.009441023686214058,0.01497547822871798,NA,NA,NA
Ennatosaurus__time,-0.00594226322898785,-0.003520948020140849,0.0035672066147064523,NA,NA,NA
Eodicynodon__lat_range_z_trans,0.21804194893830559,0.0015478776355149733,0.013514806021113776,0.41961898492707406,0.0,1.0176385343074799
Eodicynodon__biome,0.05101238602212754,-0.01100560406156756,0.0240008046609114,NA,NA,NA
Eodicynodon__mat_z_trans,-0.018764398554605335,-0.013357118003142689,0.04394314281690767,NA,NA,NA
Eodicynodon__map_z_trans,-0.12360382558927988,-0.007909487350805612,0.011234635263547612,NA,NA,NA
Eodicynodon__wmm_z_trans,0.02185685260763198,-0.015892720066285802,0.03311602402465321,NA,NA,NA
Eodicynodon__cmm_z_trans,0.028375993656517915,-0.017807217098349166,0.041824143970430765,NA,NA,NA
Eodicynodon__wmmcmm_z_trans,-0.014420035351784856,-0.010491266902289968,0.031516693273029195,NA,NA,NA
Eodicynodon__wetmon_z_trans,0.019919095323023137,-0.009664576506227042,0.025127220156813606,NA,NA,NA
Eodicynodon__drymon_z_trans,0.10525431443554976,-0.005957133717134509,0.02670097580515529,NA,NA,NA
Eodicynodon__wetdry_z_trans,-0.04494152363700961,-0.012891780541726648,0.017212514252153723,NA,NA,NA
Eodicynodon__time,-0.06506988372873869,-0.004020676306515482,0.0055810112194408495,NA,NA,NA
Eoraetia__lat_range_z_trans,0.07232952873521406,0.0008821184838589941,0.009707502664725783,0.9197942853637505,0.11157451197504997,2.163332663476467
Eoraetia__biome,0.05805779902118898,-0.009235571010711735,0.0333593334394407,NA,NA,NA
Eoraetia__mat_z_trans,-0.07057289324093086,-0.01813452782969671,0.020241411803757558,NA,NA,NA
Eoraetia__map_z_trans,-0.14556870717059622,-0.01858619018150808,0.019395616851473216,NA,NA,NA
Eoraetia__wmm_z_trans,-0.02524711301794414,-0.009171403751622887,0.023514045216557818,NA,NA,NA
Eoraetia__cmm_z_trans,0.004149299948103026,-0.010323552837472012,0.02541458213871109,NA,NA,NA
Eoraetia__wmmcmm_z_trans,-0.00922795653977487,-0.006318504859498102,0.013649945347720226,NA,NA,NA
Eoraetia__wetmon_z_trans,0.07908740065086761,-0.012870186318601082,0.04576954909464102,NA,NA,NA
Eoraetia__drymon_z_trans,0.03819171568663925,-0.007434295943620054,0.018980048603023325,NA,NA,NA
Eoraetia__wetdry_z_trans,0.07574639240179923,-0.014827562712803725,0.04192465447516313,NA,NA,NA
Eoraetia__time,0.10071545764717142,-0.0014300259568541206,0.02181528182894324,NA,NA,NA
Eosimops__lat_range_z_trans,-0.07002411327819573,-0.003280097182605317,0.002756588148884919,0.21133702706516488,0.0,0.6733585502952337
Eosimops__biome,-0.3637838981114328,-0.019148623532160756,0.023112965426721407,NA,NA,NA
Eosimops__mat_z_trans,0.14589140620548277,-0.013906784049553363,0.048900831765546805,NA,NA,NA
Eosimops__map_z_trans,0.06684830802725628,-0.0033041206392874396,0.014876684562068837,NA,NA,NA
Eosimops__wmm_z_trans,0.11513564619701355,-0.0037284301241453923,0.02958527684606555,NA,NA,NA
Eosimops__cmm_z_trans,0.027141427164897324,-0.025435478438091724,0.04910079001344851,NA,NA,NA
Eosimops__wmmcmm_z_trans,0.07523104690015316,-0.013926041521293526,0.05910759472161782,NA,NA,NA
Eosimops__wetmon_z_trans,-0.01206460946938023,-0.012899892343787576,0.014283891672976903,NA,NA,NA
Eosimops__drymon_z_trans,0.034558238160097975,-0.0035832239177104306,0.008817409522616905,NA,NA,NA
Eosimops__wetdry_z_trans,-0.0031620024575386195,-0.006394181390762489,0.01574786672411873,NA,NA,NA
Eosimops__time,0.017904653605073692,-0.001842829779131506,0.0074820720600907425,NA,NA,NA
Eothyris__lat_range_z_trans,0.03171637528892614,0.0017117956555002798,0.00935998462175371,1.9264047852525255,0.7457835227251053,3.2531826980412006
Eothyris__biome,0.17827036768990154,1.1823265214437844e-05,0.07797030649523275,NA,NA,NA
Eothyris__mat_z_trans,-0.03441135280329652,-0.0244950985238394,0.03355234986033011,NA,NA,NA
Eothyris__map_z_trans,0.0426323393330923,-0.005023970179974749,0.026649797577717085,NA,NA,NA
Eothyris__wmm_z_trans,0.004914283073807207,-0.002081036525879692,0.00659751539299711,NA,NA,NA
Eothyris__cmm_z_trans,-0.00405188585816012,-0.02107156820597452,0.039090196859505724,NA,NA,NA
Eothyris__wmmcmm_z_trans,0.003132239341695214,-0.017759474536503,0.027161547599456423,NA,NA,NA
Eothyris__wetmon_z_trans,-0.005233076428287194,-0.009338017169244863,0.013487638954923001,NA,NA,NA
Eothyris__drymon_z_trans,-0.01141914524284833,-0.016077268840620607,0.027303867340250233,NA,NA,NA
Eothyris__wetdry_z_trans,0.005128843258741597,-0.003763391889533496,0.009299726071448544,NA,NA,NA
Eothyris__time,-0.03301806353183438,-0.0095634959676739,0.0032990406905424067,NA,NA,NA
Eozostrodon__lat_range_z_trans,0.08149764683291286,0.001008156315049248,0.009696614232948512,0.8234981358901132,0.11157451197504997,1.678474247455597
Eozostrodon__biome,0.058215868224403,-0.009629074667264427,0.031009782220437453,NA,NA,NA
Eozostrodon__mat_z_trans,-0.08105830990804724,-0.01453106969551663,0.027159421219382234,NA,NA,NA
Eozostrodon__map_z_trans,-0.17968551332042915,-0.019378099397443338,0.019373861735027795,NA,NA,NA
Eozostrodon__wmm_z_trans,-0.029450766661548437,-0.009448597321933296,0.019166167778225295,NA,NA,NA
Eozostrodon__cmm_z_trans,-0.0014461748774773412,-0.01076341256952848,0.025386075842774577,NA,NA,NA
Eozostrodon__wmmcmm_z_trans,-0.010156771649724365,-0.0065877199154242266,0.013634634870472336,NA,NA,NA
Eozostrodon__wetmon_z_trans,0.09381542824901372,-0.013418551478807205,0.04571821162608648,NA,NA,NA
Eozostrodon__drymon_z_trans,0.045002314653175474,-0.0077510519551667505,0.018958759609192372,NA,NA,NA
Eozostrodon__wetdry_z_trans,0.08639272350379017,-0.015459326589502343,0.04187762963717909,NA,NA,NA
Eozostrodon__time,0.1145344790756688,-0.0014909556429920643,0.02179081269243097,NA,NA,NA
Ericiolacerta__lat_range_z_trans,-0.5160400155408101,-0.052929589987461695,-0.009897419693967738,0.6085274507094574,0.0,2.094535290263593
Ericiolacerta__biome,0.3734943636502658,-0.015043411896079455,0.13985640734427918,NA,NA,NA
Ericiolacerta__mat_z_trans,0.05835495968719476,-0.0027061353037981977,0.018694268441963976,NA,NA,NA
Ericiolacerta__map_z_trans,0.09204931215407945,-0.0044446369557209885,0.028795989912284457,NA,NA,NA
Ericiolacerta__wmm_z_trans,0.027847564303922635,-0.002981651866290837,0.010678561948332931,NA,NA,NA
Ericiolacerta__cmm_z_trans,0.031822643362042415,-0.0027516154639620973,0.013038069149040434,NA,NA,NA
Ericiolacerta__wmmcmm_z_trans,0.011389747016886553,-0.0024275884955193834,0.006582323443908403,NA,NA,NA
Ericiolacerta__wetmon_z_trans,0.029771586943906286,-0.009663438801437753,0.025957771177270023,NA,NA,NA
Ericiolacerta__drymon_z_trans,0.032112062822731914,-0.0038648371013292244,0.013517963515667303,NA,NA,NA
Ericiolacerta__wetdry_z_trans,0.014421388731648603,-0.009695919717541891,0.022386594875774688,NA,NA,NA
Ericiolacerta__time,0.022437310989869185,-0.0009408773293879894,0.004161441349603465,NA,NA,NA
Eriphostoma__lat_range_z_trans,-0.318128599391611,-0.010882311219964844,-0.014782572252189074,0.0,0.0,0.33189657330513
Eriphostoma__biome,-0.28445251756758033,-0.023270222220245038,0.0171069737483188,NA,NA,NA
Eriphostoma__mat_z_trans,0.09758190463657171,-0.014494481076041673,0.055374413151489006,NA,NA,NA
Eriphostoma__map_z_trans,0.07873093340514245,-0.004144141832534711,0.019494049658127118,NA,NA,NA
Eriphostoma__wmm_z_trans,0.09374818296833864,-0.005409246715768765,0.02152740163812066,NA,NA,NA
Eriphostoma__cmm_z_trans,0.03148753993941958,-0.01936163366986952,0.07035435803162178,NA,NA,NA
Eriphostoma__wmmcmm_z_trans,0.06724979893548834,-0.015412617488362621,0.04958613508709971,NA,NA,NA
Eriphostoma__wetmon_z_trans,-0.006050933075535168,-0.006006491537270248,0.017315517284975806,NA,NA,NA
Eriphostoma__drymon_z_trans,0.019197200740129355,-0.0019847394876718123,0.010024458686437782,NA,NA,NA
Eriphostoma__wetdry_z_trans,0.015544648588637189,-0.005196269667712317,0.01990075665794846,NA,NA,NA
Eriphostoma__time,0.027430916699261683,-0.001287548003087968,0.007870479772207046,NA,NA,NA
Estemmenosuchus__lat_range_z_trans,-0.41741109892725947,-0.00898119996866109,-0.008734767874512614,0.2872977646794152,0.0,0.7581398729234934
Estemmenosuchus__biome,0.43794109374284745,-0.01197751123880611,0.049320307731675395,NA,NA,NA
Estemmenosuchus__mat_z_trans,0.14397550826892258,-0.016354644371513596,0.04325188553398765,NA,NA,NA
Estemmenosuchus__map_z_trans,-0.04770076449669432,-0.00596615774880595,0.007648686742216369,NA,NA,NA
Estemmenosuchus__wmm_z_trans,-0.02228163286112249,-0.01144135389579001,0.0399110534936609,NA,NA,NA
Estemmenosuchus__cmm_z_trans,0.016092928028665483,-0.013582398368254698,0.032583796524851265,NA,NA,NA
Estemmenosuchus__wmmcmm_z_trans,-0.018892948552966117,-0.008083080574588572,0.04100256545190659,NA,NA,NA
Estemmenosuchus__wetmon_z_trans,0.015135962050408125,-0.010031485993472937,0.02271339409685346,NA,NA,NA
Estemmenosuchus__drymon_z_trans,0.03424506433533679,-0.0033712363973783114,0.022254945154922958,NA,NA,NA
Estemmenosuchus__wetdry_z_trans,-0.013415610456186187,-0.015010874508729411,0.019752643456993763,NA,NA,NA
Estemmenosuchus__time,-0.01805166057427414,-0.0026497598525288203,0.004067461151601334,NA,NA,NA
Etjoia__lat_range_z_trans,0.09353903473906147,0.004186832871574037,0.020742910258677704,0.8460123091540299,0.29340557754039764,1.8254386726766825
Etjoia__biome,-0.028662851574371016,-0.016853763166670754,0.023837188604596476,NA,NA,NA
Etjoia__mat_z_trans,0.021233049199200302,-0.0074996798491110085,0.021794324419231046,NA,NA,NA
Etjoia__map_z_trans,0.04613124120925498,-0.004201735343146897,0.02149922325601002,NA,NA,NA
Etjoia__wmm_z_trans,0.016159348545139167,-0.004969692012913659,0.019407316169145643,NA,NA,NA
Etjoia__cmm_z_trans,0.021582244029422264,-0.00853080293315353,0.022052813659406378,NA,NA,NA
Etjoia__wmmcmm_z_trans,0.003756015578559732,-0.005688488796809265,0.014909934632481471,NA,NA,NA
Etjoia__wetmon_z_trans,-0.02348997091152598,-0.02592262813396811,0.0371743866389501,NA,NA,NA
Etjoia__drymon_z_trans,0.02296461102207904,-0.009533091720114973,0.029049664367540425,NA,NA,NA
Etjoia__wetdry_z_trans,-0.030319642204624277,-0.027974782071816952,0.050813954140744244,NA,NA,NA
Etjoia__time,0.03476784448954179,-0.00046187176239840275,0.012490255317373617,NA,NA,NA
Eubrachiosaurus__lat_range_z_trans,0.07595681989439851,0.0015802395682666217,0.0101209544953352,0.907412807145738,0.0,2.176952414214611
Eubrachiosaurus__biome,0.27284200545772797,-0.00847969213857147,0.07644408882241444,NA,NA,NA
Eubrachiosaurus__mat_z_trans,-0.0776893071715339,-0.019097876206706433,0.02183694079227095,NA,NA,NA
Eubrachiosaurus__map_z_trans,-0.10689381960905515,-0.027416956407274793,0.022283928065461988,NA,NA,NA
Eubrachiosaurus__wmm_z_trans,-0.042386878088245795,-0.015813723260046767,0.02982097668336942,NA,NA,NA
Eubrachiosaurus__cmm_z_trans,-0.015383179171864136,-0.012880122239695552,0.02864883491385649,NA,NA,NA
Eubrachiosaurus__wmmcmm_z_trans,-0.007690865493326572,-0.006803109692510652,0.013279451285071839,NA,NA,NA
Eubrachiosaurus__wetmon_z_trans,0.004074283940912484,-0.007308576712615342,0.02287147220920154,NA,NA,NA
Eubrachiosaurus__drymon_z_trans,0.012472825006212605,-0.004497737568792005,0.023901367339839073,NA,NA,NA
Eubrachiosaurus__wetdry_z_trans,-0.0013053404835512356,-0.006135348391327064,0.010162903802849382,NA,NA,NA
Eubrachiosaurus__time,0.06366437984006271,-0.0005967998692560563,0.01440105305448678,NA,NA,NA
Euchambersia__lat_range_z_trans,0.10630244411956306,0.005541793351035345,0.025556839793606526,0.8162636877829209,0.3267882652580738,1.26636281888932
Euchambersia__biome,-0.08144997939437067,-0.02238941619035962,0.013211999527308596,NA,NA,NA
Euchambersia__mat_z_trans,0.05024807096569905,-0.014665872106461659,0.04845606652786311,NA,NA,NA
Euchambersia__map_z_trans,0.014127089199566711,-0.0033288118322083522,0.011338642720272012,NA,NA,NA
Euchambersia__wmm_z_trans,0.028432957382514612,-0.007810071629262089,0.024965079143215677,NA,NA,NA
Euchambersia__cmm_z_trans,0.010971157951899601,-0.02453591309517093,0.06076142259219863,NA,NA,NA
Euchambersia__wmmcmm_z_trans,0.03635612440829354,-0.021220881389230273,0.04874099917636401,NA,NA,NA
Euchambersia__wetmon_z_trans,0.006350100434286699,-0.005788997897396187,0.012736758718978081,NA,NA,NA
Euchambersia__drymon_z_trans,0.0016098662375157915,-0.0046655773912901944,0.006930018199624764,NA,NA,NA
Euchambersia__wetdry_z_trans,0.007759172025916918,-0.005677233101929891,0.014667299518589577,NA,NA,NA
Euchambersia__time,-0.0030460792091478324,-0.002908721636255669,0.006406845546136131,NA,NA,NA
Euptychognathus__lat_range_z_trans,0.10630244411956306,0.005541793351035345,0.025556839793606526,0.8162636877829209,0.3267882652580738,1.26636281888932
Euptychognathus__biome,-0.08144997939437067,-0.02238941619035962,0.013211999527308596,NA,NA,NA
Euptychognathus__mat_z_trans,0.05024807096569905,-0.014665872106461659,0.04845606652786311,NA,NA,NA
Euptychognathus__map_z_trans,0.014127089199566711,-0.0033288118322083522,0.011338642720272012,NA,NA,NA
Euptychognathus__wmm_z_trans,0.028432957382514612,-0.007810071629262089,0.024965079143215677,NA,NA,NA
Euptychognathus__cmm_z_trans,0.010971157951899601,-0.02453591309517093,0.06076142259219863,NA,NA,NA
Euptychognathus__wmmcmm_z_trans,0.03635612440829354,-0.021220881389230273,0.04874099917636401,NA,NA,NA
Euptychognathus__wetmon_z_trans,0.006350100434286699,-0.005788997897396187,0.012736758718978081,NA,NA,NA
Euptychognathus__drymon_z_trans,0.0016098662375157915,-0.0046655773912901944,0.006930018199624764,NA,NA,NA
Euptychognathus__wetdry_z_trans,0.007759172025916918,-0.005677233101929891,0.014667299518589577,NA,NA,NA
Euptychognathus__time,-0.0030460792091478324,-0.002908721636255669,0.006406845546136131,NA,NA,NA
Euromycter__lat_range_z_trans,0.022597855593143184,0.001536897174502803,0.010112201609789975,2.7581318912573622,0.6461013788357377,4.840792680392042
Euromycter__biome,0.14024978863822354,1.2395587559978289e-05,0.07491852264064099,NA,NA,NA
Euromycter__mat_z_trans,-0.016572559213025678,-0.027362154417315845,0.030157822074749444,NA,NA,NA
Euromycter__map_z_trans,0.014518152399328113,-0.003769839550149667,0.01573598150506812,NA,NA,NA
Euromycter__wmm_z_trans,0.004475924937652186,-0.0025729706288385337,0.005923409660520253,NA,NA,NA
Euromycter__cmm_z_trans,0.005709647043166336,-0.0246295485241818,0.03883839471606959,NA,NA,NA
Euromycter__wmmcmm_z_trans,0.008943392453866583,-0.014533574986955133,0.03248214376288156,NA,NA,NA
Euromycter__wetmon_z_trans,0.003302650047033764,-0.004079824522187896,0.009046628794283,NA,NA,NA
Euromycter__drymon_z_trans,-0.00047011287982027167,-0.014637526261323322,0.02996969772102292,NA,NA,NA
Euromycter__wetdry_z_trans,0.015196237983087809,-0.010336995314300592,0.02095108994203412,NA,NA,NA
Euromycter__time,-0.02029005288091811,-0.0070765614753395024,0.005636079037097113,NA,NA,NA
Exaeretodon__lat_range_z_trans,-0.9034518940746784,-0.029053314776668174,-0.004496835843592749,0.09295880862919148,0.0,0.8979944637976587
Exaeretodon__biome,-0.2563213629974052,-0.01626494383541839,0.03493660325096955,NA,NA,NA
Exaeretodon__mat_z_trans,-0.031562079467112196,-0.010551105259713402,0.027403434956613907,NA,NA,NA
Exaeretodon__map_z_trans,-0.031108816657215356,-0.011874354148150697,0.022842648398091785,NA,NA,NA
Exaeretodon__wmm_z_trans,0.03599497762974352,-0.006497165477679785,0.020234985381390912,NA,NA,NA
Exaeretodon__cmm_z_trans,0.11337014702701709,-0.007062679263839949,0.02669674160101311,NA,NA,NA
Exaeretodon__wmmcmm_z_trans,0.02218489345163107,-0.003520112816049446,0.014726383380411441,NA,NA,NA
Exaeretodon__wetmon_z_trans,0.2635408917325549,-0.009226089967248458,0.045413698190011856,NA,NA,NA
Exaeretodon__drymon_z_trans,0.12246027608402073,-0.004611554869783071,0.020429138990218924,NA,NA,NA
Exaeretodon__wetdry_z_trans,0.330325259687379,-0.006119792252123026,0.04744379799221025,NA,NA,NA
Exaeretodon__time,0.24986559209151893,-0.002668590251855106,0.01814137516681814,NA,NA,NA
Fluctuodon__lat_range_z_trans,0.08149764683291286,0.001008156315049248,0.009696614232948512,0.8234981358901132,0.11157451197504997,1.678474247455597
Fluctuodon__biome,0.058215868224403,-0.009629074667264427,0.031009782220437453,NA,NA,NA
Fluctuodon__mat_z_trans,-0.08105830990804724,-0.01453106969551663,0.027159421219382234,NA,NA,NA
Fluctuodon__map_z_trans,-0.17968551332042915,-0.019378099397443338,0.019373861735027795,NA,NA,NA
Fluctuodon__wmm_z_trans,-0.029450766661548437,-0.009448597321933296,0.019166167778225295,NA,NA,NA
Fluctuodon__cmm_z_trans,-0.0014461748774773412,-0.01076341256952848,0.025386075842774577,NA,NA,NA
Fluctuodon__wmmcmm_z_trans,-0.010156771649724365,-0.0065877199154242266,0.013634634870472336,NA,NA,NA
Fluctuodon__wetmon_z_trans,0.09381542824901372,-0.013418551478807205,0.04571821162608648,NA,NA,NA
Fluctuodon__drymon_z_trans,0.045002314653175474,-0.0077510519551667505,0.018958759609192372,NA,NA,NA
Fluctuodon__wetdry_z_trans,0.08639272350379017,-0.015459326589502343,0.04187762963717909,NA,NA,NA
Fluctuodon__time,0.1145344790756688,-0.0014909556429920643,0.02179081269243097,NA,NA,NA
Galechirus__lat_range_z_trans,0.3074559758208279,0.002593204957976861,0.017456135934355292,0.3781438240746502,0.0,0.7883404074236751
Galechirus__biome,-0.07678048440022393,-0.011250714502376163,0.02101042776745358,NA,NA,NA
Galechirus__mat_z_trans,0.13583731739703125,-0.016337289871900182,0.05268563084245758,NA,NA,NA
Galechirus__map_z_trans,-0.09161738299058023,-0.006397076900708188,0.008845753280408063,NA,NA,NA
Galechirus__wmm_z_trans,-0.081419604388906,-0.019494451635733646,0.05489830639723814,NA,NA,NA
Galechirus__cmm_z_trans,0.010147013149634126,-0.009210697922208794,0.01813678521509574,NA,NA,NA
Galechirus__wmmcmm_z_trans,-0.02881543675521224,-0.009032621936060983,0.017115093950654987,NA,NA,NA
Galechirus__wetmon_z_trans,0.05412104135060112,-0.014031844850376769,0.03831615978070019,NA,NA,NA
Galechirus__drymon_z_trans,0.008337044682019979,-0.002917331116628033,0.008984197734408356,NA,NA,NA
Galechirus__wetdry_z_trans,0.015435311391564767,-0.016278619685717078,0.02952658172949708,NA,NA,NA
Galechirus__time,-0.0750398711350193,-0.005092259454796531,0.0067968988318880905,NA,NA,NA
Galeops__lat_range_z_trans,-0.32377460873446734,-0.009271021794194135,-0.011072265018213134,0.0,0.0,0.3625793159008026
Galeops__biome,-0.2945845043728175,-0.018370799081337204,0.019271868956837388,NA,NA,NA
Galeops__mat_z_trans,0.11230844845019847,-0.009724576860799502,0.0478440952044111,NA,NA,NA
Galeops__map_z_trans,0.10440753848438637,-0.0027776795477378155,0.04382748309110508,NA,NA,NA
Galeops__wmm_z_trans,0.08781552335280138,-0.003714569555911059,0.021271024908027944,NA,NA,NA
Galeops__cmm_z_trans,0.017615150257755455,-0.021897231240596764,0.04385452077771461,NA,NA,NA
Galeops__wmmcmm_z_trans,0.07400834301878956,-0.013130548258722669,0.04132519015116662,NA,NA,NA
Galeops__wetmon_z_trans,0.017501978968268182,-0.007029553409428768,0.037082254618629455,NA,NA,NA
Galeops__drymon_z_trans,0.003750052535640309,-0.007408724798483695,0.009482630474229996,NA,NA,NA
Galeops__wetdry_z_trans,-0.007565941208132818,-0.013028091165080314,0.01421630322985679,NA,NA,NA
Galeops__time,0.030857095125840464,-0.0010969072062375967,0.006668865070391259,NA,NA,NA
Galepus__lat_range_z_trans,0.3459208354353905,0.002584644147822486,0.017766109025989553,0.3544567827926949,0.0,0.6580590158700943
Galepus__biome,-0.08418503560125828,-0.01121357311458896,0.021383515332543995,NA,NA,NA
Galepus__mat_z_trans,0.17023309724405408,-0.016283356442303686,0.05362118312839027,NA,NA,NA
Galepus__map_z_trans,-0.11042009759694338,-0.006375958569616987,0.009002829594574796,NA,NA,NA
Galepus__wmm_z_trans,-0.09881118278950453,-0.019430095635254857,0.05587314973160665,NA,NA,NA
Galepus__cmm_z_trans,0.027294258263427764,-0.008803056343470303,0.018458844770920198,NA,NA,NA
Galepus__wmmcmm_z_trans,-0.0509922760236077,-0.00973475582154454,0.0121611021857041,NA,NA,NA
Galepus__wetmon_z_trans,0.035542624279623854,-0.013985522264300335,0.03899654967634719,NA,NA,NA
Galepus__drymon_z_trans,0.0129802770819515,-0.0029077002859564816,0.009540202078020822,NA,NA,NA
Galepus__wetdry_z_trans,0.01773324312409386,-0.016224879940898215,0.03005089282895816,NA,NA,NA
Galepus__time,-0.08849988474627025,-0.005075448648417639,0.006917593111101347,NA,NA,NA
Galesaurus__lat_range_z_trans,-0.41239229500293734,-0.011008576446856808,-0.009353070821783145,0.1203092750122596,0.0,0.4774516820907593
Galesaurus__biome,-0.39120710276067255,-0.018734438374709256,0.01635912117298641,NA,NA,NA
Galesaurus__mat_z_trans,0.12567190891131758,-0.006136682350475667,0.025250394741415872,NA,NA,NA
Galesaurus__map_z_trans,0.4114418515749276,-0.005830280996099271,0.0673858227827733,NA,NA,NA
Galesaurus__wmm_z_trans,0.09759397136978805,-0.005134830131350786,0.0249265561440242,NA,NA,NA
Galesaurus__cmm_z_trans,0.06297052579000592,-0.006171104217019302,0.015650134122349252,NA,NA,NA
Galesaurus__wmmcmm_z_trans,0.027979891236900586,-0.0024832542083846245,0.010066797956981573,NA,NA,NA
Galesaurus__wetmon_z_trans,-0.0788337555155158,-0.025470771896006685,0.050704409024905514,NA,NA,NA
Galesaurus__drymon_z_trans,0.09994397878879681,-0.006891877280945169,0.029693729089507594,NA,NA,NA
Galesaurus__wetdry_z_trans,-0.07703386882785708,-0.019353952298395753,0.036606359211159296,NA,NA,NA
Galesaurus__time,0.07651324532576836,-0.00023393471828618947,0.006481718039837229,NA,NA,NA
Gaumia__lat_range_z_trans,-0.35024267447756796,-0.0068371180666090626,-0.005022142041335859,0.4261685617436888,0.0,1.2809633575379848
Gaumia__biome,0.3456323132367632,-0.006757337392437542,0.04642392889943341,NA,NA,NA
Gaumia__mat_z_trans,-0.1569648588912987,-0.016734134513703983,0.021895612627596234,NA,NA,NA
Gaumia__map_z_trans,-0.4102397086535895,-0.020620036617653242,0.01752480673168762,NA,NA,NA
Gaumia__wmm_z_trans,-0.013721009468366364,-0.007916550918845716,0.0224342027823343,NA,NA,NA
Gaumia__cmm_z_trans,-0.008293470642744081,-0.010966948566709543,0.02706331210583946,NA,NA,NA
Gaumia__wmmcmm_z_trans,0.016598119127325558,-0.003732128206168643,0.01511485040592051,NA,NA,NA
Gaumia__wetmon_z_trans,0.20490675197177524,-0.010577000551183368,0.05086067785284303,NA,NA,NA
Gaumia__drymon_z_trans,0.11471345837026106,-0.004586009871086483,0.017893391973557073,NA,NA,NA
Gaumia__wetdry_z_trans,0.18535048726922118,-0.017649267849088802,0.039368864574516695,NA,NA,NA
Gaumia__time,0.24992151627995784,-0.001073170365043127,0.02021446555176462,NA,NA,NA
Geikia__lat_range_z_trans,-0.41416547804146336,-0.02974104192989089,-0.011960635115056054,0.0,0.0,0.4401410575956106
Geikia__biome,-0.4537982511780661,-0.035891585078862656,0.020364722267029026,NA,NA,NA
Geikia__mat_z_trans,0.11993698252647768,-0.0036312325753129664,0.029758745556850142,NA,NA,NA
Geikia__map_z_trans,0.19891783048406877,-0.004180034150610156,0.053760349157101414,NA,NA,NA
Geikia__wmm_z_trans,0.06392437660116451,-0.0025227542697038364,0.02236127174900341,NA,NA,NA
Geikia__cmm_z_trans,0.06390944704148767,-0.006605437157915218,0.030952043105144947,NA,NA,NA
Geikia__wmmcmm_z_trans,0.05914301055727298,-0.004134334078364403,0.02421017599884959,NA,NA,NA
Geikia__wetmon_z_trans,0.07624122222719945,-0.009392679417187386,0.044976633256334525,NA,NA,NA
Geikia__drymon_z_trans,0.04282319643599677,-0.003660153516795307,0.024173014277199267,NA,NA,NA
Geikia__wetdry_z_trans,0.04653689959953017,-0.006630754042731037,0.030803385997579643,NA,NA,NA
Geikia__time,0.01886983962459396,-0.0010596967011556636,0.004372265214121187,NA,NA,NA
Glanosuchus__lat_range_z_trans,-0.28791762271899907,-0.01195189109443358,-0.01211739847436827,0.0,0.0,0.2774728611111641
Glanosuchus__biome,-0.17855296533670262,-0.020616958622004414,0.015554612386124692,NA,NA,NA
Glanosuchus__mat_z_trans,0.09068782967603517,-0.018243320196025613,0.049798072872024236,NA,NA,NA
Glanosuchus__map_z_trans,0.0188717834556517,-0.0036775982811169013,0.01215190477973443,NA,NA,NA
Glanosuchus__wmm_z_trans,0.056057314342164245,-0.013653068988113326,0.05417296678825269,NA,NA,NA
Glanosuchus__cmm_z_trans,0.014987724938861078,-0.00927314943051311,0.04994488395090448,NA,NA,NA
Glanosuchus__wmmcmm_z_trans,0.04338129837642272,-0.007602585626312,0.03775719231684748,NA,NA,NA
Glanosuchus__wetmon_z_trans,0.03908156335841502,-0.010914715062860614,0.02947763214176878,NA,NA,NA
Glanosuchus__drymon_z_trans,0.018800981029102316,-0.0014988341396792973,0.007978064925118152,NA,NA,NA
Glanosuchus__wetdry_z_trans,-0.0006734845431034041,-0.00826279613232108,0.023110857712108197,NA,NA,NA
Glanosuchus__time,0.007614653300415411,-0.0017547853451495802,0.005943182065642239,NA,NA,NA
Glaucosaurus__lat_range_z_trans,0.0230813347914977,0.0017382770173222802,0.009953372375406685,2.653563035738334,0.750794380903244,5.437372706830502
Glaucosaurus__biome,0.14040623108630845,0.001121828018703614,0.07813115762243664,NA,NA,NA
Glaucosaurus__mat_z_trans,-0.017347985520105788,-0.02725606862518343,0.02923710036516897,NA,NA,NA
Glaucosaurus__map_z_trans,0.015270253191869015,-0.004763321039776831,0.018701534552505904,NA,NA,NA
Glaucosaurus__wmm_z_trans,0.004941510940987066,-0.0024484703378887932,0.006691617308849349,NA,NA,NA
Glaucosaurus__cmm_z_trans,0.004083815509578856,-0.024457516748692905,0.035848830230679765,NA,NA,NA
Glaucosaurus__wmmcmm_z_trans,0.009941933188393598,-0.013174510362174189,0.030294805435105196,NA,NA,NA
Glaucosaurus__wetmon_z_trans,-0.00047542445447845027,-0.009203637881410917,0.007395303795419463,NA,NA,NA
Glaucosaurus__drymon_z_trans,2.4814811962343562e-05,-0.01443292411768061,0.029498972914753202,NA,NA,NA
Glaucosaurus__wetdry_z_trans,0.019037738246423876,-0.0065575962747922685,0.024840093782045526,NA,NA,NA
Glaucosaurus__time,-0.02130329767069916,-0.008015762566955468,0.0031791830817863983,NA,NA,NA
Gondwanadon__lat_range_z_trans,0.2610489541292191,0.002105176410506696,0.018050893776397653,0.25340594394889193,0.0,0.6280474420636892
Gondwanadon__biome,-0.019424861650913953,-0.010666310028017996,0.029445372104842923,NA,NA,NA
Gondwanadon__mat_z_trans,-0.1856820993870497,-0.028276191449874897,0.049674159704174735,NA,NA,NA
Gondwanadon__map_z_trans,-0.23553350500762463,-0.013976302612578703,0.028991864556958336,NA,NA,NA
Gondwanadon__wmm_z_trans,0.013044474601047113,-0.021406653867217455,0.05400833703202456,NA,NA,NA
Gondwanadon__cmm_z_trans,-0.011024692300707102,-0.018890925367277777,0.03266507633184602,NA,NA,NA
Gondwanadon__wmmcmm_z_trans,0.043495754257310185,-0.0038787884373815483,0.013016551575848658,NA,NA,NA
Gondwanadon__wetmon_z_trans,0.01614296598127112,-0.0037113476483096684,0.011225522789596088,NA,NA,NA
Gondwanadon__drymon_z_trans,-0.00016517665120773016,-0.003734277537519003,0.007888331942758285,NA,NA,NA
Gondwanadon__wetdry_z_trans,-0.01782355164119508,-0.0048654167345310835,0.008101886761099089,NA,NA,NA
Gondwanadon__time,0.21166675749700517,-0.00014866564632806808,0.02070397488861076,NA,NA,NA
Gordonia__lat_range_z_trans,0.021190068276235857,0.0012720541884867,0.01251689190669563,4.275600554349658,0.9776574354618788,7.786387224681675
Gordonia__biome,0.06468951149351237,-0.00463391088708982,0.07092813198378048,NA,NA,NA
Gordonia__mat_z_trans,0.013869216043631784,-0.013182182438323956,0.019242924014012702,NA,NA,NA
Gordonia__map_z_trans,0.027700650454913527,-0.0065032214636421976,0.04085426191589867,NA,NA,NA
Gordonia__wmm_z_trans,0.009717362869741768,-0.010325613593071707,0.014570170572341895,NA,NA,NA
Gordonia__cmm_z_trans,0.00957511902235711,-0.007634831107384213,0.0195014871400295,NA,NA,NA
Gordonia__wmmcmm_z_trans,0.008130798480839115,-0.011508455489292852,0.017582000019170516,NA,NA,NA
Gordonia__wetmon_z_trans,0.008224669368190484,-0.02182814671954655,0.03676892525638069,NA,NA,NA
Gordonia__drymon_z_trans,0.00984362803196385,-0.011134939794066195,0.01982932963351158,NA,NA,NA
Gordonia__wetdry_z_trans,0.005064216783375444,-0.018956352415879216,0.019943964063707423,NA,NA,NA
Gordonia__time,-0.0003443167030238341,-0.0030141031987195063,0.0020338849586280317,NA,NA,NA
Gorgonops__lat_range_z_trans,-0.8017822200059891,-0.0428684803327997,-0.040342730257178216,0.1933612763680867,0.011833628173917532,0.40002467297017574
Gorgonops__biome,0.1912731229327619,-0.004518770739121968,0.0472963234911129,NA,NA,NA
Gorgonops__mat_z_trans,0.15371981701115145,-0.008962638138046,0.04820991640754871,NA,NA,NA
Gorgonops__map_z_trans,0.10085222517867805,-0.003335739659563816,0.027636881159377673,NA,NA,NA
Gorgonops__wmm_z_trans,0.09963484808453359,-0.003599447920365206,0.022535486991253302,NA,NA,NA
Gorgonops__cmm_z_trans,0.0707344332197681,-0.0162807981386301,0.06119200486209702,NA,NA,NA
Gorgonops__wmmcmm_z_trans,0.09111304672725964,-0.009500243011658915,0.04099118380470626,NA,NA,NA
Gorgonops__wetmon_z_trans,0.05294159904704429,-0.005360738472128445,0.029985455837127303,NA,NA,NA
Gorgonops__drymon_z_trans,0.016015696490067056,-0.00255948772155557,0.012366556768764657,NA,NA,NA
Gorgonops__wetdry_z_trans,0.0263957744295476,-0.009159053986422907,0.019253419540522614,NA,NA,NA
Gorgonops__time,0.014802009131526574,-0.0013043047982368855,0.004647472858824869,NA,NA,NA
Gorochovetzia__lat_range_z_trans,0.04119790400750736,0.0030292578574158693,0.01731199781667609,2.0720283535376076,0.0,4.5242053642869
Gorochovetzia__biome,0.08914724152099734,-0.014684068893296596,0.06364419610429059,NA,NA,NA
Gorochovetzia__mat_z_trans,0.021578283978137894,-0.01615407736678874,0.0391898091444642,NA,NA,NA
Gorochovetzia__map_z_trans,-0.0017703859655958444,-0.006026650863265644,0.007294381312123491,NA,NA,NA
Gorochovetzia__wmm_z_trans,0.010688483427724214,-0.017990613397333925,0.03054293730544298,NA,NA,NA
Gorochovetzia__cmm_z_trans,0.009897903395413028,-0.009355772153949875,0.03137209770429727,NA,NA,NA
Gorochovetzia__wmmcmm_z_trans,-0.0032653063237243684,-0.012552125982773459,0.0246652570034447,NA,NA,NA
Gorochovetzia__wetmon_z_trans,0.006572153000767884,-0.012510576634564783,0.021744004123543333,NA,NA,NA
Gorochovetzia__drymon_z_trans,0.0015468429294699445,-0.0037409419980336885,0.005602525937837907,NA,NA,NA
Gorochovetzia__wetdry_z_trans,0.008776543608545639,-0.012256751312873031,0.029429831238584104,NA,NA,NA
Gorochovetzia__time,-0.00670873945750561,-0.005207382173065636,0.002974933773452472,NA,NA,NA
Gorynychus__lat_range_z_trans,-0.2120508393024899,-0.025766186362767014,-0.010821479273437743,0.7153410874278052,0.0,1.7109822197817266
Gorynychus__biome,0.21614619883996283,-0.00667411800520377,0.06883631818881841,NA,NA,NA
Gorynychus__mat_z_trans,0.05352138291110259,-0.015382110428275683,0.050761041138756326,NA,NA,NA
Gorynychus__map_z_trans,0.006385980456770594,-0.004249051549710789,0.008997988151610002,NA,NA,NA
Gorynychus__wmm_z_trans,0.016208155318227186,-0.017003486997808757,0.031078506974909673,NA,NA,NA
Gorynychus__cmm_z_trans,0.02338577854861999,-0.009484574223378017,0.0336472446772756,NA,NA,NA
Gorynychus__wmmcmm_z_trans,0.02844954037470235,-0.006569892933151227,0.031968350869426995,NA,NA,NA
Gorynychus__wetmon_z_trans,0.01075398908940812,-0.010556104482291976,0.022287842148711615,NA,NA,NA
Gorynychus__drymon_z_trans,0.013569976894004035,-0.002080346716072301,0.008771510877932799,NA,NA,NA
Gorynychus__wetdry_z_trans,0.019262513771398107,-0.007288326702924488,0.022787164400883526,NA,NA,NA
Gorynychus__time,0.002028247220031575,-0.0023955045169454818,0.005457483309269881,NA,NA,NA
Habayia__lat_range_z_trans,0.06771913655882805,0.0009025684742374464,0.009456205574979702,0.9714035943720956,0.0,2.163332663476467
Habayia__biome,0.06213674465490663,-0.008009794731882059,0.03193365622770657,NA,NA,NA
Habayia__mat_z_trans,-0.07934451637325816,-0.018554937249089798,0.02602790376956042,NA,NA,NA
Habayia__map_z_trans,-0.07357821679765451,-0.01774064958503953,0.024041661637830353,NA,NA,NA
Habayia__wmm_z_trans,-0.01144562737504192,-0.009272562640130731,0.02756855654867192,NA,NA,NA
Habayia__cmm_z_trans,-0.0022763761906270993,-0.010562881861929335,0.025203530005110244,NA,NA,NA
Habayia__wmmcmm_z_trans,-0.007741380208539567,-0.006705749895104863,0.009607629886558148,NA,NA,NA
Habayia__wetmon_z_trans,0.0657737202148931,-0.013168553478115621,0.04381349672764654,NA,NA,NA
Habayia__drymon_z_trans,0.008788077461161465,-0.007702656597352641,0.018168898619464476,NA,NA,NA
Habayia__wetdry_z_trans,0.05605219958686504,-0.015171307368834765,0.037067469930801546,NA,NA,NA
Habayia__time,0.09157716259020449,-0.0014631779852876143,0.020882962535827186,NA,NA,NA
Hahnia__lat_range_z_trans,0.08149764683291286,0.001008156315049248,0.009696614232948512,0.8234981358901132,0.11157451197504997,1.678474247455597
Hahnia__biome,0.058215868224403,-0.009629074667264427,0.031009782220437453,NA,NA,NA
Hahnia__mat_z_trans,-0.08105830990804724,-0.01453106969551663,0.027159421219382234,NA,NA,NA
Hahnia__map_z_trans,-0.17968551332042915,-0.019378099397443338,0.019373861735027795,NA,NA,NA
Hahnia__wmm_z_trans,-0.029450766661548437,-0.009448597321933296,0.019166167778225295,NA,NA,NA
Hahnia__cmm_z_trans,-0.0014461748774773412,-0.01076341256952848,0.025386075842774577,NA,NA,NA
Hahnia__wmmcmm_z_trans,-0.010156771649724365,-0.0065877199154242266,0.013634634870472336,NA,NA,NA
Hahnia__wetmon_z_trans,0.09381542824901372,-0.013418551478807205,0.04571821162608648,NA,NA,NA
Hahnia__drymon_z_trans,0.045002314653175474,-0.0077510519551667505,0.018958759609192372,NA,NA,NA
Hahnia__wetdry_z_trans,0.08639272350379017,-0.015459326589502343,0.04187762963717909,NA,NA,NA
Hahnia__time,0.1145344790756688,-0.0014909556429920643,0.02179081269243097,NA,NA,NA
Hallautherium__lat_range_z_trans,0.08208665185123373,0.001012684632945711,0.009633599028444363,0.8189284689084161,0.11157451197504997,1.678474247455597
Hallautherium__biome,0.0596640557910903,-0.009672325411708775,0.030808259532073702,NA,NA,NA
Hallautherium__mat_z_trans,-0.08327793629528611,-0.014596338644363854,0.026982920799623524,NA,NA,NA
Hallautherium__map_z_trans,-0.1779366679878965,-0.01946513966390895,0.019247957184229073,NA,NA,NA
Hallautherium__wmm_z_trans,-0.02863407450622095,-0.009491037419476395,0.01904161296423653,NA,NA,NA
Hallautherium__cmm_z_trans,-0.0018815749716279044,-0.010811758399473738,0.02522109982925487,NA,NA,NA
Hallautherium__wmmcmm_z_trans,-0.010997886587437826,-0.006617309860499801,0.013546027725332671,NA,NA,NA
Hallautherium__wetmon_z_trans,0.10121972756903674,-0.013478823349249361,0.0454211035442374,NA,NA,NA
Hallautherium__drymon_z_trans,0.0385692044878799,-0.007303237287271175,0.02061470943555945,NA,NA,NA
Hallautherium__wetdry_z_trans,0.08339997896407561,-0.015528764973429032,0.04160548027325276,NA,NA,NA
Hallautherium__time,0.11544944580689052,-0.0014976525420941282,0.021649201147912755,NA,NA,NA
Haptodus__lat_range_z_trans,-0.19901321048296036,-0.013794761299514114,-0.010444596502992112,0.8483770051269676,0.2310742512345314,1.6843429654836655
Haptodus__biome,0.42192894574226714,0.00409824963743671,0.09078253348144032,NA,NA,NA
Haptodus__mat_z_trans,-0.09339128010560643,-0.028679686422657145,0.02779234845441594,NA,NA,NA
Haptodus__map_z_trans,0.059891971036827626,-0.003700614973224472,0.02303702700717439,NA,NA,NA
Haptodus__wmm_z_trans,0.017601908912877932,-0.0005237415274863644,0.006022882629059097,NA,NA,NA
Haptodus__cmm_z_trans,-0.027802255921318325,-0.025237495522916955,0.04378438990701297,NA,NA,NA
Haptodus__wmmcmm_z_trans,-0.0008595639628619843,-0.01642281326650871,0.03145247018532084,NA,NA,NA
Haptodus__wetmon_z_trans,0.0021463243546086105,-0.006014928492684154,0.014745491472082527,NA,NA,NA
Haptodus__drymon_z_trans,0.0036291588298014146,-0.010007431942455059,0.02365043878571748,NA,NA,NA
Haptodus__wetdry_z_trans,0.019137293119290376,-0.002934160723218589,0.018205397033606758,NA,NA,NA
Haptodus__time,-0.02560836740118849,-0.004232318385300654,0.0047435890113189105,NA,NA,NA
Haramiyavia__lat_range_z_trans,0.08149764683291286,0.001008156315049248,0.009696614232948512,0.8234981358901132,0.11157451197504997,1.678474247455597
Haramiyavia__biome,0.058215868224403,-0.009629074667264427,0.031009782220437453,NA,NA,NA
Haramiyavia__mat_z_trans,-0.08105830990804724,-0.01453106969551663,0.027159421219382234,NA,NA,NA
Haramiyavia__map_z_trans,-0.17968551332042915,-0.019378099397443338,0.019373861735027795,NA,NA,NA
Haramiyavia__wmm_z_trans,-0.029450766661548437,-0.009448597321933296,0.019166167778225295,NA,NA,NA
Haramiyavia__cmm_z_trans,-0.0014461748774773412,-0.01076341256952848,0.025386075842774577,NA,NA,NA
Haramiyavia__wmmcmm_z_trans,-0.010156771649724365,-0.0065877199154242266,0.013634634870472336,NA,NA,NA
Haramiyavia__wetmon_z_trans,0.09381542824901372,-0.013418551478807205,0.04571821162608648,NA,NA,NA
Haramiyavia__drymon_z_trans,0.045002314653175474,-0.0077510519551667505,0.018958759609192372,NA,NA,NA
Haramiyavia__wetdry_z_trans,0.08639272350379017,-0.015459326589502343,0.04187762963717909,NA,NA,NA
Haramiyavia__time,0.1145344790756688,-0.0014909556429920643,0.02179081269243097,NA,NA,NA
Hazhenia__lat_range_z_trans,0.033104295483930526,0.0031010141222401273,0.014175479603351552,2.454383364636551,0.04615665599703789,7.889927145093679
Hazhenia__biome,0.07037484658293142,-0.01035363277112366,0.07315176618985847,NA,NA,NA
Hazhenia__mat_z_trans,0.010074630822432776,-0.00605694679072997,0.016058943462899444,NA,NA,NA
Hazhenia__map_z_trans,0.037716945135892015,-0.010371484018006189,0.043362572711729656,NA,NA,NA
Hazhenia__wmm_z_trans,0.01047453090872757,-0.005892715776081114,0.01948311964190371,NA,NA,NA
Hazhenia__cmm_z_trans,0.009493444811129929,-0.006973150962718057,0.011263534097952412,NA,NA,NA
Hazhenia__wmmcmm_z_trans,0.0033278454795788327,-0.0036961342323041067,0.009973136287491816,NA,NA,NA
Hazhenia__wetmon_z_trans,0.0032594283340110974,-0.02403849361871973,0.029574845009637404,NA,NA,NA
Hazhenia__drymon_z_trans,0.009211724527207527,-0.015610271950145149,0.024210733980493875,NA,NA,NA
Hazhenia__wetdry_z_trans,-0.015890969865927272,-0.026026611963899347,0.02670435956369863,NA,NA,NA
Hazhenia__time,0.006514201901823076,-0.0015312749570423156,0.0058134809151401045,NA,NA,NA
Heleosaurus__lat_range_z_trans,0.3004378508965512,0.0025779099177931537,0.017469510723060574,0.3840427858021576,0.0,0.7883404074236751
Heleosaurus__biome,-0.0740968708889965,-0.011184356411443193,0.02102652583366102,NA,NA,NA
Heleosaurus__mat_z_trans,0.1385366712885671,-0.01624093053697182,0.05272599826300084,NA,NA,NA
Heleosaurus__map_z_trans,-0.08263813623166781,-0.006263051939367983,0.008852530844555674,NA,NA,NA
Heleosaurus__wmm_z_trans,-0.0684225674204453,-0.019379470974366833,0.05494036915678024,NA,NA,NA
Heleosaurus__cmm_z_trans,0.01804531376279111,-0.009156372098711188,0.018150681513277492,NA,NA,NA
Heleosaurus__wmmcmm_z_trans,-0.04969489078487876,-0.009709392142356095,0.016528594231500705,NA,NA,NA
Heleosaurus__wetmon_z_trans,0.03713883598842816,-0.013949083312312498,0.038345517397012974,NA,NA,NA
Heleosaurus__drymon_z_trans,0.009221990081282126,-0.0029001243406959,0.009380932102709901,NA,NA,NA
Heleosaurus__wetdry_z_trans,0.019391561186444403,-0.016182606394726545,0.02954920482279255,NA,NA,NA
Heleosaurus__time,-0.07025883375633829,-0.005062224685370616,0.00680210657580516,NA,NA,NA
Helvetiodon__lat_range_z_trans,0.06760446608336497,0.000908313072840587,0.009271023532549398,0.9718389677826781,0.0,2.163332663476467
Helvetiodon__biome,0.05560926205165687,-0.008060774859087464,0.031859395359326755,NA,NA,NA
Helvetiodon__mat_z_trans,-0.06753424888178715,-0.01874934629626017,0.020058714117168187,NA,NA,NA
Helvetiodon__map_z_trans,-0.11644013907208489,-0.01785356391091506,0.023985753393005894,NA,NA,NA
Helvetiodon__wmm_z_trans,-0.01862752934826394,-0.009331579935671696,0.027504446603519257,NA,NA,NA
Helvetiodon__cmm_z_trans,0.001939761427058707,-0.010630111682293318,0.02798492917952547,NA,NA,NA
Helvetiodon__wmmcmm_z_trans,-0.00692560488739414,-0.006748430137745706,0.010395459325703802,NA,NA,NA
Helvetiodon__wetmon_z_trans,0.06893136780492828,-0.013252367677342641,0.04371160960609207,NA,NA,NA
Helvetiodon__drymon_z_trans,0.030500986273396792,-0.0076550580409731565,0.018126647328871086,NA,NA,NA
Helvetiodon__wetdry_z_trans,0.07037131531212237,-0.014604292742769647,0.04003959325662666,NA,NA,NA
Helvetiodon__time,0.09223128735873959,-0.0014724907083112394,0.020834399761768513,NA,NA,NA
Herpetoskylax__lat_range_z_trans,0.10630244411956306,0.005541793351035345,0.025556839793606526,0.8162636877829209,0.3267882652580738,1.26636281888932
Herpetoskylax__biome,-0.08144997939437067,-0.02238941619035962,0.013211999527308596,NA,NA,NA
Herpetoskylax__mat_z_trans,0.05024807096569905,-0.014665872106461659,0.04845606652786311,NA,NA,NA
Herpetoskylax__map_z_trans,0.014127089199566711,-0.0033288118322083522,0.011338642720272012,NA,NA,NA
Herpetoskylax__wmm_z_trans,0.028432957382514612,-0.007810071629262089,0.024965079143215677,NA,NA,NA
Herpetoskylax__cmm_z_trans,0.010971157951899601,-0.02453591309517093,0.06076142259219863,NA,NA,NA
Herpetoskylax__wmmcmm_z_trans,0.03635612440829354,-0.021220881389230273,0.04874099917636401,NA,NA,NA
Herpetoskylax__wetmon_z_trans,0.006350100434286699,-0.005788997897396187,0.012736758718978081,NA,NA,NA
Herpetoskylax__drymon_z_trans,0.0016098662375157915,-0.0046655773912901944,0.006930018199624764,NA,NA,NA
Herpetoskylax__wetdry_z_trans,0.007759172025916918,-0.005677233101929891,0.014667299518589577,NA,NA,NA
Herpetoskylax__time,-0.0030460792091478324,-0.002908721636255669,0.006406845546136131,NA,NA,NA
Hipposaurus__lat_range_z_trans,0.17329102284605413,0.0027733033546880766,0.01699369753387823,0.5549200316728092,0.0,1.0741899134591222
Hipposaurus__biome,-0.07494383506929614,-0.015837936120530166,0.016222460183050794,NA,NA,NA
Hipposaurus__mat_z_trans,0.07831547726398119,-0.012014073175225253,0.042694193503122604,NA,NA,NA
Hipposaurus__map_z_trans,-0.02919339813388682,-0.0075316961514121225,0.00792398352281105,NA,NA,NA
Hipposaurus__wmm_z_trans,-0.024629957690129208,-0.018101525574871016,0.04903078033151625,NA,NA,NA
Hipposaurus__cmm_z_trans,0.0040287221078062,-0.011507051099078104,0.04246297580065127,NA,NA,NA
Hipposaurus__wmmcmm_z_trans,0.04653937060779575,-0.0111969482064337,0.02699716922938267,NA,NA,NA
Hipposaurus__wetmon_z_trans,0.023024711560475516,-0.013609601344546567,0.0295095552253461,NA,NA,NA
Hipposaurus__drymon_z_trans,0.005907284749325608,-0.003617011040650924,0.006807741854227271,NA,NA,NA
Hipposaurus__wetdry_z_trans,0.004002555935102401,-0.012360838086483857,0.02902871314053586,NA,NA,NA
Hipposaurus__time,-0.02868103005549114,-0.004446325473985883,0.006100701139635032,NA,NA,NA
Hofmeyria__lat_range_z_trans,-0.3849585396845674,-0.011259243490957723,-0.013491322969475705,0.0,0.0,0.3435758426785469
Hofmeyria__biome,-0.2951960476299558,-0.020592869202166124,0.015777464588255873,NA,NA,NA
Hofmeyria__mat_z_trans,0.10940671026368691,-0.010218606115889574,0.042626922423429595,NA,NA,NA
Hofmeyria__map_z_trans,0.13929659132504438,-0.003672332199539881,0.05073325509579722,NA,NA,NA
Hofmeyria__wmm_z_trans,0.09651032836685625,-0.0029836618108136422,0.02411360476777348,NA,NA,NA
Hofmeyria__cmm_z_trans,0.033582764655056704,-0.016669055146167393,0.0473903692119145,NA,NA,NA
Hofmeyria__wmmcmm_z_trans,0.05525828900325927,-0.012082068772652988,0.03582566515724539,NA,NA,NA
Hofmeyria__wetmon_z_trans,0.030375592838022988,-0.01564825187789394,0.027328230182819286,NA,NA,NA
Hofmeyria__drymon_z_trans,0.028741911476275424,-0.005378991188905583,0.02124905949636925,NA,NA,NA
Hofmeyria__wetdry_z_trans,-0.025561284110799373,-0.008185034591020724,0.015173306103529752,NA,NA,NA
Hofmeyria__time,0.03488275937538313,-0.0007595885225219308,0.007045417406498457,NA,NA,NA
Homodontosaurus__lat_range_z_trans,-0.4387956520915031,-0.0097831116601805,-0.009288188272974273,0.03557562537564081,0.0,0.5054624173790216
Homodontosaurus__biome,-0.38349787406623365,-0.019632279844384582,0.017313266884744393,NA,NA,NA
Homodontosaurus__mat_z_trans,0.1273548556957394,-0.007329846924009591,0.0370925372111224,NA,NA,NA
Homodontosaurus__map_z_trans,0.25992238788167016,-0.0069268170686810375,0.06084341667495402,NA,NA,NA
Homodontosaurus__wmm_z_trans,0.10369572139410593,-0.005072652758144613,0.020965070451530503,NA,NA,NA
Homodontosaurus__cmm_z_trans,0.09152012936137907,-0.007309981714940792,0.03399291571408161,NA,NA,NA
Homodontosaurus__wmmcmm_z_trans,0.032455040975473824,-0.010022703670132077,0.025805749576311484,NA,NA,NA
Homodontosaurus__wetmon_z_trans,0.10249153313692659,-0.013653419125839823,0.04617968671681793,NA,NA,NA
Homodontosaurus__drymon_z_trans,0.02545946411206387,-0.00935372868891054,0.018474551343958125,NA,NA,NA
Homodontosaurus__wetdry_z_trans,-0.1142642532067839,-0.017702404975099093,0.01625098158848802,NA,NA,NA
Homodontosaurus__time,0.05157334806106519,-0.000662756488206857,0.006141983575122873,NA,NA,NA
Hwanghocynodon__lat_range_z_trans,0.027522249715634942,0.00595310108242569,0.019012188513968735,3.37071963079743,0.9271054612472653,7.916762889362872
Hwanghocynodon__biome,0.07429272675584879,-0.01727361455081222,0.0958946906576438,NA,NA,NA
Hwanghocynodon__mat_z_trans,0.016299975333628116,-0.01737183394882164,0.03168356508605547,NA,NA,NA
Hwanghocynodon__map_z_trans,0.0057206027354073435,-0.004205248745086264,0.007902267429332989,NA,NA,NA
Hwanghocynodon__wmm_z_trans,0.010762319005239919,-0.0095711920837508,0.017891648840122128,NA,NA,NA
Hwanghocynodon__cmm_z_trans,0.009293148103624065,-0.033312057310432915,0.030534453068930427,NA,NA,NA
Hwanghocynodon__wmmcmm_z_trans,0.013494658750777684,-0.016959348851529273,0.03504015955096158,NA,NA,NA
Hwanghocynodon__wetmon_z_trans,0.007241297346298078,-0.0031614287541543253,0.012123169604793246,NA,NA,NA
Hwanghocynodon__drymon_z_trans,0.0034897634737978173,-0.0023264184458567506,0.006727055253674908,NA,NA,NA
Hwanghocynodon__wetdry_z_trans,0.010905816539545376,-0.00519581243360357,0.014539375403143113,NA,NA,NA
Hwanghocynodon__time,-0.0013616336380646468,-0.0040258488769074445,0.002423398055530691,NA,NA,NA
Hyaenasuchus__lat_range_z_trans,0.34481106899403013,0.003078395990030763,0.018267483600171244,0.3567767290980555,0.0,0.6580590158700943
Hyaenasuchus__biome,-0.08537781765016818,-0.011263891242797846,0.02147626159372217,NA,NA,NA
Hyaenasuchus__mat_z_trans,0.16279816054618237,-0.016356423965809535,0.05385375313279641,NA,NA,NA
Hyaenasuchus__map_z_trans,-0.11062650979251219,-0.006404569102359947,0.00904187737376058,NA,NA,NA
Hyaenasuchus__wmm_z_trans,-0.09351950266886658,-0.01951728337044817,0.05611548714233014,NA,NA,NA
Hyaenasuchus__cmm_z_trans,0.022669567837136428,-0.008842557875514934,0.018538905921369375,NA,NA,NA
Hyaenasuchus__wmmcmm_z_trans,-0.05627867982059755,-0.00977843812392088,0.01060210497700241,NA,NA,NA
Hyaenasuchus__wetmon_z_trans,0.03733255077095511,-0.014048278826831479,0.039165688572599,NA,NA,NA
Hyaenasuchus__drymon_z_trans,0.01346102555581167,-0.002920747869834221,0.00958158059132233,NA,NA,NA
Hyaenasuchus__wetdry_z_trans,0.030202842335239295,-0.0162976850656071,0.030181231920151,NA,NA,NA
Hyaenasuchus__time,-0.0878117819854731,-0.00509822346543617,0.0069475966389324385,NA,NA,NA
Hypselohaptodus__lat_range_z_trans,0.05333991717310937,0.0008516918060087225,0.008321722783161598,1.121540091606439,0.14335926622152328,2.3401127010583878
Hypselohaptodus__biome,0.2572157187655,-0.004915250578850487,0.05998869986022464,NA,NA,NA
Hypselohaptodus__mat_z_trans,-0.07050354401547908,-0.017887161665625824,0.02950826043707216,NA,NA,NA
Hypselohaptodus__map_z_trans,0.12258408552136724,-0.008902947999385069,0.03583741336078449,NA,NA,NA
Hypselohaptodus__wmm_z_trans,0.006448999146751378,-0.0014247295545224737,0.0036845223731510244,NA,NA,NA
Hypselohaptodus__cmm_z_trans,-0.025811189902202065,-0.016042720182302527,0.03327997737249064,NA,NA,NA
Hypselohaptodus__wmmcmm_z_trans,-0.016993070754286507,-0.014266211811885983,0.026666660436908886,NA,NA,NA
Hypselohaptodus__wetmon_z_trans,-0.030334479228619017,-0.015656647772206503,0.02876677860522858,NA,NA,NA
Hypselohaptodus__drymon_z_trans,-0.027062331877973463,-0.01125268964782092,0.02550798600239745,NA,NA,NA
Hypselohaptodus__wetdry_z_trans,-0.02915511194351785,-0.010093772720584836,0.01580988724848516,NA,NA,NA
Hypselohaptodus__time,-0.06206806876291249,-0.007859262791353615,0.0064000629842524935,NA,NA,NA
Hypsiprymnopsis__lat_range_z_trans,0.08149764683291286,0.001008156315049248,0.009696614232948512,0.8234981358901132,0.11157451197504997,1.678474247455597
Hypsiprymnopsis__biome,0.058215868224403,-0.009629074667264427,0.031009782220437453,NA,NA,NA
Hypsiprymnopsis__mat_z_trans,-0.08105830990804724,-0.01453106969551663,0.027159421219382234,NA,NA,NA
Hypsiprymnopsis__map_z_trans,-0.17968551332042915,-0.019378099397443338,0.019373861735027795,NA,NA,NA
Hypsiprymnopsis__wmm_z_trans,-0.029450766661548437,-0.009448597321933296,0.019166167778225295,NA,NA,NA
Hypsiprymnopsis__cmm_z_trans,-0.0014461748774773412,-0.01076341256952848,0.025386075842774577,NA,NA,NA
Hypsiprymnopsis__wmmcmm_z_trans,-0.010156771649724365,-0.0065877199154242266,0.013634634870472336,NA,NA,NA
Hypsiprymnopsis__wetmon_z_trans,0.09381542824901372,-0.013418551478807205,0.04571821162608648,NA,NA,NA
Hypsiprymnopsis__drymon_z_trans,0.045002314653175474,-0.0077510519551667505,0.018958759609192372,NA,NA,NA
Hypsiprymnopsis__wetdry_z_trans,0.08639272350379017,-0.015459326589502343,0.04187762963717909,NA,NA,NA
Hypsiprymnopsis__time,0.1145344790756688,-0.0014909556429920643,0.02179081269243097,NA,NA,NA
Ichibengops__lat_range_z_trans,0.10630244411956306,0.005541793351035345,0.025556839793606526,0.8162636877829209,0.3267882652580738,1.26636281888932
Ichibengops__biome,-0.08144997939437067,-0.02238941619035962,0.013211999527308596,NA,NA,NA
Ichibengops__mat_z_trans,0.05024807096569905,-0.014665872106461659,0.04845606652786311,NA,NA,NA
Ichibengops__map_z_trans,0.014127089199566711,-0.0033288118322083522,0.011338642720272012,NA,NA,NA
Ichibengops__wmm_z_trans,0.028432957382514612,-0.007810071629262089,0.024965079143215677,NA,NA,NA
Ichibengops__cmm_z_trans,0.010971157951899601,-0.02453591309517093,0.06076142259219863,NA,NA,NA
Ichibengops__wmmcmm_z_trans,0.03635612440829354,-0.021220881389230273,0.04874099917636401,NA,NA,NA
Ichibengops__wetmon_z_trans,0.006350100434286699,-0.005788997897396187,0.012736758718978081,NA,NA,NA
Ichibengops__drymon_z_trans,0.0016098662375157915,-0.0046655773912901944,0.006930018199624764,NA,NA,NA
Ichibengops__wetdry_z_trans,0.007759172025916918,-0.005677233101929891,0.014667299518589577,NA,NA,NA
Ichibengops__time,-0.0030460792091478324,-0.002908721636255669,0.006406845546136131,NA,NA,NA
Icticephalus__lat_range_z_trans,0.10630244411956306,0.005541793351035345,0.025556839793606526,0.8162636877829209,0.3267882652580738,1.26636281888932
Icticephalus__biome,-0.08144997939437067,-0.02238941619035962,0.013211999527308596,NA,NA,NA
Icticephalus__mat_z_trans,0.05024807096569905,-0.014665872106461659,0.04845606652786311,NA,NA,NA
Icticephalus__map_z_trans,0.014127089199566711,-0.0033288118322083522,0.011338642720272012,NA,NA,NA
Icticephalus__wmm_z_trans,0.028432957382514612,-0.007810071629262089,0.024965079143215677,NA,NA,NA
Icticephalus__cmm_z_trans,0.010971157951899601,-0.02453591309517093,0.06076142259219863,NA,NA,NA
Icticephalus__wmmcmm_z_trans,0.03635612440829354,-0.021220881389230273,0.04874099917636401,NA,NA,NA
Icticephalus__wetmon_z_trans,0.006350100434286699,-0.005788997897396187,0.012736758718978081,NA,NA,NA
Icticephalus__drymon_z_trans,0.0016098662375157915,-0.0046655773912901944,0.006930018199624764,NA,NA,NA
Icticephalus__wetdry_z_trans,0.007759172025916918,-0.005677233101929891,0.014667299518589577,NA,NA,NA
Icticephalus__time,-0.0030460792091478324,-0.002908721636255669,0.006406845546136131,NA,NA,NA
Ictidochampsa__lat_range_z_trans,0.10630244411956306,0.005541793351035345,0.025556839793606526,0.8162636877829209,0.3267882652580738,1.26636281888932
Ictidochampsa__biome,-0.08144997939437067,-0.02238941619035962,0.013211999527308596,NA,NA,NA
Ictidochampsa__mat_z_trans,0.05024807096569905,-0.014665872106461659,0.04845606652786311,NA,NA,NA
Ictidochampsa__map_z_trans,0.014127089199566711,-0.0033288118322083522,0.011338642720272012,NA,NA,NA
Ictidochampsa__wmm_z_trans,0.028432957382514612,-0.007810071629262089,0.024965079143215677,NA,NA,NA
Ictidochampsa__cmm_z_trans,0.010971157951899601,-0.02453591309517093,0.06076142259219863,NA,NA,NA
Ictidochampsa__wmmcmm_z_trans,0.03635612440829354,-0.021220881389230273,0.04874099917636401,NA,NA,NA
Ictidochampsa__wetmon_z_trans,0.006350100434286699,-0.005788997897396187,0.012736758718978081,NA,NA,NA
Ictidochampsa__drymon_z_trans,0.0016098662375157915,-0.0046655773912901944,0.006930018199624764,NA,NA,NA
Ictidochampsa__wetdry_z_trans,0.007759172025916918,-0.005677233101929891,0.014667299518589577,NA,NA,NA
Ictidochampsa__time,-0.0030460792091478324,-0.002908721636255669,0.006406845546136131,NA,NA,NA
Ictidognathus__lat_range_z_trans,-0.3090483970094835,-0.00985617297786987,-0.012463714518297269,0.0,0.0,0.3496865201741457
Ictidognathus__biome,-0.29546684389863004,-0.022120788263929863,0.017373999932004617,NA,NA,NA
Ictidognathus__mat_z_trans,0.10226737605135815,-0.012263289222273353,0.050099655666488635,NA,NA,NA
Ictidognathus__map_z_trans,0.08619365132988215,-0.003939441709905137,0.038173972478468966,NA,NA,NA
Ictidognathus__wmm_z_trans,0.08225173870181733,-0.005142056665139094,0.02227382541173547,NA,NA,NA
Ictidognathus__cmm_z_trans,0.019815407131150313,-0.018405264668351285,0.061397685653216,NA,NA,NA
Ictidognathus__wmmcmm_z_trans,0.07668648826837718,-0.012608472480936926,0.047514324483792614,NA,NA,NA
Ictidognathus__wetmon_z_trans,-0.023906349000922072,-0.012335802937880582,0.01942596106658165,NA,NA,NA
Ictidognathus__drymon_z_trans,0.036120142759418744,-0.0030724843275928885,0.010039201352899391,NA,NA,NA
Ictidognathus__wetdry_z_trans,0.018217946608639835,-0.0065294921705896635,0.012953798109753757,NA,NA,NA
Ictidognathus__time,0.029207914936654523,-0.0011764374940608573,0.006983261827513287,NA,NA,NA
Ictidorhinus__lat_range_z_trans,0.10185557192954645,0.005653533022189146,0.024717124058565704,0.8459657969372347,0.3267882652580738,1.3301963824778795
Ictidorhinus__biome,-0.07637326802227751,-0.022840855975996697,0.010836604269081281,NA,NA,NA
Ictidorhinus__mat_z_trans,0.04774065844537012,-0.014961581387294655,0.04686395569372897,NA,NA,NA
Ictidorhinus__map_z_trans,0.02574267529365409,-0.003395930960602837,0.013035066579781577,NA,NA,NA
Ictidorhinus__wmm_z_trans,0.024005488527705027,-0.006853556972009699,0.02414480676398583,NA,NA,NA
Ictidorhinus__cmm_z_trans,0.01179062754371068,-0.025030632888394626,0.058764997249856496,NA,NA,NA
Ictidorhinus__wmmcmm_z_trans,0.037454113468458776,-0.018413928291544687,0.04801054456998352,NA,NA,NA
Ictidorhinus__wetmon_z_trans,0.008478168685002334,-0.006858850282500227,0.018519551969440624,NA,NA,NA
Ictidorhinus__drymon_z_trans,-0.0012410840739497588,-0.004198876238809014,0.008497604017746732,NA,NA,NA
Ictidorhinus__wetdry_z_trans,0.0004213329176748882,-0.007581652494818753,0.01418537912875337,NA,NA,NA
Ictidorhinus__time,-0.0022133605931576334,-0.0029673704487474654,0.006196337163232992,NA,NA,NA
Ictidosaurus__lat_range_z_trans,-0.2725459633422096,-0.01032261579118321,-0.01287022461355424,0.0,0.0,0.26063752733170986
Ictidosaurus__biome,-0.16609970043137984,-0.018197671937069823,0.015021170152313131,NA,NA,NA
Ictidosaurus__mat_z_trans,0.09503899162182475,-0.015693058975178243,0.05640458310247783,NA,NA,NA
Ictidosaurus__map_z_trans,0.012725711851311425,-0.0027614799171341337,0.010343166261121441,NA,NA,NA
Ictidosaurus__wmm_z_trans,0.02870492274299732,-0.014817914674500037,0.04935957886492152,NA,NA,NA
Ictidosaurus__cmm_z_trans,0.007053417791388255,-0.01270031460997484,0.03987617204658495,NA,NA,NA
Ictidosaurus__wmmcmm_z_trans,0.04040884134760872,-0.011689288406730365,0.033941162103080645,NA,NA,NA
Ictidosaurus__wetmon_z_trans,0.027636649255472313,-0.011156999329288349,0.030404221954199954,NA,NA,NA
Ictidosaurus__drymon_z_trans,0.02711902585172532,-0.0014874778669310609,0.007452467137558528,NA,NA,NA
Ictidosaurus__wetdry_z_trans,0.014847701630780554,-0.006970456530916678,0.03637844213158364,NA,NA,NA
Ictidosaurus__time,0.007449477558743229,-0.001652424879622763,0.007461232323869721,NA,NA,NA
Ictidosuchops__lat_range_z_trans,-0.4340125332772732,-0.01029670160803241,-0.008419955841895043,0.024655620549892773,0.0,0.4246739652007818
Ictidosuchops__biome,-0.39906806046143173,-0.019027359094258175,0.017053432700252478,NA,NA,NA
Ictidosuchops__mat_z_trans,0.15094147086376325,-0.008375697207069795,0.03025222918260687,NA,NA,NA
Ictidosuchops__map_z_trans,0.25177386807976293,-0.0059785154512990235,0.03998579357209935,NA,NA,NA
Ictidosuchops__wmm_z_trans,0.12202677486173343,-0.003768775677069782,0.022974739564333154,NA,NA,NA
Ictidosuchops__cmm_z_trans,-0.0007694483006343944,-0.015401841040915116,0.03699017137464219,NA,NA,NA
Ictidosuchops__wmmcmm_z_trans,0.07308836921794865,-0.0072695092793274695,0.034489000322491366,NA,NA,NA
Ictidosuchops__wetmon_z_trans,-0.04966562410700135,-0.017673917652680896,0.044999813463083925,NA,NA,NA
Ictidosuchops__drymon_z_trans,0.061530647757463156,-0.006577993537342953,0.020785565198585702,NA,NA,NA
Ictidosuchops__wetdry_z_trans,0.015585789885371924,-0.012502723719897127,0.029496059044095094,NA,NA,NA
Ictidosuchops__time,0.05556344190845266,-0.0005766686506367796,0.005165122883862045,NA,NA,NA
Ictidosuchus__lat_range_z_trans,0.10630244411956306,0.005541793351035345,0.025556839793606526,0.8162636877829209,0.3267882652580738,1.26636281888932
Ictidosuchus__biome,-0.08144997939437067,-0.02238941619035962,0.013211999527308596,NA,NA,NA
Ictidosuchus__mat_z_trans,0.05024807096569905,-0.014665872106461659,0.04845606652786311,NA,NA,NA
Ictidosuchus__map_z_trans,0.014127089199566711,-0.0033288118322083522,0.011338642720272012,NA,NA,NA
Ictidosuchus__wmm_z_trans,0.028432957382514612,-0.007810071629262089,0.024965079143215677,NA,NA,NA
Ictidosuchus__cmm_z_trans,0.010971157951899601,-0.02453591309517093,0.06076142259219863,NA,NA,NA
Ictidosuchus__wmmcmm_z_trans,0.03635612440829354,-0.021220881389230273,0.04874099917636401,NA,NA,NA
Ictidosuchus__wetmon_z_trans,0.006350100434286699,-0.005788997897396187,0.012736758718978081,NA,NA,NA
Ictidosuchus__drymon_z_trans,0.0016098662375157915,-0.0046655773912901944,0.006930018199624764,NA,NA,NA
Ictidosuchus__wetdry_z_trans,0.007759172025916918,-0.005677233101929891,0.014667299518589577,NA,NA,NA
Ictidosuchus__time,-0.0030460792091478324,-0.002908721636255669,0.006406845546136131,NA,NA,NA
Idelesaurus__lat_range_z_trans,0.06283406662283134,0.0024324248943053874,0.01895840932275278,1.3561894143052633,0.0,2.2665759846568108
Idelesaurus__biome,0.10689206249352814,-0.013140519373221122,0.05253091639787334,NA,NA,NA
Idelesaurus__mat_z_trans,0.030224995202290425,-0.015210062957542849,0.04876949899802703,NA,NA,NA
Idelesaurus__map_z_trans,-0.014790050253010924,-0.006263673967950934,0.008157700861632809,NA,NA,NA
Idelesaurus__wmm_z_trans,-0.012439598537604148,-0.01982005102021052,0.03838845681358113,NA,NA,NA
Idelesaurus__cmm_z_trans,0.007432709845034917,-0.007413663644150391,0.016040958450380446,NA,NA,NA
Idelesaurus__wmmcmm_z_trans,-0.0043229810847245295,-0.009027897292757728,0.018175479517719244,NA,NA,NA
Idelesaurus__wetmon_z_trans,0.007487209574451983,-0.014376693531454668,0.0310336715234946,NA,NA,NA
Idelesaurus__drymon_z_trans,0.00033682707319197683,-0.0033477043152323554,0.007434232653415848,NA,NA,NA
Idelesaurus__wetdry_z_trans,0.00577649333342724,-0.016881789142578877,0.02849101543381872,NA,NA,NA
Idelesaurus__time,-0.011770810147678981,-0.004400072567735459,0.005791631491461136,NA,NA,NA
Impidens__lat_range_z_trans,0.09613708515215051,0.0040885174409150205,0.020806599443427415,0.8241838168748654,0.07144027203321457,1.6538964472711086
Impidens__biome,-0.028613254101966613,-0.01429511514545049,0.025196710264014772,NA,NA,NA
Impidens__mat_z_trans,0.023429908099485756,-0.007245024040872234,0.02308283225062484,NA,NA,NA
Impidens__map_z_trans,0.04631094104692975,-0.00405906307828464,0.022883821208317487,NA,NA,NA
Impidens__wmm_z_trans,0.00426822245860771,-0.009885613593196722,0.018011762914356258,NA,NA,NA
Impidens__cmm_z_trans,0.021685280968770124,-0.00824113476603498,0.021611024987815836,NA,NA,NA
Impidens__wmmcmm_z_trans,0.008240317353818413,-0.005495332989981005,0.015245826917485895,NA,NA,NA
Impidens__wetmon_z_trans,-0.026766302383757937,-0.025042410851104847,0.03642966430355731,NA,NA,NA
Impidens__drymon_z_trans,0.029092647421663512,-0.009803454486681658,0.028467706308614338,NA,NA,NA
Impidens__wetdry_z_trans,-0.03236198138229387,-0.027024882758495388,0.049795987470149954,NA,NA,NA
Impidens__time,0.03623805948833013,-0.00044618864934256017,0.012240035395792973,NA,NA,NA
Inostrancevia__lat_range_z_trans,-0.3067545079053137,-0.03253143842195439,-0.018858127810396138,0.0,0.0,0.23672142636496574
Inostrancevia__biome,-0.25495154317075414,-0.03989043948643013,0.025782880759786936,NA,NA,NA
Inostrancevia__mat_z_trans,0.08607212505532034,-0.004959694107601574,0.05563222755647404,NA,NA,NA
Inostrancevia__map_z_trans,0.03502976528348514,-0.0017555006260593746,0.01592938492680388,NA,NA,NA
Inostrancevia__wmm_z_trans,0.0544875088658074,-0.0024736049118250733,0.028540714018318918,NA,NA,NA
Inostrancevia__cmm_z_trans,0.0552865119950029,-0.014186447395272807,0.057790127238556165,NA,NA,NA
Inostrancevia__wmmcmm_z_trans,0.06231256122735241,-0.0059937606808031655,0.056588854437325184,NA,NA,NA
Inostrancevia__wetmon_z_trans,0.03500265553852549,-0.0013743338579254223,0.020323104541575723,NA,NA,NA
Inostrancevia__drymon_z_trans,0.014567092199174425,-0.0010727990440810918,0.009123929207853225,NA,NA,NA
Inostrancevia__wetdry_z_trans,0.032957002833250613,-0.002731720092895465,0.017704127823146294,NA,NA,NA
Inostrancevia__time,0.008329903956411646,-0.0004799642936810039,0.005214748764712888,NA,NA,NA
Interpresosaurus__lat_range_z_trans,0.027522249715634942,0.00595310108242569,0.019012188513968735,3.37071963079743,0.9271054612472653,7.916762889362872
Interpresosaurus__biome,0.07429272675584879,-0.01727361455081222,0.0958946906576438,NA,NA,NA
Interpresosaurus__mat_z_trans,0.016299975333628116,-0.01737183394882164,0.03168356508605547,NA,NA,NA
Interpresosaurus__map_z_trans,0.0057206027354073435,-0.004205248745086264,0.007902267429332989,NA,NA,NA
Interpresosaurus__wmm_z_trans,0.010762319005239919,-0.0095711920837508,0.017891648840122128,NA,NA,NA
Interpresosaurus__cmm_z_trans,0.009293148103624065,-0.033312057310432915,0.030534453068930427,NA,NA,NA
Interpresosaurus__wmmcmm_z_trans,0.013494658750777684,-0.016959348851529273,0.03504015955096158,NA,NA,NA
Interpresosaurus__wetmon_z_trans,0.007241297346298078,-0.0031614287541543253,0.012123169604793246,NA,NA,NA
Interpresosaurus__drymon_z_trans,0.0034897634737978173,-0.0023264184458567506,0.006727055253674908,NA,NA,NA
Interpresosaurus__wetdry_z_trans,0.010905816539545376,-0.00519581243360357,0.014539375403143113,NA,NA,NA
Interpresosaurus__time,-0.0013616336380646468,-0.0040258488769074445,0.002423398055530691,NA,NA,NA
Irajatherium__lat_range_z_trans,0.03335068464426943,0.0008723371899871327,0.008080964090633087,1.5941549530322663,0.0,5.8267012014985085
Irajatherium__biome,-0.0013798763517132208,-0.009940910500136832,0.01671089557718188,NA,NA,NA
Irajatherium__mat_z_trans,-0.024546470854373177,-0.0160336745246428,0.027445404740299814,NA,NA,NA
Irajatherium__map_z_trans,-0.02364483323083902,-0.01823797925834414,0.027641513697174557,NA,NA,NA
Irajatherium__wmm_z_trans,0.002774688303381316,-0.007699907165203036,0.025181819649721625,NA,NA,NA
Irajatherium__cmm_z_trans,0.013320461785830812,-0.01132222381508456,0.028510531239952598,NA,NA,NA
Irajatherium__wmmcmm_z_trans,0.003873944249611635,-0.005751197388819793,0.01206363503677401,NA,NA,NA
Irajatherium__wetmon_z_trans,0.07153020567256962,-0.01290939008798017,0.04796878362620123,NA,NA,NA
Irajatherium__drymon_z_trans,0.016062432672942748,-0.008629162161116132,0.019006273171214033,NA,NA,NA
Irajatherium__wetdry_z_trans,0.03927317057942902,-0.014968546383977028,0.038840060591200244,NA,NA,NA
Irajatherium__time,0.04704651665062833,-0.002829048823212154,0.022322090043804043,NA,NA,NA
Ischigualastia__lat_range_z_trans,0.2601175714284182,0.0019995757609049757,0.016514424244141904,0.24071315235749352,0.0,0.6280474420636892
Ischigualastia__biome,0.00017302701249718666,-0.009763005808953059,0.027864532392082027,NA,NA,NA
Ischigualastia__mat_z_trans,-0.17712825067341328,-0.02584951622583889,0.04524616792991974,NA,NA,NA
Ischigualastia__map_z_trans,-0.31112214747816325,-0.01831269665967334,0.02734905251009468,NA,NA,NA
Ischigualastia__wmm_z_trans,0.048657459412934256,-0.016563044758385277,0.05561540287087902,NA,NA,NA
Ischigualastia__cmm_z_trans,-0.022289242036640643,-0.01821838620144014,0.036227999487518765,NA,NA,NA
Ischigualastia__wmmcmm_z_trans,0.022662826955784112,-0.0038752060447994094,0.013960987843579917,NA,NA,NA
Ischigualastia__wetmon_z_trans,0.02439826246118173,-0.004400794357422668,0.014094875518502005,NA,NA,NA
Ischigualastia__drymon_z_trans,0.008902063408168032,-0.007071512426435576,0.007329459894127691,NA,NA,NA
Ischigualastia__wetdry_z_trans,-0.01335056257841643,-0.004570736675491987,0.009273732350756675,NA,NA,NA
Ischigualastia__time,0.22203122032340616,-0.0008243795209941441,0.020295336422554672,NA,NA,NA
Isengops__lat_range_z_trans,0.10630244411956306,0.005541793351035345,0.025556839793606526,0.8162636877829209,0.3267882652580738,1.26636281888932
Isengops__biome,-0.08144997939437067,-0.02238941619035962,0.013211999527308596,NA,NA,NA
Isengops__mat_z_trans,0.05024807096569905,-0.014665872106461659,0.04845606652786311,NA,NA,NA
Isengops__map_z_trans,0.014127089199566711,-0.0033288118322083522,0.011338642720272012,NA,NA,NA
Isengops__wmm_z_trans,0.028432957382514612,-0.007810071629262089,0.024965079143215677,NA,NA,NA
Isengops__cmm_z_trans,0.010971157951899601,-0.02453591309517093,0.06076142259219863,NA,NA,NA
Isengops__wmmcmm_z_trans,0.03635612440829354,-0.021220881389230273,0.04874099917636401,NA,NA,NA
Isengops__wetmon_z_trans,0.006350100434286699,-0.005788997897396187,0.012736758718978081,NA,NA,NA
Isengops__drymon_z_trans,0.0016098662375157915,-0.0046655773912901944,0.006930018199624764,NA,NA,NA
Isengops__wetdry_z_trans,0.007759172025916918,-0.005677233101929891,0.014667299518589577,NA,NA,NA
Isengops__time,-0.0030460792091478324,-0.002908721636255669,0.006406845546136131,NA,NA,NA
Jachaleria__lat_range_z_trans,-0.12176718930493571,-0.010709990410853056,-0.0022146149555430737,1.1409432820463552,0.0,3.797918416559696
Jachaleria__biome,0.05973167251790854,-0.006937346056135142,0.028618063480689324,NA,NA,NA
Jachaleria__mat_z_trans,-0.023063902463079437,-0.014878681287897488,0.0294663180386889,NA,NA,NA
Jachaleria__map_z_trans,-0.05931311624701754,-0.017696577415580624,0.019884114912716445,NA,NA,NA
Jachaleria__wmm_z_trans,0.011238761519247336,-0.007854126283041985,0.021346611288077463,NA,NA,NA
Jachaleria__cmm_z_trans,0.015190449009854506,-0.011594094889116198,0.02634307141566842,NA,NA,NA
Jachaleria__wmmcmm_z_trans,0.011147840578793372,-0.005744927500069195,0.012792879837585704,NA,NA,NA
Jachaleria__wetmon_z_trans,0.08394735908914912,-0.013704626668905125,0.04659273061357548,NA,NA,NA
Jachaleria__drymon_z_trans,0.03680298807948072,-0.005654740216001587,0.0229611115620295,NA,NA,NA
Jachaleria__wetdry_z_trans,0.09528593199728164,-0.011558243050311627,0.0483785886707363,NA,NA,NA
Jachaleria__time,0.06846012934505494,-0.0011163491406174784,0.01960309659993262,NA,NA,NA
Jimusaria__lat_range_z_trans,-0.2267845812840708,-0.055156127794587215,-0.018417976079964843,1.254163296772167,0.15799789875745773,3.2216746658086777
Jimusaria__biome,0.1935374133466991,0.005235155104165719,0.08712826805284325,NA,NA,NA
Jimusaria__mat_z_trans,0.03264486832166709,-0.00233706686767783,0.01961640819225076,NA,NA,NA
Jimusaria__map_z_trans,0.06748437085034543,-0.002660638069650615,0.041990939052216764,NA,NA,NA
Jimusaria__wmm_z_trans,0.022565303763449677,-0.007020117603661829,0.01712255286035267,NA,NA,NA
Jimusaria__cmm_z_trans,0.020135951321168043,-0.010368095965000863,0.017084645305915913,NA,NA,NA
Jimusaria__wmmcmm_z_trans,0.011969547042157282,-0.004676932988464434,0.014120771500559634,NA,NA,NA
Jimusaria__wetmon_z_trans,0.02360456196554173,-0.014660990853282638,0.03417027782869877,NA,NA,NA
Jimusaria__drymon_z_trans,0.01805472578358682,-0.0054300750167748406,0.025558505845748383,NA,NA,NA
Jimusaria__wetdry_z_trans,0.009354620336069163,-0.009426891109216008,0.03156464083557741,NA,NA,NA
Jimusaria__time,0.005094142675123916,-0.000947921754378951,0.0038329380699583917,NA,NA,NA
Jiufengia__lat_range_z_trans,0.027522249715634942,0.00595310108242569,0.019012188513968735,3.37071963079743,0.9271054612472653,7.916762889362872
Jiufengia__biome,0.07429272675584879,-0.01727361455081222,0.0958946906576438,NA,NA,NA
Jiufengia__mat_z_trans,0.016299975333628116,-0.01737183394882164,0.03168356508605547,NA,NA,NA
Jiufengia__map_z_trans,0.0057206027354073435,-0.004205248745086264,0.007902267429332989,NA,NA,NA
Jiufengia__wmm_z_trans,0.010762319005239919,-0.0095711920837508,0.017891648840122128,NA,NA,NA
Jiufengia__cmm_z_trans,0.009293148103624065,-0.033312057310432915,0.030534453068930427,NA,NA,NA
Jiufengia__wmmcmm_z_trans,0.013494658750777684,-0.016959348851529273,0.03504015955096158,NA,NA,NA
Jiufengia__wetmon_z_trans,0.007241297346298078,-0.0031614287541543253,0.012123169604793246,NA,NA,NA
Jiufengia__drymon_z_trans,0.0034897634737978173,-0.0023264184458567506,0.006727055253674908,NA,NA,NA
Jiufengia__wetdry_z_trans,0.010905816539545376,-0.00519581243360357,0.014539375403143113,NA,NA,NA
Jiufengia__time,-0.0013616336380646468,-0.0040258488769074445,0.002423398055530691,NA,NA,NA
Jonkeria__lat_range_z_trans,-0.35488985089504144,-0.0159713744870327,-0.01960784225951505,0.0,0.0,0.2777573801577091
Jonkeria__biome,-0.2162373192113242,-0.02455357397885919,0.024285660914272807,NA,NA,NA
Jonkeria__mat_z_trans,0.09217094805149041,-0.01349697389981424,0.0628273808831239,NA,NA,NA
Jonkeria__map_z_trans,0.04848334657001493,-0.0016289624811200642,0.015392828245638585,NA,NA,NA
Jonkeria__wmm_z_trans,0.0789058289955891,-0.0038655240620017865,0.02305451296721818,NA,NA,NA
Jonkeria__cmm_z_trans,0.014393720542133438,-0.02205673518423858,0.07090823072520896,NA,NA,NA
Jonkeria__wmmcmm_z_trans,0.07943592936201606,-0.015226453231771306,0.055228736558317865,NA,NA,NA
Jonkeria__wetmon_z_trans,0.011003254451432846,-0.004111545511473016,0.010094508574730439,NA,NA,NA
Jonkeria__drymon_z_trans,0.023321173926169888,-0.0018080630513423067,0.009518815172410093,NA,NA,NA
Jonkeria__wetdry_z_trans,0.02047070740142819,-0.0037328005973244678,0.014823216823073446,NA,NA,NA
Jonkeria__time,0.02528133668435337,-0.0009976964335518545,0.007245922859677874,NA,NA,NA
Julognathus__lat_range_z_trans,0.074334147784286,0.003548636246028538,0.01735480866550224,1.141291769628624,0.0,2.2665759846568108
Julognathus__biome,0.12277969826884212,-0.010975252277334096,0.05125071801479605,NA,NA,NA
Julognathus__mat_z_trans,0.032425165643335266,-0.017028398327684862,0.04518097816191831,NA,NA,NA
Julognathus__map_z_trans,-0.01657522354714827,-0.006069956304273853,0.009735883455789985,NA,NA,NA
Julognathus__wmm_z_trans,-0.025314012943863727,-0.02218950208091081,0.03929112359666132,NA,NA,NA
Julognathus__cmm_z_trans,0.00958864719549222,-0.007226625228104651,0.015526246732480105,NA,NA,NA
Julognathus__wmmcmm_z_trans,-0.012283464159029043,-0.0084772316646043,0.017074485715667952,NA,NA,NA
Julognathus__wetmon_z_trans,0.0005617140846682593,-0.016095401102022084,0.030554884894773336,NA,NA,NA
Julognathus__drymon_z_trans,0.0012715105803015963,-0.003733242059255094,0.006798100409732493,NA,NA,NA
Julognathus__wetdry_z_trans,0.0058030633993473085,-0.013985639765150278,0.03606408498334474,NA,NA,NA
Julognathus__time,-0.014930322184494277,-0.005217090355218021,0.004940656833490578,NA,NA,NA
Kamagorgon__lat_range_z_trans,0.034520549211040655,-0.0001745368889084273,0.00544250988077051,0.5741594144582632,0.01780551951378584,1.0864552408456802
Kamagorgon__biome,0.3500738828500056,-0.0011760031391750772,0.05912964584394312,NA,NA,NA
Kamagorgon__mat_z_trans,-0.10841014942008546,-0.020138424545405088,0.029117036597784952,NA,NA,NA
Kamagorgon__map_z_trans,-0.08569759532780442,-0.008101392439910779,0.012892026807387397,NA,NA,NA
Kamagorgon__wmm_z_trans,0.03929530037448071,-0.0074009850499051665,0.02820580169265164,NA,NA,NA
Kamagorgon__cmm_z_trans,-0.022304263219414422,-0.021957198182279928,0.041037509450666705,NA,NA,NA
Kamagorgon__wmmcmm_z_trans,0.0002787304133966854,-0.02030976210786677,0.03688764898192599,NA,NA,NA
Kamagorgon__wetmon_z_trans,-0.008477595728206028,-0.004525942169373092,0.009462222069711666,NA,NA,NA
Kamagorgon__drymon_z_trans,0.02653237876887545,-0.008720333895984396,0.02480188290672578,NA,NA,NA
Kamagorgon__wetdry_z_trans,-0.01630818113991384,-0.011013073070802853,0.023992626250531307,NA,NA,NA
Kamagorgon__time,-0.031842132660637464,-0.003932051428917938,0.0028030609820580412,NA,NA,NA
Kannemeyeria__lat_range_z_trans,-0.6315761965513229,-0.02718887467648111,-0.02132270505185411,0.20209520102209352,0.0,0.4383805482648313
Kannemeyeria__biome,0.060163196725770834,-0.009218559052203874,0.0297422835252581,NA,NA,NA
Kannemeyeria__mat_z_trans,0.08133640668005683,-0.00929719658023933,0.03926124357778944,NA,NA,NA
Kannemeyeria__map_z_trans,0.17553797313943506,-0.0047339762590532675,0.032331923165416734,NA,NA,NA
Kannemeyeria__wmm_z_trans,0.08580751020330353,-0.012176897113428634,0.04547804112122077,NA,NA,NA
Kannemeyeria__cmm_z_trans,0.0758123036660254,-0.003563144469043371,0.017865093658931203,NA,NA,NA
Kannemeyeria__wmmcmm_z_trans,0.04122634744970128,-0.00705848102193182,0.022000279355107823,NA,NA,NA
Kannemeyeria__wetmon_z_trans,0.025840402182657273,-0.012990443232665235,0.03603415205319317,NA,NA,NA
Kannemeyeria__drymon_z_trans,0.009741505906567909,-0.005578821030474346,0.02441225572200948,NA,NA,NA
Kannemeyeria__wetdry_z_trans,0.017448489017915562,-0.013945777379624661,0.03504646798397255,NA,NA,NA
Kannemeyeria__time,0.08309633848024532,-0.0016975321033838706,0.012922936353111937,NA,NA,NA
Karenites__lat_range_z_trans,0.05467498748245161,0.0036763664297042933,0.015412683202525614,1.5330499808988316,0.2243650183081627,3.4606802109628916
Karenites__biome,0.09939351175398528,-0.005497106046890474,0.05240751342933957,NA,NA,NA
Karenites__mat_z_trans,0.029748246288433762,-0.01595166536880948,0.04115800167050631,NA,NA,NA
Karenites__map_z_trans,-0.005507965094428807,-0.006539125874140067,0.007648041415966858,NA,NA,NA
Karenites__wmm_z_trans,-0.01109143528962426,-0.023142188848462204,0.031175290052313794,NA,NA,NA
Karenites__cmm_z_trans,0.011668067239752408,-0.010224386420476595,0.03061662877414278,NA,NA,NA
Karenites__wmmcmm_z_trans,-0.0046501950255416575,-0.010888386568741528,0.0299235115055886,NA,NA,NA
Karenites__wetmon_z_trans,-0.0033186238754398076,-0.0166430313441005,0.023121492794171326,NA,NA,NA
Karenites__drymon_z_trans,0.003685038493875455,-0.0037045915615269015,0.006037345038694744,NA,NA,NA
Karenites__wetdry_z_trans,0.012291107463087246,-0.013228737946468125,0.03156807598449497,NA,NA,NA
Karenites__time,-0.00923181531481373,-0.005306849368617924,0.004703387596412533,NA,NA,NA
Kataigidodon__lat_range_z_trans,0.04410461011906252,0.0015127491781677532,0.009379431688091834,1.3734478045330616,0.12647775188088417,2.989415816962719
Kataigidodon__biome,0.1899100449102044,-0.003155361269133807,0.061517188450166724,NA,NA,NA
Kataigidodon__mat_z_trans,-0.04592282719400029,-0.01524203584165065,0.024963379941371534,NA,NA,NA
Kataigidodon__map_z_trans,-0.04287498497919666,-0.018834580455854052,0.033309177202976145,NA,NA,NA
Kataigidodon__wmm_z_trans,-0.01526992703666265,-0.011650419224970234,0.016920578491099948,NA,NA,NA
Kataigidodon__cmm_z_trans,-0.011546059011218997,-0.013103127758827132,0.02026977857959804,NA,NA,NA
Kataigidodon__wmmcmm_z_trans,-0.004782453049749437,-0.006666409140868431,0.015474919637338998,NA,NA,NA
Kataigidodon__wetmon_z_trans,0.012159232203535314,-0.016608026984116588,0.02870969768846953,NA,NA,NA
Kataigidodon__drymon_z_trans,0.017778573044710946,-0.011184685373250547,0.026172856662138158,NA,NA,NA
Kataigidodon__wetdry_z_trans,-0.012587823136838941,-0.01181890221296949,0.019995820531635056,NA,NA,NA
Kataigidodon__time,0.04669253825189127,-0.0006989038350563231,0.017059142591271132,NA,NA,NA
Katumbia__lat_range_z_trans,0.10630244411956306,0.005541793351035345,0.025556839793606526,0.8162636877829209,0.3267882652580738,1.26636281888932
Katumbia__biome,-0.08144997939437067,-0.02238941619035962,0.013211999527308596,NA,NA,NA
Katumbia__mat_z_trans,0.05024807096569905,-0.014665872106461659,0.04845606652786311,NA,NA,NA
Katumbia__map_z_trans,0.014127089199566711,-0.0033288118322083522,0.011338642720272012,NA,NA,NA
Katumbia__wmm_z_trans,0.028432957382514612,-0.007810071629262089,0.024965079143215677,NA,NA,NA
Katumbia__cmm_z_trans,0.010971157951899601,-0.02453591309517093,0.06076142259219863,NA,NA,NA
Katumbia__wmmcmm_z_trans,0.03635612440829354,-0.021220881389230273,0.04874099917636401,NA,NA,NA
Katumbia__wetmon_z_trans,0.006350100434286699,-0.005788997897396187,0.012736758718978081,NA,NA,NA
Katumbia__drymon_z_trans,0.0016098662375157915,-0.0046655773912901944,0.006930018199624764,NA,NA,NA
Katumbia__wetdry_z_trans,0.007759172025916918,-0.005677233101929891,0.014667299518589577,NA,NA,NA
Katumbia__time,-0.0030460792091478324,-0.002908721636255669,0.006406845546136131,NA,NA,NA
Kawingasaurus__lat_range_z_trans,0.10399643193712357,0.005483474946072169,0.025268687047100547,0.8319984507048502,0.30147216748446226,1.26636281888932
Kawingasaurus__biome,-0.0776542316485948,-0.022153803824908544,0.013063034554276914,NA,NA,NA
Kawingasaurus__mat_z_trans,0.04871180344874302,-0.014511537541012197,0.047909725557397226,NA,NA,NA
Kawingasaurus__map_z_trans,0.018231535202028484,-0.003293781475755117,0.01237272801257326,NA,NA,NA
Kawingasaurus__wmm_z_trans,0.028782682067150855,-0.007727883266900721,0.024683598483636774,NA,NA,NA
Kawingasaurus__cmm_z_trans,0.011288060915656234,-0.02427771232415912,0.06007633903167436,NA,NA,NA
Kawingasaurus__wmmcmm_z_trans,0.0333431690368634,-0.020997565961147515,0.0481914455972228,NA,NA,NA
Kawingasaurus__wetmon_z_trans,0.005478594958376567,-0.006652536305233545,0.012593152074490853,NA,NA,NA
Kawingasaurus__drymon_z_trans,0.0009786309300349072,-0.003934356838958879,0.008776726513625195,NA,NA,NA
Kawingasaurus__wetdry_z_trans,0.006825450577512402,-0.006505888277377512,0.014501926073584663,NA,NA,NA
Kawingasaurus__time,-0.0023212033031571825,-0.0028781120491485255,0.006334608518574508,NA,NA,NA
Kembawacela__lat_range_z_trans,0.1071771796706711,0.005380414225139336,0.0249828714835202,0.8110457880655304,0.30147216748446226,1.26636281888932
Kembawacela__biome,-0.08260054904808024,-0.022309083056350522,0.01291527782373366,NA,NA,NA
Kembawacela__mat_z_trans,0.05079664860861633,-0.014613251017136609,0.04736781591303608,NA,NA,NA
Kembawacela__map_z_trans,0.01674550490455083,-0.0033168680689259935,0.012232779378782026,NA,NA,NA
Kembawacela__wmm_z_trans,0.028881882545474524,-0.00778204912409805,0.02440440089024218,NA,NA,NA
Kembawacela__cmm_z_trans,0.012104149418267365,-0.024447878339018663,0.059396812126846416,NA,NA,NA
Kembawacela__wmmcmm_z_trans,0.0333644154194661,-0.0211447409533235,0.047646349401387705,NA,NA,NA
Kembawacela__wetmon_z_trans,0.00843622157793451,-0.006699164899256529,0.012450710211535546,NA,NA,NA
Kembawacela__drymon_z_trans,7.867440918632249e-05,-0.0039619333179690035,0.008588966442462828,NA,NA,NA
Kembawacela__wetdry_z_trans,0.005444423621885929,-0.0056568632127063125,0.01752303039308391,NA,NA,NA
Kembawacela__time,-0.002767627006235321,-0.002898285154883676,0.006262957399526556,NA,NA,NA
Keratocephalus__lat_range_z_trans,0.2276217204727451,0.0034205293929855402,0.016863165272141458,0.4516697582998313,0.0,1.01878654549364
Keratocephalus__biome,-0.08413497152694924,-0.011808438993448247,0.016270757550527794,NA,NA,NA
Keratocephalus__mat_z_trans,0.1045134925699413,-0.016953746527763183,0.04971372956891219,NA,NA,NA
Keratocephalus__map_z_trans,-0.04425126371274428,-0.007116373895682698,0.009506294148546871,NA,NA,NA
Keratocephalus__wmm_z_trans,-0.00021926024880472618,-0.01380616340845075,0.051801592092244796,NA,NA,NA
Keratocephalus__cmm_z_trans,0.024813498313663005,-0.010246362717223107,0.034364280527814636,NA,NA,NA
Keratocephalus__wmmcmm_z_trans,-0.054939782256950315,-0.013425799421170935,0.016149662414665658,NA,NA,NA
Keratocephalus__wetmon_z_trans,0.02905884735584393,-0.015609606692462363,0.03207757132961021,NA,NA,NA
Keratocephalus__drymon_z_trans,0.007839145756181411,-0.003245360236506812,0.008844993684751232,NA,NA,NA
Keratocephalus__wetdry_z_trans,0.01721238907896509,-0.013187672238992332,0.031554884824985065,NA,NA,NA
Keratocephalus__time,-0.04985289168015384,-0.005470708179814627,0.006625040049957213,NA,NA,NA
Keyseria__lat_range_z_trans,0.10630244411956306,0.005541793351035345,0.025556839793606526,0.8162636877829209,0.3267882652580738,1.26636281888932
Keyseria__biome,-0.08144997939437067,-0.02238941619035962,0.013211999527308596,NA,NA,NA
Keyseria__mat_z_trans,0.05024807096569905,-0.014665872106461659,0.04845606652786311,NA,NA,NA
Keyseria__map_z_trans,0.014127089199566711,-0.0033288118322083522,0.011338642720272012,NA,NA,NA
Keyseria__wmm_z_trans,0.028432957382514612,-0.007810071629262089,0.024965079143215677,NA,NA,NA
Keyseria__cmm_z_trans,0.010971157951899601,-0.02453591309517093,0.06076142259219863,NA,NA,NA
Keyseria__wmmcmm_z_trans,0.03635612440829354,-0.021220881389230273,0.04874099917636401,NA,NA,NA
Keyseria__wetmon_z_trans,0.006350100434286699,-0.005788997897396187,0.012736758718978081,NA,NA,NA
Keyseria__drymon_z_trans,0.0016098662375157915,-0.0046655773912901944,0.006930018199624764,NA,NA,NA
Keyseria__wetdry_z_trans,0.007759172025916918,-0.005677233101929891,0.014667299518589577,NA,NA,NA
Keyseria__time,-0.0030460792091478324,-0.002908721636255669,0.006406845546136131,NA,NA,NA
Kitchinganomodon__lat_range_z_trans,-0.7890773636102676,-0.031155390971317386,-0.02874296050189069,0.20948102888767609,0.0,0.4825261007063091
Kitchinganomodon__biome,0.07948883203789592,-0.017999517452441504,0.026379857812081544,NA,NA,NA
Kitchinganomodon__mat_z_trans,0.15419188650557772,-0.006203497407056646,0.03088902406618232,NA,NA,NA
Kitchinganomodon__map_z_trans,0.198477488484059,-0.0027699787619027997,0.05694364965986792,NA,NA,NA
Kitchinganomodon__wmm_z_trans,0.09664017452509142,-0.003251029949254517,0.020609124232058317,NA,NA,NA
Kitchinganomodon__cmm_z_trans,0.06584127719514071,-0.007227054931781502,0.044161346823414126,NA,NA,NA
Kitchinganomodon__wmmcmm_z_trans,0.07110729122825432,-0.006575601065389306,0.025693814655246696,NA,NA,NA
Kitchinganomodon__wetmon_z_trans,0.06828656229772605,-0.00988789518968096,0.04538061274852402,NA,NA,NA
Kitchinganomodon__drymon_z_trans,0.04274315751623362,-0.004613404092564295,0.027758421548053518,NA,NA,NA
Kitchinganomodon__wetdry_z_trans,0.02441144737531431,-0.016863557451259382,0.021068429996433102,NA,NA,NA
Kitchinganomodon__time,0.019709351210913155,-0.000902775645881212,0.0036306504241862053,NA,NA,NA
Kombuisia__lat_range_z_trans,-0.28657941676031706,-0.04300925644925968,0.0007777478320746903,0.8643364401650615,0.0,2.5776647813618183
Kombuisia__biome,0.27640091120300886,-0.015893045678237377,0.12639486856447021,NA,NA,NA
Kombuisia__mat_z_trans,0.030376211527176032,-0.004696061733370815,0.01893428225334115,NA,NA,NA
Kombuisia__map_z_trans,0.0413320541452941,-0.0026335553903966374,0.01811723833606765,NA,NA,NA
Kombuisia__wmm_z_trans,0.021497440829966376,-0.00861860574596789,0.019256275558282517,NA,NA,NA
Kombuisia__cmm_z_trans,0.021150831632079252,-0.003265196311888486,0.011821904213357964,NA,NA,NA
Kombuisia__wmmcmm_z_trans,0.01651870695110974,-0.003654164785794595,0.011575307678906549,NA,NA,NA
Kombuisia__wetmon_z_trans,0.009764276757254626,-0.010105914882310626,0.023003122205210155,NA,NA,NA
Kombuisia__drymon_z_trans,0.021678949556869637,-0.004346478182964225,0.014683585550953582,NA,NA,NA
Kombuisia__wetdry_z_trans,0.007037108765170148,-0.010390050440088701,0.022874607719064407,NA,NA,NA
Kombuisia__time,0.018483849514125787,-0.0008373733182504664,0.006333031552428204,NA,NA,NA
Kotelcephalon__lat_range_z_trans,0.058318562019316345,0.00334877933619258,0.018897937440781765,1.4239651622847305,0.05882244312670082,3.268154665827751
Kotelcephalon__biome,0.10580956177624556,-0.013882905479457093,0.049980872332424715,NA,NA,NA
Kotelcephalon__mat_z_trans,0.025006788178451856,-0.01606936989161012,0.04654397753331785,NA,NA,NA
Kotelcephalon__map_z_trans,-0.010663189725866336,-0.005728100271221963,0.008871553468741442,NA,NA,NA
Kotelcephalon__wmm_z_trans,-0.011011932544896238,-0.022107870572112977,0.03616262485519777,NA,NA,NA
Kotelcephalon__cmm_z_trans,0.005391810620806655,-0.008845320833377225,0.01994645208955761,NA,NA,NA
Kotelcephalon__wmmcmm_z_trans,0.002925318551794702,-0.009537936913590901,0.026410114183560606,NA,NA,NA
Kotelcephalon__wetmon_z_trans,0.0038255357645578998,-0.014578852615929273,0.02615116358948718,NA,NA,NA
Kotelcephalon__drymon_z_trans,0.0006713046734433498,-0.0035368360459369606,0.0065677757149688815,NA,NA,NA
Kotelcephalon__wetdry_z_trans,0.007980508318476891,-0.011588022447886166,0.030800465864562865,NA,NA,NA
Kotelcephalon__time,-0.010593343510593234,-0.004923267183599414,0.0034390343915564193,NA,NA,NA
Kuehneotherium__lat_range_z_trans,-0.5548678274713923,-0.01278425271656559,-0.011297792638106941,0.4180688013395411,0.0,0.7986115450039506
Kuehneotherium__biome,0.4293277943560814,-0.007011803347333257,0.03766280638851202,NA,NA,NA
Kuehneotherium__mat_z_trans,-0.12708179724181912,-0.014742289459015321,0.030008480278228403,NA,NA,NA
Kuehneotherium__map_z_trans,-0.3081856961803699,-0.01960582622159261,0.021714835249072605,NA,NA,NA
Kuehneotherium__wmm_z_trans,0.019579112071644048,-0.006624790818331473,0.018723632947136897,NA,NA,NA
Kuehneotherium__cmm_z_trans,0.01711448822901521,-0.00740169331247186,0.0336757844839913,NA,NA,NA
Kuehneotherium__wmmcmm_z_trans,0.009949584741886336,-0.0038727984637128544,0.014970804297400258,NA,NA,NA
Kuehneotherium__wetmon_z_trans,0.19569970742492615,-0.01330733166151587,0.04818949261144607,NA,NA,NA
Kuehneotherium__drymon_z_trans,0.09273140058913373,-0.004523391444982755,0.01740677717226024,NA,NA,NA
Kuehneotherium__wetdry_z_trans,0.1864047926452403,-0.015513413398280123,0.043917224215601264,NA,NA,NA
Kuehneotherium__time,0.21698936495739152,-0.0020621120747278065,0.01879992645861501,NA,NA,NA
Kunpania__lat_range_z_trans,0.027522249715634942,0.00595310108242569,0.019012188513968735,3.37071963079743,0.9271054612472653,7.916762889362872
Kunpania__biome,0.07429272675584879,-0.01727361455081222,0.0958946906576438,NA,NA,NA
Kunpania__mat_z_trans,0.016299975333628116,-0.01737183394882164,0.03168356508605547,NA,NA,NA
Kunpania__map_z_trans,0.0057206027354073435,-0.004205248745086264,0.007902267429332989,NA,NA,NA
Kunpania__wmm_z_trans,0.010762319005239919,-0.0095711920837508,0.017891648840122128,NA,NA,NA
Kunpania__cmm_z_trans,0.009293148103624065,-0.033312057310432915,0.030534453068930427,NA,NA,NA
Kunpania__wmmcmm_z_trans,0.013494658750777684,-0.016959348851529273,0.03504015955096158,NA,NA,NA
Kunpania__wetmon_z_trans,0.007241297346298078,-0.0031614287541543253,0.012123169604793246,NA,NA,NA
Kunpania__drymon_z_trans,0.0034897634737978173,-0.0023264184458567506,0.006727055253674908,NA,NA,NA
Kunpania__wetdry_z_trans,0.010905816539545376,-0.00519581243360357,0.014539375403143113,NA,NA,NA
Kunpania__time,-0.0013616336380646468,-0.0040258488769074445,0.002423398055530691,NA,NA,NA
Kwazulusaurus__lat_range_z_trans,0.1059922602750298,0.004548744562877152,0.023437764798542714,0.8184474679396954,0.2287312636617571,1.3301963824778795
Kwazulusaurus__biome,-0.08426967061485792,-0.021751607374895367,0.012734425293963975,NA,NA,NA
Kwazulusaurus__mat_z_trans,0.0484596729766461,-0.01424808441443599,0.04670452477408784,NA,NA,NA
Kwazulusaurus__map_z_trans,0.02227859293238834,-0.0032339837440816784,0.012990721354935864,NA,NA,NA
Kwazulusaurus__wmm_z_trans,0.022744126604609536,-0.009998364811952693,0.02406266626410791,NA,NA,NA
Kwazulusaurus__cmm_z_trans,0.013011497466629206,-0.02383695687699571,0.058565079052265955,NA,NA,NA
Kwazulusaurus__wmmcmm_z_trans,0.0402506894579413,-0.01753579370440735,0.047847212961288604,NA,NA,NA
Kwazulusaurus__wetmon_z_trans,0.002623463154260664,-0.006531761267831598,0.018456548555449585,NA,NA,NA
Kwazulusaurus__drymon_z_trans,0.0004335615462664443,-0.004532668772141969,0.008357398025329355,NA,NA,NA
Kwazulusaurus__wetdry_z_trans,0.008168598605148394,-0.007503365828670236,0.01413712054693976,NA,NA,NA
Kwazulusaurus__time,-0.0020318682823243584,-0.0028258606859940774,0.0064785098372455415,NA,NA,NA
Lalieudorhynchus__lat_range_z_trans,0.017754249159610873,0.002017430803961319,0.011809709469925272,4.081239820330811,0.053010329604148865,8.562472581863403
Lalieudorhynchus__biome,0.13136361314047146,-0.008987800611470078,0.10071462299040838,NA,NA,NA
Lalieudorhynchus__mat_z_trans,0.010615176951335816,-0.016677383157770828,0.03213745129326248,NA,NA,NA
Lalieudorhynchus__map_z_trans,-0.001514870594656955,-0.005498684861198871,0.00641070166868516,NA,NA,NA
Lalieudorhynchus__wmm_z_trans,0.008861773662659556,-0.011570533025124596,0.026869165785081632,NA,NA,NA
Lalieudorhynchus__cmm_z_trans,0.0005737642014298444,-0.02031532486004375,0.016459879279160535,NA,NA,NA
Lalieudorhynchus__wmmcmm_z_trans,0.0014058980012271697,-0.017446188310294753,0.01991905254522976,NA,NA,NA
Lalieudorhynchus__wetmon_z_trans,0.008180960293538021,-0.009185928445163766,0.02381908916891818,NA,NA,NA
Lalieudorhynchus__drymon_z_trans,0.0026546451547041668,-0.0036000185108140707,0.01623322507387428,NA,NA,NA
Lalieudorhynchus__wetdry_z_trans,0.0026858812970680553,-0.011581967164812662,0.017616307267359042,NA,NA,NA
Lalieudorhynchus__time,-0.004920167145650506,-0.004603304775797459,0.001782766922252394,NA,NA,NA
Langbergia__lat_range_z_trans,-0.6033634720742702,-0.01726933494102199,-0.01363886874832382,0.11902133995579789,0.0,0.39950667321681976
Langbergia__biome,-0.19820925049483776,-0.022136434031754484,0.016746640328350035,NA,NA,NA
Langbergia__mat_z_trans,0.11006013398087816,-0.005921553705501736,0.026015624926817922,NA,NA,NA
Langbergia__map_z_trans,0.35307042406871914,-0.003428038740386123,0.06276906741913763,NA,NA,NA
Langbergia__wmm_z_trans,0.08295701395603829,-0.0027194722208263664,0.026553871315981966,NA,NA,NA
Langbergia__cmm_z_trans,0.06740635390160606,-0.004166102631398914,0.022595426181262816,NA,NA,NA
Langbergia__wmmcmm_z_trans,0.028472712821676394,-0.00270510248803613,0.010828986144725302,NA,NA,NA
Langbergia__wetmon_z_trans,-0.02149443747010082,-0.02123262939194222,0.05194624903417508,NA,NA,NA
Langbergia__drymon_z_trans,0.07614734418981244,-0.008160110992842234,0.02477852248747453,NA,NA,NA
Langbergia__wetdry_z_trans,-0.0287433190504089,-0.019911387265644367,0.03674780616577283,NA,NA,NA
Langbergia__time,0.07505691200494766,0.0002004634908250541,0.008428646208782802,NA,NA,NA
Lanthanostegus__lat_range_z_trans,0.24919677839982296,0.0025630963898073764,0.01775977550965648,0.42970149832079185,0.0,1.0404887404292822
Lanthanostegus__biome,-0.08748541858260732,-0.012013577832090092,0.020879371950693174,NA,NA,NA
Lanthanostegus__mat_z_trans,0.11647371170260963,-0.01614760474720549,0.05235699601131475,NA,NA,NA
Lanthanostegus__map_z_trans,-0.06311398054285215,-0.006322803239708916,0.009071534462303318,NA,NA,NA
Lanthanostegus__wmm_z_trans,-0.02694946465024672,-0.019268110087143086,0.05455586965757317,NA,NA,NA
Lanthanostegus__cmm_z_trans,0.005685065978932422,-0.009103756538564477,0.02287188766692034,NA,NA,NA
Lanthanostegus__wmmcmm_z_trans,-0.015200775021513327,-0.01005539807836009,0.01939703582801337,NA,NA,NA
Lanthanostegus__wetmon_z_trans,0.05553506277166797,-0.013772386459332271,0.03378312769370878,NA,NA,NA
Lanthanostegus__drymon_z_trans,0.002265946167585092,-0.0028834592614444456,0.009315279764530402,NA,NA,NA
Lanthanostegus__wetdry_z_trans,-0.007636217683451921,-0.015585051852243697,0.02679688851352865,NA,NA,NA
Lanthanostegus__time,-0.051109784418209146,-0.004860651212244327,0.0069842044059146855,NA,NA,NA
Lemurosaurus__lat_range_z_trans,0.10630244411956306,0.005541793351035345,0.025556839793606526,0.8162636877829209,0.3267882652580738,1.26636281888932
Lemurosaurus__biome,-0.08144997939437067,-0.02238941619035962,0.013211999527308596,NA,NA,NA
Lemurosaurus__mat_z_trans,0.05024807096569905,-0.014665872106461659,0.04845606652786311,NA,NA,NA
Lemurosaurus__map_z_trans,0.014127089199566711,-0.0033288118322083522,0.011338642720272012,NA,NA,NA
Lemurosaurus__wmm_z_trans,0.028432957382514612,-0.007810071629262089,0.024965079143215677,NA,NA,NA
Lemurosaurus__cmm_z_trans,0.010971157951899601,-0.02453591309517093,0.06076142259219863,NA,NA,NA
Lemurosaurus__wmmcmm_z_trans,0.03635612440829354,-0.021220881389230273,0.04874099917636401,NA,NA,NA
Lemurosaurus__wetmon_z_trans,0.006350100434286699,-0.005788997897396187,0.012736758718978081,NA,NA,NA
Lemurosaurus__drymon_z_trans,0.0016098662375157915,-0.0046655773912901944,0.006930018199624764,NA,NA,NA
Lemurosaurus__wetdry_z_trans,0.007759172025916918,-0.005677233101929891,0.014667299518589577,NA,NA,NA
Lemurosaurus__time,-0.0030460792091478324,-0.002908721636255669,0.006406845546136131,NA,NA,NA
Lende__lat_range_z_trans,0.10630244411956306,0.005541793351035345,0.025556839793606526,0.8162636877829209,0.3267882652580738,1.26636281888932
Lende__biome,-0.08144997939437067,-0.02238941619035962,0.013211999527308596,NA,NA,NA
Lende__mat_z_trans,0.05024807096569905,-0.014665872106461659,0.04845606652786311,NA,NA,NA
Lende__map_z_trans,0.014127089199566711,-0.0033288118322083522,0.011338642720272012,NA,NA,NA
Lende__wmm_z_trans,0.028432957382514612,-0.007810071629262089,0.024965079143215677,NA,NA,NA
Lende__cmm_z_trans,0.010971157951899601,-0.02453591309517093,0.06076142259219863,NA,NA,NA
Lende__wmmcmm_z_trans,0.03635612440829354,-0.021220881389230273,0.04874099917636401,NA,NA,NA
Lende__wetmon_z_trans,0.006350100434286699,-0.005788997897396187,0.012736758718978081,NA,NA,NA
Lende__drymon_z_trans,0.0016098662375157915,-0.0046655773912901944,0.006930018199624764,NA,NA,NA
Lende__wetdry_z_trans,0.007759172025916918,-0.005677233101929891,0.014667299518589577,NA,NA,NA
Lende__time,-0.0030460792091478324,-0.002908721636255669,0.006406845546136131,NA,NA,NA
Leogorgon__lat_range_z_trans,0.0102603296066535,-0.0014910168189716407,0.008928396690025731,2.19551453463735,0.0,5.419136293232441
Leogorgon__biome,0.08375646003734645,-0.01214725968830382,0.084740507001312,NA,NA,NA
Leogorgon__mat_z_trans,0.0217571332967568,-0.018340566242239204,0.03145954233667454,NA,NA,NA
Leogorgon__map_z_trans,0.005871068233762056,-0.004651083090417663,0.008780588296417946,NA,NA,NA
Leogorgon__wmm_z_trans,0.008963740869483554,-0.009006640462789157,0.02409778941075161,NA,NA,NA
Leogorgon__cmm_z_trans,0.008439543663427425,-0.027647801151966914,0.03265673898586686,NA,NA,NA
Leogorgon__wmmcmm_z_trans,0.013720504267590401,-0.014739996692381248,0.038324294663760736,NA,NA,NA
Leogorgon__wetmon_z_trans,0.007728029507341247,-0.0049472664977899886,0.015605443917745591,NA,NA,NA
Leogorgon__drymon_z_trans,0.004645654830851271,-0.0037579099919216666,0.008221224625691128,NA,NA,NA
Leogorgon__wetdry_z_trans,0.014225780703524865,-0.0060593432282835735,0.01679011790623856,NA,NA,NA
Leogorgon__time,-0.001707320895000106,-0.004660819053464631,0.00416732762967241,NA,NA,NA
Leontosaurus__lat_range_z_trans,0.09900615619262497,0.0028441748579499434,0.017611399855820838,0.85879518592963,0.0,1.3301963824778795
Leontosaurus__biome,-0.07478893979937971,-0.014720879706751885,0.009540563576928004,NA,NA,NA
Leontosaurus__mat_z_trans,0.04748657736127354,-0.008471999971291286,0.03213807803150226,NA,NA,NA
Leontosaurus__map_z_trans,0.06713484926918833,-0.004892918680074363,0.04198376335050902,NA,NA,NA
Leontosaurus__wmm_z_trans,0.024641876625054234,-0.008425228791234946,0.018044512544386593,NA,NA,NA
Leontosaurus__cmm_z_trans,0.009684222855090768,-0.01578312889201684,0.043876645171478476,NA,NA,NA
Leontosaurus__wmmcmm_z_trans,0.0360296145106211,-0.010570271111428978,0.03049381176159565,NA,NA,NA
Leontosaurus__wetmon_z_trans,-0.015864941583330634,-0.02082034330409596,0.04442273396460562,NA,NA,NA
Leontosaurus__drymon_z_trans,-0.010832049053051455,-0.010708705546304494,0.01262602592208858,NA,NA,NA
Leontosaurus__wetdry_z_trans,-0.009209942342652506,-0.013987938270718137,0.018170550553715754,NA,NA,NA
Leontosaurus__time,0.0043735000862988455,-0.001912463502562568,0.004863886731526321,NA,NA,NA
Lepagia__lat_range_z_trans,-0.22410639286902329,-0.004576201938075712,-0.0029055675037284816,0.44985778865171594,0.0,1.368146263062954
Lepagia__biome,0.2790840418087634,-0.010312584677207508,0.03627439895251178,NA,NA,NA
Lepagia__mat_z_trans,-0.15330767694459527,-0.016662474442481156,0.023364320812187235,NA,NA,NA
Lepagia__map_z_trans,-0.40784973312103345,-0.018696581559698767,0.018349394624164538,NA,NA,NA
Lepagia__wmm_z_trans,-0.024116481702957975,-0.008106035013951324,0.02250595775796389,NA,NA,NA
Lepagia__cmm_z_trans,-0.011754445391231322,-0.01175144813620507,0.025409306879436024,NA,NA,NA
Lepagia__wmmcmm_z_trans,0.006563983418362019,-0.005067165162169699,0.014086101410629426,NA,NA,NA
Lepagia__wetmon_z_trans,0.18779676069261317,-0.01235880469570039,0.050621899189964036,NA,NA,NA
Lepagia__drymon_z_trans,0.1101615788240584,-0.004527860018318348,0.018425811864324994,NA,NA,NA
Lepagia__wetdry_z_trans,0.17304285893276591,-0.014289537672899205,0.04625721925282592,NA,NA,NA
Lepagia__time,0.24214643047401585,-0.0011010096018223372,0.021383128223877747,NA,NA,NA
Leucocephalus__lat_range_z_trans,0.10630244411956306,0.005541793351035345,0.025556839793606526,0.8162636877829209,0.3267882652580738,1.26636281888932
Leucocephalus__biome,-0.08144997939437067,-0.02238941619035962,0.013211999527308596,NA,NA,NA
Leucocephalus__mat_z_trans,0.05024807096569905,-0.014665872106461659,0.04845606652786311,NA,NA,NA
Leucocephalus__map_z_trans,0.014127089199566711,-0.0033288118322083522,0.011338642720272012,NA,NA,NA
Leucocephalus__wmm_z_trans,0.028432957382514612,-0.007810071629262089,0.024965079143215677,NA,NA,NA
Leucocephalus__cmm_z_trans,0.010971157951899601,-0.02453591309517093,0.06076142259219863,NA,NA,NA
Leucocephalus__wmmcmm_z_trans,0.03635612440829354,-0.021220881389230273,0.04874099917636401,NA,NA,NA
Leucocephalus__wetmon_z_trans,0.006350100434286699,-0.005788997897396187,0.012736758718978081,NA,NA,NA
Leucocephalus__drymon_z_trans,0.0016098662375157915,-0.0046655773912901944,0.006930018199624764,NA,NA,NA
Leucocephalus__wetdry_z_trans,0.007759172025916918,-0.005677233101929891,0.014667299518589577,NA,NA,NA
Leucocephalus__time,-0.0030460792091478324,-0.002908721636255669,0.006406845546136131,NA,NA,NA
Lobalopex__lat_range_z_trans,0.10630244411956306,0.005541793351035345,0.025556839793606526,0.8162636877829209,0.3267882652580738,1.26636281888932
Lobalopex__biome,-0.08144997939437067,-0.02238941619035962,0.013211999527308596,NA,NA,NA
Lobalopex__mat_z_trans,0.05024807096569905,-0.014665872106461659,0.04845606652786311,NA,NA,NA
Lobalopex__map_z_trans,0.014127089199566711,-0.0033288118322083522,0.011338642720272012,NA,NA,NA
Lobalopex__wmm_z_trans,0.028432957382514612,-0.007810071629262089,0.024965079143215677,NA,NA,NA
Lobalopex__cmm_z_trans,0.010971157951899601,-0.02453591309517093,0.06076142259219863,NA,NA,NA
Lobalopex__wmmcmm_z_trans,0.03635612440829354,-0.021220881389230273,0.04874099917636401,NA,NA,NA
Lobalopex__wetmon_z_trans,0.006350100434286699,-0.005788997897396187,0.012736758718978081,NA,NA,NA
Lobalopex__drymon_z_trans,0.0016098662375157915,-0.0046655773912901944,0.006930018199624764,NA,NA,NA
Lobalopex__wetdry_z_trans,0.007759172025916918,-0.005677233101929891,0.014667299518589577,NA,NA,NA
Lobalopex__time,-0.0030460792091478324,-0.002908721636255669,0.006406845546136131,NA,NA,NA
Lophorhinus__lat_range_z_trans,0.10630244411956306,0.005541793351035345,0.025556839793606526,0.8162636877829209,0.3267882652580738,1.26636281888932
Lophorhinus__biome,-0.08144997939437067,-0.02238941619035962,0.013211999527308596,NA,NA,NA
Lophorhinus__mat_z_trans,0.05024807096569905,-0.014665872106461659,0.04845606652786311,NA,NA,NA
Lophorhinus__map_z_trans,0.014127089199566711,-0.0033288118322083522,0.011338642720272012,NA,NA,NA
Lophorhinus__wmm_z_trans,0.028432957382514612,-0.007810071629262089,0.024965079143215677,NA,NA,NA
Lophorhinus__cmm_z_trans,0.010971157951899601,-0.02453591309517093,0.06076142259219863,NA,NA,NA
Lophorhinus__wmmcmm_z_trans,0.03635612440829354,-0.021220881389230273,0.04874099917636401,NA,NA,NA
Lophorhinus__wetmon_z_trans,0.006350100434286699,-0.005788997897396187,0.012736758718978081,NA,NA,NA
Lophorhinus__drymon_z_trans,0.0016098662375157915,-0.0046655773912901944,0.006930018199624764,NA,NA,NA
Lophorhinus__wetdry_z_trans,0.007759172025916918,-0.005677233101929891,0.014667299518589577,NA,NA,NA
Lophorhinus__time,-0.0030460792091478324,-0.002908721636255669,0.006406845546136131,NA,NA,NA
Luangwa__lat_range_z_trans,-0.3152737125754356,-0.008072828589263585,-0.0077119231090395975,0.1628656509303255,0.0,0.3685887895990163
Luangwa__biome,0.06184230878949165,-0.009122279467981227,0.022924695433417058,NA,NA,NA
Luangwa__mat_z_trans,-0.07998586411587894,-0.022825738801938035,0.046205262850152286,NA,NA,NA
Luangwa__map_z_trans,-0.05481129362247884,-0.009483527309647341,0.029634915767071175,NA,NA,NA
Luangwa__wmm_z_trans,0.05606255549937487,-0.015700934177784082,0.04968052096299228,NA,NA,NA
Luangwa__cmm_z_trans,0.03681274999864399,-0.010622067141798506,0.03992868553580349,NA,NA,NA
Luangwa__wmmcmm_z_trans,0.08172148062556517,-0.004225038334453339,0.021596513467826796,NA,NA,NA
Luangwa__wetmon_z_trans,0.036201420661527664,-0.011421187946321267,0.02549415452031632,NA,NA,NA
Luangwa__drymon_z_trans,0.02006326086586341,-0.00553139360548321,0.009833112706928956,NA,NA,NA
Luangwa__wetdry_z_trans,-0.02167552008293569,-0.010202780288738734,0.020146249119588944,NA,NA,NA
Luangwa__time,0.16424734076485037,-0.00024192725512018365,0.01603978420909941,NA,NA,NA
Lumkuia__lat_range_z_trans,0.09394376734444335,0.00406395816043458,0.020554842091276206,0.8427666262269485,0.29340557754039764,1.7781901359558105
Lumkuia__biome,-0.02865176501000106,-0.016359140776850134,0.023621065778967665,NA,NA,NA
Lumkuia__mat_z_trans,0.02036381208777793,-0.007279580068832109,0.02334114701610267,NA,NA,NA
Lumkuia__map_z_trans,0.04630479917297387,-0.004146902799462412,0.022153762408543397,NA,NA,NA
Lumkuia__wmm_z_trans,0.012709468313098386,-0.008779854013112166,0.015486678482699957,NA,NA,NA
Lumkuia__cmm_z_trans,0.02206437373706312,-0.008280441865885807,0.021852869090430757,NA,NA,NA
Lumkuia__wmmcmm_z_trans,0.006134688349067799,-0.005521543652551525,0.015157845141648899,NA,NA,NA
Lumkuia__wetmon_z_trans,-0.024671675880567494,-0.02429078426902081,0.040087225475169075,NA,NA,NA
Lumkuia__drymon_z_trans,0.02512819070189514,-0.009253315591641354,0.02878628198420555,NA,NA,NA
Lumkuia__wetdry_z_trans,-0.03101908734828276,-0.027153781240949904,0.050353243126016904,NA,NA,NA
Lumkuia__time,0.035354352654269214,-0.0004483168006578737,0.012377010869096039,NA,NA,NA
Lupeosaurus__lat_range_z_trans,0.05333991717310937,0.0008516918060087225,0.008321722783161598,1.121540091606439,0.14335926622152328,2.3401127010583878
Lupeosaurus__biome,0.2572157187655,-0.004915250578850487,0.05998869986022464,NA,NA,NA
Lupeosaurus__mat_z_trans,-0.07050354401547908,-0.017887161665625824,0.02950826043707216,NA,NA,NA
Lupeosaurus__map_z_trans,0.12258408552136724,-0.008902947999385069,0.03583741336078449,NA,NA,NA
Lupeosaurus__wmm_z_trans,0.006448999146751378,-0.0014247295545224737,0.0036845223731510244,NA,NA,NA
Lupeosaurus__cmm_z_trans,-0.025811189902202065,-0.016042720182302527,0.03327997737249064,NA,NA,NA
Lupeosaurus__wmmcmm_z_trans,-0.016993070754286507,-0.014266211811885983,0.026666660436908886,NA,NA,NA
Lupeosaurus__wetmon_z_trans,-0.030334479228619017,-0.015656647772206503,0.02876677860522858,NA,NA,NA
Lupeosaurus__drymon_z_trans,-0.027062331877973463,-0.01125268964782092,0.02550798600239745,NA,NA,NA
Lupeosaurus__wetdry_z_trans,-0.02915511194351785,-0.010093772720584836,0.01580988724848516,NA,NA,NA
Lupeosaurus__time,-0.06206806876291249,-0.007859262791353615,0.0064000629842524935,NA,NA,NA
Lycaenodon__lat_range_z_trans,-0.3781780654844703,-0.012543488464882313,-0.013216409247349643,0.0,0.0,0.2958894856274128
Lycaenodon__biome,-0.30843475333500137,-0.024458817469655388,0.014897101428521546,NA,NA,NA
Lycaenodon__mat_z_trans,0.09364909348420954,-0.01108193589675665,0.044317426225021425,NA,NA,NA
Lycaenodon__map_z_trans,0.13015306855582137,-0.004046722760061296,0.03683872637220219,NA,NA,NA
Lycaenodon__wmm_z_trans,0.06016662431472422,-0.004614111395013823,0.02013876090265766,NA,NA,NA
Lycaenodon__cmm_z_trans,0.054320696746200804,-0.010385592250755457,0.04916870976689145,NA,NA,NA
Lycaenodon__wmmcmm_z_trans,0.0823579002138925,-0.01432808132028259,0.030924805225914672,NA,NA,NA
Lycaenodon__wetmon_z_trans,0.005261418446154784,-0.012200701186299692,0.03223499519884414,NA,NA,NA
Lycaenodon__drymon_z_trans,0.04259159511646913,-0.0061445728914804815,0.01713621457775365,NA,NA,NA
Lycaenodon__wetdry_z_trans,0.005833931943918127,-0.006808651477753866,0.03533585164903934,NA,NA,NA
Lycaenodon__time,0.03461756587634365,-0.0008370278055879483,0.005995789364660666,NA,NA,NA
Lycaenops__lat_range_z_trans,-0.7938749569654465,-0.03403921819842859,-0.033224500154359765,0.20401936907583149,0.0,0.6820112336426973
Lycaenops__biome,0.14534680124372243,-0.012052852419256677,0.03945499277416396,NA,NA,NA
Lycaenops__mat_z_trans,0.15569763650884852,-0.008553407144828435,0.036472050206687014,NA,NA,NA
Lycaenops__map_z_trans,0.15814036019757624,-0.003633263180171487,0.05658613922182538,NA,NA,NA
Lycaenops__wmm_z_trans,0.10516823143814691,-0.001527032066122426,0.023822453890377793,NA,NA,NA
Lycaenops__cmm_z_trans,0.06524040325079113,-0.014857677297431638,0.037585798051363084,NA,NA,NA
Lycaenops__wmmcmm_z_trans,0.07541186122456565,-0.008576663735847099,0.03320868806509066,NA,NA,NA
Lycaenops__wetmon_z_trans,0.03148103007581085,-0.0133150391182049,0.027264530941192494,NA,NA,NA
Lycaenops__drymon_z_trans,0.027847150565939956,-0.004433419983624009,0.016865048248149554,NA,NA,NA
Lycaenops__wetdry_z_trans,0.038818695304798895,-0.0052244171506939975,0.03185980908340625,NA,NA,NA
Lycaenops__time,0.017081232109339907,-0.001236712623920252,0.0038769611362606923,NA,NA,NA
Lycedops__lat_range_z_trans,0.34185540378931056,0.0030833795198414037,0.01841974300123337,0.35755680067348294,0.0,0.681021124124527
Lycedops__biome,-0.08692531424523012,-0.01128212604364026,0.021655266146231148,NA,NA,NA
Lycedops__mat_z_trans,0.15752960118941758,-0.016382902926506297,0.05430262394480417,NA,NA,NA
Lycedops__map_z_trans,-0.10483958315083429,-0.006414937281486116,0.009117241384674108,NA,NA,NA
Lycedops__wmm_z_trans,-0.08693126147336269,-0.019548879358688258,0.05267614406664571,NA,NA,NA
Lycedops__cmm_z_trans,0.027531835166229708,-0.008856872846986328,0.01869342762636811,NA,NA,NA
Lycedops__wmmcmm_z_trans,-0.05245090132690978,-0.009794268165945972,0.012315650648054819,NA,NA,NA
Lycedops__wetmon_z_trans,0.032904484132655454,-0.014071021195437869,0.03949213442659686,NA,NA,NA
Lycedops__drymon_z_trans,0.015580321978740189,-0.0027515288462754183,0.009661443026345926,NA,NA,NA
Lycedops__wetdry_z_trans,0.019634846724087388,-0.01632406893552894,0.03043279236471252,NA,NA,NA
Lycedops__time,-0.0862285086623665,-0.00510647683787545,0.007005504828490369,NA,NA,NA
Lycideops__lat_range_z_trans,0.10630244411956306,0.005541793351035345,0.025556839793606526,0.8162636877829209,0.3267882652580738,1.26636281888932
Lycideops__biome,-0.08144997939437067,-0.02238941619035962,0.013211999527308596,NA,NA,NA
Lycideops__mat_z_trans,0.05024807096569905,-0.014665872106461659,0.04845606652786311,NA,NA,NA
Lycideops__map_z_trans,0.014127089199566711,-0.0033288118322083522,0.011338642720272012,NA,NA,NA
Lycideops__wmm_z_trans,0.028432957382514612,-0.007810071629262089,0.024965079143215677,NA,NA,NA
Lycideops__cmm_z_trans,0.010971157951899601,-0.02453591309517093,0.06076142259219863,NA,NA,NA
Lycideops__wmmcmm_z_trans,0.03635612440829354,-0.021220881389230273,0.04874099917636401,NA,NA,NA
Lycideops__wetmon_z_trans,0.006350100434286699,-0.005788997897396187,0.012736758718978081,NA,NA,NA
Lycideops__drymon_z_trans,0.0016098662375157915,-0.0046655773912901944,0.006930018199624764,NA,NA,NA
Lycideops__wetdry_z_trans,0.007759172025916918,-0.005677233101929891,0.014667299518589577,NA,NA,NA
Lycideops__time,-0.0030460792091478324,-0.002908721636255669,0.006406845546136131,NA,NA,NA
Lycosaurus__lat_range_z_trans,0.07261679845895683,-0.0003627454171202635,0.01048286139059969,0.38718428604479416,0.0,0.8757769158110023
Lycosaurus__biome,-0.29480968179895145,-0.021947694507954706,0.012673942988462713,NA,NA,NA
Lycosaurus__mat_z_trans,0.12808187353568606,-0.015579738917237561,0.04729776019269447,NA,NA,NA
Lycosaurus__map_z_trans,0.06309507941326702,-0.003250102366284056,0.01461842088164657,NA,NA,NA
Lycosaurus__wmm_z_trans,0.08172023698841173,-0.008724892403127966,0.021070609679152363,NA,NA,NA
Lycosaurus__cmm_z_trans,0.026058374759559206,-0.023269274379702127,0.06308559774112388,NA,NA,NA
Lycosaurus__wmmcmm_z_trans,0.07812574142089576,-0.015842396492984853,0.0503079025951105,NA,NA,NA
Lycosaurus__wetmon_z_trans,0.0003473436300483826,-0.005029010643059145,0.02569392464346746,NA,NA,NA
Lycosaurus__drymon_z_trans,0.0080525673219133,-0.004031945547046001,0.008431553289841678,NA,NA,NA
Lycosaurus__wetdry_z_trans,0.00972998076770577,-0.006949249951799907,0.013914820865632305,NA,NA,NA
Lycosaurus__time,0.0046426096242448475,-0.002462652292212916,0.006194577196425485,NA,NA,NA
Lycosuchus__lat_range_z_trans,0.262819218434101,0.003088093220252908,0.018495664414904148,0.4164530936710071,0.0,0.9161663120612502
Lycosuchus__biome,-0.07901166131543426,-0.011299373535177496,0.020477749536987958,NA,NA,NA
Lycosuchus__mat_z_trans,0.11600152606436002,-0.015576596706382697,0.05134988989902001,NA,NA,NA
Lycosuchus__map_z_trans,-0.06664162068800644,-0.006327459598902833,0.008621486537403317,NA,NA,NA
Lycosuchus__wmm_z_trans,-0.03504567222761742,-0.019578764606379806,0.04981185072891836,NA,NA,NA
Lycosuchus__cmm_z_trans,0.007986921280501961,-0.010806318648760894,0.02671262458854243,NA,NA,NA
Lycosuchus__wmmcmm_z_trans,-0.02939443689968128,-0.009071687779121528,0.020412237971116836,NA,NA,NA
Lycosuchus__wetmon_z_trans,0.03152103363186502,-0.014092532195939887,0.0331332967831383,NA,NA,NA
Lycosuchus__drymon_z_trans,0.012238670921951883,-0.002755735231694889,0.009136096925496499,NA,NA,NA
Lycosuchus__wetdry_z_trans,0.010101560761555802,-0.016349024271050786,0.028777993100962303,NA,NA,NA
Lycosuchus__time,-0.05291461584185879,-0.004680303565371604,0.006843080977666928,NA,NA,NA
Lystrosaurus__lat_range_z_trans,-0.8509904052317142,-0.04894670810626817,-0.013672358170265247,0.15182952290520915,0.0,1.1342581994831562
Lystrosaurus__biome,0.11260879054665565,-0.02793880562676482,0.10870897639873571,NA,NA,NA
Lystrosaurus__mat_z_trans,0.13151906775892713,-0.0017339559317882604,0.017952306638090373,NA,NA,NA
Lystrosaurus__map_z_trans,0.19222803005948663,-0.002518325606664285,0.03733029228330423,NA,NA,NA
Lystrosaurus__wmm_z_trans,0.06923598014866002,-0.002251742536239092,0.013432405216630364,NA,NA,NA
Lystrosaurus__cmm_z_trans,0.08614980070036836,-0.0012073580053333169,0.015375025398719495,NA,NA,NA
Lystrosaurus__wmmcmm_z_trans,0.029484611414372922,-0.0022146402257303423,0.0084869699699381,NA,NA,NA
Lystrosaurus__wetmon_z_trans,0.08970948800910264,-0.007256943628300757,0.0331938957076135,NA,NA,NA
Lystrosaurus__drymon_z_trans,0.0363588170404546,-0.004049250106225942,0.016557325958144974,NA,NA,NA
Lystrosaurus__wetdry_z_trans,0.030839261279907076,-0.008570904940585999,0.030014259440659215,NA,NA,NA
Lystrosaurus__time,0.04702515705725091,-0.0007610682046285104,0.006392872622586382,NA,NA,NA
Malasaurus__lat_range_z_trans,0.027522249715634942,0.00595310108242569,0.019012188513968735,3.37071963079743,0.9271054612472653,7.916762889362872
Malasaurus__biome,0.07429272675584879,-0.01727361455081222,0.0958946906576438,NA,NA,NA
Malasaurus__mat_z_trans,0.016299975333628116,-0.01737183394882164,0.03168356508605547,NA,NA,NA
Malasaurus__map_z_trans,0.0057206027354073435,-0.004205248745086264,0.007902267429332989,NA,NA,NA
Malasaurus__wmm_z_trans,0.010762319005239919,-0.0095711920837508,0.017891648840122128,NA,NA,NA
Malasaurus__cmm_z_trans,0.009293148103624065,-0.033312057310432915,0.030534453068930427,NA,NA,NA
Malasaurus__wmmcmm_z_trans,0.013494658750777684,-0.016959348851529273,0.03504015955096158,NA,NA,NA
Malasaurus__wetmon_z_trans,0.007241297346298078,-0.0031614287541543253,0.012123169604793246,NA,NA,NA
Malasaurus__drymon_z_trans,0.0034897634737978173,-0.0023264184458567506,0.006727055253674908,NA,NA,NA
Malasaurus__wetdry_z_trans,0.010905816539545376,-0.00519581243360357,0.014539375403143113,NA,NA,NA
Malasaurus__time,-0.0013616336380646468,-0.0040258488769074445,0.002423398055530691,NA,NA,NA
Mandagomphodon__lat_range_z_trans,0.09353903473906147,0.004186832871574037,0.020742910258677704,0.8460123091540299,0.29340557754039764,1.8254386726766825
Mandagomphodon__biome,-0.028662851574371016,-0.016853763166670754,0.023837188604596476,NA,NA,NA
Mandagomphodon__mat_z_trans,0.021233049199200302,-0.0074996798491110085,0.021794324419231046,NA,NA,NA
Mandagomphodon__map_z_trans,0.04613124120925498,-0.004201735343146897,0.02149922325601002,NA,NA,NA
Mandagomphodon__wmm_z_trans,0.016159348545139167,-0.004969692012913659,0.019407316169145643,NA,NA,NA
Mandagomphodon__cmm_z_trans,0.021582244029422264,-0.00853080293315353,0.022052813659406378,NA,NA,NA
Mandagomphodon__wmmcmm_z_trans,0.003756015578559732,-0.005688488796809265,0.014909934632481471,NA,NA,NA
Mandagomphodon__wetmon_z_trans,-0.02348997091152598,-0.02592262813396811,0.0371743866389501,NA,NA,NA
Mandagomphodon__drymon_z_trans,0.02296461102207904,-0.009533091720114973,0.029049664367540425,NA,NA,NA
Mandagomphodon__wetdry_z_trans,-0.030319642204624277,-0.027974782071816952,0.050813954140744244,NA,NA,NA
Mandagomphodon__time,0.03476784448954179,-0.00046187176239840275,0.012490255317373617,NA,NA,NA
Martensius__lat_range_z_trans,0.03263974530715983,0.001729068317894944,0.009438660205212892,1.8676806793216383,0.7457835227251053,3.23807255923748
Martensius__biome,0.18298727465493198,0.0010961505073260093,0.07862568784508527,NA,NA,NA
Martensius__mat_z_trans,-0.03620914373401672,-0.024742263286623344,0.03383437497130657,NA,NA,NA
Martensius__map_z_trans,0.04540944352501046,-0.005074663929851221,0.02846798163251717,NA,NA,NA
Martensius__wmm_z_trans,0.00470067238669094,-0.002102034967619503,0.006652970972669604,NA,NA,NA
Martensius__cmm_z_trans,-0.0049205967235761705,-0.021284188259412834,0.03941877048112346,NA,NA,NA
Martensius__wmmcmm_z_trans,0.0020454912495403293,-0.017938674318316913,0.027389854663132047,NA,NA,NA
Martensius__wetmon_z_trans,-0.0053012592957523705,-0.009432241276825511,0.013601009639507155,NA,NA,NA
Martensius__drymon_z_trans,-0.012618753834365044,-0.01623949453386852,0.02753337067604565,NA,NA,NA
Martensius__wetdry_z_trans,0.0034225202908123946,-0.0038013659300434495,0.005482519518465146,NA,NA,NA
Martensius__time,-0.03449446970469814,-0.009659995241189165,0.0033267708590921257,NA,NA,NA
Massetognathus__lat_range_z_trans,-0.05021191955544055,-0.002553633741234931,0.0011153100224768043,0.18216295151352824,0.0,0.5109120290726423
Massetognathus__biome,0.04043352338019759,-0.010504465107635887,0.028313743169447837,NA,NA,NA
Massetognathus__mat_z_trans,-0.14793228758499027,-0.030704632305016757,0.05125855307605951,NA,NA,NA
Massetognathus__map_z_trans,-0.17892510440200568,-0.012194619536202309,0.02872084540313631,NA,NA,NA
Massetognathus__wmm_z_trans,0.04400307528092526,-0.020676314380392163,0.05810256624607728,NA,NA,NA
Massetognathus__cmm_z_trans,0.01786122610908933,-0.01657047796516544,0.04102959951102286,NA,NA,NA
Massetognathus__wmmcmm_z_trans,0.0522831868979847,-0.0032505164039892077,0.013682914702573117,NA,NA,NA
Massetognathus__wetmon_z_trans,0.016601475387797108,-0.0032639213433441833,0.014094397929672228,NA,NA,NA
Massetognathus__drymon_z_trans,0.016441867002286017,-0.0032407114268455262,0.008068885528891843,NA,NA,NA
Massetognathus__wetdry_z_trans,-0.0003403401747345924,-0.0042135470460489,0.00922752766005511,NA,NA,NA
Massetognathus__time,0.19428732505068183,-0.00027686366265420914,0.020157628214744195,NA,NA,NA
Maubeugia__lat_range_z_trans,0.0822827224606489,0.0009461068323043608,0.009244320279540684,0.8146612253645436,0.11157451197504997,1.678474247455597
Maubeugia__biome,0.06456974032389337,-0.008396173517573418,0.03610485295585343,NA,NA,NA
Maubeugia__mat_z_trans,-0.0800839964009013,-0.014948239231084648,0.0258925829498095,NA,NA,NA
Maubeugia__map_z_trans,-0.15538152548506604,-0.01859642815034527,0.02391666742431977,NA,NA,NA
Maubeugia__wmm_z_trans,-0.03381850934630453,-0.009719855187950984,0.018272171009060718,NA,NA,NA
Maubeugia__cmm_z_trans,-0.0011551821471113032,-0.011072417200078325,0.02420195442383389,NA,NA,NA
Maubeugia__wmmcmm_z_trans,-0.012119903181662305,-0.006776845431656361,0.012998653819696539,NA,NA,NA
Maubeugia__wetmon_z_trans,0.08132015490424076,-0.013803781954312849,0.04358570741561315,NA,NA,NA
Maubeugia__drymon_z_trans,0.03897785425292414,-0.007479309763319425,0.019781701099381762,NA,NA,NA
Maubeugia__wetdry_z_trans,0.0785321324593554,-0.015903145264154133,0.039924267544708895,NA,NA,NA
Maubeugia__time,0.1145374362817204,-0.0016996140503584558,0.01984909254233879,NA,NA,NA
Megawhaitsia__lat_range_z_trans,-0.196524544054257,-0.03672279784691863,-0.016158700452338772,0.9545931058528367,0.29906442388892174,1.683253362774849
Megawhaitsia__biome,0.19517354135465267,-0.0020307869373895372,0.08555294719797125,NA,NA,NA
Megawhaitsia__mat_z_trans,0.0356031162230303,-0.016085292973553413,0.040447812406146894,NA,NA,NA
Megawhaitsia__map_z_trans,0.015767862712265775,-0.00217056991908651,0.012996650750205927,NA,NA,NA
Megawhaitsia__wmm_z_trans,0.03225008257551934,-0.00451482244091373,0.01916211807491045,NA,NA,NA
Megawhaitsia__cmm_z_trans,0.013344948151581102,-0.0203838587877461,0.055171839274841226,NA,NA,NA
Megawhaitsia__wmmcmm_z_trans,0.03456238708595103,-0.013166769955164772,0.03926504528943467,NA,NA,NA
Megawhaitsia__wetmon_z_trans,0.007858121841196705,-0.004485931673065546,0.010839311690851361,NA,NA,NA
Megawhaitsia__drymon_z_trans,0.012849390652001904,-0.002240148551072404,0.008012943451562978,NA,NA,NA
Megawhaitsia__wetdry_z_trans,0.020548751438697232,-0.003553714119757673,0.012269099995184099,NA,NA,NA
Megawhaitsia__time,0.0062272661410984285,-0.0020950097138612003,0.006212903785386995,NA,NA,NA
Menadon__lat_range_z_trans,0.2631510592252016,0.0020312568537888733,0.017364376974535148,0.24132028334599454,0.0,0.6280474420636892
Menadon__biome,-0.025544259492307902,-0.010291781363745063,0.029385254744022864,NA,NA,NA
Menadon__mat_z_trans,-0.1808819168061018,-0.02728332285833488,0.049572742090169514,NA,NA,NA
Menadon__map_z_trans,-0.2762358348071575,-0.014523231962854136,0.028932673103163453,NA,NA,NA
Menadon__wmm_z_trans,0.018270111113088204,-0.020654996971966703,0.05389807051295715,NA,NA,NA
Menadon__cmm_z_trans,-0.012671737466007471,-0.01822760384126726,0.0325983854381781,NA,NA,NA
Menadon__wmmcmm_z_trans,0.033130333044100554,-0.003742591622491127,0.012989976237458232,NA,NA,NA
Menadon__wetmon_z_trans,0.04713661549380049,-0.005176449488282336,0.012411215741801622,NA,NA,NA
Menadon__drymon_z_trans,0.006105479729594663,-0.004619243150328842,0.00787222667175058,NA,NA,NA
Menadon__wetdry_z_trans,-0.025514883444993756,-0.0048182929986865354,0.008085345484323709,NA,NA,NA
Menadon__time,0.21671439263504,-0.0001434455143615055,0.020661704465796734,NA,NA,NA
Mesenosaurus__lat_range_z_trans,-0.0884566276352294,-0.032120048948337275,0.016924845030558883,1.3689846090621722,0.0,5.2248363411054015
Mesenosaurus__biome,0.18470123370838,-0.0034202714145225247,0.12192963793161543,NA,NA,NA
Mesenosaurus__mat_z_trans,0.03003092261543842,-0.010967122381627278,0.0284512765361325,NA,NA,NA
Mesenosaurus__map_z_trans,-0.005976374665217981,-0.004147314963415124,0.005979010793562234,NA,NA,NA
Mesenosaurus__wmm_z_trans,0.025667230511811127,-0.011481607195378118,0.027199724872993138,NA,NA,NA
Mesenosaurus__cmm_z_trans,0.009880497153162103,-0.011744374562587426,0.01239252464390453,NA,NA,NA
Mesenosaurus__wmmcmm_z_trans,0.005677658295635797,-0.003630051494240334,0.01902210620462202,NA,NA,NA
Mesenosaurus__wetmon_z_trans,0.008811936429618592,-0.011232854578297046,0.016935883199901337,NA,NA,NA
Mesenosaurus__drymon_z_trans,0.0004392498581967942,-0.006975967789605756,0.006230126896353912,NA,NA,NA
Mesenosaurus__wetdry_z_trans,0.014392556640704124,-0.008266753298610563,0.016112971747197172,NA,NA,NA
Mesenosaurus__time,-0.0075073587907621125,-0.00346333629190807,0.002593863607315955,NA,NA,NA
Meurthodon__lat_range_z_trans,0.07439374637039649,0.0011044831707513482,0.009589564952764851,0.8917349510884378,0.11157451197504997,1.678474247455597
Meurthodon__biome,0.06329949281885607,-0.006872552229407801,0.03745324935316752,NA,NA,NA
Meurthodon__mat_z_trans,-0.0675662491644697,-0.018139058863633255,0.020747907846441517,NA,NA,NA
Meurthodon__map_z_trans,-0.1560454894803465,-0.018590834066325723,0.017510787753883324,NA,NA,NA
Meurthodon__wmm_z_trans,-0.02422048435494939,-0.011175764293451086,0.01895457593644957,NA,NA,NA
Meurthodon__cmm_z_trans,-0.007675174393148751,-0.010326132246690248,0.03008351477123284,NA,NA,NA
Meurthodon__wmmcmm_z_trans,-0.0052103702163642665,-0.006555451545818427,0.011648970488966664,NA,NA,NA
Meurthodon__wetmon_z_trans,0.07924201440681627,-0.012861269813769805,0.04746076996511698,NA,NA,NA
Meurthodon__drymon_z_trans,0.04926385439707674,-0.006905152922165204,0.020520481964318812,NA,NA,NA
Meurthodon__wetdry_z_trans,0.06866415825004643,-0.01569758684954689,0.03825190329804956,NA,NA,NA
Meurthodon__time,0.10351542548782408,-0.00143038325847242,0.021550245133765456,NA,NA,NA
Microconodon__lat_range_z_trans,0.00532735270525548,-0.0011687985715603851,0.003175709900514417,1.84187384666875,0.0,4.846560750156641
Microconodon__biome,0.1601422413710244,-0.001729635290811033,0.060300230062902006,NA,NA,NA
Microconodon__mat_z_trans,-0.02866520265171762,-0.018089981190973048,0.026091148189172894,NA,NA,NA
Microconodon__map_z_trans,0.01951714280443741,-0.015576502984982104,0.02638598308557134,NA,NA,NA
Microconodon__wmm_z_trans,-0.009742310825831393,-0.009401787189435405,0.0233519917175738,NA,NA,NA
Microconodon__cmm_z_trans,-0.005196303033594298,-0.013679377940201552,0.0218097013996711,NA,NA,NA
Microconodon__wmmcmm_z_trans,-0.006206776222409075,-0.005500325390538921,0.008766959008907643,NA,NA,NA
Microconodon__wetmon_z_trans,0.0015142725057796678,-0.01570757252381847,0.03280487659816074,NA,NA,NA
Microconodon__drymon_z_trans,-0.006998388994906584,-0.008285507370969176,0.0206742070380556,NA,NA,NA
Microconodon__wetdry_z_trans,0.012244035372455673,-0.016140565331619592,0.03402096973277802,NA,NA,NA
Microconodon__time,0.035724861091243815,-0.0021696491336198275,0.01639019473084957,NA,NA,NA
Microgomphodon__lat_range_z_trans,-0.6226100876927376,-0.02494569424364896,-0.016713343620738366,0.20189002378305304,0.0,0.46535516157746315
Microgomphodon__biome,0.06801036726217717,-0.00988777763630173,0.02313720621759878,NA,NA,NA
Microgomphodon__mat_z_trans,0.1059550081435009,-0.008715254970873543,0.04300863227665478,NA,NA,NA
Microgomphodon__map_z_trans,0.13539465447422117,-0.006420500325808529,0.030628096497930104,NA,NA,NA
Microgomphodon__wmm_z_trans,0.06586516492126976,-0.010832835118100391,0.04892912835046736,NA,NA,NA
Microgomphodon__cmm_z_trans,0.06014487420208752,-0.007514820262409781,0.016875391665940168,NA,NA,NA
Microgomphodon__wmmcmm_z_trans,0.04903390708845109,-0.0059022024261857434,0.02202003530398495,NA,NA,NA
Microgomphodon__wetmon_z_trans,0.0768840263853781,-0.013251281770891231,0.040414743398145145,NA,NA,NA
Microgomphodon__drymon_z_trans,0.012691747813951224,-0.006538928244190646,0.021126960571839777,NA,NA,NA
Microgomphodon__wetdry_z_trans,-0.02266400639360654,-0.011884664208608583,0.028922220487077217,NA,NA,NA
Microgomphodon__time,0.09552344345662277,-0.001555743711510374,0.015422900315257193,NA,NA,NA
Microhelodon__lat_range_z_trans,0.09353903473906147,0.004186832871574037,0.020742910258677704,0.8460123091540299,0.29340557754039764,1.8254386726766825
Microhelodon__biome,-0.028662851574371016,-0.016853763166670754,0.023837188604596476,NA,NA,NA
Microhelodon__mat_z_trans,0.021233049199200302,-0.0074996798491110085,0.021794324419231046,NA,NA,NA
Microhelodon__map_z_trans,0.04613124120925498,-0.004201735343146897,0.02149922325601002,NA,NA,NA
Microhelodon__wmm_z_trans,0.016159348545139167,-0.004969692012913659,0.019407316169145643,NA,NA,NA
Microhelodon__cmm_z_trans,0.021582244029422264,-0.00853080293315353,0.022052813659406378,NA,NA,NA
Microhelodon__wmmcmm_z_trans,0.003756015578559732,-0.005688488796809265,0.014909934632481471,NA,NA,NA
Microhelodon__wetmon_z_trans,-0.02348997091152598,-0.02592262813396811,0.0371743866389501,NA,NA,NA
Microhelodon__drymon_z_trans,0.02296461102207904,-0.009533091720114973,0.029049664367540425,NA,NA,NA
Microhelodon__wetdry_z_trans,-0.030319642204624277,-0.027974782071816952,0.050813954140744244,NA,NA,NA
Microhelodon__time,0.03476784448954179,-0.00046187176239840275,0.012490255317373617,NA,NA,NA
Microscalenodon__lat_range_z_trans,0.07592907352621958,0.0008376293726757146,0.009051557407578723,0.7954270521877334,0.07243725843727589,1.6462860475294292
Microscalenodon__biome,0.06331147897322316,-0.00970579464422907,0.031157161451141772,NA,NA,NA
Microscalenodon__mat_z_trans,-0.08437648954360207,-0.014607828424343695,0.027190227797859068,NA,NA,NA
Microscalenodon__map_z_trans,-0.18821033517514119,-0.018713722133696365,0.020695971631262227,NA,NA,NA
Microscalenodon__wmm_z_trans,-0.030174752067769067,-0.00948467527785323,0.01897531229885575,NA,NA,NA
Microscalenodon__cmm_z_trans,-0.0017753903299963915,-0.010798130931375797,0.025312756836678437,NA,NA,NA
Microscalenodon__wmmcmm_z_trans,-0.010325579551051518,-0.006612853371779196,0.01351032482079207,NA,NA,NA
Microscalenodon__wetmon_z_trans,0.09725504313297553,-0.013543056938700934,0.045745017649014556,NA,NA,NA
Microscalenodon__drymon_z_trans,0.04713350973467321,-0.007749257554163466,0.01872971758162354,NA,NA,NA
Microscalenodon__wetdry_z_trans,0.0894406981617537,-0.015643875642797726,0.04166392359790867,NA,NA,NA
Microscalenodon__time,0.11945366726045255,-0.0014281373722657368,0.02174000039144231,NA,NA,NA
Microsyodon__lat_range_z_trans,0.08550199482936469,0.0017040371476731858,0.01124190101573575,0.7433484927297104,0.2334565594792366,1.3587681911885738
Microsyodon__biome,0.24973960110044743,2.9880252226933812e-05,0.0562333668827264,NA,NA,NA
Microsyodon__mat_z_trans,-0.06266280831067671,-0.021211230130304386,0.02671846820349657,NA,NA,NA
Microsyodon__map_z_trans,-0.06593121095223292,-0.008319749365170099,0.011920285290601629,NA,NA,NA
Microsyodon__wmm_z_trans,0.03344911995088906,-0.005595002328493136,0.026721519882303965,NA,NA,NA
Microsyodon__cmm_z_trans,-0.022475020205097427,-0.022300856367527527,0.04363843041692758,NA,NA,NA
Microsyodon__wmmcmm_z_trans,-0.009494216753015516,-0.021824993528667437,0.03481133325522501,NA,NA,NA
Microsyodon__wetmon_z_trans,-0.0066366077874942106,-0.004479737917872817,0.008734372610481602,NA,NA,NA
Microsyodon__drymon_z_trans,0.027220631118579208,-0.009191279185313017,0.026671180765122024,NA,NA,NA
Microsyodon__wetdry_z_trans,-0.021303597379537947,-0.011581289723727649,0.02251091850680903,NA,NA,NA
Microsyodon__time,-0.029746961489488247,-0.004679481771353561,0.004570194634727565,NA,NA,NA
Microurania__lat_range_z_trans,-0.15400975882827767,-0.029094218616511108,-0.010066087126990093,1.0438955193985748,0.2816290408372879,1.8845666360575706
Microurania__biome,0.1616956894312717,-0.005762638242875489,0.0840299000684236,NA,NA,NA
Microurania__mat_z_trans,0.033635733122448566,-0.015132546598842896,0.04187319856395982,NA,NA,NA
Microurania__map_z_trans,0.01463763834424766,-0.0028140596600372122,0.010728620075447655,NA,NA,NA
Microurania__wmm_z_trans,0.030500908807722354,-0.0052297983414897305,0.019186529907811282,NA,NA,NA
Microurania__cmm_z_trans,0.012586882880578807,-0.025122401160224545,0.044959986379295755,NA,NA,NA
Microurania__wmmcmm_z_trans,0.03302254697475424,-0.013309156834684132,0.041352857661530115,NA,NA,NA
Microurania__wetmon_z_trans,0.007792898902707983,-0.003624540776664385,0.012540658487551494,NA,NA,NA
Microurania__drymon_z_trans,0.012285387056341192,-0.0014180411647850687,0.009418375118789925,NA,NA,NA
Microurania__wetdry_z_trans,0.020302165174253057,-0.0034093139815057293,0.013403500546494704,NA,NA,NA
Microurania__time,0.00521083225568959,-0.0025329875409092276,0.006344431781842864,NA,NA,NA
Microvaranops__lat_range_z_trans,0.17996270436219106,0.00334793739344717,0.017506876972440986,0.5309396702854429,0.0,1.0684575159102678
Microvaranops__biome,-0.06249974174221716,-0.011485752982708363,0.020582050477151042,NA,NA,NA
Microvaranops__mat_z_trans,0.09042258068497207,-0.014327295748030579,0.051611434351649665,NA,NA,NA
Microvaranops__map_z_trans,-0.033626114075125696,-0.00692190667570507,0.0088493332950982,NA,NA,NA
Microvaranops__wmm_z_trans,-0.019479736218798453,-0.023617483059168828,0.04198802711831551,NA,NA,NA
Microvaranops__cmm_z_trans,0.032764125099277105,-0.009556827229216976,0.03876278571887495,NA,NA,NA
Microvaranops__wmmcmm_z_trans,-0.014418493606964377,-0.01056830444736653,0.02216511631786394,NA,NA,NA
Microvaranops__wetmon_z_trans,0.029705301022822064,-0.012790698104791299,0.033302057222313594,NA,NA,NA
Microvaranops__drymon_z_trans,0.005725577041938545,-0.0036595987352075793,0.007115026345991962,NA,NA,NA
Microvaranops__wetdry_z_trans,0.0028948577463316105,-0.012827296295304378,0.025011328261608096,NA,NA,NA
Microvaranops__time,-0.0337901361926893,-0.005042477034477082,0.006877935382849177,NA,NA,NA
Microwhaitsia__lat_range_z_trans,0.10630244411956306,0.005541793351035345,0.025556839793606526,0.8162636877829209,0.3267882652580738,1.26636281888932
Microwhaitsia__biome,-0.08144997939437067,-0.02238941619035962,0.013211999527308596,NA,NA,NA
Microwhaitsia__mat_z_trans,0.05024807096569905,-0.014665872106461659,0.04845606652786311,NA,NA,NA
Microwhaitsia__map_z_trans,0.014127089199566711,-0.0033288118322083522,0.011338642720272012,NA,NA,NA
Microwhaitsia__wmm_z_trans,0.028432957382514612,-0.007810071629262089,0.024965079143215677,NA,NA,NA
Microwhaitsia__cmm_z_trans,0.010971157951899601,-0.02453591309517093,0.06076142259219863,NA,NA,NA
Microwhaitsia__wmmcmm_z_trans,0.03635612440829354,-0.021220881389230273,0.04874099917636401,NA,NA,NA
Microwhaitsia__wetmon_z_trans,0.006350100434286699,-0.005788997897396187,0.012736758718978081,NA,NA,NA
Microwhaitsia__drymon_z_trans,0.0016098662375157915,-0.0046655773912901944,0.006930018199624764,NA,NA,NA
Microwhaitsia__wetdry_z_trans,0.007759172025916918,-0.005677233101929891,0.014667299518589577,NA,NA,NA
Microwhaitsia__time,-0.0030460792091478324,-0.002908721636255669,0.006406845546136131,NA,NA,NA
Minicynodon__lat_range_z_trans,0.057945704611849835,0.0005242775486822444,0.007688501082257044,0.9601218012096069,0.0,5.8267012014985085
Minicynodon__biome,-0.009773654572222741,-0.010901460817736887,0.013125512000197601,NA,NA,NA
Minicynodon__mat_z_trans,-0.046916571110883584,-0.014731558537390008,0.029167037853519793,NA,NA,NA
Minicynodon__map_z_trans,-0.027659860366206816,-0.017681701804678755,0.03347937937181427,NA,NA,NA
Minicynodon__wmm_z_trans,0.02059463829918417,-0.0068874649279982506,0.02353590391084774,NA,NA,NA
Minicynodon__cmm_z_trans,0.016715513049054404,-0.012111350930486571,0.029455363816737298,NA,NA,NA
Minicynodon__wmmcmm_z_trans,-0.00554635690669106,-0.008098373996313179,0.011281777446736335,NA,NA,NA
Minicynodon__wetmon_z_trans,0.04340315691613845,-0.016608720590365073,0.041353291526703265,NA,NA,NA
Minicynodon__drymon_z_trans,-0.000462444848549286,-0.009364945497524268,0.019975343815381026,NA,NA,NA
Minicynodon__wetdry_z_trans,0.060265751399598014,-0.007628985378498903,0.045886810136323924,NA,NA,NA
Minicynodon__time,0.0690950476504661,-0.003959417986219863,0.018823050503638812,NA,NA,NA
Mirotenthes__lat_range_z_trans,0.10630244411956306,0.005541793351035345,0.025556839793606526,0.8162636877829209,0.3267882652580738,1.26636281888932
Mirotenthes__biome,-0.08144997939437067,-0.02238941619035962,0.013211999527308596,NA,NA,NA
Mirotenthes__mat_z_trans,0.05024807096569905,-0.014665872106461659,0.04845606652786311,NA,NA,NA
Mirotenthes__map_z_trans,0.014127089199566711,-0.0033288118322083522,0.011338642720272012,NA,NA,NA
Mirotenthes__wmm_z_trans,0.028432957382514612,-0.007810071629262089,0.024965079143215677,NA,NA,NA
Mirotenthes__cmm_z_trans,0.010971157951899601,-0.02453591309517093,0.06076142259219863,NA,NA,NA
Mirotenthes__wmmcmm_z_trans,0.03635612440829354,-0.021220881389230273,0.04874099917636401,NA,NA,NA
Mirotenthes__wetmon_z_trans,0.006350100434286699,-0.005788997897396187,0.012736758718978081,NA,NA,NA
Mirotenthes__drymon_z_trans,0.0016098662375157915,-0.0046655773912901944,0.006930018199624764,NA,NA,NA
Mirotenthes__wetdry_z_trans,0.007759172025916918,-0.005677233101929891,0.014667299518589577,NA,NA,NA
Mirotenthes__time,-0.0030460792091478324,-0.002908721636255669,0.006406845546136131,NA,NA,NA
Mitredon__lat_range_z_trans,0.08086914762650634,0.001008156315049248,0.009696614232948512,0.829385297523113,0.11157451197504997,1.678474247455597
Mitredon__biome,0.061007374954429025,-0.009629074667264427,0.031009782220437453,NA,NA,NA
Mitredon__mat_z_trans,-0.08118790706580485,-0.01453106969551663,0.027159421219382234,NA,NA,NA
Mitredon__map_z_trans,-0.17709854657949056,-0.019378099397443338,0.019373861735027795,NA,NA,NA
Mitredon__wmm_z_trans,-0.03135411460730237,-0.009448597321933296,0.019166167778225295,NA,NA,NA
Mitredon__cmm_z_trans,-0.0009728312504964955,-0.01076341256952848,0.025386075842774577,NA,NA,NA
Mitredon__wmmcmm_z_trans,-0.009446871024623195,-0.0065877199154242266,0.013634634870472336,NA,NA,NA
Mitredon__wetmon_z_trans,0.0867393033374017,-0.013418551478807205,0.04571821162608648,NA,NA,NA
Mitredon__drymon_z_trans,0.04769427703306208,-0.0077510519551667505,0.018958759609192372,NA,NA,NA
Mitredon__wetdry_z_trans,0.0885545175469082,-0.015459326589502343,0.04187762963717909,NA,NA,NA
Mitredon__time,0.1128565741511476,-0.0014909556429920643,0.02179081269243097,NA,NA,NA
Moghreberia__lat_range_z_trans,0.05931232171001686,0.0013510331752783502,0.010676833126424689,1.0977621955273207,0.0,2.7403951585292816
Moghreberia__biome,0.24164012449830527,-0.007049954201614535,0.07836615847373236,NA,NA,NA
Moghreberia__mat_z_trans,-0.05484751704337878,-0.01743542637368871,0.02171843939969718,NA,NA,NA
Moghreberia__map_z_trans,-0.10518490383768091,-0.02389723336444742,0.012563985572824135,NA,NA,NA
Moghreberia__wmm_z_trans,-0.018919407062577876,-0.014437155451746628,0.02233170211904239,NA,NA,NA
Moghreberia__cmm_z_trans,-0.011438130338189993,-0.01498872077703539,0.02462966360058073,NA,NA,NA
Moghreberia__wmmcmm_z_trans,-0.00964421852393519,-0.007312689626348525,0.015881761890431705,NA,NA,NA
Moghreberia__wetmon_z_trans,0.011717668130584913,-0.00672084825589094,0.03208341091932498,NA,NA,NA
Moghreberia__drymon_z_trans,0.00902782356805203,-0.010016947299000687,0.02690824514271815,NA,NA,NA
Moghreberia__wetdry_z_trans,0.0022944945614153628,-0.006221245622550563,0.013419761376987775,NA,NA,NA
Moghreberia__time,0.05370266845912579,-0.0007205151214844533,0.015192009842392986,NA,NA,NA
Mojo__lat_range_z_trans,0.08149764683291286,0.001008156315049248,0.009696614232948512,0.8234981358901132,0.11157451197504997,1.678474247455597
Mojo__biome,0.058215868224403,-0.009629074667264427,0.031009782220437453,NA,NA,NA
Mojo__mat_z_trans,-0.08105830990804724,-0.01453106969551663,0.027159421219382234,NA,NA,NA
Mojo__map_z_trans,-0.17968551332042915,-0.019378099397443338,0.019373861735027795,NA,NA,NA
Mojo__wmm_z_trans,-0.029450766661548437,-0.009448597321933296,0.019166167778225295,NA,NA,NA
Mojo__cmm_z_trans,-0.0014461748774773412,-0.01076341256952848,0.025386075842774577,NA,NA,NA
Mojo__wmmcmm_z_trans,-0.010156771649724365,-0.0065877199154242266,0.013634634870472336,NA,NA,NA
Mojo__wetmon_z_trans,0.09381542824901372,-0.013418551478807205,0.04571821162608648,NA,NA,NA
Mojo__drymon_z_trans,0.045002314653175474,-0.0077510519551667505,0.018958759609192372,NA,NA,NA
Mojo__wetdry_z_trans,0.08639272350379017,-0.015459326589502343,0.04187762963717909,NA,NA,NA
Mojo__time,0.1145344790756688,-0.0014909556429920643,0.02179081269243097,NA,NA,NA
Molybdopygus__lat_range_z_trans,0.08489689033401748,0.00176873729829708,0.01206511005102263,0.7960545543709304,0.18263564305379987,1.588092477992177
Molybdopygus__biome,0.20925755271987254,-0.002856774917930305,0.05664163173099696,NA,NA,NA
Molybdopygus__mat_z_trans,-0.04136857711017663,-0.01560716031380085,0.031684892173249594,NA,NA,NA
Molybdopygus__map_z_trans,-0.05151281366189335,-0.007376467093639175,0.012006828809784086,NA,NA,NA
Molybdopygus__wmm_z_trans,0.024641319110510873,-0.010881151172140948,0.026915523155895234,NA,NA,NA
Molybdopygus__cmm_z_trans,-0.011471210332781237,-0.021383243593478526,0.039180369365936864,NA,NA,NA
Molybdopygus__wmmcmm_z_trans,-0.02275664362609963,-0.018639954518441113,0.02947190762474062,NA,NA,NA
Molybdopygus__wetmon_z_trans,-0.009365744683001742,-0.009100200578005365,0.013031967081078033,NA,NA,NA
Molybdopygus__drymon_z_trans,0.01865477317588121,-0.008440665811583656,0.024453371023130333,NA,NA,NA
Molybdopygus__wetdry_z_trans,0.0004031013169929975,-0.010635494173794264,0.02425855801606895,NA,NA,NA
Molybdopygus__time,-0.02371772312158507,-0.0042973280440123844,0.004061812432253807,NA,NA,NA
Morganucodon__lat_range_z_trans,0.08149764683291286,0.001008156315049248,0.009696614232948512,0.8234981358901132,0.11157451197504997,1.678474247455597
Morganucodon__biome,0.058215868224403,-0.009629074667264427,0.031009782220437453,NA,NA,NA
Morganucodon__mat_z_trans,-0.08105830990804724,-0.01453106969551663,0.027159421219382234,NA,NA,NA
Morganucodon__map_z_trans,-0.17968551332042915,-0.019378099397443338,0.019373861735027795,NA,NA,NA
Morganucodon__wmm_z_trans,-0.029450766661548437,-0.009448597321933296,0.019166167778225295,NA,NA,NA
Morganucodon__cmm_z_trans,-0.0014461748774773412,-0.01076341256952848,0.025386075842774577,NA,NA,NA
Morganucodon__wmmcmm_z_trans,-0.010156771649724365,-0.0065877199154242266,0.013634634870472336,NA,NA,NA
Morganucodon__wetmon_z_trans,0.09381542824901372,-0.013418551478807205,0.04571821162608648,NA,NA,NA
Morganucodon__drymon_z_trans,0.045002314653175474,-0.0077510519551667505,0.018958759609192372,NA,NA,NA
Morganucodon__wetdry_z_trans,0.08639272350379017,-0.015459326589502343,0.04187762963717909,NA,NA,NA
Morganucodon__time,0.1145344790756688,-0.0014909556429920643,0.02179081269243097,NA,NA,NA
Mormosaurus__lat_range_z_trans,0.34439533670219047,0.0030508741689429537,0.018299456906069666,0.356890386157902,0.0,0.6580590158700943
Mormosaurus__biome,-0.09714933414564705,-0.011163188539006405,0.021513851176202168,NA,NA,NA
Mormosaurus__mat_z_trans,0.15854463909084757,-0.016210192429814432,0.05394801255901956,NA,NA,NA
Mormosaurus__map_z_trans,-0.10099564399464597,-0.006987799139734401,0.009057703237765438,NA,NA,NA
Mormosaurus__wmm_z_trans,-0.06154511388917051,-0.019287397958680286,0.056213705248080836,NA,NA,NA
Mormosaurus__cmm_z_trans,0.014666062866833855,-0.009139042454569037,0.01809217526822595,NA,NA,NA
Mormosaurus__wmmcmm_z_trans,-0.055390667971153405,-0.00969101583470393,0.010620661684265238,NA,NA,NA
Mormosaurus__wetmon_z_trans,0.03164542037960903,-0.01392268282887806,0.03923423969703753,NA,NA,NA
Mormosaurus__drymon_z_trans,0.010033867711939813,-0.00289463547215163,0.009598351089872765,NA,NA,NA
Mormosaurus__wetdry_z_trans,0.017190738625742094,-0.016151978673715452,0.03023405768322245,NA,NA,NA
Mormosaurus__time,-0.08373438125480837,-0.0050526437562188374,0.006959756914395521,NA,NA,NA
Moschops__lat_range_z_trans,-0.29102378065631423,-0.010734920616834075,-0.014075246971129829,0.0,0.0,0.25539972353726625
Moschops__biome,-0.25719891844201576,-0.02409301323427089,0.01812371991796544,NA,NA,NA
Moschops__mat_z_trans,0.09475305659025447,-0.011818295420555583,0.0699790301556753,NA,NA,NA
Moschops__map_z_trans,0.044024159823342,-0.0018444119339538138,0.017102508432470197,NA,NA,NA
Moschops__wmm_z_trans,0.07596915636391845,-0.005225453565059117,0.02280687417838542,NA,NA,NA
Moschops__cmm_z_trans,0.012026680306831662,-0.02661174377023899,0.05574859432388234,NA,NA,NA
Moschops__wmmcmm_z_trans,0.07740705450720013,-0.015957578471202303,0.05768165542820548,NA,NA,NA
Moschops__wetmon_z_trans,0.004669887569532371,-0.0034732910049890082,0.011720608341428636,NA,NA,NA
Moschops__drymon_z_trans,0.020441395196207735,-0.001958607726061818,0.010620258394917387,NA,NA,NA
Moschops__wetdry_z_trans,0.01634273898998903,-0.004399313911836189,0.0157257106603342,NA,NA,NA
Moschops__time,0.02492764562931659,-0.0013330732635277267,0.008338258602022537,NA,NA,NA
Moschorhinus__lat_range_z_trans,-0.7089939466118813,-0.023599507972240225,-0.014445195896687569,0.17228314848092852,0.0,0.5135984038934112
Moschorhinus__biome,-0.11563425557687879,-0.017258076565255145,0.028973756598391857,NA,NA,NA
Moschorhinus__mat_z_trans,0.12441587406909094,-0.00475730812680051,0.028461111896952503,NA,NA,NA
Moschorhinus__map_z_trans,0.37028498445171865,-0.0030420139070374114,0.059414494621680684,NA,NA,NA
Moschorhinus__wmm_z_trans,0.09189809489645995,-0.004575267275208934,0.021690348421235586,NA,NA,NA
Moschorhinus__cmm_z_trans,0.059886325811967255,-0.004935408983753224,0.021823425889058497,NA,NA,NA
Moschorhinus__wmmcmm_z_trans,0.033222552147926764,-0.0032547260798403755,0.009253869570249106,NA,NA,NA
Moschorhinus__wetmon_z_trans,0.006080332649871707,-0.019554696587986413,0.04930485915339848,NA,NA,NA
Moschorhinus__drymon_z_trans,0.08968046896741726,-0.007418483469015698,0.023118604655878422,NA,NA,NA
Moschorhinus__wetdry_z_trans,-0.01572147299826611,-0.01914431035222473,0.039238009938549916,NA,NA,NA
Moschorhinus__time,0.05950326655176468,9.009640083315798e-05,0.006938686615449605,NA,NA,NA
Moschowhaitsia__lat_range_z_trans,-0.196524544054257,-0.03672279784691863,-0.016158700452338772,0.9545931058528367,0.29906442388892174,1.683253362774849
Moschowhaitsia__biome,0.19517354135465267,-0.0020307869373895372,0.08555294719797125,NA,NA,NA
Moschowhaitsia__mat_z_trans,0.0356031162230303,-0.016085292973553413,0.040447812406146894,NA,NA,NA
Moschowhaitsia__map_z_trans,0.015767862712265775,-0.00217056991908651,0.012996650750205927,NA,NA,NA
Moschowhaitsia__wmm_z_trans,0.03225008257551934,-0.00451482244091373,0.01916211807491045,NA,NA,NA
Moschowhaitsia__cmm_z_trans,0.013344948151581102,-0.0203838587877461,0.055171839274841226,NA,NA,NA
Moschowhaitsia__wmmcmm_z_trans,0.03456238708595103,-0.013166769955164772,0.03926504528943467,NA,NA,NA
Moschowhaitsia__wetmon_z_trans,0.007858121841196705,-0.004485931673065546,0.010839311690851361,NA,NA,NA
Moschowhaitsia__drymon_z_trans,0.012849390652001904,-0.002240148551072404,0.008012943451562978,NA,NA,NA
Moschowhaitsia__wetdry_z_trans,0.020548751438697232,-0.003553714119757673,0.012269099995184099,NA,NA,NA
Moschowhaitsia__time,0.0062272661410984285,-0.0020950097138612003,0.006212903785386995,NA,NA,NA
Muchia__lat_range_z_trans,0.059084922890431796,0.0025893599660705402,0.017227475432949602,1.4259844234102639,0.0,3.037000000476837
Muchia__biome,0.09855223520716647,-0.011235000834601412,0.05092936613171284,NA,NA,NA
Muchia__mat_z_trans,0.029571394945734145,-0.016191385064294316,0.04489768471795754,NA,NA,NA
Muchia__map_z_trans,-0.01084969876440114,-0.005771593895953973,0.007240222895768903,NA,NA,NA
Muchia__wmm_z_trans,-0.008297573852884522,-0.017230489018913206,0.039044760676387756,NA,NA,NA
Muchia__cmm_z_trans,0.003608095284332378,-0.01423297033557261,0.02187966891552142,NA,NA,NA
Muchia__wmmcmm_z_trans,-0.00012816564747556914,-0.011957390061759993,0.021125058341251477,NA,NA,NA
Muchia__wetmon_z_trans,0.0038040283423458904,-0.012754280639520233,0.02587174755659064,NA,NA,NA
Muchia__drymon_z_trans,0.0017587594031852844,-0.0035636913404389564,0.006755475009490772,NA,NA,NA
Muchia__wetdry_z_trans,0.01103781872428378,-0.011507548809305705,0.03532303471876227,NA,NA,NA
Muchia__time,-0.010480892410981053,-0.005594712884239644,0.00347747706776389,NA,NA,NA
Mucrotherium__lat_range_z_trans,0.08149764683291286,0.001008156315049248,0.009696614232948512,0.8234981358901132,0.11157451197504997,1.678474247455597
Mucrotherium__biome,0.058215868224403,-0.009629074667264427,0.031009782220437453,NA,NA,NA
Mucrotherium__mat_z_trans,-0.08105830990804724,-0.01453106969551663,0.027159421219382234,NA,NA,NA
Mucrotherium__map_z_trans,-0.17968551332042915,-0.019378099397443338,0.019373861735027795,NA,NA,NA
Mucrotherium__wmm_z_trans,-0.029450766661548437,-0.009448597321933296,0.019166167778225295,NA,NA,NA
Mucrotherium__cmm_z_trans,-0.0014461748774773412,-0.01076341256952848,0.025386075842774577,NA,NA,NA
Mucrotherium__wmmcmm_z_trans,-0.010156771649724365,-0.0065877199154242266,0.013634634870472336,NA,NA,NA
Mucrotherium__wetmon_z_trans,0.09381542824901372,-0.013418551478807205,0.04571821162608648,NA,NA,NA
Mucrotherium__drymon_z_trans,0.045002314653175474,-0.0077510519551667505,0.018958759609192372,NA,NA,NA
Mucrotherium__wetdry_z_trans,0.08639272350379017,-0.015459326589502343,0.04187762963717909,NA,NA,NA
Mucrotherium__time,0.1145344790756688,-0.0014909556429920643,0.02179081269243097,NA,NA,NA
Mupashi__lat_range_z_trans,0.10630244411956306,0.005541793351035345,0.025556839793606526,0.8162636877829209,0.3267882652580738,1.26636281888932
Mupashi__biome,-0.08144997939437067,-0.02238941619035962,0.013211999527308596,NA,NA,NA
Mupashi__mat_z_trans,0.05024807096569905,-0.014665872106461659,0.04845606652786311,NA,NA,NA
Mupashi__map_z_trans,0.014127089199566711,-0.0033288118322083522,0.011338642720272012,NA,NA,NA
Mupashi__wmm_z_trans,0.028432957382514612,-0.007810071629262089,0.024965079143215677,NA,NA,NA
Mupashi__cmm_z_trans,0.010971157951899601,-0.02453591309517093,0.06076142259219863,NA,NA,NA
Mupashi__wmmcmm_z_trans,0.03635612440829354,-0.021220881389230273,0.04874099917636401,NA,NA,NA
Mupashi__wetmon_z_trans,0.006350100434286699,-0.005788997897396187,0.012736758718978081,NA,NA,NA
Mupashi__drymon_z_trans,0.0016098662375157915,-0.0046655773912901944,0.006930018199624764,NA,NA,NA
Mupashi__wetdry_z_trans,0.007759172025916918,-0.005677233101929891,0.014667299518589577,NA,NA,NA
Mupashi__time,-0.0030460792091478324,-0.002908721636255669,0.006406845546136131,NA,NA,NA
Mycterosaurus__lat_range_z_trans,-0.07300160033468715,-0.008762221568636553,-0.002929245250826613,1.1932880563840444,0.13245878368616104,2.515214596685837
Mycterosaurus__biome,0.3167901164041631,-0.00017920037010663492,0.08802344134348533,NA,NA,NA
Mycterosaurus__mat_z_trans,-0.06137190149945275,-0.023284026252568996,0.03415033124074097,NA,NA,NA
Mycterosaurus__map_z_trans,0.0027205571821482784,-0.004705403824713029,0.008438428793068083,NA,NA,NA
Mycterosaurus__wmm_z_trans,0.015158951392932992,-0.0050006018282964726,0.018057067650476228,NA,NA,NA
Mycterosaurus__cmm_z_trans,-0.018804655457434205,-0.023122192274109242,0.04324401337233492,NA,NA,NA
Mycterosaurus__wmmcmm_z_trans,-0.0005927764678551384,-0.013962328317580288,0.031049953368048736,NA,NA,NA
Mycterosaurus__wetmon_z_trans,0.005536286565918472,-0.0043765606031147125,0.005461598416169833,NA,NA,NA
Mycterosaurus__drymon_z_trans,0.0033346762804477965,-0.01058162964896977,0.02180787840934906,NA,NA,NA
Mycterosaurus__wetdry_z_trans,0.006807849293847821,-0.008942058351023418,0.02028705851246011,NA,NA,NA
Mycterosaurus__time,-0.018916579238291757,-0.004533479879410396,0.006181445608850441,NA,NA,NA
Myosauroides__lat_range_z_trans,0.10630244411956306,0.005541793351035345,0.025556839793606526,0.8162636877829209,0.3267882652580738,1.26636281888932
Myosauroides__biome,-0.08144997939437067,-0.02238941619035962,0.013211999527308596,NA,NA,NA
Myosauroides__mat_z_trans,0.05024807096569905,-0.014665872106461659,0.04845606652786311,NA,NA,NA
Myosauroides__map_z_trans,0.014127089199566711,-0.0033288118322083522,0.011338642720272012,NA,NA,NA
Myosauroides__wmm_z_trans,0.028432957382514612,-0.007810071629262089,0.024965079143215677,NA,NA,NA
Myosauroides__cmm_z_trans,0.010971157951899601,-0.02453591309517093,0.06076142259219863,NA,NA,NA
Myosauroides__wmmcmm_z_trans,0.03635612440829354,-0.021220881389230273,0.04874099917636401,NA,NA,NA
Myosauroides__wetmon_z_trans,0.006350100434286699,-0.005788997897396187,0.012736758718978081,NA,NA,NA
Myosauroides__drymon_z_trans,0.0016098662375157915,-0.0046655773912901944,0.006930018199624764,NA,NA,NA
Myosauroides__wetdry_z_trans,0.007759172025916918,-0.005677233101929891,0.014667299518589577,NA,NA,NA
Myosauroides__time,-0.0030460792091478324,-0.002908721636255669,0.006406845546136131,NA,NA,NA
Myosaurus__lat_range_z_trans,-0.4042786784490088,-0.048251917105410914,-0.009744722526652223,0.7264483592765464,0.0,2.3399850483983755
Myosaurus__biome,0.3196700994991629,-0.017370321010675947,0.13742463432224675,NA,NA,NA
Myosaurus__mat_z_trans,0.05140293196964173,-0.0020643091108641437,0.018510475120009622,NA,NA,NA
Myosaurus__map_z_trans,0.07291264525769292,-0.0068228077976428235,0.025717404240499023,NA,NA,NA
Myosaurus__wmm_z_trans,0.02349715139623414,-0.0027767601004061488,0.010232509928297983,NA,NA,NA
Myosaurus__cmm_z_trans,0.023937700351601466,-0.0029108227426969404,0.013316428857325485,NA,NA,NA
Myosaurus__wmmcmm_z_trans,0.010523412321548168,-0.0027591240058047416,0.006725613876579669,NA,NA,NA
Myosaurus__wetmon_z_trans,0.022546622344644263,-0.00971150965184247,0.027452295281015802,NA,NA,NA
Myosaurus__drymon_z_trans,0.024776919598733727,-0.004163411113838107,0.013898256262269947,NA,NA,NA
Myosaurus__wetdry_z_trans,0.014282537034821716,-0.0100554212747544,0.02515015856207325,NA,NA,NA
Myosaurus__time,0.018389582796665145,-0.0005632990045928668,0.0050889175404917626,NA,NA,NA
Nanictidops__lat_range_z_trans,0.10630244411956306,0.005541793351035345,0.025556839793606526,0.8162636877829209,0.3267882652580738,1.26636281888932
Nanictidops__biome,-0.08144997939437067,-0.02238941619035962,0.013211999527308596,NA,NA,NA
Nanictidops__mat_z_trans,0.05024807096569905,-0.014665872106461659,0.04845606652786311,NA,NA,NA
Nanictidops__map_z_trans,0.014127089199566711,-0.0033288118322083522,0.011338642720272012,NA,NA,NA
Nanictidops__wmm_z_trans,0.028432957382514612,-0.007810071629262089,0.024965079143215677,NA,NA,NA
Nanictidops__cmm_z_trans,0.010971157951899601,-0.02453591309517093,0.06076142259219863,NA,NA,NA
Nanictidops__wmmcmm_z_trans,0.03635612440829354,-0.021220881389230273,0.04874099917636401,NA,NA,NA
Nanictidops__wetmon_z_trans,0.006350100434286699,-0.005788997897396187,0.012736758718978081,NA,NA,NA
Nanictidops__drymon_z_trans,0.0016098662375157915,-0.0046655773912901944,0.006930018199624764,NA,NA,NA
Nanictidops__wetdry_z_trans,0.007759172025916918,-0.005677233101929891,0.014667299518589577,NA,NA,NA
Nanictidops__time,-0.0030460792091478324,-0.002908721636255669,0.006406845546136131,NA,NA,NA
Nanictocephalus__lat_range_z_trans,0.10630244411956306,0.005541793351035345,0.025556839793606526,0.8162636877829209,0.3267882652580738,1.26636281888932
Nanictocephalus__biome,-0.08144997939437067,-0.02238941619035962,0.013211999527308596,NA,NA,NA
Nanictocephalus__mat_z_trans,0.05024807096569905,-0.014665872106461659,0.04845606652786311,NA,NA,NA
Nanictocephalus__map_z_trans,0.014127089199566711,-0.0033288118322083522,0.011338642720272012,NA,NA,NA
Nanictocephalus__wmm_z_trans,0.028432957382514612,-0.007810071629262089,0.024965079143215677,NA,NA,NA
Nanictocephalus__cmm_z_trans,0.010971157951899601,-0.02453591309517093,0.06076142259219863,NA,NA,NA
Nanictocephalus__wmmcmm_z_trans,0.03635612440829354,-0.021220881389230273,0.04874099917636401,NA,NA,NA
Nanictocephalus__wetmon_z_trans,0.006350100434286699,-0.005788997897396187,0.012736758718978081,NA,NA,NA
Nanictocephalus__drymon_z_trans,0.0016098662375157915,-0.0046655773912901944,0.006930018199624764,NA,NA,NA
Nanictocephalus__wetdry_z_trans,0.007759172025916918,-0.005677233101929891,0.014667299518589577,NA,NA,NA
Nanictocephalus__time,-0.0030460792091478324,-0.002908721636255669,0.006406845546136131,NA,NA,NA
Nanictosaurus__lat_range_z_trans,-0.44385192424058917,-0.009359289947606035,-0.010631472426679474,0.04328574497718364,0.0,0.5781923979520798
Nanictosaurus__biome,-0.39452950827777383,-0.01920285844604414,0.015268809735680483,NA,NA,NA
Nanictosaurus__mat_z_trans,0.12288827241631224,-0.006771086239084528,0.03167675533240869,NA,NA,NA
Nanictosaurus__map_z_trans,0.31192682626424356,-0.006031951705701808,0.05284541921089061,NA,NA,NA
Nanictosaurus__wmm_z_trans,0.10179741470143198,-0.0043421573041137335,0.02147263578493967,NA,NA,NA
Nanictosaurus__cmm_z_trans,0.08528094551060349,-0.006400642927252934,0.028586808589094386,NA,NA,NA
Nanictosaurus__wmmcmm_z_trans,0.025987834574189038,-0.009879302369741863,0.020089168182071803,NA,NA,NA
Nanictosaurus__wetmon_z_trans,-0.05825003667268902,-0.023452615412226843,0.044553043850578705,NA,NA,NA
Nanictosaurus__drymon_z_trans,0.06735132785979658,-0.0043143754111545675,0.03314927142662999,NA,NA,NA
Nanictosaurus__wetdry_z_trans,-0.012136692339554429,-0.017435246120715987,0.03048174560204927,NA,NA,NA
Nanictosaurus__time,0.05916036105947569,-0.0002601770348870679,0.006279786176492977,NA,NA,NA
Nanocynodon__lat_range_z_trans,0.05031859516029235,0.003919887137851848,0.01846942164208109,1.677276223813824,0.0,4.367246195673943
Nanocynodon__biome,0.09828163275296614,-0.005767601741723851,0.07089637088983722,NA,NA,NA
Nanocynodon__mat_z_trans,0.02733749251434287,-0.01787735003618421,0.0380616425164769,NA,NA,NA
Nanocynodon__map_z_trans,-0.008226840972875115,-0.007746116274640278,0.008201763900470336,NA,NA,NA
Nanocynodon__wmm_z_trans,-0.00787298826014107,-0.023729160804491205,0.02957222336038464,NA,NA,NA
Nanocynodon__cmm_z_trans,0.011483275016590206,-0.007542774124463808,0.02646107961529597,NA,NA,NA
Nanocynodon__wmmcmm_z_trans,-0.0010408740142105008,-0.010408017055893786,0.023645261118010283,NA,NA,NA
Nanocynodon__wetmon_z_trans,0.002095781877280401,-0.014816916957227167,0.02193256095412049,NA,NA,NA
Nanocynodon__drymon_z_trans,0.0022622634909921125,-0.004140015430494701,0.00537084161345255,NA,NA,NA
Nanocynodon__wetdry_z_trans,0.011658075584071117,-0.013259730898500298,0.028212803304588006,NA,NA,NA
Nanocynodon__time,-0.008635489027571035,-0.006081906732762058,0.0029480025494396296,NA,NA,NA
Nanogomphodon__lat_range_z_trans,0.03774545361465587,0.0013998048775349361,0.0148033668640214,1.955240807327209,0.37021065410226583,4.004842683672905
Nanogomphodon__biome,0.10394250601568297,-0.0046029924926142855,0.053960493045472464,NA,NA,NA
Nanogomphodon__mat_z_trans,-0.0025716533003770957,-0.015476044846566138,0.024395687775765746,NA,NA,NA
Nanogomphodon__map_z_trans,0.021096594049993336,-0.012151948236531526,0.023011743269083555,NA,NA,NA
Nanogomphodon__wmm_z_trans,-0.01044314966741935,-0.019805211700398232,0.03459547346007748,NA,NA,NA
Nanogomphodon__cmm_z_trans,0.011470412725042376,-0.0035155205936532913,0.011930637166184187,NA,NA,NA
Nanogomphodon__wmmcmm_z_trans,0.006572191646999119,-0.010174729276535769,0.018017736790073215,NA,NA,NA
Nanogomphodon__wetmon_z_trans,-0.004432329396802254,-0.02114593798705371,0.03186756483100981,NA,NA,NA
Nanogomphodon__drymon_z_trans,0.007255736921229692,-0.008368500567037848,0.0209962783147907,NA,NA,NA
Nanogomphodon__wetdry_z_trans,-0.011282328478393345,-0.012869330893653316,0.028532896267455872,NA,NA,NA
Nanogomphodon__time,0.018307489991126146,-0.0007392912020203299,0.011660093680222684,NA,NA,NA
Niaftasuchus__lat_range_z_trans,0.08150357000334123,0.0016970985833039173,0.011733315853968097,0.7987732997559942,0.18263564305379987,1.4094301387667656
Niaftasuchus__biome,0.227266503902322,2.9284729333247417e-05,0.053715335938141213,NA,NA,NA
Niaftasuchus__mat_z_trans,-0.06082378919779608,-0.020788483593564618,0.026172348777228235,NA,NA,NA
Niaftasuchus__map_z_trans,-0.05685723857633906,-0.0081539341244197,0.011676637364594917,NA,NA,NA
Niaftasuchus__wmm_z_trans,0.03593695835508257,-0.007437204916167339,0.029338103640111475,NA,NA,NA
Niaftasuchus__cmm_z_trans,-0.02156233960920091,-0.0215764576429392,0.042746470803036826,NA,NA,NA
Niaftasuchus__wmmcmm_z_trans,-0.008710397641567929,-0.02139001449294286,0.03409979750399166,NA,NA,NA
Niaftasuchus__wetmon_z_trans,0.003591706898681287,-0.005383620220494719,0.01250582527296153,NA,NA,NA
Niaftasuchus__drymon_z_trans,0.025881916454138558,-0.009008094079124947,0.02273142426882224,NA,NA,NA
Niaftasuchus__wetdry_z_trans,-0.020859621959795,-0.011350470950294471,0.023591440290279108,NA,NA,NA
Niaftasuchus__time,-0.027706344507129218,-0.004087806211218823,0.005461271751021789,NA,NA,NA
Niassodon__lat_range_z_trans,0.10630244411956306,0.005541793351035345,0.025556839793606526,0.8162636877829209,0.3267882652580738,1.26636281888932
Niassodon__biome,-0.08144997939437067,-0.02238941619035962,0.013211999527308596,NA,NA,NA
Niassodon__mat_z_trans,0.05024807096569905,-0.014665872106461659,0.04845606652786311,NA,NA,NA
Niassodon__map_z_trans,0.014127089199566711,-0.0033288118322083522,0.011338642720272012,NA,NA,NA
Niassodon__wmm_z_trans,0.028432957382514612,-0.007810071629262089,0.024965079143215677,NA,NA,NA
Niassodon__cmm_z_trans,0.010971157951899601,-0.02453591309517093,0.06076142259219863,NA,NA,NA
Niassodon__wmmcmm_z_trans,0.03635612440829354,-0.021220881389230273,0.04874099917636401,NA,NA,NA
Niassodon__wetmon_z_trans,0.006350100434286699,-0.005788997897396187,0.012736758718978081,NA,NA,NA
Niassodon__drymon_z_trans,0.0016098662375157915,-0.0046655773912901944,0.006930018199624764,NA,NA,NA
Niassodon__wetdry_z_trans,0.007759172025916918,-0.005677233101929891,0.014667299518589577,NA,NA,NA
Niassodon__time,-0.0030460792091478324,-0.002908721636255669,0.006406845546136131,NA,NA,NA
Nikkasaurus__lat_range_z_trans,0.0818315394911538,0.0017806279855019068,0.013858575337182483,0.8415101807634346,0.33484468795359135,1.9092912282794714
Nikkasaurus__biome,0.18913066288295055,-0.003107962499512637,0.048419391075725224,NA,NA,NA
Nikkasaurus__mat_z_trans,-0.02220901240981047,-0.016979450734717738,0.03381248069032909,NA,NA,NA
Nikkasaurus__map_z_trans,-0.047617209286139515,-0.008267263302762813,0.011640522326458359,NA,NA,NA
Nikkasaurus__wmm_z_trans,0.011079721547846304,-0.011837897897480451,0.0312453643551299,NA,NA,NA
Nikkasaurus__cmm_z_trans,-0.000835395923551105,-0.021994985671118877,0.0346381980898055,NA,NA,NA
Nikkasaurus__wmmcmm_z_trans,-0.01829365232633686,-0.012630666843898056,0.02761369439088712,NA,NA,NA
Nikkasaurus__wetmon_z_trans,0.0020160674984740327,-0.013118037702913513,0.017014739897757748,NA,NA,NA
Nikkasaurus__drymon_z_trans,0.0232044997576711,-0.00616604267907844,0.025357853968912,NA,NA,NA
Nikkasaurus__wetdry_z_trans,-0.015241067035092627,-0.01094516477345822,0.02459858963867498,NA,NA,NA
Nikkasaurus__time,-0.025405230075427707,-0.004182858799090676,0.00557256169329471,NA,NA,NA
Niuksenitia__lat_range_z_trans,0.06785702428978369,0.0026501955850975556,0.018321008589070088,1.2522786027664552,0.0,2.2665759846568108
Niuksenitia__biome,0.1147721438995559,-0.0110520188057925,0.05679831465910483,NA,NA,NA
Niuksenitia__mat_z_trans,0.02989786963996706,-0.015927679477449472,0.04707922112169395,NA,NA,NA
Niuksenitia__map_z_trans,-0.014078020729699514,-0.0056775931943883595,0.009091203045588562,NA,NA,NA
Niuksenitia__wmm_z_trans,-0.01434048392754519,-0.02075516851953959,0.037057970329371206,NA,NA,NA
Niuksenitia__cmm_z_trans,0.006148269131741322,-0.006387011979091049,0.01764958329579566,NA,NA,NA
Niuksenitia__wmmcmm_z_trans,-0.007950561660146984,-0.009453836899673716,0.017545544588066002,NA,NA,NA
Niuksenitia__wetmon_z_trans,0.0015164766623531553,-0.015054991366815715,0.02995809089471527,NA,NA,NA
Niuksenitia__drymon_z_trans,0.0012659368863050997,-0.003505650270293775,0.007176573271225144,NA,NA,NA
Niuksenitia__wetdry_z_trans,0.005169573997898407,-0.01767827833582624,0.02750355946130614,NA,NA,NA
Niuksenitia__time,-0.012597304068475399,-0.004607669654756657,0.005590902208220257,NA,NA,NA
Nochnitsa__lat_range_z_trans,0.07943478908260689,0.0027921792864465103,0.018887491497050372,1.0740650940319756,0.05882244312670082,1.9092912282794714
Nochnitsa__biome,0.12209966629384722,-0.01087078884058888,0.0522782276644711,NA,NA,NA
Nochnitsa__mat_z_trans,0.039852883309185405,-0.01566649888698941,0.04917111777544077,NA,NA,NA
Nochnitsa__map_z_trans,-0.021270676771922514,-0.005584492555026434,0.007929358829184876,NA,NA,NA
Nochnitsa__wmm_z_trans,-0.031547610188955647,-0.021553609883144587,0.03820379735597678,NA,NA,NA
Nochnitsa__cmm_z_trans,0.01146592543280408,-0.007453275351872918,0.015963796852005042,NA,NA,NA
Nochnitsa__wmmcmm_z_trans,-0.015660289747673643,-0.008668701887751437,0.01695542813869899,NA,NA,NA
Nochnitsa__wetmon_z_trans,0.002483118703680827,-0.014808121033938719,0.033253327061481784,NA,NA,NA
Nochnitsa__drymon_z_trans,0.0005633237916029656,-0.003448164946782706,0.00739847186792372,NA,NA,NA
Nochnitsa__wetdry_z_trans,0.006152583747804319,-0.017388391589887794,0.028353965500237003,NA,NA,NA
Nochnitsa__time,-0.015912789531242397,-0.00479983722899314,0.005376988921686655,NA,NA,NA
Notaelurodon__lat_range_z_trans,0.09191471030729723,0.005506992270402745,0.017769321406801437,0.9145791988924611,0.10057470016181469,2.1301793921738863
Notaelurodon__biome,-0.07465054970405517,-0.022248816238538614,0.01410607723077448,NA,NA,NA
Notaelurodon__mat_z_trans,0.03964881795704026,-0.017722990819484488,0.02574781398938536,NA,NA,NA
Notaelurodon__map_z_trans,0.03919001809791789,-0.0033079077238005942,0.03963523547922162,NA,NA,NA
Notaelurodon__wmm_z_trans,0.024078399887205004,-0.008597634382789106,0.01670914111304401,NA,NA,NA
Notaelurodon__cmm_z_trans,0.02734704805653361,-0.01564556019102576,0.04066765334482225,NA,NA,NA
Notaelurodon__wmmcmm_z_trans,0.018509075836275167,-0.01793663544040309,0.03322515570224069,NA,NA,NA
Notaelurodon__wetmon_z_trans,0.010604557843977517,-0.005752644433842444,0.04695571069332394,NA,NA,NA
Notaelurodon__drymon_z_trans,0.00032427660123578135,-0.010597605663306968,0.005880670988309061,NA,NA,NA
Notaelurodon__wetdry_z_trans,0.001950541137347912,-0.008256444706194434,0.028787086291101875,NA,NA,NA
Notaelurodon__time,-0.0012559718990377126,-0.0028904555895467626,0.004288105225132363,NA,NA,NA
Nothogomphodon__lat_range_z_trans,-0.2830569861780211,-0.029754907868909806,-0.01660095639883938,0.673092571423922,0.02788158506155014,1.4656490944325924
Nothogomphodon__biome,0.32328489529642707,-0.00209364581752797,0.0800887437467808,NA,NA,NA
Nothogomphodon__mat_z_trans,0.03175869621915421,-0.005469979696023295,0.022893616368199074,NA,NA,NA
Nothogomphodon__map_z_trans,0.05502171810182799,-0.007624873627171646,0.026617300486244968,NA,NA,NA
Nothogomphodon__wmm_z_trans,0.012829992077064463,-0.010969119126100435,0.038784151352419236,NA,NA,NA
Nothogomphodon__cmm_z_trans,0.019611662858625215,-0.004375698790635622,0.014553309618700157,NA,NA,NA
Nothogomphodon__wmmcmm_z_trans,0.01762489473891625,-0.004725024697181971,0.016391023760058607,NA,NA,NA
Nothogomphodon__wetmon_z_trans,-0.0005511486109505749,-0.018880701090656017,0.0292808271810952,NA,NA,NA
Nothogomphodon__drymon_z_trans,-0.0012958403303125598,-0.006064275490284726,0.017731822395969616,NA,NA,NA
Nothogomphodon__wetdry_z_trans,-0.02278834518150228,-0.016595251472017757,0.035352759951475354,NA,NA,NA
Nothogomphodon__time,0.02522138513050883,-0.0008962252420202745,0.00867937300205349,NA,NA,NA
Notictoides__lat_range_z_trans,0.013049721865214609,0.003270319051855181,0.010856566843255585,6.889615618619136,0.0,13.059325551614165
Notictoides__biome,0.1146412754411778,-0.021881088214349406,0.13059436411498318,NA,NA,NA
Notictoides__mat_z_trans,0.009300535900117687,-0.006183315635117552,0.016373013379034212,NA,NA,NA
Notictoides__map_z_trans,0.01784215827517024,-0.011326192726528985,0.026697397952963473,NA,NA,NA
Notictoides__wmm_z_trans,0.004646298639649544,-0.007651229234569874,0.015489182919178833,NA,NA,NA
Notictoides__cmm_z_trans,0.00582129211232732,-0.003078111182994742,0.010142975314187704,NA,NA,NA
Notictoides__wmmcmm_z_trans,0.002409386150463026,-0.0041997704391947424,0.006649031753781077,NA,NA,NA
Notictoides__wetmon_z_trans,0.0037758542572647546,-0.023877260308185388,0.023603152696052714,NA,NA,NA
Notictoides__drymon_z_trans,0.003604230659553768,-0.010739237942651208,0.012240561589059855,NA,NA,NA
Notictoides__wetdry_z_trans,0.001962172729845905,-0.02017101418286365,0.019311812536313217,NA,NA,NA
Notictoides__time,0.0006079980909528307,-0.0016128021039291545,0.0018139123653472624,NA,NA,NA
Notosyodon__lat_range_z_trans,0.08326815739698157,0.0020013460245758103,0.015191584117816443,0.9381349043920636,0.21574658155441284,1.7669537980109453
Notosyodon__biome,0.15729645192801747,-0.004018573129447073,0.05127435647735878,NA,NA,NA
Notosyodon__mat_z_trans,0.03373702629871429,-0.013041473508256083,0.040567579069961564,NA,NA,NA
Notosyodon__map_z_trans,-0.02995867964338989,-0.00663234954884361,0.010929238285064743,NA,NA,NA
Notosyodon__wmm_z_trans,-0.026771715437738805,-0.014662792545683874,0.038890661468854656,NA,NA,NA
Notosyodon__cmm_z_trans,0.005106699099475315,-0.020344214206197288,0.024993104924156267,NA,NA,NA
Notosyodon__wmmcmm_z_trans,-0.0215229281335986,-0.010117235024777635,0.020913248749938402,NA,NA,NA
Notosyodon__wetmon_z_trans,-0.003283068649850301,-0.013023601267218698,0.024840928141246933,NA,NA,NA
Notosyodon__drymon_z_trans,-0.004777103290881732,-0.008750546212208403,0.018024190844353187,NA,NA,NA
Notosyodon__wetdry_z_trans,0.002615190267005442,-0.015292924620614278,0.023095514109923932,NA,NA,NA
Notosyodon__time,-0.018049105712997334,-0.003567338879858377,0.0050515652754821875,NA,NA,NA
Nshimbodon__lat_range_z_trans,0.10630244411956306,0.005541793351035345,0.025556839793606526,0.8162636877829209,0.3267882652580738,1.26636281888932
Nshimbodon__biome,-0.08144997939437067,-0.02238941619035962,0.013211999527308596,NA,NA,NA
Nshimbodon__mat_z_trans,0.05024807096569905,-0.014665872106461659,0.04845606652786311,NA,NA,NA
Nshimbodon__map_z_trans,0.014127089199566711,-0.0033288118322083522,0.011338642720272012,NA,NA,NA
Nshimbodon__wmm_z_trans,0.028432957382514612,-0.007810071629262089,0.024965079143215677,NA,NA,NA
Nshimbodon__cmm_z_trans,0.010971157951899601,-0.02453591309517093,0.06076142259219863,NA,NA,NA
Nshimbodon__wmmcmm_z_trans,0.03635612440829354,-0.021220881389230273,0.04874099917636401,NA,NA,NA
Nshimbodon__wetmon_z_trans,0.006350100434286699,-0.005788997897396187,0.012736758718978081,NA,NA,NA
Nshimbodon__drymon_z_trans,0.0016098662375157915,-0.0046655773912901944,0.006930018199624764,NA,NA,NA
Nshimbodon__wetdry_z_trans,0.007759172025916918,-0.005677233101929891,0.014667299518589577,NA,NA,NA
Nshimbodon__time,-0.0030460792091478324,-0.002908721636255669,0.006406845546136131,NA,NA,NA
Nythosaurus__lat_range_z_trans,0.09535664243579177,0.004072143470531296,0.021201962274825712,0.8290910527319647,0.221882663667202,1.8704064395278692
Nythosaurus__biome,-0.03541409528678681,-0.0168636599052733,0.023803528619572984,NA,NA,NA
Nythosaurus__mat_z_trans,0.021203291132372543,-0.007294242035782795,0.02176354911910161,NA,NA,NA
Nythosaurus__map_z_trans,0.047204807453158,-0.004155255170233598,0.02232489094512101,NA,NA,NA
Nythosaurus__wmm_z_trans,0.009541375016990278,-0.0081095510247881,0.018354018822327046,NA,NA,NA
Nythosaurus__cmm_z_trans,0.022388441540908258,-0.00829711969123105,0.022021673352140513,NA,NA,NA
Nythosaurus__wmmcmm_z_trans,0.008005363763009227,-0.005532664718572503,0.015535525064148186,NA,NA,NA
Nythosaurus__wetmon_z_trans,-0.02080735390453375,-0.024339708887307996,0.03712189348137684,NA,NA,NA
Nythosaurus__drymon_z_trans,0.027503043871018668,-0.009271952903973393,0.02835671038071447,NA,NA,NA
Nythosaurus__wetdry_z_trans,-0.0336653658872743,-0.027208472286226755,0.050742200841152864,NA,NA,NA
Nythosaurus__time,0.036344773987083585,-0.0004492197656713127,0.01254601856367587,NA,NA,NA
Odontocyclops__lat_range_z_trans,-0.782602561712265,-0.04506686438651866,-0.04817082442190761,0.17656969860821847,0.011788953095674515,0.3873216286301613
Odontocyclops__biome,0.20152137463912367,-0.004981550670785962,0.05538700648024864,NA,NA,NA
Odontocyclops__mat_z_trans,0.1521525878016837,-0.009790784568377025,0.057564557576012365,NA,NA,NA
Odontocyclops__map_z_trans,0.056780465382908006,-0.001918823092238271,0.015227385466648358,NA,NA,NA
Odontocyclops__wmm_z_trans,0.09169116631732323,-0.005130998172463977,0.025431621580012033,NA,NA,NA
Odontocyclops__cmm_z_trans,0.0677055300725624,-0.017785141464086055,0.07306568750914201,NA,NA,NA
Odontocyclops__wmmcmm_z_trans,0.10159209153905976,-0.011558276268767749,0.053150318378046166,NA,NA,NA
Odontocyclops__wetmon_z_trans,0.044235004034126175,-0.0027964656306396296,0.01542011685648664,NA,NA,NA
Odontocyclops__drymon_z_trans,0.017100004108506255,-0.0023161315522768292,0.007245616195918231,NA,NA,NA
Odontocyclops__wetdry_z_trans,0.03775187248538714,-0.005145027457423913,0.014884161870249282,NA,NA,NA
Odontocyclops__time,0.01098123981806566,-0.0009596396549514406,0.004566323973300997,NA,NA,NA
Oligokyphus__lat_range_z_trans,0.08149764683291286,0.001008156315049248,0.009696614232948512,0.8234981358901132,0.11157451197504997,1.678474247455597
Oligokyphus__biome,0.058215868224403,-0.009629074667264427,0.031009782220437453,NA,NA,NA
Oligokyphus__mat_z_trans,-0.08105830990804724,-0.01453106969551663,0.027159421219382234,NA,NA,NA
Oligokyphus__map_z_trans,-0.17968551332042915,-0.019378099397443338,0.019373861735027795,NA,NA,NA
Oligokyphus__wmm_z_trans,-0.029450766661548437,-0.009448597321933296,0.019166167778225295,NA,NA,NA
Oligokyphus__cmm_z_trans,-0.0014461748774773412,-0.01076341256952848,0.025386075842774577,NA,NA,NA
Oligokyphus__wmmcmm_z_trans,-0.010156771649724365,-0.0065877199154242266,0.013634634870472336,NA,NA,NA
Oligokyphus__wetmon_z_trans,0.09381542824901372,-0.013418551478807205,0.04571821162608648,NA,NA,NA
Oligokyphus__drymon_z_trans,0.045002314653175474,-0.0077510519551667505,0.018958759609192372,NA,NA,NA
Oligokyphus__wetdry_z_trans,0.08639272350379017,-0.015459326589502343,0.04187762963717909,NA,NA,NA
Oligokyphus__time,0.1145344790756688,-0.0014909556429920643,0.02179081269243097,NA,NA,NA
Olivierosuchus__lat_range_z_trans,-0.3850231297314167,-0.009918652327359818,-0.006820639558648242,0.14840935439337044,0.0,0.6918106835801154
Olivierosuchus__biome,-0.31654799576848747,-0.016720526467662346,0.019209270235089514,NA,NA,NA
Olivierosuchus__mat_z_trans,0.09885286195203662,-0.006458224254990526,0.024090263609185737,NA,NA,NA
Olivierosuchus__map_z_trans,0.3953753491374664,-0.006947774729920358,0.058942284962789165,NA,NA,NA
Olivierosuchus__wmm_z_trans,0.07422444746829569,-0.005800046863461242,0.025291590050558872,NA,NA,NA
Olivierosuchus__cmm_z_trans,0.07632187251001596,-0.004503377114617277,0.021733457152762498,NA,NA,NA
Olivierosuchus__wmmcmm_z_trans,0.020460103803197852,-0.0026226755390329638,0.009770989247029654,NA,NA,NA
Olivierosuchus__wetmon_z_trans,-0.10875750040635467,-0.025779659151963986,0.05092241912495562,NA,NA,NA
Olivierosuchus__drymon_z_trans,0.09049849086382893,-0.007656704170892261,0.028486999144942043,NA,NA,NA
Olivierosuchus__wetdry_z_trans,-0.06092273966409266,-0.020741868206566542,0.034945861867095446,NA,NA,NA
Olivierosuchus__time,0.086266670107143,-0.0003001940920621903,0.0071994756283968115,NA,NA,NA
Ophiacodon__lat_range_z_trans,-0.07494028767752946,-0.020788696646024576,-0.0019845874889954014,1.6794734423400406,0.21807404048740864,3.7600750625133514
Ophiacodon__biome,0.2127469423925941,0.008675437336406428,0.10342477273044252,NA,NA,NA
Ophiacodon__mat_z_trans,-0.01208591976171353,-0.0244821248543271,0.01931987644521157,NA,NA,NA
Ophiacodon__map_z_trans,-0.0024344162339139724,-0.007521683426623079,0.007476372224330311,NA,NA,NA
Ophiacodon__wmm_z_trans,0.015900257622590543,-0.005650866215878529,0.016013269394044533,NA,NA,NA
Ophiacodon__cmm_z_trans,0.011646080311505555,-0.01681655309167311,0.049395047893006166,NA,NA,NA
Ophiacodon__wmmcmm_z_trans,0.012846795380316696,-0.01607653827698919,0.03065674085342856,NA,NA,NA
Ophiacodon__wetmon_z_trans,0.0022361002347369243,-0.0039152509523656875,0.00468982937204853,NA,NA,NA
Ophiacodon__drymon_z_trans,0.012928565461771626,-0.008303524856601036,0.01964288546943267,NA,NA,NA
Ophiacodon__wetdry_z_trans,0.008410378051419132,-0.0077326762534759095,0.021566049383285962,NA,NA,NA
Ophiacodon__time,-0.00959357166004011,-0.00483722568097772,0.0035717151879216956,NA,NA,NA
Ophidostoma__lat_range_z_trans,0.10630244411956306,0.005541793351035345,0.025556839793606526,0.8162636877829209,0.3267882652580738,1.26636281888932
Ophidostoma__biome,-0.08144997939437067,-0.02238941619035962,0.013211999527308596,NA,NA,NA
Ophidostoma__mat_z_trans,0.05024807096569905,-0.014665872106461659,0.04845606652786311,NA,NA,NA
Ophidostoma__map_z_trans,0.014127089199566711,-0.0033288118322083522,0.011338642720272012,NA,NA,NA
Ophidostoma__wmm_z_trans,0.028432957382514612,-0.007810071629262089,0.024965079143215677,NA,NA,NA
Ophidostoma__cmm_z_trans,0.010971157951899601,-0.02453591309517093,0.06076142259219863,NA,NA,NA
Ophidostoma__wmmcmm_z_trans,0.03635612440829354,-0.021220881389230273,0.04874099917636401,NA,NA,NA
Ophidostoma__wetmon_z_trans,0.006350100434286699,-0.005788997897396187,0.012736758718978081,NA,NA,NA
Ophidostoma__drymon_z_trans,0.0016098662375157915,-0.0046655773912901944,0.006930018199624764,NA,NA,NA
Ophidostoma__wetdry_z_trans,0.007759172025916918,-0.005677233101929891,0.014667299518589577,NA,NA,NA
Ophidostoma__time,-0.0030460792091478324,-0.002908721636255669,0.006406845546136131,NA,NA,NA
Ordosiodon__lat_range_z_trans,0.07805753563008216,0.0017771309693503264,0.016926970999874783,1.0335008805434336,0.04615665599703789,3.0141765866428614
Ordosiodon__biome,0.11679501377134226,-0.004833165572423292,0.06672171712747971,NA,NA,NA
Ordosiodon__mat_z_trans,0.011073507698343263,-0.008530083872018883,0.024729583087156563,NA,NA,NA
Ordosiodon__map_z_trans,0.03557013850582012,-0.008332669868887973,0.02172682212746571,NA,NA,NA
Ordosiodon__wmm_z_trans,-0.0203505129308914,-0.016284077836526627,0.020503091633651147,NA,NA,NA
Ordosiodon__cmm_z_trans,0.011706340980149442,-0.0057581214505762045,0.014855980799154418,NA,NA,NA
Ordosiodon__wmmcmm_z_trans,0.0028986169358914864,-0.006461012579722875,0.015443309729933546,NA,NA,NA
Ordosiodon__wetmon_z_trans,-0.022118303094811453,-0.023726465155020405,0.023741810908290577,NA,NA,NA
Ordosiodon__drymon_z_trans,-0.004498621414341125,-0.013120399506474954,0.02347457090132974,NA,NA,NA
Ordosiodon__wetdry_z_trans,-0.06359153156320302,-0.021663657208740524,0.03454769968732703,NA,NA,NA
Ordosiodon__time,0.032118739603355734,-0.0005171808374880903,0.011100414462493874,NA,NA,NA
Oromycter__lat_range_z_trans,0.03263974530715983,0.001729068317894944,0.009438660205212892,1.8676806793216383,0.7457835227251053,3.23807255923748
Oromycter__biome,0.18298727465493198,0.0010961505073260093,0.07862568784508527,NA,NA,NA
Oromycter__mat_z_trans,-0.03620914373401672,-0.024742263286623344,0.03383437497130657,NA,NA,NA
Oromycter__map_z_trans,0.04540944352501046,-0.005074663929851221,0.02846798163251717,NA,NA,NA
Oromycter__wmm_z_trans,0.00470067238669094,-0.002102034967619503,0.006652970972669604,NA,NA,NA
Oromycter__cmm_z_trans,-0.0049205967235761705,-0.021284188259412834,0.03941877048112346,NA,NA,NA
Oromycter__wmmcmm_z_trans,0.0020454912495403293,-0.017938674318316913,0.027389854663132047,NA,NA,NA
Oromycter__wetmon_z_trans,-0.0053012592957523705,-0.009432241276825511,0.013601009639507155,NA,NA,NA
Oromycter__drymon_z_trans,-0.012618753834365044,-0.01623949453386852,0.02753337067604565,NA,NA,NA
Oromycter__wetdry_z_trans,0.0034225202908123946,-0.0038013659300434495,0.005482519518465146,NA,NA,NA
Oromycter__time,-0.03449446970469814,-0.009659995241189165,0.0033267708590921257,NA,NA,NA
Otsheria__lat_range_z_trans,0.08596917301374483,0.0017810538117395485,0.012015849588048261,0.7704450568638276,0.18263564305379987,1.4671187475323677
Otsheria__biome,0.23523273559532545,-0.0030077218365354825,0.04943391141842444,NA,NA,NA
Otsheria__mat_z_trans,-0.049525630898876634,-0.017260838794820516,0.03804406929445519,NA,NA,NA
Otsheria__map_z_trans,-0.0625253425097241,-0.008044010627170308,0.011790869280171347,NA,NA,NA
Otsheria__wmm_z_trans,0.018817712213724285,-0.009173924155802345,0.026431410005611014,NA,NA,NA
Otsheria__cmm_z_trans,-0.00024231056867648777,-0.02128558459366324,0.04316465722875976,NA,NA,NA
Otsheria__wmmcmm_z_trans,-0.029180794301465755,-0.021101654890890418,0.030088820544892605,NA,NA,NA
Otsheria__wetmon_z_trans,0.000477092762751632,-0.005224961732498782,0.008639545378640827,NA,NA,NA
Otsheria__drymon_z_trans,0.01613209771911197,-0.008886655618914253,0.026381617409552974,NA,NA,NA
Otsheria__wetdry_z_trans,-0.010287534352866798,-0.011197454818051338,0.022266522236648503,NA,NA,NA
Otsheria__time,-0.027206274551310944,-0.004047949661922378,0.005514699078952197,NA,NA,NA
Oudenodon__lat_range_z_trans,-0.7850381126999855,-0.030618092375643148,-0.02377526082288258,0.24004640732571716,0.0,0.722496019792743
Oudenodon__biome,0.001841485369950533,-0.01949285020212554,0.03619128804118156,NA,NA,NA
Oudenodon__mat_z_trans,0.1501330714148935,-0.0042741004055349705,0.027285338346046992,NA,NA,NA
Oudenodon__map_z_trans,0.27154353449586777,-0.008261320993853202,0.053002396207973576,NA,NA,NA
Oudenodon__wmm_z_trans,0.08487483575445368,-0.003154616559635098,0.0193057840861317,NA,NA,NA
Oudenodon__cmm_z_trans,0.10205508650979027,-0.006285453531861849,0.03279931846531041,NA,NA,NA
Oudenodon__wmmcmm_z_trans,0.040133186010061765,-0.0071625271371406115,0.020045675224712716,NA,NA,NA
Oudenodon__wetmon_z_trans,0.10515973239438609,-0.011308148816179754,0.05322035294065146,NA,NA,NA
Oudenodon__drymon_z_trans,0.045000391565263274,-0.006224851679865954,0.024156364768895038,NA,NA,NA
Oudenodon__wetdry_z_trans,0.021478750508686063,-0.009892921020904341,0.02706154234254319,NA,NA,NA
Oudenodon__time,0.025203521880612242,-0.0007748201957850413,0.004479171863593058,NA,NA,NA
Pachydectes__lat_range_z_trans,0.34607462257146837,0.002584644147822486,0.017870863563850772,0.35025929335621186,0.0,0.6351817585527897
Pachydectes__biome,-0.07677161581814289,-0.01121357311458896,0.021509599229880893,NA,NA,NA
Pachydectes__mat_z_trans,0.1633539696224034,-0.016283356442303686,0.0539373504022694,NA,NA,NA
Pachydectes__map_z_trans,-0.1124077020958066,-0.006375958569616987,0.009055913094864218,NA,NA,NA
Pachydectes__wmm_z_trans,-0.09703649248927831,-0.019430095635254857,0.05620259530522229,NA,NA,NA
Pachydectes__cmm_z_trans,0.022313819688279182,-0.008803056343470303,0.018567683895491655,NA,NA,NA
Pachydectes__wmmcmm_z_trans,-0.05698332975385711,-0.00973475582154454,0.010618562641978108,NA,NA,NA
Pachydectes__wetmon_z_trans,0.039752411209046844,-0.013985522264300335,0.03922648553532183,NA,NA,NA
Pachydectes__drymon_z_trans,0.013263793280348182,-0.0029077002859564816,0.009596454094617353,NA,NA,NA
Pachydectes__wetdry_z_trans,0.020322313902433962,-0.016224879940898215,0.030228082296050226,NA,NA,NA
Pachydectes__time,-0.08928342088242061,-0.005075448648417639,0.006958381404610372,NA,NA,NA
Palemydops__lat_range_z_trans,-0.3713839597646933,-0.011912591388595297,-0.014869830163727116,0.0,0.0,0.2958894856274128
Palemydops__biome,-0.2774670502558279,-0.022309287966850538,0.021948068410308646,NA,NA,NA
Palemydops__mat_z_trans,0.1038857106875043,-0.010993685108940615,0.04702229507817425,NA,NA,NA
Palemydops__map_z_trans,0.09618791266013764,-0.0048290604763511855,0.028660277378179392,NA,NA,NA
Palemydops__wmm_z_trans,0.0887295098082573,-0.0036810175443329086,0.020179496839625683,NA,NA,NA
Palemydops__cmm_z_trans,0.04182547723884891,-0.013895595361571061,0.06136122325747493,NA,NA,NA
Palemydops__wmmcmm_z_trans,0.06377532540093628,-0.014213979914518528,0.03948623553050243,NA,NA,NA
Palemydops__wetmon_z_trans,0.029865838190600368,-0.007866125801091185,0.03586869170092287,NA,NA,NA
Palemydops__drymon_z_trans,0.021443675519697575,-0.007262380033014037,0.012545469721166788,NA,NA,NA
Palemydops__wetdry_z_trans,-0.004790938872308417,-0.00894766406120385,0.01592417540570615,NA,NA,NA
Palemydops__time,0.030267575265109613,-0.0015383152620603144,0.0056458683058230865,NA,NA,NA
Pampaphoneus__lat_range_z_trans,0.19033577204064453,0.002009777523709803,0.01359980195317538,0.4767323729000054,0.0,1.0893091671168804
Pampaphoneus__biome,0.030587785572223514,-0.010176189722246418,0.020029860771603535,NA,NA,NA
Pampaphoneus__mat_z_trans,0.0668091715179536,-0.014063572325111368,0.04093542914129767,NA,NA,NA
Pampaphoneus__map_z_trans,-0.06227184691158004,-0.006941568230789889,0.01327991251342853,NA,NA,NA
Pampaphoneus__wmm_z_trans,-0.013548312573888065,-0.01758209316184033,0.027187955691855368,NA,NA,NA
Pampaphoneus__cmm_z_trans,-0.03497670519229379,-0.016593814902962824,0.04627261239138477,NA,NA,NA
Pampaphoneus__wmmcmm_z_trans,0.008968417487741978,-0.014567733041674179,0.029249300336222236,NA,NA,NA
Pampaphoneus__wetmon_z_trans,0.01595270924521383,-0.010691906973349785,0.022595554597764588,NA,NA,NA
Pampaphoneus__drymon_z_trans,0.006371143532317543,-0.006402307236750454,0.025855085354024164,NA,NA,NA
Pampaphoneus__wetdry_z_trans,0.01187438479331607,-0.00822522426057824,0.02948543680924434,NA,NA,NA
Pampaphoneus__time,-0.04244159538991168,-0.004215070586935829,0.005281021904156539,NA,NA,NA
Panchetocynodon__lat_range_z_trans,0.08187612251298017,0.0027271561634697136,0.016855993258295995,0.9566621213169856,0.0,2.42397503182292
Panchetocynodon__biome,-0.0908481823202475,-0.018550178219324105,0.013900205972531852,NA,NA,NA
Panchetocynodon__mat_z_trans,0.036337908318836105,-0.005631477480175,0.020476686047914257,NA,NA,NA
Panchetocynodon__map_z_trans,0.13555356530679774,-0.011496239319345633,0.06128589917007546,NA,NA,NA
Panchetocynodon__wmm_z_trans,0.020601248811230266,-0.009946123131313787,0.021586332196176745,NA,NA,NA
Panchetocynodon__cmm_z_trans,0.021803273154346436,-0.0046235372517738965,0.017082291804403803,NA,NA,NA
Panchetocynodon__wmmcmm_z_trans,0.006946686948358852,-0.0030710998221350804,0.011016743630565377,NA,NA,NA
Panchetocynodon__wetmon_z_trans,-0.022739916687680578,-0.02532805498997158,0.045873439229617445,NA,NA,NA
Panchetocynodon__drymon_z_trans,-0.006871075270015241,-0.013629248258719851,0.03025720985993442,NA,NA,NA
Panchetocynodon__wetdry_z_trans,-0.02060706357192228,-0.01760116305134486,0.03074901619283265,NA,NA,NA
Panchetocynodon__time,0.015608356919053499,-0.0002997375578954264,0.004688154101809113,NA,NA,NA
Parabradysaurus__lat_range_z_trans,0.03264025171933325,-0.0001868592382801925,0.0049059434950305125,0.616884428166959,0.01780551951378584,1.2584326714277267
Parabradysaurus__biome,0.3251469437320563,0.0003168373524688816,0.055546546330595505,NA,NA,NA
Parabradysaurus__mat_z_trans,-0.08356389738418915,-0.02156020251221421,0.03801878226313339,NA,NA,NA
Parabradysaurus__map_z_trans,-0.05640463326326724,-0.006837241148541494,0.012110804218949623,NA,NA,NA
Parabradysaurus__wmm_z_trans,0.033303459488603845,-0.005363193384048138,0.026496605013455365,NA,NA,NA
Parabradysaurus__cmm_z_trans,-0.037799798108115,-0.022692518730682183,0.044166502274369177,NA,NA,NA
Parabradysaurus__wmmcmm_z_trans,-0.0287469881465358,-0.02174363655077538,0.030299340567022152,NA,NA,NA
Parabradysaurus__wetmon_z_trans,0.0038270428480898684,-0.004322384101904593,0.007611873623299347,NA,NA,NA
Parabradysaurus__drymon_z_trans,0.032180577002466904,-0.010573972637332332,0.026923540815318642,NA,NA,NA
Parabradysaurus__wetdry_z_trans,-0.011998326828949024,-0.010993382532051366,0.02273898732573562,NA,NA,NA
Parabradysaurus__time,-0.03092370693775651,-0.0034931494351685033,0.004953045537247773,NA,NA,NA
Paraburnetia__lat_range_z_trans,0.10630244411956306,0.005541793351035345,0.025556839793606526,0.8162636877829209,0.3267882652580738,1.26636281888932
Paraburnetia__biome,-0.08144997939437067,-0.02238941619035962,0.013211999527308596,NA,NA,NA
Paraburnetia__mat_z_trans,0.05024807096569905,-0.014665872106461659,0.04845606652786311,NA,NA,NA
Paraburnetia__map_z_trans,0.014127089199566711,-0.0033288118322083522,0.011338642720272012,NA,NA,NA
Paraburnetia__wmm_z_trans,0.028432957382514612,-0.007810071629262089,0.024965079143215677,NA,NA,NA
Paraburnetia__cmm_z_trans,0.010971157951899601,-0.02453591309517093,0.06076142259219863,NA,NA,NA
Paraburnetia__wmmcmm_z_trans,0.03635612440829354,-0.021220881389230273,0.04874099917636401,NA,NA,NA
Paraburnetia__wetmon_z_trans,0.006350100434286699,-0.005788997897396187,0.012736758718978081,NA,NA,NA
Paraburnetia__drymon_z_trans,0.0016098662375157915,-0.0046655773912901944,0.006930018199624764,NA,NA,NA
Paraburnetia__wetdry_z_trans,0.007759172025916918,-0.005677233101929891,0.014667299518589577,NA,NA,NA
Paraburnetia__time,-0.0030460792091478324,-0.002908721636255669,0.006406845546136131,NA,NA,NA
Paragalerhinus__lat_range_z_trans,0.09750699056327894,0.004646392656990459,0.022205019703385512,0.8802273346460424,0.3267882652580738,1.3811702942475677
Paragalerhinus__biome,-0.07223592860266322,-0.018771905120163825,0.011479224825692243,NA,NA,NA
Paragalerhinus__mat_z_trans,0.04605864307809213,-0.01229627237022358,0.04210097651701566,NA,NA,NA
Paragalerhinus__map_z_trans,0.026052859378076672,-0.0044188734754125525,0.032642890411880586,NA,NA,NA
Paragalerhinus__wmm_z_trans,0.028377166425210234,-0.006548179834600519,0.02169086940124588,NA,NA,NA
Paragalerhinus__cmm_z_trans,0.007229719071254547,-0.020879081762345972,0.047126833610294856,NA,NA,NA
Paragalerhinus__wmmcmm_z_trans,0.02979669040359,-0.017792173258023777,0.041056477237965516,NA,NA,NA
Paragalerhinus__wetmon_z_trans,0.0044566108964656055,-0.018251757673345363,0.013392638721596193,NA,NA,NA
Paragalerhinus__drymon_z_trans,0.006275995222722923,-0.004223602354657855,0.019050582411647317,NA,NA,NA
Paragalerhinus__wetdry_z_trans,0.0041437851300873555,-0.006475497143270528,0.017459881036477914,NA,NA,NA
Paragalerhinus__time,-1.607444377679464e-06,-0.0024387525834760086,0.005566577586955421,NA,NA,NA
Parakannemeyeria__lat_range_z_trans,-0.282968394164447,-0.040747783931173356,-0.014577057751154624,0.7577741407079156,0.288549579679966,1.3708984516561031
Parakannemeyeria__biome,0.29426722412017686,0.006558140546103527,0.08048049939297149,NA,NA,NA
Parakannemeyeria__mat_z_trans,0.02055725612130287,-0.011265334675768705,0.03360983266208782,NA,NA,NA
Parakannemeyeria__map_z_trans,0.015614654035297135,-0.010798909022805682,0.025996529177527414,NA,NA,NA
Parakannemeyeria__wmm_z_trans,0.01825860232848637,-0.01174791492102063,0.03888586641349415,NA,NA,NA
Parakannemeyeria__cmm_z_trans,0.025435082290671422,-0.004894610394744597,0.01803319282915974,NA,NA,NA
Parakannemeyeria__wmmcmm_z_trans,0.02187725658481449,-0.0036441881768202525,0.020925350735678246,NA,NA,NA
Parakannemeyeria__wetmon_z_trans,0.013964738051668943,-0.01281092124836927,0.02499726833926459,NA,NA,NA
Parakannemeyeria__drymon_z_trans,0.011505736015331586,-0.005376335273509415,0.017092262845701547,NA,NA,NA
Parakannemeyeria__wetdry_z_trans,0.007733341145405143,-0.011156312899034139,0.016832296857253598,NA,NA,NA
Parakannemeyeria__time,0.03141542759302972,-0.0015655329213869896,0.011495929962173145,NA,NA,NA
Parasuminia__lat_range_z_trans,0.07279007791037943,0.003692531988755863,0.01629394934333979,1.165639511451336,0.0,2.4431777372956276
Parasuminia__biome,0.12125858452838388,-0.005433078346584853,0.06532999199683825,NA,NA,NA
Parasuminia__mat_z_trans,0.03423526253269291,-0.01771889288811247,0.042419169444155524,NA,NA,NA
Parasuminia__map_z_trans,-0.015961590635001896,-0.0063160905401238665,0.006213677204490203,NA,NA,NA
Parasuminia__wmm_z_trans,-0.02402975338894528,-0.02308927727941294,0.03688934806867114,NA,NA,NA
Parasuminia__cmm_z_trans,0.013426783434684406,-0.008429693741919599,0.017119979394548526,NA,NA,NA
Parasuminia__wmmcmm_z_trans,-0.01699655744475659,-0.0098439195950582,0.01560428364679718,NA,NA,NA
Parasuminia__wetmon_z_trans,0.0013731337415155884,-0.016748063008032228,0.028687135436800106,NA,NA,NA
Parasuminia__drymon_z_trans,0.0010710630037344294,-0.0038846234919106964,0.006382548251730504,NA,NA,NA
Parasuminia__wetdry_z_trans,0.005447167586774717,-0.014552751715205845,0.03385957086352671,NA,NA,NA
Parasuminia__time,-0.014953247147724126,-0.00512584430092468,0.00497231781325917,NA,NA,NA
Paratraversodon__lat_range_z_trans,0.2991348472237587,0.0016780390763582536,0.016566660477839702,0.2639188279979862,0.0,0.9775667190551758
Paratraversodon__biome,-0.17156304098665714,-0.012369149442733327,0.018925238361613927,NA,NA,NA
Paratraversodon__mat_z_trans,-0.10707107670372353,-0.014649912387282107,0.026948749805152095,NA,NA,NA
Paratraversodon__map_z_trans,0.24970680413767696,-0.008745480491552524,0.02760535710288185,NA,NA,NA
Paratraversodon__wmm_z_trans,-0.08414395574480295,-0.015458164213795861,0.041304243883177404,NA,NA,NA
Paratraversodon__cmm_z_trans,0.04564604474697262,-0.0030011699452886626,0.014185420656623194,NA,NA,NA
Paratraversodon__wmmcmm_z_trans,0.04258298970293253,-0.008163751016346756,0.025587111615375066,NA,NA,NA
Paratraversodon__wetmon_z_trans,-0.14104138992726803,-0.017430880533051113,0.042428748653347226,NA,NA,NA
Paratraversodon__drymon_z_trans,-0.07416969572193921,-0.010764366554469275,0.020672235937001814,NA,NA,NA
Paratraversodon__wetdry_z_trans,-0.14720646383706482,-0.018619349884355922,0.02698075484776612,NA,NA,NA
Paratraversodon__time,0.17438284098636359,7.448247398777948e-05,0.01256745012337868,NA,NA,NA
Pardosuchus__lat_range_z_trans,0.33556730362139786,0.002539242372523037,0.017870863563850772,0.36117724353680386,0.0,0.681021124124527
Pardosuchus__biome,-0.08517345616874426,-0.011016595852832663,0.021509599229880893,NA,NA,NA
Pardosuchus__mat_z_trans,0.16587759916667616,-0.01599732353098893,0.0539373504022694,NA,NA,NA
Pardosuchus__map_z_trans,-0.1040432858584903,-0.006263958688109032,0.009055913094864218,NA,NA,NA
Pardosuchus__wmm_z_trans,-0.0993313194355923,-0.019088787205302573,0.05620259530522229,NA,NA,NA
Pardosuchus__cmm_z_trans,0.03544669943106801,-0.010535880138814922,0.018567683895491655,NA,NA,NA
Pardosuchus__wmmcmm_z_trans,-0.06134005650231089,-0.009563755416410576,0.010618562641978108,NA,NA,NA
Pardosuchus__wetmon_z_trans,0.03523461670955052,-0.013739853033654345,0.03922648553532183,NA,NA,NA
Pardosuchus__drymon_z_trans,0.011081783107072416,-0.00285662371700893,0.009596454094617353,NA,NA,NA
Pardosuchus__wetdry_z_trans,0.028983189600698532,-0.01593987422591118,0.030228082296050226,NA,NA,NA
Pardosuchus__time,-0.08464214954958818,-0.0049862934820193985,0.006958381404610372,NA,NA,NA
Pascualgnathus__lat_range_z_trans,0.2588371226191521,0.0020697563282946244,0.01774381827467358,0.24427077648520934,0.0,0.6280474420636892
Pascualgnathus__biome,-0.014151948560029269,-0.010486846883643835,0.02894445771663853,NA,NA,NA
Pascualgnathus__mat_z_trans,-0.18222123600542545,-0.027800437959193427,0.04882912024503027,NA,NA,NA
Pascualgnathus__map_z_trans,-0.2438464104384184,-0.01398812471228409,0.028498665080798045,NA,NA,NA
Pascualgnathus__wmm_z_trans,0.015880328967468813,-0.018749128122207106,0.05777084840825834,NA,NA,NA
Pascualgnathus__cmm_z_trans,-0.01154998702928424,-0.018573081158957946,0.032109389459621863,NA,NA,NA
Pascualgnathus__wmmcmm_z_trans,0.04732105438830331,-0.003813526920745885,0.012795118545696026,NA,NA,NA
Pascualgnathus__wetmon_z_trans,0.013155345821287483,-0.006506075172066563,0.010280447097692444,NA,NA,NA
Pascualgnathus__drymon_z_trans,-0.012271091527072713,-0.004546457377186603,0.007754138394278385,NA,NA,NA
Pascualgnathus__wetdry_z_trans,-0.02357272528519388,-0.004909616628250251,0.007964060292620881,NA,NA,NA
Pascualgnathus__time,0.21902939941268415,-0.00014616431228842646,0.021081907948848753,NA,NA,NA
Patranomodon__lat_range_z_trans,0.18449953908350414,0.001437184179782231,0.012924627600652239,0.46796723471023144,0.0,1.0759826004505157
Patranomodon__biome,0.07554202035500837,-0.010317661403562078,0.023157404725344083,NA,NA,NA
Patranomodon__mat_z_trans,0.02472187029577305,-0.015518734995696861,0.036882706723667676,NA,NA,NA
Patranomodon__map_z_trans,-0.09445555076898945,-0.008178896772246662,0.013108731951391473,NA,NA,NA
Patranomodon__wmm_z_trans,0.01577692310798462,-0.014899291625268412,0.031952310852397525,NA,NA,NA
Patranomodon__cmm_z_trans,-0.007525073181229062,-0.018515519624996476,0.04567614974239739,NA,NA,NA
Patranomodon__wmmcmm_z_trans,-0.044507347452593174,-0.018256207157395454,0.02887227137118333,NA,NA,NA
Patranomodon__wetmon_z_trans,0.008180784355074203,-0.006742543161627811,0.024510967767907017,NA,NA,NA
Patranomodon__drymon_z_trans,0.06665242795907654,-0.005584762843120359,0.025762690543814505,NA,NA,NA
Patranomodon__wetdry_z_trans,-0.002333522323749455,-0.006970160709167834,0.02585567633394782,NA,NA,NA
Patranomodon__time,-0.04889114730812226,-0.003903108805229787,0.005068433851454061,NA,NA,NA
Pelanomodon__lat_range_z_trans,-0.44606166318058965,-0.011060280729297479,-0.009379801357270947,0.09087066305459303,0.0,0.5781923979520798
Pelanomodon__biome,-0.3808525253273547,-0.01864678084394858,0.016969515291438707,NA,NA,NA
Pelanomodon__mat_z_trans,0.13053662495920434,-0.007487939632294692,0.02702499636526694,NA,NA,NA
Pelanomodon__map_z_trans,0.38038860755739734,-0.005362863813489643,0.05550840971761335,NA,NA,NA
Pelanomodon__wmm_z_trans,0.10347327961295377,-0.005046510479365989,0.022481046426290896,NA,NA,NA
Pelanomodon__cmm_z_trans,0.05644991931803815,-0.007312325372961689,0.030325842727760125,NA,NA,NA
Pelanomodon__wmmcmm_z_trans,0.030416884841397405,-0.004518356950062859,0.028097318855738598,NA,NA,NA
Pelanomodon__wetmon_z_trans,-0.0519858215097338,-0.021057235185569283,0.046765400630202604,NA,NA,NA
Pelanomodon__drymon_z_trans,0.06221101820585318,-0.008616092075968619,0.021658211928409915,NA,NA,NA
Pelanomodon__wetdry_z_trans,-0.03173826861195266,-0.01786304265173697,0.029350913319553553,NA,NA,NA
Pelanomodon__time,0.06037168306764215,-0.0004782751838337054,0.004970117559153378,NA,NA,NA
Pelictosuchus__lat_range_z_trans,0.09829917689866059,0.005442262017803644,0.025023285070530355,0.8713424260518514,0.10057470016181469,1.26636281888932
Pelictosuchus__biome,-0.07773745854311043,-0.021987299347931782,0.009912803142713054,NA,NA,NA
Pelictosuchus__mat_z_trans,0.04572614609699556,-0.012721773853355321,0.0474444405456827,NA,NA,NA
Pelictosuchus__map_z_trans,0.029062425402223438,-0.0034903910657163918,0.01725460927783372,NA,NA,NA
Pelictosuchus__wmm_z_trans,0.027262251989123815,-0.007669801721552465,0.0244438787132562,NA,NA,NA
Pelictosuchus__cmm_z_trans,0.016137679919450896,-0.023573888687956394,0.0594928954868636,NA,NA,NA
Pelictosuchus__wmmcmm_z_trans,0.03345884491033552,-0.015787895815029755,0.048605231754289095,NA,NA,NA
Pelictosuchus__wetmon_z_trans,-0.004467460880426472,-0.012637981430389017,0.012470851125313372,NA,NA,NA
Pelictosuchus__drymon_z_trans,0.0023937981341910497,-0.004581783011269864,0.00848979998506127,NA,NA,NA
Pelictosuchus__wetdry_z_trans,0.00979467402690711,-0.007584669387809244,0.0143610876787801,NA,NA,NA
Pelictosuchus__time,-0.002269153832613607,-0.002856480615322918,0.006273088683833631,NA,NA,NA
Peramodon__lat_range_z_trans,0.011792961999299545,-0.00161923013388555,0.008363350695099222,1.9502554829904875,0.0,6.152446985244751
Peramodon__biome,0.08950648207595384,-0.015369125076426014,0.07578261564502911,NA,NA,NA
Peramodon__mat_z_trans,0.02156953572962602,-0.018030574757938386,0.030546904308470922,NA,NA,NA
Peramodon__map_z_trans,0.0022497330907201964,-0.004587125348593876,0.008080634812723683,NA,NA,NA
Peramodon__wmm_z_trans,0.00892618348554168,-0.01570014472770424,0.03133854707515243,NA,NA,NA
Peramodon__cmm_z_trans,0.005971678351734401,-0.017274078086026854,0.02687343361553464,NA,NA,NA
Peramodon__wmmcmm_z_trans,0.016944168833603165,-0.00997033166870434,0.03153730043145103,NA,NA,NA
Peramodon__wetmon_z_trans,0.007740349012957818,-0.012871921707330905,0.02059865037667822,NA,NA,NA
Peramodon__drymon_z_trans,0.0040690951297611706,-0.0030653184146871024,0.006765296875249059,NA,NA,NA
Peramodon__wetdry_z_trans,0.012622908634048954,-0.005077912647887002,0.030455917804194394,NA,NA,NA
Peramodon__time,-0.003732172221509322,-0.0038839403493452426,0.003429319824574398,NA,NA,NA
Perplexisaurus__lat_range_z_trans,-0.24138088127141663,-0.019530068207017744,-0.012995550352343958,0.6764794581311798,0.0,1.5788691760390066
Perplexisaurus__biome,0.25146239592444414,-0.005685556889262382,0.06790844862516812,NA,NA,NA
Perplexisaurus__mat_z_trans,0.049786519218551636,-0.01727934111931772,0.03972678296488197,NA,NA,NA
Perplexisaurus__map_z_trans,0.01315061110029058,-0.0026900120783575287,0.010994825447700845,NA,NA,NA
Perplexisaurus__wmm_z_trans,0.009653985293464541,-0.011658789622829208,0.04642747333406453,NA,NA,NA
Perplexisaurus__cmm_z_trans,0.019749822859117652,-0.010526916716925818,0.046769827774378665,NA,NA,NA
Perplexisaurus__wmmcmm_z_trans,0.03648882511344872,-0.009708668875780476,0.02750437975010022,NA,NA,NA
Perplexisaurus__wetmon_z_trans,0.00510421135773515,-0.010742190399283048,0.02141655442333222,NA,NA,NA
Perplexisaurus__drymon_z_trans,0.014530528697669059,-0.0029604301624630877,0.006617377260400674,NA,NA,NA
Perplexisaurus__wetdry_z_trans,0.015165801320243394,-0.014098404137250076,0.015719662699437417,NA,NA,NA
Perplexisaurus__time,0.003949104508189248,-0.002569324710042426,0.0036821895370363865,NA,NA,NA
Phocosaurus__lat_range_z_trans,0.1601592681753864,0.0035118588437088784,0.01757978910848905,0.5817502115631942,0.1357520893216133,1.26636281888932
Phocosaurus__biome,-0.06066001431485548,-0.012510489689620614,0.0179905302360926,NA,NA,NA
Phocosaurus__mat_z_trans,0.07695960608410723,-0.01792279823543002,0.045391507560385264,NA,NA,NA
Phocosaurus__map_z_trans,-0.017798056311108888,-0.006356819398726973,0.008336964385560692,NA,NA,NA
Phocosaurus__wmm_z_trans,-0.007332892211410436,-0.01882126673799158,0.05212842434760672,NA,NA,NA
Phocosaurus__cmm_z_trans,0.006434653728823356,-0.011964587029289183,0.03498003670495506,NA,NA,NA
Phocosaurus__wmmcmm_z_trans,0.015454967805284714,-0.012057110455112215,0.026878492446205472,NA,NA,NA
Phocosaurus__wetmon_z_trans,0.005894613878588808,-0.011542526424694029,0.031373896289127366,NA,NA,NA
Phocosaurus__drymon_z_trans,0.0047767162247025095,-0.004183873830080003,0.005589660937654668,NA,NA,NA
Phocosaurus__wetdry_z_trans,0.020617688744811773,-0.010320913091564299,0.02724986218148667,NA,NA,NA
Phocosaurus__time,-0.026845627682592486,-0.005281176869729466,0.0062728072665935684,NA,NA,NA
Phreatophasma__lat_range_z_trans,0.0930153758302164,0.0016103851359544437,0.010877429703789344,0.6922281196876429,0.18263564305379987,1.4094301387667656
Phreatophasma__biome,0.2600345377958575,-0.0029398554134337815,0.05610275430318224,NA,NA,NA
Phreatophasma__mat_z_trans,-0.07332540572687381,-0.021574679293848206,0.02665640953180428,NA,NA,NA
Phreatophasma__map_z_trans,-0.06461320215966057,-0.007862505069699292,0.011892598184226607,NA,NA,NA
Phreatophasma__wmm_z_trans,0.04071766726836831,-0.005287507140169389,0.024812933949257873,NA,NA,NA
Phreatophasma__cmm_z_trans,-0.029924007440328457,-0.022088110569275416,0.043304568812323425,NA,NA,NA
Phreatophasma__wmmcmm_z_trans,-0.007823694040017799,-0.020625515833888778,0.03473047738110816,NA,NA,NA
Phreatophasma__wetmon_z_trans,-0.00370079877980286,-0.004233536437726457,0.006045014148781332,NA,NA,NA
Phreatophasma__drymon_z_trans,-0.0029642045254522956,-0.011975602333943364,0.026609231927406402,NA,NA,NA
Phreatophasma__wetdry_z_trans,-0.002336109927080374,-0.008138820268532238,0.02764707899486775,NA,NA,NA
Phreatophasma__time,-0.03141923417348862,-0.004333955693967025,0.0050934745274097025,NA,NA,NA
Phthinosaurus__lat_range_z_trans,0.037226948604050084,-0.0004325375771877122,0.005052285422803513,0.6011447689325723,0.0,1.3203784301877022
Phthinosaurus__biome,0.2501998425853457,-0.009888858682789901,0.040304100862422775,NA,NA,NA
Phthinosaurus__mat_z_trans,0.009143691462927626,-0.015701550944460196,0.035659724240228,NA,NA,NA
Phthinosaurus__map_z_trans,-0.061460955386216966,-0.008382620905977302,0.010775686620777849,NA,NA,NA
Phthinosaurus__wmm_z_trans,-0.01898897606705235,-0.012217317285950921,0.03579210429159279,NA,NA,NA
Phthinosaurus__cmm_z_trans,-0.006523891786224899,-0.014700011198318354,0.038999371539548446,NA,NA,NA
Phthinosaurus__wmmcmm_z_trans,-0.007946499047409218,-0.010434766555595795,0.04133206759068973,NA,NA,NA
Phthinosaurus__wetmon_z_trans,-0.012563114099598012,-0.011798684106890577,0.017535400774249015,NA,NA,NA
Phthinosaurus__drymon_z_trans,0.021928061874982148,-0.005686542155768175,0.023573467486274778,NA,NA,NA
Phthinosaurus__wetdry_z_trans,-0.005192724903475654,-0.01479218597114367,0.019444959744076225,NA,NA,NA
Phthinosaurus__time,-0.028161459115591043,-0.003414627534446906,0.005302802891494,NA,NA,NA
Placerias__lat_range_z_trans,-0.0262094177104609,-0.0053265161740667895,-0.0002798662146062501,2.3613166716916023,0.0,6.809701606631279
Placerias__biome,0.12087403817316855,-0.002999743051595051,0.050455929318470025,NA,NA,NA
Placerias__mat_z_trans,-0.016334084155540024,-0.01645204949585261,0.028897148758228144,NA,NA,NA
Placerias__map_z_trans,-0.0027824185905757576,-0.013021751192543838,0.02590180417968995,NA,NA,NA
Placerias__wmm_z_trans,-0.006918016252452786,-0.01161372504619189,0.021914453388936238,NA,NA,NA
Placerias__cmm_z_trans,0.006612912623236956,-0.013259527975737134,0.02269495738844164,NA,NA,NA
Placerias__wmmcmm_z_trans,0.0002452313304878598,-0.0043680490751811536,0.008967669538181044,NA,NA,NA
Placerias__wetmon_z_trans,0.023971369905980925,-0.01824348350233095,0.03841653144614124,NA,NA,NA
Placerias__drymon_z_trans,0.009585340231413267,-0.00812185213975743,0.02003454458553115,NA,NA,NA
Placerias__wetdry_z_trans,0.03743762930138599,-0.012144864196555168,0.040203209841999245,NA,NA,NA
Placerias__time,0.031178339265093377,-0.0018981410687175036,0.01656558923314469,NA,NA,NA
Planitorostris__lat_range_z_trans,0.0395267645848043,0.0017056082258277221,0.014020950638006489,1.9098082075582352,0.3185698837041855,3.8047595024108887
Planitorostris__biome,0.09950997251618639,-0.004230564961316445,0.05110846852224362,NA,NA,NA
Planitorostris__mat_z_trans,-0.0008273025960311716,-0.015462917350740435,0.0231062796204532,NA,NA,NA
Planitorostris__map_z_trans,0.030773867717074462,-0.007997311687544209,0.028024316521559164,NA,NA,NA
Planitorostris__wmm_z_trans,-0.015464061687764,-0.02132776868433677,0.03276696647038583,NA,NA,NA
Planitorostris__cmm_z_trans,0.010037341604698786,-0.003995748566861029,0.010739626272495764,NA,NA,NA
Planitorostris__wmmcmm_z_trans,0.008332303784452065,-0.009812916433228583,0.02158135049570248,NA,NA,NA
Planitorostris__wetmon_z_trans,-0.005559088060338574,-0.022771565425485613,0.030183238553319305,NA,NA,NA
Planitorostris__drymon_z_trans,0.0062484580787500995,-0.009011842288206166,0.022729230024175654,NA,NA,NA
Planitorostris__wetdry_z_trans,-0.013193663520969802,-0.013858681067090435,0.028467732527419416,NA,NA,NA
Planitorostris__time,0.018276331700874948,-0.0006859946795475415,0.011043811818396162,NA,NA,NA
Platycraniellus__lat_range_z_trans,0.07469813717950778,0.003108688697227494,0.018457233270939805,1.0474743944030342,0.0,2.42397503182292
Platycraniellus__biome,-0.06622878646705542,-0.016058502057986944,0.011621072267240585,NA,NA,NA
Platycraniellus__mat_z_trans,0.02963168808113424,-0.0051746837289892815,0.021567099020566947,NA,NA,NA
Platycraniellus__map_z_trans,0.11889887154120601,-0.008967820001127556,0.06286891473533028,NA,NA,NA
Platycraniellus__wmm_z_trans,0.018165746414474708,-0.010022750006197742,0.019023196014900386,NA,NA,NA
Platycraniellus__cmm_z_trans,0.019514024375680686,-0.00484168456202643,0.018732137808445213,NA,NA,NA
Platycraniellus__wmmcmm_z_trans,0.006392468886087607,-0.004509152453676875,0.010567390392492155,NA,NA,NA
Platycraniellus__wetmon_z_trans,-0.023468009943599974,-0.024828672390989636,0.04831626582368269,NA,NA,NA
Platycraniellus__drymon_z_trans,0.0032850067176480708,-0.01676022420231117,0.02426024278280974,NA,NA,NA
Platycraniellus__wetdry_z_trans,-0.019074729373356424,-0.01904823748311056,0.032871228576008236,NA,NA,NA
Platycraniellus__time,0.0158465067100102,-0.00034666472934081024,0.005487190771741074,NA,NA,NA
Platycyclops__lat_range_z_trans,0.10630244411956306,0.005541793351035345,0.025556839793606526,0.8162636877829209,0.3267882652580738,1.26636281888932
Platycyclops__biome,-0.08144997939437067,-0.02238941619035962,0.013211999527308596,NA,NA,NA
Platycyclops__mat_z_trans,0.05024807096569905,-0.014665872106461659,0.04845606652786311,NA,NA,NA
Platycyclops__map_z_trans,0.014127089199566711,-0.0033288118322083522,0.011338642720272012,NA,NA,NA
Platycyclops__wmm_z_trans,0.028432957382514612,-0.007810071629262089,0.024965079143215677,NA,NA,NA
Platycyclops__cmm_z_trans,0.010971157951899601,-0.02453591309517093,0.06076142259219863,NA,NA,NA
Platycyclops__wmmcmm_z_trans,0.03635612440829354,-0.021220881389230273,0.04874099917636401,NA,NA,NA
Platycyclops__wetmon_z_trans,0.006350100434286699,-0.005788997897396187,0.012736758718978081,NA,NA,NA
Platycyclops__drymon_z_trans,0.0016098662375157915,-0.0046655773912901944,0.006930018199624764,NA,NA,NA
Platycyclops__wetdry_z_trans,0.007759172025916918,-0.005677233101929891,0.014667299518589577,NA,NA,NA
Platycyclops__time,-0.0030460792091478324,-0.002908721636255669,0.006406845546136131,NA,NA,NA
Platypodosaurus__lat_range_z_trans,-0.34422239533831395,-0.013857297422309204,-0.018590550579559665,0.0,0.0,0.29466202668845654
Platypodosaurus__biome,-0.23267311969194002,-0.025297020920387683,0.020844010121982882,NA,NA,NA
Platypodosaurus__mat_z_trans,0.09076671807437524,-0.012467788894915018,0.0650979348529639,NA,NA,NA
Platypodosaurus__map_z_trans,0.06069106398748528,-0.0026320599058649225,0.01596175936661975,NA,NA,NA
Platypodosaurus__wmm_z_trans,0.07158448816513534,-0.003875106831780348,0.025053941285221936,NA,NA,NA
Platypodosaurus__cmm_z_trans,0.02507959775362753,-0.020646625393439342,0.0687542072090469,NA,NA,NA
Platypodosaurus__wmmcmm_z_trans,0.08100948144764089,-0.01611087149779264,0.052689197674570434,NA,NA,NA
Platypodosaurus__wetmon_z_trans,0.00444234554171082,-0.004504788199807093,0.01088541894629965,NA,NA,NA
Platypodosaurus__drymon_z_trans,0.021085412567395847,-0.0021277923879522626,0.00988673458115389,NA,NA,NA
Platypodosaurus__wetdry_z_trans,0.01881188049594451,-0.004919741343867027,0.01556429112772178,NA,NA,NA
Platypodosaurus__time,0.025763602875200967,-0.001010610120413968,0.007625026878135623,NA,NA,NA
Polonodon__lat_range_z_trans,0.03260064484698971,0.002005752536296965,0.0154855888023216,1.9481708598893601,0.003922540228813887,4.6724990382790565
Polonodon__biome,0.11789743345908105,-0.003778303667464735,0.08230574163286522,NA,NA,NA
Polonodon__mat_z_trans,-0.010091442093768398,-0.030306167593839282,0.043031719942412464,NA,NA,NA
Polonodon__map_z_trans,-0.020750819956372298,-0.017518140922708335,0.020422176495454362,NA,NA,NA
Polonodon__wmm_z_trans,0.009606626355019356,-0.024576381228382693,0.03616490392781288,NA,NA,NA
Polonodon__cmm_z_trans,0.00614823979067014,-0.014807458884396756,0.023936411087308793,NA,NA,NA
Polonodon__wmmcmm_z_trans,0.007830890170202286,-0.00309032153446389,0.012617755812380546,NA,NA,NA
Polonodon__wetmon_z_trans,0.006452714375301604,-0.004420931225017457,0.010351816784916264,NA,NA,NA
Polonodon__drymon_z_trans,0.0020432716548373997,-0.005236838122004619,0.006467494593765144,NA,NA,NA
Polonodon__wetdry_z_trans,0.005649583722243869,-0.004080313113723536,0.008636418285505711,NA,NA,NA
Polonodon__time,0.020273781797532763,-0.0016405991628251778,0.014351944099414114,NA,NA,NA
Polycynodon__lat_range_z_trans,0.10630244411956306,0.005541793351035345,0.025556839793606526,0.8162636877829209,0.3267882652580738,1.26636281888932
Polycynodon__biome,-0.08144997939437067,-0.02238941619035962,0.013211999527308596,NA,NA,NA
Polycynodon__mat_z_trans,0.05024807096569905,-0.014665872106461659,0.04845606652786311,NA,NA,NA
Polycynodon__map_z_trans,0.014127089199566711,-0.0033288118322083522,0.011338642720272012,NA,NA,NA
Polycynodon__wmm_z_trans,0.028432957382514612,-0.007810071629262089,0.024965079143215677,NA,NA,NA
Polycynodon__cmm_z_trans,0.010971157951899601,-0.02453591309517093,0.06076142259219863,NA,NA,NA
Polycynodon__wmmcmm_z_trans,0.03635612440829354,-0.021220881389230273,0.04874099917636401,NA,NA,NA
Polycynodon__wetmon_z_trans,0.006350100434286699,-0.005788997897396187,0.012736758718978081,NA,NA,NA
Polycynodon__drymon_z_trans,0.0016098662375157915,-0.0046655773912901944,0.006930018199624764,NA,NA,NA
Polycynodon__wetdry_z_trans,0.007759172025916918,-0.005677233101929891,0.014667299518589577,NA,NA,NA
Polycynodon__time,-0.0030460792091478324,-0.002908721636255669,0.006406845546136131,NA,NA,NA
Porosteognathus__lat_range_z_trans,0.01340962809909717,-0.0008294384685749123,0.007124698110817876,1.3599251025363264,0.0,3.6434883885085583
Porosteognathus__biome,0.1122585614179208,-0.012935436143052925,0.06867113945811726,NA,NA,NA
Porosteognathus__mat_z_trans,0.02330239512641913,-0.015162782514439579,0.04171318622160995,NA,NA,NA
Porosteognathus__map_z_trans,-0.0031939549071359034,-0.005923582677651435,0.00803313998618749,NA,NA,NA
Porosteognathus__wmm_z_trans,0.023437456781501713,-0.012001914092405346,0.04192060775245937,NA,NA,NA
Porosteognathus__cmm_z_trans,-0.005909937463241225,-0.01774342153195697,0.015057038591767942,NA,NA,NA
Porosteognathus__wmmcmm_z_trans,0.003985540027962583,-0.008727339837791857,0.02809043931974728,NA,NA,NA
Porosteognathus__wetmon_z_trans,0.0054014882587027566,-0.011539802039070544,0.026783221630813436,NA,NA,NA
Porosteognathus__drymon_z_trans,0.004882297903528064,-0.0034995843527552183,0.007109025081722135,NA,NA,NA
Porosteognathus__wetdry_z_trans,0.00654166020285252,-0.014689478735043598,0.02560716282879086,NA,NA,NA
Porosteognathus__time,-0.006454211325870145,-0.004396922525787127,0.0036623124821235204,NA,NA,NA
Pravoslavlevia__lat_range_z_trans,0.052410882747737385,0.003353578056878993,0.017867722638759277,1.5895123792500818,0.10884250327944756,3.268154665827751
Pravoslavlevia__biome,0.09832885982886463,-0.011166314187750352,0.04991862504282317,NA,NA,NA
Pravoslavlevia__mat_z_trans,0.02652964647597352,-0.016092396914287634,0.044006648009919734,NA,NA,NA
Pravoslavlevia__map_z_trans,-0.0033369062665444273,-0.005736308501895238,0.008387923668977788,NA,NA,NA
Pravoslavlevia__wmm_z_trans,-0.0066395390992564154,-0.02213955062182553,0.03385322390564617,NA,NA,NA
Pravoslavlevia__cmm_z_trans,0.010276745275401107,-0.006536144802394516,0.034772249877359336,NA,NA,NA
Pravoslavlevia__wmmcmm_z_trans,-0.0015366343981457892,-0.011884286993898794,0.02497037555386798,NA,NA,NA
Pravoslavlevia__wetmon_z_trans,0.005729365788444748,-0.012621389601947112,0.027640586007492692,NA,NA,NA
Pravoslavlevia__drymon_z_trans,-0.0008058276057677512,-0.003541904247390147,0.006304090548131836,NA,NA,NA
Pravoslavlevia__wetdry_z_trans,0.00523249520248265,-0.01588173607013173,0.022642062940857167,NA,NA,NA
Pravoslavlevia__time,-0.00852816382745219,-0.005203249033887445,0.003408463270321948,NA,NA,NA
Pristerodon__lat_range_z_trans,-0.791762564778328,-0.05052017510915461,-0.051897756227672724,0.17328668389036467,0.028480850160121918,0.38616363145411015
Pristerodon__biome,0.20044823665171863,-0.005747226320925842,0.05164856245160075,NA,NA,NA
Pristerodon__mat_z_trans,0.1528743953537196,-0.00715966546321655,0.06043440273410213,NA,NA,NA
Pristerodon__map_z_trans,0.05511436089687777,-0.002260522993297337,0.014257956653120997,NA,NA,NA
Pristerodon__wmm_z_trans,0.08945845274953172,-0.003934022870877394,0.028486156096808372,NA,NA,NA
Pristerodon__cmm_z_trans,0.0752765669953078,-0.01726463915960531,0.06852807333334847,NA,NA,NA
Pristerodon__wmmcmm_z_trans,0.09997908065328374,-0.011863798226725319,0.05387058823459548,NA,NA,NA
Pristerodon__wetmon_z_trans,0.04946733021177351,-0.0019556442648150344,0.01767773834591464,NA,NA,NA
Pristerodon__drymon_z_trans,0.016226142001105472,-0.00225023131745926,0.00698000676733503,NA,NA,NA
Pristerodon__wetdry_z_trans,0.038537100220419236,-0.00340231493672928,0.019302856231401707,NA,NA,NA
Pristerodon__time,0.010006658813217655,-0.0010914622557235821,0.004483386843602259,NA,NA,NA
Pristerognathoides__lat_range_z_trans,0.16288005367823236,0.003556065291084732,0.017274052973400077,0.5732459550758358,0.09182271896861494,1.26636281888932
Pristerognathoides__biome,-0.07313888281703886,-0.012199776376859735,0.01835252803635739,NA,NA,NA
Pristerognathoides__mat_z_trans,0.08303749823651287,-0.013911597093737986,0.04643259935197338,NA,NA,NA
Pristerognathoides__map_z_trans,-0.023987872996021724,-0.005645790560366791,0.009256604285366798,NA,NA,NA
Pristerognathoides__wmm_z_trans,-0.004297020495829009,-0.022340971376511982,0.04106401257492243,NA,NA,NA
Pristerognathoides__cmm_z_trans,0.03062795114387083,-0.01209900541106284,0.04183608683725942,NA,NA,NA
Pristerognathoides__wmmcmm_z_trans,-0.0023350903585617846,-0.0112252937299407,0.02952489588729385,NA,NA,NA
Pristerognathoides__wetmon_z_trans,0.0018923597684164563,-0.016126916613147052,0.02328987720019516,NA,NA,NA
Pristerognathoides__drymon_z_trans,0.007596582441183787,-0.0031629050961969377,0.008268771290179807,NA,NA,NA
Pristerognathoides__wetdry_z_trans,0.020886188078330065,-0.008937564257400103,0.03203849432783775,NA,NA,NA
Pristerognathoides__time,-0.025500842557357496,-0.005355947694390115,0.006434048699371024,NA,NA,NA
Pristerognathus__lat_range_z_trans,0.2059228500414723,0.003316162112807116,0.018077750742350525,0.487735089189373,0.0,1.0741899134591222
Pristerognathus__biome,-0.07305781754455276,-0.01128147612229281,0.017735900466259318,NA,NA,NA
Pristerognathus__mat_z_trans,0.10093938757030796,-0.01648348126618663,0.05000046645441508,NA,NA,NA
Pristerognathus__map_z_trans,-0.04044953517732714,-0.005209198052743769,0.009561124176397633,NA,NA,NA
Pristerognathus__wmm_z_trans,-0.018858321045198523,-0.020718659260921764,0.046729533217397895,NA,NA,NA
Pristerognathus__cmm_z_trans,0.021318154887778804,-0.011435472995863354,0.026010643689311778,NA,NA,NA
Pristerognathus__wmmcmm_z_trans,-0.01620457696633134,-0.009599850235486354,0.02247927056482994,NA,NA,NA
Pristerognathus__wetmon_z_trans,0.012169140099246068,-0.01491301308133129,0.03226258707832405,NA,NA,NA
Pristerognathus__drymon_z_trans,0.004277940096626242,-0.0034287230319193047,0.008526311069186448,NA,NA,NA
Pristerognathus__wetdry_z_trans,0.02456723320040695,-0.012283949113213719,0.036014905059027845,NA,NA,NA
Pristerognathus__time,-0.042963531040691026,-0.005412041871377627,0.006373478946656596,NA,NA,NA
Pristerosaurus__lat_range_z_trans,0.27841430089322716,0.0031744377271448205,0.018442153087456583,0.40148928853916005,0.0,0.9033691845834255
Pristerosaurus__biome,-0.07090533697539601,-0.012548590363114127,0.020341547761540485,NA,NA,NA
Pristerosaurus__mat_z_trans,0.13228677511174644,-0.016866721983263312,0.051008351090732214,NA,NA,NA
Pristerosaurus__map_z_trans,-0.08471802319756884,-0.006604382883319142,0.00856414323552975,NA,NA,NA
Pristerosaurus__wmm_z_trans,-0.05282448364709069,-0.020126195870566913,0.05315058474615944,NA,NA,NA
Pristerosaurus__cmm_z_trans,0.0164036781450717,-0.009509183123017429,0.02455272481115711,NA,NA,NA
Pristerosaurus__wmmcmm_z_trans,-0.044354160981745175,-0.009974469602273169,0.01676707795292564,NA,NA,NA
Pristerosaurus__wetmon_z_trans,0.020768938416642763,-0.014486565878387198,0.03291292032818946,NA,NA,NA
Pristerosaurus__drymon_z_trans,0.013824519828605901,-0.0030118712015951422,0.009075330842794627,NA,NA,NA
Pristerosaurus__wetdry_z_trans,0.035336362519482946,-0.012238878687763008,0.032376622267885014,NA,NA,NA
Pristerosaurus__time,-0.06657164599123867,-0.005257281052374895,0.006580515339786775,NA,NA,NA
Probainognathus__lat_range_z_trans,0.0693777003348805,-0.0004389054262078106,0.006791605947628959,0.19264989383518696,0.0,0.49464669823646545
Probainognathus__biome,0.030753630306571723,-0.010438822161378546,0.026047369605891303,NA,NA,NA
Probainognathus__mat_z_trans,-0.17583227584604175,-0.026925467172338603,0.04689683733865866,NA,NA,NA
Probainognathus__map_z_trans,-0.2761374439112842,-0.01621498524803272,0.026901315852915803,NA,NA,NA
Probainognathus__wmm_z_trans,0.06033160915947519,-0.018676199401914187,0.05320523533947368,NA,NA,NA
Probainognathus__cmm_z_trans,-0.00754760154755786,-0.016186663928337505,0.03691131390104668,NA,NA,NA
Probainognathus__wmmcmm_z_trans,0.036195068047381936,-0.0029364921085918627,0.018936757354326768,NA,NA,NA
Probainognathus__wetmon_z_trans,0.009289300024975092,-0.005840463244850053,0.012468150276943346,NA,NA,NA
Probainognathus__drymon_z_trans,0.05253564237093087,-0.004887457245438887,0.015144356476408804,NA,NA,NA
Probainognathus__wetdry_z_trans,0.007339195343083702,-0.0047352097419759666,0.011220518064792873,NA,NA,NA
Probainognathus__time,0.20868414543103428,-0.00016903723946336524,0.01924851130607023,NA,NA,NA
Proburnetia__lat_range_z_trans,0.07712914260570315,0.0033454516292214078,0.018187401214884404,1.1038855834497372,0.0,1.9092912282794714
Proburnetia__biome,0.12504872032389347,-0.01117218081089358,0.05040492468285613,NA,NA,NA
Proburnetia__mat_z_trans,0.03548741697391077,-0.016100851631446762,0.04734852414392541,NA,NA,NA
Proburnetia__map_z_trans,-0.01898238960558455,-0.0057393222770450395,0.010202959998273389,NA,NA,NA
Proburnetia__wmm_z_trans,-0.021180877578134655,-0.020980827081051586,0.04117610529792672,NA,NA,NA
Proburnetia__cmm_z_trans,0.00855992719713485,-0.007659916965141779,0.015372077245179236,NA,NA,NA
Proburnetia__wmmcmm_z_trans,-0.016878771903882626,-0.009556622826636487,0.015424435586076894,NA,NA,NA
Proburnetia__wetmon_z_trans,-0.0025962275841060894,-0.015218675303769195,0.032020747757392325,NA,NA,NA
Proburnetia__drymon_z_trans,0.00036175598956214583,-0.0035437651136598454,0.007124237554784753,NA,NA,NA
Proburnetia__wetdry_z_trans,0.006602635689518427,-0.01589008010907037,0.03133287438935491,NA,NA,NA
Proburnetia__time,-0.01589040798627743,-0.004932912429036279,0.005177683593502932,NA,NA,NA
Procynosuchus__lat_range_z_trans,-0.3177251047477688,-0.030363165751668718,-0.015943862916867252,0.0,0.0,0.20160644850693643
Procynosuchus__biome,-0.3226252071831861,-0.0329167838989645,0.004562131241433763,NA,NA,NA
Procynosuchus__mat_z_trans,0.0693914418579059,-0.0007483267613382366,0.027029848395797973,NA,NA,NA
Procynosuchus__map_z_trans,0.1760397362742192,-0.005114221083020651,0.06659105237438769,NA,NA,NA
Procynosuchus__wmm_z_trans,0.03415890918604922,-0.003549685167093429,0.028056441597139135,NA,NA,NA
Procynosuchus__cmm_z_trans,0.04297919256836575,-0.0015856359917914445,0.022952365716495317,NA,NA,NA
Procynosuchus__wmmcmm_z_trans,0.016697773620235362,-0.0020429424732163752,0.01289440058799026,NA,NA,NA
Procynosuchus__wetmon_z_trans,0.05243728242706735,-0.01422679786610179,0.051192690296458475,NA,NA,NA
Procynosuchus__drymon_z_trans,0.03628214442170399,-0.004924385732166881,0.03145762207727868,NA,NA,NA
Procynosuchus__wetdry_z_trans,0.016925653144846963,-0.01167352375497169,0.03820646596193089,NA,NA,NA
Procynosuchus__time,0.017777254308823678,-0.0003042344381958029,0.006772816132112189,NA,NA,NA
Prodicynodon__lat_range_z_trans,-0.42940956364950394,-0.010987451340219936,-0.011491866340202958,0.0,0.0,0.43462358694523573
Prodicynodon__biome,-0.3210368106022901,-0.01717568378136698,0.020790568388324843,NA,NA,NA
Prodicynodon__mat_z_trans,0.13116563323010239,-0.013259127051203844,0.03688178507960763,NA,NA,NA
Prodicynodon__map_z_trans,0.1845619954064586,-0.004808930615924633,0.054512652935854146,NA,NA,NA
Prodicynodon__wmm_z_trans,0.1237248342723363,-0.004041724483025972,0.017592453288133535,NA,NA,NA
Prodicynodon__cmm_z_trans,0.024609700635828406,-0.009097245141494332,0.05349461695893725,NA,NA,NA
Prodicynodon__wmmcmm_z_trans,0.06793478602653161,-0.011662225235595024,0.034424037408629864,NA,NA,NA
Prodicynodon__wetmon_z_trans,-0.0427366977470388,-0.023415844736055735,0.017673733209880513,NA,NA,NA
Prodicynodon__drymon_z_trans,0.031662005038548664,-0.004367666889539281,0.01737693261256787,NA,NA,NA
Prodicynodon__wetdry_z_trans,0.013252630914346907,-0.00790061029760716,0.02642781098537583,NA,NA,NA
Prodicynodon__time,0.038610562352942523,-0.0007331933464966073,0.006089246937048596,NA,NA,NA
Progalesaurus__lat_range_z_trans,0.08187612251298017,0.0027271561634697136,0.016855993258295995,0.9566621213169856,0.0,2.42397503182292
Progalesaurus__biome,-0.0908481823202475,-0.018550178219324105,0.013900205972531852,NA,NA,NA
Progalesaurus__mat_z_trans,0.036337908318836105,-0.005631477480175,0.020476686047914257,NA,NA,NA
Progalesaurus__map_z_trans,0.13555356530679774,-0.011496239319345633,0.06128589917007546,NA,NA,NA
Progalesaurus__wmm_z_trans,0.020601248811230266,-0.009946123131313787,0.021586332196176745,NA,NA,NA
Progalesaurus__cmm_z_trans,0.021803273154346436,-0.0046235372517738965,0.017082291804403803,NA,NA,NA
Progalesaurus__wmmcmm_z_trans,0.006946686948358852,-0.0030710998221350804,0.011016743630565377,NA,NA,NA
Progalesaurus__wetmon_z_trans,-0.022739916687680578,-0.02532805498997158,0.045873439229617445,NA,NA,NA
Progalesaurus__drymon_z_trans,-0.006871075270015241,-0.013629248258719851,0.03025720985993442,NA,NA,NA
Progalesaurus__wetdry_z_trans,-0.02060706357192228,-0.01760116305134486,0.03074901619283265,NA,NA,NA
Progalesaurus__time,0.015608356919053499,-0.0002997375578954264,0.004688154101809113,NA,NA,NA
Promoschorhynchus__lat_range_z_trans,-0.37574011452496053,-0.008882359801754081,-0.006537197444837575,0.08336929752025753,0.0,0.5913504362106323
Promoschorhynchus__biome,-0.37019895792007446,-0.018924225917576858,0.013859182294665148,NA,NA,NA
Promoschorhynchus__mat_z_trans,0.13014749409863724,-0.011082236132938902,0.029272164643099976,NA,NA,NA
Promoschorhynchus__map_z_trans,0.24199778110254555,-0.004318806379682201,0.05506713510340896,NA,NA,NA
Promoschorhynchus__wmm_z_trans,0.12256800460163504,-0.003936982007412659,0.018459830838440147,NA,NA,NA
Promoschorhynchus__cmm_z_trans,0.06797257598256692,-0.007305784565876931,0.036996245140645,NA,NA,NA
Promoschorhynchus__wmmcmm_z_trans,0.016667186957784,-0.012104847140228794,0.02624745028980673,NA,NA,NA
Promoschorhynchus__wetmon_z_trans,0.007737608036259189,-0.01656653729962223,0.04201718033950302,NA,NA,NA
Promoschorhynchus__drymon_z_trans,0.04745086730108596,-0.00681828097773618,0.0260852026908057,NA,NA,NA
Promoschorhynchus__wetdry_z_trans,-0.03541080236202106,-0.016948977415109225,0.02697436744417194,NA,NA,NA
Promoschorhynchus__time,0.05251673012506217,-0.0005606652805914462,0.005330410124448074,NA,NA,NA
Protheriodon__lat_range_z_trans,0.2991599132120609,0.0016725837557563046,0.01649652794992186,0.2732728993264027,0.0,0.9775667190551758
Protheriodon__biome,-0.16307988114655017,-0.012328937223164537,0.018845121140069903,NA,NA,NA
Protheriodon__mat_z_trans,-0.12444126964313909,-0.013747050069165866,0.02968896151358459,NA,NA,NA
Protheriodon__map_z_trans,0.23271981939673425,-0.008717048853355487,0.0274884938714364,NA,NA,NA
Protheriodon__wmm_z_trans,-0.06755906414240599,-0.015407909578554086,0.0411293884232531,NA,NA,NA
Protheriodon__cmm_z_trans,0.05749249913264066,-0.004173842586055247,0.014125368758320713,NA,NA,NA
Protheriodon__wmmcmm_z_trans,0.027144904765300452,-0.008137210586069464,0.025478792330260083,NA,NA,NA
Protheriodon__wetmon_z_trans,-0.1295584835484624,-0.01737421257875744,0.04224913276736765,NA,NA,NA
Protheriodon__drymon_z_trans,-0.07847364830784499,-0.010729371498955448,0.01843488961320119,NA,NA,NA
Protheriodon__wetdry_z_trans,-0.13576287877280266,-0.01855881820517747,0.02686653577838056,NA,NA,NA
Protheriodon__time,0.17797006425913423,5.2114504969238275e-05,0.012968759318361065,NA,NA,NA
Protuberum__lat_range_z_trans,0.2870392134785652,0.001785740507159835,0.013534278059568246,0.33036570353491695,0.0,0.7986083813011646
Protuberum__biome,-0.0851467190682888,-0.01125880481209562,0.017870829628448392,NA,NA,NA
Protuberum__mat_z_trans,-0.1600010223197751,-0.021826278075021664,0.028972817669609238,NA,NA,NA
Protuberum__map_z_trans,-0.018357803802937268,-0.011797281711555965,0.023243644215852184,NA,NA,NA
Protuberum__wmm_z_trans,-0.01695901555940509,-0.015588351286303584,0.038039113556446104,NA,NA,NA
Protuberum__cmm_z_trans,0.03874146625865251,-0.0073169123471135905,0.03339619517418171,NA,NA,NA
Protuberum__wmmcmm_z_trans,0.037154923866037276,-0.006519547208811177,0.01698533603651165,NA,NA,NA
Protuberum__wetmon_z_trans,-0.08966539877001196,-0.017976608933313935,0.031538160803086135,NA,NA,NA
Protuberum__drymon_z_trans,0.009497646037489175,-0.006715752635923347,0.01704977599425351,NA,NA,NA
Protuberum__wetdry_z_trans,-0.043129029943956995,-0.010114382863595306,0.03985262780265023,NA,NA,NA
Protuberum__time,0.1935305192368105,-0.00012152355195515917,0.01328919252354971,NA,NA,NA
Prozostrodon__lat_range_z_trans,0.04966409711774019,0.0005697208556019083,0.00800742792899625,1.0982298894174165,0.0,4.374045826494694
Prozostrodon__biome,-0.010756209120170012,-0.007732984512450854,0.017524784630057123,NA,NA,NA
Prozostrodon__mat_z_trans,-0.041917704937514344,-0.017549546176891886,0.029238149647885337,NA,NA,NA
Prozostrodon__map_z_trans,-0.003279349413909275,-0.012971446973347334,0.03258696333646014,NA,NA,NA
Prozostrodon__wmm_z_trans,-0.003488960597004402,-0.011632098839403695,0.02047297688596009,NA,NA,NA
Prozostrodon__cmm_z_trans,0.010343440817652068,-0.012792845325283197,0.0250841895516253,NA,NA,NA
Prozostrodon__wmmcmm_z_trans,0.002950033196745851,-0.008082195264859381,0.016199398578929186,NA,NA,NA
Prozostrodon__wetmon_z_trans,0.01958458180492838,-0.01615120007691555,0.03940511313475351,NA,NA,NA
Prozostrodon__drymon_z_trans,0.010710025322013886,-0.008450756913673732,0.02709943187980621,NA,NA,NA
Prozostrodon__wetdry_z_trans,0.07857074327969404,-0.008353737442384277,0.03983222682865592,NA,NA,NA
Prozostrodon__time,0.06528022665156107,-0.004302612248921506,0.018321309061028024,NA,NA,NA
Pseudotherium__lat_range_z_trans,0.2610489541292191,0.002105176410506696,0.018050893776397653,0.25340594394889193,0.0,0.6280474420636892
Pseudotherium__biome,-0.019424861650913953,-0.010666310028017996,0.029445372104842923,NA,NA,NA
Pseudotherium__mat_z_trans,-0.1856820993870497,-0.028276191449874897,0.049674159704174735,NA,NA,NA
Pseudotherium__map_z_trans,-0.23553350500762463,-0.013976302612578703,0.028991864556958336,NA,NA,NA
Pseudotherium__wmm_z_trans,0.013044474601047113,-0.021406653867217455,0.05400833703202456,NA,NA,NA
Pseudotherium__cmm_z_trans,-0.011024692300707102,-0.018890925367277777,0.03266507633184602,NA,NA,NA
Pseudotherium__wmmcmm_z_trans,0.043495754257310185,-0.0038787884373815483,0.013016551575848658,NA,NA,NA
Pseudotherium__wetmon_z_trans,0.01614296598127112,-0.0037113476483096684,0.011225522789596088,NA,NA,NA
Pseudotherium__drymon_z_trans,-0.00016517665120773016,-0.003734277537519003,0.007888331942758285,NA,NA,NA
Pseudotherium__wetdry_z_trans,-0.01782355164119508,-0.0048654167345310835,0.008101886761099089,NA,NA,NA
Pseudotherium__time,0.21166675749700517,-0.00014866564632806808,0.02070397488861076,NA,NA,NA
Pseudotriconodon__lat_range_z_trans,-0.8637684693932534,-0.02408530510446972,-0.009030601735613318,0.22542058321578223,0.0,0.8190645817667246
Pseudotriconodon__biome,0.2209782295115292,-0.011688338854212802,0.033968413145971633,NA,NA,NA
Pseudotriconodon__mat_z_trans,-0.09973468304378912,-0.012684786598570202,0.02849438015920942,NA,NA,NA
Pseudotriconodon__map_z_trans,-0.22803553036123048,-0.013115079515154287,0.02677098585366955,NA,NA,NA
Pseudotriconodon__wmm_z_trans,0.03511210597749596,-0.0068718288301420115,0.020173793332159958,NA,NA,NA
Pseudotriconodon__cmm_z_trans,0.05149485538713634,-0.00802188837489186,0.027784975824710317,NA,NA,NA
Pseudotriconodon__wmmcmm_z_trans,0.01348296711104922,-0.004553220777554188,0.015120382031004524,NA,NA,NA
Pseudotriconodon__wetmon_z_trans,0.28005843148566784,-0.00977548329643905,0.04834670759511716,NA,NA,NA
Pseudotriconodon__drymon_z_trans,0.10371772288344801,-0.005473564415706964,0.016962898527274044,NA,NA,NA
Pseudotriconodon__wetdry_z_trans,0.2748456548462855,-0.009622014091638521,0.0440811130856716,NA,NA,NA
Pseudotriconodon__time,0.25960837468970566,-0.0015581930597498952,0.021098923644982212,NA,NA,NA
Ptomalestes__lat_range_z_trans,0.18748878290799081,0.0031236739044880188,0.017635610386283553,0.5236445569829083,0.0,1.0741899134591222
Ptomalestes__biome,-0.08253257044499739,-0.013675105508025061,0.018091841121799495,NA,NA,NA
Ptomalestes__mat_z_trans,0.07734074710684313,-0.015756068610026226,0.04746135592742221,NA,NA,NA
Ptomalestes__map_z_trans,-0.027678826127099914,-0.005807580215253577,0.010076481450563435,NA,NA,NA
Ptomalestes__wmm_z_trans,0.006722011453699254,-0.019804349066267355,0.046039786677204514,NA,NA,NA
Ptomalestes__cmm_z_trans,-0.009492311746446673,-0.012841154177309626,0.03241596567053894,NA,NA,NA
Ptomalestes__wmmcmm_z_trans,0.028239183888760892,-0.009922262143421384,0.028016949054953534,NA,NA,NA
Ptomalestes__wetmon_z_trans,0.009495782723447189,-0.01425490486488924,0.028789610124113383,NA,NA,NA
Ptomalestes__drymon_z_trans,0.0014115265042127089,-0.0039095726821579595,0.005270208569147513,NA,NA,NA
Ptomalestes__wetdry_z_trans,0.01976961738552609,-0.009429169984902204,0.034186005629711594,NA,NA,NA
Ptomalestes__time,-0.03310301953019865,-0.005173209570764902,0.005788156852418926,NA,NA,NA
Purlovia__lat_range_z_trans,-0.196524544054257,-0.03672279784691863,-0.016158700452338772,0.9545931058528367,0.29906442388892174,1.683253362774849
Purlovia__biome,0.19517354135465267,-0.0020307869373895372,0.08555294719797125,NA,NA,NA
Purlovia__mat_z_trans,0.0356031162230303,-0.016085292973553413,0.040447812406146894,NA,NA,NA
Purlovia__map_z_trans,0.015767862712265775,-0.00217056991908651,0.012996650750205927,NA,NA,NA
Purlovia__wmm_z_trans,0.03225008257551934,-0.00451482244091373,0.01916211807491045,NA,NA,NA
Purlovia__cmm_z_trans,0.013344948151581102,-0.0203838587877461,0.055171839274841226,NA,NA,NA
Purlovia__wmmcmm_z_trans,0.03456238708595103,-0.013166769955164772,0.03926504528943467,NA,NA,NA
Purlovia__wetmon_z_trans,0.007858121841196705,-0.004485931673065546,0.010839311690851361,NA,NA,NA
Purlovia__drymon_z_trans,0.012849390652001904,-0.002240148551072404,0.008012943451562978,NA,NA,NA
Purlovia__wetdry_z_trans,0.020548751438697232,-0.003553714119757673,0.012269099995184099,NA,NA,NA
Purlovia__time,0.0062272661410984285,-0.0020950097138612003,0.006212903785386995,NA,NA,NA
Putillosaurus__lat_range_z_trans,0.018220621482259624,0.004103152799223453,0.01434263426939716,4.798510167337372,1.0497078001499176,7.945844313129783
Putillosaurus__biome,0.06191086650634117,-0.00017795195919380008,0.07556147409551206,NA,NA,NA
Putillosaurus__mat_z_trans,0.012588346691532672,-0.007237812249318146,0.015209988210512315,NA,NA,NA
Putillosaurus__map_z_trans,0.0370219583695459,-0.013056431561057723,0.040736814390982645,NA,NA,NA
Putillosaurus__wmm_z_trans,0.010445025824269066,-0.010653344990528162,0.01834002109933646,NA,NA,NA
Putillosaurus__cmm_z_trans,0.008493759769807081,-0.0056157560690866535,0.01129300495447948,NA,NA,NA
Putillosaurus__wmmcmm_z_trans,0.004647152405178861,-0.004224505773890195,0.008574227715645154,NA,NA,NA
Putillosaurus__wetmon_z_trans,0.01014217480660344,-0.032628589405470546,0.03411841058739746,NA,NA,NA
Putillosaurus__drymon_z_trans,0.013371590030089043,-0.011449858082938644,0.028618775124260955,NA,NA,NA
Putillosaurus__wetdry_z_trans,0.0004641225430977115,-0.02375345824538298,0.024398932204926897,NA,NA,NA
Putillosaurus__time,0.00035530569301292926,-0.0027551473808861177,0.0025776888117065,NA,NA,NA
Pyozia__lat_range_z_trans,0.07990604136461438,0.0017294478315774213,0.011938699725421949,0.8067852700070943,0.2334565594792366,1.575143814086914
Pyozia__biome,0.23006008314964793,2.984294026403454e-05,0.05465558708186958,NA,NA,NA
Pyozia__mat_z_trans,-0.040487956710612706,-0.017830226271532672,0.0313529186131822,NA,NA,NA
Pyozia__map_z_trans,-0.055886844109590286,-0.00805633299256041,0.011881029116879686,NA,NA,NA
Pyozia__wmm_z_trans,0.025821858372609346,-0.008630448395421637,0.026633519922484118,NA,NA,NA
Pyozia__cmm_z_trans,-0.0266958178202073,-0.021987737336423684,0.04349471927548783,NA,NA,NA
Pyozia__wmmcmm_z_trans,-0.01869585591068841,-0.02179774029992513,0.030318897147610623,NA,NA,NA
Pyozia__wetmon_z_trans,-0.00041105211902128043,-0.005486240108836145,0.010739899290412006,NA,NA,NA
Pyozia__drymon_z_trans,0.02249689652288352,-0.009179801883670626,0.024197164608104213,NA,NA,NA
Pyozia__wetdry_z_trans,-0.010220115350496547,-0.011566827976577203,0.024004392724211183,NA,NA,NA
Pyozia__time,-0.02822631326740118,-0.004673638425423463,0.004555143958493717,NA,NA,NA
Rabidosaurus__lat_range_z_trans,-0.16498477049029808,-0.009763355454187316,-0.0035931927336184054,0.5510927011293825,0.0,1.561955390498042
Rabidosaurus__biome,0.2276558998314687,-0.010716170820283826,0.047554799218788794,NA,NA,NA
Rabidosaurus__mat_z_trans,0.014010232729435045,-0.009806829134158103,0.023843649660355466,NA,NA,NA
Rabidosaurus__map_z_trans,0.09906634261248333,-0.005557869396213324,0.027022459655414697,NA,NA,NA
Rabidosaurus__wmm_z_trans,0.01021374061482613,-0.012665932722983417,0.04458643191534043,NA,NA,NA
Rabidosaurus__cmm_z_trans,0.03330751839809735,-0.005256403991601725,0.012757987050622203,NA,NA,NA
Rabidosaurus__wmmcmm_z_trans,0.025001074085152838,-0.006988102195900427,0.022879779189202136,NA,NA,NA
Rabidosaurus__wetmon_z_trans,-0.03173364298581714,-0.018008604913545497,0.03926319613091242,NA,NA,NA
Rabidosaurus__drymon_z_trans,-0.009947587187322892,-0.010654495810445754,0.01757670963118439,NA,NA,NA
Rabidosaurus__wetdry_z_trans,-0.09069843211319226,-0.018298271452230865,0.031793124732360636,NA,NA,NA
Rabidosaurus__time,0.06577054862690447,0.0002663329730207406,0.010087027013594315,NA,NA,NA
Raranimus__lat_range_z_trans,0.08537020476091615,0.0017121405187331682,0.011209109276434873,0.7333255446224939,0.2334565594792366,1.3587681911885738
Raranimus__biome,0.25603415946188235,3.0022344652261122e-05,0.056370811235613695,NA,NA,NA
Raranimus__mat_z_trans,-0.06122319275129928,-0.021312097924541872,0.026783772893148677,NA,NA,NA
Raranimus__map_z_trans,-0.06678997724899481,-0.008359313066186877,0.011949420588536316,NA,NA,NA
Raranimus__wmm_z_trans,0.031783082496019154,-0.005621608778951775,0.02678683203080199,NA,NA,NA
Raranimus__cmm_z_trans,-0.0287731683004037,-0.022406905765774626,0.04374509050438385,NA,NA,NA
Raranimus__wmmcmm_z_trans,-0.009265241634688025,-0.021928780010779053,0.03489641834682884,NA,NA,NA
Raranimus__wetmon_z_trans,-0.0017293860331041382,-0.004501040844660278,0.007139352517550983,NA,NA,NA
Raranimus__drymon_z_trans,0.024112317847241882,-0.009234987355558123,0.02673636987586205,NA,NA,NA
Raranimus__wetdry_z_trans,-0.021612920438427264,-0.011636363339999848,0.02256593919645615,NA,NA,NA
Raranimus__time,-0.030244954037404844,-0.004190768695462485,0.005588854998539684,NA,NA,NA
Rastodon__lat_range_z_trans,0.217518959320364,0.0019808342637638323,0.011752642254981271,0.4270046337082749,0.0,1.0299747586250305
Rastodon__biome,0.0883239255612561,-0.009128701510066083,0.031826263968392776,NA,NA,NA
Rastodon__mat_z_trans,-0.08651611911508096,-0.017684999899808297,0.03302429570933404,NA,NA,NA
Rastodon__map_z_trans,-0.11260373732328617,-0.008623037065793824,0.010191011752018524,NA,NA,NA
Rastodon__wmm_z_trans,0.02568652626892393,-0.011062174066858365,0.03792569564310812,NA,NA,NA
Rastodon__cmm_z_trans,0.032493917886385046,-0.01887497605035652,0.04760490486674508,NA,NA,NA
Rastodon__wmmcmm_z_trans,-0.006056083932553479,-0.013386932274591166,0.03077371126050629,NA,NA,NA
Rastodon__wetmon_z_trans,0.04831530140879685,-0.007840942433432873,0.02572717326251852,NA,NA,NA
Rastodon__drymon_z_trans,0.07692007545787274,-0.00614201458436646,0.022554265081134815,NA,NA,NA
Rastodon__wetdry_z_trans,-0.054907514755420155,-0.012941857116472864,0.017677737768219643,NA,NA,NA
Rastodon__time,-0.051514326655520415,-0.0037449021805468956,0.004714269897198024,NA,NA,NA
Rechnisaurus__lat_range_z_trans,-0.641035741865635,-0.02262957064409787,-0.022398524874462908,0.15469123314876923,0.0,0.41595635935664177
Rechnisaurus__biome,0.08805274590384216,-0.008685879310452928,0.03076482834101438,NA,NA,NA
Rechnisaurus__mat_z_trans,0.08462125120218843,-0.00660214831498569,0.03244275873372366,NA,NA,NA
Rechnisaurus__map_z_trans,0.1575761611573398,-0.005112070422473832,0.027748911256979234,NA,NA,NA
Rechnisaurus__wmm_z_trans,0.0585093776229769,-0.01310569271145055,0.039319718378595846,NA,NA,NA
Rechnisaurus__cmm_z_trans,0.06574372899602167,-0.003914486587054077,0.021079694882585417,NA,NA,NA
Rechnisaurus__wmmcmm_z_trans,0.03577058190130629,-0.005925020098831951,0.025085511420360272,NA,NA,NA
Rechnisaurus__wetmon_z_trans,0.03512338696513325,-0.014479302981844286,0.044788607062413575,NA,NA,NA
Rechnisaurus__drymon_z_trans,0.047902589556761084,-0.005440287946501053,0.0239174014794734,NA,NA,NA
Rechnisaurus__wetdry_z_trans,-0.03964409412117675,-0.0208575327990736,0.03911530638687252,NA,NA,NA
Rechnisaurus__time,0.08441032170827384,-0.0006977111017636638,0.011907758396601707,NA,NA,NA
Redondagnathus__lat_range_z_trans,0.033829970904573535,0.0012297718279461272,0.008842529651047459,1.8727722584396542,0.0,4.430001463741064
Redondagnathus__biome,0.1484811980727371,-0.0011014552041952663,0.06314616818316618,NA,NA,NA
Redondagnathus__mat_z_trans,-0.02324697501563057,-0.014817361061170448,0.023403329678724424,NA,NA,NA
Redondagnathus__map_z_trans,-0.0008075614548949269,-0.01801913680819667,0.03309036804204815,NA,NA,NA
Redondagnathus__wmm_z_trans,-0.0033200840397772475,-0.01217016319208492,0.0249351844559112,NA,NA,NA
Redondagnathus__cmm_z_trans,-0.0046931905879863635,-0.011400342580284434,0.024837244571952025,NA,NA,NA
Redondagnathus__wmmcmm_z_trans,-0.006811021336538952,-0.007036729617420664,0.014584859981958983,NA,NA,NA
Redondagnathus__wetmon_z_trans,-0.007147407534741476,-0.015807902210530533,0.025523863945659638,NA,NA,NA
Redondagnathus__drymon_z_trans,0.0033371265328776406,-0.012983075241045831,0.021245270599292293,NA,NA,NA
Redondagnathus__wetdry_z_trans,0.0012473427937593389,-0.01364389549806615,0.01777694102770916,NA,NA,NA
Redondagnathus__time,0.03679152578735941,-0.001699413333480726,0.0163862113266876,NA,NA,NA
Regisaurus__lat_range_z_trans,0.07629251208923728,0.003112418840579141,0.016823313098799513,1.018380414911444,0.0,2.42397503182292
Regisaurus__biome,-0.07238125388083085,-0.01740437489996289,0.01744618977797244,NA,NA,NA
Regisaurus__mat_z_trans,0.03082324152618875,-0.005681672801809486,0.021738538720370945,NA,NA,NA
Regisaurus__map_z_trans,0.12292268702012919,-0.011598709307417687,0.061167078942215104,NA,NA,NA
Regisaurus__wmm_z_trans,0.021033509466798307,-0.010034776393508308,0.018026383285960103,NA,NA,NA
Regisaurus__cmm_z_trans,0.02041506989893523,-0.00488217638546902,0.016684695702713342,NA,NA,NA
Regisaurus__wmmcmm_z_trans,0.008509504953880994,-0.0035954111240745243,0.010013660659240883,NA,NA,NA
Regisaurus__wetmon_z_trans,-0.0222978181894625,-0.025553812772200705,0.04578450045943027,NA,NA,NA
Regisaurus__drymon_z_trans,-0.005560624014179167,-0.01375073049892965,0.03019854761268568,NA,NA,NA
Regisaurus__wetdry_z_trans,-0.0182835280375672,-0.017758048352513784,0.030689400438474946,NA,NA,NA
Regisaurus__time,0.01618762328860744,-0.0003024092232225918,0.005199662766293888,NA,NA,NA
Reiszia__lat_range_z_trans,0.07789556820404349,0.001614492943737541,0.01220714136970275,0.8558017435227521,0.33484468795359135,1.588092477992177
Reiszia__biome,0.20847919731589387,-0.0023009386657034314,0.05093193258288371,NA,NA,NA
Reiszia__mat_z_trans,-0.04390408267927019,-0.019776611920489278,0.027229264555487406,NA,NA,NA
Reiszia__map_z_trans,-0.046134397398806926,-0.0077570444269346546,0.012148174037619414,NA,NA,NA
Reiszia__wmm_z_trans,0.023716488334755967,-0.009502325935868037,0.02534617207527746,NA,NA,NA
Reiszia__cmm_z_trans,-0.016015674004528056,-0.020526231627369756,0.04447269796901185,NA,NA,NA
Reiszia__wmmcmm_z_trans,-0.010093023100935277,-0.020348863528050928,0.03100061750160817,NA,NA,NA
Reiszia__wetmon_z_trans,0.0031031800101062805,-0.005121574517392036,0.016493035737393982,NA,NA,NA
Reiszia__drymon_z_trans,0.016183738464654863,-0.008569628464928541,0.024741237815716702,NA,NA,NA
Reiszia__wetdry_z_trans,-0.010092335169699384,-0.01079799101692295,0.02454413145632186,NA,NA,NA
Reiszia__time,-0.025477735854477136,-0.004362985758607442,0.004657566363133816,NA,NA,NA
Repelinosaurus__lat_range_z_trans,0.014369527235274496,0.0009814212837167373,0.012080208511817486,5.684557687643682,0.0,10.189914865419269
Repelinosaurus__biome,0.09569081828449026,-0.0240939027324555,0.10778173859977958,NA,NA,NA
Repelinosaurus__mat_z_trans,0.011853231101396258,-0.004232065193419737,0.0163329824253328,NA,NA,NA
Repelinosaurus__map_z_trans,0.025295361346609545,-0.00996163481869169,0.03401808105549662,NA,NA,NA
Repelinosaurus__wmm_z_trans,0.00850334942090877,-0.00751983809646476,0.017621818344159147,NA,NA,NA
Repelinosaurus__cmm_z_trans,0.007750757678942278,-0.005813369677581967,0.011479294553079129,NA,NA,NA
Repelinosaurus__wmmcmm_z_trans,0.0038335621686933254,-0.0033381743402797976,0.007213590469844884,NA,NA,NA
Repelinosaurus__wetmon_z_trans,0.003551213022038071,-0.021953764678907674,0.027507096461516212,NA,NA,NA
Repelinosaurus__drymon_z_trans,0.004482816031307369,-0.011798251785195722,0.01801419056084588,NA,NA,NA
Repelinosaurus__wetdry_z_trans,0.0017502864416122392,-0.018252329862017958,0.019160824750789517,NA,NA,NA
Repelinosaurus__time,0.0005800013904648757,-0.0014677930172314392,0.002562145731495875,NA,NA,NA
Rewaconodon__lat_range_z_trans,-0.6834626127406955,-0.02131546874358246,-0.0011750067389208188,0.06853169215261005,0.0,0.91826356574893
Rewaconodon__biome,-0.16545392453670502,-0.01592157370200202,0.025508035860036585,NA,NA,NA
Rewaconodon__mat_z_trans,-0.06097278418717906,-0.014942805302594802,0.026061351136599874,NA,NA,NA
Rewaconodon__map_z_trans,-0.0012355605512857437,-0.010652984325018012,0.03402035099175038,NA,NA,NA
Rewaconodon__wmm_z_trans,0.072069088506978,-0.005284868228037387,0.025329989683502772,NA,NA,NA
Rewaconodon__cmm_z_trans,0.09704037763294764,-0.00835658728009378,0.02647127215474236,NA,NA,NA
Rewaconodon__wmmcmm_z_trans,0.015511287322733552,-0.005516980509991242,0.017451673919984003,NA,NA,NA
Rewaconodon__wetmon_z_trans,0.1645155126939062,-0.010149166262466565,0.03812509453496209,NA,NA,NA
Rewaconodon__drymon_z_trans,0.09674096670933068,-0.0047509127704875274,0.024513218358978642,NA,NA,NA
Rewaconodon__wetdry_z_trans,0.1586703232198488,-0.008968300494418449,0.037688988858363956,NA,NA,NA
Rewaconodon__time,0.197448093960993,-0.0015900552998372689,0.019777002704157248,NA,NA,NA
Rhachiocephalus__lat_range_z_trans,-0.7768931424617768,-0.035322905954740615,-0.036979078713674826,0.18890752337421873,0.011788953095674515,0.4696876825764775
Rhachiocephalus__biome,0.1691077072173357,-0.00510343992856502,0.05055613842674599,NA,NA,NA
Rhachiocephalus__mat_z_trans,0.15011046796338634,-0.006996041447960501,0.0472624654678573,NA,NA,NA
Rhachiocephalus__map_z_trans,0.08075242560822517,-0.001971246801423818,0.03259019625020145,NA,NA,NA
Rhachiocephalus__wmm_z_trans,0.0885459096787963,-0.004760748505532208,0.02088022886530097,NA,NA,NA
Rhachiocephalus__cmm_z_trans,0.0753129529254511,-0.019328920045826963,0.04417018164064986,NA,NA,NA
Rhachiocephalus__wmmcmm_z_trans,0.0780408419854939,-0.00953722565078978,0.04363822450352343,NA,NA,NA
Rhachiocephalus__wetmon_z_trans,0.08449909573886544,-0.006816215771434204,0.04177175878599954,NA,NA,NA
Rhachiocephalus__drymon_z_trans,0.031243872616323644,-0.006894908971697349,0.013583651259927927,NA,NA,NA
Rhachiocephalus__wetdry_z_trans,0.014057227048324421,-0.009109025179442754,0.012220404638422751,NA,NA,NA
Rhachiocephalus__time,0.01646924093205598,-0.0016090246611162918,0.004077800339202718,NA,NA,NA
Rhadiodromus__lat_range_z_trans,-0.19031881847441304,-0.010177030620336536,-0.003969412385732139,0.49770119463850276,0.0,1.448056921362877
Rhadiodromus__biome,0.2525894232782908,-0.011264614807884276,0.064336438156352,NA,NA,NA
Rhadiodromus__mat_z_trans,0.012219190703734924,-0.01463920651946238,0.022809367787999746,NA,NA,NA
Rhadiodromus__map_z_trans,0.08624758266554265,-0.003191985365691452,0.022672147831481467,NA,NA,NA
Rhadiodromus__wmm_z_trans,0.013975909542847682,-0.015015077620735739,0.034191827987504544,NA,NA,NA
Rhadiodromus__cmm_z_trans,0.03032699688757034,-0.004184057756640993,0.018210578351617247,NA,NA,NA
Rhadiodromus__wmmcmm_z_trans,0.008870656144198338,-0.007813280083058679,0.01651455370924073,NA,NA,NA
Rhadiodromus__wetmon_z_trans,-0.02706565875063192,-0.017642019597504242,0.030114595950675806,NA,NA,NA
Rhadiodromus__drymon_z_trans,0.02287408132218402,-0.007626884240219501,0.01874765749862937,NA,NA,NA
Rhadiodromus__wetdry_z_trans,-0.10615876841288116,-0.016303423601410464,0.03913144145127515,NA,NA,NA
Rhadiodromus__time,0.07410032921529484,0.0004078772944147472,0.011012775125113165,NA,NA,NA
Rhinodicynodon__lat_range_z_trans,0.12945626971650523,0.004003921921099767,0.02193109615171329,0.6863425587494112,0.04615665599703789,1.861944280564785
Rhinodicynodon__biome,0.12267253303042765,-0.012329744901982291,0.059267099240348384,NA,NA,NA
Rhinodicynodon__mat_z_trans,0.011640937489021319,-0.005320048709286245,0.019280503089902458,NA,NA,NA
Rhinodicynodon__map_z_trans,0.045556637638238695,-0.00647835236261643,0.019110594671012053,NA,NA,NA
Rhinodicynodon__wmm_z_trans,0.015042657631232338,-0.007170565324134002,0.013227147415601144,NA,NA,NA
Rhinodicynodon__cmm_z_trans,0.014579102147146751,-0.00748908960816769,0.01770339565659782,NA,NA,NA
Rhinodicynodon__wmmcmm_z_trans,-0.01412665238650681,-0.006214189590396326,0.009804500983440167,NA,NA,NA
Rhinodicynodon__wetmon_z_trans,-0.03281802226133507,-0.02200080096960032,0.0337478018385655,NA,NA,NA
Rhinodicynodon__drymon_z_trans,-0.04372669030642993,-0.016240414107349114,0.023845874577613987,NA,NA,NA
Rhinodicynodon__wetdry_z_trans,-0.12145488597644914,-0.027952303088914558,0.044445988351150906,NA,NA,NA
Rhinodicynodon__time,0.05083903739988646,-0.00025811617718230737,0.011407969488211381,NA,NA,NA
Rhopalodon__lat_range_z_trans,-0.20664896759389714,-0.007959184961251958,-0.004091368863262985,0.44256070536212067,0.0,1.2713041612878442
Rhopalodon__biome,0.32307545969361157,-0.011191066366637664,0.049640709125140126,NA,NA,NA
Rhopalodon__mat_z_trans,0.09755117375593243,-0.0153068648540818,0.04402187444509065,NA,NA,NA
Rhopalodon__map_z_trans,-0.03249168430100782,-0.0058485318021829,0.006477306983651452,NA,NA,NA
Rhopalodon__wmm_z_trans,-0.01064294530253687,-0.016412371089209402,0.03625438928913394,NA,NA,NA
Rhopalodon__cmm_z_trans,-0.03490311451631403,-0.012752013558282316,0.030873375053681897,NA,NA,NA
Rhopalodon__wmmcmm_z_trans,0.01849523665086578,-0.00725249542997682,0.03757556135910825,NA,NA,NA
Rhopalodon__wetmon_z_trans,0.013073953536054962,-0.01143809986102202,0.023655416708489616,NA,NA,NA
Rhopalodon__drymon_z_trans,0.020246752730033093,-0.0031786299163795283,0.021667613744027897,NA,NA,NA
Rhopalodon__wetdry_z_trans,-0.0005474534107477692,-0.013340451284647439,0.022980090946651262,NA,NA,NA
Rhopalodon__time,-0.009547487120256675,-0.002769993794857668,0.00471700267244502,NA,NA,NA
Riebeeckosaurus__lat_range_z_trans,0.31658543871652794,0.003030164294986083,0.019385698458098444,0.37257959597511214,0.0,0.8490005731582642
Riebeeckosaurus__biome,-0.08156985876438021,-0.01108741083897766,0.021382270779675826,NA,NA,NA
Riebeeckosaurus__mat_z_trans,0.15398999073106842,-0.015884064680951965,0.05361806229459754,NA,NA,NA
Riebeeckosaurus__map_z_trans,-0.09222984781998274,-0.006304223589684524,0.009002305616303713,NA,NA,NA
Riebeeckosaurus__wmm_z_trans,-0.09279305048115451,-0.01921149046314431,0.05586989782995854,NA,NA,NA
Riebeeckosaurus__cmm_z_trans,0.028430511734500345,-0.01060360507091032,0.018457770438293147,NA,NA,NA
Riebeeckosaurus__wmmcmm_z_trans,-0.05130761856159806,-0.009625231503611609,0.01055570488669598,NA,NA,NA
Riebeeckosaurus__wetmon_z_trans,0.04411266455897236,-0.013828173193094737,0.038994280018295475,NA,NA,NA
Riebeeckosaurus__drymon_z_trans,0.012566568270852323,-0.0028749861741276094,0.009539646823860106,NA,NA,NA
Riebeeckosaurus__wetdry_z_trans,0.01572736585905403,-0.01604233618308379,0.030049143821637345,NA,NA,NA
Riebeeckosaurus__time,-0.07585124012212238,-0.005018345515929066,0.006917190496741015,NA,NA,NA
Riograndia__lat_range_z_trans,0.025315653565409664,0.0007236270337206046,0.0073428815617043435,2.055360046743881,0.0,5.8267012014985085
Riograndia__biome,-0.0004763746252807771,-0.010942540530512771,0.012222172976765668,NA,NA,NA
Riograndia__mat_z_trans,-0.012549835471594318,-0.013748255338430052,0.02626506407875144,NA,NA,NA
Riograndia__map_z_trans,-0.005989109064465848,-0.016718387592668145,0.02690305149304997,NA,NA,NA
Riograndia__wmm_z_trans,0.0026310705003957484,-0.011012848687811733,0.01754855756015974,NA,NA,NA
Riograndia__cmm_z_trans,0.014311220383968195,-0.010702612810543626,0.02967088653684888,NA,NA,NA
Riograndia__wmmcmm_z_trans,0.005576051992347472,-0.006910401230653369,0.011666327885154421,NA,NA,NA
Riograndia__wetmon_z_trans,0.039589264639966426,-0.015291369599706953,0.04102178552816863,NA,NA,NA
Riograndia__drymon_z_trans,0.012694313798233285,-0.008000869703110144,0.023579191427272668,NA,NA,NA
Riograndia__wetdry_z_trans,0.06065156702375191,-0.011944616771297406,0.055754911438982355,NA,NA,NA
Riograndia__time,0.03590710137900574,-0.0029014276875159264,0.021797140977299005,NA,NA,NA
Riojanodon__lat_range_z_trans,0.2991348472237587,0.0016780390763582536,0.016566660477839702,0.2639188279979862,0.0,0.9775667190551758
Riojanodon__biome,-0.17156304098665714,-0.012369149442733327,0.018925238361613927,NA,NA,NA
Riojanodon__mat_z_trans,-0.10707107670372353,-0.014649912387282107,0.026948749805152095,NA,NA,NA
Riojanodon__map_z_trans,0.24970680413767696,-0.008745480491552524,0.02760535710288185,NA,NA,NA
Riojanodon__wmm_z_trans,-0.08414395574480295,-0.015458164213795861,0.041304243883177404,NA,NA,NA
Riojanodon__cmm_z_trans,0.04564604474697262,-0.0030011699452886626,0.014185420656623194,NA,NA,NA
Riojanodon__wmmcmm_z_trans,0.04258298970293253,-0.008163751016346756,0.025587111615375066,NA,NA,NA
Riojanodon__wetmon_z_trans,-0.14104138992726803,-0.017430880533051113,0.042428748653347226,NA,NA,NA
Riojanodon__drymon_z_trans,-0.07416969572193921,-0.010764366554469275,0.020672235937001814,NA,NA,NA
Riojanodon__wetdry_z_trans,-0.14720646383706482,-0.018619349884355922,0.02698075484776612,NA,NA,NA
Riojanodon__time,0.17438284098636359,7.448247398777948e-05,0.01256745012337868,NA,NA,NA
Robertia__lat_range_z_trans,-0.3039151241351122,-0.012537242342246676,-0.011880567561329448,0.0,0.0,0.2828155606985092
Robertia__biome,-0.19190574993533174,-0.021011701384846527,0.018779169674050914,NA,NA,NA
Robertia__mat_z_trans,0.10162230027209197,-0.015400163405095443,0.06260004751919147,NA,NA,NA
Robertia__map_z_trans,0.026228611579516253,-0.003237498749843411,0.012580944697118271,NA,NA,NA
Robertia__wmm_z_trans,0.01574743767675728,-0.01710716657183775,0.026222618486738625,NA,NA,NA
Robertia__cmm_z_trans,0.021547558287150048,-0.010449792610087461,0.05605396066973836,NA,NA,NA
Robertia__wmmcmm_z_trans,0.0787194654390387,-0.008791410057741802,0.042067774751798834,NA,NA,NA
Robertia__wetmon_z_trans,0.01439230929513579,-0.008348920041823029,0.02895187747429326,NA,NA,NA
Robertia__drymon_z_trans,0.022538438796706157,-0.0029863641420204002,0.008074661224944699,NA,NA,NA
Robertia__wetdry_z_trans,0.023531721436236015,-0.005963404337693111,0.021686073160538465,NA,NA,NA
Robertia__time,0.013832107166074286,-0.0016160392752939013,0.008635411367073673,NA,NA,NA
Rosieria__lat_range_z_trans,0.08149764683291286,0.001008156315049248,0.009696614232948512,0.8234981358901132,0.11157451197504997,1.678474247455597
Rosieria__biome,0.058215868224403,-0.009629074667264427,0.031009782220437453,NA,NA,NA
Rosieria__mat_z_trans,-0.08105830990804724,-0.01453106969551663,0.027159421219382234,NA,NA,NA
Rosieria__map_z_trans,-0.17968551332042915,-0.019378099397443338,0.019373861735027795,NA,NA,NA
Rosieria__wmm_z_trans,-0.029450766661548437,-0.009448597321933296,0.019166167778225295,NA,NA,NA
Rosieria__cmm_z_trans,-0.0014461748774773412,-0.01076341256952848,0.025386075842774577,NA,NA,NA
Rosieria__wmmcmm_z_trans,-0.010156771649724365,-0.0065877199154242266,0.013634634870472336,NA,NA,NA
Rosieria__wetmon_z_trans,0.09381542824901372,-0.013418551478807205,0.04571821162608648,NA,NA,NA
Rosieria__drymon_z_trans,0.045002314653175474,-0.0077510519551667505,0.018958759609192372,NA,NA,NA
Rosieria__wetdry_z_trans,0.08639272350379017,-0.015459326589502343,0.04187762963717909,NA,NA,NA
Rosieria__time,0.1145344790756688,-0.0014909556429920643,0.02179081269243097,NA,NA,NA
Ruberodon__lat_range_z_trans,0.25943041980266573,0.0020482988135210075,0.017221181470179942,0.24127215056607385,0.0,0.6938453447073698
Ruberodon__biome,-0.026897310223430396,-0.011810684085580158,0.025003717633545443,NA,NA,NA
Ruberodon__mat_z_trans,-0.18548560939729214,-0.027512226105427084,0.04561538274729805,NA,NA,NA
Ruberodon__map_z_trans,-0.23564951114356517,-0.014645079839369477,0.027659248726347313,NA,NA,NA
Ruberodon__wmm_z_trans,0.03818638851051219,-0.01855475273213103,0.05606923204037239,NA,NA,NA
Ruberodon__cmm_z_trans,-0.02281537273898721,-0.01838053087759787,0.036523624837172315,NA,NA,NA
Ruberodon__wmmcmm_z_trans,0.029497433931101113,-0.0037739914405916035,0.014261492823745801,NA,NA,NA
Ruberodon__wetmon_z_trans,0.03653545234818011,-0.0046780681972663106,0.01429458024089566,NA,NA,NA
Ruberodon__drymon_z_trans,-0.016595587766496465,-0.005139301651744551,0.007389269272912729,NA,NA,NA
Ruberodon__wetdry_z_trans,-0.02746658717820537,-0.004858717800261027,0.009349407254355213,NA,NA,NA
Ruberodon__time,0.214871510299854,-0.00014464900208140867,0.02038483441733223,NA,NA,NA
Rubidgea__lat_range_z_trans,-0.8004451438784599,-0.027100012753014623,-0.02814531670485342,0.22591196999375826,0.0,0.6118957055732608
Rubidgea__biome,-0.028837688518688082,-0.0213963164077435,0.026211385843600693,NA,NA,NA
Rubidgea__mat_z_trans,0.16029729092901107,-0.001753881578352822,0.035972152501277124,NA,NA,NA
Rubidgea__map_z_trans,0.31282380913035013,-0.00627297426221271,0.0600951181758882,NA,NA,NA
Rubidgea__wmm_z_trans,0.08965853580622934,-0.0034784681233676383,0.02109044548668849,NA,NA,NA
Rubidgea__cmm_z_trans,0.07204478037310764,-0.00798912561173277,0.025895789088623115,NA,NA,NA
Rubidgea__wmmcmm_z_trans,0.0445107460411964,-0.0049110287310136684,0.019918858467531837,NA,NA,NA
Rubidgea__wetmon_z_trans,0.10888929192908109,-0.014841115723070984,0.046919435196173837,NA,NA,NA
Rubidgea__drymon_z_trans,0.06232947381242411,-0.005277991345317283,0.026751781032106806,NA,NA,NA
Rubidgea__wetdry_z_trans,-0.0015198573103407398,-0.013811700201242672,0.03420170866191032,NA,NA,NA
Rubidgea__time,0.02849980755810975,-0.0006170881814608408,0.0048606137152100975,NA,NA,NA
Ruhuhucerberus__lat_range_z_trans,0.10630244411956306,0.005541793351035345,0.025556839793606526,0.8162636877829209,0.3267882652580738,1.26636281888932
Ruhuhucerberus__biome,-0.08144997939437067,-0.02238941619035962,0.013211999527308596,NA,NA,NA
Ruhuhucerberus__mat_z_trans,0.05024807096569905,-0.014665872106461659,0.04845606652786311,NA,NA,NA
Ruhuhucerberus__map_z_trans,0.014127089199566711,-0.0033288118322083522,0.011338642720272012,NA,NA,NA
Ruhuhucerberus__wmm_z_trans,0.028432957382514612,-0.007810071629262089,0.024965079143215677,NA,NA,NA
Ruhuhucerberus__cmm_z_trans,0.010971157951899601,-0.02453591309517093,0.06076142259219863,NA,NA,NA
Ruhuhucerberus__wmmcmm_z_trans,0.03635612440829354,-0.021220881389230273,0.04874099917636401,NA,NA,NA
Ruhuhucerberus__wetmon_z_trans,0.006350100434286699,-0.005788997897396187,0.012736758718978081,NA,NA,NA
Ruhuhucerberus__drymon_z_trans,0.0016098662375157915,-0.0046655773912901944,0.006930018199624764,NA,NA,NA
Ruhuhucerberus__wetdry_z_trans,0.007759172025916918,-0.005677233101929891,0.014667299518589577,NA,NA,NA
Ruhuhucerberus__time,-0.0030460792091478324,-0.002908721636255669,0.006406845546136131,NA,NA,NA
Ruthenosaurus__lat_range_z_trans,0.02283694041898501,0.0018184707067784216,0.009938104352905694,2.722563119638362,0.6461013788357377,5.1317922323942184
Ruthenosaurus__biome,0.14004058227028082,0.002878375934173942,0.07801130796469094,NA,NA,NA
Ruthenosaurus__mat_z_trans,-0.018011204541409934,-0.028546146135268992,0.029414402160782484,NA,NA,NA
Ruthenosaurus__map_z_trans,0.020086048384953738,-0.0024889091884611214,0.01867284724537207,NA,NA,NA
Ruthenosaurus__wmm_z_trans,0.004914525479929192,-0.002391029844888569,0.005876116929391387,NA,NA,NA
Ruthenosaurus__cmm_z_trans,0.003625826766363047,-0.02449410018043442,0.03579383974846404,NA,NA,NA
Ruthenosaurus__wmmcmm_z_trans,0.009083300066320882,-0.01677654649542959,0.028563514262356596,NA,NA,NA
Ruthenosaurus__wetmon_z_trans,1.1740548327630406e-05,-0.006653640624275228,0.011326438396032703,NA,NA,NA
Ruthenosaurus__drymon_z_trans,-0.00044038331931130654,-0.015560929341188108,0.029453722826116767,NA,NA,NA
Ruthenosaurus__wetdry_z_trans,0.017019576417621474,-0.006567405094639855,0.024801990203028614,NA,NA,NA
Ruthenosaurus__time,-0.02150602837032312,-0.008667842654895983,0.0019196873750158086,NA,NA,NA
Sangusaurus__lat_range_z_trans,-0.331465355604887,-0.008332049908341372,-0.00670189726512832,0.1423281131492695,0.0,0.4336679819971323
Sangusaurus__biome,0.013338347328826786,-0.010837796469110327,0.02150842702574683,NA,NA,NA
Sangusaurus__mat_z_trans,-0.047612654026597735,-0.017487880800543917,0.03955138329107548,NA,NA,NA
Sangusaurus__map_z_trans,0.09063242472708226,-0.011218307361119902,0.029161610873924302,NA,NA,NA
Sangusaurus__wmm_z_trans,0.02923171498812735,-0.013840427203281954,0.04834930796541071,NA,NA,NA
Sangusaurus__cmm_z_trans,0.05490580845158547,-0.009363388532158276,0.02344373306556224,NA,NA,NA
Sangusaurus__wmmcmm_z_trans,0.03540132796100806,-0.006137074456909697,0.02350667537234675,NA,NA,NA
Sangusaurus__wetmon_z_trans,0.010099724337924271,-0.01382169137884688,0.03602056857089925,NA,NA,NA
Sangusaurus__drymon_z_trans,-0.015283769564703106,-0.005877471979581462,0.01677185220003464,NA,NA,NA
Sangusaurus__wetdry_z_trans,-0.03778221112675965,-0.010385366288624888,0.02605694341134196,NA,NA,NA
Sangusaurus__time,0.1632018315559253,-0.00014824854001083896,0.016103366952943274,NA,NA,NA
Santacruzgnathus__lat_range_z_trans,0.2608056166768074,0.002093794430548195,0.017865974482231053,0.253818955727038,0.0,0.6280474420636892
Santacruzgnathus__biome,-0.015333324801176787,-0.010608640881449496,0.029143724026163297,NA,NA,NA
Santacruzgnathus__mat_z_trans,-0.1866782908886671,-0.028123311604376464,0.049165281270530325,NA,NA,NA
Santacruzgnathus__map_z_trans,-0.24009684138000012,-0.014354156074076046,0.028694862358792598,NA,NA,NA
Santacruzgnathus__wmm_z_trans,0.017798922538058832,-0.021290915298193405,0.05345505785999085,NA,NA,NA
Santacruzgnathus__cmm_z_trans,-0.011728727761656045,-0.018788788495111258,0.03233044454385771,NA,NA,NA
Santacruzgnathus__wmmcmm_z_trans,0.03855855639325455,-0.0038578171344364823,0.01208314704501738,NA,NA,NA
Santacruzgnathus__wetmon_z_trans,0.006489287593867629,-0.0036912816413274207,0.012309202338353517,NA,NA,NA
Santacruzgnathus__drymon_z_trans,0.007569336044834927,-0.003714087556347168,0.010213512612703837,NA,NA,NA
Santacruzgnathus__wetdry_z_trans,-0.01111306671926286,-0.00496663680252021,0.008018888367787445,NA,NA,NA
Santacruzgnathus__time,0.20988656390924007,-0.0001478618612397598,0.020491876558729118,NA,NA,NA
Santacruzodon__lat_range_z_trans,0.2604320331662893,0.0017846632695466544,0.013493298283407418,0.19983415748560218,0.0,0.5597593677230179
Santacruzodon__biome,-0.031821962241083385,-0.010524829862667708,0.022247870693803854,NA,NA,NA
Santacruzodon__mat_z_trans,-0.17654053930193186,-0.023971140865631686,0.03852138183420138,NA,NA,NA
Santacruzodon__map_z_trans,-0.35427511878311635,-0.020609645702664908,0.022482648752087143,NA,NA,NA
Santacruzodon__wmm_z_trans,0.0534675790683832,-0.018147490485857464,0.03953665345684628,NA,NA,NA
Santacruzodon__cmm_z_trans,-0.04618466896936298,-0.016014781688824437,0.03487056220433287,NA,NA,NA
Santacruzodon__wmmcmm_z_trans,0.03248656017938629,-0.004912786787210856,0.020231103505393033,NA,NA,NA
Santacruzodon__wetmon_z_trans,0.029033689484931527,-0.0053524723529995094,0.026657096689923332,NA,NA,NA
Santacruzodon__drymon_z_trans,0.0410535103327129,-0.005450530181160011,0.024936365404224614,NA,NA,NA
Santacruzodon__wetdry_z_trans,-0.011746565649664262,-0.004124656961677289,0.012332455732044827,NA,NA,NA
Santacruzodon__time,0.22626871607732027,-0.00012603129938229595,0.01846253490789233,NA,NA,NA
Santagnathus__lat_range_z_trans,0.030304139463086577,0.0008175172324020347,0.008206849990044108,1.708597246519639,0.0,5.93070112913847
Santagnathus__biome,-0.0084267435813568,-0.010452711258779062,0.013660242144693528,NA,NA,NA
Santagnathus__mat_z_trans,-0.013860327928596127,-0.014342182491050057,0.027688660584763304,NA,NA,NA
Santagnathus__map_z_trans,0.0056021436652087635,-0.016356365381608368,0.028661957224536988,NA,NA,NA
Santagnathus__wmm_z_trans,-0.004442801045872653,-0.010618519662355008,0.021207523413320953,NA,NA,NA
Santagnathus__cmm_z_trans,0.011847377275561148,-0.012041267063009658,0.02659496461657164,NA,NA,NA
Santagnathus__wmmcmm_z_trans,0.004829870439909371,-0.007198532610570498,0.01327825316437507,NA,NA,NA
Santagnathus__wetmon_z_trans,0.02979001887899936,-0.014424110051061978,0.04117956335658542,NA,NA,NA
Santagnathus__drymon_z_trans,0.012085755891655383,-0.00953766494916542,0.02074300233893018,NA,NA,NA
Santagnathus__wetdry_z_trans,0.06775085749827732,-0.011219700944004903,0.04818914725140613,NA,NA,NA
Santagnathus__time,0.042180633564865136,-0.0020761657393265987,0.02436180737892979,NA,NA,NA
Sauroctonus__lat_range_z_trans,-0.34007909168318,-0.03170424303670317,-0.01472111471235393,0.0,0.0,0.3132269708439708
Sauroctonus__biome,-0.28443294483812287,-0.03926893362759656,0.02488456018294405,NA,NA,NA
Sauroctonus__mat_z_trans,0.09460683050592224,-0.004809948785008557,0.05337277280942918,NA,NA,NA
Sauroctonus__map_z_trans,0.05444480411758307,-0.0017323531630009047,0.01890703199550615,NA,NA,NA
Sauroctonus__wmm_z_trans,0.056773195620030685,-0.0024225482617168262,0.027369330540011463,NA,NA,NA
Sauroctonus__cmm_z_trans,0.05995261172955302,-0.01382876363278642,0.055489422923208,NA,NA,NA
Sauroctonus__wmmcmm_z_trans,0.07257084062977966,-0.005561200713258043,0.05439118340204121,NA,NA,NA
Sauroctonus__wetmon_z_trans,0.034066976677503635,-0.0036065118237289828,0.019657938336648372,NA,NA,NA
Sauroctonus__drymon_z_trans,0.021478396966918077,-0.001051323657802333,0.011305816044040977,NA,NA,NA
Sauroctonus__wetdry_z_trans,0.04251852382786851,-0.0026941177856526434,0.017999915105660652,NA,NA,NA
Sauroctonus__time,0.01043893232440652,-0.0007697584312750835,0.005115114837020978,NA,NA,NA
Sauroscaptor__lat_range_z_trans,0.10630244411956306,0.005541793351035345,0.025556839793606526,0.8162636877829209,0.3267882652580738,1.26636281888932
Sauroscaptor__biome,-0.08144997939437067,-0.02238941619035962,0.013211999527308596,NA,NA,NA
Sauroscaptor__mat_z_trans,0.05024807096569905,-0.014665872106461659,0.04845606652786311,NA,NA,NA
Sauroscaptor__map_z_trans,0.014127089199566711,-0.0033288118322083522,0.011338642720272012,NA,NA,NA
Sauroscaptor__wmm_z_trans,0.028432957382514612,-0.007810071629262089,0.024965079143215677,NA,NA,NA
Sauroscaptor__cmm_z_trans,0.010971157951899601,-0.02453591309517093,0.06076142259219863,NA,NA,NA
Sauroscaptor__wmmcmm_z_trans,0.03635612440829354,-0.021220881389230273,0.04874099917636401,NA,NA,NA
Sauroscaptor__wetmon_z_trans,0.006350100434286699,-0.005788997897396187,0.012736758718978081,NA,NA,NA
Sauroscaptor__drymon_z_trans,0.0016098662375157915,-0.0046655773912901944,0.006930018199624764,NA,NA,NA
Sauroscaptor__wetdry_z_trans,0.007759172025916918,-0.005677233101929891,0.014667299518589577,NA,NA,NA
Sauroscaptor__time,-0.0030460792091478324,-0.002908721636255669,0.006406845546136131,NA,NA,NA
Scalenodon__lat_range_z_trans,-0.325880411863327,-0.007575828961402674,-0.0066381026725682935,0.11086582941003144,0.0,0.3685887895990163
Scalenodon__biome,0.029021464036777616,-0.011537757805740713,0.021503590086883857,NA,NA,NA
Scalenodon__mat_z_trans,-0.07374906004872173,-0.019950767708530118,0.04109532788428953,NA,NA,NA
Scalenodon__map_z_trans,0.0804801191855222,-0.007830123482685488,0.02626018580224345,NA,NA,NA
Scalenodon__wmm_z_trans,0.026783123249188065,-0.015938298704047504,0.046600817934259846,NA,NA,NA
Scalenodon__cmm_z_trans,0.08385113038821146,-0.0077832343488471595,0.03162718021546085,NA,NA,NA
Scalenodon__wmmcmm_z_trans,0.019449886404909193,-0.006196603970449463,0.02025774232276429,NA,NA,NA
Scalenodon__wetmon_z_trans,-0.07416845997562632,-0.013879842666470897,0.026082481196055232,NA,NA,NA
Scalenodon__drymon_z_trans,0.023916296982206403,-0.0054741048168481556,0.025602964810453484,NA,NA,NA
Scalenodon__wetdry_z_trans,-0.008675460377708078,-0.011056107328051212,0.02604483947091251,NA,NA,NA
Scalenodon__time,0.15217627730686217,-0.00022703312545613348,0.015334944413402333,NA,NA,NA
Scalopocephalus__lat_range_z_trans,0.10630244411956306,0.005541793351035345,0.025556839793606526,0.8162636877829209,0.3267882652580738,1.26636281888932
Scalopocephalus__biome,-0.08144997939437067,-0.02238941619035962,0.013211999527308596,NA,NA,NA
Scalopocephalus__mat_z_trans,0.05024807096569905,-0.014665872106461659,0.04845606652786311,NA,NA,NA
Scalopocephalus__map_z_trans,0.014127089199566711,-0.0033288118322083522,0.011338642720272012,NA,NA,NA
Scalopocephalus__wmm_z_trans,0.028432957382514612,-0.007810071629262089,0.024965079143215677,NA,NA,NA
Scalopocephalus__cmm_z_trans,0.010971157951899601,-0.02453591309517093,0.06076142259219863,NA,NA,NA
Scalopocephalus__wmmcmm_z_trans,0.03635612440829354,-0.021220881389230273,0.04874099917636401,NA,NA,NA
Scalopocephalus__wetmon_z_trans,0.006350100434286699,-0.005788997897396187,0.012736758718978081,NA,NA,NA
Scalopocephalus__drymon_z_trans,0.0016098662375157915,-0.0046655773912901944,0.006930018199624764,NA,NA,NA
Scalopocephalus__wetdry_z_trans,0.007759172025916918,-0.005677233101929891,0.014667299518589577,NA,NA,NA
Scalopocephalus__time,-0.0030460792091478324,-0.002908721636255669,0.006406845546136131,NA,NA,NA
Scalopodontes__lat_range_z_trans,0.07384137159657328,0.0034036601382948875,0.01803591389208616,1.143268978300621,0.0,1.937015937641263
Scalopodontes__biome,0.11813374697415951,-0.01136656891156769,0.049921166753908335,NA,NA,NA
Scalopodontes__mat_z_trans,0.03577833632349279,-0.015568886258483532,0.0481630722143143,NA,NA,NA
Scalopodontes__map_z_trans,-0.015170364778930603,-0.005839182454343957,0.010117977043507368,NA,NA,NA
Scalopodontes__wmm_z_trans,-0.029364894317321307,-0.021345878738905248,0.0408331394238503,NA,NA,NA
Scalopodontes__cmm_z_trans,0.01147771426480317,-0.006568791917119885,0.018029771979162612,NA,NA,NA
Scalopodontes__wmmcmm_z_trans,-0.009324977120894872,-0.00815493554088906,0.0172725169491435,NA,NA,NA
Scalopodontes__wetmon_z_trans,-0.0012559861189213692,-0.015483469567051359,0.031754039100424035,NA,NA,NA
Scalopodontes__drymon_z_trans,0.000819608671081042,-0.003605424138100966,0.007064898033904232,NA,NA,NA
Scalopodontes__wetdry_z_trans,0.006217970494237047,-0.018181417573839745,0.027075574347250882,NA,NA,NA
Scalopodontes__time,-0.013491601866541275,-0.004738807956522957,0.005503901726605385,NA,NA,NA
Scalopognathus__lat_range_z_trans,0.018220621482259624,0.004103152799223453,0.01434263426939716,4.798510167337372,1.0497078001499176,7.945844313129783
Scalopognathus__biome,0.06191086650634117,-0.00017795195919380008,0.07556147409551206,NA,NA,NA
Scalopognathus__mat_z_trans,0.012588346691532672,-0.007237812249318146,0.015209988210512315,NA,NA,NA
Scalopognathus__map_z_trans,0.0370219583695459,-0.013056431561057723,0.040736814390982645,NA,NA,NA
Scalopognathus__wmm_z_trans,0.010445025824269066,-0.010653344990528162,0.01834002109933646,NA,NA,NA
Scalopognathus__cmm_z_trans,0.008493759769807081,-0.0056157560690866535,0.01129300495447948,NA,NA,NA
Scalopognathus__wmmcmm_z_trans,0.004647152405178861,-0.004224505773890195,0.008574227715645154,NA,NA,NA
Scalopognathus__wetmon_z_trans,0.01014217480660344,-0.032628589405470546,0.03411841058739746,NA,NA,NA
Scalopognathus__drymon_z_trans,0.013371590030089043,-0.011449858082938644,0.028618775124260955,NA,NA,NA
Scalopognathus__wetdry_z_trans,0.0004641225430977115,-0.02375345824538298,0.024398932204926897,NA,NA,NA
Scalopognathus__time,0.00035530569301292926,-0.0027551473808861177,0.0025776888117065,NA,NA,NA
Scaloporhinus__lat_range_z_trans,0.10489959152822875,0.005529190536353289,0.025028683092491625,0.8251653868891299,0.30147216748446226,1.26636281888932
Scaloporhinus__biome,-0.07990689184729152,-0.02233849952039144,0.012938960836225179,NA,NA,NA
Scaloporhinus__mat_z_trans,0.0488884444489582,-0.014632519858082725,0.047454675258322705,NA,NA,NA
Scaloporhinus__map_z_trans,0.016141540237789128,-0.0033212416476173083,0.011753189544346006,NA,NA,NA
Scaloporhinus__wmm_z_trans,0.027714220749480396,-0.0077923104319091085,0.024449151745703415,NA,NA,NA
Scaloporhinus__cmm_z_trans,0.010090173776669637,-0.024480114990440862,0.0595057292916767,NA,NA,NA
Scaloporhinus__wmmcmm_z_trans,0.035174939869540865,-0.021172622131153035,0.04773371949930188,NA,NA,NA
Scaloporhinus__wetmon_z_trans,0.00337704372815492,-0.006707998330144988,0.012473541336772836,NA,NA,NA
Scaloporhinus__drymon_z_trans,0.003610325191847801,-0.003967157471229187,0.008604716208152908,NA,NA,NA
Scaloporhinus__wetdry_z_trans,0.010046771497705978,-0.005664322278274388,0.01755516273691364,NA,NA,NA
Scaloporhinus__time,-0.0023752350593466533,-0.002902106795639758,0.006274441914250217,NA,NA,NA
Scaloposaurus__lat_range_z_trans,-0.45832166105508804,-0.011548012023709071,-0.0092413665621371,0.09806372773413387,0.0,0.5709782093763351
Scaloposaurus__biome,-0.37389622734859584,-0.017519804083972558,0.02389157931153069,NA,NA,NA
Scaloposaurus__mat_z_trans,0.12946699135238304,-0.004924839516103285,0.025297087711919256,NA,NA,NA
Scaloposaurus__map_z_trans,0.4043049827241339,-0.006966874086395099,0.06156572199113843,NA,NA,NA
Scaloposaurus__wmm_z_trans,0.0691926475497894,-0.007514620002376603,0.025582254993168352,NA,NA,NA
Scaloposaurus__cmm_z_trans,0.07092108085751533,-0.006705808773292782,0.015520171955509627,NA,NA,NA
Scaloposaurus__wmmcmm_z_trans,0.031100412675295955,-0.0023733611226282184,0.00979831097612562,NA,NA,NA
Scaloposaurus__wetmon_z_trans,-0.05278103029355407,-0.020895620634789735,0.05236812086985622,NA,NA,NA
Scaloposaurus__drymon_z_trans,0.09011889021365277,-0.009188644434800178,0.026112769259458046,NA,NA,NA
Scaloposaurus__wetdry_z_trans,-0.07018535577692092,-0.019899068024581128,0.03549849664735298,NA,NA,NA
Scaloposaurus__time,0.08048207271378488,8.694978411915117e-05,0.007378824310234966,NA,NA,NA
Scaloposuchus__lat_range_z_trans,0.10630244411956306,0.005541793351035345,0.025556839793606526,0.8162636877829209,0.3267882652580738,1.26636281888932
Scaloposuchus__biome,-0.08144997939437067,-0.02238941619035962,0.013211999527308596,NA,NA,NA
Scaloposuchus__mat_z_trans,0.05024807096569905,-0.014665872106461659,0.04845606652786311,NA,NA,NA
Scaloposuchus__map_z_trans,0.014127089199566711,-0.0033288118322083522,0.011338642720272012,NA,NA,NA
Scaloposuchus__wmm_z_trans,0.028432957382514612,-0.007810071629262089,0.024965079143215677,NA,NA,NA
Scaloposuchus__cmm_z_trans,0.010971157951899601,-0.02453591309517093,0.06076142259219863,NA,NA,NA
Scaloposuchus__wmmcmm_z_trans,0.03635612440829354,-0.021220881389230273,0.04874099917636401,NA,NA,NA
Scaloposuchus__wetmon_z_trans,0.006350100434286699,-0.005788997897396187,0.012736758718978081,NA,NA,NA
Scaloposuchus__drymon_z_trans,0.0016098662375157915,-0.0046655773912901944,0.006930018199624764,NA,NA,NA
Scaloposuchus__wetdry_z_trans,0.007759172025916918,-0.005677233101929891,0.014667299518589577,NA,NA,NA
Scaloposuchus__time,-0.0030460792091478324,-0.002908721636255669,0.006406845546136131,NA,NA,NA
Scylacoides__lat_range_z_trans,0.13527068501021383,0.0033292512700965234,0.017681941531771727,0.6692503544327337,0.042797937989234924,1.262756522744894
Scylacoides__biome,-0.08701973316446733,-0.019028080203533495,0.018712945541550615,NA,NA,NA
Scylacoides__mat_z_trans,0.058546481963313204,-0.01515741274250326,0.04909073448184602,NA,NA,NA
Scylacoides__map_z_trans,0.0025288718641023654,-0.0044791766398339355,0.009387164592142516,NA,NA,NA
Scylacoides__wmm_z_trans,0.01455979725300696,-0.017543962758716593,0.027562817448576537,NA,NA,NA
Scylacoides__cmm_z_trans,0.0025994658067397215,-0.016066474479637386,0.04557980115707678,NA,NA,NA
Scylacoides__wmmcmm_z_trans,0.034194246368989184,-0.01534013019309962,0.03723834216546594,NA,NA,NA
Scylacoides__wetmon_z_trans,0.027034029800806617,-0.010937065096665881,0.03167558641484617,NA,NA,NA
Scylacoides__drymon_z_trans,0.0035508453849147368,-0.00265392049339189,0.006504363117910271,NA,NA,NA
Scylacoides__wetdry_z_trans,-0.003493928688285517,-0.006366558431400625,0.02378977624150547,NA,NA,NA
Scylacoides__time,-0.010109837477596282,-0.003206173149843347,0.0065484987714650835,NA,NA,NA
Scylacops__lat_range_z_trans,-0.7743927785754203,-0.042012297741713764,-0.04236338902185593,0.2036467950763472,0.0,0.5293550351634622
Scylacops__biome,0.1712483531422913,-0.006356433660186,0.05415330306489258,NA,NA,NA
Scylacops__mat_z_trans,0.15308335872134193,-0.007606416473232747,0.048820672835295724,NA,NA,NA
Scylacops__map_z_trans,0.09911303865752416,-0.005343406262740864,0.029194913971554774,NA,NA,NA
Scylacops__wmm_z_trans,0.08684344975394197,-0.0038013202178520415,0.021568634053850427,NA,NA,NA
Scylacops__cmm_z_trans,0.06740740860346704,-0.01595563298635354,0.06196722732836954,NA,NA,NA
Scylacops__wmmcmm_z_trans,0.0991343105660053,-0.010369308249346275,0.045076943416094056,NA,NA,NA
Scylacops__wetmon_z_trans,0.03137322734226473,-0.00991482804197082,0.02172173380761902,NA,NA,NA
Scylacops__drymon_z_trans,0.026167013679805676,-0.002259170748217686,0.00928110649627981,NA,NA,NA
Scylacops__wetdry_z_trans,0.05098866029817145,-0.0027640790080689643,0.020478112541647806,NA,NA,NA
Scylacops__time,0.015019828765216516,-0.0010668095288468113,0.003872712970409293,NA,NA,NA
Scylacosaurus__lat_range_z_trans,-0.283084910325706,-0.007726580286264,-0.007397219984563417,5.2477142598945644e-05,0.0,0.40451136231422424
Scylacosaurus__biome,-0.36811384331434965,-0.02162579870464065,0.0185886625260393,NA,NA,NA
Scylacosaurus__mat_z_trans,0.1449077914119698,-0.011031678748236472,0.06042619389883885,NA,NA,NA
Scylacosaurus__map_z_trans,0.06308851819485425,-0.003743342245432169,0.021562430294926913,NA,NA,NA
Scylacosaurus__wmm_z_trans,0.11445910223614192,-0.006185095917585343,0.022325685661717654,NA,NA,NA
Scylacosaurus__cmm_z_trans,0.005181869070511312,-0.024271725725557563,0.049036463575754,NA,NA,NA
Scylacosaurus__wmmcmm_z_trans,0.08317947981879115,-0.014042107671852926,0.057606128452607056,NA,NA,NA
Scylacosaurus__wetmon_z_trans,0.041529566985554996,-0.008284117094105033,0.015936990817256507,NA,NA,NA
Scylacosaurus__drymon_z_trans,0.017881849806872196,-0.003149400398131174,0.009289454138748631,NA,NA,NA
Scylacosaurus__wetdry_z_trans,-0.027476279472466558,-0.005978380903390118,0.018891130005099798,NA,NA,NA
Scylacosaurus__time,0.030838408608688042,-0.0014114752233340701,0.007506052077731802,NA,NA,NA
Scylacosuchus__lat_range_z_trans,0.06924644214577122,0.0026517224349498847,0.017074258208169987,1.2138708754541585,0.0,2.2665759846568108
Scylacosuchus__biome,0.12056865358641887,-0.011058386174818566,0.06414243359762435,NA,NA,NA
Scylacosuchus__mat_z_trans,0.03128249356346228,-0.015936855847372824,0.04445060168065861,NA,NA,NA
Scylacosuchus__map_z_trans,-0.014959413455567783,-0.005680864210451922,0.008472543826865768,NA,NA,NA
Scylacosuchus__wmm_z_trans,-0.025087293838775525,-0.020767126137372523,0.038655959999839125,NA,NA,NA
Scylacosuchus__cmm_z_trans,0.00983120102295833,-0.0075818966145793166,0.02228569889066191,NA,NA,NA
Scylacosuchus__wmmcmm_z_trans,-0.007443401126342172,-0.007933830089230185,0.016351564775659765,NA,NA,NA
Scylacosuchus__wetmon_z_trans,0.0014398949003828797,-0.015063664957351636,0.027919433412926388,NA,NA,NA
Scylacosuchus__drymon_z_trans,0.0006359077315713852,-0.0035076699708878048,0.006688205209174496,NA,NA,NA
Scylacosuchus__wetdry_z_trans,0.0052400973804474504,-0.017688463273427928,0.02287048358660661,NA,NA,NA
Scylacosuchus__time,-0.013093657788589461,-0.004882668077986683,0.004860788275970103,NA,NA,NA
Scymnosaurus__lat_range_z_trans,0.19249793070272223,0.0032606541118740335,0.01722935581572142,0.5078181408345699,0.0,1.0211622789502144
Scymnosaurus__biome,-0.0857297406106878,-0.012889404764765229,0.01802889970110518,NA,NA,NA
Scymnosaurus__mat_z_trans,0.0754719794039847,-0.017092287999339983,0.04415276269044132,NA,NA,NA
Scymnosaurus__map_z_trans,-0.020566419664114995,-0.006062255820525101,0.00904401974204001,NA,NA,NA
Scymnosaurus__wmm_z_trans,0.02397502757173145,-0.01549390171287579,0.05070582744106082,NA,NA,NA
Scymnosaurus__cmm_z_trans,-0.006967367918423517,-0.01084220710010877,0.03552185608706153,NA,NA,NA
Scymnosaurus__wmmcmm_z_trans,0.008140314866494051,-0.011102677546658474,0.030213718159866315,NA,NA,NA
Scymnosaurus__wetmon_z_trans,0.01453937974192763,-0.013893836803989732,0.028689451220978657,NA,NA,NA
Scymnosaurus__drymon_z_trans,0.0021250458547678016,-0.003093672348315107,0.007578252656520149,NA,NA,NA
Scymnosaurus__wetdry_z_trans,0.0084406235732387,-0.015203656302046339,0.026506207061878884,NA,NA,NA
Scymnosaurus__time,-0.034265849399902765,-0.0050364566317790205,0.006101620887482834,NA,NA,NA
Secodontosaurus__lat_range_z_trans,-0.07197038737358544,-0.009323615223465526,-0.0028804336531732667,1.1635287693806458,0.2585249487310648,2.132186556234956
Secodontosaurus__biome,0.3260865446914702,0.004864506090665345,0.09277454337622945,NA,NA,NA
Secodontosaurus__mat_z_trans,-0.06786686752154905,-0.024816762131915752,0.03376987607144609,NA,NA,NA
Secodontosaurus__map_z_trans,0.002103445558435947,-0.0055431655471026645,0.007637029757132365,NA,NA,NA
Secodontosaurus__wmm_z_trans,0.016193905743811177,-0.004965377909099374,0.016057726268652484,NA,NA,NA
Secodontosaurus__cmm_z_trans,-0.013000102341780461,-0.02167183131376515,0.04276224913079414,NA,NA,NA
Secodontosaurus__wmmcmm_z_trans,-0.009471972680235918,-0.018634218655969988,0.02618626096508514,NA,NA,NA
Secodontosaurus__wetmon_z_trans,0.003918179002693559,-0.0035143316197662274,0.006768729113951656,NA,NA,NA
Secodontosaurus__drymon_z_trans,-0.0027819507510842443,-0.010507093327037515,0.023919324111149273,NA,NA,NA
Secodontosaurus__wetdry_z_trans,0.011861374973947866,-0.009010595099679317,0.020664085725011647,NA,NA,NA
Secodontosaurus__time,-0.017411245180386205,-0.004327218181393341,0.006112580597878112,NA,NA,NA
Sesamondontoides__lat_range_z_trans,0.09353903473906147,0.004186832871574037,0.020742910258677704,0.8460123091540299,0.29340557754039764,1.8254386726766825
Sesamondontoides__biome,-0.028662851574371016,-0.016853763166670754,0.023837188604596476,NA,NA,NA
Sesamondontoides__mat_z_trans,0.021233049199200302,-0.0074996798491110085,0.021794324419231046,NA,NA,NA
Sesamondontoides__map_z_trans,0.04613124120925498,-0.004201735343146897,0.02149922325601002,NA,NA,NA
Sesamondontoides__wmm_z_trans,0.016159348545139167,-0.004969692012913659,0.019407316169145643,NA,NA,NA
Sesamondontoides__cmm_z_trans,0.021582244029422264,-0.00853080293315353,0.022052813659406378,NA,NA,NA
Sesamondontoides__wmmcmm_z_trans,0.003756015578559732,-0.005688488796809265,0.014909934632481471,NA,NA,NA
Sesamondontoides__wetmon_z_trans,-0.02348997091152598,-0.02592262813396811,0.0371743866389501,NA,NA,NA
Sesamondontoides__drymon_z_trans,0.02296461102207904,-0.009533091720114973,0.029049664367540425,NA,NA,NA
Sesamondontoides__wetdry_z_trans,-0.030319642204624277,-0.027974782071816952,0.050813954140744244,NA,NA,NA
Sesamondontoides__time,0.03476784448954179,-0.00046187176239840275,0.012490255317373617,NA,NA,NA
Shaanbeikannemeyeria__lat_range_z_trans,0.07603149093515452,0.0028534138465172924,0.014810404241446242,1.0475140943791486,0.0644634896889329,3.0785876996815205
Shaanbeikannemeyeria__biome,0.10956322556759547,-0.008002035803911966,0.05337206163085363,NA,NA,NA
Shaanbeikannemeyeria__mat_z_trans,0.006639658915624446,-0.009478895388276945,0.02134523929750961,NA,NA,NA
Shaanbeikannemeyeria__map_z_trans,0.038938739293101356,-0.008067775160298196,0.027158086338106235,NA,NA,NA
Shaanbeikannemeyeria__wmm_z_trans,0.0014843972786336397,-0.012692245945095297,0.028522724990282827,NA,NA,NA
Shaanbeikannemeyeria__cmm_z_trans,0.014197357213207298,-0.00540544596172584,0.014089983662733823,NA,NA,NA
Shaanbeikannemeyeria__wmmcmm_z_trans,0.0029647585071182637,-0.007179678800865009,0.01907481813092768,NA,NA,NA
Shaanbeikannemeyeria__wetmon_z_trans,-0.016823694353776515,-0.02037086278029579,0.03494102425853567,NA,NA,NA
Shaanbeikannemeyeria__drymon_z_trans,-0.02783244512587365,-0.014123364197206743,0.020261980621722357,NA,NA,NA
Shaanbeikannemeyeria__wetdry_z_trans,-0.058413831405389444,-0.024308527730016512,0.03090120994901816,NA,NA,NA
Shaanbeikannemeyeria__time,0.030911267296342155,-0.0006742849973545082,0.009294438343020848,NA,NA,NA
Shansiodon__lat_range_z_trans,-0.32832421093379305,-0.02388881832209647,-0.011119122692313672,0.0,0.0,0.6195566635578871
Shansiodon__biome,-0.3865610654237585,-0.03280499628428835,0.009308290078045284,NA,NA,NA
Shansiodon__mat_z_trans,0.07584681302355492,-0.005721894700576511,0.04001964032802535,NA,NA,NA
Shansiodon__map_z_trans,0.11658024517746474,-0.002464230404484895,0.03633300810090695,NA,NA,NA
Shansiodon__wmm_z_trans,0.07822057534506571,-0.010297426154965152,0.0427590721562801,NA,NA,NA
Shansiodon__cmm_z_trans,0.058446173884788316,-0.0020997721867928682,0.018172478912341933,NA,NA,NA
Shansiodon__wmmcmm_z_trans,0.048052924749049326,-0.0040508110766636005,0.023857080701333435,NA,NA,NA
Shansiodon__wetmon_z_trans,0.054587201100518415,-0.009671272240308596,0.04163613305229644,NA,NA,NA
Shansiodon__drymon_z_trans,0.040370283061558467,-0.005433636036780214,0.024938147649821083,NA,NA,NA
Shansiodon__wetdry_z_trans,0.01549912528201721,-0.009768492234318716,0.03533486738470561,NA,NA,NA
Shansiodon__time,0.04962101061179696,-0.0012483532772541333,0.012532375792714618,NA,NA,NA
Shiguaignathus__lat_range_z_trans,0.026692820420431147,0.006647129292818938,0.022493309361700724,3.43088662771479,0.9271054612472653,7.916762889362872
Shiguaignathus__biome,0.07277170441025947,-0.017829393839791586,0.09143910896177065,NA,NA,NA
Shiguaignathus__mat_z_trans,0.01666355643543063,-0.017930773451144258,0.03021144278513034,NA,NA,NA
Shiguaignathus__map_z_trans,0.006366215587292849,-0.004340552803808331,0.01173897944258059,NA,NA,NA
Shiguaignathus__wmm_z_trans,0.010739301306468326,-0.009879145599521584,0.018152315193998497,NA,NA,NA
Shiguaignathus__cmm_z_trans,0.008210125580976998,-0.02862686327122025,0.029115722279411168,NA,NA,NA
Shiguaignathus__wmmcmm_z_trans,0.013556497595404964,-0.017505016628156417,0.03341207886740088,NA,NA,NA
Shiguaignathus__wetmon_z_trans,0.007847517042374486,-0.0035114181043868274,0.014166456750659164,NA,NA,NA
Shiguaignathus__drymon_z_trans,0.0047717476651709554,-0.002919667550704191,0.006867930426136673,NA,NA,NA
Shiguaignathus__wetdry_z_trans,0.011522833719028708,-0.007375749622184731,0.013863828358031403,NA,NA,NA
Shiguaignathus__time,-0.0014813956411010533,-0.004178251340430273,0.0023107990373370134,NA,NA,NA
Silphedosuchus__lat_range_z_trans,0.018220621482259624,0.004103152799223453,0.01434263426939716,4.798510167337372,1.0497078001499176,7.945844313129783
Silphedosuchus__biome,0.06191086650634117,-0.00017795195919380008,0.07556147409551206,NA,NA,NA
Silphedosuchus__mat_z_trans,0.012588346691532672,-0.007237812249318146,0.015209988210512315,NA,NA,NA
Silphedosuchus__map_z_trans,0.0370219583695459,-0.013056431561057723,0.040736814390982645,NA,NA,NA
Silphedosuchus__wmm_z_trans,0.010445025824269066,-0.010653344990528162,0.01834002109933646,NA,NA,NA
Silphedosuchus__cmm_z_trans,0.008493759769807081,-0.0056157560690866535,0.01129300495447948,NA,NA,NA
Silphedosuchus__wmmcmm_z_trans,0.004647152405178861,-0.004224505773890195,0.008574227715645154,NA,NA,NA
Silphedosuchus__wetmon_z_trans,0.01014217480660344,-0.032628589405470546,0.03411841058739746,NA,NA,NA
Silphedosuchus__drymon_z_trans,0.013371590030089043,-0.011449858082938644,0.028618775124260955,NA,NA,NA
Silphedosuchus__wetdry_z_trans,0.0004641225430977115,-0.02375345824538298,0.024398932204926897,NA,NA,NA
Silphedosuchus__time,0.00035530569301292926,-0.0027551473808861177,0.0025776888117065,NA,NA,NA
Silphoictidoides__lat_range_z_trans,0.10630244411956306,0.005541793351035345,0.025556839793606526,0.8162636877829209,0.3267882652580738,1.26636281888932
Silphoictidoides__biome,-0.08144997939437067,-0.02238941619035962,0.013211999527308596,NA,NA,NA
Silphoictidoides__mat_z_trans,0.05024807096569905,-0.014665872106461659,0.04845606652786311,NA,NA,NA
Silphoictidoides__map_z_trans,0.014127089199566711,-0.0033288118322083522,0.011338642720272012,NA,NA,NA
Silphoictidoides__wmm_z_trans,0.028432957382514612,-0.007810071629262089,0.024965079143215677,NA,NA,NA
Silphoictidoides__cmm_z_trans,0.010971157951899601,-0.02453591309517093,0.06076142259219863,NA,NA,NA
Silphoictidoides__wmmcmm_z_trans,0.03635612440829354,-0.021220881389230273,0.04874099917636401,NA,NA,NA
Silphoictidoides__wetmon_z_trans,0.006350100434286699,-0.005788997897396187,0.012736758718978081,NA,NA,NA
Silphoictidoides__drymon_z_trans,0.0016098662375157915,-0.0046655773912901944,0.006930018199624764,NA,NA,NA
Silphoictidoides__wetdry_z_trans,0.007759172025916918,-0.005677233101929891,0.014667299518589577,NA,NA,NA
Silphoictidoides__time,-0.0030460792091478324,-0.002908721636255669,0.006406845546136131,NA,NA,NA
Sinoconodon__lat_range_z_trans,0.06609171902208225,0.001097185564588678,0.010179626042814912,0.9898005180584732,0.0,2.05701844394207
Sinoconodon__biome,0.05544953828648898,-0.007778531753798741,0.033039317907326525,NA,NA,NA
Sinoconodon__mat_z_trans,-0.05945319667641838,-0.0180928493944984,0.021476302869841524,NA,NA,NA
Sinoconodon__map_z_trans,-0.1298347657228282,-0.018467999614118262,0.021095774661077687,NA,NA,NA
Sinoconodon__wmm_z_trans,-0.01902540032809655,-0.01243995432503382,0.01984541708870224,NA,NA,NA
Sinoconodon__cmm_z_trans,3.0862687852026284e-05,-0.010257904818409262,0.025170780473988283,NA,NA,NA
Sinoconodon__wmmcmm_z_trans,-0.0033034826892797972,-0.006278325152570193,0.01167911317272568,NA,NA,NA
Sinoconodon__wetmon_z_trans,0.0724630295783233,-0.012788344122403096,0.04758357867008992,NA,NA,NA
Sinoconodon__drymon_z_trans,0.04264039292370667,-0.006929114598299912,0.020573580424738034,NA,NA,NA
Sinoconodon__wetdry_z_trans,0.060551100333234534,-0.014092932357903187,0.04152247196048765,NA,NA,NA
Sinoconodon__time,0.09205112670667263,-0.0014209323460833178,0.021606008192364638,NA,NA,NA
Sinognathus__lat_range_z_trans,0.14472470815115607,0.00418759158285286,0.022285289380342417,0.6316894797053374,0.0,1.357858333736658
Sinognathus__biome,0.1349383352194595,-0.012895340365698772,0.06022427917728382,NA,NA,NA
Sinognathus__mat_z_trans,0.008097311326978511,-0.006266307828171216,0.01761447188199162,NA,NA,NA
Sinognathus__map_z_trans,0.05183997670382317,-0.00421796457843504,0.02194381601193956,NA,NA,NA
Sinognathus__wmm_z_trans,0.013687346249340133,-0.006140126386436602,0.012859979876692747,NA,NA,NA
Sinognathus__cmm_z_trans,0.015024117097449361,-0.007832632410019566,0.017989310360629587,NA,NA,NA
Sinognathus__wmmcmm_z_trans,-0.011646089654011229,-0.005721118418012963,0.011339184169430831,NA,NA,NA
Sinognathus__wetmon_z_trans,-0.04288462526375894,-0.02152497569163594,0.03429283811079049,NA,NA,NA
Sinognathus__drymon_z_trans,-0.050879383258349335,-0.01753432883636681,0.018652132863953994,NA,NA,NA
Sinognathus__wetdry_z_trans,-0.1416798737130694,-0.02923454339098086,0.04516380327498347,NA,NA,NA
Sinognathus__time,0.05643910126271963,-0.0002699565956245966,0.011406866356118577,NA,NA,NA
Sinokannemeyeria__lat_range_z_trans,0.04387971177632763,0.0016745070217942604,0.014182694754021296,1.719343008067226,0.1800084679853171,3.646966964006424
Sinokannemeyeria__biome,0.09791893411851485,-0.004255504955740288,0.05398466946171006,NA,NA,NA
Sinokannemeyeria__mat_z_trans,-0.0013448659746029047,-0.014450843074295084,0.022346204708541078,NA,NA,NA
Sinokannemeyeria__map_z_trans,0.02588915986831092,-0.00785942596622603,0.029601424344152846,NA,NA,NA
Sinokannemeyeria__wmm_z_trans,-0.011195695476372615,-0.019573261679771744,0.030650464535113706,NA,NA,NA
Sinokannemeyeria__cmm_z_trans,0.011513614405439656,-0.004184277468394383,0.011935982559338143,NA,NA,NA
Sinokannemeyeria__wmmcmm_z_trans,0.01240801730216141,-0.009379929938717006,0.02115923526103217,NA,NA,NA
Sinokannemeyeria__wetmon_z_trans,-0.003241717622254943,-0.022378949275595205,0.03148484835679602,NA,NA,NA
Sinokannemeyeria__drymon_z_trans,0.0002428370783850449,-0.011600923217518566,0.0184618435861613,NA,NA,NA
Sinokannemeyeria__wetdry_z_trans,-0.01789427589601066,-0.014658695384174572,0.030069794209314805,NA,NA,NA
Sinokannemeyeria__time,0.01948520454183909,-0.0007823989798908865,0.009894809687975663,NA,NA,NA
Sinophoneus__lat_range_z_trans,0.08520307805066561,0.0016527691564014082,0.01131581309647333,0.7374367248348426,0.2334565594792366,1.3587681911885738
Sinophoneus__biome,0.2540472745783899,2.8981269178083783e-05,0.05690742665697925,NA,NA,NA
Sinophoneus__mat_z_trans,-0.0555209932342816,-0.020573064957280427,0.028078650258599246,NA,NA,NA
Sinophoneus__map_z_trans,-0.0660244114484728,-0.008069439776309702,0.01206317171653393,NA,NA,NA
Sinophoneus__wmm_z_trans,0.0298197311094926,-0.009152669814284725,0.022945689279336132,NA,NA,NA
Sinophoneus__cmm_z_trans,-0.030455465619547217,-0.021629908488741707,0.044161516836720434,NA,NA,NA
Sinophoneus__wmmcmm_z_trans,-0.009699718515471384,-0.02116836255130748,0.03522861076742508,NA,NA,NA
Sinophoneus__wetmon_z_trans,-0.003242842662582962,-0.00434495965626804,0.007657398690011134,NA,NA,NA
Sinophoneus__drymon_z_trans,0.023302278903679585,-0.0089147485816859,0.026990883658300876,NA,NA,NA
Sinophoneus__wetdry_z_trans,-0.019705611886023825,-0.011232852800692993,0.022780753046123894,NA,NA,NA
Sinophoneus__time,-0.030062395154110362,-0.004045446717538034,0.005642057457653802,NA,NA,NA
Sintocephalus__lat_range_z_trans,0.10813884946255163,0.00524846843271494,0.026013485658684086,0.805056821894832,0.3267882652580738,1.26636281888932
Sintocephalus__biome,-0.08144361816515037,-0.021204353294780553,0.013448069597093259,NA,NA,NA
Sintocephalus__mat_z_trans,0.05247485500812678,-0.01388961332789828,0.049321872417658896,NA,NA,NA
Sintocephalus__map_z_trans,0.013776580251931117,-0.0030242193960135404,0.01154123992538887,NA,NA,NA
Sintocephalus__wmm_z_trans,0.02249929156993388,-0.011010536986222681,0.020579285401190483,NA,NA,NA
Sintocephalus__cmm_z_trans,0.01166110424245161,-0.023237236971996297,0.06184709877935769,NA,NA,NA
Sintocephalus__wmmcmm_z_trans,0.03852183428992529,-0.02009766857599536,0.04961189620093288,NA,NA,NA
Sintocephalus__wetmon_z_trans,0.004126582520267228,-0.006367427067487291,0.012964337255701815,NA,NA,NA
Sintocephalus__drymon_z_trans,0.0026267118405093244,-0.004418630235283006,0.007053842748408082,NA,NA,NA
Sintocephalus__wetdry_z_trans,0.008647792735389636,-0.0066937213388363614,0.014869521357061788,NA,NA,NA
Sintocephalus__time,-0.0033690596341986916,-0.002754764156731088,0.006521322122679273,NA,NA,NA
Siriusgnathus__lat_range_z_trans,-0.07311056098499964,-0.009080797926561275,-0.002853218729136556,1.391546466916334,0.0,3.8734641447663307
Siriusgnathus__biome,0.04308360171073032,-0.006482527391231722,0.027829515264035466,NA,NA,NA
Siriusgnathus__mat_z_trans,-0.011114135467074817,-0.014249530610408652,0.033319861516711936,NA,NA,NA
Siriusgnathus__map_z_trans,-0.06270332849997315,-0.017906111678705434,0.02073482025158596,NA,NA,NA
Siriusgnathus__wmm_z_trans,0.009915488620926663,-0.008386557733376997,0.020017022350210228,NA,NA,NA
Siriusgnathus__cmm_z_trans,0.01819340939290887,-0.009977028911865773,0.02707300284198499,NA,NA,NA
Siriusgnathus__wmmcmm_z_trans,0.005482525254569205,-0.0065528873106470925,0.014469307584700546,NA,NA,NA
Siriusgnathus__wetmon_z_trans,0.07106163757644546,-0.015005429547726013,0.04427260948712194,NA,NA,NA
Siriusgnathus__drymon_z_trans,0.03499436192412442,-0.004402887857222891,0.023651514542067834,NA,NA,NA
Siriusgnathus__wetdry_z_trans,0.08522477690777085,-0.013440061678456999,0.04656829666447429,NA,NA,NA
Siriusgnathus__time,0.05663314768630928,-0.0019658822723266673,0.018689239690400497,NA,NA,NA
Sludica__lat_range_z_trans,-0.0704196456497865,-0.011174079185283285,-0.002307259112027979,0.9380074867192889,0.0,2.9406302450224757
Sludica__biome,0.13688937226299844,-0.010712822569485988,0.07357407246044959,NA,NA,NA
Sludica__mat_z_trans,0.03994663695440833,-0.01725169018731969,0.03637335624693947,NA,NA,NA
Sludica__map_z_trans,0.0037766387181023763,-0.004216978890435043,0.009779776921028528,NA,NA,NA
Sludica__wmm_z_trans,0.017913519744273323,-0.014389074081335232,0.04202637821681385,NA,NA,NA
Sludica__cmm_z_trans,0.00655926049200415,-0.013991862786707861,0.030192767575953273,NA,NA,NA
Sludica__wmmcmm_z_trans,0.020104435919736634,-0.01049060420074831,0.03332726264366672,NA,NA,NA
Sludica__wetmon_z_trans,0.004216558771854061,-0.008628152260445224,0.020657473032630873,NA,NA,NA
Sludica__drymon_z_trans,0.00834638127053872,-0.0021231505241262206,0.007717635996613859,NA,NA,NA
Sludica__wetdry_z_trans,0.011549947119041965,-0.011317115728567393,0.016957147806833602,NA,NA,NA
Sludica__time,-0.0012221814814339766,-0.003154172504075266,0.005473359675255344,NA,NA,NA
Smilesaurus__lat_range_z_trans,-0.43734477503537794,-0.011667885508891232,-0.013694261611154794,0.0,0.0,0.38687948510050774
Smilesaurus__biome,-0.317637003579963,-0.018373348878446574,0.016014791738448986,NA,NA,NA
Smilesaurus__mat_z_trans,0.12038354212749548,-0.010474347421325724,0.04253737070197897,NA,NA,NA
Smilesaurus__map_z_trans,0.13502093701502832,-0.005106739507588777,0.04349094301380323,NA,NA,NA
Smilesaurus__wmm_z_trans,0.10433647827796529,-0.003225688407420343,0.02447632547415863,NA,NA,NA
Smilesaurus__cmm_z_trans,0.0228220169702583,-0.02160723681853586,0.03968608981100577,NA,NA,NA
Smilesaurus__wmmcmm_z_trans,0.08135347231234431,-0.013327904185122467,0.03636456055250875,NA,NA,NA
Smilesaurus__wetmon_z_trans,-0.023635458275054366,-0.013517853033686841,0.030828416012550208,NA,NA,NA
Smilesaurus__drymon_z_trans,0.055010792545454316,-0.0028454231135069145,0.018356490573885283,NA,NA,NA
Smilesaurus__wetdry_z_trans,0.039322674684613965,-0.006524677280933296,0.0285598494930322,NA,NA,NA
Smilesaurus__time,0.04270639883549771,-0.0007785987630714721,0.007151395703939852,NA,NA,NA
Sphenacodon__lat_range_z_trans,-0.2878921820496591,-0.023154510846593358,-0.01734232204796125,0.728402160701371,0.2105986513197422,1.456739779561758
Sphenacodon__biome,0.44653319725875906,0.005618883634127276,0.09001501383624709,NA,NA,NA
Sphenacodon__mat_z_trans,-0.07026988302679278,-0.03183720254241654,0.02670956560579595,NA,NA,NA
Sphenacodon__map_z_trans,0.07687734041150944,-0.0037596861646133255,0.02482895170833251,NA,NA,NA
Sphenacodon__wmm_z_trans,0.017264902431006337,-0.0008167493874331787,0.004964636199314764,NA,NA,NA
Sphenacodon__cmm_z_trans,0.004682183819394364,-0.01627682386904413,0.05132338305918987,NA,NA,NA
Sphenacodon__wmmcmm_z_trans,0.009638205756741573,-0.013782274481887014,0.033847256682032374,NA,NA,NA
Sphenacodon__wetmon_z_trans,-0.0018567697334636243,-0.005730880284777778,0.015130473418888405,NA,NA,NA
Sphenacodon__drymon_z_trans,0.0020474895461086275,-0.009117947995448792,0.026344746274228555,NA,NA,NA
Sphenacodon__wetdry_z_trans,0.016125481007841343,-0.0034863149762996612,0.014133384158707352,NA,NA,NA
Sphenacodon__time,-0.03548904129970776,-0.005106196004143008,0.0038168825693815126,NA,NA,NA
Stahleckeria__lat_range_z_trans,-0.3007481047511101,-0.006771680783923642,-0.007826698522611503,0.12564883293787715,0.0,0.45673266239464283
Stahleckeria__biome,0.040523223336786034,-0.011462641454849879,0.024567489439160484,NA,NA,NA
Stahleckeria__mat_z_trans,-0.0609460358787328,-0.023182618775037987,0.048678438084467576,NA,NA,NA
Stahleckeria__map_z_trans,0.01671918762847781,-0.008275444775835042,0.030947289579161267,NA,NA,NA
Stahleckeria__wmm_z_trans,0.04216605951078236,-0.016021868796736904,0.05273346305394167,NA,NA,NA
Stahleckeria__cmm_z_trans,0.029409413542598486,-0.01074642875580789,0.03391885084866809,NA,NA,NA
Stahleckeria__wmmcmm_z_trans,0.05846249579102732,-0.006087481125666621,0.015438463437945091,NA,NA,NA
Stahleckeria__wetmon_z_trans,0.014328871026809792,-0.009022800168277216,0.026975565483967408,NA,NA,NA
Stahleckeria__drymon_z_trans,-0.010257859086268582,-0.007570047400992389,0.01039603599861563,NA,NA,NA
Stahleckeria__wetdry_z_trans,-0.043048410053015684,-0.007843574617220957,0.021278528729186265,NA,NA,NA
Stahleckeria__time,0.16137906774878502,-0.00046511626418099155,0.01666454533165513,NA,NA,NA
Stereophallodon__lat_range_z_trans,0.044963265053306174,0.0009241845177587624,0.0081696145779291,1.3486305552750126,0.33256471855565906,2.617037460207939
Stereophallodon__biome,0.23018578300534212,0.0006235741171939576,0.0649142791938092,NA,NA,NA
Stereophallodon__mat_z_trans,-0.05451997025541997,-0.020970837286834177,0.02896889513356815,NA,NA,NA
Stereophallodon__map_z_trans,0.08809730801874843,-0.009458586693033627,0.02950231113360454,NA,NA,NA
Stereophallodon__wmm_z_trans,0.005657790828320654,-0.0017816249373199635,0.004491933466936734,NA,NA,NA
Stereophallodon__cmm_z_trans,-0.020250014652051215,-0.017043956636259083,0.036230975088186894,NA,NA,NA
Stereophallodon__wmmcmm_z_trans,-0.010317055492385202,-0.01469628633121908,0.028159301174664104,NA,NA,NA
Stereophallodon__wetmon_z_trans,-0.017237580730340138,-0.014713540122578916,0.028240966441331967,NA,NA,NA
Stereophallodon__drymon_z_trans,-0.019920370606343305,-0.011954977224517955,0.025124573215673893,NA,NA,NA
Stereophallodon__wetdry_z_trans,-0.017636283283952007,-0.01002788789981265,0.013686042294242489,NA,NA,NA
Stereophallodon__time,-0.051361947763488035,-0.008349764421906783,0.006283079744210011,NA,NA,NA
Struthiocephaloides__lat_range_z_trans,0.22932930171504967,0.0027116719719231536,0.017061144554674834,0.45219746396061966,0.0,1.0741899134591222
Struthiocephaloides__biome,-0.09234645187359931,-0.015485968168087913,0.01531333148384801,NA,NA,NA
Struthiocephaloides__mat_z_trans,0.11163372762231258,-0.017083636565841793,0.04519338991142895,NA,NA,NA
Struthiocephaloides__map_z_trans,-0.05154928874885724,-0.006689318590313374,0.006284717693505929,NA,NA,NA
Struthiocephaloides__wmm_z_trans,-0.04885182166013178,-0.022143878348559572,0.04061120786823795,NA,NA,NA
Struthiocephaloides__cmm_z_trans,0.020110235646830746,-0.009631476031493566,0.041151601059350645,NA,NA,NA
Struthiocephaloides__wmmcmm_z_trans,-0.006791267683277861,-0.010213191064246677,0.02462670777703521,NA,NA,NA
Struthiocephaloides__wetmon_z_trans,0.019161705006074163,-0.010854428977098632,0.03630414035034892,NA,NA,NA
Struthiocephaloides__drymon_z_trans,0.012734578932337988,-0.0030506053898459737,0.008881525111469835,NA,NA,NA
Struthiocephaloides__wetdry_z_trans,0.03132211326346105,-0.009705641036395703,0.03168521221737034,NA,NA,NA
Struthiocephaloides__time,-0.04709190809846255,-0.00530323071856946,0.006658993436886496,NA,NA,NA
Struthiocephalus__lat_range_z_trans,0.17310552184405154,0.0033787128505288824,0.017731811000627717,0.548345660745399,0.0940112597309053,1.262756522744894
Struthiocephalus__biome,-0.0592281851908201,-0.01236275456836874,0.016051446799224718,NA,NA,NA
Struthiocephalus__mat_z_trans,0.07185850880846578,-0.014549738938455526,0.04904364673177456,NA,NA,NA
Struthiocephalus__map_z_trans,-0.036168766451142045,-0.0070293750376239075,0.009378160439630643,NA,NA,NA
Struthiocephalus__wmm_z_trans,0.003062924200245484,-0.0214213169276146,0.046027331788899235,NA,NA,NA
Struthiocephalus__cmm_z_trans,0.011356038956197927,-0.011823298417943526,0.03683424793396029,NA,NA,NA
Struthiocephalus__wmmcmm_z_trans,-0.009062524481668483,-0.010732386169416382,0.02401173745620665,NA,NA,NA
Struthiocephalus__wetmon_z_trans,0.012097529820809964,-0.015418776646585355,0.028511202234714598,NA,NA,NA
Struthiocephalus__drymon_z_trans,0.012177332345350097,-0.0021709689146721914,0.008725773531402513,NA,NA,NA
Struthiocephalus__wetdry_z_trans,0.025975217974069275,-0.010199034461323522,0.031129561942706295,NA,NA,NA
Struthiocephalus__time,-0.027512673703821978,-0.005120765687054648,0.006327051605009907,NA,NA,NA
Styracocephalus__lat_range_z_trans,0.22133709321694706,0.0031222339997211673,0.019346569005293798,0.46146773734712043,0.0,0.9566162854898721
Styracocephalus__biome,-0.09490753843573876,-0.01077865601289197,0.021339111305327355,NA,NA,NA
Styracocephalus__mat_z_trans,0.11480673938455437,-0.016366692354833567,0.053509835838761156,NA,NA,NA
Styracocephalus__map_z_trans,-0.04311822333882467,-0.005804903123248614,0.008984134731540003,NA,NA,NA
Styracocephalus__wmm_z_trans,-0.07506175195123294,-0.02216352085651919,0.04353245490110469,NA,NA,NA
Styracocephalus__cmm_z_trans,0.017669894710802977,-0.010925789181396197,0.027836245790716672,NA,NA,NA
Styracocephalus__wmmcmm_z_trans,0.025300523635213644,-0.009917688326500949,0.024057017123945888,NA,NA,NA
Styracocephalus__wetmon_z_trans,0.026666961223010297,-0.01414915204400993,0.0321053442106875,NA,NA,NA
Styracocephalus__drymon_z_trans,0.00704152728332698,-0.003434302998802233,0.005941844472424295,NA,NA,NA
Styracocephalus__wetdry_z_trans,0.02440977582482641,-0.012037609946050503,0.029988490523148763,NA,NA,NA
Styracocephalus__time,-0.046484077431147845,-0.0049936220739975196,0.007130923561206988,NA,NA,NA
Suchogorgon__lat_range_z_trans,0.04823220051758048,0.003968957021928826,0.016975287657187192,1.7337263269329923,0.05882244312670082,3.9185731429606676
Suchogorgon__biome,0.0924416495019518,-0.005723961067852427,0.06347847820833491,NA,NA,NA
Suchogorgon__mat_z_trans,0.02376792464893901,-0.018154644684993473,0.039600143353616966,NA,NA,NA
Suchogorgon__map_z_trans,-0.001318337889302416,-0.004716925792211249,0.008533289809301943,NA,NA,NA
Suchogorgon__wmm_z_trans,0.0016272094979708608,-0.018183821132188315,0.0374135487812669,NA,NA,NA
Suchogorgon__cmm_z_trans,0.008684098366308242,-0.010646327233689096,0.03079880879805088,NA,NA,NA
Suchogorgon__wmmcmm_z_trans,-0.0030731182611872573,-0.012100380598531243,0.020054091303630773,NA,NA,NA
Suchogorgon__wetmon_z_trans,0.001642622216908146,-0.01732985731984679,0.021687386696761787,NA,NA,NA
Suchogorgon__drymon_z_trans,0.0029668575734990853,-0.004187770165897177,0.005958386951980478,NA,NA,NA
Suchogorgon__wetdry_z_trans,0.009357113968957642,-0.013774662583640403,0.026205385277220203,NA,NA,NA
Suchogorgon__time,-0.006667296019888092,-0.006600309361608171,0.0030671646268050634,NA,NA,NA
Suminia__lat_range_z_trans,-0.0073577182497905815,-0.0034666177869796893,0.004382830968764624,1.5058364937871012,0.0,4.134410306811333
Suminia__biome,0.09894638297433081,-0.015003089944945185,0.06082875439301907,NA,NA,NA
Suminia__mat_z_trans,0.028761636934048554,-0.018552739954801497,0.03718271182025147,NA,NA,NA
Suminia__map_z_trans,0.005520900123777598,-0.005025330682166128,0.009225951113020573,NA,NA,NA
Suminia__wmm_z_trans,0.011925193985516735,-0.010165967290441091,0.043165432999274445,NA,NA,NA
Suminia__cmm_z_trans,0.01038705340107127,-0.01515276017507677,0.03081493972275251,NA,NA,NA
Suminia__wmmcmm_z_trans,0.00587702627140678,-0.011643783099076516,0.035838753955678676,NA,NA,NA
Suminia__wetmon_z_trans,0.005721683085598726,-0.013382456383410905,0.014799488876613523,NA,NA,NA
Suminia__drymon_z_trans,0.005484547377238243,-0.003632352498482891,0.006028863089278235,NA,NA,NA
Suminia__wetdry_z_trans,0.014189336017901039,-0.008232078483291789,0.025032090945305323,NA,NA,NA
Suminia__time,-0.0017951177993616623,-0.0031925266198570496,0.006472153580198644,NA,NA,NA
Sungeodon__lat_range_z_trans,0.018220621482259624,0.004103152799223453,0.01434263426939716,4.798510167337372,1.0497078001499176,7.945844313129783
Sungeodon__biome,0.06191086650634117,-0.00017795195919380008,0.07556147409551206,NA,NA,NA
Sungeodon__mat_z_trans,0.012588346691532672,-0.007237812249318146,0.015209988210512315,NA,NA,NA
Sungeodon__map_z_trans,0.0370219583695459,-0.013056431561057723,0.040736814390982645,NA,NA,NA
Sungeodon__wmm_z_trans,0.010445025824269066,-0.010653344990528162,0.01834002109933646,NA,NA,NA
Sungeodon__cmm_z_trans,0.008493759769807081,-0.0056157560690866535,0.01129300495447948,NA,NA,NA
Sungeodon__wmmcmm_z_trans,0.004647152405178861,-0.004224505773890195,0.008574227715645154,NA,NA,NA
Sungeodon__wetmon_z_trans,0.01014217480660344,-0.032628589405470546,0.03411841058739746,NA,NA,NA
Sungeodon__drymon_z_trans,0.013371590030089043,-0.011449858082938644,0.028618775124260955,NA,NA,NA
Sungeodon__wetdry_z_trans,0.0004641225430977115,-0.02375345824538298,0.024398932204926897,NA,NA,NA
Sungeodon__time,0.00035530569301292926,-0.0027551473808861177,0.0025776888117065,NA,NA,NA
Sycosaurus__lat_range_z_trans,-0.7871056801080704,-0.03706616379729102,-0.033561699693781595,0.2098860057557613,0.0,0.5064511317759752
Sycosaurus__biome,0.1630567661859095,-0.00577025663505072,0.04335718084435189,NA,NA,NA
Sycosaurus__mat_z_trans,0.14774738981970587,-0.00803480042448294,0.03685666920718081,NA,NA,NA
Sycosaurus__map_z_trans,0.12290640605555382,-0.00483944314963081,0.03814672339469787,NA,NA,NA
Sycosaurus__wmm_z_trans,0.09147601236123591,-0.00461366131297394,0.017848197034139247,NA,NA,NA
Sycosaurus__cmm_z_trans,0.0678536567449919,-0.009292795673899831,0.05427612185306095,NA,NA,NA
Sycosaurus__wmmcmm_z_trans,0.08684163283673114,-0.010069271167269469,0.03481304976738996,NA,NA,NA
Sycosaurus__wetmon_z_trans,0.0579856485518394,-0.00928438914804187,0.04104372971387729,NA,NA,NA
Sycosaurus__drymon_z_trans,0.02840623457566835,-0.00576679283504443,0.01352950728947473,NA,NA,NA
Sycosaurus__wetdry_z_trans,0.03685249063652009,-0.011767720961102063,0.02377444495822677,NA,NA,NA
Sycosaurus__time,0.016204523973938192,-0.0009444078137424199,0.00368804709553918,NA,NA,NA
Syodon__lat_range_z_trans,-0.2570028984337125,-0.025457534326026793,-0.020112375621556485,0.7280849835242407,0.0868886411190033,1.6255004913546145
Syodon__biome,0.2752110966310568,-0.003448522076097015,0.08462878792723018,NA,NA,NA
Syodon__mat_z_trans,0.04590686691891688,-0.016830796557117316,0.0434822804300775,NA,NA,NA
Syodon__map_z_trans,0.009099798618522134,-0.002845017861629666,0.00938611103373218,NA,NA,NA
Syodon__wmm_z_trans,0.014027395873518003,-0.013689707028967733,0.026386347910190122,NA,NA,NA
Syodon__cmm_z_trans,0.01924051549254268,-0.013530178319030963,0.04105032121089778,NA,NA,NA
Syodon__wmmcmm_z_trans,0.02781429029055793,-0.009576840347494592,0.031084010179079864,NA,NA,NA
Syodon__wetmon_z_trans,0.007079331295885626,-0.007850545834246792,0.023669592635125736,NA,NA,NA
Syodon__drymon_z_trans,0.01377451974252072,-0.0018472951905110738,0.007334459432215657,NA,NA,NA
Syodon__wetdry_z_trans,0.020734907823806593,-0.010040692555987796,0.022962855345043175,NA,NA,NA
Syodon__time,0.001775099868122559,-0.002332572821419767,0.003899580982121398,NA,NA,NA
Syops__lat_range_z_trans,0.10630244411956306,0.005541793351035345,0.025556839793606526,0.8162636877829209,0.3267882652580738,1.26636281888932
Syops__biome,-0.08144997939437067,-0.02238941619035962,0.013211999527308596,NA,NA,NA
Syops__mat_z_trans,0.05024807096569905,-0.014665872106461659,0.04845606652786311,NA,NA,NA
Syops__map_z_trans,0.014127089199566711,-0.0033288118322083522,0.011338642720272012,NA,NA,NA
Syops__wmm_z_trans,0.028432957382514612,-0.007810071629262089,0.024965079143215677,NA,NA,NA
Syops__cmm_z_trans,0.010971157951899601,-0.02453591309517093,0.06076142259219863,NA,NA,NA
Syops__wmmcmm_z_trans,0.03635612440829354,-0.021220881389230273,0.04874099917636401,NA,NA,NA
Syops__wetmon_z_trans,0.006350100434286699,-0.005788997897396187,0.012736758718978081,NA,NA,NA
Syops__drymon_z_trans,0.0016098662375157915,-0.0046655773912901944,0.006930018199624764,NA,NA,NA
Syops__wetdry_z_trans,0.007759172025916918,-0.005677233101929891,0.014667299518589577,NA,NA,NA
Syops__time,-0.0030460792091478324,-0.002908721636255669,0.006406845546136131,NA,NA,NA
Sysphinctostoma__lat_range_z_trans,0.0952554693317316,0.003917723627310731,0.0205492452406645,0.8376732029451524,0.221882663667202,1.7781901359558105
Sysphinctostoma__biome,-0.02742175463465647,-0.01384645893105099,0.027820500826688487,NA,NA,NA
Sysphinctostoma__mat_z_trans,0.020629790050740723,-0.011344919385467493,0.021093543246545714,NA,NA,NA
Sysphinctostoma__map_z_trans,0.04928282101239939,-0.003997683646397972,0.023241717254504458,NA,NA,NA
Sysphinctostoma__wmm_z_trans,0.00909599203029903,-0.00780202855980148,0.015125855674281955,NA,NA,NA
Sysphinctostoma__cmm_z_trans,0.02187467410360019,-0.00798248443066765,0.02134372094701134,NA,NA,NA
Sysphinctostoma__wmmcmm_z_trans,0.004398002972870418,-0.005322860416583496,0.01598871091067073,NA,NA,NA
Sysphinctostoma__wetmon_z_trans,-0.026573333757056984,-0.025393162893020804,0.03915323660894485,NA,NA,NA
Sysphinctostoma__drymon_z_trans,0.02608421765890363,-0.00892035097144295,0.028115592841852884,NA,NA,NA
Sysphinctostoma__wetdry_z_trans,-0.031714684329512126,-0.026176699202808837,0.049180067185289535,NA,NA,NA
Sysphinctostoma__time,0.03674972968241808,-0.0005807781085985778,0.012159780727702676,NA,NA,NA
Tambacarnifex__lat_range_z_trans,0.03189248611387075,0.0017468705405547195,0.009318691110184754,1.9081693778227782,0.7915577795356512,3.3491479605436325
Tambacarnifex__biome,0.1797942674228718,0.0011074363051155384,0.07762632433250428,NA,NA,NA
Tambacarnifex__mat_z_trans,-0.03496241679615306,-0.024997005841082675,0.0334043267167981,NA,NA,NA
Tambacarnifex__map_z_trans,0.04393928129021084,-0.005126911892680549,0.028106142354539503,NA,NA,NA
Tambacarnifex__wmm_z_trans,0.004703628718162784,-0.002123677197799138,0.006568409086820716,NA,NA,NA
Tambacarnifex__cmm_z_trans,-0.0049651926531431734,-0.021503327002865114,0.03891774235648237,NA,NA,NA
Tambacarnifex__wmmcmm_z_trans,0.0028897849963102403,-0.018123368162470316,0.027041718804287018,NA,NA,NA
Tambacarnifex__wetmon_z_trans,-0.0030865536082647902,-0.009529354188821493,0.012883519810386386,NA,NA,NA
Tambacarnifex__drymon_z_trans,-0.011714262106520193,-0.016406693883126214,0.028184934747052946,NA,NA,NA
Tambacarnifex__wetdry_z_trans,0.0028094475832661425,-0.0027342185222239256,0.008435675856133662,NA,NA,NA
Tambacarnifex__time,-0.03363954683887386,-0.009759453073130349,0.003284486288967349,NA,NA,NA
Tamboeria__lat_range_z_trans,0.34607462257146837,0.002584644147822486,0.017870863563850772,0.35025929335621186,0.0,0.6351817585527897
Tamboeria__biome,-0.07677161581814289,-0.01121357311458896,0.021509599229880893,NA,NA,NA
Tamboeria__mat_z_trans,0.1633539696224034,-0.016283356442303686,0.0539373504022694,NA,NA,NA
Tamboeria__map_z_trans,-0.1124077020958066,-0.006375958569616987,0.009055913094864218,NA,NA,NA
Tamboeria__wmm_z_trans,-0.09703649248927831,-0.019430095635254857,0.05620259530522229,NA,NA,NA
Tamboeria__cmm_z_trans,0.022313819688279182,-0.008803056343470303,0.018567683895491655,NA,NA,NA
Tamboeria__wmmcmm_z_trans,-0.05698332975385711,-0.00973475582154454,0.010618562641978108,NA,NA,NA
Tamboeria__wetmon_z_trans,0.039752411209046844,-0.013985522264300335,0.03922648553532183,NA,NA,NA
Tamboeria__drymon_z_trans,0.013263793280348182,-0.0029077002859564816,0.009596454094617353,NA,NA,NA
Tamboeria__wetdry_z_trans,0.020322313902433962,-0.016224879940898215,0.030228082296050226,NA,NA,NA
Tamboeria__time,-0.08928342088242061,-0.005075448648417639,0.006958381404610372,NA,NA,NA
Taoheodon__lat_range_z_trans,0.02695113697903867,0.005835234960427244,0.019115399103044134,3.4756061402999694,0.7854831889271736,7.916762889362872
Taoheodon__biome,0.07369810811344867,-0.016931612301596153,0.0950246671348555,NA,NA,NA
Taoheodon__mat_z_trans,0.015753374372114284,-0.017027887042629638,0.0313961096834506,NA,NA,NA
Taoheodon__map_z_trans,0.007278681050013153,-0.004001503638222976,0.010379221413654358,NA,NA,NA
Taoheodon__wmm_z_trans,0.010015027221912415,-0.009381690968585078,0.017729323321935227,NA,NA,NA
Taoheodon__cmm_z_trans,0.009152189015990695,-0.03265250811806965,0.030257423212081646,NA,NA,NA
Taoheodon__wmmcmm_z_trans,0.014405369048625535,-0.016623568784456387,0.03391053318870122,NA,NA,NA
Taoheodon__wetmon_z_trans,0.008159012159955445,-0.0043400360667346935,0.012013179753899645,NA,NA,NA
Taoheodon__drymon_z_trans,0.0036365200449362143,-0.0022803574237840233,0.007137239306671673,NA,NA,NA
Taoheodon__wetdry_z_trans,0.010011112244853102,-0.00609963289545952,0.01440746404787794,NA,NA,NA
Taoheodon__time,-0.0013996061291507318,-0.003946140639418634,0.0024014112979851825,NA,NA,NA
Tapinocaninus__lat_range_z_trans,0.1486825122035512,0.0016526422814616653,0.011118298868346347,0.4994267157680588,0.011964949779212475,1.1198928207159042
Tapinocaninus__biome,0.1346689057271272,-0.004995093826696768,0.03260243013968572,NA,NA,NA
Tapinocaninus__mat_z_trans,-0.08429367530653203,-0.018371340331688253,0.033076881795074765,NA,NA,NA
Tapinocaninus__map_z_trans,-0.10288514764700184,-0.009405051079516686,0.011756078003929589,NA,NA,NA
Tapinocaninus__wmm_z_trans,0.04963131568243055,-0.012877713889673282,0.028655239895016563,NA,NA,NA
Tapinocaninus__cmm_z_trans,0.0032232022036515835,-0.020985881460889744,0.04876587420898021,NA,NA,NA
Tapinocaninus__wmmcmm_z_trans,-0.0023539080038893715,-0.014195590075187801,0.04464337108863708,NA,NA,NA
Tapinocaninus__wetmon_z_trans,0.00443682734081282,-0.005610923017221231,0.011254215262244082,NA,NA,NA
Tapinocaninus__drymon_z_trans,0.0856806774002127,-0.008621196676537952,0.02416644577914975,NA,NA,NA
Tapinocaninus__wetdry_z_trans,-0.017956160574337264,-0.01021465630435723,0.023187700301857322,NA,NA,NA
Tapinocaninus__time,-0.0411736249042881,-0.0038248985382222274,0.00454543612123569,NA,NA,NA
Tapinocephalus__lat_range_z_trans,0.1679401174536325,0.00263266638555868,0.01854005937408835,0.5613026367756538,0.0,1.0741899134591222
Tapinocephalus__biome,-0.07330268440854054,-0.013933026702013318,0.018189466841526673,NA,NA,NA
Tapinocephalus__mat_z_trans,0.07279824170957841,-0.016585898366643363,0.04387405873971904,NA,NA,NA
Tapinocephalus__map_z_trans,-0.02049679441928925,-0.006494422768444601,0.008792358870409685,NA,NA,NA
Tapinocephalus__wmm_z_trans,0.012034240185010746,-0.019791103425290207,0.041717696731935226,NA,NA,NA
Tapinocephalus__cmm_z_trans,-0.006061782532601763,-0.012832565694174142,0.03689077004367983,NA,NA,NA
Tapinocephalus__wmmcmm_z_trans,0.016294730987921845,-0.011007989823730633,0.030270631517777025,NA,NA,NA
Tapinocephalus__wetmon_z_trans,-0.006940323228858566,-0.014245370830149096,0.026984491093474883,NA,NA,NA
Tapinocephalus__drymon_z_trans,0.0034590259171139595,-0.0029617248504271616,0.00912351024671559,NA,NA,NA
Tapinocephalus__wetdry_z_trans,0.03672302589713765,-0.0074992036844175585,0.032548504306001494,NA,NA,NA
Tapinocephalus__time,-0.0247868734393675,-0.0047310631587981124,0.006840423698829302,NA,NA,NA
Taurocephalus__lat_range_z_trans,0.27402399293592766,0.003170847807541082,0.01790512913355187,0.40515151105821134,0.0,0.9033691845834255
Taurocephalus__biome,-0.07132342074523855,-0.012534399367915634,0.021050257690551927,NA,NA,NA
Taurocephalus__mat_z_trans,0.1313220191722211,-0.01684764768378005,0.052785508134251403,NA,NA,NA
Taurocephalus__map_z_trans,-0.06997189966394202,-0.0065969140949473665,0.009016304593187275,NA,NA,NA
Taurocephalus__wmm_z_trans,-0.06716804405086138,-0.02010343548547994,0.055002378306017584,NA,NA,NA
Taurocephalus__cmm_z_trans,0.022677859116235936,-0.009498429343657716,0.018171167511751667,NA,NA,NA
Taurocephalus__wmmcmm_z_trans,-0.02148171133011149,-0.010072108717274155,0.016547249440450246,NA,NA,NA
Taurocephalus__wetmon_z_trans,0.0277842995443115,-0.01447018325843754,0.034059623307864,NA,NA,NA
Taurocephalus__drymon_z_trans,0.0015038563874290088,-0.0033269098835839576,0.009001229272691274,NA,NA,NA
Taurocephalus__wetdry_z_trans,0.017713930461468772,-0.011919187211606463,0.03350464034881425,NA,NA,NA
Taurocephalus__time,-0.06741995770570308,-0.005251335679387768,0.006728483725025629,NA,NA,NA
Tessellatia__lat_range_z_trans,0.20074452481658592,0.0007793486945994005,0.009006225552967064,0.39988520632367,0.0,4.0092725567519665
Tessellatia__biome,-0.02966489682617051,-0.00888123962882448,0.017856351523715445,NA,NA,NA
Tessellatia__mat_z_trans,-0.18380491683431313,-0.016861932057706544,0.027907529249726167,NA,NA,NA
Tessellatia__map_z_trans,-0.07821134528230356,-0.014879635894333472,0.037452167150576296,NA,NA,NA
Tessellatia__wmm_z_trans,0.03832226479292825,-0.008696201183652953,0.03185337852337318,NA,NA,NA
Tessellatia__cmm_z_trans,0.0013213155625012552,-0.013243565632080413,0.03043321694780684,NA,NA,NA
Tessellatia__wmmcmm_z_trans,-0.04650276525055049,-0.008165523647413724,0.013304349045974278,NA,NA,NA
Tessellatia__wetmon_z_trans,0.03601808524536794,-0.013307729176730855,0.036814024476498196,NA,NA,NA
Tessellatia__drymon_z_trans,-0.03864803082497226,-0.009106197098064046,0.01991109057187442,NA,NA,NA
Tessellatia__wetdry_z_trans,0.03077374299040053,-0.01383625972542724,0.0336739567062767,NA,NA,NA
Tessellatia__time,0.24731294573226356,-0.0012507675688951836,0.015559681715368527,NA,NA,NA
Tetraceratops__lat_range_z_trans,0.021096227762401422,0.0016217708031494066,0.010173296885314086,2.970370892869687,0.6461013788357377,5.1317922323942184
Tetraceratops__biome,0.13248195451731162,0.0024809107737388805,0.0798575028148529,NA,NA,NA
Tetraceratops__mat_z_trans,-0.013449519276177815,-0.02984962053408366,0.029883108042407163,NA,NA,NA
Tetraceratops__map_z_trans,0.009985362112076136,-0.002548286314886563,0.00938127541550395,NA,NA,NA
Tetraceratops__wmm_z_trans,0.004662044244832846,-0.0026203111894986825,0.006015179548606822,NA,NA,NA
Tetraceratops__cmm_z_trans,0.0062051442338690675,-0.02598969101767761,0.039073046132017945,NA,NA,NA
Tetraceratops__wmmcmm_z_trans,0.011003709494800609,-0.015433989101286787,0.03096418361033732,NA,NA,NA
Tetraceratops__wetmon_z_trans,0.004229260252467055,-0.0012894138786737341,0.009101286157741417,NA,NA,NA
Tetraceratops__drymon_z_trans,0.0022926524962089776,-0.015445869193315743,0.030150766790874882,NA,NA,NA
Tetraceratops__wetdry_z_trans,0.017638712103048584,-0.010907845671879952,0.024540334511265943,NA,NA,NA
Tetraceratops__time,-0.018484623819101043,-0.007467357594115067,0.004631991555234681,NA,NA,NA
Tetracynodon__lat_range_z_trans,-0.6922557850182056,-0.023364820544235082,-0.01419876568366091,0.17915904682973632,0.0,0.5824663629755378
Tetracynodon__biome,-0.1422009289264679,-0.01926796933864722,0.022205404831853175,NA,NA,NA
Tetracynodon__mat_z_trans,0.1451449728899752,-0.006396672731908707,0.027661852860875483,NA,NA,NA
Tetracynodon__map_z_trans,0.42561243823496625,-0.0031939723951750496,0.05952742461243714,NA,NA,NA
Tetracynodon__wmm_z_trans,0.08437521961634048,-0.0033235741620239404,0.024676431148711545,NA,NA,NA
Tetracynodon__cmm_z_trans,0.05821593734901399,-0.004685296681674281,0.021720196945291894,NA,NA,NA
Tetracynodon__wmmcmm_z_trans,0.033144067879766224,-0.0034021431567279733,0.00895184811455236,NA,NA,NA
Tetracynodon__wetmon_z_trans,0.03067782868631184,-0.01823546066218726,0.04915706945749094,NA,NA,NA
Tetracynodon__drymon_z_trans,0.0257526027795393,-0.007271170029762898,0.023286210989517886,NA,NA,NA
Tetracynodon__wetdry_z_trans,-0.021968887272523715,-0.018433569927289995,0.04375948730590953,NA,NA,NA
Tetracynodon__time,0.055000656489282845,0.00012494671110289737,0.007024810881178076,NA,NA,NA
Tetragonias__lat_range_z_trans,0.09546599420685528,0.003955611920004217,0.02003386636122439,0.8275666914577596,0.03987425775267184,1.6916299741715193
Tetragonias__biome,-0.029350803034588698,-0.013980367991172242,0.025215220223815782,NA,NA,NA
Tetragonias__mat_z_trans,0.02196671618426343,-0.010792767301395388,0.023099789317344094,NA,NA,NA
Tetragonias__map_z_trans,0.04979011770893611,-0.004036345232180801,0.02108400209779909,NA,NA,NA
Tetragonias__wmm_z_trans,0.0019654061549444035,-0.007877481953097528,0.01903249666047964,NA,NA,NA
Tetragonias__cmm_z_trans,0.022406364647146605,-0.00805968301211479,0.021626900838257884,NA,NA,NA
Tetragonias__wmmcmm_z_trans,0.009621164809758324,-0.006294799399357116,0.015257026778119243,NA,NA,NA
Tetragonias__wetmon_z_trans,-0.031187269895596743,-0.02449103176311195,0.03645642619488192,NA,NA,NA
Tetragonias__drymon_z_trans,0.03188366262233116,-0.00900661965721205,0.02848861920136415,NA,NA,NA
Tetragonias__wetdry_z_trans,-0.032367049170380205,-0.02642985397723742,0.049832568504605095,NA,NA,NA
Tetragonias__time,0.03746661988806784,-0.0004363645516544404,0.013645055286265828,NA,NA,NA
Theriognathus__lat_range_z_trans,-0.7280005145072938,-0.031959306678100236,-0.025082263806507396,0.19808208853995893,0.0,0.47869796864688396
Theriognathus__biome,0.12912459472194315,-0.009819807961900281,0.038586374018404236,NA,NA,NA
Theriognathus__mat_z_trans,0.126182506759651,-0.004144839256365171,0.0331115241095231,NA,NA,NA
Theriognathus__map_z_trans,0.13229349283268677,-0.0040601294364383065,0.027713142074852513,NA,NA,NA
Theriognathus__wmm_z_trans,0.05674380562501028,-0.006403464099248075,0.029990395780801093,NA,NA,NA
Theriognathus__cmm_z_trans,0.0716852530441247,-0.005108376540849766,0.02344256653153211,NA,NA,NA
Theriognathus__wmmcmm_z_trans,0.05723675354616717,-0.003907827324963582,0.02118583763676737,NA,NA,NA
Theriognathus__wetmon_z_trans,0.06042408121051267,-0.015534166880647434,0.038569742943244986,NA,NA,NA
Theriognathus__drymon_z_trans,0.03363946495577693,-0.008172212250546165,0.02477598579884174,NA,NA,NA
Theriognathus__wetdry_z_trans,0.0109732358250767,-0.01777841943641069,0.04871669946130623,NA,NA,NA
Theriognathus__time,0.07011849040456582,-0.0005611530530598072,0.01276196691539113,NA,NA,NA
Therioides__lat_range_z_trans,0.33195111396227767,0.0025869685922774023,0.017766109025989553,0.3631911682814825,0.0,0.681021124124527
Therioides__biome,-0.06980031394197475,-0.011223657801824518,0.021383515332543995,NA,NA,NA
Therioides__mat_z_trans,0.15815613795096864,-0.016298000530783573,0.05362118312839027,NA,NA,NA
Therioides__map_z_trans,-0.10081975235176563,-0.0062850600585831196,0.009002829594574796,NA,NA,NA
Therioides__wmm_z_trans,-0.09272990310795477,-0.019447569676350963,0.05587314973160665,NA,NA,NA
Therioides__cmm_z_trans,0.015339764972485395,-0.008810973183984355,0.018458844770920198,NA,NA,NA
Therioides__wmmcmm_z_trans,-0.04794325262922457,-0.00974351056606456,0.0121611021857041,NA,NA,NA
Therioides__wetmon_z_trans,0.03694434365542416,-0.013998099844739695,0.03899654967634719,NA,NA,NA
Therioides__drymon_z_trans,0.012954884131815296,-0.002910315264042321,0.009540202078020822,NA,NA,NA
Therioides__wetdry_z_trans,0.019226376409907677,-0.016239471439786782,0.03005089282895816,NA,NA,NA
Therioides__time,-0.08561847493022166,-0.00508001314464702,0.006917593111101347,NA,NA,NA
Theroteinus__lat_range_z_trans,0.07295658023092265,0.0011126026403187887,0.009757706135253034,0.9112632539367769,0.0,1.678474247455597
Theroteinus__biome,0.06472245014664374,-0.006923074935552214,0.03686751305698252,NA,NA,NA
Theroteinus__mat_z_trans,-0.06579158384702671,-0.01827240588088576,0.0204234285848168,NA,NA,NA
Theroteinus__map_z_trans,-0.15531097727003754,-0.01872750225234451,0.017259955208782617,NA,NA,NA
Theroteinus__wmm_z_trans,-0.028120862572689843,-0.011257921523616788,0.01948463388180389,NA,NA,NA
Theroteinus__cmm_z_trans,-0.006633049801675955,-0.01040204351337739,0.02961303472417016,NA,NA,NA
Theroteinus__wmmcmm_z_trans,-0.0051689639981077635,-0.006603643126040418,0.011466790706266486,NA,NA,NA
Theroteinus__wetmon_z_trans,0.06134471374959961,-0.012968039222449108,0.046718524736904105,NA,NA,NA
Theroteinus__drymon_z_trans,0.05352378111822592,-0.0070264788801063845,0.02019955944599813,NA,NA,NA
Theroteinus__wetdry_z_trans,0.08518736333809564,-0.014940297682797093,0.040767606969477725,NA,NA,NA
Theroteinus__time,0.1009514730277877,-0.0014408985416786298,0.02121321801370163,NA,NA,NA
Thliptosaurus__lat_range_z_trans,0.0949316170518237,0.0055308225902558645,0.022910131061397557,0.8939708252472337,0.10057470016181469,1.5512943686917424
Thliptosaurus__biome,-0.08020048670965858,-0.02178633467056035,0.009668972781610255,NA,NA,NA
Thliptosaurus__mat_z_trans,0.04048889923824608,-0.017354586653816485,0.03319686664092404,NA,NA,NA
Thliptosaurus__map_z_trans,0.03148615676977701,-0.005128464893996856,0.04420634797725255,NA,NA,NA
Thliptosaurus__wmm_z_trans,0.025319152254622314,-0.00841891712486288,0.02154323195913939,NA,NA,NA
Thliptosaurus__cmm_z_trans,0.02838020793015334,-0.015320339148635636,0.05243313724590179,NA,NA,NA
Thliptosaurus__wmmcmm_z_trans,0.02069254013854755,-0.017563790287933215,0.04283746431545316,NA,NA,NA
Thliptosaurus__wetmon_z_trans,0.005716428828991037,-0.01252246984251303,0.016524091816385856,NA,NA,NA
Thliptosaurus__drymon_z_trans,0.003531794008892844,-0.004539905355898225,0.00758199708287962,NA,NA,NA
Thliptosaurus__wetdry_z_trans,0.008659091967878936,-0.0075153452469782145,0.017341041531798537,NA,NA,NA
Thliptosaurus__time,-0.0013444773575367298,-0.0028303722835904847,0.00552868905141437,NA,NA,NA
Thomasia__lat_range_z_trans,-0.46957403509973966,-0.010848710799534159,-0.007508528887491105,0.43687515654111847,0.0,0.9322123629972339
Thomasia__biome,0.41041894272322443,-0.006641849513209662,0.03885936538834343,NA,NA,NA
Thomasia__mat_z_trans,-0.12913589246686955,-0.017321027348930772,0.023075222511928305,NA,NA,NA
Thomasia__map_z_trans,-0.3194475883035646,-0.01827554899639182,0.026419251973710055,NA,NA,NA
Thomasia__wmm_z_trans,0.007305511579349537,-0.007629292042643977,0.017342179117190243,NA,NA,NA
Thomasia__cmm_z_trans,0.006855900239019637,-0.010087533064854125,0.033245406692352285,NA,NA,NA
Thomasia__wmmcmm_z_trans,0.011173703508567582,-0.004004538546182939,0.013608079215518628,NA,NA,NA
Thomasia__wetmon_z_trans,0.18618866276147755,-0.010357218012560334,0.05065510877599747,NA,NA,NA
Thomasia__drymon_z_trans,0.09322713168374495,-0.004032368265023895,0.01780168446364469,NA,NA,NA
Thomasia__wetdry_z_trans,0.16931262439166125,-0.016526915367138927,0.042358556587964974,NA,NA,NA
Thomasia__time,0.2113359631048664,-0.0017247009620589052,0.01791564562499812,NA,NA,NA
Thrinaxodon__lat_range_z_trans,-0.420272460053013,-0.050260458026686966,-0.010102289198507875,0.6908261131675681,0.0,2.340126460418105
Thrinaxodon__biome,0.32486048033768633,-0.018072341526524822,0.13866684069214177,NA,NA,NA
Thrinaxodon__mat_z_trans,0.051567373799530976,-0.0021489060992544236,0.013660381698108324,NA,NA,NA
Thrinaxodon__map_z_trans,0.08403072315913102,-0.002867295818167968,0.032517112992987623,NA,NA,NA
Thrinaxodon__wmm_z_trans,0.025576672887976187,-0.0028623880818561365,0.010814471109369405,NA,NA,NA
Thrinaxodon__cmm_z_trans,0.025325253027844687,-0.0031593929295632085,0.011859425616030756,NA,NA,NA
Thrinaxodon__wmmcmm_z_trans,0.010574429242251365,-0.0023657002711661938,0.007495573443595409,NA,NA,NA
Thrinaxodon__wetmon_z_trans,0.01960076460330992,-0.01011581581497907,0.026125763353341692,NA,NA,NA
Thrinaxodon__drymon_z_trans,0.024418921301031026,-0.0045379792413238074,0.013514182189031148,NA,NA,NA
Thrinaxodon__wetdry_z_trans,0.012794871289451703,-0.010454220756540946,0.023807684557480283,NA,NA,NA
Thrinaxodon__time,0.019183894526537293,-0.0006052043524659748,0.005412825010578589,NA,NA,NA
Tigrisuchus__lat_range_z_trans,0.10630244411956306,0.005541793351035345,0.025556839793606526,0.8162636877829209,0.3267882652580738,1.26636281888932
Tigrisuchus__biome,-0.08144997939437067,-0.02238941619035962,0.013211999527308596,NA,NA,NA
Tigrisuchus__mat_z_trans,0.05024807096569905,-0.014665872106461659,0.04845606652786311,NA,NA,NA
Tigrisuchus__map_z_trans,0.014127089199566711,-0.0033288118322083522,0.011338642720272012,NA,NA,NA
Tigrisuchus__wmm_z_trans,0.028432957382514612,-0.007810071629262089,0.024965079143215677,NA,NA,NA
Tigrisuchus__cmm_z_trans,0.010971157951899601,-0.02453591309517093,0.06076142259219863,NA,NA,NA
Tigrisuchus__wmmcmm_z_trans,0.03635612440829354,-0.021220881389230273,0.04874099917636401,NA,NA,NA
Tigrisuchus__wetmon_z_trans,0.006350100434286699,-0.005788997897396187,0.012736758718978081,NA,NA,NA
Tigrisuchus__drymon_z_trans,0.0016098662375157915,-0.0046655773912901944,0.006930018199624764,NA,NA,NA
Tigrisuchus__wetdry_z_trans,0.007759172025916918,-0.005677233101929891,0.014667299518589577,NA,NA,NA
Tigrisuchus__time,-0.0030460792091478324,-0.002908721636255669,0.006406845546136131,NA,NA,NA
Tikitherium__lat_range_z_trans,0.2610489541292191,0.002105176410506696,0.018050893776397653,0.25340594394889193,0.0,0.6280474420636892
Tikitherium__biome,-0.019424861650913953,-0.010666310028017996,0.029445372104842923,NA,NA,NA
Tikitherium__mat_z_trans,-0.1856820993870497,-0.028276191449874897,0.049674159704174735,NA,NA,NA
Tikitherium__map_z_trans,-0.23553350500762463,-0.013976302612578703,0.028991864556958336,NA,NA,NA
Tikitherium__wmm_z_trans,0.013044474601047113,-0.021406653867217455,0.05400833703202456,NA,NA,NA
Tikitherium__cmm_z_trans,-0.011024692300707102,-0.018890925367277777,0.03266507633184602,NA,NA,NA
Tikitherium__wmmcmm_z_trans,0.043495754257310185,-0.0038787884373815483,0.013016551575848658,NA,NA,NA
Tikitherium__wetmon_z_trans,0.01614296598127112,-0.0037113476483096684,0.011225522789596088,NA,NA,NA
Tikitherium__drymon_z_trans,-0.00016517665120773016,-0.003734277537519003,0.007888331942758285,NA,NA,NA
Tikitherium__wetdry_z_trans,-0.01782355164119508,-0.0048654167345310835,0.008101886761099089,NA,NA,NA
Tikitherium__time,0.21166675749700517,-0.00014866564632806808,0.02070397488861076,NA,NA,NA
Titanogomphodon__lat_range_z_trans,0.15817661622916057,0.002435287546343197,0.01663584678551154,0.5493158009182662,0.0,1.3340307157486677
Titanogomphodon__biome,-0.06780267870519627,-0.01050966402366036,0.022207040577991034,NA,NA,NA
Titanogomphodon__mat_z_trans,-0.023473732336804394,-0.013640047412744813,0.029526359383003343,NA,NA,NA
Titanogomphodon__map_z_trans,0.09716608964876312,-0.009002906798424385,0.024994299982486014,NA,NA,NA
Titanogomphodon__wmm_z_trans,-0.006309576619679463,-0.016568136216308968,0.031674292968929284,NA,NA,NA
Titanogomphodon__cmm_z_trans,0.022769371359726922,-0.005724217971534491,0.013959291668359916,NA,NA,NA
Titanogomphodon__wmmcmm_z_trans,0.028823441537342103,-0.006112126620477932,0.022435642716611658,NA,NA,NA
Titanogomphodon__wetmon_z_trans,-0.06234688611703102,-0.018682503242141647,0.04006938517855132,NA,NA,NA
Titanogomphodon__drymon_z_trans,0.020652452837240487,-0.01153730086510275,0.021938221020356155,NA,NA,NA
Titanogomphodon__wetdry_z_trans,-0.06719211233679158,-0.017685244777503207,0.03936969261171295,NA,NA,NA
Titanogomphodon__time,0.07719793862500696,-0.00042284253697416055,0.010961898570643898,NA,NA,NA
Titanophoneus__lat_range_z_trans,-0.18066005000023727,-0.02104985167198642,-0.0073794215502961625,0.7477201507950667,0.0,2.000052905641496
Titanophoneus__biome,0.18891127613856903,-0.0064826561766614665,0.07545708246502417,NA,NA,NA
Titanophoneus__mat_z_trans,0.055208067394421995,-0.015536470547491072,0.03994180441409545,NA,NA,NA
Titanophoneus__map_z_trans,0.003731022939319175,-0.0036264065965368624,0.008434207590754007,NA,NA,NA
Titanophoneus__wmm_z_trans,0.003865170649148175,-0.01283285667705687,0.036399532498690934,NA,NA,NA
Titanophoneus__cmm_z_trans,0.01441752956231417,-0.015191024237028805,0.03167726477768776,NA,NA,NA
Titanophoneus__wmmcmm_z_trans,0.04184980641733556,-0.006606005238711825,0.03490067451876438,NA,NA,NA
Titanophoneus__wetmon_z_trans,0.011797112993604978,-0.009133285943165804,0.021739302105072814,NA,NA,NA
Titanophoneus__drymon_z_trans,0.016030017523290214,-0.002405457738237685,0.008955621041536034,NA,NA,NA
Titanophoneus__wetdry_z_trans,0.02010485582474501,-0.012316797481740414,0.016761627662083747,NA,NA,NA
Titanophoneus__time,0.002406114679226424,-0.0022688906099122873,0.006884275940743997,NA,NA,NA
Titanosuchus__lat_range_z_trans,0.16455112020025825,0.003378829080869513,0.016841033245155103,0.5663226575474255,0.0,1.0741899134591222
Titanosuchus__biome,-0.06257043838741297,-0.01166448011017139,0.015298371346720189,NA,NA,NA
Titanosuchus__mat_z_trans,0.07849800919371587,-0.014550239460751358,0.05170318752193341,NA,NA,NA
Titanosuchus__map_z_trans,-0.026990545389704686,-0.007029616853573113,0.00942240656885071,NA,NA,NA
Titanosuchus__wmm_z_trans,0.01062904530802871,-0.021422053837518874,0.046244488584530556,NA,NA,NA
Titanosuchus__cmm_z_trans,0.02190245242331772,-0.010404497107174322,0.03700803179107186,NA,NA,NA
Titanosuchus__wmmcmm_z_trans,-0.0218117434686873,-0.011812214960116895,0.023731216987479344,NA,NA,NA
Titanosuchus__wetmon_z_trans,0.0058977681354457625,-0.01541930706445187,0.027198853303998384,NA,NA,NA
Titanosuchus__drymon_z_trans,0.007591416070729879,-0.003205795444264768,0.008766941701397128,NA,NA,NA
Titanosuchus__wetdry_z_trans,0.026132145574196537,-0.010199385316013455,0.031276431110614816,NA,NA,NA
Titanosuchus__time,-0.026168305538150315,-0.005120941845362982,0.006281009302405622,NA,NA,NA
Traversodon__lat_range_z_trans,0.2842105094343424,0.0015151097810988535,0.013180955676935254,0.29101891530503055,0.0,0.9775667190551758
Traversodon__biome,-0.10537517368793488,-0.012244285623735567,0.018535484492257216,NA,NA,NA
Traversodon__mat_z_trans,-0.1485450439318083,-0.02177651081278921,0.032833186802742546,NA,NA,NA
Traversodon__map_z_trans,0.09922229416668416,-0.010352503517993737,0.023637892537143834,NA,NA,NA
Traversodon__wmm_z_trans,-0.07137896676082164,-0.016317196527923853,0.04045360789293411,NA,NA,NA
Traversodon__cmm_z_trans,0.06565548318438232,-0.006228382358861222,0.024374852555396308,NA,NA,NA
Traversodon__wmmcmm_z_trans,0.03048518078401685,-0.007335388389217618,0.022188535028892044,NA,NA,NA
Traversodon__wetmon_z_trans,-0.1255871055740863,-0.01773258608804487,0.024190836368263535,NA,NA,NA
Traversodon__drymon_z_trans,-0.02663395607843995,-0.007241766233204538,0.017317804805984587,NA,NA,NA
Traversodon__wetdry_z_trans,-0.07369294088741299,-0.00969206876463798,0.04238223312536305,NA,NA,NA
Traversodon__time,0.18499771053437145,-4.412438321976273e-05,0.014676582178244617,NA,NA,NA
Traversodontoides__lat_range_z_trans,0.13207957905453246,0.003804645066291513,0.02211061848019166,0.678763879314456,0.04615665599703789,1.861944280564785
Traversodontoides__biome,0.12843974001918948,-0.013927387144474312,0.059752244514628475,NA,NA,NA
Traversodontoides__mat_z_trans,0.007517382232803337,-0.005748292002574043,0.019438328343368564,NA,NA,NA
Traversodontoides__map_z_trans,0.04274443486854526,-0.004077524749816916,0.021771821561693425,NA,NA,NA
Traversodontoides__wmm_z_trans,0.00571325484971825,-0.006398642549688763,0.012759184045745902,NA,NA,NA
Traversodontoides__cmm_z_trans,0.011631417124117867,-0.0074390347272211875,0.017848311113092142,NA,NA,NA
Traversodontoides__wmmcmm_z_trans,-0.00425395794432083,-0.0052844820052329496,0.011250308253482583,NA,NA,NA
Traversodontoides__wetmon_z_trans,-0.0349784495932921,-0.022243897645032144,0.03402405268919216,NA,NA,NA
Traversodontoides__drymon_z_trans,-0.03523149263799713,-0.016950512142100777,0.018505938449267498,NA,NA,NA
Traversodontoides__wetdry_z_trans,-0.12594921953085422,-0.028261160569192978,0.04480981181282945,NA,NA,NA
Traversodontoides__time,0.049948235679295114,-0.0009234144494869608,0.011501352200665265,NA,NA,NA
Trichasaurus__lat_range_z_trans,0.021096227762401422,0.0016217708031494066,0.010173296885314086,2.970370892869687,0.6461013788357377,5.1317922323942184
Trichasaurus__biome,0.13248195451731162,0.0024809107737388805,0.0798575028148529,NA,NA,NA
Trichasaurus__mat_z_trans,-0.013449519276177815,-0.02984962053408366,0.029883108042407163,NA,NA,NA
Trichasaurus__map_z_trans,0.009985362112076136,-0.002548286314886563,0.00938127541550395,NA,NA,NA
Trichasaurus__wmm_z_trans,0.004662044244832846,-0.0026203111894986825,0.006015179548606822,NA,NA,NA
Trichasaurus__cmm_z_trans,0.0062051442338690675,-0.02598969101767761,0.039073046132017945,NA,NA,NA
Trichasaurus__wmmcmm_z_trans,0.011003709494800609,-0.015433989101286787,0.03096418361033732,NA,NA,NA
Trichasaurus__wetmon_z_trans,0.004229260252467055,-0.0012894138786737341,0.009101286157741417,NA,NA,NA
Trichasaurus__drymon_z_trans,0.0022926524962089776,-0.015445869193315743,0.030150766790874882,NA,NA,NA
Trichasaurus__wetdry_z_trans,0.017638712103048584,-0.010907845671879952,0.024540334511265943,NA,NA,NA
Trichasaurus__time,-0.018484623819101043,-0.007467357594115067,0.004631991555234681,NA,NA,NA
Tricuspes__lat_range_z_trans,-0.4178603923028441,-0.00878041012588154,-0.0063776794232415,0.43260588119970633,0.0,1.0476313531398773
Tricuspes__biome,0.3863820558146527,-0.0060347108230134104,0.045400651170655185,NA,NA,NA
Tricuspes__mat_z_trans,-0.14557122320214383,-0.01604529661425674,0.024514490474179314,NA,NA,NA
Tricuspes__map_z_trans,-0.35833946552505297,-0.020335886745857783,0.019844160529432008,NA,NA,NA
Tricuspes__wmm_z_trans,-0.002404971027018013,-0.007997081624542737,0.019257426790512452,NA,NA,NA
Tricuspes__cmm_z_trans,-0.0007714358291883603,-0.012286702154327466,0.02755110060737077,NA,NA,NA
Tricuspes__wmmcmm_z_trans,0.015511325868432214,-0.0041009258659031106,0.013541823521394906,NA,NA,NA
Tricuspes__wetmon_z_trans,0.19501706567632465,-0.009762079147272174,0.05138451523863944,NA,NA,NA
Tricuspes__drymon_z_trans,0.10276879958654854,-0.004108871230512941,0.018169936997659418,NA,NA,NA
Tricuspes__wetdry_z_trans,0.17413158413272187,-0.016576344519332646,0.04221836204487988,NA,NA,NA
Tricuspes__time,0.2287975809293048,-0.0014213940676289635,0.01826718351267522,NA,NA,NA
Trirachodon__lat_range_z_trans,-0.631707888841629,-0.024541938348202362,-0.02044159881010551,0.20445205283547693,0.0,0.43363073095679283
Trirachodon__biome,0.07257597011514008,-0.008573133258171366,0.02851325974078837,NA,NA,NA
Trirachodon__mat_z_trans,0.08954908231738955,-0.009035721170223622,0.034214886544256966,NA,NA,NA
Trirachodon__map_z_trans,0.13099184298189356,-0.008715428717170405,0.03247756449608027,NA,NA,NA
Trirachodon__wmm_z_trans,0.08850181814384996,-0.009092282709189424,0.04968888898625774,NA,NA,NA
Trirachodon__cmm_z_trans,0.0802475718013011,-0.006456782514686618,0.02249867886066302,NA,NA,NA
Trirachodon__wmmcmm_z_trans,0.04706084431381896,-0.0056805432751552,0.019341170265005227,NA,NA,NA
Trirachodon__wetmon_z_trans,0.032479212491307405,-0.012080933721385082,0.03454513289671302,NA,NA,NA
Trirachodon__drymon_z_trans,0.012660839603631758,-0.008605284234748602,0.023368135084251625,NA,NA,NA
Trirachodon__wetdry_z_trans,0.0172862692122726,-0.01296938135203801,0.03359826234510894,NA,NA,NA
Trirachodon__time,0.08714556657476351,-0.0016982736175588198,0.015967591055137415,NA,NA,NA
Trochorhinus__lat_range_z_trans,0.32472060524151064,0.0025589772942531367,0.018127829947438112,0.36728159318096004,0.0,0.7429998442530632
Trochorhinus__biome,-0.06692326091608725,-0.011102216532150396,0.021818887245357438,NA,NA,NA
Trochorhinus__mat_z_trans,0.14729305320978658,-0.016121654288537474,0.05471291929538045,NA,NA,NA
Trochorhinus__map_z_trans,-0.09507765498973413,-0.006312642002379493,0.00918612869579218,NA,NA,NA
Trochorhinus__wmm_z_trans,-0.04992311975637064,-0.019237144733317856,0.05307415019281006,NA,NA,NA
Trochorhinus__cmm_z_trans,0.026775554313994115,-0.009089126092657718,0.018834669906837447,NA,NA,NA
Trochorhinus__wmmcmm_z_trans,-0.0898281711484355,-0.010331627146650497,0.010771247688856546,NA,NA,NA
Trochorhinus__wetmon_z_trans,0.03300872673040142,-0.013846638792720274,0.03979052588473406,NA,NA,NA
Trochorhinus__drymon_z_trans,0.010353204009507762,-0.002878825317800391,0.00973444217197831,NA,NA,NA
Trochorhinus__wetdry_z_trans,0.01935708632497019,-0.016063758489044132,0.0306627339827269,NA,NA,NA
Trochorhinus__time,-0.08209509889780568,-0.005025046817524423,0.00705843645224562,NA,NA,NA
Trochosaurus__lat_range_z_trans,0.21838266798979075,0.00336163429404703,0.017447303818385596,0.46184566324576737,0.0,0.9855445681605488
Trochosaurus__biome,-0.07567364134351139,-0.01230026390653753,0.01924423695263579,NA,NA,NA
Trochosaurus__mat_z_trans,0.0952666141275511,-0.01695636042633055,0.048256740660079955,NA,NA,NA
Trochosaurus__map_z_trans,-0.034803672628704624,-0.006021032740156032,0.00827413512530126,NA,NA,NA
Trochosaurus__wmm_z_trans,-0.015922129792827023,-0.02131303747705204,0.038863217091502915,NA,NA,NA
Trochosaurus__cmm_z_trans,0.0029648646381899364,-0.011403279635780725,0.031172582754939525,NA,NA,NA
Trochosaurus__wmmcmm_z_trans,-0.005635001301106707,-0.010678136615965653,0.031139324204547954,NA,NA,NA
Trochosaurus__wetmon_z_trans,0.029462476053187026,-0.010275021841443339,0.042905382275875405,NA,NA,NA
Trochosaurus__drymon_z_trans,0.001695404126614013,-0.003527086456581674,0.006652556463143441,NA,NA,NA
Trochosaurus__wetdry_z_trans,0.007556368371658137,-0.01296060526424952,0.02338561593272154,NA,NA,NA
Trochosaurus__time,-0.04563302611910372,-0.005376512848479475,0.006430876185023748,NA,NA,NA
Trochosuchus__lat_range_z_trans,0.30177514739421046,0.0026924294761359736,0.016646579307265912,0.3828736705670599,0.0,0.8299983404576778
Trochosuchus__biome,-0.05898507352894986,-0.01168120370146938,0.02003603508965315,NA,NA,NA
Trochosuchus__mat_z_trans,0.14150572544198028,-0.016962408110463845,0.05024224922803322,NA,NA,NA
Trochosuchus__map_z_trans,-0.08890384987995575,-0.006541278085682888,0.008435517119514162,NA,NA,NA
Trochosuchus__wmm_z_trans,-0.11015577017255897,-0.02024037322761619,0.048737386268079746,NA,NA,NA
Trochosuchus__cmm_z_trans,0.01480914665257988,-0.00956312940296353,0.025203897198004754,NA,NA,NA
Trochosuchus__wmmcmm_z_trans,-0.016945395962779036,-0.01014071648470229,0.016321353698911134,NA,NA,NA
Trochosuchus__wetmon_z_trans,0.035594348487533824,-0.014568749208776691,0.03653918570168692,NA,NA,NA
Trochosuchus__drymon_z_trans,0.013337968779046663,-0.0028488574599758337,0.008939027125567864,NA,NA,NA
Trochosuchus__wetdry_z_trans,0.021444775198966422,-0.012308310727021807,0.036189059107064665,NA,NA,NA
Trochosuchus__time,-0.07581609828833641,-0.0052871059859930375,0.006481681620375565,NA,NA,NA
Tropidostoma__lat_range_z_trans,-0.6350998076796531,-0.022891036925565152,-0.031094359766013886,0.04470704543091415,0.0,0.33601630944758654
Tropidostoma__biome,-0.05434681907296181,-0.0181246997505928,0.03870192704020613,NA,NA,NA
Tropidostoma__mat_z_trans,0.12882093589054422,-0.01396238912718457,0.05923574258176136,NA,NA,NA
Tropidostoma__map_z_trans,0.07401370505685918,-0.0015449909216906762,0.016514262611917026,NA,NA,NA
Tropidostoma__wmm_z_trans,0.11608406246406958,-0.0027347370163729764,0.024975522149590382,NA,NA,NA
Tropidostoma__cmm_z_trans,0.026320236949250102,-0.021486813961818764,0.07566786338551805,NA,NA,NA
Tropidostoma__wmmcmm_z_trans,0.09381405283231288,-0.016062881161046053,0.04606951721502553,NA,NA,NA
Tropidostoma__wetmon_z_trans,0.015959452791066725,-0.00387254402095081,0.013854276414651848,NA,NA,NA
Tropidostoma__drymon_z_trans,0.03513745825388469,-0.002099510036071284,0.010212745963671525,NA,NA,NA
Tropidostoma__wetdry_z_trans,0.03765806352777872,-0.004073804819208264,0.01299633012316264,NA,NA,NA
Tropidostoma__time,0.028684780296025565,-0.000596295178028166,0.006638143744666478,NA,NA,NA
Trucidocynodon__lat_range_z_trans,-0.0988386518787781,-0.008415043963722276,-0.0016298645736689881,0.9686940091039287,0.0,3.5505505204200745
Trucidocynodon__biome,0.03452334098702118,-0.008047134961079424,0.021504528103182215,NA,NA,NA
Trucidocynodon__mat_z_trans,-0.0254619681498207,-0.01532166079640823,0.03390051605801041,NA,NA,NA
Trucidocynodon__map_z_trans,-0.04298924647517817,-0.019643917213046955,0.0235837500817362,NA,NA,NA
Trucidocynodon__wmm_z_trans,0.015597828644785297,-0.0067518587322649495,0.02160181345658885,NA,NA,NA
Trucidocynodon__cmm_z_trans,0.016611178153240466,-0.010985488801257534,0.028567165087216993,NA,NA,NA
Trucidocynodon__wmmcmm_z_trans,0.00869217928376889,-0.007627945086329379,0.012704794263770176,NA,NA,NA
Trucidocynodon__wetmon_z_trans,0.05005028925715393,-0.014077834443680819,0.041436091738818674,NA,NA,NA
Trucidocynodon__drymon_z_trans,0.046236657111357334,-0.004346747405428574,0.024531384158575593,NA,NA,NA
Trucidocynodon__wetdry_z_trans,0.10192909449706546,-0.010036867810737858,0.04830070281777631,NA,NA,NA
Trucidocynodon__time,0.0713102226911219,-0.0021952037045735147,0.01927109027215066,NA,NA,NA
Turfanodon__lat_range_z_trans,-0.22915347200889033,-0.06430339466313069,-0.02551303271256441,1.277271596021401,0.2404038067907095,3.4709157031029463
Turfanodon__biome,0.19176276853451613,0.004353399754670418,0.08817356192040468,NA,NA,NA
Turfanodon__mat_z_trans,0.03407099088214044,-0.0008074555292273802,0.02020263236289744,NA,NA,NA
Turfanodon__map_z_trans,0.07112505133848164,-0.0030362116052451674,0.04586227583506885,NA,NA,NA
Turfanodon__wmm_z_trans,0.024188758556833067,-0.0022396228532344845,0.023664976750611844,NA,NA,NA
Turfanodon__cmm_z_trans,0.017349684468103307,-0.0063101616908884765,0.018191471955724965,NA,NA,NA
Turfanodon__wmmcmm_z_trans,0.00960707189662245,-0.004512825160397962,0.010814373447637193,NA,NA,NA
Turfanodon__wetmon_z_trans,0.02701411809888568,-0.010336931410893372,0.03924491933531284,NA,NA,NA
Turfanodon__drymon_z_trans,0.020482309304670897,-0.00593711637503386,0.023166745814356262,NA,NA,NA
Turfanodon__wetdry_z_trans,0.0057833866664309405,-0.01286021460547364,0.02570066801228728,NA,NA,NA
Turfanodon__time,0.005430256383943278,-0.0014591687796748972,0.004263378742420185,NA,NA,NA
Ufudocyclops__lat_range_z_trans,0.30175832235650607,0.0017062407359749868,0.016673426698556367,0.35637897164851895,0.0,0.9775667190551758
Ufudocyclops__biome,-0.11846519957023285,-0.010757571624637688,0.020158847637229447,NA,NA,NA
Ufudocyclops__mat_z_trans,-0.11318202803475436,-0.01452299334362774,0.029175474151810685,NA,NA,NA
Ufudocyclops__map_z_trans,0.17032942958800276,-0.008669714303268057,0.02847954942218238,NA,NA,NA
Ufudocyclops__wmm_z_trans,-0.09363841379667977,-0.013690393869472017,0.04512583142113826,NA,NA,NA
Ufudocyclops__cmm_z_trans,0.06398278955227416,-0.005294458320496124,0.014634637297358935,NA,NA,NA
Ufudocyclops__wmmcmm_z_trans,0.07058184913004852,-0.006889006533538204,0.025943070588286862,NA,NA,NA
Ufudocyclops__wetmon_z_trans,-0.13102978359024609,-0.019775491926486217,0.03269888880371717,NA,NA,NA
Ufudocyclops__drymon_z_trans,-0.004344703905376382,-0.010394827811486327,0.021326873723846774,NA,NA,NA
Ufudocyclops__wetdry_z_trans,-0.14338931969066343,-0.018458041746920232,0.027835167582545974,NA,NA,NA
Ufudocyclops__time,0.17505798208285892,-0.000703444174571888,0.01172020413748427,NA,NA,NA
Ulemica__lat_range_z_trans,-0.20642538224807483,-0.018011455286766682,-0.006732770157654217,0.6272934738310869,0.0,2.039284773170948
Ulemica__biome,0.19842331576680985,-0.006524829921444161,0.06503269108216891,NA,NA,NA
Ulemica__mat_z_trans,0.058288335283176104,-0.016460624277407413,0.04277978342201651,NA,NA,NA
Ulemica__map_z_trans,0.0043009340185412364,-0.004089927449647695,0.00964928747578037,NA,NA,NA
Ulemica__wmm_z_trans,0.016670234421263443,-0.01838765675672272,0.03269629162229805,NA,NA,NA
Ulemica__cmm_z_trans,0.013638833746888845,-0.0094085172453979,0.04177435430201574,NA,NA,NA
Ulemica__wmmcmm_z_trans,0.04244749452126912,-0.00845417760095268,0.027425317377138474,NA,NA,NA
Ulemica__wetmon_z_trans,0.01503510631517617,-0.010644598735177833,0.02246629893152056,NA,NA,NA
Ulemica__drymon_z_trans,0.013486033965221335,-0.0023758705258454214,0.009090303673877817,NA,NA,NA
Ulemica__wetdry_z_trans,0.020236001890536703,-0.011016749283872852,0.0225543577004864,NA,NA,NA
Ulemica__time,0.0015600164409294997,-0.0020752958352941507,0.007036056034508479,NA,NA,NA
Ulemosaurus__lat_range_z_trans,-0.18025001094838053,-0.01760870766040155,-0.007951583730363919,0.7182336972655321,0.0,2.000052905641496
Ulemosaurus__biome,0.18325569099867414,-0.009636111788545246,0.06856334891984771,NA,NA,NA
Ulemosaurus__mat_z_trans,0.05012036371639598,-0.017662922056978364,0.034735495856850436,NA,NA,NA
Ulemosaurus__map_z_trans,0.005536770522797891,-0.003952815506562125,0.010173152195008034,NA,NA,NA
Ulemosaurus__wmm_z_trans,0.027261569173336747,-0.011321213637839648,0.03922176398742629,NA,NA,NA
Ulemosaurus__cmm_z_trans,0.012995647902795162,-0.015127088559537948,0.03413335605127247,NA,NA,NA
Ulemosaurus__wmmcmm_z_trans,0.024746287038948978,-0.008996996860380208,0.03760669231194628,NA,NA,NA
Ulemosaurus__wetmon_z_trans,0.009189871666175587,-0.007473709047392126,0.023260894508070666,NA,NA,NA
Ulemosaurus__drymon_z_trans,0.018845000393260248,-0.0025284185725282563,0.00958382087851733,NA,NA,NA
Ulemosaurus__wetdry_z_trans,0.023267021659942145,-0.010940957421610794,0.018061237578559777,NA,NA,NA
Ulemosaurus__time,0.0026927119977911093,-0.002200761806753245,0.006383792907022027,NA,NA,NA
Uniserium__lat_range_z_trans,0.08149764683291286,0.001008156315049248,0.009696614232948512,0.8234981358901132,0.11157451197504997,1.678474247455597
Uniserium__biome,0.058215868224403,-0.009629074667264427,0.031009782220437453,NA,NA,NA
Uniserium__mat_z_trans,-0.08105830990804724,-0.01453106969551663,0.027159421219382234,NA,NA,NA
Uniserium__map_z_trans,-0.17968551332042915,-0.019378099397443338,0.019373861735027795,NA,NA,NA
Uniserium__wmm_z_trans,-0.029450766661548437,-0.009448597321933296,0.019166167778225295,NA,NA,NA
Uniserium__cmm_z_trans,-0.0014461748774773412,-0.01076341256952848,0.025386075842774577,NA,NA,NA
Uniserium__wmmcmm_z_trans,-0.010156771649724365,-0.0065877199154242266,0.013634634870472336,NA,NA,NA
Uniserium__wetmon_z_trans,0.09381542824901372,-0.013418551478807205,0.04571821162608648,NA,NA,NA
Uniserium__drymon_z_trans,0.045002314653175474,-0.0077510519551667505,0.018958759609192372,NA,NA,NA
Uniserium__wetdry_z_trans,0.08639272350379017,-0.015459326589502343,0.04187762963717909,NA,NA,NA
Uniserium__time,0.1145344790756688,-0.0014909556429920643,0.02179081269243097,NA,NA,NA
Uralocynodon__lat_range_z_trans,0.035688823494140084,0.004283318275022772,0.01823978986710204,2.432240326274223,0.5732714310288429,5.151524353772402
Uralocynodon__biome,0.08497498453402617,-0.008965364454545849,0.06717503280563429,NA,NA,NA
Uralocynodon__mat_z_trans,0.021073045358742097,-0.010909262471994946,0.04298514222776639,NA,NA,NA
Uralocynodon__map_z_trans,0.002951238447720611,-0.0057038803658021235,0.008569475047250013,NA,NA,NA
Uralocynodon__wmm_z_trans,0.0027922295322045593,-0.024308372124127738,0.02481103811601587,NA,NA,NA
Uralocynodon__cmm_z_trans,0.015874085969652004,-0.012772331336878565,0.03311255104887185,NA,NA,NA
Uralocynodon__wmmcmm_z_trans,0.0010423095833429958,-0.01377636101031497,0.0281044695507473,NA,NA,NA
Uralocynodon__wetmon_z_trans,0.0030497083291232277,-0.01692414032415164,0.015392197933212368,NA,NA,NA
Uralocynodon__drymon_z_trans,0.0031318338217365274,-0.0037205997666671406,0.006305362861005028,NA,NA,NA
Uralocynodon__wetdry_z_trans,0.010490130337067888,-0.010717246212500238,0.024164725394513795,NA,NA,NA
Uralocynodon__time,-0.0034074652860187145,-0.003935463126569076,0.0049121866120381535,NA,NA,NA
Uralokannemeyeria__lat_range_z_trans,0.08365718095595065,0.002543442955574649,0.017498677081760457,0.9739252400581973,0.04615665599703789,3.0341365493368357
Uralokannemeyeria__biome,0.10683099274700522,-0.007132761909232807,0.06387039904556502,NA,NA,NA
Uralokannemeyeria__mat_z_trans,0.007372561184261043,-0.009186146667642503,0.0167839634428863,NA,NA,NA
Uralokannemeyeria__map_z_trans,0.03533500224111013,-0.008253646078921316,0.021615536429273236,NA,NA,NA
Uralokannemeyeria__wmm_z_trans,-0.00792955891103643,-0.016723180993217967,0.013298522336593255,NA,NA,NA
Uralokannemeyeria__cmm_z_trans,0.015690784585987168,-0.005805335504870682,0.014125422719522615,NA,NA,NA
Uralokannemeyeria__wmmcmm_z_trans,0.0024496176415384637,-0.005204560541648514,0.02724012738308828,NA,NA,NA
Uralokannemeyeria__wetmon_z_trans,-0.017747457448307156,-0.022994505221456615,0.026927148670868668,NA,NA,NA
Uralokannemeyeria__drymon_z_trans,-0.014285275524906688,-0.012589120649374055,0.02409661132571945,NA,NA,NA
Uralokannemeyeria__wetdry_z_trans,-0.06703523018402846,-0.02166785364512207,0.036749341514899246,NA,NA,NA
Uralokannemeyeria__time,0.0333223068341635,-0.00043603466261762377,0.01156622151398056,NA,NA,NA
Urumchia__lat_range_z_trans,0.018220621482259624,0.004103152799223453,0.01434263426939716,4.798510167337372,1.0497078001499176,7.945844313129783
Urumchia__biome,0.06191086650634117,-0.00017795195919380008,0.07556147409551206,NA,NA,NA
Urumchia__mat_z_trans,0.012588346691532672,-0.007237812249318146,0.015209988210512315,NA,NA,NA
Urumchia__map_z_trans,0.0370219583695459,-0.013056431561057723,0.040736814390982645,NA,NA,NA
Urumchia__wmm_z_trans,0.010445025824269066,-0.010653344990528162,0.01834002109933646,NA,NA,NA
Urumchia__cmm_z_trans,0.008493759769807081,-0.0056157560690866535,0.01129300495447948,NA,NA,NA
Urumchia__wmmcmm_z_trans,0.004647152405178861,-0.004224505773890195,0.008574227715645154,NA,NA,NA
Urumchia__wetmon_z_trans,0.01014217480660344,-0.032628589405470546,0.03411841058739746,NA,NA,NA
Urumchia__drymon_z_trans,0.013371590030089043,-0.011449858082938644,0.028618775124260955,NA,NA,NA
Urumchia__wetdry_z_trans,0.0004641225430977115,-0.02375345824538298,0.024398932204926897,NA,NA,NA
Urumchia__time,0.00035530569301292926,-0.0027551473808861177,0.0025776888117065,NA,NA,NA
Ustia__lat_range_z_trans,0.07602426760226165,0.003330401888818763,0.018829209490137434,1.1125762386765563,0.0,2.2665759846568108
Ustia__biome,0.12399056575280533,-0.011121921999955552,0.05263907195578612,NA,NA,NA
Ustia__mat_z_trans,0.036097041078905254,-0.016028420861502805,0.04901938818093359,NA,NA,NA
Ustia__map_z_trans,-0.017900944482641973,-0.005713503547638767,0.010563008368109118,NA,NA,NA
Ustia__wmm_z_trans,-0.02685363074612903,-0.02088644341152112,0.04262915319689053,NA,NA,NA
Ustia__cmm_z_trans,0.0089921939763056,-0.006510160062699461,0.015335829482377616,NA,NA,NA
Ustia__wmmcmm_z_trans,-0.01347929559643969,-0.008868963204993705,0.018032235128383305,NA,NA,NA
Ustia__wetmon_z_trans,0.0022477469450974744,-0.015150213063695748,0.030789089292698364,NA,NA,NA
Ustia__drymon_z_trans,8.984816324033526e-05,-0.0035278232466357685,0.006917078520564902,NA,NA,NA
Ustia__wetdry_z_trans,0.004519511531772714,-0.01779009212701614,0.025221190949713344,NA,NA,NA
Ustia__time,-0.01606638010344018,-0.00518256328168921,0.00379671689856277,NA,NA,NA
Varanodon__lat_range_z_trans,0.030187282201019957,0.0011791001768401426,0.010652547566262221,1.7067810834170087,0.04021547548472881,3.377444490790367
Varanodon__biome,0.2026448986292781,-0.005203051108238849,0.08609179587720975,NA,NA,NA
Varanodon__mat_z_trans,-0.019291729394379706,-0.017871126568094597,0.02739133636692457,NA,NA,NA
Varanodon__map_z_trans,-0.015322969857112224,-0.008584294891485041,0.008502162035447545,NA,NA,NA
Varanodon__wmm_z_trans,0.010575609918611433,-0.007341796311616408,0.025289918623764125,NA,NA,NA
Varanodon__cmm_z_trans,-0.016887953936152396,-0.025625082167190737,0.03246918266578385,NA,NA,NA
Varanodon__wmmcmm_z_trans,-0.009693160830947305,-0.018654903279061694,0.030052974543818927,NA,NA,NA
Varanodon__wetmon_z_trans,1.3431904210226791e-05,-0.004665395716863774,0.006867643419208853,NA,NA,NA
Varanodon__drymon_z_trans,0.00902827360998255,-0.006316167807503265,0.02146306759973342,NA,NA,NA
Varanodon__wetdry_z_trans,-0.004891517870587839,-0.010744892530169407,0.021290348188735483,NA,NA,NA
Varanodon__time,-0.008701240252185332,-0.003622092715145887,0.0037009945772683754,NA,NA,NA
Varanops__lat_range_z_trans,-0.05370060579638971,-0.007313443761799522,-0.0013033869851176005,1.1966304211626992,0.3008446153253317,2.20670298486948
Varanops__biome,0.3128973831579515,0.004755878242285945,0.08753028309222342,NA,NA,NA
Varanops__mat_z_trans,-0.054472979342611985,-0.02207252663471575,0.037902362874342496,NA,NA,NA
Varanops__map_z_trans,-0.0004971698066821941,-0.00496983480691519,0.010294949250377942,NA,NA,NA
Varanops__wmm_z_trans,0.02020929520935773,-0.0047814452094304336,0.018657876371621095,NA,NA,NA
Varanops__cmm_z_trans,-0.022779956220344722,-0.025012537607047736,0.037910878115392996,NA,NA,NA
Varanops__wmmcmm_z_trans,-0.003757042852493475,-0.016281091098435885,0.03141850886152433,NA,NA,NA
Varanops__wetmon_z_trans,0.0037054138648427238,-0.0036239463683754875,0.006274364086762705,NA,NA,NA
Varanops__drymon_z_trans,-0.019710958225417043,-0.013458991559160482,0.022334608799113365,NA,NA,NA
Varanops__wetdry_z_trans,0.015397942678541698,-0.009682643464988873,0.017462267415148516,NA,NA,NA
Varanops__time,-0.01963039854501708,-0.005009120649946095,0.005289259582767837,NA,NA,NA
Varanosaurus__lat_range_z_trans,-0.08941383299263084,-0.013333268918128268,-0.005508651937589872,1.2007941959457822,0.22175334952771664,2.12933686748147
Varanosaurus__biome,0.3098434433245741,0.005417852722097114,0.09540692648953711,NA,NA,NA
Varanosaurus__mat_z_trans,-0.040938192689047255,-0.018942835009894826,0.03476621724110326,NA,NA,NA
Varanosaurus__map_z_trans,-0.011044043886289876,-0.0057260884275623794,0.01023695842820176,NA,NA,NA
Varanosaurus__wmm_z_trans,0.013384356852167939,-0.004790430327631716,0.021787378264467323,NA,NA,NA
Varanosaurus__cmm_z_trans,-0.013424482154379497,-0.028324766893631313,0.03923582316488841,NA,NA,NA
Varanosaurus__wmmcmm_z_trans,-0.0020425006119181768,-0.017085294148671337,0.027681596535138842,NA,NA,NA
Varanosaurus__wetmon_z_trans,0.002939423255059754,-0.0045580399012690774,0.006372466246942312,NA,NA,NA
Varanosaurus__drymon_z_trans,0.025865395806677502,-0.0068319181919155566,0.021842795827032177,NA,NA,NA
Varanosaurus__wetdry_z_trans,-0.007856207619364154,-0.010028041538757934,0.01729784047158637,NA,NA,NA
Varanosaurus__time,-0.00965243516311203,-0.003246872283164219,0.004652620732849403,NA,NA,NA
Vaughnictis__lat_range_z_trans,0.039657501546665044,0.0018562565555526739,0.00921746144008413,1.5324807274347405,0.37594377249479294,3.006178170442581
Vaughnictis__biome,0.2163417503067585,0.0009997299980775336,0.06834801829337984,NA,NA,NA
Vaughnictis__mat_z_trans,-0.048656113852520035,-0.0227860217737709,0.029207724141992346,NA,NA,NA
Vaughnictis__map_z_trans,0.06670251063504871,-0.007464431732808927,0.02974553779729929,NA,NA,NA
Vaughnictis__wmm_z_trans,0.004523627944547424,-0.0019358380430500412,0.00519003226495718,NA,NA,NA
Vaughnictis__cmm_z_trans,-0.015354166430066367,-0.018519239919372585,0.03559395244374417,NA,NA,NA
Vaughnictis__wmmcmm_z_trans,-0.0033387280546351627,-0.01652035704553921,0.024678360888710758,NA,NA,NA
Vaughnictis__wetmon_z_trans,-0.01175559185017633,-0.012379729155219827,0.027455318272872616,NA,NA,NA
Vaughnictis__drymon_z_trans,-0.016125624812566634,-0.012989770871658157,0.02551538446116555,NA,NA,NA
Vaughnictis__wetdry_z_trans,-0.010428548532800232,-0.009032506977875823,0.013798874485298266,NA,NA,NA
Vaughnictis__time,-0.04390569277851744,-0.008677793952864249,0.005021306974652934,NA,NA,NA
Venyukovia__lat_range_z_trans,0.0844752309542078,0.0016851608864949747,0.012411939856864274,0.7720747688470874,0.18263564305379987,1.4430986251682043
Venyukovia__biome,0.2280050616673088,-0.004059569583727671,0.05178641459675437,NA,NA,NA
Venyukovia__mat_z_trans,-0.03776241673089372,-0.020884321730358278,0.027686088312876278,NA,NA,NA
Venyukovia__map_z_trans,-0.05931611541022205,-0.00761091663267476,0.012351983233345961,NA,NA,NA
Venyukovia__wmm_z_trans,0.025556054719706917,-0.00790501559888823,0.023495045574743877,NA,NA,NA
Venyukovia__cmm_z_trans,-0.02649712427153207,-0.020400849977652655,0.04521881378664712,NA,NA,NA
Venyukovia__wmmcmm_z_trans,-0.014304710411862995,-0.01996553008564795,0.036072039738677765,NA,NA,NA
Venyukovia__wetmon_z_trans,0.005961489149202822,-0.005025093906198743,0.009050691439702932,NA,NA,NA
Venyukovia__drymon_z_trans,0.025851408094517664,-0.008408193150614933,0.027637088340836113,NA,NA,NA
Venyukovia__wetdry_z_trans,-0.025384409216947318,-0.010594577638979382,0.02332616050578507,NA,NA,NA
Venyukovia__time,-0.028923544421748375,-0.004280795500281878,0.00473570607792336,NA,NA,NA
Vetusodon__lat_range_z_trans,0.1122799493238807,0.00516303180629421,0.021239100049583803,0.7668328533205204,0.2287312636617571,1.3301963824778795
Vetusodon__biome,-0.09211156793504688,-0.019122947424193383,0.02157900327521829,NA,NA,NA
Vetusodon__mat_z_trans,0.05231690769662779,-0.012069048278543468,0.03941694406282612,NA,NA,NA
Vetusodon__map_z_trans,0.013137075391748262,-0.01267778907264748,0.013146687424052325,NA,NA,NA
Vetusodon__wmm_z_trans,0.02898082651784675,-0.00673977948608489,0.021595669245560403,NA,NA,NA
Vetusodon__cmm_z_trans,0.02263459846464451,-0.014668356323596022,0.052560762081438554,NA,NA,NA
Vetusodon__wmmcmm_z_trans,0.027346323845624774,-0.019770510849114117,0.03904175572107546,NA,NA,NA
Vetusodon__wetmon_z_trans,0.02214700620439945,-0.006263775593804948,0.03272523707461573,NA,NA,NA
Vetusodon__drymon_z_trans,0.0004649392361339053,-0.007793043708325291,0.008881422467213579,NA,NA,NA
Vetusodon__wetdry_z_trans,-0.00836152619750309,-0.010797562962527379,0.01738325047999007,NA,NA,NA
Vetusodon__time,-0.0011736084266187072,-0.0027099210259867333,0.0062021395825827665,NA,NA,NA
Viatkogorgon__lat_range_z_trans,0.04475603928887129,0.0027397613685529788,0.018178269052330404,1.9415235376751299,0.0,7.217591047286987
Viatkogorgon__biome,0.09397198194967318,-0.014800821774912013,0.06977875809239743,NA,NA,NA
Viatkogorgon__mat_z_trans,0.02030388921008929,-0.017131851841301993,0.0366865064766737,NA,NA,NA
Viatkogorgon__map_z_trans,-0.004686869992043549,-0.006106833425368599,0.008072471015916505,NA,NA,NA
Viatkogorgon__wmm_z_trans,0.0004334069706449638,-0.018231311518627485,0.03257808681226715,NA,NA,NA
Viatkogorgon__cmm_z_trans,0.004851190850004117,-0.012244534695267576,0.018864656184493848,NA,NA,NA
Viatkogorgon__wmmcmm_z_trans,0.00818411213864691,-0.008064520741507899,0.026267846138827447,NA,NA,NA
Viatkogorgon__wetmon_z_trans,0.0055267977953422694,-0.013495105291547852,0.0253344674705444,NA,NA,NA
Viatkogorgon__drymon_z_trans,0.0018180378929259762,-0.003459686204350062,0.005636619292953813,NA,NA,NA
Viatkogorgon__wetdry_z_trans,0.01023650310751003,-0.012076835223509207,0.029472760790578537,NA,NA,NA
Viatkogorgon__time,-0.007734165089927032,-0.004577963570689795,0.002901530137173868,NA,NA,NA
Viatkosuchus__lat_range_z_trans,0.05728469591686538,0.0026537042548509912,0.01968618890181747,1.4854628135095118,0.05882244312670082,3.761412378400564
Viatkosuchus__biome,0.10300049249400896,-0.011066650889672023,0.051995608601219254,NA,NA,NA
Viatkosuchus__mat_z_trans,0.030014249321055817,-0.015948766587977916,0.044982313366677004,NA,NA,NA
Viatkosuchus__map_z_trans,-0.011403611181244826,-0.005655073325329413,0.007568083489486636,NA,NA,NA
Viatkosuchus__wmm_z_trans,-0.015153300888935134,-0.020119797352397602,0.035613839135011316,NA,NA,NA
Viatkosuchus__cmm_z_trans,0.010983801225430516,-0.007587563102670552,0.02233773533158745,NA,NA,NA
Viatkosuchus__wmmcmm_z_trans,-0.002178313703207589,-0.008824888319069694,0.02452467110579381,NA,NA,NA
Viatkosuchus__wetmon_z_trans,0.008353503224289738,-0.015074923100588127,0.028790638570694225,NA,NA,NA
Viatkosuchus__drymon_z_trans,0.001521078688528661,-0.0035102915009782836,0.006468106469713742,NA,NA,NA
Viatkosuchus__wetdry_z_trans,0.005451427597306525,-0.01770168311426543,0.02643175904101911,NA,NA,NA
Viatkosuchus__time,-0.010213098572360602,-0.004613769880431462,0.005373027451137103,NA,NA,NA
Vinceria__lat_range_z_trans,0.1004368393941091,0.003710792357666674,0.018954753914040688,0.793695036706049,0.004428609274327755,1.6916299741715193
Vinceria__biome,-0.036559395281589954,-0.015451677092951402,0.02085700952443261,NA,NA,NA
Vinceria__mat_z_trans,0.019500754591947264,-0.007092739089968917,0.03344067535133908,NA,NA,NA
Vinceria__map_z_trans,0.05593213680092201,-0.003786528947578069,0.027392211771585007,NA,NA,NA
Vinceria__wmm_z_trans,0.013982516962722406,-0.011849805683727607,0.018173056004363395,NA,NA,NA
Vinceria__cmm_z_trans,0.024713818351636805,-0.006523611987889147,0.021349380483597583,NA,NA,NA
Vinceria__wmmcmm_z_trans,-0.0005757429419415183,-0.0070242141478646805,0.014128898545896494,NA,NA,NA
Vinceria__wetmon_z_trans,-0.02827250656504466,-0.024671247179400287,0.03751993112273455,NA,NA,NA
Vinceria__drymon_z_trans,0.023139583830148063,-0.010856185500587572,0.025417809811620524,NA,NA,NA
Vinceria__wetdry_z_trans,-0.03598562683921982,-0.023495128440268267,0.04458894143475638,NA,NA,NA
Vinceria__time,0.041348545818047734,-0.00040935720596023883,0.011949303499790807,NA,NA,NA
Vivaxosaurus__lat_range_z_trans,-0.23543912945964193,-0.0469998046974339,-0.023633133610922844,0.9519624968670541,0.32975594885647297,1.5717823193408549
Vivaxosaurus__biome,0.2498439484173399,0.002717650189616117,0.09563058000778592,NA,NA,NA
Vivaxosaurus__mat_z_trans,0.03416834340860674,-0.015308985327941478,0.039770829473168054,NA,NA,NA
Vivaxosaurus__map_z_trans,0.020190903353923175,-0.003142264693419967,0.013200478538811468,NA,NA,NA
Vivaxosaurus__wmm_z_trans,0.027910337282737348,-0.00353180906837316,0.01706054025735415,NA,NA,NA
Vivaxosaurus__cmm_z_trans,0.012855368406234103,-0.01785842491638571,0.05111437889105681,NA,NA,NA
Vivaxosaurus__wmmcmm_z_trans,0.030706265892614604,-0.011760746528397217,0.038468655587784756,NA,NA,NA
Vivaxosaurus__wetmon_z_trans,0.005623376805891764,-0.005020858528798409,0.01310530426325333,NA,NA,NA
Vivaxosaurus__drymon_z_trans,0.010552183625797115,-0.002350913435654138,0.0076172711000756085,NA,NA,NA
Vivaxosaurus__wetdry_z_trans,0.015100510373532976,-0.002979527914251795,0.015938260609360374,NA,NA,NA
Vivaxosaurus__time,0.006148816014701694,-0.001214017997489841,0.005498806346429465,NA,NA,NA
Wadiasaurus__lat_range_z_trans,0.09439118866994568,0.0040475067135261255,0.021205388813587127,0.8350346561567857,0.221882663667202,1.8254386726766825
Wadiasaurus__biome,-0.032438798712807825,-0.01676163356599753,0.02380737560847034,NA,NA,NA
Wadiasaurus__mat_z_trans,0.018791628981919602,-0.007250111353778845,0.023525249002086687,NA,NA,NA
Wadiasaurus__map_z_trans,0.04821611297698355,-0.00413011558154662,0.022328498965132376,NA,NA,NA
Wadiasaurus__wmm_z_trans,0.017744348405179945,-0.007873347309483664,0.019567448367375947,NA,NA,NA
Wadiasaurus__cmm_z_trans,0.022831716474985143,-0.008246921528235333,0.02202523236787473,NA,NA,NA
Wadiasaurus__wmmcmm_z_trans,0.004222017191964994,-0.005499191704360466,0.01553803582603528,NA,NA,NA
Wadiasaurus__wetmon_z_trans,-0.022538242309593635,-0.024192451921100235,0.03712789290752722,NA,NA,NA
Wadiasaurus__drymon_z_trans,0.022156184162416152,-0.010053075615492544,0.02534840192452917,NA,NA,NA
Wadiasaurus__wetdry_z_trans,-0.03136864332211237,-0.027043859097853454,0.050750401502759925,NA,NA,NA
Wadiasaurus__time,0.035653411602856254,-0.0004465019542069441,0.012548046178778314,NA,NA,NA
Walteria__lat_range_z_trans,0.3340321678605843,0.003092503683434568,0.018160569165353958,0.3614428168255836,0.0,0.681021124124527
Walteria__biome,-0.08848061113175361,-0.011315511477719477,0.021350567085352146,NA,NA,NA
Walteria__mat_z_trans,0.16755582697823684,-0.01621084659172993,0.053538562288506904,NA,NA,NA
Walteria__map_z_trans,-0.09902826265415073,-0.006336496575964075,0.008988957812957266,NA,NA,NA
Walteria__wmm_z_trans,-0.09742410630371393,-0.019606727305132708,0.05578705900610547,NA,NA,NA
Walteria__cmm_z_trans,0.025267821519228455,-0.008883081607944796,0.018430402928176846,NA,NA,NA
Walteria__wmmcmm_z_trans,-0.04693493006141708,-0.0098232508145127,0.012142364059876393,NA,NA,NA
Walteria__wetmon_z_trans,0.03160028541889716,-0.014112659371498875,0.038936462831954025,NA,NA,NA
Walteria__drymon_z_trans,0.01455836279878537,-0.0027596710159834207,0.009525502299643017,NA,NA,NA
Walteria__wetdry_z_trans,0.019043392120655266,-0.016372374203990188,0.03000458967300525,NA,NA,NA
Walteria__time,-0.08252902242361453,-0.0051215876374879074,0.006906934313225849,NA,NA,NA
Watongia__lat_range_z_trans,0.024759821395997854,0.0014081770737617383,0.010888395540911703,2.1547550813062117,0.04021547548472881,7.099396159872413
Watongia__biome,0.1785281116369732,-0.009126269042914194,0.0956194193752554,NA,NA,NA
Watongia__mat_z_trans,-0.006294467306672849,-0.017960947341022347,0.03089105329864725,NA,NA,NA
Watongia__map_z_trans,-0.01043699603523611,-0.00740130435414626,0.00898988210086878,NA,NA,NA
Watongia__wmm_z_trans,0.0058559026730104725,-0.008728950077212591,0.019155368779804928,NA,NA,NA
Watongia__cmm_z_trans,-0.007982083194071473,-0.019890656004595043,0.034195925380129756,NA,NA,NA
Watongia__wmmcmm_z_trans,-0.006712358437947573,-0.018915221549462763,0.021655805321748076,NA,NA,NA
Watongia__wetmon_z_trans,0.005454623535081067,-0.004733219968113482,0.010931495088379676,NA,NA,NA
Watongia__drymon_z_trans,0.007250063423159903,-0.005958986036202839,0.019840714330176663,NA,NA,NA
Watongia__wetdry_z_trans,-0.005931742448205474,-0.012725063669731489,0.018182668951865304,NA,NA,NA
Watongia__time,-0.006829951120351582,-0.003417261948890234,0.003421243296369565,NA,NA,NA
Woutersia__lat_range_z_trans,0.08149764683291286,0.001008156315049248,0.009696614232948512,0.8234981358901132,0.11157451197504997,1.678474247455597
Woutersia__biome,0.058215868224403,-0.009629074667264427,0.031009782220437453,NA,NA,NA
Woutersia__mat_z_trans,-0.08105830990804724,-0.01453106969551663,0.027159421219382234,NA,NA,NA
Woutersia__map_z_trans,-0.17968551332042915,-0.019378099397443338,0.019373861735027795,NA,NA,NA
Woutersia__wmm_z_trans,-0.029450766661548437,-0.009448597321933296,0.019166167778225295,NA,NA,NA
Woutersia__cmm_z_trans,-0.0014461748774773412,-0.01076341256952848,0.025386075842774577,NA,NA,NA
Woutersia__wmmcmm_z_trans,-0.010156771649724365,-0.0065877199154242266,0.013634634870472336,NA,NA,NA
Woutersia__wetmon_z_trans,0.09381542824901372,-0.013418551478807205,0.04571821162608648,NA,NA,NA
Woutersia__drymon_z_trans,0.045002314653175474,-0.0077510519551667505,0.018958759609192372,NA,NA,NA
Woutersia__wetdry_z_trans,0.08639272350379017,-0.015459326589502343,0.04187762963717909,NA,NA,NA
Woutersia__time,0.1145344790756688,-0.0014909556429920643,0.02179081269243097,NA,NA,NA
Woznikella__lat_range_z_trans,-0.1461284430927164,-0.01808563484408593,-0.007230505054685213,0.9210358462002478,0.0,2.073375966399908
Woznikella__biome,0.2577981090745444,-0.0018706547912183122,0.06378355787871777,NA,NA,NA
Woznikella__mat_z_trans,-0.025134310248247003,-0.021703627400927992,0.044058275897988226,NA,NA,NA
Woznikella__map_z_trans,-0.040127549554971984,-0.015504576044659671,0.02965421890380013,NA,NA,NA
Woznikella__wmm_z_trans,0.02410558800863586,-0.011200552017048037,0.04000175182850378,NA,NA,NA
Woznikella__cmm_z_trans,0.014472665582561346,-0.015394005443838935,0.023918431352694815,NA,NA,NA
Woznikella__wmmcmm_z_trans,0.01826052825355806,-0.005107121261383041,0.016453746417419188,NA,NA,NA
Woznikella__wetmon_z_trans,0.01049272571554785,-0.006887106496765442,0.020022123273720358,NA,NA,NA
Woznikella__drymon_z_trans,0.010342053690919872,-0.007852891259972296,0.021132483245676483,NA,NA,NA
Woznikella__wetdry_z_trans,0.013480172139273572,-0.0029332502696110497,0.009167700442408434,NA,NA,NA
Woznikella__time,0.0400993845526319,-0.0009102830890187983,0.012810187277913148,NA,NA,NA
Xiyukannemeyeria__lat_range_z_trans,0.00019168709292170146,-0.0017979313493930748,0.004751931426835427,1.5553686012380057,0.28119945991784334,3.653931373730302
Xiyukannemeyeria__biome,0.1365193808769214,-0.005338038097699635,0.06565459930407905,NA,NA,NA
Xiyukannemeyeria__mat_z_trans,-0.008768771835770297,-0.018412406882887956,0.027479661129489394,NA,NA,NA
Xiyukannemeyeria__map_z_trans,0.0153386439137212,-0.012999625152394539,0.020849127976585502,NA,NA,NA
Xiyukannemeyeria__wmm_z_trans,-0.004095601260263343,-0.018889288749273196,0.03554654123371815,NA,NA,NA
Xiyukannemeyeria__cmm_z_trans,0.012394121258498661,-0.005401188475662479,0.017579959397116138,NA,NA,NA
Xiyukannemeyeria__wmmcmm_z_trans,0.00723086901916745,-0.0085138876440115,0.015851536572244793,NA,NA,NA
Xiyukannemeyeria__wetmon_z_trans,0.005499807812119465,-0.01444527025309225,0.03615345229613656,NA,NA,NA
Xiyukannemeyeria__drymon_z_trans,0.004309326636251736,-0.006328405611135693,0.019404859507416602,NA,NA,NA
Xiyukannemeyeria__wetdry_z_trans,-0.014751715233404225,-0.015056756380237851,0.019064207152866053,NA,NA,NA
Xiyukannemeyeria__time,0.023793175841573738,-0.00026690432274132644,0.011436095467669428,NA,NA,NA
Yikezhaogia__lat_range_z_trans,0.13896297393918214,0.003425397858125252,0.02231186838668464,0.6440585946435294,0.0,1.357858333736658
Yikezhaogia__biome,0.1395561615643398,-0.00946382604671185,0.060723518603515686,NA,NA,NA
Yikezhaogia__mat_z_trans,0.005401004539172049,-0.005847547303932325,0.01975429881116536,NA,NA,NA
Yikezhaogia__map_z_trans,0.05476571800535924,-0.006435182441458373,0.01958021509241367,NA,NA,NA
Yikezhaogia__wmm_z_trans,0.007373439569129421,-0.007662499904326723,0.013552189029961696,NA,NA,NA
Yikezhaogia__cmm_z_trans,0.011897391886938957,-0.007702582261967806,0.016324970192226555,NA,NA,NA
Yikezhaogia__wmmcmm_z_trans,-0.0025409671874593743,-0.006338066499176481,0.011101422174848616,NA,NA,NA
Yikezhaogia__wetmon_z_trans,-0.03316611796345252,-0.021167582911154267,0.03457711443681999,NA,NA,NA
Yikezhaogia__drymon_z_trans,-0.061189582190760795,-0.017243195288692507,0.018806752898202793,NA,NA,NA
Yikezhaogia__wetdry_z_trans,-0.13894369375182308,-0.028749143783645893,0.045538196319474346,NA,NA,NA
Yikezhaogia__time,0.05554459571111167,-0.00026547433558854315,0.011501425518843771,NA,NA,NA
Zambiasaurus__lat_range_z_trans,0.09353903526473724,0.004186833209497897,0.02074290929136645,0.8460123014356941,0.29340557754039764,1.8254386121407151
Zambiasaurus__biome,-0.028662852350993712,-0.01685376338847778,0.02383718893159318,NA,NA,NA
Zambiasaurus__mat_z_trans,0.021233049513724234,-0.007499679947811913,0.0217943247182039,NA,NA,NA
Zambiasaurus__map_z_trans,0.0461312421269551,-0.004201735964089169,0.021499223550934695,NA,NA,NA
Zambiasaurus__wmm_z_trans,0.016159348828611853,-0.004969692078318198,0.0194073164353737,NA,NA,NA
Zambiasaurus__cmm_z_trans,0.021582244091750236,-0.008530802479780152,0.022052813961925162,NA,NA,NA
Zambiasaurus__wmmcmm_z_trans,0.0037560155841819187,-0.005688488871673659,0.014909934837014797,NA,NA,NA
Zambiasaurus__wetmon_z_trans,-0.023489971250875742,-0.025922628475127583,0.03717438714890545,NA,NA,NA
Zambiasaurus__drymon_z_trans,0.02296461159302306,-0.009533091845576967,0.029049664766041462,NA,NA,NA
Zambiasaurus__wetdry_z_trans,-0.03031964250679973,-0.027974782439984174,0.05081395483780612,NA,NA,NA
Zambiasaurus__time,0.03476784322742304,-0.0004618706371878158,0.012490252984992192,NA,NA,NA
