rate,cv_empirical,cv_expected
speciation,0.7834803827299892,0.0860216440379465
extinction,0.6613411386040601,0.10897744983644783
