feature,shap,lwr_shap,upr_shap,rate,rate_lwr,rate_upr
baseline,0.15591037452220916,0.1358874887228012,0.19167567789554596,NA,NA,NA
Abyssomedon__rotated_lat_scaled,0.025010772761888803,0.00017221398087100242,0.005876071010729412,0.22242078462586506,0.02822150569409132,0.7803728617727757
Abyssomedon__mean_scaled,0.21692908553086454,-0.007804835190078516,0.1082963282768038,NA,NA,NA
Abyssomedon__Mod_R_deltaTMyr_scaled,0.08574784569733311,-0.01604286486205248,0.05625825638231776,NA,NA,NA
Abyssomedon__time,-0.2611772938864306,-0.11221200265154122,0.02124502222569498,NA,NA,NA
Acadiella__rotated_lat_scaled,0.02164056073408574,0.00040918840745039883,0.028840796425808394,0.15245526820770464,0.031566521152853966,0.24881459213793278
Acadiella__mean_scaled,-0.0034746177296619864,-0.04127445236587735,0.06111023284295087,NA,NA,NA
Acadiella__Mod_R_deltaTMyr_scaled,-0.013036877634003758,-0.055013477791694715,0.042764520750792,NA,NA,NA
Acadiella__time,-0.008584171684924513,-0.04000874697267954,0.058960127875994695,NA,NA,NA
Acaenasuchus__rotated_lat_scaled,0.02051135563116986,-0.008702212838878324,0.023453815587090934,0.2063180139695578,0.04016543459147215,0.34419732773676515
Acaenasuchus__mean_scaled,-0.02689380938070826,-0.0661745406867665,0.021974833589193794,NA,NA,NA
Acaenasuchus__Mod_R_deltaTMyr_scaled,-0.013102533454675722,-0.046301201316736755,0.04566988218768871,NA,NA,NA
Acaenasuchus__time,0.06989262665156275,-0.014709533880419635,0.10057714653157253,NA,NA,NA
Acallosuchus__rotated_lat_scaled,0.024557692389353177,0.00029213698606779883,0.02183229935886619,0.08683220977756718,0.026511089876294136,0.22339559096144512
Acallosuchus__mean_scaled,0.007358925905209617,-0.02414497005107429,0.09669687516081041,NA,NA,NA
Acallosuchus__Mod_R_deltaTMyr_scaled,-0.0540797038160963,-0.03861247385034675,0.021290687204307778,NA,NA,NA
Acallosuchus__time,-0.046915079223108475,-0.07342218180744796,0.05185581617156158,NA,NA,NA
Acerosodontosaurus__rotated_lat_scaled,0.04733655412681401,-0.0017478237241856979,0.020529434933283346,0.2414445598216844,0.060201846063137054,0.49706533178687096
Acerosodontosaurus__mean_scaled,0.02398405203828588,-0.029171138308564555,0.0598569584621648,NA,NA,NA
Acerosodontosaurus__Mod_R_deltaTMyr_scaled,0.10715057316701859,-0.024680382332730576,0.09629013253813101,NA,NA,NA
Acerosodontosaurus__time,-0.09293699403264327,-0.08028814435732037,0.014999151961966817,NA,NA,NA
Acleistorhinus__rotated_lat_scaled,0.025351415005279706,0.0001182191932371896,0.008456352754128782,0.16122354768769584,0.07268392667174339,0.22814921475946903
Acleistorhinus__mean_scaled,0.19238522764964727,-0.011202472896075247,0.12871075506910132,NA,NA,NA
Acleistorhinus__Mod_R_deltaTMyr_scaled,0.006106609829002991,-0.016168826401122664,0.03502412416583333,NA,NA,NA
Acleistorhinus__time,-0.21853007931844332,-0.1086344086188405,0.01948444590648254,NA,NA,NA
Acrodenta__rotated_lat_scaled,0.026918765660375356,0.0024301733157210707,0.021916385913272853,0.14704558443336282,0.0785246193408966,0.2258468910586089
Acrodenta__mean_scaled,0.01265198995359242,-0.029516752317306334,0.12310972405714032,NA,NA,NA
Acrodenta__Mod_R_deltaTMyr_scaled,-0.03480070989171509,-0.03999497320568274,0.010508588958149264,NA,NA,NA
Acrodenta__time,-0.013634835811099038,-0.0688059365155332,0.03614097896698353,NA,NA,NA
Actiosaurus__rotated_lat_scaled,0.017899986839911435,-0.023228883424629455,0.03751523347556069,0.2907601063125185,0.040744151920080185,0.8705123658291996
Actiosaurus__mean_scaled,-0.010563315421459265,-0.04831874802232946,0.045915598385832104,NA,NA,NA
Actiosaurus__Mod_R_deltaTMyr_scaled,-0.031019143119920045,-0.05818748154898554,0.024885445621678715,NA,NA,NA
Actiosaurus__time,0.15853220349177718,-0.006152375726856762,0.08335940041247446,NA,NA,NA
Adamanasuchus__rotated_lat_scaled,0.022531150977592916,-0.0017205682972844642,0.019358997043995952,0.11219515663045967,0.03559908829629421,0.22324009239673615
Adamanasuchus__mean_scaled,-0.03109825001913123,-0.032237065617321016,0.061275543650785615,NA,NA,NA
Adamanasuchus__Mod_R_deltaTMyr_scaled,-0.041763770906854916,-0.03627243093344699,0.03902877213827054,NA,NA,NA
Adamanasuchus__time,0.00661565205664374,-0.06565742387474875,0.07201236506249385,NA,NA,NA
Adelosaurus__rotated_lat_scaled,0.02791307894513011,0.005101844076336151,0.02637819721729924,0.13802991317061242,0.05657932162284851,0.22531215474009514
Adelosaurus__mean_scaled,0.04175968323135749,-0.02510063006386446,0.10442052209080796,NA,NA,NA
Adelosaurus__Mod_R_deltaTMyr_scaled,-0.021437411987571976,-0.030422997176926894,0.02846604542552469,NA,NA,NA
Adelosaurus__time,-0.06611581154051237,-0.08546570555834601,0.032410913161914065,NA,NA,NA
Aenigmasaurus__rotated_lat_scaled,0.028718070432849237,-0.005023138300538089,0.018705757163497785,0.529586756315548,0.16387895424850285,1.4697532504796982
Aenigmasaurus__mean_scaled,0.041616780827174224,-0.008057249365645782,0.035138969707184865,NA,NA,NA
Aenigmasaurus__Mod_R_deltaTMyr_scaled,0.08441608787587557,-0.06333489636142708,0.12618141387758103,NA,NA,NA
Aenigmasaurus__time,0.001159435386310133,-0.059472204695190246,0.011649537147282275,NA,NA,NA
Aenigmaspina__rotated_lat_scaled,0.023399641116557176,0.00220882304669078,0.030599290538690677,0.15082764422055334,0.045086655765771866,0.22991293808445334
Aenigmaspina__mean_scaled,-0.0072065686000860295,-0.037980766964530926,0.05949157592250251,NA,NA,NA
Aenigmaspina__Mod_R_deltaTMyr_scaled,-0.018043043927755208,-0.05649655528302172,0.022681578675798165,NA,NA,NA
Aenigmaspina__time,-0.00323275889037177,-0.043618989521939336,0.0789032327585546,NA,NA,NA
Aenigmastropheus__rotated_lat_scaled,0.04279731524904491,-0.005943533430432656,0.038146705858859375,0.1649618308407662,0.06979076191782951,0.2723298092751065
Aenigmastropheus__mean_scaled,0.036140775931853567,-0.02195376525643363,0.10091515365920031,NA,NA,NA
Aenigmastropheus__Mod_R_deltaTMyr_scaled,-0.02878204316162737,-0.02483170688421376,0.025970709097936463,NA,NA,NA
Aenigmastropheus__time,-0.04110459170071408,-0.08315848315172115,0.026643109279549798,NA,NA,NA
Aetosauroides__rotated_lat_scaled,0.09057042930352746,0.004717106673205114,0.055413695010566213,0.3260583547661372,0.04713590815663338,0.7918273136019707
Aetosauroides__mean_scaled,-0.008690788707923267,-0.05984671738178446,0.023243772999193286,NA,NA,NA
Aetosauroides__Mod_R_deltaTMyr_scaled,0.0028219134287555013,-0.05567477398755462,0.053993967307125884,NA,NA,NA
Aetosauroides__time,0.07120882049784948,-0.025083104026667247,0.05902424257866057,NA,NA,NA
Aetosaurus__rotated_lat_scaled,-0.006669321224908344,-0.0317997116613766,0.03026063446060424,0.1470525504273246,0.09376016585156322,0.19763638137374073
Aetosaurus__mean_scaled,-0.03909670378721785,-0.051846399598927215,0.013656494983280549,NA,NA,NA
Aetosaurus__Mod_R_deltaTMyr_scaled,-0.024152521747455465,-0.041605671203067636,0.02833389673866687,NA,NA,NA
Aetosaurus__time,0.061060722664697094,-0.01063570625942976,0.1194246517129943,NA,NA,NA
Agkistrognathus__rotated_lat_scaled,0.02466384181578178,0.0027005549054592848,0.012708280635144587,0.30105736702040303,0.16182680940255523,0.7260002233088017
Agkistrognathus__mean_scaled,0.06607333364023361,-0.025794778019189835,0.03374045586795119,NA,NA,NA
Agkistrognathus__Mod_R_deltaTMyr_scaled,0.0352708946110215,-0.08260545879602432,0.1217044963179002,NA,NA,NA
Agkistrognathus__time,0.01913892243115697,-0.0221187025308609,0.02352244507454997,NA,NA,NA
Agnosphitys__rotated_lat_scaled,0.020725608006105175,-0.0013133561857578222,0.031759557874760695,0.1732448343559554,0.07534084562212229,0.2502685748040676
Agnosphitys__mean_scaled,0.010252815133280819,-0.034843409476048956,0.049905266890563536,NA,NA,NA
Agnosphitys__Mod_R_deltaTMyr_scaled,-0.019645349476613772,-0.06220591507759168,0.05763474635133104,NA,NA,NA
Agnosphitys__time,0.0060013861709740015,-0.037524807983402755,0.05237610677889068,NA,NA,NA
Alexeyisaurus__rotated_lat_scaled,0.033044742501806466,-0.008721222227275744,0.05156695260207441,0.09369090069878439,0.030469544231891632,0.17640018032398075
Alexeyisaurus__mean_scaled,-0.033410185693064705,-0.04494130866842941,0.0471353828690146,NA,NA,NA
Alexeyisaurus__Mod_R_deltaTMyr_scaled,-0.056354518086882306,-0.044108494386361684,0.013062865195248822,NA,NA,NA
Alexeyisaurus__time,-0.005499512545284233,-0.038116463440734376,0.07991047722920812,NA,NA,NA
Alwalkeria__rotated_lat_scaled,0.05569919681176543,0.0029357968765597628,0.04320560204063886,0.20678726644953713,0.03722445294260979,0.39576125144958496
Alwalkeria__mean_scaled,0.004190830705920234,-0.026175327581510296,0.0474723713895649,NA,NA,NA
Alwalkeria__Mod_R_deltaTMyr_scaled,0.006834915219806135,-0.03881660045831121,0.0728408768583113,NA,NA,NA
Alwalkeria__time,-0.01584805081016384,-0.07383135755953946,0.028156827607030904,NA,NA,NA
Amanasaurus__rotated_lat_scaled,0.09881864165105933,0.0032046257144163945,0.07129380239270011,0.3157536531014921,0.03593256697058678,0.9517852291464806
Amanasaurus__mean_scaled,-0.011287715192120046,-0.05484681154684975,0.030146332330324724,NA,NA,NA
Amanasaurus__Mod_R_deltaTMyr_scaled,-0.010980662341478821,-0.07018518889498707,0.03856314913286848,NA,NA,NA
Amanasaurus__time,0.07936011040474868,-0.014060113995380794,0.05167239403965265,NA,NA,NA
Ammorhynchus__rotated_lat_scaled,0.027233795407228173,0.009715704247355461,0.03646824611675559,0.21151368415768956,0.1391330236219801,0.2835218859836459
Ammorhynchus__mean_scaled,0.025696922944916878,-0.036724261939525604,0.06873438487296911,NA,NA,NA
Ammorhynchus__Mod_R_deltaTMyr_scaled,-0.0157015819568187,-0.0698387548327446,0.02697540652775401,NA,NA,NA
Ammorhynchus__time,0.01837417324015405,-0.011168709956109524,0.059497640378067256,NA,NA,NA
Ammosaurus__rotated_lat_scaled,0.010912645744070517,-0.0006649880591267559,0.018200330244919467,0.9321392852038843,0.6525096222758293,1.2036347165703773
Ammosaurus__mean_scaled,0.030358371928002205,0.009892513061619004,0.049595034280853385,NA,NA,NA
Ammosaurus__Mod_R_deltaTMyr_scaled,0.02269194426149614,-0.04266865154032299,0.034471941144555214,NA,NA,NA
Ammosaurus__time,0.0919474125886403,0.16932861526063195,0.0894083722252179,NA,NA,NA
Amotosaurus__rotated_lat_scaled,0.024723288759123534,0.0016395282779140998,0.018252361389537584,0.23662353844803874,0.13628493482246995,0.4760538295377046
Amotosaurus__mean_scaled,0.038053632816299796,-0.021966019190012086,0.052954572876725385,NA,NA,NA
Amotosaurus__Mod_R_deltaTMyr_scaled,0.02044007178687025,-0.05435200518090383,0.0995165871646358,NA,NA,NA
Amotosaurus__time,-0.0025038294364640025,-0.061208992629799404,0.020952156464647213,NA,NA,NA
Anarosaurus__rotated_lat_scaled,0.027056381552247332,-0.003275521153542474,0.013569110923771806,0.28278646929262324,0.14078113675350323,0.573311572894454
Anarosaurus__mean_scaled,0.042620524307130835,-0.030347205838146186,0.04940725351984625,NA,NA,NA
Anarosaurus__Mod_R_deltaTMyr_scaled,0.10129566666320898,-0.028955664875151714,0.1131876917328439,NA,NA,NA
Anarosaurus__time,-0.04409647775217309,-0.07330909685596085,0.01551162171908399,NA,NA,NA
Anchisauripus_Temperate_N__rotated_lat_scaled,0.019035038871299374,-0.018468930852385823,0.03101162488653057,1.0824824823695236,0.6791102411225438,1.3977399431169033
Anchisauripus_Temperate_N__mean_scaled,0.031198101310942816,-0.0036611320618762096,0.04445414628364403,NA,NA,NA
Anchisauripus_Temperate_N__Mod_R_deltaTMyr_scaled,0.022776901972162845,0.00815232067546531,0.0330549160147625,NA,NA,NA
Anchisauripus_Temperate_N__time,0.0829003323678041,0.14986523096159793,0.08315499071060885,NA,NA,NA
Anchisauripus_Tropical_N__rotated_lat_scaled,0.0043256985523911235,-0.0311326514929533,0.00853834879864608,0.8882259435852756,0.4672772195190191,1.301794458180666
Anchisauripus_Tropical_N__mean_scaled,0.030473416088212132,-0.03937574103474617,0.05319799541092481,NA,NA,NA
Anchisauripus_Tropical_N__Mod_R_deltaTMyr_scaled,0.022513695543243076,-0.055496614426374435,0.03388389171508465,NA,NA,NA
Anchisauripus_Tropical_N__time,0.09859756433836281,0.24576336145401,0.09605544197089043,NA,NA,NA
Ancistronychus__rotated_lat_scaled,0.021454310142435134,-0.0014091140941593831,0.02287049150367328,0.09463037417794112,0.04312473442405462,0.1499310564249754
Ancistronychus__mean_scaled,0.014111436455277727,-0.03277265401322422,0.0834623117152522,NA,NA,NA
Ancistronychus__Mod_R_deltaTMyr_scaled,-0.011996219189022668,-0.02520061519462841,0.06125075303996263,NA,NA,NA
Ancistronychus__time,-0.08484952775295823,-0.0765051054207892,0.024092121636657835,NA,NA,NA
Angistorhinus__rotated_lat_scaled,0.015333838445949368,-0.009898188445815779,0.02463075739293732,0.1533360687075765,0.055991655215620995,0.27286303974688053
Angistorhinus__mean_scaled,-0.03972456810995936,-0.04624693213940241,0.023688243348717677,NA,NA,NA
Angistorhinus__Mod_R_deltaTMyr_scaled,-0.02790055239252979,-0.053476147674231145,0.04435689521599473,NA,NA,NA
Angistorhinus__time,0.0497169762419071,-0.02626622046335187,0.09899978193789624,NA,NA,NA
Anisodontosaurus__rotated_lat_scaled,0.02569173546973616,0.002977045272558427,0.014619981822781342,0.21837938914446567,0.041317413561046124,0.4383456986397505
Anisodontosaurus__mean_scaled,0.011017724748089677,-0.019243886467161818,0.030149215238204328,NA,NA,NA
Anisodontosaurus__Mod_R_deltaTMyr_scaled,0.04243199986056425,-0.05295865939027858,0.12487430702846104,NA,NA,NA
Anisodontosaurus__time,-0.016672445456133573,-0.06666198813791924,0.022032173806099255,NA,NA,NA
Anomoepus_Temperate_N__rotated_lat_scaled,0.017113363524457848,-0.015394042848543892,0.028005771654434068,1.1043284604162908,0.8599231094121933,1.4475803822278976
Anomoepus_Temperate_N__mean_scaled,0.03173551858071557,0.0021961034927195054,0.04112030347351142,NA,NA,NA
Anomoepus_Temperate_N__Mod_R_deltaTMyr_scaled,0.023289769140658723,0.0006807230290898743,0.03420546640346748,NA,NA,NA
Anomoepus_Temperate_N__time,0.083771723276377,0.14840470504953573,0.08834413636413298,NA,NA,NA
Anomoepus_Tropical_N__rotated_lat_scaled,0.008047408893679189,-0.00589664555675448,0.012648301862930597,0.9526636291376781,0.6797590125352144,1.3298312481492758
Anomoepus_Tropical_N__mean_scaled,0.03098100886830048,-0.0008295393993359184,0.044629290046138186,NA,NA,NA
Anomoepus_Tropical_N__Mod_R_deltaTMyr_scaled,0.023199277952370548,-0.014255508560114065,0.03793438231999669,NA,NA,NA
Anomoepus_Tropical_N__time,0.09368267880785892,0.15686918223900567,0.09646370366648047,NA,NA,NA
Anomoiodon__rotated_lat_scaled,0.027952944869175555,0.0012145036066867226,0.01162887669660052,0.23911451420543017,0.13394716382026672,0.451212078332901
Anomoiodon__mean_scaled,0.05637773138238117,-0.004962609453391685,0.06532400652751345,NA,NA,NA
Anomoiodon__Mod_R_deltaTMyr_scaled,0.03899699877132662,-0.02354651031173711,0.09803920587927173,NA,NA,NA
Anomoiodon__time,-0.04012353533966234,-0.10859287256435914,0.016683588792160243,NA,NA,NA
Anshunsaurus__rotated_lat_scaled,0.023667019265703856,0.0033132342996667783,0.03301411559892101,0.1394362385351269,0.04502192512154579,0.23746986873447895
Anshunsaurus__mean_scaled,-0.006618663321714849,-0.054971525375062925,0.06041644097979515,NA,NA,NA
Anshunsaurus__Mod_R_deltaTMyr_scaled,-0.03332889141034684,-0.04567185200425735,0.019110317128992676,NA,NA,NA
Anshunsaurus__time,-0.0001936005207244307,-0.038557345643147715,0.07913480418783714,NA,NA,NA
Anthodon__rotated_lat_scaled,0.047555924035259524,-0.0048682758188854655,0.017055947144348722,0.2682507678880938,0.06043328589294106,1.0879469886422157
Anthodon__mean_scaled,0.11558983388124033,-0.018282824126981557,0.055929084790140415,NA,NA,NA
Anthodon__Mod_R_deltaTMyr_scaled,0.087318346115062,-0.030075848095395454,0.1068094702851007,NA,NA,NA
Anthodon__time,-0.13812371066567722,-0.08266054068153875,0.011881175675956118,NA,NA,NA
Anticheiropus__rotated_lat_scaled,0.009548768241829942,-0.010448888875544071,0.014813022422729786,0.8307643558981362,0.5101328399032354,1.135998621582985
Anticheiropus__mean_scaled,0.028579626870014717,-0.08052657544612885,0.04394694971103854,NA,NA,NA
Anticheiropus__Mod_R_deltaTMyr_scaled,0.021647937265307202,-0.04201802611351013,0.036980950056961504,NA,NA,NA
Anticheiropus__time,0.09613404214505729,0.24297460913658142,0.09593475570481612,NA,NA,NA
Apachesuchus__rotated_lat_scaled,0.020113202570937575,-0.002106074416542463,0.025298092887590683,0.11032181069182116,0.03798616211861372,0.26479431614279747
Apachesuchus__mean_scaled,-0.013547342601814307,-0.028005916031985514,0.06318099570862186,NA,NA,NA
Apachesuchus__Mod_R_deltaTMyr_scaled,-0.04542111790739,-0.038320485019607865,0.025984531599849196,NA,NA,NA
Apachesuchus__time,-0.00673330589212128,-0.06745501325466537,0.07721205769948424,NA,NA,NA
Apatopus_Temperate_N__rotated_lat_scaled,0.01785057074856013,-0.0064368941471168286,0.03359012081511734,0.15308195890538628,0.059871647506952286,0.22974439337849617
Apatopus_Temperate_N__mean_scaled,0.0016848359946743585,-0.04403764336421765,0.04286001008479595,NA,NA,NA
Apatopus_Temperate_N__Mod_R_deltaTMyr_scaled,-0.02134774791134987,-0.053656885934867976,0.05010992680406995,NA,NA,NA
Apatopus_Temperate_N__time,-0.0010160744487075135,-0.03175606527659875,0.06511562019156274,NA,NA,NA
Apatopus_Tropical_N__rotated_lat_scaled,0.00284936448076744,-0.027126413309749145,0.009775368010188685,0.47279730703798123,0.06607088260352612,0.8857521265745163
Apatopus_Tropical_N__mean_scaled,0.017155154092113777,-0.05926003614954592,0.03620207400779327,NA,NA,NA
Apatopus_Tropical_N__Mod_R_deltaTMyr_scaled,0.005359201389793062,-0.06655721581398719,0.034942877798583925,NA,NA,NA
Apatopus_Tropical_N__time,0.13054665455953487,0.017056176550481056,0.1107553580789801,NA,NA,NA
Apatopus_Tropical_S__rotated_lat_scaled,0.029248338158940897,0.008643749906721615,0.028411128265111,0.19869629124455968,0.06930091604590416,0.30465003522112966
Apatopus_Tropical_S__mean_scaled,0.018827244895510374,-0.04415327162063605,0.054089118173023226,NA,NA,NA
Apatopus_Tropical_S__Mod_R_deltaTMyr_scaled,-0.011201154695881996,-0.0686479443650865,0.06077314943792122,NA,NA,NA
Apatopus_Tropical_S__time,0.005911488363781245,-0.031730022643800274,0.048402282019490504,NA,NA,NA
Apatosuchus__rotated_lat_scaled,0.026175716823199763,-0.0007339200714119661,0.031599411585561184,0.09812241266685305,0.018287922255694866,0.16634931601583958
Apatosuchus__mean_scaled,-0.06418275562580675,-0.0466232397888754,0.013708325401338898,NA,NA,NA
Apatosuchus__Mod_R_deltaTMyr_scaled,-0.051020683995448055,-0.07012917548813948,0.029108922382339576,NA,NA,NA
Apatosuchus__time,0.03123976094269892,-0.018401153374374375,0.11725901852630632,NA,NA,NA
Aphelosaurus__rotated_lat_scaled,0.02696231976035051,0.0004680271773434617,0.007352167747315165,0.2131859830522444,0.025233004242181778,0.30318487994372845
Aphelosaurus__mean_scaled,0.12234721321379766,-0.024863925214491264,0.10281205244646545,NA,NA,NA
Aphelosaurus__Mod_R_deltaTMyr_scaled,0.023412182827014474,-0.030556092798328115,0.04036558981050303,NA,NA,NA
Aphelosaurus__time,-0.1154461072711274,-0.0809354978873253,0.04114586789126232,NA,NA,NA
Araeoscelis__rotated_lat_scaled,0.02515494257284445,0.0005810585261513769,0.019861242136867064,0.15971818488629652,0.0895407386124134,0.2473261309787631
Araeoscelis__mean_scaled,0.027680388477165252,-0.028381295583613103,0.10974760540890431,NA,NA,NA
Araeoscelis__Mod_R_deltaTMyr_scaled,-0.01949968887725845,-0.03705537900276762,0.008681052003080371,NA,NA,NA
Araeoscelis__time,-0.029527831808663904,-0.07103187266257187,0.0533857783466942,NA,NA,NA
Archeopelta__rotated_lat_scaled,0.06553388128639198,-0.003306471662283272,0.0415310897600861,0.28188144113577435,0.01718126144260168,0.6438771076500416
Archeopelta__mean_scaled,0.025588262659148313,-0.0306960361504268,0.042826816655477454,NA,NA,NA
Archeopelta__Mod_R_deltaTMyr_scaled,0.06704010965302587,-0.04238471849678478,0.0939086086135111,NA,NA,NA
Archeopelta__time,-0.032191186985000966,-0.05950026241330635,0.01340916286647131,NA,NA,NA
Archosaurus__rotated_lat_scaled,0.02641565102385357,0.0012269746292885967,0.0370712464425766,0.1586098598636454,0.07684707641601562,0.24876691028475761
Archosaurus__mean_scaled,-0.023246968174353243,-0.03720841577012042,0.06681385192743368,NA,NA,NA
Archosaurus__Mod_R_deltaTMyr_scaled,-0.007716117819654755,-0.02390647821354136,0.02717493771936652,NA,NA,NA
Archosaurus__time,0.0072469203115906565,-0.07599956936842803,0.060615641806169136,NA,NA,NA
Arcticodactylus__rotated_lat_scaled,0.026061594195198268,-0.002410435847796932,0.0406323371904284,0.07388623454316985,0.02507740817964077,0.1537484540604055
Arcticodactylus__mean_scaled,-0.03715394870727323,-0.04312603687104982,0.05950517424695372,NA,NA,NA
Arcticodactylus__Mod_R_deltaTMyr_scaled,-0.06783704873814714,-0.046194422656908415,0.0034725370147800864,NA,NA,NA
Arcticodactylus__time,-0.0030947367288172243,-0.044156593347046046,0.08806562944338375,NA,NA,NA
Arganaceras__rotated_lat_scaled,0.02610424143145792,0.0026922966573515593,0.02334466811838123,0.13044369117938914,0.054410841315984726,0.2181033444358036
Arganaceras__mean_scaled,0.008945493646315299,-0.029010800141808787,0.1060715323559649,NA,NA,NA
Arganaceras__Mod_R_deltaTMyr_scaled,-0.02589698622294236,-0.03370989739235723,0.01601493311700517,NA,NA,NA
Arganaceras__time,-0.034619432197650894,-0.07585908784598676,0.046244544304194654,NA,NA,NA
Arganasuchus__rotated_lat_scaled,0.026169936794321984,0.0029671346334704026,0.022776070736886405,0.1214934843609808,0.04711966123431921,0.2075648382306099
Arganasuchus__mean_scaled,-0.009290141125675291,-0.030680324330117543,0.06868666668088519,NA,NA,NA
Arganasuchus__Mod_R_deltaTMyr_scaled,-0.028379192646825688,-0.036148926912191924,0.059614001431861074,NA,NA,NA
Arganasuchus__time,-0.022917493183049375,-0.07202537211396216,0.04059893904591329,NA,NA,NA
Argoides__rotated_lat_scaled,0.008812024628493946,-0.007819506978052115,0.012665558568730332,0.9119134263321758,0.613959988229908,1.1980394534766674
Argoides__mean_scaled,0.030321826549329158,-0.011296654121231934,0.04797199733151949,NA,NA,NA
Argoides__Mod_R_deltaTMyr_scaled,0.02273122545398857,-0.03454447075620543,0.038458576063479764,NA,NA,NA
Argoides__time,0.09404529789039749,0.18954812057829068,0.09257954593181637,NA,NA,NA
Arizonasaurus__rotated_lat_scaled,0.02736267515923828,0.009848679415881634,0.03904598338822578,0.21293087796278998,0.14321842940989882,0.2846258608624339
Arizonasaurus__mean_scaled,0.025596075446810574,-0.03671901673078537,0.06314159893413542,NA,NA,NA
Arizonasaurus__Mod_R_deltaTMyr_scaled,-0.014384176355670207,-0.0688299760222435,0.028828412101052085,NA,NA,NA
Arizonasaurus__time,0.01844592919020215,-0.011922966688871384,0.06065968347213269,NA,NA,NA
Asilisaurus__rotated_lat_scaled,0.03675422198499504,-0.007761158089636513,0.03544043517434917,0.4374169554711079,0.1589170414954424,0.8557063080370426
Asilisaurus__mean_scaled,0.03704434464251194,-0.016420413695961058,0.03960187411374734,NA,NA,NA
Asilisaurus__Mod_R_deltaTMyr_scaled,0.11641515292743239,-0.024936977864549733,0.10533993807988841,NA,NA,NA
Asilisaurus__time,-0.03430334503273022,-0.08676893907265391,0.011293430527561054,NA,NA,NA
Askeptosaurus__rotated_lat_scaled,0.018864060076884924,-0.0011513163540164248,0.033003218096093884,0.17800288519312743,0.1222561583854258,0.24940286204218864
Askeptosaurus__mean_scaled,-0.0019859980084584094,-0.041009571163093006,0.035511680173086174,NA,NA,NA
Askeptosaurus__Mod_R_deltaTMyr_scaled,0.0011852053481561597,-0.05025550987524348,0.07451809917825843,NA,NA,NA
Askeptosaurus__time,0.004029243254335597,-0.04347109133044831,0.04864268044810748,NA,NA,NA
Asperoris__rotated_lat_scaled,0.04853764374740422,0.016115961596369743,0.06282508386608673,0.2404154903046947,0.14697051793336868,0.3508712612092495
Asperoris__mean_scaled,0.03256218867027201,-0.018526537343859673,0.052793529110610575,NA,NA,NA
Asperoris__Mod_R_deltaTMyr_scaled,-0.009587825891103421,-0.07298066467046738,0.025937642025302486,NA,NA,NA
Asperoris__time,0.012993109255912714,-0.02551778219640255,0.05011942289354617,NA,NA,NA
Asylosaurus__rotated_lat_scaled,0.020835457832616408,-0.016437167301774025,0.027228987660194645,0.7127737937864731,0.07117459923028946,1.0483445972204208
Asylosaurus__mean_scaled,0.02435424160031798,-0.1387498676776886,0.03609219042936463,NA,NA,NA
Asylosaurus__Mod_R_deltaTMyr_scaled,0.017715466847577764,-0.11040139943361282,0.03323158847195117,NA,NA,NA
Asylosaurus__time,0.09300520824169702,0.14822371304035187,0.09512291133403553,NA,NA,NA
Atopodentatus__rotated_lat_scaled,0.027570705856196583,0.010683393901549666,0.0229076294274589,0.22558750529409735,0.13386730337515473,0.3291970491409302
Atopodentatus__mean_scaled,0.04246511817269493,-0.021765275168978734,0.04929549083596202,NA,NA,NA
Atopodentatus__Mod_R_deltaTMyr_scaled,-0.0032448796702374237,-0.09785828174486291,0.0895030543786856,NA,NA,NA
Atopodentatus__time,0.0028861864132341,-0.026947325710509236,0.029969503253439445,NA,NA,NA
Atreipus_Temperate_N__rotated_lat_scaled,0.020224341836583334,-0.006477101224505407,0.026668562961529124,0.16824085760876187,0.059089889749884605,0.2567589785903692
Atreipus_Temperate_N__mean_scaled,0.0009882939973613247,-0.04956900437600138,0.04817428923407573,NA,NA,NA
Atreipus_Temperate_N__Mod_R_deltaTMyr_scaled,-0.01686916947728605,-0.047073730367498214,0.06185736688743253,NA,NA,NA
Atreipus_Temperate_N__time,0.007987016729894094,-0.03276765275479621,0.054975458812508565,NA,NA,NA
Atreipus_Tropical_N__rotated_lat_scaled,0.021816785192313545,-0.0003895564487830176,0.017393148636218728,0.1311282395467788,0.028824428096413612,0.2892009657807648
Atreipus_Tropical_N__mean_scaled,-0.015311149945482612,-0.03337260966776711,0.07274574132237398,NA,NA,NA
Atreipus_Tropical_N__Mod_R_deltaTMyr_scaled,-0.05046447728804196,-0.03529538214273217,0.01981854360754338,NA,NA,NA
Atreipus_Tropical_N__time,0.019176707065780646,-0.06682994046351891,0.08171824432940987,NA,NA,NA
Augustaburiania__rotated_lat_scaled,0.02262683706750977,-0.00999008153560965,0.0387551752141548,0.22708904791797976,0.14750486193224788,0.29690223140642047
Augustaburiania__mean_scaled,0.044688941853819414,-0.03938821171824334,0.0768774955281873,NA,NA,NA
Augustaburiania__Mod_R_deltaTMyr_scaled,-0.022435315212933345,-0.07364222098164737,0.01927059102681299,NA,NA,NA
Augustaburiania__time,0.026298209687374764,-0.012866974487300856,0.05677241612639086,NA,NA,NA
Augustasaurus__rotated_lat_scaled,0.025874621625989677,0.003863999326313689,0.013112388387545876,0.2752625151339271,0.13652145460946485,0.6428812555968761
Augustasaurus__mean_scaled,0.059541412972612305,-0.00838039851805861,0.05925601996391332,NA,NA,NA
Augustasaurus__Mod_R_deltaTMyr_scaled,0.06690498314041178,-0.0298948898109896,0.10231718308420389,NA,NA,NA
Augustasaurus__time,-0.032968877127295855,-0.10147619972006669,0.016990086459882873,NA,NA,NA
Australothyris__rotated_lat_scaled,0.04824512391583994,-0.010020418504289093,0.02756600713099785,0.2405571123012487,0.06944203283637762,0.6124196238815784
Australothyris__mean_scaled,0.007981622293591499,-0.01909463545262,0.03656703033810751,NA,NA,NA
Australothyris__Mod_R_deltaTMyr_scaled,0.20591223340947182,-0.012191531543902848,0.11883555889776268,NA,NA,NA
Australothyris__time,-0.1774922418398637,-0.09458090322198927,0.008707081528677928,NA,NA,NA
Austriadactylus__rotated_lat_scaled,0.0011461054882965982,-0.03108241696182581,0.026775800101385794,0.13647382517927326,0.06459306180477142,0.22499479725956917
Austriadactylus__mean_scaled,-0.0424025022884598,-0.04453006314441698,-0.0008831923944134575,NA,NA,NA
Austriadactylus__Mod_R_deltaTMyr_scaled,-0.03520909703627694,-0.050248498835902995,0.035476804657468046,NA,NA,NA
Austriadactylus__time,0.05702894449350424,-0.010026509780655425,0.13030626553110558,NA,NA,NA
Austriadraco__rotated_lat_scaled,0.00039958359663614827,-0.026157391566045976,0.03372353201906581,0.11718201242901159,0.03840705752372742,0.19096475094556808
Austriadraco__mean_scaled,-0.04884968106169254,-0.05094277757302056,0.008510647847218455,NA,NA,NA
Austriadraco__Mod_R_deltaTMyr_scaled,-0.03846389118756633,-0.049903044494920897,0.04120094887473777,NA,NA,NA
Austriadraco__time,0.04818562655942515,-0.00888427508881378,0.10824054915452393,NA,NA,NA
Avalonnectes__rotated_lat_scaled,0.01771359308406863,-0.0259658707796407,0.025188064638961016,0.9639964506181059,0.6268264800310135,1.2946388740092516
Avalonnectes__mean_scaled,0.029778974698860258,-0.015128666219083079,0.048402320245776974,NA,NA,NA
Avalonnectes__Mod_R_deltaTMyr_scaled,0.021959859765319632,-0.015903958659240266,0.030176032068955957,NA,NA,NA
Avalonnectes__time,0.08645794697396063,0.19288598438076526,0.08790926094185199,NA,NA,NA
Avicranium__rotated_lat_scaled,0.01501332286705292,-0.007454633492043381,0.012184515131093546,0.29922883419803836,0.051195147447288036,0.739038486033678
Avicranium__mean_scaled,-0.022428736560977994,-0.05595300672758684,0.04287526584522343,NA,NA,NA
Avicranium__Mod_R_deltaTMyr_scaled,-0.024574735713540578,-0.06474903619971067,0.03473337962084288,NA,NA,NA
Avicranium__time,0.17530860908329488,-0.007730812303460304,0.1018825172983861,NA,NA,NA
Azendohsaurus__rotated_lat_scaled,0.02724762662430294,0.006283669381148369,0.03460212303040202,0.15435898768540937,0.03475852683186531,0.2426576465368271
Azendohsaurus__mean_scaled,-0.010795597868273034,-0.04288837368409672,0.05928898497288025,NA,NA,NA
Azendohsaurus__Mod_R_deltaTMyr_scaled,-0.029170752006466502,-0.06849427736222928,0.03591886876807878,NA,NA,NA
Azendohsaurus__time,0.011167336413636804,-0.030788507057623583,0.061865701124184914,NA,NA,NA
Baeotherates__rotated_lat_scaled,0.025116085561458022,0.0003331547531377541,0.007756393019142848,0.1900607312841157,0.058859683573246,0.2922971313819289
Baeotherates__mean_scaled,0.07271243819384836,-0.023482363225517527,0.10817954693413313,NA,NA,NA
Baeotherates__Mod_R_deltaTMyr_scaled,0.07425379852154493,-0.011615063538722175,0.05786820266029204,NA,NA,NA
Baeotherates__time,-0.13793196551494474,-0.10112321671169926,0.017871535281977966,NA,NA,NA
Baisesaurus__rotated_lat_scaled,0.028016432183794678,0.012761484831571579,0.03229020000243201,0.25606852458717183,0.1946212574839592,0.3408120167441666
Baisesaurus__mean_scaled,0.06230510326102376,0.02425425872206688,0.08704170298472459,NA,NA,NA
Baisesaurus__Mod_R_deltaTMyr_scaled,-0.019184339032362913,-0.08484633266925812,0.01413461019241639,NA,NA,NA
Baisesaurus__time,0.02902095365250716,-0.019305270165205002,0.058209164715972955,NA,NA,NA
Barasaurus__rotated_lat_scaled,0.03340518447851303,0.0019786010757019607,0.012444848958156125,0.40881796676288557,0.1439961502328515,1.4169367849826813
Barasaurus__mean_scaled,0.06422918000012835,-0.0018588404935317713,0.05063503070506319,NA,NA,NA
Barasaurus__Mod_R_deltaTMyr_scaled,0.08671440032161312,-0.012760734143532862,0.11879594406388395,NA,NA,NA
Barasaurus__time,-0.02843839027804536,-0.12324651516143853,0.009799854168442671,NA,NA,NA
Barberenasuchus__rotated_lat_scaled,0.06943365304730832,-0.0020274991031956823,0.055835899996232174,0.25790563358270446,0.04336146084824577,0.6813543871976435
Barberenasuchus__mean_scaled,0.01307278355685412,-0.03172745337991236,0.03264026580276288,NA,NA,NA
Barberenasuchus__Mod_R_deltaTMyr_scaled,0.04103354927443434,-0.053166990682328434,0.0857824237562916,NA,NA,NA
Barberenasuchus__time,-0.02154472681810148,-0.04896554555736474,0.0174170883402593,NA,NA,NA
Barracudasauroides__rotated_lat_scaled,0.02213068537647518,0.0016210439795432327,0.01085744231995443,0.32985337837650147,0.07129851030185819,0.6525479629635811
Barracudasauroides__mean_scaled,0.048125519516939254,-0.03195617068395696,0.05627136097082674,NA,NA,NA
Barracudasauroides__Mod_R_deltaTMyr_scaled,0.12129082727422462,-0.03389523827976206,0.10699637926767688,NA,NA,NA
Barracudasauroides__time,-0.0356366576454299,-0.07165712373862543,0.017550495337087916,NA,NA,NA
Barracudasaurus__rotated_lat_scaled,0.025930108036845922,0.0017230676149927711,0.013087667502073292,0.25477910437244644,0.09148694574832916,0.46097826212644577
Barracudasaurus__mean_scaled,0.058516263571218585,-0.013230616569987955,0.06843694816078322,NA,NA,NA
Barracudasaurus__Mod_R_deltaTMyr_scaled,0.06759212638484315,-0.022381772654712778,0.096643373585407,NA,NA,NA
Barracudasaurus__time,-0.05316976814267036,-0.10199816711309324,0.013507688647282442,NA,NA,NA
Barrancapus__rotated_lat_scaled,0.022699597333557905,-0.0005666591744183089,0.03232022321005375,0.06404514215973904,0.02331227296963334,0.09505179413827136
Barrancapus__mean_scaled,-0.003079262425599154,-0.041520029343169194,0.08723723969120967,NA,NA,NA
Barrancapus__Mod_R_deltaTMyr_scaled,-0.06766081401670818,-0.050531479824802966,0.03392937821793338,NA,NA,NA
Barrancapus__time,-0.0438247532537207,-0.04326932038041075,0.038188836776349176,NA,NA,NA
Bashkyroleter__rotated_lat_scaled,0.045252365400083365,0.0007377388508832429,0.014328159143078318,0.17343142772326245,0.04175655357539654,0.6646965071558952
Bashkyroleter__mean_scaled,0.21792861733702013,-0.007011841882028992,0.12645861126961894,NA,NA,NA
Bashkyroleter__Mod_R_deltaTMyr_scaled,-0.010314170196652412,-0.032495339323715865,0.04441735199463006,NA,NA,NA
Bashkyroleter__time,-0.23534575933939778,-0.09711804636793961,0.006471555488218641,NA,NA,NA
Batrachopus_Temperate_N__rotated_lat_scaled,0.017856114491291274,-0.011679719416644398,0.023804487902022803,0.6717212884392939,0.06553218560293317,0.9948577205650508
Batrachopus_Temperate_N__mean_scaled,0.023062799519269636,-0.0805042656225317,0.03959719631267633,NA,NA,NA
Batrachopus_Temperate_N__Mod_R_deltaTMyr_scaled,0.018413553928782005,-0.05657504648089673,0.030874806884379567,NA,NA,NA
Batrachopus_Temperate_N__time,0.09657790658286625,0.012871542797271615,0.09739918679646725,NA,NA,NA
Batrachopus_Tropical_N__rotated_lat_scaled,0.007627812887109494,-0.005115863591604639,0.011767723004270718,0.9471892918646335,0.6524033602327108,1.3353857956826687
Batrachopus_Tropical_N__mean_scaled,0.030930619808271047,0.003500458902701077,0.0445796753511474,NA,NA,NA
Batrachopus_Tropical_N__Mod_R_deltaTMyr_scaled,0.023261779852393742,-0.019768014276216914,0.038119964467267065,NA,NA,NA
Batrachopus_Tropical_N__time,0.09409016197443486,0.15727090768792168,0.09720831507286078,NA,NA,NA
Batrachotomus__rotated_lat_scaled,0.01289533149509225,-0.016461255951442145,0.03199897812489902,0.18508658853403176,0.08432485163211823,0.2486949553131126
Batrachotomus__mean_scaled,-0.001158191710128449,-0.04384104696205259,0.03811503235011609,NA,NA,NA
Batrachotomus__Mod_R_deltaTMyr_scaled,0.013100316718046089,-0.04065201694282158,0.0842316592602632,NA,NA,NA
Batrachotomus__time,0.004338757508812705,-0.0349331688664849,0.03733000816026765,NA,NA,NA
Belebey__rotated_lat_scaled,0.038923016768530945,-0.00015049350448864064,0.0197231779120609,0.12706234795339696,0.03458180371671915,0.198912151157856
Belebey__mean_scaled,0.1505767868037219,-0.007270864382462007,0.12166195109855912,NA,NA,NA
Belebey__Mod_R_deltaTMyr_scaled,-0.04002678454220586,-0.03390422228736862,0.035738637408706704,NA,NA,NA
Belebey__time,-0.1783210455988592,-0.09456190854848194,0.014551911476219228,NA,NA,NA
Benggwigwishingasuchus__rotated_lat_scaled,0.0259774436801672,0.011083660647273064,0.014949154963540217,0.23959650681368658,0.1388758165994659,0.4933246783912182
Benggwigwishingasuchus__mean_scaled,0.04336960916873068,-0.0257484782487154,0.04471438281296093,NA,NA,NA
Benggwigwishingasuchus__Mod_R_deltaTMyr_scaled,0.00045196098188171163,-0.06221393495798111,0.11165369869354683,NA,NA,NA
Benggwigwishingasuchus__time,0.01388711846069782,-0.040982648730278015,0.02035844142549799,NA,NA,NA
Bentonyx__rotated_lat_scaled,0.024983354350551962,0.006308213346677299,0.013572795538954545,0.24968716865041643,0.1364236008375883,0.6441811118274927
Bentonyx__mean_scaled,0.04180768354330212,-0.020734666133823715,0.05975475817042548,NA,NA,NA
Bentonyx__Mod_R_deltaTMyr_scaled,0.016579394444124772,-0.055695730001561375,0.09880107484858894,NA,NA,NA
Bentonyx__time,0.010406361790228403,-0.06576530593409342,0.019547049337577,NA,NA,NA
Bergamodactylus__rotated_lat_scaled,0.02292523818090558,0.001874231948124279,0.030846960437714895,0.10081153647624888,0.018868576735258102,0.1640549642033875
Bergamodactylus__mean_scaled,-0.054034174522385,-0.04178767519184843,0.016567863016904567,NA,NA,NA
Bergamodactylus__Mod_R_deltaTMyr_scaled,-0.05369627545005642,-0.06036151773269519,0.024831078131906933,NA,NA,NA
Bergamodactylus__time,0.029706373745575547,-0.03561252774638186,0.11942977630901956,NA,NA,NA
Besanosaurus__rotated_lat_scaled,0.021983276383252814,-0.0018355582495992507,0.013170228341286928,0.2777378538974108,0.09988949541002512,0.6441811118274927
Besanosaurus__mean_scaled,0.03997786978376098,-0.02983226313914642,0.050687173096393354,NA,NA,NA
Besanosaurus__Mod_R_deltaTMyr_scaled,0.08826831283818592,-0.038337628906903065,0.11129956369132639,NA,NA,NA
Besanosaurus__time,-0.028401979629998096,-0.06588203842715247,0.016518712766539313,NA,NA,NA
Blezingeria__rotated_lat_scaled,0.026411476678331384,-0.0003112008827567029,0.015516222043431097,0.2743243737111334,0.06789970211684704,0.635716138407588
Blezingeria__mean_scaled,0.06784160647192039,-0.01421370915705093,0.06880936480974445,NA,NA,NA
Blezingeria__Mod_R_deltaTMyr_scaled,0.06316384054138326,-0.020348834693252337,0.0950180109149774,NA,NA,NA
Blezingeria__time,-0.03900292450271081,-0.10101374398974125,0.012332080127393008,NA,NA,NA
Blomosaurus__rotated_lat_scaled,0.0017125312003266199,-0.027709157854260598,0.006522676554413838,1.0345482636675296,0.5357938949018717,1.8045221790671349
Blomosaurus__mean_scaled,0.03787253189765985,-0.008753890386999464,0.052932829572889126,NA,NA,NA
Blomosaurus__Mod_R_deltaTMyr_scaled,0.14730138023230968,0.023874476729446585,0.11849297944604048,NA,NA,NA
Blomosaurus__time,-0.030976068808087023,-0.12329891721098775,0.013727192322202516,NA,NA,NA
Bobosaurus__rotated_lat_scaled,0.00973131156526506,-0.022861661964337854,0.029524082338144117,0.17674699518931447,0.10112414683680981,0.24198246141895652
Bobosaurus__mean_scaled,0.00024101334318402223,-0.03502163318380976,0.044171169744220334,NA,NA,NA
Bobosaurus__Mod_R_deltaTMyr_scaled,0.014385938310879283,-0.04005803567611279,0.07735974158316711,NA,NA,NA
Bobosaurus__time,-0.0035216425522230565,-0.03794615789854079,0.04062068423001441,NA,NA,NA
Bolosaurus__rotated_lat_scaled,0.024472439605742694,0.00010482143303245888,0.015254293143539422,0.15195956187671983,0.07166020572185516,0.22656750865280628
Bolosaurus__mean_scaled,0.08678663293481804,-0.022414299399463447,0.13271795322797136,NA,NA,NA
Bolosaurus__Mod_R_deltaTMyr_scaled,-0.021084662585053593,-0.013751793440453111,0.01918422603872781,NA,NA,NA
Bolosaurus__time,-0.0941252226009965,-0.0998262173159171,0.024519205485307352,NA,NA,NA
Boreopricea__rotated_lat_scaled,0.023778128915000706,-0.007357145193964243,0.037429910032776036,0.24557769493723755,0.14229247998446226,0.3376668952405453
Boreopricea__mean_scaled,0.05461240706499666,-0.00705964770168066,0.08070473196770805,NA,NA,NA
Boreopricea__Mod_R_deltaTMyr_scaled,-0.016552300810581073,-0.06359897553920746,0.0206027121229936,NA,NA,NA
Boreopricea__time,0.027829085245612076,-0.018259325996041298,0.05293832377206829,NA,NA,NA
Brachychirotherium_Temperate_N__rotated_lat_scaled,0.018419184019530802,-0.005266645611187511,0.03418820430369489,0.16465604916151277,0.06473117601126432,0.22982718094135635
Brachychirotherium_Temperate_N__mean_scaled,-0.0077212653827155005,-0.04438958626845688,0.048351424496581204,NA,NA,NA
Brachychirotherium_Temperate_N__Mod_R_deltaTMyr_scaled,-0.008633778228977462,-0.050369061758019265,0.05221743336206582,NA,NA,NA
Brachychirotherium_Temperate_N__time,0.006681534231465776,-0.03586219508513754,0.05691861573320405,NA,NA,NA
Brachychirotherium_Tropical_N__rotated_lat_scaled,0.00936090593371773,-0.016929678761123026,0.015307107028184145,0.24456581858077697,0.06184028275310993,0.5168204768560827
Brachychirotherium_Tropical_N__mean_scaled,-0.03073439880965452,-0.06235833630046269,0.03511029658635636,NA,NA,NA
Brachychirotherium_Tropical_N__Mod_R_deltaTMyr_scaled,-0.029605061945658234,-0.050113897055042114,0.03495819416170758,NA,NA,NA
Brachychirotherium_Tropical_N__time,0.13963399888016284,-0.006485576606173384,0.10630008011929787,NA,NA,NA
Brachychirotherium_Tropical_S__rotated_lat_scaled,0.026674713387619703,0.001032164849423255,0.02614243016088575,0.1358063336429768,0.03851890563964844,0.248120897449553
Brachychirotherium_Tropical_S__mean_scaled,0.0003157625941094011,-0.0363415739236668,0.06408775292408907,NA,NA,NA
Brachychirotherium_Tropical_S__Mod_R_deltaTMyr_scaled,-0.027537714204227084,-0.039363565166008446,0.054453039582646086,NA,NA,NA
Brachychirotherium_Tropical_S__time,-0.019556802656734363,-0.06121451448254922,0.04699245522792505,NA,NA,NA
Bradysaurus__rotated_lat_scaled,0.05020690743927844,-0.0023875485045080805,0.08852714241688787,0.158411034265946,0.07940724864602089,0.26484804693609476
Bradysaurus__mean_scaled,-0.04577011929941364,-0.061652493636174886,0.009545801445151497,NA,NA,NA
Bradysaurus__Mod_R_deltaTMyr_scaled,-0.004801340162375709,-0.03446229451665267,0.04910622618259467,NA,NA,NA
Bradysaurus__time,0.0028652117662477396,-0.03738515206546557,0.04449650785091192,NA,NA,NA
Brasinorhynchus__rotated_lat_scaled,0.07092899789160584,0.00012666814757287056,0.05317703312933509,0.24673088742085383,0.09379217959940434,0.5359748527407646
Brasinorhynchus__mean_scaled,0.014166440532280831,-0.030043902830059012,0.04070544987279721,NA,NA,NA
Brasinorhynchus__Mod_R_deltaTMyr_scaled,0.022401373218162917,-0.03724437908087712,0.07638174500908877,NA,NA,NA
Brasinorhynchus__time,-0.016676298743404913,-0.06872587495943795,0.021411449884324883,NA,NA,NA
Brazilosaurus__rotated_lat_scaled,0.020625623015366728,-0.00641562453258778,0.011361069411247373,0.22302388415511815,0.06739727780222893,0.7942338809370995
Brazilosaurus__mean_scaled,0.42716121141798796,-0.004317895269241307,0.11297158765681904,NA,NA,NA
Brazilosaurus__Mod_R_deltaTMyr_scaled,0.11055893964599818,-0.013263668396806223,0.05545790513979649,NA,NA,NA
Brazilosaurus__time,-0.49123226444644386,-0.1118903005241659,0.011885115687683058,NA,NA,NA
Bromsgroveia__rotated_lat_scaled,0.023236430084216407,-0.006240292625119336,0.014488121681905759,0.30455290401354435,0.14023901522159576,0.6681136039551347
Bromsgroveia__mean_scaled,0.055691707474179564,-0.030547021506632525,0.058304113957954554,NA,NA,NA
Bromsgroveia__Mod_R_deltaTMyr_scaled,0.1208746251114644,-0.02538987724821952,0.10218951594928033,NA,NA,NA
Bromsgroveia__time,-0.05116023317852523,-0.07371029734282983,0.01669392630640532,NA,NA,NA
Broomia__rotated_lat_scaled,0.06098295816220343,-0.010317550409292059,0.0569088383402269,0.19115476820486946,0.0386005830951035,0.4436359126120806
Broomia__mean_scaled,-0.050061641010106545,-0.06436091665237016,0.00477121404775353,NA,NA,NA
Broomia__Mod_R_deltaTMyr_scaled,0.023601130391907647,-0.026040198817752953,0.09837278816809959,NA,NA,NA
Broomia__time,0.0007219461386557669,-0.03516882284338604,0.03162283733946594,NA,NA,NA
Bunostegos__rotated_lat_scaled,0.023030575236596743,0.0007128706154743712,0.008445255955389462,0.401556788579328,0.013919917866587639,1.353474486619234
Bunostegos__mean_scaled,0.028724576622396285,-0.027749630950539787,0.04857631078380269,NA,NA,NA
Bunostegos__Mod_R_deltaTMyr_scaled,0.21086081213267824,-0.023337787849082577,0.12739431937138923,NA,NA,NA
Bunostegos__time,-0.10670558946946211,-0.08551294053865323,0.007259791784964579,NA,NA,NA
Buriolestes__rotated_lat_scaled,0.07780153185308389,0.0034860483680780293,0.06415041817247019,0.38114967142159,0.047004908323287964,1.0091955661773682
Buriolestes__mean_scaled,0.00487897247501062,-0.0635950368215809,0.03768341116140953,NA,NA,NA
Buriolestes__Mod_R_deltaTMyr_scaled,0.012802410180077096,-0.06627332903591424,0.04488075065819077,NA,NA,NA
Buriolestes__time,0.06042746001403752,-0.009505171233384103,0.04496109790347546,NA,NA,NA
Bystrowisuchus__rotated_lat_scaled,0.024742600496974774,0.0009407951147295535,0.03242885390502423,0.2527608789708756,0.16026281006634235,0.35809228383004665
Bystrowisuchus__mean_scaled,0.05923822086857399,-0.01814841479063034,0.08075126634152797,NA,NA,NA
Bystrowisuchus__Mod_R_deltaTMyr_scaled,-0.009581809374067234,-0.05602412670850754,0.02747266821329608,NA,NA,NA
Bystrowisuchus__time,0.02245149245718494,-0.027340179309248924,0.05102288943569768,NA,NA,NA
Callawayia__rotated_lat_scaled,0.013526196577586233,-0.013438743699244752,0.028944525194918382,0.1182691139781764,0.024301500990986824,0.20755477994680405
Callawayia__mean_scaled,-0.05260568636644166,-0.04920281597245877,0.01766184519124703,NA,NA,NA
Callawayia__Mod_R_deltaTMyr_scaled,-0.04031546507044368,-0.0531620804109829,0.040075848047065314,NA,NA,NA
Callawayia__time,0.04175369431526633,-0.02008384864011479,0.10499345946231523,NA,NA,NA
Calyptosuchus__rotated_lat_scaled,0.02054976793588139,-0.015288104111789413,0.02564124006079707,0.22371371413813904,0.1291891410946846,0.34167128801345825
Calyptosuchus__mean_scaled,-0.018354682602075626,-0.06675588115641051,0.025687129617141712,NA,NA,NA
Calyptosuchus__Mod_R_deltaTMyr_scaled,-0.009612368698290083,-0.052763466670789495,0.034251982834683434,NA,NA,NA
Calyptosuchus__time,0.0752206229804142,-0.0010800367838117878,0.10609532538292374,NA,NA,NA
Camelotia__rotated_lat_scaled,0.02241427326229723,-0.027802575039752905,0.029843157748620713,0.49410279769450427,0.049883197993040085,0.9745308314450085
Camelotia__mean_scaled,0.016773250250879064,-0.05653783961987952,0.04462927038853618,NA,NA,NA
Camelotia__Mod_R_deltaTMyr_scaled,0.0028455677083345887,-0.05656555963621237,0.02866523045391652,NA,NA,NA
Camelotia__time,0.11387728330069828,0.005018485573043582,0.08853801930447255,NA,NA,NA
Camposaurus__rotated_lat_scaled,0.023801619201985886,5.483490223810016e-05,0.02964781982726882,0.0902840085203934,0.028887255117297173,0.21605856087990105
Camposaurus__mean_scaled,-0.05611495746183209,-0.054426398791616225,0.029726670061486004,NA,NA,NA
Camposaurus__Mod_R_deltaTMyr_scaled,-0.046344804539112376,-0.04888673692962506,0.03864766456731629,NA,NA,NA
Camposaurus__time,0.013031776797142812,-0.03262918790379803,0.09365352343947485,NA,NA,NA
Candelaria__rotated_lat_scaled,0.0835620203986764,0.00751549877696138,0.05908029667513156,0.28250337996214514,0.11614593863487244,0.5359748527407646
Candelaria__mean_scaled,0.029970894631551347,-0.018770983111083286,0.04227225113936937,NA,NA,NA
Candelaria__Mod_R_deltaTMyr_scaled,0.04520531014364679,-0.030445026416462132,0.06853193480529907,NA,NA,NA
Candelaria__time,-0.03214521973393857,-0.09418697797221716,0.021791195275745977,NA,NA,NA
Captorhinikos__rotated_lat_scaled,0.02593059390434064,0.0017328272652899646,0.02597687029146432,0.16956490932614543,0.11284379009157419,0.2452102117240429
Captorhinikos__mean_scaled,-0.007690592829603702,-0.04206862775883539,0.07947331864109478,NA,NA,NA
Captorhinikos__Mod_R_deltaTMyr_scaled,-0.026037980500841513,-0.03189037340072534,0.00786644244878295,NA,NA,NA
Captorhinikos__time,0.021452514230040833,-0.06366131482853045,0.07835904651420392,NA,NA,NA
Captorhinoides__rotated_lat_scaled,0.025924460539827124,0.0010100947365389355,0.014989453297428807,0.15052306709956612,0.07921361923217773,0.23046838660957292
Captorhinoides__mean_scaled,0.10468518959416542,-0.012486945084208955,0.1362789886892314,NA,NA,NA
Captorhinoides__Mod_R_deltaTMyr_scaled,-0.026071368307166266,-0.020070818099612156,0.010337149932817091,NA,NA,NA
Captorhinoides__time,-0.10992558924946934,-0.10433982027551902,0.030070085976068653,NA,NA,NA
Captorhinus_Temperate_S__rotated_lat_scaled,0.04270432761637494,-0.0033074780449844207,0.062060265926524104,0.15102458964523977,0.07359567005187273,0.2480668665957637
Captorhinus_Temperate_S__mean_scaled,0.03253404263232369,-0.02788568708945386,0.07172351449061293,NA,NA,NA
Captorhinus_Temperate_S__Mod_R_deltaTMyr_scaled,-0.025427847627870506,-0.03762727739986279,0.029752056577929262,NA,NA,NA
Captorhinus_Temperate_S__time,-0.05469630749779753,-0.06706704618850015,0.028139840900479662,NA,NA,NA
Captorhinus_Tropical_N__rotated_lat_scaled,0.025834708448965103,0.0026899450667699737,0.031361250640887926,0.16725396053981967,0.10471481375861913,0.24375324975699186
Captorhinus_Tropical_N__mean_scaled,-0.013965566877741366,-0.06471210658887866,0.04641318822890489,NA,NA,NA
Captorhinus_Tropical_N__Mod_R_deltaTMyr_scaled,-0.028605217220028862,-0.05247768074239278,0.006208656058024676,NA,NA,NA
Captorhinus_Tropical_N__time,0.028079661666415633,-0.021387646458299735,0.10769258296772846,NA,NA,NA
Captorhinus_Tropical_S__rotated_lat_scaled,0.025290221956674942,0.0001824416907596469,0.01891937068479189,0.16232291221094783,0.09783569909632206,0.23035182291641831
Captorhinus_Tropical_S__mean_scaled,0.05052075037150644,-0.01813368233315844,0.1316114868496805,NA,NA,NA
Captorhinus_Tropical_S__Mod_R_deltaTMyr_scaled,-0.02591297292849049,-0.018048747868042288,0.012924905521898976,NA,NA,NA
Captorhinus_Tropical_S__time,-0.043485461710952224,-0.09988750021236013,0.028219914839174614,NA,NA,NA
Cargninia__rotated_lat_scaled,0.050586040251073425,0.003275477408672948,0.057536673561023946,0.11762858336005592,0.04159809648990631,0.22800433821976185
Cargninia__mean_scaled,-0.0342827557597775,-0.05033483559286909,0.050033959377612264,NA,NA,NA
Cargninia__Mod_R_deltaTMyr_scaled,-0.06924293693882647,-0.05354184814523482,0.00397749050471108,NA,NA,NA
Cargninia__time,0.014657861285377294,-0.03528628239337026,0.08012755445219866,NA,NA,NA
Carnufex__rotated_lat_scaled,0.02936652663163841,0.005983660401721839,0.03101232795881581,0.16796534573240934,0.061893854290246964,0.2520781736820936
Carnufex__mean_scaled,0.0021971279685385524,-0.05067417953265844,0.0533934961362384,NA,NA,NA
Carnufex__Mod_R_deltaTMyr_scaled,-0.029973499177249324,-0.0549179918080936,0.04465464484518586,NA,NA,NA
Carnufex__time,0.010464815787272527,-0.03627897778377101,0.0626152089553059,NA,NA,NA
Cartorhynchus__rotated_lat_scaled,0.025697850519791246,0.004914055112749338,0.03229500446592897,0.2415896646148758,0.14789020735770464,0.33438280411064625
Cartorhynchus__mean_scaled,0.05173615680425428,-0.012535203248262405,0.0817635525135521,NA,NA,NA
Cartorhynchus__Mod_R_deltaTMyr_scaled,-0.021567210724460894,-0.07300220429897308,0.019015518395226985,NA,NA,NA
Cartorhynchus__time,0.029812493493082,-0.013872048817574978,0.05860160252083791,NA,NA,NA
Caseosaurus__rotated_lat_scaled,0.019866402412299068,-0.0008801768511417263,0.0298933625688273,0.11875601715204538,0.0376675259321928,0.2774426629766822
Caseosaurus__mean_scaled,-0.05250304402085021,-0.0480965992192229,0.012064609524556142,NA,NA,NA
Caseosaurus__Mod_R_deltaTMyr_scaled,-0.03522835938842036,-0.06884946711939662,0.039011005290517556,NA,NA,NA
Caseosaurus__time,0.030710643626807723,-0.018061245533039977,0.11070670051164495,NA,NA,NA
Caviramus__rotated_lat_scaled,0.024790775070432574,-0.019815363646963787,0.034490023483667503,0.2745183774131874,0.0317694591358304,0.9382614642381668
Caviramus__mean_scaled,-0.02095602933317423,-0.05800442514541429,0.04338197288838185,NA,NA,NA
Caviramus__Mod_R_deltaTMyr_scaled,-0.021847076158010167,-0.05357747678174804,0.030283766589336836,NA,NA,NA
Caviramus__time,0.13662033331173007,-0.0044902231486751015,0.08351991493415976,NA,NA,NA
Ceresiosaurus__rotated_lat_scaled,0.020346344652352855,-0.001051915721586807,0.03411449682932541,0.17726168625304126,0.12055036704987288,0.24620419926941395
Ceresiosaurus__mean_scaled,-0.0041185646282974634,-0.045353710991454445,0.03412583259869993,NA,NA,NA
Ceresiosaurus__Mod_R_deltaTMyr_scaled,-0.0008154159573314245,-0.05193856796336761,0.06579745081281646,NA,NA,NA
Ceresiosaurus__time,0.005938947664108127,-0.037543294046392346,0.05763789765470415,NA,NA,NA
Chalishevia__rotated_lat_scaled,0.009030866133107338,-0.02390152073467093,0.04298469806039989,0.16375392530402677,0.07809014338999987,0.22160970070399344
Chalishevia__mean_scaled,-0.008014973065673985,-0.039253204545867754,0.0328534984937204,NA,NA,NA
Chalishevia__Mod_R_deltaTMyr_scaled,0.0019094498577760532,-0.03824036164534191,0.07289848983329024,NA,NA,NA
Chalishevia__time,0.004918207856608205,-0.0344924017969206,0.04293899150813544,NA,NA,NA
Chanaresuchus__rotated_lat_scaled,0.08069733254611493,0.0059682303239564265,0.05701393540662812,0.2762528303124418,0.13642357662320137,0.5415726341307163
Chanaresuchus__mean_scaled,0.01931611367617734,-0.029322782081038102,0.03703421031866191,NA,NA,NA
Chanaresuchus__Mod_R_deltaTMyr_scaled,0.03745304285606835,-0.039335989771273686,0.07877419096026514,NA,NA,NA
Chanaresuchus__time,-0.017124033288127977,-0.07319694719444585,0.018853341209990798,NA,NA,NA
Chaohusaurus__rotated_lat_scaled,0.026244804952293633,0.004648162814842628,0.025580415634436984,0.21078347057962674,0.12083114869892597,0.34472730942070484
Chaohusaurus__mean_scaled,0.029829870318062602,-0.02957209745234134,0.06931472569420888,NA,NA,NA
Chaohusaurus__Mod_R_deltaTMyr_scaled,-0.00312277450284455,-0.05807360466819283,0.06330985852335355,NA,NA,NA
Chaohusaurus__time,0.0019211952899058815,-0.052889949417109665,0.033470678043546545,NA,NA,NA
Chasmatosuchus__rotated_lat_scaled,0.02533883409880218,0.0001430605334462598,0.0406899767834826,0.23237583680762328,0.16740201017819345,0.30457825353369117
Chasmatosuchus__mean_scaled,0.04797892941685859,0.0005275637959130108,0.06998489046136702,NA,NA,NA
Chasmatosuchus__Mod_R_deltaTMyr_scaled,-0.028008555154374334,-0.07473215460777283,0.019720200497463362,NA,NA,NA
Chasmatosuchus__time,0.03115625392412767,-0.007425947114825249,0.06128061015323296,NA,NA,NA
Chelyoposuchus__rotated_lat_scaled,0.024283677510390168,-0.035013218619571795,0.03205683303166566,0.3344911270609009,0.04868524894118309,0.8893996551632881
Chelyoposuchus__mean_scaled,-0.00914273501840016,-0.05464453977201496,0.03264838942786872,NA,NA,NA
Chelyoposuchus__Mod_R_deltaTMyr_scaled,-0.0058134339618244255,-0.05007746535938056,0.03337078327938313,NA,NA,NA
Chelyoposuchus__time,0.14658286599204357,0.0038477350281661037,0.09359967215662844,NA,NA,NA
Chinchenia__rotated_lat_scaled,0.023873558860796038,0.001687755001714013,0.013828811139805292,0.22523240891110619,0.06578575307503343,0.46620927285403013
Chinchenia__mean_scaled,0.005285163990338333,-0.029583334831687597,0.027803365771535304,NA,NA,NA
Chinchenia__Mod_R_deltaTMyr_scaled,0.056096055819652976,-0.041591332207558646,0.13247962959248352,NA,NA,NA
Chinchenia__time,-0.015932744281890336,-0.06640057668526898,0.017563871391721837,NA,NA,NA
Chindesaurus__rotated_lat_scaled,0.01936208079510834,-0.014369240443349052,0.02467851408052105,0.16428863261746302,0.0365999061614275,0.32871291041374207
Chindesaurus__mean_scaled,-0.03338084338982299,-0.04691159284945899,0.027198958303378692,NA,NA,NA
Chindesaurus__Mod_R_deltaTMyr_scaled,-0.04186746150109684,-0.05533927044420716,0.04694580412754599,NA,NA,NA
Chindesaurus__time,0.06426448219106533,-0.019267384985786003,0.09285240138410024,NA,NA,NA
Chinshakiangosaurus__rotated_lat_scaled,0.023152934265911935,-0.04438859264798247,0.038490823698387744,1.1328507387114224,0.6513288788264617,1.575999528169632
Chinshakiangosaurus__mean_scaled,0.031225353945689708,0.02867595182423573,0.04380532882084356,NA,NA,NA
Chinshakiangosaurus__Mod_R_deltaTMyr_scaled,0.022670566412631606,-0.033259179914316796,0.030453940034095704,NA,NA,NA
Chinshakiangosaurus__time,0.0788615198979759,0.18485930946086476,0.07892558534221895,NA,NA,NA
Chirotherium_Temperate_N__rotated_lat_scaled,0.01921525375682397,-0.020339123194648135,0.025706940808257212,0.5799202604389575,0.0699856523424387,0.9386866493150592
Chirotherium_Temperate_N__mean_scaled,0.02367485656540551,-0.06523320573911548,0.04093751322709336,NA,NA,NA
Chirotherium_Temperate_N__Mod_R_deltaTMyr_scaled,0.009856024404772777,-0.07449087916645938,0.029411504686205722,NA,NA,NA
Chirotherium_Temperate_N__time,0.10316423979520689,0.0241757193774218,0.09561971917398965,NA,NA,NA
Chirotherium_Temperate_S__rotated_lat_scaled,0.07739374672528357,0.005915218739451224,0.054589066642273594,0.26955130976377406,0.06126930005848408,0.4768426716327667
Chirotherium_Temperate_S__mean_scaled,0.025319784058956428,-0.03304925784600622,0.03721718602388645,NA,NA,NA
Chirotherium_Temperate_S__Mod_R_deltaTMyr_scaled,0.042909446405246854,-0.033160630101820354,0.08152661368985367,NA,NA,NA
Chirotherium_Temperate_S__time,-0.03198204194792197,-0.07559281951442585,0.018342811539532225,NA,NA,NA
Chirotherium_Tropical_N__rotated_lat_scaled,0.017081628711894156,-0.012596780280291426,0.020785783270838843,0.17147665567579679,0.031040169298648834,0.4111795835196972
Chirotherium_Tropical_N__mean_scaled,-0.03949661706457846,-0.05053628080050148,0.010702417311148772,NA,NA,NA
Chirotherium_Tropical_N__Mod_R_deltaTMyr_scaled,-0.030864293932681905,-0.05345726945645049,0.04318846636987779,NA,NA,NA
Chirotherium_Tropical_N__time,0.06884556343895383,-0.01929715818555781,0.11699901094368056,NA,NA,NA
Chromogisaurus__rotated_lat_scaled,0.07867263661697507,0.011711780158345094,0.06930940354248105,0.2532974280061899,0.019482165575027466,0.5068370923399925
Chromogisaurus__mean_scaled,0.022370795239621658,-0.024534457568365375,0.04162930914925005,NA,NA,NA
Chromogisaurus__Mod_R_deltaTMyr_scaled,0.0005254418344702572,-0.06783255001450081,0.06137537674711571,NA,NA,NA
Chromogisaurus__time,-0.004181820207086275,-0.05523226129828012,0.019361588456699153,NA,NA,NA
Clarazia__rotated_lat_scaled,0.025928283710964024,0.00418722827288848,0.014412053624259331,0.24560016393195838,0.14024504087865353,0.4837932735681534
Clarazia__mean_scaled,0.05324994845141191,-0.019707034591849436,0.05627447846977168,NA,NA,NA
Clarazia__Mod_R_deltaTMyr_scaled,0.01581451273377752,-0.0551326485938926,0.10180707829057133,NA,NA,NA
Clarazia__time,-0.005302955486404244,-0.06523503380994766,0.01918206751094363,NA,NA,NA
Claudiosaurus__rotated_lat_scaled,0.013144444488767835,-0.0068248554143964255,0.016420769590281697,0.9082795869213441,0.12571006268262863,1.7119986154139042
Claudiosaurus__mean_scaled,0.03796428813317703,-0.01623384398739403,0.0494383088882435,NA,NA,NA
Claudiosaurus__Mod_R_deltaTMyr_scaled,0.14542006037868815,-0.0007454188759026841,0.11834002386048506,NA,NA,NA
Claudiosaurus__time,-0.040618418478423846,-0.11208337044510808,0.007476575556535697,NA,NA,NA
Clevosaurus_Temperate_N__rotated_lat_scaled,0.012224144412748102,-0.006563958622523262,0.017499927968573904,1.0356150434864686,0.7279844619333744,1.3314824253320694
Clevosaurus_Temperate_N__mean_scaled,0.031717023150441136,0.004033493171738623,0.04108425159510286,NA,NA,NA
Clevosaurus_Temperate_N__Mod_R_deltaTMyr_scaled,0.023357803554247446,-0.014392881072304674,0.0374249488899682,NA,NA,NA
Clevosaurus_Temperate_N__time,0.08861140340477247,0.1528108352458905,0.09566654944190099,NA,NA,NA
Clevosaurus_Temperate_S__rotated_lat_scaled,0.06613376064450094,0.006415318136528176,0.05689685878182954,0.4502612671680981,0.15891987271606922,1.0145310163497925
Clevosaurus_Temperate_S__mean_scaled,0.01070894086247519,-0.07457852885449784,0.04112228199439018,NA,NA,NA
Clevosaurus_Temperate_S__Mod_R_deltaTMyr_scaled,0.023320418355934302,-0.05767345417199437,0.04548587110360793,NA,NA,NA
Clevosaurus_Temperate_S__time,0.055747254659298716,-0.010050823832837182,0.0481706660157183,NA,NA,NA
Coahomasuchus__rotated_lat_scaled,0.023412315616151317,0.0003143958811068482,0.023827309790598748,0.13246547794551589,0.033712465316057205,0.28758359141647816
Coahomasuchus__mean_scaled,0.0058038977821706795,-0.024866936307412633,0.07002103795848137,NA,NA,NA
Coahomasuchus__Mod_R_deltaTMyr_scaled,-0.0322048973996425,-0.041303794945035256,0.03562747873681688,NA,NA,NA
Coahomasuchus__time,-0.020456212575372775,-0.07003115335146018,0.062199851409648954,NA,NA,NA
Coartaredens__rotated_lat_scaled,0.025863515966339037,-0.0011973805649284088,0.011960836812894149,0.2838817707827548,0.1356450035236776,0.6410319618880749
Coartaredens__mean_scaled,0.03947136365575716,-0.021128238005748264,0.05460101455386222,NA,NA,NA
Coartaredens__Mod_R_deltaTMyr_scaled,0.08654420008475426,-0.043735367115291565,0.10717702364361623,NA,NA,NA
Coartaredens__time,-0.023907683446304874,-0.06982650303683297,0.017936802885173346,NA,NA,NA
Coburgosuchus__rotated_lat_scaled,0.02750152819120558,-0.008001779120169611,0.02748613265727278,0.11323272878071293,0.026118267327547073,0.20568767562508583
Coburgosuchus__mean_scaled,0.03443118126800982,-0.02016453305413256,0.07267331566549841,NA,NA,NA
Coburgosuchus__Mod_R_deltaTMyr_scaled,-0.02158972789067775,-0.032127798897482164,0.05206381531724604,NA,NA,NA
Coburgosuchus__time,-0.08302062731003389,-0.07559337765101688,0.03945241425552871,NA,NA,NA
Coelodontognathus__rotated_lat_scaled,0.025996331355891016,0.004600441548973322,0.041724866611661346,0.22311385591503494,0.16088606975972652,0.3099270425736904
Coelodontognathus__mean_scaled,0.039586186036467554,-0.021597791463136673,0.06359370504426275,NA,NA,NA
Coelodontognathus__Mod_R_deltaTMyr_scaled,-0.025852921513142064,-0.06749160587787628,0.025784696073261365,NA,NA,NA
Coelodontognathus__time,0.027473885513609277,-0.008749878033995628,0.060572410166360516,NA,NA,NA
Coelophysis_Tropical_N__rotated_lat_scaled,-0.0007967976371255209,-0.0711299479007721,0.0075871258447056,0.7067955399061612,0.31821575574576855,1.154451745096594
Coelophysis_Tropical_N__mean_scaled,0.02679420751828083,-0.05823430418968201,0.04420013565930253,NA,NA,NA
Coelophysis_Tropical_N__Mod_R_deltaTMyr_scaled,0.02084263892998797,-0.08048257976770401,0.04218508435923386,NA,NA,NA
Coelophysis_Tropical_N__time,0.1090703257110659,0.16196390986442566,0.09770333203230397,NA,NA,NA
Coelophysis_Tropical_S__rotated_lat_scaled,0.026527576841544942,0.003506731384425614,0.023487458026083586,0.12443031969232834,0.031899258494377136,0.2889773268252611
Coelophysis_Tropical_S__mean_scaled,-0.01814288739034964,-0.050468474614198615,0.053220401706305515,NA,NA,NA
Coelophysis_Tropical_S__Mod_R_deltaTMyr_scaled,-0.05451632141383016,-0.046282086082014826,0.020361149846217407,NA,NA,NA
Coelophysis_Tropical_S__time,0.014651577132754027,-0.04264365941101338,0.09460666831693947,NA,NA,NA
Coelurosauravus_Temperate_N__rotated_lat_scaled,0.02663511667284183,0.0031408769220719985,0.028272777226993347,0.15446223768522033,0.07573699206113815,0.22834076173603535
Coelurosauravus_Temperate_N__mean_scaled,-0.014298628979595378,-0.03169665439056323,0.08745233515559935,NA,NA,NA
Coelurosauravus_Temperate_N__Mod_R_deltaTMyr_scaled,-0.015069313320564106,-0.029501473092197788,0.03695186910801112,NA,NA,NA
Coelurosauravus_Temperate_N__time,0.0012846887903288006,-0.0778302381621122,0.03899869640494214,NA,NA,NA
Coelurosauravus_Temperate_S__rotated_lat_scaled,0.020596444645913346,-0.004274954256085882,0.018015130420925948,0.5778716525864729,0.020690588280558586,1.5996925830841064
Coelurosauravus_Temperate_S__mean_scaled,0.053147444411645754,-0.01453282249592534,0.05333701919173664,NA,NA,NA
Coelurosauravus_Temperate_S__Mod_R_deltaTMyr_scaled,0.15034935349912634,-0.015699715693408528,0.11551301004616663,NA,NA,NA
Coelurosauravus_Temperate_S__time,-0.06818286803447632,-0.10137999627738145,0.004810518236716739,NA,NA,NA
Coelurosaurichnus_Temperate_N__rotated_lat_scaled,0.01676388570366385,-0.02300906463383033,0.024599956205281333,0.5364401602058205,0.05623448081314564,0.9513680823147297
Coelurosaurichnus_Temperate_N__mean_scaled,0.020163198345077307,-0.05311991380195759,0.04352984978433598,NA,NA,NA
Coelurosaurichnus_Temperate_N__Mod_R_deltaTMyr_scaled,0.008315461049855026,-0.07176348547682337,0.029439019900827625,NA,NA,NA
Coelurosaurichnus_Temperate_N__time,0.11066782942361299,0.012004975189810085,0.09410685200510104,NA,NA,NA
Coelurosaurichnus_Tropical_N__rotated_lat_scaled,0.020059283241280354,-0.00277802821809273,0.012692534795679843,0.1812929792664363,0.04437805898487568,0.7612997442483902
Coelurosaurichnus_Tropical_N__mean_scaled,-0.030844740786124022,-0.04645620783631949,0.04652202107517629,NA,NA,NA
Coelurosaurichnus_Tropical_N__Mod_R_deltaTMyr_scaled,-0.03776056912029162,-0.06431867252210006,0.024975814374285765,NA,NA,NA
Coelurosaurichnus_Tropical_N__time,0.07392863140936243,-0.022334580146288918,0.10748530765040407,NA,NA,NA
Coelurosaurichnus_Tropical_S__rotated_lat_scaled,0.026812995597720147,0.0030861791247977204,0.03255030665161553,0.13213180740058306,0.035587492398917675,0.2238608580082655
Coelurosaurichnus_Tropical_S__mean_scaled,-0.00880422673333669,-0.04071097344819435,0.05795077031724975,NA,NA,NA
Coelurosaurichnus_Tropical_S__Mod_R_deltaTMyr_scaled,-0.02154116422185325,-0.04069634097138134,0.049164339968141645,NA,NA,NA
Coelurosaurichnus_Tropical_S__time,-0.020246171764156315,-0.05756635342802324,0.05201026095853902,NA,NA,NA
Coletta__rotated_lat_scaled,0.0643729475652799,0.007493915501981974,0.05978102312675128,0.2833933021323901,0.16587744572461816,0.42203348875045776
Coletta__mean_scaled,0.05046170456451364,-0.014336977154016495,0.06575506472469367,NA,NA,NA
Coletta__Mod_R_deltaTMyr_scaled,-0.006725373364752159,-0.05790192633867264,0.0255157753250942,NA,NA,NA
Coletta__time,0.019373648845139542,-0.0456998385488987,0.04062381471900682,NA,NA,NA
Collilongus__rotated_lat_scaled,0.022885950853471563,0.0011604317280979554,0.008027929580981693,0.3159406680895336,0.17195777408778667,0.9280360649572685
Collilongus__mean_scaled,0.05831628853559387,-0.020376549326610562,0.021891260906991505,NA,NA,NA
Collilongus__Mod_R_deltaTMyr_scaled,0.05933830988412439,-0.05753584357193962,0.14741201306458257,NA,NA,NA
Collilongus__time,0.01536982524901932,-0.059135527552348986,0.014344474342990179,NA,NA,NA
Colobomycter__rotated_lat_scaled,0.025453371538314968,0.00014443381852698696,0.00570861025753709,0.20333729087986285,0.03362963069230318,0.6368233226239681
Colobomycter__mean_scaled,0.2597839904323337,-0.006321561748532449,0.1198492693463939,NA,NA,NA
Colobomycter__Mod_R_deltaTMyr_scaled,0.12705710127134806,-0.014626677266489372,0.05876485197056661,NA,NA,NA
Colobomycter__time,-0.36486754688434303,-0.11508368352630638,0.007352946321048343,NA,NA,NA
Colobops__rotated_lat_scaled,0.018452316347684246,-0.0022693152845107106,0.018381430540334136,0.129642623457039,0.03131841775029898,0.26148536801338196
Colobops__mean_scaled,-0.018057883408328052,-0.044625702073193045,0.042781706017851605,NA,NA,NA
Colobops__Mod_R_deltaTMyr_scaled,-0.04532000512044761,-0.05140377896552358,0.03060963699761808,NA,NA,NA
Colobops__time,0.01865782111592125,-0.03758869239957387,0.09990290433974212,NA,NA,NA
Coloradisaurus__rotated_lat_scaled,0.09803044231361076,0.0029509341008962693,0.05816657271320013,0.3182045878844656,0.026777578983455896,1.0654147863388062
Coloradisaurus__mean_scaled,-0.0032408395727321015,-0.04705602131748437,0.043319074806843154,NA,NA,NA
Coloradisaurus__Mod_R_deltaTMyr_scaled,-0.007762446303407134,-0.0751028461729672,0.0453017117869844,NA,NA,NA
Coloradisaurus__time,0.06888321808473763,-0.016679555333245923,0.04488831858851827,NA,NA,NA
Coloradisuchus__rotated_lat_scaled,0.053029395713238045,-0.0075974651157485204,0.04988484555586521,0.15665198950722697,0.03803478926420212,0.3448252030648291
Coloradisuchus__mean_scaled,-0.01626194244614453,-0.03849286345122711,0.0509171065443738,NA,NA,NA
Coloradisuchus__Mod_R_deltaTMyr_scaled,-0.0466048639442306,-0.037580424787199924,0.020268582334267874,NA,NA,NA
Coloradisuchus__time,0.01057902566215489,-0.052216735368625644,0.07060514346103909,NA,NA,NA
Concavispina__rotated_lat_scaled,0.02288717426126823,0.0021231583512570217,0.035974082622794466,0.144290269279154,0.04463794082403183,0.23838931741192937
Concavispina__mean_scaled,-0.009377201939933001,-0.05346653468246064,0.05333411169042379,NA,NA,NA
Concavispina__Mod_R_deltaTMyr_scaled,-0.02832848504447611,-0.05692370369104255,0.040024529455246906,NA,NA,NA
Concavispina__time,0.003198407480085734,-0.02762040870055505,0.062342954127080796,NA,NA,NA
Contectopalatus__rotated_lat_scaled,0.02223528933667694,-0.0038505380890327266,0.016571402122790083,0.2245152936235536,0.12232614774256945,0.38656796887516975
Contectopalatus__mean_scaled,0.022217072306084447,-0.041313106233029494,0.04561560086282591,NA,NA,NA
Contectopalatus__Mod_R_deltaTMyr_scaled,0.02687926928861998,-0.04389646060972706,0.10849714118496216,NA,NA,NA
Contectopalatus__time,-0.0027267118300369473,-0.04682738379101192,0.020991533724967804,NA,NA,NA
Corosaurus__rotated_lat_scaled,0.02706527529284358,0.011842019855976105,0.033974883162178955,0.23581242528161966,0.1725220661610365,0.32774091325700283
Corosaurus__mean_scaled,0.0488689332944341,0.009744717739522457,0.07596655903716264,NA,NA,NA
Corosaurus__Mod_R_deltaTMyr_scaled,-0.027242122859461232,-0.07067696750164032,0.018888293274744398,NA,NA,NA
Corosaurus__time,0.03120996503159404,-0.006554863881319761,0.06284594242145998,NA,NA,NA
Cosesaurus__rotated_lat_scaled,0.023552172086856445,0.0043277222888530665,0.032731638104992904,0.17342925846656726,0.06683859135955572,0.25022080121561885
Cosesaurus__mean_scaled,-0.005314416325418279,-0.05116182588052851,0.04551663382121493,NA,NA,NA
Cosesaurus__Mod_R_deltaTMyr_scaled,-0.008069352091406473,-0.05702484714314642,0.06958689264723711,NA,NA,NA
Cosesaurus__time,0.0073504802743264005,-0.03202853798797935,0.043840513322101,NA,NA,NA
Crosbysaurus__rotated_lat_scaled,0.022242630324326454,-0.004182327417164179,0.024677866235367853,0.19102745460899315,0.07869185693562031,0.29727626219391823
Crosbysaurus__mean_scaled,-0.03520746862923261,-0.05565429170020241,0.017079063244843398,NA,NA,NA
Crosbysaurus__Mod_R_deltaTMyr_scaled,-0.01827786826499505,-0.07141491659269167,0.03997575514399729,NA,NA,NA
Crosbysaurus__time,0.06635978665668517,-0.004635953012742955,0.10994299327133741,NA,NA,NA
Ctenosauriscus__rotated_lat_scaled,0.024473698492511176,0.003036568174138665,0.02813766808923424,0.24990798225706384,0.17301281727850437,0.3237518733367324
Ctenosauriscus__mean_scaled,0.05861477316357196,0.01772971823811531,0.08585726947300852,NA,NA,NA
Ctenosauriscus__Mod_R_deltaTMyr_scaled,-0.017921021070651477,-0.07296384871006012,0.020502997354239254,NA,NA,NA
Ctenosauriscus__time,0.02883015714942303,-0.006861704867333174,0.057177742979063945,NA,NA,NA
Cyamodus__rotated_lat_scaled,0.026211013989523052,0.0029579317303746002,0.02354558854603181,0.1323745872895006,0.04733242839574814,0.21926356852054596
Cyamodus__mean_scaled,0.008609917175635928,-0.030447548750541537,0.0983796672283498,NA,NA,NA
Cyamodus__Mod_R_deltaTMyr_scaled,-0.025171081263274574,-0.02426709478168962,0.030968979321518906,NA,NA,NA
Cyamodus__time,-0.03318563713459298,-0.08413077692094466,0.038781442799645446,NA,NA,NA
Cymatosaurus__rotated_lat_scaled,0.02603147190675372,-0.0023998472510191973,0.01650227213652739,0.28435019671480405,0.13756645936518908,0.5910556428134441
Cymatosaurus__mean_scaled,0.05307711671106517,-0.027807358582447605,0.06753839673432277,NA,NA,NA
Cymatosaurus__Mod_R_deltaTMyr_scaled,0.1094561804929981,-0.019069038493357553,0.0953264478632488,NA,NA,NA
Cymatosaurus__time,-0.06012494691822212,-0.08661124439597685,0.012308561161447018,NA,NA,NA
Cymbospondylus_Temperate_N__rotated_lat_scaled,0.01169373132288456,-0.014819322438534009,0.03554937648918233,0.17738354928440458,0.09294712962582707,0.26126872817985713
Cymbospondylus_Temperate_N__mean_scaled,0.000443265972116933,-0.03747916255592049,0.03921440929022193,NA,NA,NA
Cymbospondylus_Temperate_N__Mod_R_deltaTMyr_scaled,0.008290893066732679,-0.049606340460099714,0.07774251626036721,NA,NA,NA
Cymbospondylus_Temperate_N__time,0.0010452844004612417,-0.033982663268247004,0.03916937585577449,NA,NA,NA
Cymbospondylus_Tropical_N__rotated_lat_scaled,0.021873822616180406,0.0002412565242274874,0.015393278057454544,0.22174537413928191,0.08908096700906754,0.4240860268473625
Cymbospondylus_Tropical_N__mean_scaled,0.019727588429523168,-0.037719922940844794,0.04816006236499654,NA,NA,NA
Cymbospondylus_Tropical_N__Mod_R_deltaTMyr_scaled,0.06076878558931639,-0.027667134982707477,0.10522392181737623,NA,NA,NA
Cymbospondylus_Tropical_N__time,-0.03653519701794721,-0.07074168732347642,0.022898415655718637,NA,NA,NA
Czatkowiella__rotated_lat_scaled,0.024862401098944248,0.005616644397377968,0.029381475571709656,0.2502942201897531,0.16769514558836818,0.3510374426841736
Czatkowiella__mean_scaled,0.05874488882494916,-0.0021107473876327276,0.08410322107791851,NA,NA,NA
Czatkowiella__Mod_R_deltaTMyr_scaled,-0.016174915593583136,-0.06093199551105499,0.02314052827701274,NA,NA,NA
Czatkowiella__time,0.02695147133723367,-0.018252559006214142,0.05505045296890507,NA,NA,NA
Dactylosaurus__rotated_lat_scaled,0.025136769677628762,-0.002408322750870344,0.01791619857309299,0.27536100557103055,0.1405739524634555,0.5171930100768805
Dactylosaurus__mean_scaled,0.04141387977040722,-0.021704273444310057,0.057339667771286164,NA,NA,NA
Dactylosaurus__Mod_R_deltaTMyr_scaled,0.08546888574841432,-0.042052041673377075,0.10231844139812793,NA,NA,NA
Dactylosaurus__time,-0.032568904147628926,-0.06972285085424372,0.014101370153038873,NA,NA,NA
Daemonosaurus__rotated_lat_scaled,0.014159709398736595,-0.014454921073336773,0.014358133891541343,0.22667862001158937,0.06153793819248676,0.561105253174901
Daemonosaurus__mean_scaled,-0.04318900536658475,-0.06084534263948932,0.02674267269707856,NA,NA,NA
Daemonosaurus__Mod_R_deltaTMyr_scaled,-0.029605611248407514,-0.05229619857180969,0.036616831499408975,NA,NA,NA
Daemonosaurus__time,0.12940315270563588,-0.008291026438165426,0.11395803980751709,NA,NA,NA
Dagasuchus__rotated_lat_scaled,0.08199648774578236,0.0003074942725818734,0.06482039859202174,0.2575626939718495,0.05100845359265804,0.4823991507291794
Dagasuchus__mean_scaled,0.01565285234275507,-0.03002653319695415,0.04199062435718538,NA,NA,NA
Dagasuchus__Mod_R_deltaTMyr_scaled,0.02897402835311368,-0.045219820148953004,0.06430123773766941,NA,NA,NA
Dagasuchus__time,-0.024971048992010764,-0.06094862964947593,0.020563417208669436,NA,NA,NA
Dawazisaurus__rotated_lat_scaled,0.026768224010884297,0.004714530950526729,0.01396610546601499,0.24884591871115844,0.13005673000589013,0.43309745006263256
Dawazisaurus__mean_scaled,0.03121855908073485,-0.047562936285641684,0.03105943220400808,NA,NA,NA
Dawazisaurus__Mod_R_deltaTMyr_scaled,0.037317158054793256,-0.05884886128111484,0.12523352206785235,NA,NA,NA
Dawazisaurus__time,-0.0023683969574631192,-0.03419022210657142,0.021416618157670524,NA,NA,NA
Decuriasuchus__rotated_lat_scaled,0.09106797916882485,0.012465181109393245,0.06652765505727014,0.31489117233330033,0.1112855700775981,0.5922848843038082
Decuriasuchus__mean_scaled,0.03214678107504315,-0.026897154391225874,0.04343205432305094,NA,NA,NA
Decuriasuchus__Mod_R_deltaTMyr_scaled,0.0692069591935503,-0.03392096851335517,0.06649136907572978,NA,NA,NA
Decuriasuchus__time,-0.03651134491520914,-0.08753454692761341,0.015224599439495116,NA,NA,NA
Delatorrichnus__rotated_lat_scaled,0.022178118866768525,-0.02736165495307608,0.035291300593779655,1.0845730749098583,0.6299042575992644,1.448904737830162
Delatorrichnus__mean_scaled,0.030748257201099104,0.0010326525940987166,0.043146054826177054,NA,NA,NA
Delatorrichnus__Mod_R_deltaTMyr_scaled,0.022453602281275443,0.006717146360159844,0.03360102259453319,NA,NA,NA
Delatorrichnus__time,0.08053039617306608,0.15549934472161872,0.07963729988105607,NA,NA,NA
Delorhynchus__rotated_lat_scaled,0.025494019916513934,-0.00034831057730205073,0.005931648524281362,0.18960650867142248,0.061527639627456665,0.5731344297528267
Delorhynchus__mean_scaled,0.286931314697722,-0.004793876819176262,0.12287653502794724,NA,NA,NA
Delorhynchus__Mod_R_deltaTMyr_scaled,0.10214253318146803,-0.015551237057175147,0.056776040202868014,NA,NA,NA
Delorhynchus__time,-0.38087173364649063,-0.11519406426914774,0.006091454140449358,NA,NA,NA
Deltadectes__rotated_lat_scaled,0.02541870287507932,-0.021078174481529235,0.03192061161751323,0.3918540581432171,0.054824198596179485,0.8748759739100933
Deltadectes__mean_scaled,0.004284500208761657,-0.051501237473878275,0.0443606572565746,NA,NA,NA
Deltadectes__Mod_R_deltaTMyr_scaled,-0.0023194545463481814,-0.050281776525952775,0.031786866033892205,NA,NA,NA
Deltadectes__time,0.12852662598471637,-0.01302630024144092,0.08360754298756592,NA,NA,NA
Deltavjatia__rotated_lat_scaled,0.03521389304660261,0.004180878194719975,0.03642846430600015,0.1176033254628419,0.040661079809069633,0.2062978371977806
Deltavjatia__mean_scaled,-0.06463810537476093,-0.05021632514594353,-0.0007225918505531498,NA,NA,NA
Deltavjatia__Mod_R_deltaTMyr_scaled,0.0203139711075346,-0.025233942453380984,0.09020775106856417,NA,NA,NA
Deltavjatia__time,-0.029196807838743552,-0.06461809931819666,0.0657620543715348,NA,NA,NA
Desmatosuchus__rotated_lat_scaled,0.020040941124316303,-0.013446997026010064,0.023968508671986122,0.19467088737990706,0.08273769728839397,0.3383815251290798
Desmatosuchus__mean_scaled,-0.02601816871087067,-0.05256289930638296,0.024570711683372375,NA,NA,NA
Desmatosuchus__Mod_R_deltaTMyr_scaled,-0.026756987839471547,-0.06558210243285119,0.03864721189548234,NA,NA,NA
Desmatosuchus__time,0.07149472828372382,-0.004295489957556999,0.10448924564470512,NA,NA,NA
Diandongosaurus__rotated_lat_scaled,0.02736299200449139,0.013098877854645252,0.032914231780009094,0.21813668721995783,0.13386730337515473,0.289900578558445
Diandongosaurus__mean_scaled,0.03856645124324132,-0.012110135518014431,0.08133187041493266,NA,NA,NA
Diandongosaurus__Mod_R_deltaTMyr_scaled,-0.018502460325398717,-0.08538229018449783,0.03262333514497408,NA,NA,NA
Diandongosaurus__time,0.014799329775414663,-0.01744912751019001,0.04480624055563013,NA,NA,NA
Diandongosuchus__rotated_lat_scaled,0.026009767211508005,0.00015072676222422813,0.011765981684953615,0.21954895441536793,0.09220143407583237,0.5128561276942492
Diandongosuchus__mean_scaled,0.035941796591505405,-0.015802446103968994,0.06552682172807094,NA,NA,NA
Diandongosuchus__Mod_R_deltaTMyr_scaled,0.042524954506661744,-0.021145546435949767,0.09939429010967589,NA,NA,NA
Diandongosuchus__time,-0.04083793841651641,-0.09909022294510668,0.01498858437284552,NA,NA,NA
Dianmeisaurus__rotated_lat_scaled,0.026276557470846455,0.000989171592191009,0.01487839447762032,0.28620777656695284,0.14514040516223758,0.5842732936143875
Dianmeisaurus__mean_scaled,0.0360653319847188,-0.03580694463691013,0.036262955736797546,NA,NA,NA
Dianmeisaurus__Mod_R_deltaTMyr_scaled,0.08850930547807366,-0.03932275696766287,0.12418539562334592,NA,NA,NA
Dianmeisaurus__time,-0.02055379288889526,-0.06174695871041923,0.016348932057782185,NA,NA,NA
Dianopachysaurus__rotated_lat_scaled,0.0269927994068712,0.010836832225322723,0.035529427576315144,0.2125828629489115,0.1392484400421381,0.30400529596954584
Dianopachysaurus__mean_scaled,0.033815557033522056,-0.012110135518014431,0.08188367554667474,NA,NA,NA
Dianopachysaurus__Mod_R_deltaTMyr_scaled,-0.016371604367159308,-0.09091736376285553,0.026609521160805925,NA,NA,NA
Dianopachysaurus__time,0.012235736353468384,-0.023654863238334656,0.047653053611750144,NA,NA,NA
Dimetropus__rotated_lat_scaled,0.029731917516328393,0.0006189040915408596,0.006346898195558733,0.19897795807934016,0.03461531363427639,0.4601946510374546
Dimetropus__mean_scaled,0.3189507051836699,-0.009883675110510842,0.11628581729456955,NA,NA,NA
Dimetropus__Mod_R_deltaTMyr_scaled,0.10756002688780426,-0.013387198653818629,0.06335901848104968,NA,NA,NA
Dimetropus__time,-0.4131750660306716,-0.1132355190500126,0.0056839439243680095,NA,NA,NA
Dimorphodon__rotated_lat_scaled,0.019060686441042533,-0.035967139208858856,0.027590674452564856,0.9531094511412084,0.6425385363399982,1.257524311542511
Dimorphodon__mean_scaled,0.029385092258126442,-0.027668738602124352,0.0441468458034596,NA,NA,NA
Dimorphodon__Mod_R_deltaTMyr_scaled,0.021907522113459144,-0.04186045971141669,0.030527738263404304,NA,NA,NA
Dimorphodon__time,0.08555707370958103,0.2413838262452011,0.08941041937611721,NA,NA,NA
Dinocephalosaurus__rotated_lat_scaled,0.02642332787712803,0.0053688646899691175,0.03426628214345529,0.22088227190324689,0.14933627657592297,0.31806403188966215
Dinocephalosaurus__mean_scaled,0.03625667189597152,-0.02452030409315816,0.08467281987683253,NA,NA,NA
Dinocephalosaurus__Mod_R_deltaTMyr_scaled,-0.004650799225491937,-0.09431933037615389,0.030195059096227234,NA,NA,NA
Dinocephalosaurus__time,0.0069426968334300905,-0.02241671894345828,0.04254151677903091,NA,NA,NA
Diphydontosaurus_Temperate_N__rotated_lat_scaled,0.01699699371852025,-0.030556171845277955,0.02213444093764352,0.6170735992083791,0.05773581378161907,0.942808248102665
Diphydontosaurus_Temperate_N__mean_scaled,0.02257063366541794,-0.11157182483474982,0.04645809957499829,NA,NA,NA
Diphydontosaurus_Temperate_N__Mod_R_deltaTMyr_scaled,0.014241061770504528,-0.08200941180689805,0.030701959929236834,NA,NA,NA
Diphydontosaurus_Temperate_N__time,0.10210168536776644,0.08824991976412462,0.0923811774536673,NA,NA,NA
Diphydontosaurus_Tropical_N__rotated_lat_scaled,0.025093572372570636,0.002057759896397421,0.03274979134318394,0.10737844599294476,0.03013852797448635,0.1785192061215639
Diphydontosaurus_Tropical_N__mean_scaled,-0.0544641642132774,-0.05861348162020921,0.016296797843327646,NA,NA,NA
Diphydontosaurus_Tropical_N__Mod_R_deltaTMyr_scaled,-0.05596901527838782,-0.05780875233985804,0.025330020398854854,NA,NA,NA
Diphydontosaurus_Tropical_N__time,0.036807678589830174,-0.02152301465913137,0.11729906831017953,NA,NA,NA
Diphydontosaurus_Tropical_S__rotated_lat_scaled,0.023884618624360882,-0.00018092636503730115,0.019228191162179258,0.08846690851241874,0.031478783348575234,0.1803196780383587
Diphydontosaurus_Tropical_S__mean_scaled,-0.018266426709014922,-0.03669646065687469,0.05284103303939034,NA,NA,NA
Diphydontosaurus_Tropical_S__Mod_R_deltaTMyr_scaled,-0.05470876172068529,-0.03642509440937524,0.05133736629675188,NA,NA,NA
Diphydontosaurus_Tropical_S__time,-0.0183528962044511,-0.06258500729151399,0.06826908739722448,NA,NA,NA
Dolabrosaurus__rotated_lat_scaled,0.020114391072420402,-0.0022396752825393847,0.02663800128667764,0.12650915017991793,0.036026446148753166,0.26932191848754883
Dolabrosaurus__mean_scaled,-0.042535672128433365,-0.058851608903518926,0.044167223239044304,NA,NA,NA
Dolabrosaurus__Mod_R_deltaTMyr_scaled,-0.03697852112352848,-0.0522834502615504,0.028899892920259292,NA,NA,NA
Dolabrosaurus__time,0.029998577837250195,-0.02251275427519249,0.09197056044956471,NA,NA,NA
Dolerosaurus__rotated_lat_scaled,0.02305371247486619,0.0015069330540221728,0.039000157780124306,0.13398857471380324,0.0414873193949461,0.23640617355704308
Dolerosaurus__mean_scaled,-0.016973689139122144,-0.04933190271230342,0.05611416040881176,NA,NA,NA
Dolerosaurus__Mod_R_deltaTMyr_scaled,-0.03231830200238619,-0.05985861067830469,0.020382955232932,NA,NA,NA
Dolerosaurus__time,0.004316478858236224,-0.02820390838621528,0.0761784044736779,NA,NA,NA
Dolichobrachium__rotated_lat_scaled,0.023519133510999383,0.0038992062087764563,0.026565116599533097,0.14956915484188357,0.039145104587078094,0.23104546684771776
Dolichobrachium__mean_scaled,-0.008400232920539565,-0.04061688506732316,0.04072094008522733,NA,NA,NA
Dolichobrachium__Mod_R_deltaTMyr_scaled,-0.002575580230040941,-0.04164770440846661,0.07559279593105406,NA,NA,NA
Dolichobrachium__time,-0.01888454004074447,-0.0575221054557879,0.04879682527973146,NA,NA,NA
Doliovertebra__rotated_lat_scaled,0.026425405223853886,0.0073844012804329395,0.0344005197560064,0.2283016729998053,0.14090411557117477,0.2865462265908718
Doliovertebra__mean_scaled,0.03972877658670768,-0.0006269322475418448,0.08090449799288957,NA,NA,NA
Doliovertebra__Mod_R_deltaTMyr_scaled,-0.013246921717072837,-0.06886540353298187,0.030540994918273088,NA,NA,NA
Doliovertebra__time,0.019484038384107408,-0.026000771671533585,0.04582966522837691,NA,NA,NA
Dongusuchus__rotated_lat_scaled,0.02356450163410045,-0.008606193613935463,0.022864431836222537,0.27614796066874986,0.11184721067547798,0.6020641922950745
Dongusuchus__mean_scaled,0.04090948922894313,-0.025302875650404986,0.05885640987152168,NA,NA,NA
Dongusuchus__Mod_R_deltaTMyr_scaled,0.11540204977500253,-0.020058940711998735,0.09904309288485166,NA,NA,NA
Dongusuchus__time,-0.0596384544915054,-0.08191947874646202,0.010911743302950075,NA,NA,NA
Dorosuchus__rotated_lat_scaled,0.028696725136833266,-0.01783856027111041,0.0198967630265771,0.237651700091983,0.09770317934453487,0.5216878205537796
Dorosuchus__mean_scaled,0.037176312988403876,-0.01343532221960976,0.05917071876179684,NA,NA,NA
Dorosuchus__Mod_R_deltaTMyr_scaled,0.041257230089977386,-0.03471301545124406,0.09991964315972302,NA,NA,NA
Dorosuchus__time,-0.02538894264544069,-0.06990059078083696,0.012688552947449,NA,NA,NA
Doswellia__rotated_lat_scaled,0.023955281960079445,-0.0010166580271308955,0.030940453646579935,0.16420830258502975,0.04439036885742098,0.33025353972334415
Doswellia__mean_scaled,-0.04585835795267485,-0.06597196148935923,0.016035478860096722,NA,NA,NA
Doswellia__Mod_R_deltaTMyr_scaled,-0.030708460091555024,-0.0495919076683216,0.03742084714568369,NA,NA,NA
Doswellia__time,0.060909464146971,-0.01930696153798949,0.10727889824318561,NA,NA,NA
Dracoraptor__rotated_lat_scaled,0.01856181413881217,-0.025299661495997314,0.026703302451723254,0.9786795453331433,0.7229899726808071,1.257524311542511
Dracoraptor__mean_scaled,0.030160422796883357,-0.00396990705894153,0.04601094173860425,NA,NA,NA
Dracoraptor__Mod_R_deltaTMyr_scaled,0.022145589506282606,-0.02115598592942988,0.033559925416141036,NA,NA,NA
Dracoraptor__time,0.08504254808023101,0.18631304320716993,0.08540150828907742,NA,NA,NA
Drepanosaurus_Temperate_N__rotated_lat_scaled,0.023902651800308376,0.0013537649173311222,0.03325316497172415,0.08231202742957976,0.02907375618815422,0.15079202502965927
Drepanosaurus_Temperate_N__mean_scaled,-0.06648915188154206,-0.05399572716460062,0.011264882845240888,NA,NA,NA
Drepanosaurus_Temperate_N__Mod_R_deltaTMyr_scaled,-0.06088237868039869,-0.0652445232583291,0.030667613688208067,NA,NA,NA
Drepanosaurus_Temperate_N__time,0.029870531669002956,-0.018001003217202598,0.11649001639037286,NA,NA,NA
Drepanosaurus_Tropical_N__rotated_lat_scaled,0.006578520242937491,-0.01965403427790611,0.011191673791807506,0.4547682511329185,0.0720750167965889,0.9196668863296509
Drepanosaurus_Tropical_N__mean_scaled,0.013713429742240305,-0.07061123586816516,0.041047179395637,NA,NA,NA
Drepanosaurus_Tropical_N__Mod_R_deltaTMyr_scaled,0.007975476044314863,-0.051459352989081705,0.03956370009569569,NA,NA,NA
Drepanosaurus_Tropical_N__time,0.12764294849271648,0.005837134412351754,0.09987312461240576,NA,NA,NA
Dromomeron_Temperate_S__rotated_lat_scaled,0.05847763438068796,-0.0011519438552659437,0.05767103668396801,0.13710814545355787,0.034611424431204796,0.2421886119991541
Dromomeron_Temperate_S__mean_scaled,-0.03924128291878333,-0.05096690965281909,0.04928520073413507,NA,NA,NA
Dromomeron_Temperate_S__Mod_R_deltaTMyr_scaled,-0.05926482559880242,-0.044998664017192075,0.02010321150175135,NA,NA,NA
Dromomeron_Temperate_S__time,0.0212262450682465,-0.038769971197524095,0.06461622897569154,NA,NA,NA
Dromomeron_Tropical_N__rotated_lat_scaled,0.003160675482120318,-0.023210136095632473,0.012312828359083367,0.3465192116748949,0.06454181671142578,0.7124686986207962
Dromomeron_Tropical_N__mean_scaled,-0.003056013271091187,-0.05583975012506266,0.03918673287711186,NA,NA,NA
Dromomeron_Tropical_N__Mod_R_deltaTMyr_scaled,-0.005350308523295273,-0.06037904533371196,0.03696882633929643,NA,NA,NA
Dromomeron_Tropical_N__time,0.1611560208344753,0.003541442831605877,0.1032072903200543,NA,NA,NA
Dromomeron_Tropical_S__rotated_lat_scaled,0.02121274176519364,-0.008347852233945447,0.024273887467380545,0.18583276402321644,0.04091624729335308,0.34928746055811644
Dromomeron_Tropical_S__mean_scaled,-0.030341618537640898,-0.04991958396855453,0.019936630364181175,NA,NA,NA
Dromomeron_Tropical_S__Mod_R_deltaTMyr_scaled,-0.02442787930063787,-0.05495932756799719,0.04534080392947719,NA,NA,NA
Dromomeron_Tropical_S__time,0.0634791455740924,-0.022660724952304034,0.10212435613450704,NA,NA,NA
Dyoplax__rotated_lat_scaled,0.023149256767937915,-0.0009484737432712958,0.025819372013288718,0.15190489139044075,0.02714594453573227,0.23618648201227188
Dyoplax__mean_scaled,0.0014726363716181367,-0.053769445868600926,0.07235355465843288,NA,NA,NA
Dyoplax__Mod_R_deltaTMyr_scaled,-0.026126639045105548,-0.05033643414873038,0.029628352596986037,NA,NA,NA
Dyoplax__time,-0.0025007372262189163,-0.030833134962198593,0.06387439862683832,NA,NA,NA
Ebrachosuchus__rotated_lat_scaled,0.019416276304691563,-0.0019490391189848364,0.035433601065797384,0.15646061032777653,0.03406766429543495,0.2433026097714901
Ebrachosuchus__mean_scaled,-0.016288689244538544,-0.06789510109004318,0.05111597954782656,NA,NA,NA
Ebrachosuchus__Mod_R_deltaTMyr_scaled,-0.007439703037089202,-0.036582808542372676,0.0584760456546051,NA,NA,NA
Ebrachosuchus__time,0.004862351782503538,-0.02946053997140052,0.04665005162731692,NA,NA,NA
Effigia__rotated_lat_scaled,0.004855615777821664,-0.015082794164863992,0.012609151560628591,0.498244219732951,0.07502400502562523,0.9535486809909344
Effigia__mean_scaled,0.01880266763404753,-0.062300494197426955,0.04731664760262568,NA,NA,NA
Effigia__Mod_R_deltaTMyr_scaled,0.009809841639138566,-0.06598277387129284,0.032768740926533355,NA,NA,NA
Effigia__time,0.12244224947120139,0.00747857351078256,0.09898113780575833,NA,NA,NA
Efraasia__rotated_lat_scaled,0.01236159591775504,-0.011963719591623142,0.03603739599446683,0.12250291708900476,0.03779300581663847,0.1986505538225174
Efraasia__mean_scaled,-0.04520560508128255,-0.04766526610433984,0.007588426985665972,NA,NA,NA
Efraasia__Mod_R_deltaTMyr_scaled,-0.03858941346406937,-0.056654419287314316,0.028422423481617495,NA,NA,NA
Efraasia__time,0.03802596519439248,-0.019604083739523916,0.11962743143379566,NA,NA,NA
Eifelosaurus__rotated_lat_scaled,0.025248319006059318,0.0049383798614144325,0.03921399638056755,0.20729917098426084,0.13470254465937614,0.2726506581529975
Eifelosaurus__mean_scaled,0.026249025022843854,-0.04514525085687637,0.0693483054637909,NA,NA,NA
Eifelosaurus__Mod_R_deltaTMyr_scaled,-0.020394792302977294,-0.0742262601852417,0.022344738245010376,NA,NA,NA
Eifelosaurus__time,0.020286244736125808,-0.010823115706443787,0.0606861412525177,NA,NA,NA
Elachistosuchus__rotated_lat_scaled,0.026073439467145364,-0.02267158405733221,0.0281633206241712,0.2776274807850132,0.044700429774820805,0.8111569173634052
Elachistosuchus__mean_scaled,-0.026286902249266858,-0.05597373691164157,0.041850818678562635,NA,NA,NA
Elachistosuchus__Mod_R_deltaTMyr_scaled,-0.02532991611631587,-0.04949280570077486,0.037877867299413455,NA,NA,NA
Elachistosuchus__time,0.14726048516124138,-0.007749362053052574,0.08378367129339868,NA,NA,NA
Elessaurus__rotated_lat_scaled,0.035176119153291635,0.014667719602584839,0.018721707579916622,0.38998108470404985,0.19510929472744465,1.3305102810263634
Elessaurus__mean_scaled,0.06507954641107361,0.00732438825070858,0.05548096889629613,NA,NA,NA
Elessaurus__Mod_R_deltaTMyr_scaled,0.0445409340854756,-0.07619619369506836,0.1026483063614118,NA,NA,NA
Elessaurus__time,0.011113774872368322,-0.03455076739192009,0.014824695057921403,NA,NA,NA
Elginia__rotated_lat_scaled,0.004920965925349624,-0.008779288782795073,0.006057637931991107,0.7827185184069821,0.009251293260604143,1.6166440695524216
Elginia__mean_scaled,0.033730440093315946,-0.01731687065088525,0.05436782945803173,NA,NA,NA
Elginia__Mod_R_deltaTMyr_scaled,0.15276861135964348,-0.015184023986137243,0.11988215750861178,NA,NA,NA
Elginia__time,-0.03550964285609991,-0.09460730530298364,0.011368052996911336,NA,NA,NA
Embrithosaurus__rotated_lat_scaled,0.05266147622547578,-0.009230843558775806,0.055622357924533315,0.16295954282890307,0.03828671621158719,0.36831761058419943
Embrithosaurus__mean_scaled,-0.05430281153065152,-0.048904505269635856,0.009726583891556981,NA,NA,NA
Embrithosaurus__Mod_R_deltaTMyr_scaled,0.01897300194366835,-0.03190246453505976,0.08140714467097164,NA,NA,NA
Embrithosaurus__time,-0.010282498331798706,-0.04584967535932979,0.044919591408484026,NA,NA,NA
Emeroleter__rotated_lat_scaled,0.03421066968468949,-0.0001813921018242571,0.026899687831594736,0.13372536990384107,0.04555728565901518,0.24235604208661243
Emeroleter__mean_scaled,-0.06276364189106971,-0.04056377130962516,0.006494321583987974,NA,NA,NA
Emeroleter__Mod_R_deltaTMyr_scaled,0.052649457744555546,-0.018038764557134917,0.11976760608014884,NA,NA,NA
Emeroleter__time,-0.04628149015654344,-0.07710356075421688,0.0385140623998144,NA,NA,NA
Endennasaurus__rotated_lat_scaled,0.024248350290581585,0.001194359134834801,0.03188855055907755,0.11046793394256384,0.04027257580310106,0.18584021413698792
Endennasaurus__mean_scaled,-0.06318941803765483,-0.05818750947764447,0.012545604392242157,NA,NA,NA
Endennasaurus__Mod_R_deltaTMyr_scaled,-0.03960639751167037,-0.04847838865926933,0.034757533490829766,NA,NA,NA
Endennasaurus__time,0.03310502467909828,-0.030415949720722205,0.11248398945339648,NA,NA,NA
Energosuchus__rotated_lat_scaled,0.011034123617573641,-0.019841190434007304,0.0443323303680941,0.16270223521320076,0.07774308623629622,0.22193334531039
Energosuchus__mean_scaled,-0.007911872744898574,-0.044443851986698854,0.026716954521185773,NA,NA,NA
Energosuchus__Mod_R_deltaTMyr_scaled,0.0025742806174093857,-0.04195054024252015,0.08396064318261995,NA,NA,NA
Energosuchus__time,0.0010953292009071448,-0.0296519060595749,0.03666574982364613,NA,NA,NA
Eodromaeus__rotated_lat_scaled,0.058946059085428715,0.006815372103831336,0.06904599251417104,0.17023941981322424,0.07130823470652103,0.2898397408425808
Eodromaeus__mean_scaled,-0.00901988726996933,-0.05322406145919826,0.033381510095857415,NA,NA,NA
Eodromaeus__Mod_R_deltaTMyr_scaled,-0.03698248060449259,-0.06140465282580678,0.037648032261620626,NA,NA,NA
Eodromaeus__time,0.0013853540800482732,-0.028074146541627494,0.05160014302389688,NA,NA,NA
Eohupehsuchus__rotated_lat_scaled,0.027071727672591805,0.01196114718914032,0.03085470326067637,0.2458058031951805,0.1532675363123417,0.33515291288495064
Eohupehsuchus__mean_scaled,0.052462302618660035,0.0017484440468251705,0.08184473810368624,NA,NA,NA
Eohupehsuchus__Mod_R_deltaTMyr_scaled,-0.020618047249736263,-0.0672951266169548,0.020083138179190437,NA,NA,NA
Eohupehsuchus__time,0.030979445631455747,-0.011006978340446949,0.05889309835199292,NA,NA,NA
Eohyosaurus__rotated_lat_scaled,0.048848961949151094,-0.020818093814679233,0.030915693521604296,0.3508693273040262,0.13547621527686715,0.8011368662118912
Eohyosaurus__mean_scaled,0.05501727142147865,-0.008006445255393124,0.04168708270884302,NA,NA,NA
Eohyosaurus__Mod_R_deltaTMyr_scaled,0.08302267145589383,-0.02862037055392919,0.10313502937852936,NA,NA,NA
Eohyosaurus__time,-0.030978530304314432,-0.07844257909879968,0.015937872286569274,NA,NA,NA
Eomurruna__rotated_lat_scaled,0.010865811602259941,-0.020538953154307815,0.016512280049703308,1.0936945139797172,0.3066203985363245,1.8118058294057846
Eomurruna__mean_scaled,0.03717276877944209,-0.00802107801542743,0.045959069549208496,NA,NA,NA
Eomurruna__Mod_R_deltaTMyr_scaled,0.1398144276104297,0.01827509640514554,0.11449769722562472,NA,NA,NA
Eomurruna__time,-0.03194263346992256,-0.12560255395821152,0.014706631071009424,NA,NA,NA
Eoplesiosaurus__rotated_lat_scaled,0.01749800192688883,-0.019998900212680793,0.02665416011679452,0.9697308706567491,0.6676659435033798,1.297445148229599
Eoplesiosaurus__mean_scaled,0.029839224576630654,-0.005263958977212046,0.03888599645311033,NA,NA,NA
Eoplesiosaurus__Mod_R_deltaTMyr_scaled,0.022550945009321456,-0.02458232679122022,0.0372364567657275,NA,NA,NA
Eoplesiosaurus__time,0.0860222030093682,0.18573267470391427,0.0888990645599136,NA,NA,NA
Eoraptor__rotated_lat_scaled,0.062497986317612234,0.005494745555838739,0.05796210301268186,0.1777584037501947,0.04024532251060009,0.2769096729462035
Eoraptor__mean_scaled,-0.0025471456086961553,-0.04868490696560269,0.04644368297287704,NA,NA,NA
Eoraptor__Mod_R_deltaTMyr_scaled,-0.03595583914924646,-0.05220516350310139,0.03498638128982881,NA,NA,NA
Eoraptor__time,-0.0021469723316840826,-0.040492163809935866,0.05228351062015825,NA,NA,NA
Eorasaurus__rotated_lat_scaled,0.03887462225276977,0.0014913776786744334,0.012405055257309774,0.16777495083457325,0.03118531033396721,0.47737934812903404
Eorasaurus__mean_scaled,0.053451822852366604,-0.02357956527548594,0.051502241430589644,NA,NA,NA
Eorasaurus__Mod_R_deltaTMyr_scaled,0.07784333782969043,-0.030804035212095363,0.10133055186259814,NA,NA,NA
Eorasaurus__time,-0.15830520662246272,-0.08299526591389433,0.026437829345048413,NA,NA,NA
Eorhynchochelys__rotated_lat_scaled,0.02246439083304722,-0.0019106022714036612,0.024219856622425876,0.15483526853953664,0.044921526219695807,0.2533199395984411
Eorhynchochelys__mean_scaled,-0.003873665651117335,-0.04834415738184791,0.039792453974411016,NA,NA,NA
Eorhynchochelys__Mod_R_deltaTMyr_scaled,-0.011789193156873807,-0.039882170530244995,0.0796648340421833,NA,NA,NA
Eorhynchochelys__time,-0.007876638007728616,-0.04575055853930464,0.04799853325652576,NA,NA,NA
Eosauropus_Temperate_N__rotated_lat_scaled,0.018818282207939775,-0.013648861753719935,0.032601507264117965,0.1161200621057651,0.028045542538166046,0.18867069948464632
Eosauropus_Temperate_N__mean_scaled,-0.05945659545075614,-0.049869113420110245,0.009241669976961868,NA,NA,NA
Eosauropus_Temperate_N__Mod_R_deltaTMyr_scaled,-0.04068927182815969,-0.049207467588467106,0.05236948558431891,NA,NA,NA
Eosauropus_Temperate_N__time,0.04153727265453199,-0.023162045960503926,0.09746301507014721,NA,NA,NA
Eosauropus_Tropical_N__rotated_lat_scaled,0.019955818612506847,-0.011393043609993872,0.020299856517025,0.18304935926818872,0.05301281064748764,0.33632389083504677
Eosauropus_Tropical_N__mean_scaled,-0.030816866465611385,-0.060987841711192425,0.03885351921795777,NA,NA,NA
Eosauropus_Tropical_N__Mod_R_deltaTMyr_scaled,-0.03703575728693977,-0.051284457760211184,0.02096001377801443,NA,NA,NA
Eosauropus_Tropical_N__time,0.07503578988602384,-0.012222145641403722,0.11156228838254877,NA,NA,NA
Eretmorhipis__rotated_lat_scaled,0.02452613356290385,0.0034210333000216997,0.016764025025094213,0.21102233443976728,0.08878917526453733,0.4244318827986717
Eretmorhipis__mean_scaled,0.022764843398326774,-0.029169353935051216,0.045301134221798316,NA,NA,NA
Eretmorhipis__Mod_R_deltaTMyr_scaled,0.027766036591492592,-0.03304581947370008,0.10295806149182758,NA,NA,NA
Eretmorhipis__time,-0.019945053635165095,-0.0770933486140716,0.026652457156825845,NA,NA,NA
Erpetosuchus__rotated_lat_scaled,0.0182595072343247,-0.002689302551803781,0.023127367136758496,0.10110702010017121,0.028854177333414555,0.21023385599255562
Erpetosuchus__mean_scaled,-0.021124623471405358,-0.033717257742921614,0.0541438471184946,NA,NA,NA
Erpetosuchus__Mod_R_deltaTMyr_scaled,-0.04999868361075641,-0.04611437283202505,0.03186255652492336,NA,NA,NA
Erpetosuchus__time,-0.0019395545742008835,-0.05336655559605075,0.08254190711536949,NA,NA,NA
Erythrosuchus__rotated_lat_scaled,0.04782267575344451,-0.012000866797180086,0.03448076282530375,0.3262803066086781,0.13147266674786806,0.723241176456213
Erythrosuchus__mean_scaled,0.05515002831678432,-0.014893014838225988,0.045828731977936715,NA,NA,NA
Erythrosuchus__Mod_R_deltaTMyr_scaled,0.10016386570885479,-0.028574584228262923,0.09660255180708432,NA,NA,NA
Erythrosuchus__time,-0.047226195256874465,-0.08041902285913222,0.014763631285221153,NA,NA,NA
Erythrovenator__rotated_lat_scaled,0.07488234236021526,0.006876538291857699,0.0621217964004185,0.26114848796300066,0.08064666017889977,0.5983446091413498
Erythrovenator__mean_scaled,0.027024932394269854,-0.040339395496010934,0.04100225314074074,NA,NA,NA
Erythrovenator__Mod_R_deltaTMyr_scaled,0.01053702069701103,-0.06029296257493507,0.06493544703441528,NA,NA,NA
Erythrovenator__time,-0.007206182010704652,-0.0421316689437129,0.023616181319971428,NA,NA,NA
Eshanosaurus__rotated_lat_scaled,0.02359728604441991,-0.03026777899749351,0.034582597858502796,1.104171218079282,0.6513288788264617,1.5040246099233627
Eshanosaurus__mean_scaled,0.030930650208024164,0.01237639792573268,0.04503500827450174,NA,NA,NA
Eshanosaurus__Mod_R_deltaTMyr_scaled,0.02244918018002463,0.0053312779002593165,0.0341586531503748,NA,NA,NA
Eshanosaurus__time,0.07893325808974047,0.14844759189430273,0.07789941861216662,NA,NA,NA
Eubrontes_Temperate_N__rotated_lat_scaled,0.014929405080666824,-0.014311951977148738,0.021582676965481593,1.0766710550826974,0.7314031329005957,1.3308524936437607
Eubrontes_Temperate_N__mean_scaled,0.03180707185358045,0.014179667435215357,0.04380738922376799,NA,NA,NA
Eubrontes_Temperate_N__Mod_R_deltaTMyr_scaled,0.023368063302199538,0.003381901891196722,0.03822279271916671,NA,NA,NA
Eubrontes_Temperate_N__time,0.08580583428576234,0.13263787137353786,0.08806281898712966,NA,NA,NA
Eubrontes_Tropical_N__rotated_lat_scaled,0.005596607994953838,-0.0067131279253888464,0.010532272540660928,0.9369506234445726,0.6148169729858637,1.3499362673610449
Eubrontes_Tropical_N__mean_scaled,0.03116513061902625,-0.009548361183083932,0.044940884369589755,NA,NA,NA
Eubrontes_Tropical_N__Mod_R_deltaTMyr_scaled,0.02330022045501747,-0.036337862325232624,0.036957012535467154,NA,NA,NA
Eubrontes_Tropical_N__time,0.0958484154532116,0.1884868401565066,0.09924550844982813,NA,NA,NA
Eucoelophysis__rotated_lat_scaled,0.003910708021179376,-0.029627198135970083,0.007965317771281535,0.4742900323390495,0.06449072808027267,0.8750182837247849
Eucoelophysis__mean_scaled,0.012335141382931734,-0.05979052637682701,0.0431990937715649,NA,NA,NA
Eucoelophysis__Mod_R_deltaTMyr_scaled,0.012984367738029533,-0.05880154539194714,0.03810133831849095,NA,NA,NA
Eucoelophysis__time,0.1266801573800685,0.012331781181943034,0.10240992803420856,NA,NA,NA
Eudibamus__rotated_lat_scaled,0.027429592977277935,0.0024847617575596594,0.013082926720620875,0.15860312917789998,0.019546877592802048,0.2905260263942182
Eudibamus__mean_scaled,0.031219188000832218,-0.017489998603964527,0.05838392255689032,NA,NA,NA
Eudibamus__Mod_R_deltaTMyr_scaled,-0.0038784787035547196,-0.028745485982747218,0.07051386439349593,NA,NA,NA
Eudibamus__time,-0.05207754761886463,-0.09213676589364912,0.04969496422453884,NA,NA,NA
Eudimorphodon__rotated_lat_scaled,0.01835632193030013,-0.015221660025417805,0.024224513255520653,0.7289280980190961,0.4876761706545949,1.00862168520689
Eudimorphodon__mean_scaled,0.024699625116281924,-0.14516426622867584,0.04050568785314077,NA,NA,NA
Eudimorphodon__Mod_R_deltaTMyr_scaled,0.019478568617165223,-0.04808187857270241,0.036970131651158256,NA,NA,NA
Eudimorphodon__time,0.09337585885846186,0.18316170573234558,0.08997534513572628,NA,NA,NA
Eumetabolodon__rotated_lat_scaled,0.021371777736349032,-0.015445919177958454,0.012961389670509301,0.2641192397591658,0.12772302693338133,0.608344629406929
Eumetabolodon__mean_scaled,0.05096257461234927,-0.03078786183263276,0.06320973788801848,NA,NA,NA
Eumetabolodon__Mod_R_deltaTMyr_scaled,0.07461524600541453,-0.028945364065948463,0.10241611668174345,NA,NA,NA
Eumetabolodon__time,-0.038740733117156194,-0.06070834364626152,0.01308843365527471,NA,NA,NA
Eunotosaurus__rotated_lat_scaled,0.04192261442614836,-0.0020433559938464636,0.04868977086493271,0.13233131193461303,0.03827684046700597,0.19776864885352552
Eunotosaurus__mean_scaled,-0.06035184431937523,-0.055023935194183145,0.004719286146000891,NA,NA,NA
Eunotosaurus__Mod_R_deltaTMyr_scaled,0.00908714328033966,-0.03642876758860154,0.09409164210395968,NA,NA,NA
Eunotosaurus__time,-0.014236975974708911,-0.04239142994617006,0.044174978780652685,NA,NA,NA
Euparkeria__rotated_lat_scaled,0.042921343003974044,-0.014240842047320868,0.033693690597129906,0.4000931813233183,0.08929155766963959,0.8334690257906914
Euparkeria__mean_scaled,0.031679115213481684,-0.014782934688604497,0.04340741058626219,NA,NA,NA
Euparkeria__Mod_R_deltaTMyr_scaled,0.1186019543230654,-0.023170794558805895,0.10391585367197737,NA,NA,NA
Euparkeria__time,-0.037292038018311977,-0.08369291742806995,0.010658723040176486,NA,NA,NA
Eurhinosaurus__rotated_lat_scaled,0.019370896731185715,-0.016888706540663673,0.029547608014169544,0.9747670244594338,0.7041151002049446,1.2767507508397102
Eurhinosaurus__mean_scaled,0.029931225725525576,-0.0037432566877025194,0.045127031669059875,NA,NA,NA
Eurhinosaurus__Mod_R_deltaTMyr_scaled,0.022036700352467357,-0.018738297101724134,0.03273950644922891,NA,NA,NA
Eurhinosaurus__time,0.08457155171303052,0.17525774905289151,0.08426153176308762,NA,NA,NA
Eurycleidus__rotated_lat_scaled,0.017998832026435634,-0.01523046342615763,0.025596216941663214,0.9256976721580941,0.6383551377803087,1.297445148229599
Eurycleidus__mean_scaled,0.029138973056232236,-0.0034801019180341524,0.03732032599132066,NA,NA,NA
Eurycleidus__Mod_R_deltaTMyr_scaled,0.022379511220430033,-0.03231067951811959,0.03365627927595555,NA,NA,NA
Eurycleidus__time,0.08639305821911128,0.18690873358511256,0.09510285568660654,NA,NA,NA
Eusaurosphargis__rotated_lat_scaled,0.020441601429629374,-0.004978494241440971,0.016885975880633355,0.21564098822927918,0.07087099924683571,0.40273023396730423
Eusaurosphargis__mean_scaled,0.021404526624828578,-0.023108728519138335,0.06451031074080583,NA,NA,NA
Eusaurosphargis__Mod_R_deltaTMyr_scaled,0.03760825068457052,-0.042345251551192696,0.09016378746092911,NA,NA,NA
Eusaurosphargis__time,-0.019723765031958464,-0.0654550144110292,0.02011560381317765,NA,NA,NA
Euscolosuchus__rotated_lat_scaled,0.02810307709267363,0.006868883474510449,0.02739413221106738,0.18864265681459075,0.06068388558924198,0.29916191659867764
Euscolosuchus__mean_scaled,0.009236676274449565,-0.035422108178103005,0.038487560120357873,NA,NA,NA
Euscolosuchus__Mod_R_deltaTMyr_scaled,0.00572078931494616,-0.04606403639624768,0.08268427678065551,NA,NA,NA
Euscolosuchus__time,-0.010328260389687784,-0.06127022762296097,0.04310970878346521,NA,NA,NA
Evazoum__rotated_lat_scaled,0.005685246854996229,-0.016714381881681867,0.012243175891445548,0.4334923354678176,0.07224401086568832,0.886696569621563
Evazoum__mean_scaled,0.009658327594011471,-0.0663415845782515,0.04513970639445437,NA,NA,NA
Evazoum__Mod_R_deltaTMyr_scaled,0.00947236321933991,-0.05413250419858457,0.03478830640653999,NA,NA,NA
Evazoum__time,0.13109443685386155,0.0013009819357167273,0.09950448920310606,NA,NA,NA
Fasolasuchus__rotated_lat_scaled,0.057953096800483765,-0.009551471025300663,0.045517451514958444,0.15732873345696136,0.03168981708586216,0.41967912018299103
Fasolasuchus__mean_scaled,-0.014707831450505183,-0.03467433123600156,0.050809820775659154,NA,NA,NA
Fasolasuchus__Mod_R_deltaTMyr_scaled,-0.04809250030084513,-0.04774999752511915,0.04314756322107776,NA,NA,NA
Fasolasuchus__time,0.0062655938856187275,-0.04391168893637983,0.05220084238385058,NA,NA,NA
Faxinalipterus__rotated_lat_scaled,0.09231952829071416,-0.0013567569811447308,0.057026983466888496,0.31207792424909714,0.027402738574892282,0.8605182617902756
Faxinalipterus__mean_scaled,-0.008557937580711016,-0.051479933239647994,0.03459648262249726,NA,NA,NA
Faxinalipterus__Mod_R_deltaTMyr_scaled,0.003844870563468605,-0.06270324270028203,0.03816473980646512,NA,NA,NA
Faxinalipterus__time,0.06830391324873741,-0.020347555801726456,0.0618874719996951,NA,NA,NA
Feeserpeton__rotated_lat_scaled,0.02578593513928354,0.0003156386388788619,0.00674502932297292,0.21118759243981913,0.034595340490341187,0.5129083397332579
Feeserpeton__mean_scaled,0.11730286460835487,-0.011600081987088602,0.1068697325400363,NA,NA,NA
Feeserpeton__Mod_R_deltaTMyr_scaled,0.07844333426794037,-0.00974269846306786,0.06014586692865376,NA,NA,NA
Feeserpeton__time,-0.16625491609796883,-0.11486034691152362,0.01791504910388299,NA,NA,NA
Feralisaurus__rotated_lat_scaled,0.02574272794649005,0.008627891345386121,0.021427271953443384,0.21583198819324026,0.1352409478276968,0.29709961637854576
Feralisaurus__mean_scaled,0.02747898484405596,-0.030785237890141,0.04318501815493093,NA,NA,NA
Feralisaurus__Mod_R_deltaTMyr_scaled,-0.0014062713843304665,-0.06974547786021808,0.09698872489399253,NA,NA,NA
Feralisaurus__time,0.008106172264815541,-0.04398466431782825,0.030074662893179126,NA,NA,NA
Fodonyx__rotated_lat_scaled,0.018984239364480238,-0.00463952799320704,0.013943151604943346,0.34224162814920417,0.14112431043758988,0.6368912793695927
Fodonyx__mean_scaled,0.06143533706477095,-0.013967971087789815,0.06349367623987347,NA,NA,NA
Fodonyx__Mod_R_deltaTMyr_scaled,0.16559502211398933,-0.016658547686456554,0.10163988918537378,NA,NA,NA
Fodonyx__time,-0.09010422402103137,-0.10062144195534779,0.012598960865355379,NA,NA,NA
Fraserosphenodon_Temperate_N__rotated_lat_scaled,0.024702009977772832,0.002542640752371428,0.030781824145101777,0.17499128702518646,0.07297843135893345,0.2430113239097409
Fraserosphenodon_Temperate_N__mean_scaled,0.011983198684756644,-0.03794041385738087,0.06473760541966211,NA,NA,NA
Fraserosphenodon_Temperate_N__Mod_R_deltaTMyr_scaled,-0.0246941295650322,-0.06931523738961126,0.03359515311281526,NA,NA,NA
Fraserosphenodon_Temperate_N__time,0.007089833405480021,-0.031174478228180497,0.06256109521796681,NA,NA,NA
Fraserosphenodon_Tropical_S__rotated_lat_scaled,0.025167635076213626,0.0002486160022087388,0.020836407416127398,0.1165811538627895,0.022079000249505043,0.28188202157616615
Fraserosphenodon_Tropical_S__mean_scaled,-0.0029134036623872815,-0.03254137607117491,0.06992083256645114,NA,NA,NA
Fraserosphenodon_Tropical_S__Mod_R_deltaTMyr_scaled,-0.055613276904041414,-0.03819503736464428,0.008332104568723657,NA,NA,NA
Fraserosphenodon_Tropical_S__time,-0.005970175169204594,-0.06539969128919076,0.09258633334424378,NA,NA,NA
Fraxinisaura__rotated_lat_scaled,0.02107601624638846,-0.002164386239058908,0.042268961668014526,0.16880136342153493,0.10131726483814418,0.24255599454045296
Fraxinisaura__mean_scaled,-0.0024604720808565615,-0.037737618453990984,0.0326051265001297,NA,NA,NA
Fraxinisaura__Mod_R_deltaTMyr_scaled,-0.01507812322874088,-0.07134053877765871,0.05255682393908501,NA,NA,NA
Fraxinisaura__time,0.009353567962534726,-0.024644945252092612,0.051821283996105194,NA,NA,NA
Fugusuchus__rotated_lat_scaled,0.024774273545481264,0.008476819943669492,0.03773870346500538,0.21738499902057812,0.14559383527375758,0.28981283004395664
Fugusuchus__mean_scaled,0.02857641791983042,-0.03780978666467034,0.06003963300411638,NA,NA,NA
Fugusuchus__Mod_R_deltaTMyr_scaled,-0.009639818221039605,-0.07692300271981367,0.037053542882341715,NA,NA,NA
Fugusuchus__time,0.01776375125409686,-0.029631519281986693,0.05684379854408248,NA,NA,NA
Fuyuansaurus__rotated_lat_scaled,0.02459959303960204,0.0009132648237915091,0.016019659818029438,0.20046208517247577,0.1073716739192605,0.4419999122619629
Fuyuansaurus__mean_scaled,0.022853602833056357,-0.015063556656810901,0.06750954520741041,NA,NA,NA
Fuyuansaurus__Mod_R_deltaTMyr_scaled,0.031165073566371576,-0.03073243812281446,0.09146708736521618,NA,NA,NA
Fuyuansaurus__time,-0.03406655878876336,-0.09100475876696734,0.01667938550488993,NA,NA,NA
Galesphyrus__rotated_lat_scaled,0.04741796922404319,-0.011323286464015824,0.03870464381423157,0.1752777727978537,0.06644325749948621,0.30926644476130605
Galesphyrus__mean_scaled,0.032120645702816544,-0.02159198709702065,0.08042167994134355,NA,NA,NA
Galesphyrus__Mod_R_deltaTMyr_scaled,0.007591850224416703,-0.03135044027254971,0.05332504499966326,NA,NA,NA
Galesphyrus__time,-0.06776306687563192,-0.07162177488921503,0.019224309140307587,NA,NA,NA
Gamatavus__rotated_lat_scaled,0.07268376781139523,-0.007491586315609272,0.04828046789384612,0.30055970643734325,0.038691779132932425,0.6853547338396311
Gamatavus__mean_scaled,0.024906004655495053,-0.03084819630640366,0.03286669197593332,NA,NA,NA
Gamatavus__Mod_R_deltaTMyr_scaled,0.07358731834334321,-0.04688997563064734,0.09637120755710663,NA,NA,NA
Gamatavus__time,-0.026527758895099396,-0.050657730470140945,0.014157310468659907,NA,NA,NA
Gansurhinus__rotated_lat_scaled,0.026886179235298187,-0.0029849026672252948,0.01121461563274071,0.23540384556399657,0.03794563747942448,0.7822687923908234
Gansurhinus__mean_scaled,0.0336785191600211,-0.02113510831283111,0.046468012850460615,NA,NA,NA
Gansurhinus__Mod_R_deltaTMyr_scaled,0.08027429977431894,-0.03228799282651305,0.11080706085293578,NA,NA,NA
Gansurhinus__time,-0.0613455271278508,-0.07947948491623176,0.023185988559408847,NA,NA,NA
Garjainia_Temperate_N__rotated_lat_scaled,0.025868795992864763,-0.0011293372372165322,0.043837766557467524,0.22700421682267916,0.16346800792962313,0.2918758325977251
Garjainia_Temperate_N__mean_scaled,0.04335532810422592,0.0006942484760656953,0.06786432883921044,NA,NA,NA
Garjainia_Temperate_N__Mod_R_deltaTMyr_scaled,-0.027853610280435533,-0.06707010418176651,0.02084719292197116,NA,NA,NA
Garjainia_Temperate_N__time,0.02972332848381484,-0.005622236058115959,0.05912638957689685,NA,NA,NA
Garjainia_Temperate_S__rotated_lat_scaled,0.05958642352372408,0.021013323217630386,0.06563662723445733,0.2524827661717427,0.18631570786237717,0.376507006585598
Garjainia_Temperate_S__mean_scaled,0.04342363561969251,-0.020776312798261642,0.060743173238227394,NA,NA,NA
Garjainia_Temperate_S__Mod_R_deltaTMyr_scaled,-0.028066029752371834,-0.0699421837925911,0.018512255198999485,NA,NA,NA
Garjainia_Temperate_S__time,0.021628362258488777,-0.023803802207112312,0.04678362222386174,NA,NA,NA
Garzapelta__rotated_lat_scaled,0.0247543762717396,0.000434682649772877,0.030944302544034474,0.09890401832322823,0.03215719386935234,0.30622045136988163
Garzapelta__mean_scaled,-0.04139467967790551,-0.05361313718401811,0.04236694108288605,NA,NA,NA
Garzapelta__Mod_R_deltaTMyr_scaled,-0.043429505539825185,-0.055148593798537086,0.03292107222827585,NA,NA,NA
Garzapelta__time,0.0030634527470101603,-0.027560440390018877,0.0854433620403496,NA,NA,NA
Gecatogomphius__rotated_lat_scaled,0.04098336594179273,0.0011958293270544968,0.01672021659139292,0.14150553424195095,0.03518632426857948,0.23810861259698868
Gecatogomphius__mean_scaled,0.10931923111435025,-0.023845224776828742,0.11424852584570577,NA,NA,NA
Gecatogomphius__Mod_R_deltaTMyr_scaled,0.028147406026764656,-0.024182331522481802,0.05069386922660738,NA,NA,NA
Gecatogomphius__time,-0.19285484336316586,-0.08905576175054516,0.010013066231839883,NA,NA,NA
Gephyrosaurus__rotated_lat_scaled,0.021413661102592633,-0.02058789215991042,0.027941713635006096,0.5089981988499495,0.03376805782318115,0.9604455195367336
Gephyrosaurus__mean_scaled,0.013394829723927346,-0.0654876097754616,0.041126240120215284,NA,NA,NA
Gephyrosaurus__Mod_R_deltaTMyr_scaled,0.011436651603653663,-0.059497865158768024,0.031721117472965604,NA,NA,NA
Gephyrosaurus__time,0.10966523209203552,0.009685878371338838,0.090886606667359,NA,NA,NA
Glaurung__rotated_lat_scaled,0.026461989090312273,0.0037837893608609627,0.02363185938175363,0.133298044197536,0.06080707907676697,0.2198426374234259
Glaurung__mean_scaled,0.02087980942626018,-0.027465593577721457,0.0951172512173511,NA,NA,NA
Glaurung__Mod_R_deltaTMyr_scaled,-0.026053346799062637,-0.02733962715057937,0.024320691229565573,NA,NA,NA
Glaurung__time,-0.04390078204218298,-0.08486605735536135,0.04860587606687567,NA,NA,NA
Glyphoderma__rotated_lat_scaled,0.02267350023279505,0.0006793808003849074,0.030290490888977433,0.17690549627515792,0.09305316302925348,0.2559145647101104
Glyphoderma__mean_scaled,-0.0009140081398072653,-0.03740254166983489,0.05751213722455972,NA,NA,NA
Glyphoderma__Mod_R_deltaTMyr_scaled,-0.0029409942612983286,-0.05570851228948513,0.070680400612278,NA,NA,NA
Glyphoderma__time,0.002176623921259306,-0.043455815563866095,0.03319264916973079,NA,NA,NA
Gnathovorax__rotated_lat_scaled,0.07673323694092687,-0.002478179849778464,0.05479438692067544,0.21841855283768383,0.03662153147161007,0.8659948483109474
Gnathovorax__mean_scaled,0.007259244920569472,-0.03982743376804478,0.03525196353124888,NA,NA,NA
Gnathovorax__Mod_R_deltaTMyr_scaled,-0.016781195262447,-0.035261301975789104,0.04662191481309727,NA,NA,NA
Gnathovorax__time,-0.0047031082835746925,-0.05832057312918887,0.05500741263052436,NA,NA,NA
Gojirasaurus__rotated_lat_scaled,0.02379825495707337,0.00018644029838579379,0.020634488830881075,0.12112255026766433,0.04704360477626324,0.22324009239673615
Gojirasaurus__mean_scaled,-0.004926940356963314,-0.03197425093045433,0.059086023137290083,NA,NA,NA
Gojirasaurus__Mod_R_deltaTMyr_scaled,-0.030509978294667235,-0.04169293046992205,0.03582049569500156,NA,NA,NA
Gojirasaurus__time,-0.02314916055998765,-0.06240674762081063,0.07613467023237325,NA,NA,NA
Gomphiosauridion__rotated_lat_scaled,0.027734679554123433,0.0030808014872883496,0.029100797988733038,0.16296535633679013,0.04356733523309231,0.28210399113595486
Gomphiosauridion__mean_scaled,-0.006670597482589073,-0.047140105142115266,0.04926041879427836,NA,NA,NA
Gomphiosauridion__Mod_R_deltaTMyr_scaled,-0.01790827011311194,-0.05083548938493976,0.0625978414115003,NA,NA,NA
Gomphiosauridion__time,0.003899169856158551,-0.04099269568303454,0.05071661970103428,NA,NA,NA
Gorgetosuchus__rotated_lat_scaled,0.02865696422290057,0.008180918374168861,0.03617377557266234,0.16535107085343043,0.030543506145477295,0.25862288381904364
Gorgetosuchus__mean_scaled,-0.011772796703735367,-0.058006192906951956,0.043311291969527974,NA,NA,NA
Gorgetosuchus__Mod_R_deltaTMyr_scaled,-0.017442533387202273,-0.05987822596688741,0.04573980554291357,NA,NA,NA
Gorgetosuchus__time,0.009999062199258333,-0.0261839882231307,0.06645080481044206,NA,NA,NA
Gracilisuchus__rotated_lat_scaled,0.08724833923740594,0.008551354211319542,0.04799086605332265,0.3215628584692604,0.11169514339417219,0.8547738417983055
Gracilisuchus__mean_scaled,0.023754876821261373,-0.033406197075776724,0.038557281619786964,NA,NA,NA
Gracilisuchus__Mod_R_deltaTMyr_scaled,0.07297641335402898,-0.048282556770246,0.090475823863324,NA,NA,NA
Gracilisuchus__time,-0.028069254890487137,-0.06275008908809802,0.014651706359112338,NA,NA,NA
Grallator_Temperate_N__rotated_lat_scaled,0.015487898059426157,-0.027894332946524443,0.02214280501166158,1.0551655243482674,0.7967947088181973,1.3904333114624023
Grallator_Temperate_N__mean_scaled,0.03153891450316702,-0.00404164886675859,0.04485582071789071,NA,NA,NA
Grallator_Temperate_N__Mod_R_deltaTMyr_scaled,0.023038417781405425,-0.01707529788991874,0.035191712159658446,NA,NA,NA
Grallator_Temperate_N__time,0.08584514417821054,0.18489876842600297,0.08948534000633525,NA,NA,NA
Grallator_Temperate_S__rotated_lat_scaled,0.07949459045252297,-0.015135804427125622,0.059723534332919805,0.24017209433717654,0.03302202373743057,0.6934901550412178
Grallator_Temperate_S__mean_scaled,-0.005390261579595972,-0.03366445159842946,0.03946418006307858,NA,NA,NA
Grallator_Temperate_S__Mod_R_deltaTMyr_scaled,-0.027598590607522056,-0.03681980203985342,0.03026487425697006,NA,NA,NA
Grallator_Temperate_S__time,0.03775598154956242,-0.050267430657392705,0.06222308924257752,NA,NA,NA
Grallator_Tropical_N__rotated_lat_scaled,0.0034849802884990553,-0.02872684916896419,0.008579022646955398,0.8720797584475645,0.5323684294708073,1.2290727198123932
Grallator_Tropical_N__mean_scaled,0.030246418564526492,-0.01799900890223223,0.04527889146029799,NA,NA,NA
Grallator_Tropical_N__Mod_R_deltaTMyr_scaled,0.02272792629379468,-0.03928441447975943,0.03859837906697887,NA,NA,NA
Grallator_Tropical_N__time,0.09945104937538893,0.22189776127375707,0.0992193847213137,NA,NA,NA
Graoullyodon__rotated_lat_scaled,0.009679365676129236,-0.025058125493703592,0.025841867055355836,0.1856698436346778,0.048805952072143555,0.7326094917953014
Graoullyodon__mean_scaled,-0.030911960567027563,-0.05332468786828087,0.04939837306027364,NA,NA,NA
Graoullyodon__Mod_R_deltaTMyr_scaled,-0.05591360633494333,-0.05171496973666456,0.01519510250488614,NA,NA,NA
Graoullyodon__time,0.1069056703383103,-0.00578970562415217,0.10124033527503036,NA,NA,NA
Gregaripus__rotated_lat_scaled,0.023850924103171564,0.0003848480296034657,0.03294049224499734,0.11216863285400905,0.02686945628374815,0.17811020906083286
Gregaripus__mean_scaled,-0.04519880077743437,-0.05175461245048795,0.021566835184701996,NA,NA,NA
Gregaripus__Mod_R_deltaTMyr_scaled,-0.05886445287032984,-0.06499924730025608,0.01965248423457131,NA,NA,NA
Gregaripus__time,0.03647058787639253,-0.01951847700166063,0.11751586623127531,NA,NA,NA
Gresslyosaurus__rotated_lat_scaled,0.0011727940246260005,-0.0333183868395183,0.023714524514054938,0.16376821814316145,0.055904900655150414,0.3118579927831888
Gresslyosaurus__mean_scaled,-0.04041827484557871,-0.05404010784010675,0.013927907426845312,NA,NA,NA
Gresslyosaurus__Mod_R_deltaTMyr_scaled,-0.027551979025975015,-0.04004468353334286,0.03509897790840625,NA,NA,NA
Gresslyosaurus__time,0.07465530346788,-0.008484310509833297,0.11893426804623948,NA,NA,NA
Grippia__rotated_lat_scaled,0.02545378184877336,0.004642979707568884,0.038583324302242754,0.22746829821131542,0.14158316142857075,0.30648403614759445
Grippia__mean_scaled,0.043462304365821186,-0.013739830814301968,0.07344301152339723,NA,NA,NA
Grippia__Mod_R_deltaTMyr_scaled,-0.02666762938853935,-0.07399888336658478,0.015422576783350067,NA,NA,NA
Grippia__time,0.029309466863051057,-0.0016640338581055403,0.06422676528655591,NA,NA,NA
Guaibasaurus__rotated_lat_scaled,0.08035483960527458,0.015672525144033146,0.062492890412298684,0.3662863765357179,0.12723078206181526,0.9335354715585709
Guaibasaurus__mean_scaled,-0.0005073092648472616,-0.06572787247115551,0.03499692108780677,NA,NA,NA
Guaibasaurus__Mod_R_deltaTMyr_scaled,0.008441950891051686,-0.08246734145037359,0.04594626124586855,NA,NA,NA
Guaibasaurus__time,0.06762089329073015,-0.0033647999453052723,0.048239605149571964,NA,NA,NA
Gualosuchus__rotated_lat_scaled,0.0734895514138043,0.008930313139549062,0.06545059660964045,0.2482410405158589,0.07771411538124084,0.5813788324594498
Gualosuchus__mean_scaled,0.014188023103779415,-0.025305355821099048,0.03804717846527761,NA,NA,NA
Gualosuchus__Mod_R_deltaTMyr_scaled,0.011797266008798032,-0.06210265328472354,0.06712286271820568,NA,NA,NA
Gualosuchus__time,-0.007144174532731995,-0.057409792756527675,0.02105504010242221,NA,NA,NA
Guanlingsaurus__rotated_lat_scaled,0.025073464194720146,0.0014277910943873535,0.022561112075773732,0.1300690124312314,0.046719953417778015,0.22850012173876166
Guanlingsaurus__mean_scaled,0.004081063772355264,-0.027926387320353376,0.06602870108052154,NA,NA,NA
Guanlingsaurus__Mod_R_deltaTMyr_scaled,-0.029386806274706034,-0.03996270021823558,0.048432167065034275,NA,NA,NA
Guanlingsaurus__time,-0.02560908378334716,-0.0694261922785996,0.0546536976742164,NA,NA,NA
Guchengosuchus__rotated_lat_scaled,0.02990310530469287,-0.00022969330012429464,0.016886204624570533,0.24015406828402774,0.13464282848872244,0.5112312436103821
Guchengosuchus__mean_scaled,0.04638128072721884,-0.013304552623064384,0.06489672768870187,NA,NA,NA
Guchengosuchus__Mod_R_deltaTMyr_scaled,0.023892295216501224,-0.02517153815240514,0.09373984720429837,NA,NA,NA
Guchengosuchus__time,-0.015932987486594358,-0.09718170464720738,0.01615289837797519,NA,NA,NA
Guizhouichthyosaurus__rotated_lat_scaled,0.02460827742354013,0.002036417942822073,0.030192866934255255,0.11679849453386851,0.04132801294326782,0.2003085261094384
Guizhouichthyosaurus__mean_scaled,-0.016082517025643027,-0.039815820772386774,0.07328231807478001,NA,NA,NA
Guizhouichthyosaurus__Mod_R_deltaTMyr_scaled,-0.01892653612943832,-0.0345985767089942,0.04085223638381941,NA,NA,NA
Guizhouichthyosaurus__time,-0.028711104256799444,-0.06350950918424231,0.047348256502691276,NA,NA,NA
Gulosaurus__rotated_lat_scaled,0.024757721431960818,0.004688024986535311,0.03130503167292405,0.246182439661643,0.1731393299996853,0.3625353560782969
Gulosaurus__mean_scaled,0.052690575928427276,-0.025794778019189835,0.08536997754589684,NA,NA,NA
Gulosaurus__Mod_R_deltaTMyr_scaled,-0.016895784644875674,-0.07221386581659317,0.017849530016104412,NA,NA,NA
Gulosaurus__time,0.029719552423921415,-0.017838336527347565,0.05715113866062065,NA,NA,NA
Gunakadeit__rotated_lat_scaled,0.020876850188942628,0.00039868673773313493,0.02096162402524928,0.11503106433432549,0.04225506354123354,0.2318926602602005
Gunakadeit__mean_scaled,-0.019570063794963063,-0.04204673920920461,0.06371315907129166,NA,NA,NA
Gunakadeit__Mod_R_deltaTMyr_scaled,-0.04244696466834284,-0.03586126045091163,0.038228535456609834,NA,NA,NA
Gunakadeit__time,0.0002608680864796042,-0.05837817580041809,0.0687723593423952,NA,NA,NA
Gwyneddichnium__rotated_lat_scaled,0.0013780872335976812,-0.028995683118433528,0.009614580098254794,0.4702322398091201,0.07057294622063637,0.8256467543542385
Gwyneddichnium__mean_scaled,0.014938811007181937,-0.06514007007584309,0.04917762460019734,NA,NA,NA
Gwyneddichnium__Mod_R_deltaTMyr_scaled,0.010756826339240539,-0.0533102156821187,0.032000921776655644,NA,NA,NA
Gwyneddichnium__time,0.128836649942189,0.011558480153594121,0.10088255142043817,NA,NA,NA
Gyposaurus__rotated_lat_scaled,0.023044433747327144,-0.04499702179474058,0.03695799214146141,1.1454943053040187,0.7692222446203232,1.6926582008600235
Gyposaurus__mean_scaled,0.031214528061418074,0.0030550704524247275,0.03969087710320039,NA,NA,NA
Gyposaurus__Mod_R_deltaTMyr_scaled,0.022878184270515443,-0.033482933738848114,0.02980442303508995,NA,NA,NA
Gyposaurus__time,0.0787732284429485,0.21131237380396517,0.08522238561579422,NA,NA,NA
Halazhaisuchus__rotated_lat_scaled,0.025921887207077818,-0.0030791871847103175,0.017846583327633718,0.23900185914491887,0.1183687075972557,0.4208395443856716
Halazhaisuchus__mean_scaled,0.042156949490308765,-0.035408003678925055,0.05556194954880598,NA,NA,NA
Halazhaisuchus__Mod_R_deltaTMyr_scaled,0.008533135104516986,-0.06719642662235285,0.09532617339534254,NA,NA,NA
Halazhaisuchus__time,0.006479512820806122,-0.03020387123681297,0.022940971623763733,NA,NA,NA
Haligonia_Temperate_N__rotated_lat_scaled,0.02212970894716179,-0.02193255596887466,0.030651213204844253,0.4879027875230531,0.039460429921746254,0.9657048583030701
Haligonia_Temperate_N__mean_scaled,0.011488465297741318,-0.06684080962902886,0.03882895847299825,NA,NA,NA
Haligonia_Temperate_N__Mod_R_deltaTMyr_scaled,0.009569137291337805,-0.06681384528496251,0.034808628616557424,NA,NA,NA
Haligonia_Temperate_N__time,0.11272306298596825,0.01969972216006482,0.08738687760114604,NA,NA,NA
Haligonia_Tropical_N__rotated_lat_scaled,0.02439873611088842,0.003237895634462415,0.026486093257199993,0.14596947803491275,0.056437909603118896,0.25055184960365295
Haligonia_Tropical_N__mean_scaled,-0.01272215476796191,-0.04706363626761527,0.04364375477768975,NA,NA,NA
Haligonia_Tropical_N__Mod_R_deltaTMyr_scaled,-0.013032362433732488,-0.0445481822119779,0.07022697509579069,NA,NA,NA
Haligonia_Tropical_N__time,-0.008585115396490437,-0.04751356587767045,0.05131885476486552,NA,NA,NA
Hanosaurus__rotated_lat_scaled,0.024559288007707094,0.0027294935026183375,0.0062623539509467484,0.3226716350391507,0.1711012963205576,0.7879924587905407
Hanosaurus__mean_scaled,0.0840453083912385,-0.004427289526694006,0.04152172009080837,NA,NA,NA
Hanosaurus__Mod_R_deltaTMyr_scaled,0.05727997848101659,-0.023025859068500888,0.1256956166346095,NA,NA,NA
Hanosaurus__time,-0.00997420035775302,-0.11116383363022465,0.018195987219181337,NA,NA,NA
Helcura__rotated_lat_scaled,0.008802411131326284,-0.008737128510465007,0.012155786394530098,0.874814275848912,0.6041761585511267,1.3283958360552788
Helcura__mean_scaled,0.029561616987909014,-0.022535883858928945,0.04562782647204357,NA,NA,NA
Helcura__Mod_R_deltaTMyr_scaled,0.0223655257894922,-0.028026949338937818,0.037127429077001,NA,NA,NA
Helcura__time,0.09518082061348167,0.19518745043113297,0.09676463595197131,NA,NA,NA
Helveticosaurus__rotated_lat_scaled,0.026553996093571185,-0.0014402578978929689,0.012971243154586115,0.30259220194624503,0.03194143623113632,0.6442993097007275
Helveticosaurus__mean_scaled,0.05876187862828374,-0.028156474724890922,0.06131403516093167,NA,NA,NA
Helveticosaurus__Mod_R_deltaTMyr_scaled,0.1369845928408904,-0.024806358425137037,0.10561131473145237,NA,NA,NA
Helveticosaurus__time,-0.07561864013870945,-0.08148439767488028,0.011779084848575812,NA,NA,NA
Hemilopas__rotated_lat_scaled,0.025790374509524552,0.0010331232623257012,0.013983472460236155,0.24157739460340963,0.13573413016274571,0.5086915493011475
Hemilopas__mean_scaled,0.0437850741710281,-0.02193909504414564,0.05110836730876213,NA,NA,NA
Hemilopas__Mod_R_deltaTMyr_scaled,0.05060992149345111,-0.027572527465206734,0.11176334003536526,NA,NA,NA
Hemilopas__time,-0.0345183500928033,-0.08740898947577452,0.014820498091182412,NA,NA,NA
Hemiprotosuchus__rotated_lat_scaled,0.08712803193135187,-0.0006992560724939155,0.046299762599792633,0.26713238095049746,0.04321773070842028,0.7351684421300888
Hemiprotosuchus__mean_scaled,-0.002782338755205274,-0.04376194631908464,0.04106829095438114,NA,NA,NA
Hemiprotosuchus__Mod_R_deltaTMyr_scaled,-0.012305727167986334,-0.06321777644495213,0.04233757653897538,NA,NA,NA
Hemiprotosuchus__time,0.03918204042012803,-0.028208509886270522,0.06197004780239681,NA,NA,NA
Heptasuchus__rotated_lat_scaled,0.025953666599234565,0.004488633156513423,0.032121010053629856,0.15632886227103882,0.06675639562308788,0.2288665436208248
Heptasuchus__mean_scaled,-0.005514423395507038,-0.054285073613724026,0.04652599434682839,NA,NA,NA
Heptasuchus__Mod_R_deltaTMyr_scaled,-0.02588556359318318,-0.05344594518276283,0.057403965354123065,NA,NA,NA
Heptasuchus__time,0.005864808138285298,-0.032645103082827774,0.05562470814096466,NA,NA,NA
Herrerasaurus__rotated_lat_scaled,0.059192129783332346,0.008168116604003487,0.08996238053739669,0.13936950124101713,0.05650384211912751,0.26844378374516964
Herrerasaurus__mean_scaled,-0.03913543869741261,-0.05593464247511095,0.024753211530266862,NA,NA,NA
Herrerasaurus__Mod_R_deltaTMyr_scaled,-0.04456274965312332,-0.06697883203607233,0.019549720114002692,NA,NA,NA
Herrerasaurus__time,0.007965185286011547,-0.02114213081562142,0.05741036571387971,NA,NA,NA
Hescheleria__rotated_lat_scaled,0.025087628854671494,-0.001982587899645899,0.013567800320729607,0.28878628565813413,0.1365179312415421,0.5251417066901922
Hescheleria__mean_scaled,0.04751609762723092,-0.03232896242032136,0.057282796106260365,NA,NA,NA
Hescheleria__Mod_R_deltaTMyr_scaled,0.10613141471752897,-0.03213333050361671,0.10412483388978018,NA,NA,NA
Hescheleria__time,-0.0458592300635064,-0.06944260789921723,0.016700247578775803,NA,NA,NA
Hesperosuchus__rotated_lat_scaled,0.0011344631131141067,-0.01821001084947025,0.010853741462443531,0.41268824874598065,0.07264597155153751,0.7848944775760174
Hesperosuchus__mean_scaled,0.010321499228804045,-0.05378577333007844,0.047992054991569257,NA,NA,NA
Hesperosuchus__Mod_R_deltaTMyr_scaled,-0.0005823184610406263,-0.05772711346895815,0.033149128746463884,NA,NA,NA
Hesperosuchus__time,0.14503673064133163,-0.006164591074294371,0.09968075269506929,NA,NA,NA
Heterodontichnites__rotated_lat_scaled,0.021957829075399785,-0.0033736766549128704,0.017801093624367447,0.12492476604413241,0.030929148197174072,0.30919471848756075
Heterodontichnites__mean_scaled,-0.028805712006869724,-0.05054680084926596,0.04252071315536482,NA,NA,NA
Heterodontichnites__Mod_R_deltaTMyr_scaled,-0.035949191804393196,-0.04371969778189279,0.0383553484084888,NA,NA,NA
Heterodontichnites__time,0.011811466257786379,-0.03824731343672959,0.09299852270732488,NA,NA,NA
Heteropelta__rotated_lat_scaled,0.025854365741834043,0.006206179126989311,0.02246422470225306,0.21267814263574564,0.13177811168134212,0.31035589426755905
Heteropelta__mean_scaled,0.02268602897533583,-0.031298580325440604,0.05074052143291489,NA,NA,NA
Heteropelta__Mod_R_deltaTMyr_scaled,-0.002676445546094328,-0.07999478663189863,0.0868053612408293,NA,NA,NA
Heteropelta__time,0.01090381894246093,-0.030800300892451286,0.0316655705195487,NA,NA,NA
Himalayasaurus__rotated_lat_scaled,0.0334639364053146,0.00540146340393841,0.04601998020696447,0.11983350622496801,0.03340194467455149,0.2004234455525875
Himalayasaurus__mean_scaled,-0.03733564037072938,-0.039015968445722436,0.02387730044508004,NA,NA,NA
Himalayasaurus__Mod_R_deltaTMyr_scaled,-0.06915142123762053,-0.07857889574796094,0.01725051751407634,NA,NA,NA
Himalayasaurus__time,0.036946256905794145,-0.02369408793305623,0.1045278797294251,NA,NA,NA
Hispaniasaurus__rotated_lat_scaled,0.024593331657815725,0.002413808308629183,0.016580192536702447,0.19968653956544585,0.08939276169985533,0.38988429959863424
Hispaniasaurus__mean_scaled,0.018212537344079464,-0.03363347596043285,0.03550536888842712,NA,NA,NA
Hispaniasaurus__Mod_R_deltaTMyr_scaled,0.014323087349766865,-0.04788744006233282,0.11395343829092837,NA,NA,NA
Hispaniasaurus__time,-0.013352791308425366,-0.05678038100866471,0.025636678179488018,NA,NA,NA
Honghesaurus__rotated_lat_scaled,0.02717766517656855,0.010976482305268381,0.03629717468811632,0.2082441233022837,0.13901856599841267,0.28913605585694313
Honghesaurus__mean_scaled,0.037046319884830155,-0.013976450353778733,0.08716982926725496,NA,NA,NA
Honghesaurus__Mod_R_deltaTMyr_scaled,-0.019505239749560133,-0.10022089070374024,0.02178159910562475,NA,NA,NA
Honghesaurus__time,0.007615003468235955,-0.03266662997055063,0.046427074834549935,NA,NA,NA
Horaffia__rotated_lat_scaled,0.010985052079913658,-0.021516255028265832,0.02587794840820804,0.18313108157060015,0.10428699292242527,0.2518808264285326
Horaffia__mean_scaled,0.0020900239227921702,-0.03302156243933433,0.03668653067193905,NA,NA,NA
Horaffia__Mod_R_deltaTMyr_scaled,0.016596547853550872,-0.043020058360804796,0.08383246394248287,NA,NA,NA
Horaffia__time,-0.002450916807865724,-0.038329612894396264,0.04527873487291599,NA,NA,NA
Hovasaurus__rotated_lat_scaled,0.028686918980412222,-0.0031728693217575616,0.015434019704999276,0.46086637456966856,0.16813785681733862,1.3392828367650509
Hovasaurus__mean_scaled,0.03738798065913089,0.0005554091479747306,0.025893674956339523,NA,NA,NA
Hovasaurus__Mod_R_deltaTMyr_scaled,0.08625539501647408,-0.0587103622167987,0.1350051342618059,NA,NA,NA
Hovasaurus__time,0.0035800798661919423,-0.07455966633221969,0.01534284897240126,NA,NA,NA
Howesia__rotated_lat_scaled,0.05726159467594698,0.0011285718437106346,0.03576779002390047,0.2800720427455963,0.13300225790590048,0.5569123066961765
Howesia__mean_scaled,0.046570584321161734,-0.017555063558744418,0.03592190997192057,NA,NA,NA
Howesia__Mod_R_deltaTMyr_scaled,0.03652579132729443,-0.03365616401796283,0.1030681691741699,NA,NA,NA
Howesia__time,-0.016196302101016045,-0.08580483298980461,0.016917808725555025,NA,NA,NA
Hudsonelpidia__rotated_lat_scaled,0.02067143339838367,-0.000894065270128062,0.03185696159911458,0.09108434556168504,0.029179923236370087,0.16546336188912392
Hudsonelpidia__mean_scaled,-0.046190140452235934,-0.05639400328396746,0.031042096591575304,NA,NA,NA
Hudsonelpidia__Mod_R_deltaTMyr_scaled,-0.038456707338918934,-0.051024218187498964,0.02586703422926897,NA,NA,NA
Hudsonelpidia__time,-0.0008506145677529275,-0.02757520198120672,0.10290958547558711,NA,NA,NA
Hupehsuchus__rotated_lat_scaled,0.021491693060670513,-0.0005634187660105216,0.01981895941519235,0.2136451720630612,0.10732068493962288,0.48201184533536434
Hupehsuchus__mean_scaled,0.001977867624464125,-0.03362296992356302,0.02901887953506718,NA,NA,NA
Hupehsuchus__Mod_R_deltaTMyr_scaled,0.04130362842930481,-0.04342471218380788,0.12070252732983619,NA,NA,NA
Hupehsuchus__time,-0.0070383915735874325,-0.058276387849419777,0.02213531161545024,NA,NA,NA
Hwiccewyrm__rotated_lat_scaled,0.02437088532373309,0.0015418923674290449,0.026931955055266226,0.10691676132235443,0.031071477569639683,0.17510504904203117
Hwiccewyrm__mean_scaled,-0.020775605480594095,-0.030747575910773726,0.08066355294929656,NA,NA,NA
Hwiccewyrm__Mod_R_deltaTMyr_scaled,-0.03297409310645889,-0.04594623529835922,0.027736472455163884,NA,NA,NA
Hwiccewyrm__time,-0.019614799936534838,-0.0607355698810973,0.0563436974358193,NA,NA,NA
Hyloidichnus__rotated_lat_scaled,0.007515297686394435,0.0013969036061559702,0.005618549259304895,0.8329450567078311,0.12066756282001734,1.7100385427474976
Hyloidichnus__mean_scaled,0.03546034872238495,-0.016245855779643496,0.053233786939814405,NA,NA,NA
Hyloidichnus__Mod_R_deltaTMyr_scaled,0.151563538012586,-0.0029243021709423954,0.11577006884560329,NA,NA,NA
Hyloidichnus__time,-0.03862880989915626,-0.11811423437837128,0.017053272850823357,NA,NA,NA
Hyperodapedon_Temperate_S__rotated_lat_scaled,0.06357616326903298,0.021874740401833535,0.05634282594179972,0.46111787537432974,0.13335963524878025,1.00629423558712
Hyperodapedon_Temperate_S__mean_scaled,0.015369168731234572,-0.08697621819707832,0.04382488884309595,NA,NA,NA
Hyperodapedon_Temperate_S__Mod_R_deltaTMyr_scaled,0.020658845962437694,-0.06573193297768012,0.04209383530026574,NA,NA,NA
Hyperodapedon_Temperate_S__time,0.05630619655950391,-0.005054077949876317,0.049414127810384546,NA,NA,NA
Hyperodapedon_Tropical_N__rotated_lat_scaled,0.02506069852039218,0.004750451722950707,0.027674402373369177,0.1396553128123196,0.022605765610933304,0.23321579703042516
Hyperodapedon_Tropical_N__mean_scaled,-0.011786550111646648,-0.04748850956963189,0.0719784319520934,NA,NA,NA
Hyperodapedon_Tropical_N__Mod_R_deltaTMyr_scaled,-0.025490736752108206,-0.052082491061900334,0.027064044726613477,NA,NA,NA
Hyperodapedon_Tropical_N__time,-0.004038473366526887,-0.04106693981421969,0.0649587988434699,NA,NA,NA
Hypselorhachis__rotated_lat_scaled,0.05832263459451496,0.013216646143643868,0.033405661201008276,0.2785288464634414,0.1382831409573555,0.541704822331667
Hypselorhachis__mean_scaled,0.035044095064513385,-0.026737916987778904,0.029521792970834643,NA,NA,NA
Hypselorhachis__Mod_R_deltaTMyr_scaled,0.01963550831423163,-0.08172028540530323,0.10732729467686145,NA,NA,NA
Hypselorhachis__time,0.009616233967972222,-0.04064593247336295,0.021420929046841588,NA,NA,NA
Hypsognathus_Temperate_N__rotated_lat_scaled,0.025187730764229806,-0.018696182587430412,0.027872618151938904,0.33429279606600176,0.05010151118040085,0.8705123658291996
Hypsognathus_Temperate_N__mean_scaled,-0.015690642456716364,-0.06011220159836144,0.043961282810377506,NA,NA,NA
Hypsognathus_Temperate_N__Mod_R_deltaTMyr_scaled,-0.004353606171872646,-0.045280548727206646,0.03455482783146134,NA,NA,NA
Hypsognathus_Temperate_N__time,0.15076689238656835,-0.011798555809802706,0.08528694910176822,NA,NA,NA
Hypsognathus_Tropical_N__rotated_lat_scaled,0.009741448498789789,-0.013818539871512655,0.012364402103964741,0.40530051874520723,0.05176046397536993,0.8863407336175442
Hypsognathus_Tropical_N__mean_scaled,0.010683516151224228,-0.05023632172323848,0.050535939521781315,NA,NA,NA
Hypsognathus_Tropical_N__Mod_R_deltaTMyr_scaled,-0.002069894977711318,-0.06887185210608447,0.03163769382567717,NA,NA,NA
Hypsognathus_Tropical_N__time,0.13755530484990647,-0.002960775021965593,0.09713764244412273,NA,NA,NA
Hypuronector__rotated_lat_scaled,0.016708950566244312,-0.005554090087761339,0.02287019342437292,0.1678306853970571,0.04052799567580223,0.2973819300532341
Hypuronector__mean_scaled,-0.034818734149012015,-0.049409247798122606,0.034729308989305194,NA,NA,NA
Hypuronector__Mod_R_deltaTMyr_scaled,-0.031539485703397076,-0.04652255324952171,0.03799075263123585,NA,NA,NA
Hypuronector__time,0.06156958016101271,-0.034401597587395555,0.09608542285063201,NA,NA,NA
Icarosaurus__rotated_lat_scaled,0.023920479251537473,0.0017845914632404647,0.023590606079881,0.09844951731563924,0.036634381394833326,0.19685290660709143
Icarosaurus__mean_scaled,-0.01744261066076433,-0.033060795608475996,0.08535697806639206,NA,NA,NA
Icarosaurus__Mod_R_deltaTMyr_scaled,-0.04028195924824104,-0.03900286031144272,0.030580842261483613,NA,NA,NA
Icarosaurus__time,-0.02365676654910203,-0.06560842426612296,0.05214725148778929,NA,NA,NA
Ichthyosaurus_Temperate_N__rotated_lat_scaled,0.016144759447818634,-0.022355579140818087,0.024341941107784388,1.1009230033517816,0.8258946463465691,1.4063707292079926
Ichthyosaurus_Temperate_N__mean_scaled,0.03186463467541298,-0.0030473586846629145,0.0411461684267959,NA,NA,NA
Ichthyosaurus_Temperate_N__Mod_R_deltaTMyr_scaled,0.023384086305093085,-0.010593881763121276,0.03370973578983923,NA,NA,NA
Ichthyosaurus_Temperate_N__time,0.08451689409388446,0.17188430831140347,0.09247783257112645,NA,NA,NA
Ichthyosaurus_Tropical_N__rotated_lat_scaled,0.020481933813134675,-0.0022400908400934815,0.026978796718919226,0.17717073959254406,0.0407113591209054,0.30462273117154837
Ichthyosaurus_Tropical_N__mean_scaled,-0.03703640408522915,-0.062245698268103285,0.031682960932573064,NA,NA,NA
Ichthyosaurus_Tropical_N__Mod_R_deltaTMyr_scaled,-0.03472883830807404,-0.05492164850436149,0.024428705023014273,NA,NA,NA
Ichthyosaurus_Tropical_N__time,0.07254367365050342,-0.016480051110242963,0.1085852152210394,NA,NA,NA
Ichthyotitan__rotated_lat_scaled,0.02710555707104504,-0.014840429546526868,0.02629598015171948,0.31039883601944895,0.044788642786443233,0.8702813200652599
Ichthyotitan__mean_scaled,-0.012684638343052938,-0.052511328688662644,0.04087756766520769,NA,NA,NA
Ichthyotitan__Mod_R_deltaTMyr_scaled,-0.013171445025363937,-0.05974529563913993,0.031058422007991242,NA,NA,NA
Ichthyotitan__time,0.1532389877946116,-0.008790434848471775,0.09344370807062755,NA,NA,NA
Idiosaura__rotated_lat_scaled,0.02844269881141372,0.006687491879388496,0.030602918162910574,0.17873361320711412,0.06153429299592972,0.2714595776051283
Idiosaura__mean_scaled,0.00327831047703512,-0.05123437137693809,0.04217231509463577,NA,NA,NA
Idiosaura__Mod_R_deltaTMyr_scaled,-0.011663057529840443,-0.05596150549049159,0.07491876132665624,NA,NA,NA
Idiosaura__time,0.0027652869262965395,-0.03537910373476002,0.04398168331134337,NA,NA,NA
Ignotosaurus__rotated_lat_scaled,0.057666013330454007,0.006427412837970244,0.06452130792978347,0.19544242579402635,0.04024532251060009,0.3000028356909752
Ignotosaurus__mean_scaled,0.010702419761801139,-0.053812124810910945,0.04654204121765852,NA,NA,NA
Ignotosaurus__Mod_R_deltaTMyr_scaled,-0.03576530635036761,-0.05575433734184411,0.026677405020091926,NA,NA,NA
Ignotosaurus__time,0.006928924529929646,-0.0327484394080164,0.05393492372801205,NA,NA,NA
Incertovenator__rotated_lat_scaled,0.07741840107366443,0.0015022231167366616,0.06194488517907553,0.21529512389854064,0.028103532269597054,0.6704492829740047
Incertovenator__mean_scaled,0.009231972192064859,-0.03290343057924005,0.04422516796224224,NA,NA,NA
Incertovenator__Mod_R_deltaTMyr_scaled,0.0016396805515978485,-0.04503113052254187,0.059402994426170704,NA,NA,NA
Incertovenator__time,-0.028905304440995677,-0.059455150737755945,0.026102630328057482,NA,NA,NA
Ingentia__rotated_lat_scaled,0.055879435117421966,-0.0023007705433372608,0.04800703304937949,0.1269976282395146,0.024720769375562668,0.3011784665286541
Ingentia__mean_scaled,-0.0350808732106816,-0.0355478052341071,0.05140025948964468,NA,NA,NA
Ingentia__Mod_R_deltaTMyr_scaled,-0.06589226761832834,-0.051274763664010126,0.014340374698480218,NA,NA,NA
Ingentia__time,0.0161809594288934,-0.046764149281346735,0.07792801065804157,NA,NA,NA
Isfjordosaurus__rotated_lat_scaled,0.025385150449874345,-0.0001712916127871722,0.033738341748650286,0.24637136567325796,0.17512392811477184,0.3433733321726322
Isfjordosaurus__mean_scaled,0.055332983925472944,0.016246890649199486,0.07874817252259567,NA,NA,NA
Isfjordosaurus__Mod_R_deltaTMyr_scaled,-0.020427076693449633,-0.06411795318126678,0.022145894069744522,NA,NA,NA
Isfjordosaurus__time,0.030169933469151148,-0.01644614152610302,0.05704326955455549,NA,NA,NA
Ixalerpeton__rotated_lat_scaled,0.07122650066812639,-0.006237627953389525,0.05537637533440678,0.2292485667458095,0.027078814804553986,0.6495525203645229
Ixalerpeton__mean_scaled,0.0011259445501491426,-0.030111940543601473,0.0411342377770375,NA,NA,NA
Ixalerpeton__Mod_R_deltaTMyr_scaled,-0.02539645821787417,-0.03756693894415281,0.031218441300463893,NA,NA,NA
Ixalerpeton__time,0.02638220522319898,-0.0619709812816574,0.06394662348363779,NA,NA,NA
Jaklapallisaurus__rotated_lat_scaled,0.03870336969615892,-0.0033479123737342555,0.035247685085895465,0.11469189336989075,0.03187517449259758,0.32859340868890285
Jaklapallisaurus__mean_scaled,-0.0382250300666783,-0.050623612499792435,0.054441748728408845,NA,NA,NA
Jaklapallisaurus__Mod_R_deltaTMyr_scaled,-0.06582224905956537,-0.053023857270107194,0.03675601020804387,NA,NA,NA
Jaklapallisaurus__time,0.02412542827776633,-0.028892106579167322,0.06523023387319778,NA,NA,NA
Jaxtasuchus__rotated_lat_scaled,0.012833894747891463,-0.01548780059297163,0.026423540179271125,0.18198890910221963,0.10740257892757654,0.25070125330239534
Jaxtasuchus__mean_scaled,0.003638430036371574,-0.04103230125254516,0.03508380620171383,NA,NA,NA
Jaxtasuchus__Mod_R_deltaTMyr_scaled,0.01630274348775856,-0.025428834437977596,0.0865911191617094,NA,NA,NA
Jaxtasuchus__time,-0.006696533692011144,-0.05393855243930683,0.043577212352851585,NA,NA,NA
Jesairosaurus__rotated_lat_scaled,0.030295714277308435,0.012975143268704414,0.03426587738213671,0.23923470110978087,0.1547188829863444,0.3507024087011814
Jesairosaurus__mean_scaled,0.0436258727486711,0.0015948914224281907,0.07402964901965389,NA,NA,NA
Jesairosaurus__Mod_R_deltaTMyr_scaled,-0.007866616622413858,-0.07510197907686234,0.0365511054130395,NA,NA,NA
Jesairosaurus__time,0.01726935618400603,-0.017369678243994713,0.04682904608071587,NA,NA,NA
Jingshanosaurus__rotated_lat_scaled,0.022108033187381897,-0.026888221271917527,0.036825931328999494,1.195545446742326,0.8518953435122967,1.6766306906938553
Jingshanosaurus__mean_scaled,0.032150897340722344,0.008101041524765241,0.04286787251372183,NA,NA,NA
Jingshanosaurus__Mod_R_deltaTMyr_scaled,0.02288134757553187,-0.007622457382885027,0.030613320795238177,NA,NA,NA
Jingshanosaurus__time,0.07877009641857304,0.16229712585283854,0.08136855325758646,NA,NA,NA
Jushatyria__rotated_lat_scaled,0.020795178908738308,-0.0031156842886244196,0.016622304192414863,0.24004508785597864,0.11263298375706654,0.44133562594652176
Jushatyria__mean_scaled,0.02606928484281525,-0.021180281924874127,0.03490728274740759,NA,NA,NA
Jushatyria__Mod_R_deltaTMyr_scaled,0.04491402219515294,-0.03738140288220793,0.12173489647195847,NA,NA,NA
Jushatyria__time,-0.007643772612937028,-0.07421011962709473,0.01841119448376504,NA,NA,NA
Kadimakara__rotated_lat_scaled,0.010879195176278356,-0.01809564701053532,0.017368916422528514,1.0657268987264252,0.20117830298841,1.7169248778373003
Kadimakara__mean_scaled,0.03594140995665208,-0.006839566557493857,0.04754406743308667,NA,NA,NA
Kadimakara__Mod_R_deltaTMyr_scaled,0.13875338070744273,-0.0037417009290809013,0.11154751795646083,NA,NA,NA
Kadimakara__time,-0.029663611318163995,-0.10721057422569112,0.015215176083469943,NA,NA,NA
Kalisuchus__rotated_lat_scaled,0.012174666764893345,-0.012664195408241022,0.018549343414371047,1.069031992270029,0.12192141450941563,1.7257518470287323
Kalisuchus__mean_scaled,0.03458983644846301,-0.0008766859020389423,0.053049398564794605,NA,NA,NA
Kalisuchus__Mod_R_deltaTMyr_scaled,0.1354155625940488,-0.014309635689731188,0.1113219795067133,NA,NA,NA
Kalisuchus__time,-0.026269691285195986,-0.10803697172279006,0.008754956409667006,NA,NA,NA
Kapes_Temperate_N__rotated_lat_scaled,0.021215870010200887,-0.02032157614625494,0.019991920417912964,0.2410716049286566,0.13603453757241368,0.624245174229145
Kapes_Temperate_N__mean_scaled,0.035109102457863625,-0.020310364804455826,0.06470524472543013,NA,NA,NA
Kapes_Temperate_N__Mod_R_deltaTMyr_scaled,0.036438091628660914,-0.03744289669375925,0.08998100401757109,NA,NA,NA
Kapes_Temperate_N__time,-0.007601833690277999,-0.0578126510783312,0.016997508734631787,NA,NA,NA
Kapes_Tropical_N__rotated_lat_scaled,0.02407626822590828,-0.0021187584746504987,0.012097391418402947,0.27888656366514625,0.1349111213348806,0.5307042375206947
Kapes_Tropical_N__mean_scaled,0.049092423846013845,-0.034549420541176185,0.04521630135188901,NA,NA,NA
Kapes_Tropical_N__Mod_R_deltaTMyr_scaled,0.08078061446285574,-0.02691904767881152,0.11952015178379718,NA,NA,NA
Kapes_Tropical_N__time,-0.030973117391840787,-0.072300262028163,0.014841833341456835,NA,NA,NA
Kayentapus_Temperate_N__rotated_lat_scaled,0.01591740693184986,-0.024847104347669947,0.024147470974117218,1.0858613544603577,0.79936040379107,1.3185725063085556
Kayentapus_Temperate_N__mean_scaled,0.03177342529762546,0.0003790113563247337,0.041987589105532096,NA,NA,NA
Kayentapus_Temperate_N__Mod_R_deltaTMyr_scaled,0.02328198013952676,-0.011472399393658662,0.034235761259052054,NA,NA,NA
Kayentapus_Temperate_N__time,0.08493756215320708,0.1718279811078051,0.09130485655684459,NA,NA,NA
Kayentapus_Tropical_N__rotated_lat_scaled,0.00031925503719777183,-0.07158225029706955,0.008511074687171324,0.790867997440364,0.36185455741360784,1.1347904354333878
Kayentapus_Tropical_N__mean_scaled,0.02880708993022417,-0.05477761849761009,0.0366185846404246,NA,NA,NA
Kayentapus_Tropical_N__Mod_R_deltaTMyr_scaled,0.022138301924138903,-0.05444907769560814,0.04296701449998817,NA,NA,NA
Kayentapus_Tropical_N__time,0.1046457276306483,0.20885692536830902,0.10357900406796187,NA,NA,NA
Keichousaurus__rotated_lat_scaled,0.014859069425801863,-0.012915882396291161,0.02619000878063705,0.19572002858581983,0.12335359118878841,0.26768554002046585
Keichousaurus__mean_scaled,0.006501934209336468,-0.02614839744899869,0.03639537945717517,NA,NA,NA
Keichousaurus__Mod_R_deltaTMyr_scaled,0.02923401479492895,-0.023546320928233652,0.10042342836655714,NA,NA,NA
Keichousaurus__time,-0.010785364366456633,-0.07327688794927771,0.028666861291176588,NA,NA,NA
Kholumolumo__rotated_lat_scaled,0.07481114682751758,0.007905334656820865,0.0665959725235295,0.44662528940942137,0.05933109670877457,1.2318346053361893
Kholumolumo__mean_scaled,0.012885782001525143,-0.05897129184069531,0.03383136990335602,NA,NA,NA
Kholumolumo__Mod_R_deltaTMyr_scaled,0.014670458356419206,-0.07429856438388917,0.044957833402068124,NA,NA,NA
Kholumolumo__time,0.053542987336747214,-0.010522967155037597,0.046290502066592326,NA,NA,NA
Kinelia__rotated_lat_scaled,0.022638224961119703,-0.004847167772892612,0.043936409056186676,0.1701899282821978,0.0949842194095254,0.23216929845511913
Kinelia__mean_scaled,-0.03692009910424531,-0.07368562180299085,0.00010203202691627666,NA,NA,NA
Kinelia__Mod_R_deltaTMyr_scaled,0.005998640710022301,-0.026220729260947803,0.05911622568964958,NA,NA,NA
Kinelia__time,0.022562787193091936,-0.031133969885969944,0.07893819361925125,NA,NA,NA
Kintneria__rotated_lat_scaled,0.017462479389087092,-0.00841853783033285,0.0324839341192685,0.16877479930017217,0.05310704931616783,0.27763092663371935
Kintneria__mean_scaled,-0.035044619249238164,-0.056547176285457176,0.007793379372582308,NA,NA,NA
Kintneria__Mod_R_deltaTMyr_scaled,-0.027330673855904025,-0.054372085175603053,0.03662471203292199,NA,NA,NA
Kintneria__time,0.05777723849401809,-0.016549689431408127,0.11477365237077318,NA,NA,NA
Kitchingnathus__rotated_lat_scaled,0.05997561935335398,0.015807554125785828,0.04935402846008721,0.3053513704398938,0.12233664281666279,0.5668662954121828
Kitchingnathus__mean_scaled,0.053902425694323026,-0.016063960269093513,0.05614079432910315,NA,NA,NA
Kitchingnathus__Mod_R_deltaTMyr_scaled,0.014489280151101411,-0.08054604381322861,0.03524754887500866,NA,NA,NA
Kitchingnathus__time,0.021073670718906215,-0.0456998385488987,0.050933306231346946,NA,NA,NA
Kocurypelta__rotated_lat_scaled,0.021170014571398495,-0.008737507160264104,0.04758004228098255,0.10071489378111437,0.030367109924554825,0.16758036240935326
Kocurypelta__mean_scaled,-0.0488196730974596,-0.046918232024596794,0.024994107110535353,NA,NA,NA
Kocurypelta__Mod_R_deltaTMyr_scaled,-0.02931463810731657,-0.0350637080845221,0.03760596748661523,NA,NA,NA
Kocurypelta__time,0.0017688158922828734,-0.04516804145341822,0.08149556101741282,NA,NA,NA
Koiloskiosaurus__rotated_lat_scaled,0.024870886739809066,0.006487665232270956,0.040214698761701584,0.21141812017637676,0.14960861578583717,0.2865462265908718
Koiloskiosaurus__mean_scaled,0.025302820007627815,-0.02649441361427307,0.06535474210977554,NA,NA,NA
Koiloskiosaurus__Mod_R_deltaTMyr_scaled,-0.021496121019881683,-0.06568840891122818,0.01763109117746353,NA,NA,NA
Koiloskiosaurus__time,0.026830159926612397,-0.006636057049036026,0.06471358984708786,NA,NA,NA
Komlosaurus__rotated_lat_scaled,0.013145924338496163,-0.006568450305213857,0.020722614169989075,1.0266698091686703,0.7469730228185654,1.2803605571389198
Komlosaurus__mean_scaled,0.0313576811969064,0.006278469539257998,0.04370322956459023,NA,NA,NA
Komlosaurus__Mod_R_deltaTMyr_scaled,0.02328896131605946,-0.01857405049073275,0.033780595699233966,NA,NA,NA
Komlosaurus__time,0.08811780767074713,0.1547515199794898,0.09346923846173269,NA,NA,NA
Krzyzanowskisaurus__rotated_lat_scaled,0.020748998065246268,-0.002592388650164186,0.027163635624769193,0.18343909799994434,0.03975862264633179,0.33043762552551925
Krzyzanowskisaurus__mean_scaled,-0.033886710801161825,-0.058743608867793215,0.02443472190962145,NA,NA,NA
Krzyzanowskisaurus__Mod_R_deltaTMyr_scaled,-0.026083562024869025,-0.05718930832157816,0.0297021374952283,NA,NA,NA
Krzyzanowskisaurus__time,0.06674999823851976,-0.01736218288326564,0.110375182865927,NA,NA,NA
Kudnu__rotated_lat_scaled,0.01103828018436131,-0.01233042622267529,0.018056017624211017,1.0035749632347142,0.19919451279565692,1.7257518470287323
Kudnu__mean_scaled,0.03788402229849741,-0.009546805224129843,0.045613235458306756,NA,NA,NA
Kudnu__Mod_R_deltaTMyr_scaled,0.13955818586704793,-0.005718906153589351,0.11596025342988234,NA,NA,NA
Kudnu__time,-0.03257011382769753,-0.10829135112240673,0.012046171383145862,NA,NA,NA
Kuehneosaurus__rotated_lat_scaled,0.01952798111044103,-0.01039356057749259,0.021207199850834184,0.3091354816235253,0.04394584882538766,0.8033425137400627
Kuehneosaurus__mean_scaled,-0.032020222945138815,-0.061204640710928744,0.02879057198244472,NA,NA,NA
Kuehneosaurus__Mod_R_deltaTMyr_scaled,0.0030768947070464493,-0.05618256834235585,0.03872662310462573,NA,NA,NA
Kuehneosaurus__time,0.16264045422896742,-0.008106719092024029,0.10295128295764133,NA,NA,NA
Kuehneosuchus__rotated_lat_scaled,0.012034672885056353,-0.018887192567205235,0.03227884816532223,0.17401738930711871,0.03472774103283882,0.7128920406103134
Kuehneosuchus__mean_scaled,-0.046040050101582894,-0.05475677640792298,0.03980833040835534,NA,NA,NA
Kuehneosuchus__Mod_R_deltaTMyr_scaled,-0.05473428226949181,-0.055485759436872915,0.02610152000972085,NA,NA,NA
Kuehneosuchus__time,0.10684667427092791,-0.0067577603108000825,0.09348697931214754,NA,NA,NA
Kuruxuchampsa__rotated_lat_scaled,0.06240031920024194,0.0018784557235496254,0.06385144600857046,0.2008932966296561,0.03524657338857651,0.3190254969522357
Kuruxuchampsa__mean_scaled,-0.0010434919281397015,-0.03831866926959583,0.0572619842595224,NA,NA,NA
Kuruxuchampsa__Mod_R_deltaTMyr_scaled,-0.01682135966839269,-0.05102176937244413,0.03493218461757019,NA,NA,NA
Kuruxuchampsa__time,0.00044745450373739003,-0.048425505804310875,0.035630063009882924,NA,NA,NA
Kwangsisaurus__rotated_lat_scaled,0.028444730285555123,0.0068974243476986885,0.030496872750700964,0.2510975502590009,0.18122305086581036,0.35661161318421364
Kwangsisaurus__mean_scaled,0.05076524346484803,0.000538796535693109,0.08163518805600357,NA,NA,NA
Kwangsisaurus__Mod_R_deltaTMyr_scaled,-0.010155687973456224,-0.06926943361759186,0.02316583849636747,NA,NA,NA
Kwangsisaurus__time,0.026132889959844762,-0.03020414337515831,0.05637777859247396,NA,NA,NA
Labidosaurikos__rotated_lat_scaled,0.025534619325771928,0.0024049543168880253,0.02163464368188999,0.1675021976607968,0.09863554872572422,0.250571908429265
Labidosaurikos__mean_scaled,0.001071167252957821,-0.04354151110860207,0.08379751628676675,NA,NA,NA
Labidosaurikos__Mod_R_deltaTMyr_scaled,-0.025074435391870792,-0.024269228480995976,0.004320194719760191,NA,NA,NA
Labidosaurikos__time,0.010060471951728687,-0.0704817034500912,0.08192332320712903,NA,NA,NA
Labidosauriscus__rotated_lat_scaled,0.024720753722358494,-0.0006598254647020331,0.005898169080717047,0.20061453068221455,0.012431714683771133,0.6371439918875694
Labidosauriscus__mean_scaled,0.36614952666277534,-0.007661553327688041,0.11406084176015084,NA,NA,NA
Labidosauriscus__Mod_R_deltaTMyr_scaled,0.10888688712613658,-0.01630998994878401,0.05171984907726824,NA,NA,NA
Labidosauriscus__time,-0.455053011351265,-0.11125611998162713,0.01999681797740983,NA,NA,NA
Labidosaurus__rotated_lat_scaled,0.025751852283137852,0.004666557600505364,0.02914433363278224,0.16878360170958331,0.08256480284035206,0.22731111757457256
Labidosaurus__mean_scaled,-0.0030990345097961836,-0.0484444202949407,0.06512933932042315,NA,NA,NA
Labidosaurus__Mod_R_deltaTMyr_scaled,-0.025527777055976912,-0.03672054896769836,0.011488018952694787,NA,NA,NA
Labidosaurus__time,0.015748186470009386,-0.05538907706066752,0.08591398598964578,NA,NA,NA
Lagerpeton__rotated_lat_scaled,0.08289783705957234,0.00673890136604135,0.06547630144288807,0.27879308993549784,0.12372768949717283,0.6033906377851963
Lagerpeton__mean_scaled,0.02805839042790467,-0.01934907577838572,0.044347080098320626,NA,NA,NA
Lagerpeton__Mod_R_deltaTMyr_scaled,0.03665210695122369,-0.04372159062101258,0.06461405341680417,NA,NA,NA
Lagerpeton__time,-0.024725619025412017,-0.07955572368944426,0.017238242937533108,NA,NA,NA
Lanceirosphenodon__rotated_lat_scaled,0.053601763635524546,-0.00035461062032216163,0.063879535119763,0.13162201207473118,0.04357987269759178,0.3430330138653517
Lanceirosphenodon__mean_scaled,-0.042649292699061335,-0.05862513219827935,0.022160857739498045,NA,NA,NA
Lanceirosphenodon__Mod_R_deltaTMyr_scaled,-0.061140975856760635,-0.05265530270848407,0.02500428628092053,NA,NA,NA
Lanceirosphenodon__time,0.025900142472819424,-0.024252443195715633,0.08063099875536436,NA,NA,NA
Langeronyx__rotated_lat_scaled,0.02460629463676014,-0.0021384446941768373,0.014537639224113112,0.2577393986248353,0.11786623671650887,0.6442833989858627
Langeronyx__mean_scaled,0.05442427550260618,-0.009246220159004566,0.06839640364865712,NA,NA,NA
Langeronyx__Mod_R_deltaTMyr_scaled,0.07363688033306971,-0.02245541056842577,0.09557485586009092,NA,NA,NA
Langeronyx__time,-0.0508384263698099,-0.10204741330119405,0.01316677916268481,NA,NA,NA
Langobardisaurus__rotated_lat_scaled,-0.004372524459322449,-0.0362963070619165,0.02420374184221266,0.137246678477386,0.05872535519301891,0.20814415253698826
Langobardisaurus__mean_scaled,-0.04663626489244052,-0.040128539910319276,0.01304542508755261,NA,NA,NA
Langobardisaurus__Mod_R_deltaTMyr_scaled,-0.02707996467608609,-0.05147728886363642,0.04065525813689122,NA,NA,NA
Langobardisaurus__time,0.05942505798302591,-0.00798535288692901,0.11377125282888946,NA,NA,NA
Lanthaniscus__rotated_lat_scaled,0.0437292269570753,0.00043236397828859153,0.01604066547086005,0.15481366028659976,0.03806920349597931,0.4391600303351879
Lanthaniscus__mean_scaled,0.20745521572767756,-0.008799576265436917,0.114618637261202,NA,NA,NA
Lanthaniscus__Mod_R_deltaTMyr_scaled,0.025437890883767977,-0.015835047154460387,0.05269947569612289,NA,NA,NA
Lanthaniscus__time,-0.27771904780413026,-0.11168522928119251,0.008316899467361007,NA,NA,NA
Lanthanolania__rotated_lat_scaled,0.04319197385455482,0.001656322919405476,0.019931815951285087,0.12069154911536316,0.037903069402091205,0.19930004701018333
Lanthanolania__mean_scaled,0.22732243164828106,-0.007903891702971703,0.13270372324579624,NA,NA,NA
Lanthanolania__Mod_R_deltaTMyr_scaled,0.006395425333757885,-0.016377010866137458,0.034705176024055005,NA,NA,NA
Lanthanolania__time,-0.3121286562434398,-0.11326290907309752,0.004334962674409612,NA,NA,NA
Lanthanosuchus__rotated_lat_scaled,0.04366129624890164,-0.004604154432743143,0.016382929019769413,0.21739720832905732,0.009650249034166336,0.6679559722542763
Lanthanosuchus__mean_scaled,0.09788905695662833,-0.02660157572355321,0.10148143451604173,NA,NA,NA
Lanthanosuchus__Mod_R_deltaTMyr_scaled,0.07943144587334246,-0.02121451725264593,0.059463266784582726,NA,NA,NA
Lanthanosuchus__time,-0.15949496527202428,-0.08346724131385892,0.014348047575152066,NA,NA,NA
Laquintasaura__rotated_lat_scaled,-0.00830134169109644,-0.0838391643953017,0.011446786134576314,0.6423893710994162,0.18410271033644676,1.1346284225583076
Laquintasaura__mean_scaled,0.025176352881396104,-0.07796250574161394,0.04362610023836829,NA,NA,NA
Laquintasaura__Mod_R_deltaTMyr_scaled,0.019548311234346662,-0.09218703709095893,0.034474575100860584,NA,NA,NA
Laquintasaura__time,0.11948705209756282,0.11810121850507335,0.10212821642174076,NA,NA,NA
Largocephalosaurus__rotated_lat_scaled,0.02678137636510655,0.007923291037774035,0.03064773492867821,0.22069517478579656,0.12625305354595184,0.31806403188966215
Largocephalosaurus__mean_scaled,0.03846503328415565,-0.02442414555477581,0.08712560427470263,NA,NA,NA
Largocephalosaurus__Mod_R_deltaTMyr_scaled,-0.00787875096895732,-0.10069670496933311,0.027859095697285372,NA,NA,NA
Largocephalosaurus__time,0.007417141583282501,-0.018689929236466313,0.04604324299487973,NA,NA,NA
Lariosaurus__rotated_lat_scaled,0.013713835988310165,-0.008941805172097441,0.027920816891403223,0.1961589474432185,0.12060233112424612,0.26923829375300556
Lariosaurus__mean_scaled,0.005417744583864987,-0.03746630492774339,0.03965324153970285,NA,NA,NA
Lariosaurus__Mod_R_deltaTMyr_scaled,0.02923678664446925,-0.033737089780888546,0.08642343566063847,NA,NA,NA
Lariosaurus__time,-0.008119794295635075,-0.055742288842071844,0.03767818380380141,NA,NA,NA
Lasasaurus__rotated_lat_scaled,0.021357223273695054,0.009293776005506516,0.009464160092059824,0.49141328926372807,0.19558027759194374,1.5136133097112179
Lasasaurus__mean_scaled,0.043095729540310705,-0.006049442570656538,0.03879498125395999,NA,NA,NA
Lasasaurus__Mod_R_deltaTMyr_scaled,0.08193057237528367,-0.07635912299156189,0.1298120420952103,NA,NA,NA
Lasasaurus__time,0.009526849332919718,-0.040701620280742645,0.013604494454315838,NA,NA,NA
Lavinipes__rotated_lat_scaled,0.01256885085224415,-0.007466629209946542,0.017618397002463974,0.9674294681334868,0.6758898533880711,1.3340047039091587
Lavinipes__mean_scaled,0.03053342853159943,-0.011841690283998518,0.04243203574825023,NA,NA,NA
Lavinipes__Mod_R_deltaTMyr_scaled,0.023088703497440126,-0.026106977881917764,0.03405762220878272,NA,NA,NA
Lavinipes__time,0.08971939164092545,0.18130278609866404,0.09756762293604902,NA,NA,NA
Lepidus__rotated_lat_scaled,0.022915276644052938,-0.0003834940324294507,0.02459790467251554,0.13187979673428343,0.03697415441274643,0.2997650094330311
Lepidus__mean_scaled,-0.020491078415652737,-0.050045324699316905,0.038625869262593364,NA,NA,NA
Lepidus__Mod_R_deltaTMyr_scaled,-0.03995731385191902,-0.06132969980023025,0.04569411714700913,NA,NA,NA
Lepidus__time,0.013502537835593102,-0.024128970190824602,0.08275778681342792,NA,NA,NA
Leptonectes__rotated_lat_scaled,0.0178076397817147,-0.01653509249320417,0.02777001974384834,1.0188953708624466,0.7324906568974257,1.2920663766562939
Leptonectes__mean_scaled,0.030688731914668133,-0.003595785710691516,0.0392022541579955,NA,NA,NA
Leptonectes__Mod_R_deltaTMyr_scaled,0.02276203622902043,-0.026865070881994205,0.03490724681729719,NA,NA,NA
Leptonectes__time,0.08465196659680588,0.1828834378086911,0.08979615717640492,NA,NA,NA
Leptosuchus__rotated_lat_scaled,0.02083457748944056,-0.006861864442740293,0.029654707204824948,0.22379643804073568,0.13047765474766493,0.33294600807130337
Leptosuchus__mean_scaled,-0.018927579710725694,-0.06313990913047778,0.027875753529700977,NA,NA,NA
Leptosuchus__Mod_R_deltaTMyr_scaled,-0.008477511855890043,-0.051296502592773276,0.03168409912837667,NA,NA,NA
Leptosuchus__time,0.07445657759570168,-0.014589212556809858,0.10246111803264335,NA,NA,NA
Lessemsaurus_Temperate_S__rotated_lat_scaled,0.07056953568914598,0.008596640768268856,0.06629212525603001,0.44735499004702434,0.16023939847946167,1.1117518991231918
Lessemsaurus_Temperate_S__mean_scaled,0.009342442047370158,-0.06416750449488086,0.03409199847344605,NA,NA,NA
Lessemsaurus_Temperate_S__Mod_R_deltaTMyr_scaled,0.0199894177961643,-0.06873736779642638,0.044998692055457326,NA,NA,NA
Lessemsaurus_Temperate_S__time,0.056008978989528745,-0.011579257199762832,0.04629286211061258,NA,NA,NA
Lewisuchus__rotated_lat_scaled,0.06477991024497896,0.0004324340187406351,0.06026193014004335,0.21699861084249278,0.05784643068909645,0.49578505009412766
Lewisuchus__mean_scaled,0.01207499327370897,-0.042396419654362694,0.04753801109436658,NA,NA,NA
Lewisuchus__Mod_R_deltaTMyr_scaled,-0.017518554124908405,-0.05863396525763848,0.05190037985361267,NA,NA,NA
Lewisuchus__time,0.0017518869265040848,-0.03528953782954066,0.03197535680752335,NA,NA,NA
Libognathus__rotated_lat_scaled,0.024245512289344334,0.00020654804110214822,0.022010751229662166,0.10004460655793082,0.027875781059265137,0.18390545062720776
Libognathus__mean_scaled,-0.030987530284328386,-0.03937008917270977,0.04942639836988844,NA,NA,NA
Libognathus__Mod_R_deltaTMyr_scaled,-0.043118536787806076,-0.030649834460590192,0.05392018880788418,NA,NA,NA
Libognathus__time,-0.006005213181488216,-0.0660741131306034,0.06631833948811118,NA,NA,NA
Liliensternus__rotated_lat_scaled,0.024745076328214977,-0.018573117625529014,0.025706747997989974,0.39050606513133973,0.04164179414510727,0.9489485621452332
Liliensternus__mean_scaled,0.006001277424869172,-0.05655469339367974,0.04498243980141796,NA,NA,NA
Liliensternus__Mod_R_deltaTMyr_scaled,-0.006679392870274472,-0.05756042120172748,0.0321781546185567,NA,NA,NA
Liliensternus__time,0.1318434136393995,-0.0031992565018649755,0.08880833547758132,NA,NA,NA
Lindwurmia__rotated_lat_scaled,0.02151879578952023,-0.03950363025069237,0.03413039186605712,1.0047103335824794,0.6249432535842061,1.328231692314148
Lindwurmia__mean_scaled,0.029909127606603997,-0.036206599324941635,0.041738688881485825,NA,NA,NA
Lindwurmia__Mod_R_deltaTMyr_scaled,0.02221298476054027,-0.02231806144118309,0.035704287893421116,NA,NA,NA
Lindwurmia__time,0.08226946636554465,0.20557595789432526,0.08010230925458192,NA,NA,NA
Litorosuchus__rotated_lat_scaled,0.025324932435178197,0.0001636273200082721,0.011011400991555497,0.25384754604601767,0.04618851747363806,0.5738634392619133
Litorosuchus__mean_scaled,0.017544638916733676,-0.030806423193809825,0.044065400931519845,NA,NA,NA
Litorosuchus__Mod_R_deltaTMyr_scaled,0.08507169843185693,-0.046003193062184644,0.11915905654003633,NA,NA,NA
Litorosuchus__time,-0.0300040982599603,-0.059241499786815005,0.017439819432434295,NA,NA,NA
Lophostropheus__rotated_lat_scaled,0.02913877787766978,-0.011945989965004119,0.02868161708830644,0.2819005344758625,0.048765336163342,0.9194512329995632
Lophostropheus__mean_scaled,-0.017335516092716715,-0.05794162882446984,0.037865218163359686,NA,NA,NA
Lophostropheus__Mod_R_deltaTMyr_scaled,-0.028922988619597162,-0.058904134412253,0.027386844098992405,NA,NA,NA
Lophostropheus__time,0.14310988678829745,-0.007095735521074249,0.09774199854488742,NA,NA,NA
Lotosaurus__rotated_lat_scaled,0.026173947838833554,-0.0006295080600104333,0.010551930300827553,0.30354575883422513,0.13668353646062315,0.6437438912689686
Lotosaurus__mean_scaled,0.050320950718596574,-0.011930503636632799,0.06752615792818994,NA,NA,NA
Lotosaurus__Mod_R_deltaTMyr_scaled,0.12410149791045115,-0.03713659734865659,0.1003246967501755,NA,NA,NA
Lotosaurus__time,-0.05296101215586532,-0.08619087967750137,0.013272892916352978,NA,NA,NA
Lucasuchus__rotated_lat_scaled,0.02597785408041091,-5.7722728119992475e-05,0.023039562257257208,0.11793964362397674,0.044723991304636,0.2233249433338642
Lucasuchus__mean_scaled,-0.012628689611447044,-0.036309191726607744,0.06649442724593196,NA,NA,NA
Lucasuchus__Mod_R_deltaTMyr_scaled,-0.020647866022773086,-0.04139215971516225,0.04188506096512542,NA,NA,NA
Lucasuchus__time,-0.03067202934442321,-0.058128414552911206,0.060256627427231355,NA,NA,NA
Lucianosaurus__rotated_lat_scaled,0.024737642428954133,0.000980642014108118,0.021685093148005413,0.095509114596789,0.030962113291025162,0.19357166113331914
Lucianosaurus__mean_scaled,-0.03327623709556064,-0.04222621934105212,0.07712162678994072,NA,NA,NA
Lucianosaurus__Mod_R_deltaTMyr_scaled,-0.04124764355714433,-0.02813231307778205,0.037359440359803806,NA,NA,NA
Lucianosaurus__time,-0.01061502170166932,-0.06650959831807515,0.055509517597796015,NA,NA,NA
Lucianovenator__rotated_lat_scaled,0.06414116620515414,-0.004978349972954961,0.060954067320455066,0.1602144892646902,0.022459056228399277,0.5421012458391488
Lucianovenator__mean_scaled,-0.0013374740400468,-0.031864450223592036,0.03515140911176066,NA,NA,NA
Lucianovenator__Mod_R_deltaTMyr_scaled,-0.04356249649543315,-0.03700314422778104,0.030663494151292978,NA,NA,NA
Lucianovenator__time,-0.014937080927193164,-0.06204154429847318,0.06490670731203727,NA,NA,NA
Lufengosaurus__rotated_lat_scaled,0.02188637185968016,-0.023146943944781492,0.03739185250364648,1.2129698683694006,0.7757838368415833,1.5888074710965157
Lufengosaurus__mean_scaled,0.03230306707537233,0.014953406040662295,0.04161642298734841,NA,NA,NA
Lufengosaurus__Mod_R_deltaTMyr_scaled,0.02308141144876075,0.008820664947879513,0.035350482517676717,NA,NA,NA
Lufengosaurus__time,0.07863952413839592,0.13526036167904087,0.07731691988687436,NA,NA,NA
Lukousaurus__rotated_lat_scaled,0.022243119082077732,-0.02684256682975856,0.034404538526495325,1.1874062066571787,0.7867975877597928,1.6181571632623672
Lukousaurus__mean_scaled,0.03202455457004753,0.017340855101067733,0.03905381303998692,NA,NA,NA
Lukousaurus__Mod_R_deltaTMyr_scaled,0.023042198994685584,0.003548521414449663,0.033728951752075506,NA,NA,NA
Lukousaurus__time,0.07860050187539831,0.14184067903704237,0.0844883745769882,NA,NA,NA
Luopingosaurus__rotated_lat_scaled,0.027110384879633784,0.011147436685860157,0.03476294409605405,0.21027564522926695,0.1392484400421381,0.2955727865919471
Luopingosaurus__mean_scaled,0.03542302692134399,-0.01942305453121662,0.07987276726900838,NA,NA,NA
Luopingosaurus__Mod_R_deltaTMyr_scaled,-0.0222829264421307,-0.08538229018449783,0.031051809006686516,NA,NA,NA
Luopingosaurus__time,0.014114785348210717,-0.02608223631978035,0.045988157523797014,NA,NA,NA
Luperosuchus__rotated_lat_scaled,0.07036452325992286,0.007250905610306737,0.06578040735681999,0.23918215329700615,0.07568790251389146,0.4325413294136524
Luperosuchus__mean_scaled,0.013052111823344602,-0.03985388620077801,0.031270313389536196,NA,NA,NA
Luperosuchus__Mod_R_deltaTMyr_scaled,0.005504729556851089,-0.05829007064757975,0.06807907241108642,NA,NA,NA
Luperosuchus__time,-0.005649585865321569,-0.04499443748475017,0.02654588473810336,NA,NA,NA
Macgowania__rotated_lat_scaled,0.010269131327859213,-0.015558900156136386,0.02915560021393118,0.15304086927664684,0.02597715612500906,0.276327904779464
Macgowania__mean_scaled,-0.03476067587500438,-0.04640086689005104,0.015112682999397357,NA,NA,NA
Macgowania__Mod_R_deltaTMyr_scaled,-0.0415077034693968,-0.05871769249326125,0.0376677721101752,NA,NA,NA
Macgowania__time,0.06312974277097964,-0.015210029183352533,0.10973962257204221,NA,NA,NA
Machaeroprosopus__rotated_lat_scaled,-0.001156116393689854,-0.061396501259636804,0.009613590436884641,0.5208419422028236,0.26982760429382324,0.9429118186235428
Machaeroprosopus__mean_scaled,0.017473169959715096,-0.08999645076802973,0.04761974810476818,NA,NA,NA
Machaeroprosopus__Mod_R_deltaTMyr_scaled,0.015174546735602886,-0.09687207052535812,0.030653778705579813,NA,NA,NA
Machaeroprosopus__time,0.12441877422058105,0.11237753383022345,0.10378856064831332,NA,NA,NA
Macrocnemus__rotated_lat_scaled,0.015243082892848179,-0.010438773802917143,0.03045175365241961,0.18841273383828594,0.10791893489658833,0.25087003130465746
Macrocnemus__mean_scaled,0.0019651588105807603,-0.04282430753966397,0.03814322416841327,NA,NA,NA
Macrocnemus__Mod_R_deltaTMyr_scaled,0.01886498778127134,-0.03857692515292852,0.0885355629279997,NA,NA,NA
Macrocnemus__time,-0.0035708701686235143,-0.04404748222729157,0.03454513714671338,NA,NA,NA
Macrocollum__rotated_lat_scaled,0.08474901355833321,-0.006270131667624041,0.060508688033304316,0.3285547528393363,0.058385313022881746,0.9584559202194214
Macrocollum__mean_scaled,0.0045667853065211855,-0.047508002549718556,0.03692701625394139,NA,NA,NA
Macrocollum__Mod_R_deltaTMyr_scaled,-0.0004796137801737541,-0.06529796513556844,0.035233320393720666,NA,NA,NA
Macrocollum__time,0.06707418943752849,-0.016811389369890174,0.05900665321457959,NA,NA,NA
Macroleter_Temperate_N__rotated_lat_scaled,0.04698279010481201,-0.00032152692593430106,0.015686916840579223,0.19976935269951354,0.016809359192848206,0.6659139916300774
Macroleter_Temperate_N__mean_scaled,0.2786627654440235,-0.005466732866907236,0.11411902578081094,NA,NA,NA
Macroleter_Temperate_N__Mod_R_deltaTMyr_scaled,0.025484946945798583,-0.022394187402861462,0.057724587590876376,NA,NA,NA
Macroleter_Temperate_N__time,-0.30727152431732974,-0.1077050415270982,0.004145147683279416,NA,NA,NA
Macroleter_Tropical_N__rotated_lat_scaled,0.02520892096712487,0.001057609681913462,0.01334378256844432,0.1263391778269579,0.03854751214385033,0.20405801385641098
Macroleter_Tropical_N__mean_scaled,0.186766576550217,-0.010113758789746938,0.14342393690028143,NA,NA,NA
Macroleter_Tropical_N__Mod_R_deltaTMyr_scaled,-0.013210543326567858,-0.029455525005753328,0.01940141381159087,NA,NA,NA
Macroleter_Tropical_N__time,-0.22833615088602527,-0.0973758146092144,0.015506544615229349,NA,NA,NA
Macroplacus__rotated_lat_scaled,0.01220243317548011,-0.01747112484199476,0.039867544451962354,0.17475385697769524,0.049400526098906994,0.7172992378473282
Macroplacus__mean_scaled,-0.040610098831821234,-0.05820765297586384,0.04393543597389204,NA,NA,NA
Macroplacus__Mod_R_deltaTMyr_scaled,-0.04919177350850077,-0.053923093979244496,0.021414386014975893,NA,NA,NA
Macroplacus__time,0.09644292162032798,-0.0062856169256981075,0.08645831145471568,NA,NA,NA
Macroplata__rotated_lat_scaled,0.02026002668487036,-0.03427789732813835,0.02851917357757702,0.9274052706424846,0.5242795422673225,1.3275707960128784
Macroplata__mean_scaled,0.028613472387943633,-0.028481630608439445,0.040139908354141704,NA,NA,NA
Macroplata__Mod_R_deltaTMyr_scaled,0.02186471072475104,-0.05002546310424805,0.034260689918739685,NA,NA,NA
Macroplata__time,0.08517216472464413,0.2156505137681961,0.08875590604508755,NA,NA,NA
Maehary__rotated_lat_scaled,0.09133235359448008,0.00056752818751769,0.0549101794399647,0.29053493227937,0.0459601916372776,0.9959796369075775
Maehary__mean_scaled,0.007874183242674916,-0.04190370794731457,0.04064501959445979,NA,NA,NA
Maehary__Mod_R_deltaTMyr_scaled,-0.02071169051097968,-0.062405438941286966,0.04397392229181971,NA,NA,NA
Maehary__time,0.05612971143098548,-0.03214587002171736,0.05214655656930177,NA,NA,NA
Majiashanosaurus__rotated_lat_scaled,0.02582676955498755,0.004201725125312805,0.030593780095409504,0.23918893927675527,0.14800480380654335,0.3652804382145405
Majiashanosaurus__mean_scaled,0.04937175605038647,-0.023752640932798386,0.08298388904021908,NA,NA,NA
Majiashanosaurus__Mod_R_deltaTMyr_scaled,-0.020934654451884853,-0.07067356258630753,0.020017226612476395,NA,NA,NA
Majiashanosaurus__time,0.029014693601056935,-0.019256463274359703,0.05808078214744097,NA,NA,NA
Malerisaurus__rotated_lat_scaled,0.024476938855368644,-0.003208204228715045,0.02966554708910476,0.171361584915212,0.03127116337418556,0.3315680371597409
Malerisaurus__mean_scaled,-0.03633335423110111,-0.05928779391036661,0.03286923171930811,NA,NA,NA
Malerisaurus__Mod_R_deltaTMyr_scaled,-0.03310194929174031,-0.05701414439706241,0.030994640162214017,NA,NA,NA
Malerisaurus__time,0.06040957506047562,-0.016377346186657135,0.09814625892491906,NA,NA,NA
Malutinisuchus__rotated_lat_scaled,0.011176410431362456,-0.02376835628566949,0.049440171765567156,0.16298749862216938,0.09158683335408568,0.23088384559378028
Malutinisuchus__mean_scaled,-0.007102883672123425,-0.0407168362436066,0.029126475905248753,NA,NA,NA
Malutinisuchus__Mod_R_deltaTMyr_scaled,0.0020699999341741203,-0.036126457292053944,0.06600018316327662,NA,NA,NA
Malutinisuchus__time,0.0009335974065470509,-0.03527583890147117,0.047108847061453414,NA,NA,NA
Mambawakale__rotated_lat_scaled,0.04758321295725182,-0.003277448430678754,0.02439635967893076,0.2719106382472091,0.16487760050222278,0.5480406358838081
Mambawakale__mean_scaled,0.05465422544453759,-0.010044619882666599,0.058632683072219874,NA,NA,NA
Mambawakale__Mod_R_deltaTMyr_scaled,0.037243690327741205,-0.03204801005366807,0.0912506733686772,NA,NA,NA
Mambawakale__time,-0.023480865004530643,-0.09051741035578778,0.017395961775718116,NA,NA,NA
Mandaphon__rotated_lat_scaled,0.05846438206266612,0.0019418198280141841,0.041297043133998054,0.2793501137100247,0.14697051793336868,0.6679337657988071
Mandaphon__mean_scaled,0.036268789772875606,-0.025494221602059556,0.029060263555701814,NA,NA,NA
Mandaphon__Mod_R_deltaTMyr_scaled,0.020824672415837995,-0.0776564968348468,0.09959487637513119,NA,NA,NA
Mandaphon__time,0.007881894936435856,-0.03467859011390902,0.021723494830714913,NA,NA,NA
Mandasuchus__rotated_lat_scaled,0.039930507368445264,-0.01208992526575118,0.03425428443704134,0.3811177485753069,0.1382831409573555,0.8330908641219139
Mandasuchus__mean_scaled,0.04508096401824917,-0.02499460497097481,0.04402552268502955,NA,NA,NA
Mandasuchus__Mod_R_deltaTMyr_scaled,0.10019749069521383,-0.02973696082482835,0.09919105679325005,NA,NA,NA
Mandasuchus__time,-0.02929858755969912,-0.06906599766124688,0.014204813980225028,NA,NA,NA
Marasuchus__rotated_lat_scaled,0.07782545856316574,0.008884845173500312,0.0407836643897441,0.29796113485557724,0.09619606391061097,0.7655207365751266
Marasuchus__mean_scaled,0.012088046982244123,-0.03479839247381366,0.02738985939048235,NA,NA,NA
Marasuchus__Mod_R_deltaTMyr_scaled,0.07258091635885648,-0.04200303345148291,0.11098590191326596,NA,NA,NA
Marasuchus__time,-0.020443661570898258,-0.06797090797100494,0.012516252202053563,NA,NA,NA
Marcianosuchus__rotated_lat_scaled,0.026039507107343526,0.009697936475276947,0.04182803731529774,0.20465820974481175,0.13687691744416952,0.2609750358387828
Marcianosuchus__mean_scaled,0.0214448115718551,-0.028678786009550095,0.06079445778836725,NA,NA,NA
Marcianosuchus__Mod_R_deltaTMyr_scaled,-0.02149743023182964,-0.06622866541147232,0.025426057377942637,NA,NA,NA
Marcianosuchus__time,0.022760946775233607,-0.015781590715050697,0.06362712541393832,NA,NA,NA
Massospondylus__rotated_lat_scaled,0.072704310528934,0.006044756525636779,0.05233133916272466,0.25903346291626805,0.07263179065193981,0.4753194823861122
Massospondylus__mean_scaled,0.019224777308409102,-0.029491396191438313,0.049899728453942166,NA,NA,NA
Massospondylus__Mod_R_deltaTMyr_scaled,0.010980294031905941,-0.06796307803506123,0.06725222074255308,NA,NA,NA
Massospondylus__time,0.00021370652480982245,-0.04447777102193846,0.022192389536326056,NA,NA,NA
Mbiresaurus__rotated_lat_scaled,0.05181874783651438,-0.0024747425754892216,0.059695314152831414,0.15064790583317517,0.061839548870921135,0.2644310318864882
Mbiresaurus__mean_scaled,-0.015318770473822952,-0.04552797791530459,0.04504000622741756,NA,NA,NA
Mbiresaurus__Mod_R_deltaTMyr_scaled,-0.04319663005298935,-0.062220312140357024,0.02829265021396989,NA,NA,NA
Mbiresaurus__time,0.0014341840012639295,-0.025664456091650373,0.05864770730132709,NA,NA,NA
Megachirella__rotated_lat_scaled,0.02678737358361104,0.010934335788961004,0.02515411704569826,0.21317061657140585,0.13733798055909574,0.33236483624204993
Megachirella__mean_scaled,0.030696921841008588,-0.028084626744041098,0.04620769344059314,NA,NA,NA
Megachirella__Mod_R_deltaTMyr_scaled,-0.0021877828415017577,-0.09237311127071587,0.0915103719945664,NA,NA,NA
Megachirella__time,0.001963729466078803,-0.02636408649700524,0.028803495414688157,NA,NA,NA
Megalancosaurus__rotated_lat_scaled,0.002493465572479181,-0.02186091895112089,0.028795580586306647,0.15241901306188083,0.0791632141917944,0.2430104287341237
Megalancosaurus__mean_scaled,-0.04169954317272641,-0.05388524675411174,0.011534514089482507,NA,NA,NA
Megalancosaurus__Mod_R_deltaTMyr_scaled,-0.02370354097642121,-0.049222720992103106,0.03685134874894565,NA,NA,NA
Megalancosaurus__time,0.0594182571163401,-0.010918602025465457,0.11449423447081115,NA,NA,NA
Megalosauripus__rotated_lat_scaled,0.02287360687116482,-0.032732342775390326,0.03398390456519857,1.030159700709628,0.671070322394371,1.3672327995300293
Megalosauripus__mean_scaled,0.030105264314140498,-0.015853601770714907,0.04059141439919678,NA,NA,NA
Megalosauripus__Mod_R_deltaTMyr_scaled,0.021992759326414594,-0.006418274702059723,0.034561108933719505,NA,NA,NA
Megalosauripus__time,0.08093874401048926,0.19089170797096616,0.08253924999743112,NA,NA,NA
Megalosaurus__rotated_lat_scaled,0.02406877297881235,-0.01615771381370737,0.031038358475179613,0.41315082887143945,0.04851893137674779,0.9701977670192719
Megalosaurus__mean_scaled,0.0072324595770812345,-0.06083075967732159,0.04023403159016163,NA,NA,NA
Megalosaurus__Mod_R_deltaTMyr_scaled,0.0008869604440569017,-0.06174288175345805,0.033233887089602746,NA,NA,NA
Megalosaurus__time,0.12372218152225867,0.0028438665216858165,0.08716940074060196,NA,NA,NA
Megapnosaurus__rotated_lat_scaled,0.004681515425532065,-0.02327093854546547,0.009499488956719161,0.7987614468211541,0.45954907266423106,1.168970350176096
Megapnosaurus__mean_scaled,0.028500511819062466,-0.03732722997665405,0.04586531594192017,NA,NA,NA
Megapnosaurus__Mod_R_deltaTMyr_scaled,0.021732026027044164,-0.03748670220375061,0.03909675015027952,NA,NA,NA
Megapnosaurus__time,0.10099632125057047,0.2235349416732788,0.09721412284662713,NA,NA,NA
Mehliella__rotated_lat_scaled,0.017147587169893085,-0.00732892165910825,0.027652415230388062,0.18345129181332595,0.06936798430979252,0.2775855287909508
Mehliella__mean_scaled,0.013753591830027289,-0.03495077441463277,0.04538224696315759,NA,NA,NA
Mehliella__Mod_R_deltaTMyr_scaled,0.013927935354804504,-0.03801295340379757,0.08344887270022922,NA,NA,NA
Mehliella__time,-0.017288197063608096,-0.05559483924526262,0.0351921430017711,NA,NA,NA
Melanorosaurus__rotated_lat_scaled,0.056552693507401275,-0.0033014153652207736,0.045223257230291795,0.14913926965076826,0.04879961907863617,0.32296063750982285
Melanorosaurus__mean_scaled,-0.008964231824647869,-0.032633691971082505,0.04806062851497665,NA,NA,NA
Melanorosaurus__Mod_R_deltaTMyr_scaled,-0.04019269641721621,-0.035911611373341916,0.03989570225699695,NA,NA,NA
Melanorosaurus__time,-0.014166870136978104,-0.06404077001315601,0.05849608989328056,NA,NA,NA
Merriamosaurus__rotated_lat_scaled,0.023301582749554656,-0.00829338189214468,0.03615900877627729,0.2389565490924724,0.16355546936392784,0.3172099543735385
Merriamosaurus__mean_scaled,0.05398908836534247,0.01655677706003189,0.08186501662719034,NA,NA,NA
Merriamosaurus__Mod_R_deltaTMyr_scaled,-0.024037501073544264,-0.07267004996538162,0.018666942534165957,NA,NA,NA
Merriamosaurus__time,0.029793004528910386,-0.006843185052275658,0.05498470995791239,NA,NA,NA
Mesodapedon__rotated_lat_scaled,0.04840822160677714,-0.006684333594153864,0.03629867622189735,0.3329595669535047,0.13723546313121915,0.8299811594188213
Mesodapedon__mean_scaled,0.04071766608614932,-0.024392958204153936,0.029856451005402174,NA,NA,NA
Mesodapedon__Mod_R_deltaTMyr_scaled,0.07169368028242859,-0.048051667345988924,0.11038087140817282,NA,NA,NA
Mesodapedon__time,-0.004909193453145887,-0.05675852957850449,0.015139679260073619,NA,NA,NA
Mesosaurus_Antarctic__rotated_lat_scaled,0.024039797975638065,-0.009543851195921013,0.01515259854168532,0.18356608564972704,0.03788589686155319,0.2941753510385752
Mesosaurus_Antarctic__mean_scaled,0.27993733106879515,-0.010429781759589283,0.11248175802322853,NA,NA,NA
Mesosaurus_Antarctic__Mod_R_deltaTMyr_scaled,0.08999423560686409,-0.014394163713850501,0.05121960276770587,NA,NA,NA
Mesosaurus_Antarctic__time,-0.3663156535237795,-0.10151969205344041,0.012821718562926254,NA,NA,NA
Mesosaurus_Temperate_S__rotated_lat_scaled,0.016879637749516407,-0.007720100092762555,0.011747079144123132,0.23340410934732062,0.06854679249227047,0.7748055346310139
Mesosaurus_Temperate_S__mean_scaled,0.5169104616716504,0.012217445648407757,0.12346006620790867,NA,NA,NA
Mesosaurus_Temperate_S__Mod_R_deltaTMyr_scaled,0.1434112413614639,-0.009033365235088821,0.05631588430834037,NA,NA,NA
Mesosaurus_Temperate_S__time,-0.5997076059575193,-0.1313514690433576,0.0001526482351737877,NA,NA,NA
Mesosuchus__rotated_lat_scaled,0.04520507639826539,-0.008632064247467576,0.036684808782286575,0.39880963834002614,0.16190420277416706,0.8855943940579891
Mesosuchus__mean_scaled,0.04314446961503523,-0.01613094169884441,0.043433390465275064,NA,NA,NA
Mesosuchus__Mod_R_deltaTMyr_scaled,0.09217145024014287,-0.034127236630971815,0.10023552004849019,NA,NA,NA
Mesosuchus__time,-0.024610621731234357,-0.0769972461455174,0.011321958599494116,NA,NA,NA
Metamosaurus__rotated_lat_scaled,0.02650636818842031,0.0007495485335921599,0.007677334520224361,0.1870735442166915,0.029534997418522835,0.27099257335066795
Metamosaurus__mean_scaled,0.13269785127136857,-0.021337016917272723,0.0994535214879413,NA,NA,NA
Metamosaurus__Mod_R_deltaTMyr_scaled,0.05485973356291652,-0.01611273150358089,0.06438335545876729,NA,NA,NA
Metamosaurus__time,-0.18290078332822304,-0.09918728883553976,0.020161466428613016,NA,NA,NA
Metashastasaurus__rotated_lat_scaled,0.014567661801120266,-0.01422619504740363,0.026357775696849953,0.16258626683498734,0.053409919142723083,0.2406194875948131
Metashastasaurus__mean_scaled,-0.04263701469812076,-0.056408078780596844,0.018888604038372,NA,NA,NA
Metashastasaurus__Mod_R_deltaTMyr_scaled,-0.03370375629048795,-0.04835738087294628,0.03517443925915313,NA,NA,NA
Metashastasaurus__time,0.0684490015002666,-0.016895834021854458,0.11125485890117086,NA,NA,NA
Microcnemus_Temperate_N__rotated_lat_scaled,0.024549970807274803,0.0014208502834662795,0.038081859612616606,0.22993777691342984,0.16019269748358056,0.30636563850566745
Microcnemus_Temperate_N__mean_scaled,0.04511036237410735,0.004255713429301977,0.07280170576885633,NA,NA,NA
Microcnemus_Temperate_N__Mod_R_deltaTMyr_scaled,-0.02523235233486048,-0.0626835972070694,0.020123725091257597,NA,NA,NA
Microcnemus_Temperate_N__time,0.029599421544699,-0.0028546894900500774,0.060668387422815426,NA,NA,NA
Microleter__rotated_lat_scaled,0.027095728374551983,0.0011429907118782113,0.009913155085001072,0.1633994504646398,0.05735141970217228,0.2552744373679161
Microleter__mean_scaled,0.0769504842069,-0.0352649377181505,0.1016224921985641,NA,NA,NA
Microleter__Mod_R_deltaTMyr_scaled,0.06531415287405253,-0.015355810673301157,0.06401479616145082,NA,NA,NA
Microleter__time,-0.16187128951307386,-0.08640973104322776,0.016125234450529956,NA,NA,NA
Micromenodon__rotated_lat_scaled,0.02642862401669845,0.00208252721441848,0.03197897569891094,0.13701079216458312,0.04363316670060158,0.2482095155864954
Micromenodon__mean_scaled,-0.005273282026173547,-0.05120111125665027,0.06268050978827357,NA,NA,NA
Micromenodon__Mod_R_deltaTMyr_scaled,-0.03274407904886175,-0.04511661966974073,0.029058571918924456,NA,NA,NA
Micromenodon__time,-0.007310845299289212,-0.04165228501082868,0.067957620489437,NA,NA,NA
Microsphenodon__rotated_lat_scaled,0.07777192592155188,-0.009244573754202009,0.04261182440634329,0.26777726594846174,0.026765670627355576,0.9020129889249802
Microsphenodon__mean_scaled,0.0021474085992667824,-0.025511323705833804,0.042657844560574046,NA,NA,NA
Microsphenodon__Mod_R_deltaTMyr_scaled,-0.009182023054236196,-0.031387333521726665,0.039640680972490995,NA,NA,NA
Microsphenodon__time,0.04112957995967008,-0.06974425774103873,0.06676532795613763,NA,NA,NA
Mikadocephalus_Temperate_N__rotated_lat_scaled,0.020159915406256914,-0.008676654093352642,0.04035386500591074,0.16101299960021834,0.09526941739022732,0.22188926115632057
Mikadocephalus_Temperate_N__mean_scaled,0.0007517861045312202,-0.036110016160667786,0.039624616750079965,NA,NA,NA
Mikadocephalus_Temperate_N__Mod_R_deltaTMyr_scaled,-0.018993199297692626,-0.06416824006094328,0.03947783843712128,NA,NA,NA
Mikadocephalus_Temperate_N__time,0.003184122864913661,-0.026932578407837502,0.07221935770243397,NA,NA,NA
Mikadocephalus_Tropical_N__rotated_lat_scaled,0.02776796540361829,-0.0011597544963444068,0.01150865780923027,0.22565795128335595,0.04294917173683643,0.4533965587615967
Mikadocephalus_Tropical_N__mean_scaled,0.041646946093533185,-0.029680766161191054,0.06628956394665587,NA,NA,NA
Mikadocephalus_Tropical_N__Mod_R_deltaTMyr_scaled,0.05271138770855032,-0.017875982488918862,0.0993858923024841,NA,NA,NA
Mikadocephalus_Tropical_N__time,-0.05237872244455502,-0.08717098557634688,0.014491563837175737,NA,NA,NA
Milleretta__rotated_lat_scaled,0.013836808404766913,-0.018123755002966948,0.01994763967594846,0.9611241610650176,0.11363296955823898,1.7541774958372116
Milleretta__mean_scaled,0.03753939228006467,-0.014392025763782066,0.04877024748393615,NA,NA,NA
Milleretta__Mod_R_deltaTMyr_scaled,0.1436937459209621,-0.0027626157808877776,0.11387847831291106,NA,NA,NA
Milleretta__time,-0.0391595720835845,-0.10060909217516442,0.009079312422750284,NA,NA,NA
Millerinoides__rotated_lat_scaled,0.05779132449417375,-0.00948313045200325,0.03162143566402673,0.2794050245155813,0.03828172944486141,0.7159431986510754
Millerinoides__mean_scaled,0.00445400252181571,-0.02555444646340648,0.02282394861139544,NA,NA,NA
Millerinoides__Mod_R_deltaTMyr_scaled,0.12926453884152578,-0.03218653225404462,0.12100477598147344,NA,NA,NA
Millerinoides__time,-0.06801521586414311,-0.06866337955334685,0.016225517638650357,NA,NA,NA
Milleropsis__rotated_lat_scaled,0.01719876381181172,-0.007301928696071009,0.0188387146630598,0.8244353937543929,0.03813466057181358,1.7519981414079666
Milleropsis__mean_scaled,0.036357533217595744,-0.016437112338353446,0.04772941794908355,NA,NA,NA
Milleropsis__Mod_R_deltaTMyr_scaled,0.1444371274904699,-0.005684892782060695,0.11373016600138017,NA,NA,NA
Milleropsis__time,-0.04208304999766821,-0.10646355490631607,0.011377379282022452,NA,NA,NA
Millerosaurus__rotated_lat_scaled,0.024026812808743747,-0.009577845679769421,0.015983228280889942,0.5355472085393558,0.09189222753047943,1.4742318987846375
Millerosaurus__mean_scaled,0.03398876096855142,-0.01900821417354559,0.04708622576177786,NA,NA,NA
Millerosaurus__Mod_R_deltaTMyr_scaled,0.15300595586946664,-0.019148181672862776,0.12058969141410844,NA,NA,NA
Millerosaurus__time,-0.05511115512455265,-0.08815324719662342,0.008016532438769724,NA,NA,NA
Miodentosaurus__rotated_lat_scaled,0.024005560135119595,0.0013476414988947193,0.028148501683472795,0.13411983886675444,0.040586329880170524,0.21519473008811474
Miodentosaurus__mean_scaled,-0.010060819573700428,-0.05491750301245871,0.05463192182288616,NA,NA,NA
Miodentosaurus__Mod_R_deltaTMyr_scaled,-0.02777402469306253,-0.044896878030805984,0.03988413830830309,NA,NA,NA
Miodentosaurus__time,-0.00796125152381137,-0.03742074917843123,0.06901111608088392,NA,NA,NA
Mixosaurus__rotated_lat_scaled,0.023431026476901026,0.0025738864905314684,0.02716558120042418,0.1909658629645128,0.10818179789930582,0.25842434726655483
Mixosaurus__mean_scaled,0.002414049688959494,-0.04733024570314888,0.05002326126320957,NA,NA,NA
Mixosaurus__Mod_R_deltaTMyr_scaled,3.7888968363404275e-05,-0.04346011778734993,0.07837781615477063,NA,NA,NA
Mixosaurus__time,0.00917252330807969,-0.047671011722833875,0.03610901927714159,NA,NA,NA
Moradisaurus__rotated_lat_scaled,0.008130440012680862,-0.0035914857404694377,0.007984128632342082,0.9593667935207486,0.1960135856643319,1.7090641632676125
Moradisaurus__mean_scaled,0.04111695617473311,-0.009119647296311312,0.048153218266748135,NA,NA,NA
Moradisaurus__Mod_R_deltaTMyr_scaled,0.14664377142317464,0.003546534114071471,0.11844105953071174,NA,NA,NA
Moradisaurus__time,-0.03998079308837945,-0.12672288980009194,0.017097271465744013,NA,NA,NA
Mystriosuchus_Temperate_N__rotated_lat_scaled,0.016211978665119732,-0.031492628489322,0.02230772522733748,0.9998067161771178,0.6301744170486927,1.3407048881053925
Mystriosuchus_Temperate_N__mean_scaled,0.03044891825096804,2.676563858909713e-05,0.04666250290396607,NA,NA,NA
Mystriosuchus_Temperate_N__Mod_R_deltaTMyr_scaled,0.022715702202085877,-0.013687621918109004,0.03193587240909104,NA,NA,NA
Mystriosuchus_Temperate_N__time,0.08653377540403552,0.18104097349164314,0.09076957735515137,NA,NA,NA
Mystriosuchus_Tropical_N__rotated_lat_scaled,0.00464251751836855,-0.028033834490198077,0.025344821464901912,0.1497083858586848,0.06433871760964394,0.25978002697229385
Mystriosuchus_Tropical_N__mean_scaled,-0.03909239572793013,-0.049490227332253625,0.01298262370888142,NA,NA,NA
Mystriosuchus_Tropical_N__Mod_R_deltaTMyr_scaled,-0.030936707831860987,-0.049173287818553936,0.055533869198507134,NA,NA,NA
Mystriosuchus_Tropical_N__time,0.05918459737789817,-0.009190139081795575,0.09781436352325548,NA,NA,NA
Nambalia__rotated_lat_scaled,0.05602461414877325,0.006410339783709615,0.03994874388679289,0.25287811716654685,0.03185287117958069,0.6274658963084221
Nambalia__mean_scaled,-0.023503956550266592,-0.066113137936476,0.03057762825495612,NA,NA,NA
Nambalia__Mod_R_deltaTMyr_scaled,-0.013753150591510348,-0.06567524426327123,0.05088682385728965,NA,NA,NA
Nambalia__time,0.0782002356373414,-0.010509446306763585,0.07026248189650731,NA,NA,NA
Nanchangosaurus__rotated_lat_scaled,0.02380821062193718,-0.004701263305535128,0.009990303332428391,0.25079372530213734,0.10234975069761276,0.5224311091005802
Nanchangosaurus__mean_scaled,0.04303436155132658,-0.0264927552413382,0.05892742225520283,NA,NA,NA
Nanchangosaurus__Mod_R_deltaTMyr_scaled,0.07904303732444533,-0.01570907717035117,0.10863571526886394,NA,NA,NA
Nanchangosaurus__time,-0.051002258717780934,-0.08898439300557671,0.014122237039050804,NA,NA,NA
Nanoparia__rotated_lat_scaled,0.06570980502121529,-0.006823304581804229,0.04908166597017034,0.21128846954970867,0.05412243865430355,0.39515678491443396
Nanoparia__mean_scaled,0.02894006388854905,-0.024698436234648694,0.07200439696021449,NA,NA,NA
Nanoparia__Mod_R_deltaTMyr_scaled,0.044798045113511764,-0.02843077309036303,0.051105976175148754,NA,NA,NA
Nanoparia__time,-0.08406981899577659,-0.07593497481598525,0.01948363879001237,NA,NA,NA
Neoaetosauroides__rotated_lat_scaled,0.0701413514881386,0.013697659042127674,0.06032038321974673,0.4414706697233487,0.07238802954088897,1.0982566475868225
Neoaetosauroides__mean_scaled,0.008117750426896187,-0.05390981022592743,0.04455808798911451,NA,NA,NA
Neoaetosauroides__Mod_R_deltaTMyr_scaled,0.019782259794920366,-0.09195963358662278,0.04136812233332792,NA,NA,NA
Neoaetosauroides__time,0.057869012812254025,-0.0037157039523786784,0.04542908435335681,NA,NA,NA
Neoprocolophon__rotated_lat_scaled,0.02553890528535703,-0.005401726365653998,0.0173589869487437,0.23712184629315744,0.13571955263614655,0.3846459984779358
Neoprocolophon__mean_scaled,0.0442170980211813,-0.0312124926425428,0.05625819636179199,NA,NA,NA
Neoprocolophon__Mod_R_deltaTMyr_scaled,0.0076049537665676325,-0.07297971478753326,0.09786038361552564,NA,NA,NA
Neoprocolophon__time,0.0038505146978422998,-0.02629355492707115,0.02019811096948464,NA,NA,NA
Neusticosaurus__rotated_lat_scaled,0.014259564427193254,-0.024270160416283226,0.025931800220388004,0.1897613220364292,0.09675786923617125,0.2642279118299484
Neusticosaurus__mean_scaled,0.002663955760654062,-0.03641794659025247,0.037256743684980706,NA,NA,NA
Neusticosaurus__Mod_R_deltaTMyr_scaled,0.019154696187470108,-0.03202826423894007,0.09474874558549251,NA,NA,NA
Neusticosaurus__time,-0.0022272688610974,-0.04317111747732544,0.03373838840468475,NA,NA,NA
Nhandumirim__rotated_lat_scaled,0.07414937379304319,0.007883916581848144,0.06528462512409867,0.2182253728917567,0.031903406605124474,0.6044330224394798
Nhandumirim__mean_scaled,-0.03701978122699075,-0.07024494472947317,0.016422996050567965,NA,NA,NA
Nhandumirim__Mod_R_deltaTMyr_scaled,-0.03330808258790057,-0.06173418779571379,0.04277404231139601,NA,NA,NA
Nhandumirim__time,0.058493488391395655,-0.011792272779462402,0.06719401440948332,NA,NA,NA
Nicrosaurus_Temperate_N__rotated_lat_scaled,-0.0065077681606635455,-0.0274810847498333,0.030844648650225903,0.13555235078325495,0.05902897659689188,0.19005691830534488
Nicrosaurus_Temperate_N__mean_scaled,-0.045577997401123865,-0.05084616874456493,0.0056929319356926016,NA,NA,NA
Nicrosaurus_Temperate_N__Mod_R_deltaTMyr_scaled,-0.025327328573912383,-0.04617162854678767,0.04281378241401168,NA,NA,NA
Nicrosaurus_Temperate_N__time,0.05705507039674558,-0.01138860668161531,0.11232431489561576,NA,NA,NA
Nicrosaurus_Tropical_N__rotated_lat_scaled,0.023251670516328884,-0.0006585545670925295,0.01933192705477233,0.08551557607861468,0.0303600518964231,0.16795673873275518
Nicrosaurus_Tropical_N__mean_scaled,-0.01127181643154472,-0.02875383418563954,0.10545170117143345,NA,NA,NA
Nicrosaurus_Tropical_N__Mod_R_deltaTMyr_scaled,-0.04728338011074811,-0.03735804212775752,0.028608769064097848,NA,NA,NA
Nicrosaurus_Tropical_N__time,-0.035091272417630534,-0.06911705784231162,0.03828328060524233,NA,NA,NA
Nochelesaurus__rotated_lat_scaled,0.05036079026744119,-0.002044189698761664,0.056679716200436804,0.1365189584865584,0.046272140461951494,0.2649138132110238
Nochelesaurus__mean_scaled,-0.061822708102408794,-0.03175192304375398,0.010378546873551853,NA,NA,NA
Nochelesaurus__Mod_R_deltaTMyr_scaled,0.03799517507781275,-0.02133914627926089,0.09985780241700203,NA,NA,NA
Nochelesaurus__time,-0.0459246732784959,-0.08075222970102466,0.024759612404555268,NA,NA,NA
Notatesseraeraptor__rotated_lat_scaled,0.020836286271805875,-0.006040123607825971,0.02814040836581217,0.09082620387081988,0.031641917303204536,0.17074242630042136
Notatesseraeraptor__mean_scaled,-0.07061575453495607,-0.04849057132587724,0.05682873972649979,NA,NA,NA
Notatesseraeraptor__Mod_R_deltaTMyr_scaled,-0.035351236962596885,-0.03558746451355149,0.022282519126492494,NA,NA,NA
Notatesseraeraptor__time,0.020046534574357792,-0.0457693292755465,0.0844240106767415,NA,NA,NA
Noteosuchus__rotated_lat_scaled,0.011917419307084062,-0.02525959006878939,0.018604412996312988,1.0989889929234051,0.4797043204307556,2.008709218353033
Noteosuchus__mean_scaled,0.03628207112675915,-0.008278653875165833,0.04491015211972885,NA,NA,NA
Noteosuchus__Mod_R_deltaTMyr_scaled,0.13935456507405805,0.02828463426045018,0.11375606556881931,NA,NA,NA
Noteosuchus__time,-0.03164368098569209,-0.13063387903929619,0.014405047210684812,NA,NA,NA
Nothosaurus_Temperate_N__rotated_lat_scaled,0.017187988162655876,-0.021253296079060773,0.021130382207400277,0.35846988069475627,0.05745498277246952,0.8169224224984646
Nothosaurus_Temperate_N__mean_scaled,-0.003336311529698456,-0.05682985206438622,0.04292090608213338,NA,NA,NA
Nothosaurus_Temperate_N__Mod_R_deltaTMyr_scaled,-0.00022720899296971062,-0.06390193216472072,0.03204793381111959,NA,NA,NA
Nothosaurus_Temperate_N__time,0.14228590688222145,0.0060975915853665056,0.09557645579489273,NA,NA,NA
Nothosaurus_Tropical_N__rotated_lat_scaled,0.02187679087626748,0.001732339575256732,0.03390619698747926,0.18866647819275387,0.12111218832433224,0.2579759065702092
Nothosaurus_Tropical_N__mean_scaled,-0.0015807563878479413,-0.04127173503432182,0.03263573074706205,NA,NA,NA
Nothosaurus_Tropical_N__Mod_R_deltaTMyr_scaled,0.011677700944710523,-0.04996935205317446,0.07533610524069209,NA,NA,NA
Nothosaurus_Tropical_N__time,0.0007823682374146301,-0.04637874121056166,0.04979764492031258,NA,NA,NA
Nothosaurus_Tropical_S__rotated_lat_scaled,0.03248644199455157,0.0011794027107324661,0.019133999288050766,0.20190753953822424,0.04353566188365221,0.6170638836920261
Nothosaurus_Tropical_S__mean_scaled,0.012989456040086224,-0.03071185966073111,0.0467916302809839,NA,NA,NA
Nothosaurus_Tropical_S__Mod_R_deltaTMyr_scaled,0.011955896366853267,-0.04828228046802135,0.10827849845010544,NA,NA,NA
Nothosaurus_Tropical_S__time,-0.011434629385476,-0.05807275130478122,0.01747154987640586,NA,NA,NA
Nundasuchus__rotated_lat_scaled,0.04952442028559744,0.020566577091813087,0.05468818941508625,0.2467667058177176,0.18440421670675278,0.3502610810101032
Nundasuchus__mean_scaled,0.04978965177841019,-0.006312299054116011,0.0721452668022702,NA,NA,NA
Nundasuchus__Mod_R_deltaTMyr_scaled,-0.0188023262747447,-0.09117259830236435,0.026102973916673225,NA,NA,NA
Nundasuchus__time,0.010344585506245493,-0.0498637817800045,0.03873924776151631,NA,NA,NA
Nyasasaurus__rotated_lat_scaled,0.04727304907007705,-0.017665270163101005,0.028514059945187773,0.3504863700415808,0.14484881982207298,0.8330908641219139
Nyasasaurus__mean_scaled,0.045067114278654584,-0.01425083451187094,0.04343884844982403,NA,NA,NA
Nyasasaurus__Mod_R_deltaTMyr_scaled,0.07933057866559258,-0.04516191186283488,0.10423477303018683,NA,NA,NA
Nyasasaurus__time,-0.015760367492115075,-0.058809472184994376,0.01548799647034733,NA,NA,NA
Nycteroleter__rotated_lat_scaled,0.04819734702818096,0.0007329339754934017,0.018154687835437795,0.1734733467636397,0.03600759990513325,0.6661766692996025
Nycteroleter__mean_scaled,0.2546569537563482,-0.0012521312220421861,0.1262629797806783,NA,NA,NA
Nycteroleter__Mod_R_deltaTMyr_scaled,0.03749518489814364,-0.019798852083071476,0.0435236043975863,NA,NA,NA
Nycteroleter__time,-0.32278651344124226,-0.11556943939318094,0.0037344058818435675,NA,NA,NA
Nyctiboetus__rotated_lat_scaled,0.043163885353133084,0.0013835792015005702,0.013465988069000965,0.17540035185076705,0.02543969638645649,0.5251362547278404
Nyctiboetus__mean_scaled,0.1563203776185401,-0.01591464225512499,0.11699782628650567,NA,NA,NA
Nyctiboetus__Mod_R_deltaTMyr_scaled,0.030087099669253804,-0.01872462268470025,0.0542519403396701,NA,NA,NA
Nyctiboetus__time,-0.21008138531236908,-0.10263180298447655,0.006959923200369231,NA,NA,NA
Nyctiphruretus__rotated_lat_scaled,0.03197836974053644,-0.0003741565459777403,0.02369746818415436,0.16896178943949053,0.0265907384455204,0.3874244273174554
Nyctiphruretus__mean_scaled,-0.0038167494599474594,-0.029424524992848474,0.03884188094431528,NA,NA,NA
Nyctiphruretus__Mod_R_deltaTMyr_scaled,0.049246028503403066,-0.035006954599902225,0.10375012395065486,NA,NA,NA
Nyctiphruretus__time,-0.06435623386671069,-0.07108185258407276,0.025386204816421468,NA,NA,NA
Obirkovia__rotated_lat_scaled,0.02240837350487709,-0.0053438187832843135,0.04166132670623184,0.1648093642052845,0.07684644311666489,0.23359493725001812
Obirkovia__mean_scaled,-0.032727534085861404,-0.07227428631687989,0.0004595913802616038,NA,NA,NA
Obirkovia__Mod_R_deltaTMyr_scaled,-0.0048693914909381415,-0.03654583032735395,0.05556646177156952,NA,NA,NA
Obirkovia__time,0.0240875417549978,-0.02172355329528305,0.09398829803748299,NA,NA,NA
Odontochelys__rotated_lat_scaled,0.02511497432424221,0.0019470982835881878,0.024107186064994457,0.12130487662809174,0.03299687243998051,0.21340270526707172
Odontochelys__mean_scaled,-0.008083974010551173,-0.033880074198825806,0.07213889537549664,NA,NA,NA
Odontochelys__Mod_R_deltaTMyr_scaled,-0.018080619159154595,-0.03727812312526059,0.05181454372958676,NA,NA,NA
Odontochelys__time,-0.033555879048653876,-0.066676389682303,0.0436150527254681,NA,NA,NA
Omphalosaurus_Temperate_N__rotated_lat_scaled,0.017397441639041063,-0.009996748886157342,0.03332783622720316,0.1644379423369719,0.05872391723096371,0.2440708102658391
Omphalosaurus_Temperate_N__mean_scaled,-0.0004950098736844666,-0.03840554736139765,0.03722240392660132,NA,NA,NA
Omphalosaurus_Temperate_N__Mod_R_deltaTMyr_scaled,-0.004412675907951779,-0.0431252671373453,0.07742811805801618,NA,NA,NA
Omphalosaurus_Temperate_N__time,-0.003962188042642083,-0.044359925337900924,0.043697319683725304,NA,NA,NA
Omphalosaurus_Tropical_N__rotated_lat_scaled,0.021762309520272537,0.0003670750294581131,0.013668959216404264,0.23371329308836722,0.06622767820954323,0.6437702141702175
Omphalosaurus_Tropical_N__mean_scaled,0.025878086718148553,-0.0296302741197129,0.058453159087932735,NA,NA,NA
Omphalosaurus_Tropical_N__Mod_R_deltaTMyr_scaled,0.04165108687186148,-0.029205733815017083,0.1058442970996866,NA,NA,NA
Omphalosaurus_Tropical_N__time,-0.011488564544124528,-0.07741855581752934,0.013709262491522371,NA,NA,NA
Opisthodontosaurus__rotated_lat_scaled,0.025415770310210063,-0.000178648428475916,0.006005251557654577,0.2277006465854356,0.09427179582417011,0.7803728617727757
Opisthodontosaurus__mean_scaled,0.45864796395937446,-0.008439348636640052,0.11613163988243386,NA,NA,NA
Opisthodontosaurus__Mod_R_deltaTMyr_scaled,0.164721597492462,-0.004690656147635576,0.06492853936268837,NA,NA,NA
Opisthodontosaurus__time,-0.5769950596988201,-0.12257883551004965,0.004610247092769149,NA,NA,NA
Orenburgia__rotated_lat_scaled,0.025962107815184935,-0.0047026160173118114,0.04306394930947291,0.22325823101889,0.14252228196710348,0.2901289986912161
Orenburgia__mean_scaled,0.0403056215075776,-0.015478920191526413,0.06930662868078459,NA,NA,NA
Orenburgia__Mod_R_deltaTMyr_scaled,-0.027253895780304446,-0.0679364874958992,0.021505520091621315,NA,NA,NA
Orenburgia__time,0.028334022954222746,-0.0100924177095294,0.05779957981366715,NA,NA,NA
Orovenator__rotated_lat_scaled,0.02615027446532622,0.0011680595537018092,0.006098825834176723,0.18836154503755098,0.04283064976334572,0.2552744373679161
Orovenator__mean_scaled,0.24350114116212354,-0.006621121141247555,0.11758350672215725,NA,NA,NA
Orovenator__Mod_R_deltaTMyr_scaled,0.0868236401671311,-0.014851568576317215,0.05252582457595765,NA,NA,NA
Orovenator__time,-0.32402388527923903,-0.11558285855893825,0.015467520763254328,NA,NA,NA
Oryctorhynchus__rotated_lat_scaled,0.0213791326910723,-0.0022853460463008873,0.02148005225486473,0.15961133958320717,0.04496274050325155,0.2678111451677978
Oryctorhynchus__mean_scaled,-0.004398545918666059,-0.04183479238541322,0.05275913438079103,NA,NA,NA
Oryctorhynchus__Mod_R_deltaTMyr_scaled,0.001186090841947589,-0.03406453010375116,0.06604974978499602,NA,NA,NA
Oryctorhynchus__time,-0.014465712553355842,-0.05770282018733595,0.05138674147489419,NA,NA,NA
Oryporan__rotated_lat_scaled,0.05353939104825258,0.014370273798704147,0.04557604989318133,0.2886754896605453,0.19780532084405422,0.4921860732138157
Oryporan__mean_scaled,0.061019675040151926,0.009331957437098026,0.0843216464495299,NA,NA,NA
Oryporan__Mod_R_deltaTMyr_scaled,-0.0071260640973923725,-0.060798369348049164,0.02581647537310393,NA,NA,NA
Oryporan__time,0.02533211314732398,-0.044339317828416824,0.03596150617973079,NA,NA,NA
Osmolskina__rotated_lat_scaled,0.01861360624268425,-1.8663065317775376e-05,0.004599577390317279,0.3650764556691138,0.13109358586370945,1.387689236085862
Osmolskina__mean_scaled,0.07579741025948074,-0.003175651414997827,0.05759319822662946,NA,NA,NA
Osmolskina__Mod_R_deltaTMyr_scaled,0.08597669711425888,-0.015154298631062747,0.12220583714801624,NA,NA,NA
Osmolskina__time,-0.024477339094214703,-0.11753887561142286,0.007277065130582971,NA,NA,NA
Otozoum__rotated_lat_scaled,0.02185106961755082,0.0009027266854905136,0.021939291590799662,0.09670543721746071,0.030797146260738373,0.25307491421699524
Otozoum__mean_scaled,-0.0554303863531095,-0.04870084884547123,0.0392362545725255,NA,NA,NA
Otozoum__Mod_R_deltaTMyr_scaled,-0.039348834398988404,-0.04241634751692692,0.042089039925989565,NA,NA,NA
Otozoum__time,0.013723213829798624,-0.045673019045893576,0.08841109180623123,NA,NA,NA
Owenetta__rotated_lat_scaled,0.03311320880644839,0.0024574420640262754,0.015515045505904148,0.468229818000691,0.1414090096950531,1.4741753898561
Owenetta__mean_scaled,0.05022120137113044,-0.005877388019012466,0.04334271246066923,NA,NA,NA
Owenetta__Mod_R_deltaTMyr_scaled,0.09452183782402312,-0.015051945653315118,0.12204124427067066,NA,NA,NA
Owenetta__time,-0.021945873479392777,-0.1174155971144999,0.010776675658301928,NA,NA,NA
Ozimek__rotated_lat_scaled,0.02553175452630967,-0.003673424521471145,0.021440732035299895,0.13195939451237793,0.04157694801688194,0.24540545418858528
Ozimek__mean_scaled,0.011393826070707292,-0.03218294607956008,0.072512849564035,NA,NA,NA
Ozimek__Mod_R_deltaTMyr_scaled,-0.022081147706339833,-0.0276086592523786,0.0652183844924015,NA,NA,NA
Ozimek__time,-0.038795412900508384,-0.07242245886939137,0.032503711803809544,NA,NA,NA
Pachypes__rotated_lat_scaled,0.02957781683187932,0.0009146202119287219,0.011197594787556983,0.1588019359484315,0.05107134417630732,0.4406712930649519
Pachypes__mean_scaled,0.0782722221268341,-0.01902790375331616,0.06693161766610574,NA,NA,NA
Pachypes__Mod_R_deltaTMyr_scaled,0.05597657652106136,-0.03346407387786699,0.10344332483322259,NA,NA,NA
Pachypes__time,-0.16093505405355246,-0.08431013130354677,0.010103140608660634,NA,NA,NA
Pachypleurosaurus__rotated_lat_scaled,0.015106213829130865,-0.006564609074726157,0.034661395315078294,0.1921433187771254,0.12143061077222228,0.2529279566369951
Pachypleurosaurus__mean_scaled,0.0034997759107864112,-0.04157011895276351,0.04320394550953378,NA,NA,NA
Pachypleurosaurus__Mod_R_deltaTMyr_scaled,0.01572182638105005,-0.04238100545795271,0.0784247804030421,NA,NA,NA
Pachypleurosaurus__time,0.0019051281339488924,-0.04537175523735883,0.03538555666789178,NA,NA,NA
Pachystropheus__rotated_lat_scaled,0.02202404240818699,-0.018910217591734085,0.03015780293876134,0.5888913634695928,0.05155102675780654,0.9536278769373894
Pachystropheus__mean_scaled,0.01712371681921967,-0.08675205307455695,0.0396384428437439,NA,NA,NA
Pachystropheus__Mod_R_deltaTMyr_scaled,0.015734926490962947,-0.04822344932631236,0.03445119582454622,NA,NA,NA
Pachystropheus__time,0.10102768880383955,0.01799823126980218,0.0874282362884945,NA,NA,NA
Palacrodon_Temperate_S__rotated_lat_scaled,0.059200684626121075,0.0029299955793856986,0.039716463930432176,0.2702629618883657,0.15991336852312088,0.5211329371668398
Palacrodon_Temperate_S__mean_scaled,0.046290923818014564,-0.01677544866671545,0.03800717048070919,NA,NA,NA
Palacrodon_Temperate_S__Mod_R_deltaTMyr_scaled,0.013091738338844153,-0.05936113338808589,0.09403578999840617,NA,NA,NA
Palacrodon_Temperate_S__time,-0.004230759416823275,-0.06268090224738557,0.019916253485998413,NA,NA,NA
Palacrodon_Tropical_N__rotated_lat_scaled,0.018897942489711567,-0.011440632826480425,0.01796749721554637,0.20641692295626854,0.03198421187698841,0.4460013899952173
Palacrodon_Tropical_N__mean_scaled,-0.03140853336764849,-0.055687697321763506,0.04911237988607007,NA,NA,NA
Palacrodon_Tropical_N__Mod_R_deltaTMyr_scaled,-0.018806924162781798,-0.05210559445971105,0.031612108390596826,NA,NA,NA
Palacrodon_Tropical_N__time,0.08182406347477808,-0.01665356411484623,0.0929836924033327,NA,NA,NA
Palaeagama__rotated_lat_scaled,0.03157916860613168,-0.006705978176054716,0.015318797854345109,0.3960941568554153,0.03828172944486141,1.4716563746333122
Palaeagama__mean_scaled,0.0539927682993391,-0.024706299628799507,0.05017282766703805,NA,NA,NA
Palaeagama__Mod_R_deltaTMyr_scaled,0.1831983322341256,-0.018863372883692022,0.12019673456642177,NA,NA,NA
Palaeagama__time,-0.11285989461738723,-0.08561183803425496,0.005987317807741034,NA,NA,NA
Palaeochersis__rotated_lat_scaled,0.08828044523485006,-0.0012697407023926663,0.056785936074519885,0.2712155841581989,0.03783063217997551,1.01276233792305
Palaeochersis__mean_scaled,-0.017745072308462114,-0.05771311985685449,0.04181311995700149,NA,NA,NA
Palaeochersis__Mod_R_deltaTMyr_scaled,-0.012897565254243092,-0.0574957296511996,0.04547507040678467,NA,NA,NA
Palaeochersis__time,0.05766740196384489,-0.01940889851235446,0.04760155145723991,NA,NA,NA
Palaeosaurus__rotated_lat_scaled,0.020377974849398014,-0.00187160976262246,0.023382959826644734,0.13784951708861626,0.04176597110927105,0.23618648201227188
Palaeosaurus__mean_scaled,-0.019263694376859347,-0.03761720212523288,0.05187605744167445,NA,NA,NA
Palaeosaurus__Mod_R_deltaTMyr_scaled,-0.011818090336892056,-0.0447406699129336,0.06484754903705826,NA,NA,NA
Palaeosaurus__time,-0.007357047569239512,-0.051658006922012265,0.05156911159016849,NA,NA,NA
Palatodonta__rotated_lat_scaled,0.02274828582536429,0.002498946305448637,0.015191404280669217,0.2192809289728757,0.1310844775289297,0.3571098707616329
Palatodonta__mean_scaled,0.02358809509598359,-0.026767816603286473,0.03664205568828678,NA,NA,NA
Palatodonta__Mod_R_deltaTMyr_scaled,0.009810734796337784,-0.07201265187538122,0.11389239539709411,NA,NA,NA
Palatodonta__time,0.0072234387329808665,-0.03960596654958216,0.02594982252949585,NA,NA,NA
Paleollanosaurus_Temperate_N__rotated_lat_scaled,0.0247980410780292,-0.03538445664880007,0.031563614498782526,0.28154851596598746,0.032397341914474964,0.9146869785618037
Paleollanosaurus_Temperate_N__mean_scaled,-0.024721553422277793,-0.0535258972216241,0.04399346693115505,NA,NA,NA
Paleollanosaurus_Temperate_N__Mod_R_deltaTMyr_scaled,-0.029474499916832427,-0.04758116874936996,0.033206076365297155,NA,NA,NA
Paleollanosaurus_Temperate_N__time,0.15503615370485932,0.0006040338969929184,0.08291252010031123,NA,NA,NA
Paleollanosaurus_Tropical_S__rotated_lat_scaled,0.021871893478091806,-0.0016229947081881986,0.020830216033951354,0.12217560040960962,0.021018430590629578,0.3427515337243676
Paleollanosaurus_Tropical_S__mean_scaled,-0.03198832807771396,-0.0428922343295665,0.06180751757184878,NA,NA,NA
Paleollanosaurus_Tropical_S__Mod_R_deltaTMyr_scaled,-0.0385118115961086,-0.036432673597494226,0.021755305169467477,NA,NA,NA
Paleollanosaurus_Tropical_S__time,0.014893472083131201,-0.05493958608755228,0.08728263912027835,NA,NA,NA
Paliguana__rotated_lat_scaled,0.05995059242006391,0.011648708954453468,0.06458722914560759,0.2665582345432631,0.16587744572461816,0.40648752450942993
Paliguana__mean_scaled,0.05084576899149397,-0.013995618559420109,0.05637598110711988,NA,NA,NA
Paliguana__Mod_R_deltaTMyr_scaled,-0.021044279097914113,-0.06747755408287048,0.022618292887926116,NA,NA,NA
Paliguana__time,0.020895777707410162,-0.040779221802949905,0.048094174754892374,NA,NA,NA
Pamelaria__rotated_lat_scaled,0.03508607476883045,-0.003459403601121979,0.0296088803655802,0.4290114769329375,0.16698793089017272,0.8303003311157227
Pamelaria__mean_scaled,0.03839511569483098,-0.01738163433499624,0.04413109832488998,NA,NA,NA
Pamelaria__Mod_R_deltaTMyr_scaled,0.11542454910508139,-0.021148461356790375,0.10423800924762336,NA,NA,NA
Pamelaria__time,-0.03299536504653367,-0.09389798942989261,0.013697689957452425,NA,NA,NA
Pamelina__rotated_lat_scaled,0.024393890797291533,0.0014699881430715322,0.026815487358359688,0.2567140467536228,0.17287177965044975,0.3732362762093544
Pamelina__mean_scaled,0.06018284253485035,-0.011212263256311417,0.08354817506867411,NA,NA,NA
Pamelina__Mod_R_deltaTMyr_scaled,-0.01357916210690746,-0.053968336433172226,0.023908062672789245,NA,NA,NA
Pamelina__time,0.029806101006179232,-0.018252559006214142,0.05740395279572292,NA,NA,NA
Pampadromaeus__rotated_lat_scaled,0.059410118671366946,-0.0022267672281420813,0.05738879826395122,0.20761373276957784,0.044987780041992664,0.6885974332690239
Pampadromaeus__mean_scaled,-0.016915783171816655,-0.049038791983192276,0.028156695532653753,NA,NA,NA
Pampadromaeus__Mod_R_deltaTMyr_scaled,-0.03284057271957863,-0.05515015570302708,0.03285984747486924,NA,NA,NA
Pampadromaeus__time,0.04204959546739701,-0.029471773808439763,0.07327033662407173,NA,NA,NA
Panguraptor__rotated_lat_scaled,0.023537491218833445,-0.025783447577834694,0.03669551500305458,1.098840484736138,0.7053243778645992,1.5040246099233627
Panguraptor__mean_scaled,0.031105722045614976,-0.010556557328807647,0.043710917181298596,NA,NA,NA
Panguraptor__Mod_R_deltaTMyr_scaled,0.022036131716530724,0.004273258217531544,0.03358363281210255,NA,NA,NA
Panguraptor__time,0.07923102954123,0.167954235411912,0.07768561289909023,NA,NA,NA
Panphagia__rotated_lat_scaled,0.06270807903259992,0.00841022152856981,0.066189243233544,0.18931506158303818,0.05750257149338722,0.3119229101575911
Panphagia__mean_scaled,-0.006671786186634563,-0.051537697226203716,0.038896449181143045,NA,NA,NA
Panphagia__Mod_R_deltaTMyr_scaled,-0.03447876197751611,-0.06535110459678702,0.03742779561890037,NA,NA,NA
Panphagia__time,0.011847156192379771,-0.0274089084283803,0.049162189861958534,NA,NA,NA
Pantydraco__rotated_lat_scaled,0.014204198597290087,-0.012821609361683865,0.02992798492233001,0.1501862761416123,0.025386715307831764,0.23109124263282865
Pantydraco__mean_scaled,-0.0072500299988314506,-0.032465417693815606,0.03851115119201265,NA,NA,NA
Pantydraco__Mod_R_deltaTMyr_scaled,-0.003112923242733814,-0.038938156076137154,0.08210052292264987,NA,NA,NA
Pantydraco__time,-0.009565343736321666,-0.05166230559116459,0.04113601885855344,NA,NA,NA
Panzhousaurus__rotated_lat_scaled,0.027565434374846518,0.012134248306176782,0.03298871403997471,0.22323865970589396,0.13386730337515473,0.30400529596954584
Panzhousaurus__mean_scaled,0.043151720900204964,-0.022514198309221748,0.07517512377070533,NA,NA,NA
Panzhousaurus__Mod_R_deltaTMyr_scaled,-0.013750841852306621,-0.10122549539569713,0.03860420660961818,NA,NA,NA
Panzhousaurus__time,0.010361971760939923,-0.024282043324059123,0.04490763347524775,NA,NA,NA
Pappochelys__rotated_lat_scaled,0.023392293460783548,0.004539772567520568,0.04560789838433266,0.16752916065670434,0.0842334758490324,0.2489655502140522
Pappochelys__mean_scaled,-0.006564815162419108,-0.051576847217408656,0.03725534677505493,NA,NA,NA
Pappochelys__Mod_R_deltaTMyr_scaled,-0.018903313281480223,-0.06680824906416831,0.0342804491519928,NA,NA,NA
Pappochelys__time,0.01369462111761095,-0.022042165008744802,0.05395568162202835,NA,NA,NA
Parabrontopodus_Temperate_N__rotated_lat_scaled,0.016775134770129603,-0.015275018246511738,0.024383365282717975,1.0849307423667052,0.7630767822265625,1.430515505373478
Parabrontopodus_Temperate_N__mean_scaled,0.03163109146655554,0.0005533014317122765,0.039669573958102625,NA,NA,NA
Parabrontopodus_Temperate_N__Mod_R_deltaTMyr_scaled,0.023263684733418714,-0.017211707907181496,0.030869280457594406,NA,NA,NA
Parabrontopodus_Temperate_N__time,0.08424046355210531,0.16782091344478217,0.09675345819713095,NA,NA,NA
Parahupehsuchus__rotated_lat_scaled,0.027384626478888095,0.012303976342082024,0.02978475030274609,0.24927574797417038,0.17825396917760372,0.3360444256104529
Parahupehsuchus__mean_scaled,0.05645552737521939,0.009886732324957848,0.07865857228382828,NA,NA,NA
Parahupehsuchus__Mod_R_deltaTMyr_scaled,-0.02319503153557889,-0.060819756239652634,0.02408006097054075,NA,NA,NA
Parahupehsuchus__time,0.03272025113343261,-0.007376654073596001,0.059152294338430854,NA,NA,NA
Paralonectes__rotated_lat_scaled,0.02224709947942756,-0.008308580001339586,0.0175852082604,0.20066977978785872,0.0513602290302515,0.3295035371556878
Paralonectes__mean_scaled,0.020745374371181242,-0.034583020341144514,0.059684057341714704,NA,NA,NA
Paralonectes__Mod_R_deltaTMyr_scaled,0.015747735269833356,-0.04061525224725124,0.09185039331505747,NA,NA,NA
Paralonectes__time,-0.013980803854792612,-0.05238063613306587,0.02255601897837379,NA,NA,NA
Paraplacodus__rotated_lat_scaled,0.019463897536625155,0.0006747504391942089,0.02770046083680698,0.16902854437546921,0.08481569215655327,0.24990385677665472
Paraplacodus__mean_scaled,-0.005526427693403093,-0.03529052856269084,0.04331843522320932,NA,NA,NA
Paraplacodus__Mod_R_deltaTMyr_scaled,0.0012562103138770908,-0.06739447413660052,0.0745627898559956,NA,NA,NA
Paraplacodus__time,-0.0020755103038391097,-0.033877236462704054,0.04609399197953405,NA,NA,NA
Pararcus__rotated_lat_scaled,0.0244811398582533,-0.0019198865380743847,0.017304485643598315,0.22279953784753162,0.11627847328782082,0.385789655148983
Pararcus__mean_scaled,0.03375247236806899,-0.031741061023257376,0.0362912726740437,NA,NA,NA
Pararcus__Mod_R_deltaTMyr_scaled,0.002642086403211579,-0.06690461793933015,0.11432787351099206,NA,NA,NA
Pararcus__time,0.0060134646957885705,-0.035321923222139284,0.023752046066911864,NA,NA,NA
Parasaurus__rotated_lat_scaled,0.029303789009572936,0.0018707464534828318,0.012442176772152055,0.17396320192964254,0.04211898799985647,0.33636974543333054
Parasaurus__mean_scaled,0.08147555322153494,-0.0204843454141788,0.06633287668137747,NA,NA,NA
Parasaurus__Mod_R_deltaTMyr_scaled,0.019706829527858644,-0.046642590465916886,0.1025162623101625,NA,NA,NA
Parasaurus__time,-0.11243334435153315,-0.07063129929618836,0.010384362131853954,NA,NA,NA
Parasuchus_Temperate_N__rotated_lat_scaled,0.02705049956217408,0.00042492844370598274,0.024891343712806168,0.1323362295277184,0.025534799322485924,0.23590086121112108
Parasuchus_Temperate_N__mean_scaled,-0.002985278712003492,-0.034909849579164105,0.06624632612537978,NA,NA,NA
Parasuchus_Temperate_N__Mod_R_deltaTMyr_scaled,-0.014772002338431775,-0.030297153728643215,0.05309625990149383,NA,NA,NA
Parasuchus_Temperate_N__time,-0.0328673635062296,-0.07110541385869987,0.04744174815586618,NA,NA,NA
Parasuchus_Temperate_S__rotated_lat_scaled,0.04373240463901311,0.00407177165396782,0.048764776159421444,0.18700718969514127,0.06880857795476913,0.30238399375230074
Parasuchus_Temperate_S__mean_scaled,0.007220308126125019,-0.048134906767615684,0.06187344568231326,NA,NA,NA
Parasuchus_Temperate_S__Mod_R_deltaTMyr_scaled,-0.02980697974388022,-0.06102969602944488,0.027881711477424728,NA,NA,NA
Parasuchus_Temperate_S__time,0.0099510821516742,-0.03079465757970847,0.05315574457638651,NA,NA,NA
Parasuchus_Tropical_N__rotated_lat_scaled,0.023713963669724763,0.0016748291694665325,0.031245349687359963,0.1045623450272251,0.02453044056892395,0.202398965600878
Parasuchus_Tropical_N__mean_scaled,-0.04525391943054274,-0.04083731173345083,0.04999842693935571,NA,NA,NA
Parasuchus_Tropical_N__Mod_R_deltaTMyr_scaled,-0.034295497211860496,-0.03960289901674745,0.04266731552408334,NA,NA,NA
Parasuchus_Tropical_N__time,0.004487423477694392,-0.05712210714206946,0.06776458574474696,NA,NA,NA
Parasuchus_Tropical_S__rotated_lat_scaled,0.023187415202264673,-0.001117786570699173,0.021037705224788573,0.14995434357515477,0.030830574687570333,0.37441033497452736
Parasuchus_Tropical_S__mean_scaled,-0.019145180906998575,-0.034191836186501144,0.06820238352859297,NA,NA,NA
Parasuchus_Tropical_S__Mod_R_deltaTMyr_scaled,-0.030173405336681752,-0.031010747592549348,0.02338570610344733,NA,NA,NA
Parasuchus_Tropical_S__time,0.020175140094361266,-0.06956711837305155,0.07904988303871707,NA,NA,NA
Paratypothorax_Temperate_N__rotated_lat_scaled,0.011868736171454657,-0.012548415263143755,0.03292646422968145,0.13049854398326716,0.032532867044210434,0.20346833765506744
Paratypothorax_Temperate_N__mean_scaled,-0.05110104297753423,-0.05699997043691258,0.00552174589957701,NA,NA,NA
Paratypothorax_Temperate_N__Mod_R_deltaTMyr_scaled,-0.0434312453790335,-0.04627143571373625,0.03242749425794294,NA,NA,NA
Paratypothorax_Temperate_N__time,0.057251721646171067,-0.02006766730900862,0.12079997350834454,NA,NA,NA
Paratypothorax_Tropical_N__rotated_lat_scaled,0.020309879260603337,-0.006942525276826862,0.02634189740431399,0.20777146991051268,0.12580171041190624,0.36220982670783997
Paratypothorax_Tropical_N__mean_scaled,-0.02601337634434458,-0.059640177441110206,0.033359287469258155,NA,NA,NA
Paratypothorax_Tropical_N__Mod_R_deltaTMyr_scaled,-0.012573770644376054,-0.06042923199512505,0.04478740281477179,NA,NA,NA
Paratypothorax_Tropical_N__time,0.0701383631164208,-0.008875554009739075,0.08718709020720201,NA,NA,NA
Paratypothorax_Tropical_S__rotated_lat_scaled,0.021284352112561463,-0.0019205542453168663,0.018815839575410692,0.10853016892448068,0.030392253771424294,0.30859499983489513
Paratypothorax_Tropical_S__mean_scaled,0.009771436462178826,-0.03392864173162015,0.07584781040129845,NA,NA,NA
Paratypothorax_Tropical_S__Mod_R_deltaTMyr_scaled,-0.03317234926391393,-0.035507317782509394,0.037208731101427764,NA,NA,NA
Paratypothorax_Tropical_S__time,-0.045263644908554855,-0.0645309749633548,0.05980329681740904,NA,NA,NA
Pareiasaurus__rotated_lat_scaled,0.020040421362189274,-0.013202124134343587,0.020086796813819422,0.7044730530667584,0.05955814570188522,1.6814991123974323
Pareiasaurus__mean_scaled,0.050573505283052655,-0.014151429261380044,0.05089449603991532,NA,NA,NA
Pareiasaurus__Mod_R_deltaTMyr_scaled,0.14083100367643306,-0.007981746778439274,0.11261576200560837,NA,NA,NA
Pareiasaurus__time,-0.055534555799465826,-0.1005521885486383,0.008078623036202845,NA,NA,NA
Pareiasuchus__rotated_lat_scaled,0.049932676176540555,-0.0032407052929337024,0.028110078266190087,0.2108816446684068,0.059053050354123116,0.6556971492245793
Pareiasuchus__mean_scaled,0.08404247351398225,-0.013082214503005266,0.07088057339749015,NA,NA,NA
Pareiasuchus__Mod_R_deltaTMyr_scaled,0.02883474983740598,-0.03297880083314989,0.0854131251890035,NA,NA,NA
Pareiasuchus__time,-0.10783862938173115,-0.08658576809371235,0.0072719010428622085,NA,NA,NA
Parringtonia__rotated_lat_scaled,0.05706113811582327,0.006009001961564251,0.0309133763694494,0.2934280362883874,0.14484881982207298,0.7596840560436249
Parringtonia__mean_scaled,0.027089724206016397,-0.020588457708422995,0.02153674738488576,NA,NA,NA
Parringtonia__Mod_R_deltaTMyr_scaled,0.05207713676732965,-0.0618120637424083,0.12215069483145204,NA,NA,NA
Parringtonia__time,0.0012896626770088915,-0.059495969233534174,0.01707485930975876,NA,NA,NA
Partanosaurus__rotated_lat_scaled,0.021842602090910077,-0.0033334022352234137,0.0183272809733039,0.1850140416357317,0.07322082109749317,0.3617133377119899
Partanosaurus__mean_scaled,-0.0029565717859077268,-0.03750254714703486,0.03781390539253752,NA,NA,NA
Partanosaurus__Mod_R_deltaTMyr_scaled,0.015896148779429495,-0.054460726453966324,0.10847167389097179,NA,NA,NA
Partanosaurus__time,-0.005678511970909312,-0.04059081288657661,0.027062817638732754,NA,NA,NA
Parvinatator__rotated_lat_scaled,0.02643281654920429,0.005523660220205784,0.035617082445463175,0.22995523169527587,0.13798257196322083,0.3464216599240899
Parvinatator__mean_scaled,0.0391201730191824,-0.0026853298768401146,0.08005626009758707,NA,NA,NA
Parvinatator__Mod_R_deltaTMyr_scaled,-0.0076180478150490675,-0.10570012778043747,0.020753504798293517,NA,NA,NA
Parvinatator__time,0.016109915419729077,-0.030190998688340187,0.05524883055420221,NA,NA,NA
Parvosuchus__rotated_lat_scaled,0.056240964974858795,0.0017586014037361914,0.05341213759410107,0.19874884852513788,0.036279357969760895,0.31095660012215376
Parvosuchus__mean_scaled,0.009027146535081555,-0.033884915911117135,0.03335384135723917,NA,NA,NA
Parvosuchus__Mod_R_deltaTMyr_scaled,-0.02638867897359887,-0.06408956405525475,0.06569361604230534,NA,NA,NA
Parvosuchus__time,0.003959041466587223,-0.03967161016016552,0.03921608290190036,NA,NA,NA
Pectodens__rotated_lat_scaled,0.026519022661959754,0.009593891089379906,0.034343912270553924,0.21841216756885842,0.13005673000589013,0.3132695942185819
Pectodens__mean_scaled,0.02777851193295646,-0.029672154904443387,0.07449229996919214,NA,NA,NA
Pectodens__Mod_R_deltaTMyr_scaled,0.001579942210810259,-0.0794570626676735,0.03124331665007808,NA,NA,NA
Pectodens__time,0.006624316240922781,-0.036352162240064226,0.05159614900572182,NA,NA,NA
Pelecymala__rotated_lat_scaled,0.025627991328947247,0.0009270362330163887,0.02532224907074319,0.11518535977869761,0.040505176410079,0.19626340828835964
Pelecymala__mean_scaled,-0.021849283706251298,-0.039735991426253836,0.07566973371115354,NA,NA,NA
Pelecymala__Mod_R_deltaTMyr_scaled,-0.014469777186895953,-0.023257654515120477,0.047376032770490045,NA,NA,NA
Pelecymala__time,-0.030033945179311558,-0.07382087901444327,0.04330766234315918,NA,NA,NA
Pendraig__rotated_lat_scaled,0.018616361620370298,-0.004060732337532318,0.03289689489617943,0.16009066785691176,0.045933266170322895,0.26560154237085953
Pendraig__mean_scaled,-0.0005685415613152145,-0.04582884673699813,0.05411114300886287,NA,NA,NA
Pendraig__Mod_R_deltaTMyr_scaled,-0.013050375314778649,-0.05615701531572971,0.05054757995772362,NA,NA,NA
Pendraig__time,-0.000817151409573853,-0.02984089433254106,0.05412006003278005,NA,NA,NA
Pentaedrusaurus__rotated_lat_scaled,0.02722754342421776,-0.00015517349253161642,0.010989748621984208,0.3174229235635721,0.14262012857943773,0.989868346019648
Pentaedrusaurus__mean_scaled,0.04981850105651554,-0.02303374905092461,0.03199746989839078,NA,NA,NA
Pentaedrusaurus__Mod_R_deltaTMyr_scaled,0.08023417821639776,-0.040425411088176905,0.1340696890692622,NA,NA,NA
Pentaedrusaurus__time,-0.0013698481749218798,-0.07227315509116808,0.014618770305908774,NA,NA,NA
Permotriturus__rotated_lat_scaled,0.05140135481022298,-0.00107006087266056,0.01701191911095732,0.19796877789733117,0.016816480085253716,0.7265717536211014
Permotriturus__mean_scaled,0.25808297346171455,-0.007663022606190841,0.11489647147989525,NA,NA,NA
Permotriturus__Mod_R_deltaTMyr_scaled,0.08136641907170997,-0.020733953214812407,0.055762368375471646,NA,NA,NA
Permotriturus__time,-0.34879234396852554,-0.1064204520291374,0.004004918929221735,NA,NA,NA
Pessopteryx__rotated_lat_scaled,0.02914073136227671,-0.0004908622172425983,0.0227069801382945,0.26414486485031374,0.028144859708845615,0.6316236816346645
Pessopteryx__mean_scaled,0.0468013440084178,-0.04268201465986378,0.05311545722520516,NA,NA,NA
Pessopteryx__Mod_R_deltaTMyr_scaled,0.053385100353552845,-0.027036093292886355,0.10245905326970683,NA,NA,NA
Pessopteryx__time,-0.02109268539614277,-0.06567851855280848,0.013394187262339464,NA,NA,NA
Peteinosaurus__rotated_lat_scaled,0.02231560332729714,0.0006276868200942053,0.030580478129323806,0.11377506310673198,0.04720468446612358,0.18584021413698792
Peteinosaurus__mean_scaled,-0.05303150331834331,-0.05288124740680945,0.011975207088287166,NA,NA,NA
Peteinosaurus__Mod_R_deltaTMyr_scaled,-0.04690055431041401,-0.06707578356429461,0.03317725064630182,NA,NA,NA
Peteinosaurus__time,0.03548114288598299,-0.016558144571791347,0.11594274203163317,NA,NA,NA
Phaanthosaurus__rotated_lat_scaled,0.0021848969650207833,-0.024097833276472566,0.006689424719162675,1.006877845233248,0.19722931180149317,1.6754793971776962
Phaanthosaurus__mean_scaled,0.03718172784723136,-0.007583472569658432,0.05414974431151926,NA,NA,NA
Phaanthosaurus__Mod_R_deltaTMyr_scaled,0.14419275787260272,-0.003162191422386173,0.1168132564477429,NA,NA,NA
Phaanthosaurus__time,-0.027649008162645712,-0.10104399145428403,0.014023252417121124,NA,NA,NA
Phalarodon_Temperate_N__rotated_lat_scaled,0.022491679007653146,-0.004564876448659343,0.018631038770895243,0.2872616535708221,0.10329551715403795,0.6444753669202328
Phalarodon_Temperate_N__mean_scaled,0.06366562329494627,-0.01941649254122859,0.07403001762357127,NA,NA,NA
Phalarodon_Temperate_N__Mod_R_deltaTMyr_scaled,0.11366823578369804,-0.016440678458308176,0.09108497227495718,NA,NA,NA
Phalarodon_Temperate_N__time,-0.06847425903768453,-0.0954654412746051,0.007929649226122258,NA,NA,NA
Phalarodon_Tropical_N__rotated_lat_scaled,0.023252944697160275,-0.003386723914992821,0.014187615154694725,0.2318750818791159,0.07443192880600691,0.5122457761317492
Phalarodon_Tropical_N__mean_scaled,0.0154545137839159,-0.019022773989876316,0.02826010678961317,NA,NA,NA
Phalarodon_Tropical_N__Mod_R_deltaTMyr_scaled,0.045867290270980444,-0.046338779552486574,0.1272179958005888,NA,NA,NA
Phalarodon_Tropical_N__time,-0.008610041395149893,-0.0671392112654455,0.022009960150649283,NA,NA,NA
Phantomosaurus__rotated_lat_scaled,0.025859745198395102,0.004970631755785759,0.01736120005991415,0.22676532014033002,0.13046525046229362,0.4809231199324131
Phantomosaurus__mean_scaled,0.029335494443876085,-0.039472738669345295,0.03612899416164445,NA,NA,NA
Phantomosaurus__Mod_R_deltaTMyr_scaled,0.011087869860348291,-0.0646570342001836,0.11468380544709661,NA,NA,NA
Phantomosaurus__time,0.004571836115501355,-0.03672834760905808,0.023501678226890744,NA,NA,NA
Phonodus__rotated_lat_scaled,0.012112819861924244,-0.021314864128610413,0.01869095902595537,1.0815582629517302,0.1704170871526003,1.8099676743149757
Phonodus__mean_scaled,0.037321350985602006,-0.006766593719397629,0.0480638290133521,NA,NA,NA
Phonodus__Mod_R_deltaTMyr_scaled,0.13941318917958406,-0.0011559888121742727,0.11321775132324788,NA,NA,NA
Phonodus__time,-0.03293698550490117,-0.10665004206261888,0.011703138532990633,NA,NA,NA
Pisanosaurus__rotated_lat_scaled,0.05785139332059771,-0.005559785944215062,0.06122632703142024,0.20606283932982478,0.08063827408477664,0.3086330834776163
Pisanosaurus__mean_scaled,0.01591944541025441,-0.029373990840449123,0.03879313979704406,NA,NA,NA
Pisanosaurus__Mod_R_deltaTMyr_scaled,-0.029056138347368688,-0.0631932063955994,0.03703905477931964,NA,NA,NA
Pisanosaurus__time,0.005437764424132183,-0.03776050554253762,0.054617156287762036,NA,NA,NA
Pistosaurus__rotated_lat_scaled,0.013024333770154044,-0.015601423242694246,0.020386135419788277,0.19056741679967673,0.09268739446997643,0.32696774508804083
Pistosaurus__mean_scaled,0.0008257971069542691,-0.026468560816927996,0.027561119539934766,NA,NA,NA
Pistosaurus__Mod_R_deltaTMyr_scaled,0.02816054722177796,-0.040684676630296644,0.11502168867829438,NA,NA,NA
Pistosaurus__time,-0.00735363582141872,-0.05313282803288232,0.02870673425752852,NA,NA,NA
Placochelys__rotated_lat_scaled,0.016142342941311654,-0.009089887576577957,0.022693053129039905,0.13459192587695726,0.026090851984918118,0.5148115241900086
Placochelys__mean_scaled,-0.0325316084374208,-0.045306882045045224,0.03431850483610722,NA,NA,NA
Placochelys__Mod_R_deltaTMyr_scaled,-0.05095080250757746,-0.05711000894395127,0.021278548772884518,NA,NA,NA
Placochelys__time,0.04602161935843469,-0.024380710157226756,0.11338557115751431,NA,NA,NA
Placodus_Temperate_N__rotated_lat_scaled,0.012055561498709722,-0.018571604453182608,0.025861717723249945,0.18254878626281423,0.09881386999040842,0.24563995143398643
Placodus_Temperate_N__mean_scaled,0.004111523449573724,-0.035621307867201246,0.03918802159821093,NA,NA,NA
Placodus_Temperate_N__Mod_R_deltaTMyr_scaled,0.016704049812979065,-0.03315727761331672,0.09014639405001944,NA,NA,NA
Placodus_Temperate_N__time,-0.006232723020657431,-0.048537298789100645,0.036479544524065655,NA,NA,NA
Placodus_Tropical_N__rotated_lat_scaled,0.02664979634588235,0.0036952808811214558,0.013091207097252902,0.25827029136065904,0.14217928214929998,0.6452176701277494
Placodus_Tropical_N__mean_scaled,0.0502659595804289,-0.017060146299067196,0.05522568897481468,NA,NA,NA
Placodus_Tropical_N__Mod_R_deltaTMyr_scaled,0.03449458708812017,-0.05409825833720173,0.10254924293265617,NA,NA,NA
Placodus_Tropical_N__time,-0.009050426175981556,-0.06842436496765375,0.020809538890822217,NA,NA,NA
Placodus_Tropical_S__rotated_lat_scaled,0.030946137814316897,0.0034199773953906324,0.035496037139308476,0.16881299660642982,0.058229777961969376,0.2617079625488259
Placodus_Tropical_S__mean_scaled,0.006262355108483462,-0.025061687006641877,0.05458867557200749,NA,NA,NA
Placodus_Tropical_S__Mod_R_deltaTMyr_scaled,-0.0276047569635557,-0.07469126525236536,0.04365673096849238,NA,NA,NA
Placodus_Tropical_S__time,0.0032988861249759792,-0.039554513859184605,0.057934234215737616,NA,NA,NA
Planocephalosaurus_Temperate_N__rotated_lat_scaled,0.016961721323793925,-0.01467530580964475,0.024080139132380888,0.4972197720981785,0.054046439938247204,0.90096515417099
Planocephalosaurus_Temperate_N__mean_scaled,0.017758614462392,-0.07158760405536707,0.041020848177735554,NA,NA,NA
Planocephalosaurus_Temperate_N__Mod_R_deltaTMyr_scaled,0.006018467683430913,-0.05929404753970551,0.031482169699391105,NA,NA,NA
Planocephalosaurus_Temperate_N__time,0.1151715710525923,0.009669468681916116,0.09509252088603842,NA,NA,NA
Planocephalosaurus_Tropical_S__rotated_lat_scaled,0.022567758546792903,-0.0015620849997751197,0.02165633059155683,0.14235522392649727,0.03840931877493858,0.3474265690892935
Planocephalosaurus_Tropical_S__mean_scaled,-0.004952672328217886,-0.03346764383853871,0.05971682434055487,NA,NA,NA
Planocephalosaurus_Tropical_S__Mod_R_deltaTMyr_scaled,-0.03924308657413349,-0.03918451308497975,0.03890972393833559,NA,NA,NA
Planocephalosaurus_Tropical_S__time,0.008072849759846576,-0.06167324679950762,0.07139279902509865,NA,NA,NA
Plateosauravus__rotated_lat_scaled,0.08650000967738973,0.011013875587147398,0.06841019227909866,0.3776674471076694,0.0567004419863224,1.2318346053361893
Plateosauravus__mean_scaled,0.0006123393946351506,-0.05602429083127639,0.03685582334968651,NA,NA,NA
Plateosauravus__Mod_R_deltaTMyr_scaled,0.006718654052049454,-0.08297550625023033,0.04421957765147065,NA,NA,NA
Plateosauravus__time,0.062079371398134825,-0.007901567228441875,0.04219008461529014,NA,NA,NA
Plateosaurus_Temperate_N__rotated_lat_scaled,0.017241948390010968,-0.03758220466684444,0.023474557165601,0.9389242977416142,0.5464745126664639,1.1809376403689384
Plateosaurus_Temperate_N__mean_scaled,0.029441168930405052,-0.027998109317249394,0.039155843869091246,NA,NA,NA
Plateosaurus_Temperate_N__Mod_R_deltaTMyr_scaled,0.022386022601699126,-0.04981546947856589,0.036582720679607654,NA,NA,NA
Plateosaurus_Temperate_N__time,0.08684123460009402,0.2512832721854609,0.09246255618124606,NA,NA,NA
Plateosaurus_Temperate_S__rotated_lat_scaled,0.0789217026890283,0.006559066795274326,0.06741272959233778,0.46629005538648927,0.0605083080008626,1.453375369310379
Plateosaurus_Temperate_S__mean_scaled,0.009422504420456989,-0.062261604912277745,0.038685004609321366,NA,NA,NA
Plateosaurus_Temperate_S__Mod_R_deltaTMyr_scaled,0.016195304569301475,-0.07359875367969465,0.04600094743183247,NA,NA,NA
Plateosaurus_Temperate_S__time,0.051370862843422405,-0.006586196926103146,0.039576996262054354,NA,NA,NA
Platypterna__rotated_lat_scaled,0.007433832006056025,-0.006728331723078006,0.011712609467551932,0.9336331916981726,0.6410718588158488,1.3118697255849838
Platypterna__mean_scaled,0.030836652150887746,0.0029633748570174726,0.04479492036620614,NA,NA,NA
Platypterna__Mod_R_deltaTMyr_scaled,0.023031402064230797,-0.015539189042323895,0.038880707351674225,NA,NA,NA
Platypterna__time,0.09460848830103459,0.15519163463118563,0.09628744071011366,NA,NA,NA
Plectropterna__rotated_lat_scaled,0.008627141562155452,-0.0046046875929840175,0.012790964898796234,0.9518400799948722,0.6592382243834436,1.3283958360552788
Plectropterna__mean_scaled,0.030823341340786625,0.011583359180220357,0.04596496180877639,NA,NA,NA
Plectropterna__Mod_R_deltaTMyr_scaled,0.023081694241383652,-0.01190210166413929,0.03786910459490603,NA,NA,NA
Plectropterna__time,0.09337819737788342,0.14081091879970417,0.09505064659306732,NA,NA,NA
Plesiornis__rotated_lat_scaled,0.009374994871272552,-0.008801693096756935,0.01200017592328747,0.7929600052529713,0.4617382884025574,1.1452558636665344
Plesiornis__mean_scaled,0.027460985977376073,-0.04639416188001633,0.04934585123821272,NA,NA,NA
Plesiornis__Mod_R_deltaTMyr_scaled,0.021466189291382744,-0.0684710443019867,0.03675764026475489,NA,NA,NA
Plesiornis__time,0.09760820438217778,0.2021459937095642,0.09357201046929085,NA,NA,NA
Plesiosaurus__rotated_lat_scaled,0.017262057157339132,-0.022740592832395393,0.02752008639221715,1.037960799485445,0.7673876443877816,1.4567528516054153
Plesiosaurus__mean_scaled,0.031019223162051905,-0.012284773227421247,0.04583075105607665,NA,NA,NA
Plesiosaurus__Mod_R_deltaTMyr_scaled,0.022620515887823576,-0.012207776282564156,0.03218371748593038,NA,NA,NA
Plesiosaurus__time,0.08500857831499455,0.183120631065182,0.08614112296132177,NA,NA,NA
Polesinesuchus__rotated_lat_scaled,0.07208984181866981,0.004411991916530225,0.05653156680394314,0.2428748421277851,0.06827089423313737,0.4993002228438854
Polesinesuchus__mean_scaled,0.02237731699133292,-0.019820464474674046,0.038421555892165365,NA,NA,NA
Polesinesuchus__Mod_R_deltaTMyr_scaled,0.007047398986760527,-0.04454014162078952,0.06473784284731403,NA,NA,NA
Polesinesuchus__time,-0.014550090191187337,-0.07593887454386787,0.03198471235212344,NA,NA,NA
Polonosuchus__rotated_lat_scaled,0.02533256070688367,0.0010326029801103528,0.036713985651118115,0.12870067008683692,0.029783612582832575,0.20030611753463745
Polonosuchus__mean_scaled,-0.015179291396634653,-0.03722405392140051,0.07014410598882771,NA,NA,NA
Polonosuchus__Mod_R_deltaTMyr_scaled,-0.035313036284642295,-0.04073154352590552,0.023358196600862628,NA,NA,NA
Polonosuchus__time,-0.002049937460978981,-0.058964494255605536,0.061459389654737503,NA,NA,NA
Polymorphodon__rotated_lat_scaled,0.02357637524837628,0.004720945266681877,0.043345339596271515,0.1599084462392784,0.08033586043165997,0.2191981077194214
Polymorphodon__mean_scaled,-0.006469023150712019,-0.04400925346093463,0.03929288312792778,NA,NA,NA
Polymorphodon__Mod_R_deltaTMyr_scaled,-0.03051499247085303,-0.08506824564520744,0.03570694476366043,NA,NA,NA
Polymorphodon__time,0.01740571209025802,-0.011530934883341006,0.06940429657697678,NA,NA,NA
Poposaurus__rotated_lat_scaled,0.007801757047243159,-0.016064504578762556,0.011239024658589784,0.34191376670496537,0.07451483886688948,0.9325548498891294
Poposaurus__mean_scaled,0.00942206753598735,-0.04891180277427723,0.03985114151573362,NA,NA,NA
Poposaurus__Mod_R_deltaTMyr_scaled,-0.02000535549233615,-0.06767092676783062,0.02777796720767531,NA,NA,NA
Poposaurus__time,0.15869190543131478,-0.003240254601930807,0.11280754451354723,NA,NA,NA
Postosuchus__rotated_lat_scaled,-0.0007132602908669269,-0.0335344155747463,0.010673882317743423,0.42690817642782347,0.06829501688480377,0.7822717912495136
Postosuchus__mean_scaled,0.012989381889813079,-0.070266764482943,0.04106939926021901,NA,NA,NA
Postosuchus__Mod_R_deltaTMyr_scaled,0.0040051508606407165,-0.049639448988646355,0.0409082609130758,NA,NA,NA
Postosuchus__time,0.1396291020626223,0.017553140323534454,0.09902413540450773,NA,NA,NA
Powellvenator__rotated_lat_scaled,0.04779486737214029,0.0010923141046365692,0.06538230465165432,0.10299162887677085,0.036558703519403934,0.23514111386612058
Powellvenator__mean_scaled,-0.035973673420958224,-0.04954003999335506,0.051331107528122186,NA,NA,NA
Powellvenator__Mod_R_deltaTMyr_scaled,-0.05491595060215332,-0.04074830459496218,0.011609016217975847,NA,NA,NA
Powellvenator__time,-0.009823988994467072,-0.04669145823912054,0.06335324949779361,NA,NA,NA
Pravusuchus__rotated_lat_scaled,0.023616039293119683,0.001413315819608142,0.028405423962498684,0.11491498076415155,0.040873304940760136,0.23475473932921886
Pravusuchus__mean_scaled,-0.014755567074753345,-0.034939919832465846,0.05276559020622548,NA,NA,NA
Pravusuchus__Mod_R_deltaTMyr_scaled,-0.05682139778975397,-0.0663871895355001,0.01360444221807245,NA,NA,NA
Pravusuchus__time,0.006965531813330017,-0.0359736951744434,0.09690022150874936,NA,NA,NA
Preondactylus__rotated_lat_scaled,0.00647495715005789,-0.021365460175361086,0.028191650158127874,0.1406484425816052,0.036418668925762177,0.19257010705769062
Preondactylus__mean_scaled,-0.04360502846799136,-0.056408537936768796,0.017855528351469585,NA,NA,NA
Preondactylus__Mod_R_deltaTMyr_scaled,-0.04024332190514542,-0.04675143988537897,0.05286382277520177,NA,NA,NA
Preondactylus__time,0.06211146128247492,-0.011362050725292358,0.09276467661074674,NA,NA,NA
Prestosuchus__rotated_lat_scaled,0.06319912517443299,0.007238804750833301,0.05613707543004622,0.22089106624895066,0.05125641170889139,0.39161326363682747
Prestosuchus__mean_scaled,0.013908800231292843,-0.03028850177563201,0.04950324473394895,NA,NA,NA
Prestosuchus__Mod_R_deltaTMyr_scaled,-0.008870866855650092,-0.07090150842514643,0.05002663668323405,NA,NA,NA
Prestosuchus__time,-0.003256366823334247,-0.04193628327285607,0.03600872104831672,NA,NA,NA
Procerosuchus__rotated_lat_scaled,0.06677014630287886,0.0029321217595081705,0.0412340567920208,0.3066401278702688,0.0987465251237154,0.8473574370145798
Procerosuchus__mean_scaled,0.03795635392430995,-0.01884753188082955,0.04744934636687906,NA,NA,NA
Procerosuchus__Mod_R_deltaTMyr_scaled,0.07875905196095118,-0.03560098219276457,0.09256930209728773,NA,NA,NA
Procerosuchus__time,-0.03275579884008039,-0.08437109640871525,0.010422972639358385,NA,NA,NA
Procolina__rotated_lat_scaled,0.024437973647509353,0.0014699881430715322,0.026481560886778072,0.24588363468108582,0.15888734633335844,0.3695141151547432
Procolina__mean_scaled,0.05378108484270342,-0.013168960809707642,0.0856059991338299,NA,NA,NA
Procolina__Mod_R_deltaTMyr_scaled,-0.016372910612262787,-0.054144859313964844,0.023554009207364668,NA,NA,NA
Procolina__time,0.028127112280926667,-0.016022922471165657,0.05603410866757334,NA,NA,NA
Procolophon__rotated_lat_scaled,0.054322646353393796,0.020891839638352394,0.06260194739425362,0.25742693562169733,0.18764358013868332,0.35914716124534607
Procolophon__mean_scaled,0.0505339871137403,-0.003635401139035821,0.0638319255641259,NA,NA,NA
Procolophon__Mod_R_deltaTMyr_scaled,-0.027845363208034542,-0.06765582412481308,0.018819171277043505,NA,NA,NA
Procolophon__time,0.024505290840388626,-0.022616811096668243,0.046422633660122926,NA,NA,NA
Procolophonichnium_Temperate_N__rotated_lat_scaled,0.025719360658113147,-0.004591153078790041,0.013776376816504487,0.24102337887787142,0.13841112796217203,0.5476237051188946
Procolophonichnium_Temperate_N__mean_scaled,0.0338050009123981,-0.01733443326082483,0.033924465061984065,NA,NA,NA
Procolophonichnium_Temperate_N__Mod_R_deltaTMyr_scaled,0.034911777599481865,-0.05013848658759997,0.12762394436404095,NA,NA,NA
Procolophonichnium_Temperate_N__time,-0.009323134814330843,-0.06382341579558636,0.01635089165301644,NA,NA,NA
Procolophonichnium_Temperate_S__rotated_lat_scaled,0.04320588956330804,0.006628131703456549,0.02091321155098692,0.34737312638215373,0.18949489807710052,0.7932803109288216
Procolophonichnium_Temperate_S__mean_scaled,0.07090306408506244,-0.0016742824072220014,0.0383254562300503,NA,NA,NA
Procolophonichnium_Temperate_S__Mod_R_deltaTMyr_scaled,0.04973126748081239,-0.05289627470836611,0.10940383857029114,NA,NA,NA
Procolophonichnium_Temperate_S__time,-0.007929846606973727,-0.08794506331066963,0.023033171544217596,NA,NA,NA
Procompsognathus__rotated_lat_scaled,0.023509287117049096,0.0006634439014863474,0.039592659618969385,0.08030113013406663,0.028217588551342487,0.14547325670719147
Procompsognathus__mean_scaled,-0.053948851524437486,-0.04664416498845745,0.011303335172797378,NA,NA,NA
Procompsognathus__Mod_R_deltaTMyr_scaled,-0.07099718873068923,-0.06983647684923283,0.017391681163601555,NA,NA,NA
Procompsognathus__time,0.02582750874993508,-0.02007029078659727,0.12338800194017764,NA,NA,NA
Proganochelys_Temperate_N__rotated_lat_scaled,0.025593335144099526,-0.008213827278602493,0.028312470633312846,0.45231275127793197,0.05575852934271097,0.9712757132947445
Proganochelys_Temperate_N__mean_scaled,0.006367795674906117,-0.06699776506124241,0.039823722265292495,NA,NA,NA
Proganochelys_Temperate_N__Mod_R_deltaTMyr_scaled,0.006389766945924243,-0.053375923247251794,0.033731850202358415,NA,NA,NA
Proganochelys_Temperate_N__time,0.11755947675727926,-0.007299973135704501,0.08980763479458222,NA,NA,NA
Proganochelys_Tropical_N__rotated_lat_scaled,0.021573119246168063,-0.0003459816426212727,0.019399347902597362,0.12590557525436452,0.026511089876294136,0.26479431614279747
Proganochelys_Tropical_N__mean_scaled,-0.0026757150108460337,-0.023120684672793265,0.07617633967542586,NA,NA,NA
Proganochelys_Tropical_N__Mod_R_deltaTMyr_scaled,-0.05085169985657558,-0.040277758327733774,0.026713987354534337,NA,NA,NA
Proganochelys_Tropical_N__time,0.001949496353408904,-0.0721430640796529,0.06938600296298841,NA,NA,NA
Prolacerta__rotated_lat_scaled,0.0627399065438658,0.023699995130300522,0.061283377408907914,0.2756200913016073,0.16601101320702583,0.3812753427773714
Prolacerta__mean_scaled,0.05529784434009343,-0.023552104830741882,0.06422290876126052,NA,NA,NA
Prolacerta__Mod_R_deltaTMyr_scaled,-0.02113541540886217,-0.06979731470346451,0.02537620252770774,NA,NA,NA
Prolacerta__time,0.02280738130430109,-0.03606409952044487,0.0407931891976698,NA,NA,NA
Prolacertoides__rotated_lat_scaled,0.00045041080553290236,-0.03645535939472617,0.008116240647517887,1.0114859087481454,0.5360803604125977,1.7284638723358512
Prolacertoides__mean_scaled,0.03675402319814282,-0.009613833557598367,0.05353526849228926,NA,NA,NA
Prolacertoides__Mod_R_deltaTMyr_scaled,0.14838070579583748,0.023247283970531954,0.11744442784644839,NA,NA,NA
Prolacertoides__time,-0.029674765277304054,-0.11306557974100863,0.012579740909290413,NA,NA,NA
Prosantosaurus__rotated_lat_scaled,0.025140303140506148,-0.0024834968158951452,0.015715874359261993,0.22568613951732913,0.05354064516723156,0.4702773098833859
Prosantosaurus__mean_scaled,0.032837466367927844,-0.023234449797531347,0.06259998498231205,NA,NA,NA
Prosantosaurus__Mod_R_deltaTMyr_scaled,0.08847837124951184,-0.02971944192343737,0.09695083053505507,NA,NA,NA
Prosantosaurus__time,-0.07668037576282587,-0.08045010018593733,0.016408988018916854,NA,NA,NA
Prosaurosphargis__rotated_lat_scaled,0.026692623201524837,0.007491153199225664,0.02878010942968255,0.249478861687312,0.1724967323243618,0.3447166094556451
Prosaurosphargis__mean_scaled,0.05863222912419588,0.018264172598719597,0.0901953571046373,NA,NA,NA
Prosaurosphargis__Mod_R_deltaTMyr_scaled,-0.021737634980818255,-0.0705675557255745,0.01806543103203239,NA,NA,NA
Prosaurosphargis__time,0.029981269820200395,-0.015450607985258102,0.05463478032919372,NA,NA,NA
Protanystropheus__rotated_lat_scaled,0.027138425931334496,0.0023225351996690427,0.019749235889324895,0.24319493292463448,0.1300929798744619,0.5264189802110195
Protanystropheus__mean_scaled,0.03991197091061622,-0.03510814775682757,0.03511606648280329,NA,NA,NA
Protanystropheus__Mod_R_deltaTMyr_scaled,0.03712404854595661,-0.03137384609945515,0.1188125202764163,NA,NA,NA
Protanystropheus__time,-0.01688988698548201,-0.07172803006618751,0.017997855247001465,NA,NA,NA
Protecovasaurus__rotated_lat_scaled,0.02154760802804958,-0.011616682533928424,0.02405523360781979,0.20022844119899674,0.037771365605294704,0.38587428722530603
Protecovasaurus__mean_scaled,-0.028594557201722638,-0.05098355237870979,0.0319216082052931,NA,NA,NA
Protecovasaurus__Mod_R_deltaTMyr_scaled,-0.022211890539037996,-0.05435565680604395,0.03930038114272683,NA,NA,NA
Protecovasaurus__time,0.07357690638949861,-0.018931597004119043,0.09639845493970624,NA,NA,NA
Protenodontosaurus__rotated_lat_scaled,0.016732045996468513,-0.005558197816465692,0.0376157887469524,0.16603940520973992,0.09413480223156512,0.24370736733544618
Protenodontosaurus__mean_scaled,-0.004081200063810683,-0.04223241314435551,0.03548188716960633,NA,NA,NA
Protenodontosaurus__Mod_R_deltaTMyr_scaled,-0.009613111417274922,-0.05728075527314623,0.07326344092476098,NA,NA,NA
Protenodontosaurus__time,0.007091296172147849,-0.030816122488833766,0.045314561054226266,NA,NA,NA
Proteosaurus__rotated_lat_scaled,0.017711747154357364,-0.03155444124988386,0.02639444440958919,0.9978175514517352,0.7034102082252502,1.4025524705648422
Proteosaurus__mean_scaled,0.03042496776096636,-0.022548573110509066,0.044726538155535164,NA,NA,NA
Proteosaurus__Mod_R_deltaTMyr_scaled,0.022225200045228193,-0.008466106112251631,0.03297329051057687,NA,NA,NA
Proteosaurus__time,0.08554845956165723,0.19845660919544578,0.08758140481984475,NA,NA,NA
Proterochampsa__rotated_lat_scaled,0.06605794666451402,-0.0002864176935419817,0.06442157488879807,0.19437029531080044,0.047432820312678814,0.3872397616505623
Proterochampsa__mean_scaled,-0.00566322602913715,-0.029653159713100587,0.05353200542380856,NA,NA,NA
Proterochampsa__Mod_R_deltaTMyr_scaled,-0.01696033031330444,-0.07189086375816016,0.03828807482355461,NA,NA,NA
Proterochampsa__time,-0.004974469533481169,-0.034057047557998474,0.03543402275938474,NA,NA,NA
Proterochersis__rotated_lat_scaled,0.011968889699928695,-0.016785315844069334,0.03440116648661885,0.1329429222412,0.03556567523628473,0.18549149669706821
Proterochersis__mean_scaled,-0.04909057451761328,-0.05492004980608693,0.005832640005890029,NA,NA,NA
Proterochersis__Mod_R_deltaTMyr_scaled,-0.03910767287830822,-0.05130026383229951,0.01720609331599505,NA,NA,NA
Proterochersis__time,0.05326190541498363,-0.01288185924034543,0.134235778087042,NA,NA,NA
Proterosuchus_Temperate_N__rotated_lat_scaled,0.00048033902858740483,-0.030721724512169146,0.008051619144130684,1.0015835785663512,0.5360803604125977,1.8607458770275116
Proterosuchus_Temperate_N__mean_scaled,0.03745162737659092,-0.008101786704785896,0.05310902071521438,NA,NA,NA
Proterosuchus_Temperate_N__Mod_R_deltaTMyr_scaled,0.14985035371281497,0.002361655033391207,0.11803545701682558,NA,NA,NA
Proterosuchus_Temperate_N__time,-0.03187194559578415,-0.09942563253923739,0.01247958101937531,NA,NA,NA
Proterosuchus_Temperate_S__rotated_lat_scaled,0.05988456314429641,0.021040933206677437,0.06750667458930999,0.26347051195349197,0.17697236008825712,0.3771524056792259
Proterosuchus_Temperate_S__mean_scaled,0.050625352810311594,5.635686102323234e-05,0.06302324368618337,NA,NA,NA
Proterosuchus_Temperate_S__Mod_R_deltaTMyr_scaled,-0.027311925193062053,-0.06875742226839066,0.017966614970338902,NA,NA,NA
Proterosuchus_Temperate_S__time,0.02436214666973683,-0.035984497517347336,0.0431791446497137,NA,NA,NA
Protoavis__rotated_lat_scaled,0.020949501929571852,-0.01095562779757415,0.01667839990890256,0.21109749790164642,0.03087683953344822,0.4599067661911249
Protoavis__mean_scaled,-0.025942775887669994,-0.053416968308306986,0.024845653483190892,NA,NA,NA
Protoavis__Mod_R_deltaTMyr_scaled,-0.017278197922278197,-0.04878239683099983,0.03696771348903427,NA,NA,NA
Protoavis__time,0.07745859525981359,-0.022732495785920237,0.11318391101441823,NA,NA,NA
Protocaptorhinus__rotated_lat_scaled,0.024897616005619058,0.0004109931973795487,0.006126360285757087,0.19388877069486626,0.04489934258162975,0.5014428138383664
Protocaptorhinus__mean_scaled,0.2912148741364945,-0.007612294660037288,0.11709545579680819,NA,NA,NA
Protocaptorhinus__Mod_R_deltaTMyr_scaled,0.10111785179902653,-0.013951510851639823,0.055875169979578115,NA,NA,NA
Protocaptorhinus__time,-0.379251945768483,-0.11473467640850366,0.012578691833402562,NA,NA,NA
Protoichthyosaurus__rotated_lat_scaled,0.018934276696265552,-0.03372303023934364,0.02561095794676302,0.8869438264716518,0.6100932247936726,1.2187193408608437
Protoichthyosaurus__mean_scaled,0.028454428451549683,-0.07554502785205841,0.04504065360339735,NA,NA,NA
Protoichthyosaurus__Mod_R_deltaTMyr_scaled,0.021284150314151703,-0.020559219643473625,0.03349533728140047,NA,NA,NA
Protoichthyosaurus__time,0.08723751906024221,0.25797808170318604,0.0875287290639851,NA,NA,NA
Protome__rotated_lat_scaled,0.0218168955296278,-0.0043283504437922355,0.02908873396012114,0.14687764021487965,0.031722769141197205,0.3226068699732423
Protome__mean_scaled,-0.04619199611421209,-0.05396230120862101,0.020658132279141254,NA,NA,NA
Protome__Mod_R_deltaTMyr_scaled,-0.027727301675186028,-0.04848338522976318,0.049949097636000896,NA,NA,NA
Protome__time,0.0430696679524408,-0.029113451840624784,0.09197971402028267,NA,NA,NA
Protorosaurus__rotated_lat_scaled,0.029137205955339595,0.0002498256978106508,0.008025349052429033,0.23621955177237397,0.04219805262982845,1.19284762814641
Protorosaurus__mean_scaled,0.12078257945438964,-0.017739584922315015,0.06462695808426017,NA,NA,NA
Protorosaurus__Mod_R_deltaTMyr_scaled,0.07713186892913654,-0.036177112707563824,0.11426137153854911,NA,NA,NA
Protorosaurus__time,-0.14674247708870097,-0.08222061679073302,0.004761999220307664,NA,NA,NA
Protorothyris__rotated_lat_scaled,0.02491587963420898,0.0001492879678789,0.007303478752412024,0.22754520084308752,0.08524108305573463,0.7715906985104084
Protorothyris__mean_scaled,0.36310131301172077,0.00224552973218502,0.11989022453943683,NA,NA,NA
Protorothyris__Mod_R_deltaTMyr_scaled,0.13600126475386787,-0.018874840804946693,0.06112642772869776,NA,NA,NA
Protorothyris__time,-0.45238363107891927,-0.11940746561791843,0.003355546874999354,NA,NA,NA
Protosuchus__rotated_lat_scaled,0.006710083588611138,-0.006372893974468706,0.011207196241308282,0.9303877019022184,0.6239751158282161,1.3221973031759262
Protosuchus__mean_scaled,0.030854857762315294,0.014531194123429778,0.04562117774733772,NA,NA,NA
Protosuchus__Mod_R_deltaTMyr_scaled,0.02313953207082702,-0.024112306365047544,0.03870920199339344,NA,NA,NA
Protosuchus__time,0.09520590110045572,0.15184149493888768,0.09613810191350652,NA,NA,NA
Provelosaurus__rotated_lat_scaled,0.03521860511653358,-0.004545714670395925,0.02408289288603506,0.12724872561200753,0.054084548028185964,0.21466059610247612
Provelosaurus__mean_scaled,0.0811756625957787,-0.015731031735327323,0.1013954022946456,NA,NA,NA
Provelosaurus__Mod_R_deltaTMyr_scaled,0.0003402904106769711,-0.02775423403435375,0.05212108949705649,NA,NA,NA
Provelosaurus__time,-0.14539620703319087,-0.08785650828272422,0.014076293217808818,NA,NA,NA
Psephochelys__rotated_lat_scaled,0.025810506381094455,0.002403482363724121,0.03045587612970074,0.13674251748845564,0.03544137056451291,0.2352734343148768
Psephochelys__mean_scaled,-0.012231865591456881,-0.050009972795566564,0.04877911091477924,NA,NA,NA
Psephochelys__Mod_R_deltaTMyr_scaled,-0.02401185135706328,-0.04336106557287881,0.05432247339858495,NA,NA,NA
Psephochelys__time,-0.008734646466327831,-0.04491993271807996,0.058118217452481045,NA,NA,NA
Psephoderma_Temperate_N__rotated_lat_scaled,0.02017456902096123,-0.011852424313060425,0.028607044603698974,0.6326182495386456,0.053829033160582185,0.9353313148021698
Psephoderma_Temperate_N__mean_scaled,0.020860521297340798,-0.0973950087067268,0.04228011765032266,NA,NA,NA
Psephoderma_Temperate_N__Mod_R_deltaTMyr_scaled,0.01587645742145566,-0.060823592272096584,0.033725356698829936,NA,NA,NA
Psephoderma_Temperate_N__time,0.09899882678245146,0.034183536569082594,0.0870631589426944,NA,NA,NA
Psephoderma_Tropical_N__rotated_lat_scaled,0.01885037163621746,-0.0038334597140560404,0.03236707467467198,0.11436546387354611,0.04293796978890896,0.2021975852549076
Psephoderma_Tropical_N__mean_scaled,-0.049653939988056665,-0.0497186738336716,0.008923110468603102,NA,NA,NA
Psephoderma_Tropical_N__Mod_R_deltaTMyr_scaled,-0.043816892618779094,-0.06356683820516378,0.039632652034978004,NA,NA,NA
Psephoderma_Tropical_N__time,0.033075550321955235,-0.018768516969909797,0.11075284071729286,NA,NA,NA
Psephoderma_Tropical_S__rotated_lat_scaled,0.03468683392514027,0.0012025960808754801,0.017301810912267623,0.3146603692262579,0.047523136250674725,0.700165718793869
Psephoderma_Tropical_S__mean_scaled,0.051737039254629635,-0.026793135330451915,0.04872679029854427,NA,NA,NA
Psephoderma_Tropical_S__Mod_R_deltaTMyr_scaled,0.11007530912669318,-0.03404638148993061,0.10782277821894787,NA,NA,NA
Psephoderma_Tropical_S__time,-0.04058880778425392,-0.07625056798329416,0.0178242984657862,NA,NA,NA
Psephosauriscus__rotated_lat_scaled,0.031137603136303368,0.0024371811978525985,0.019993422521231454,0.214541208363662,0.057126373052597046,0.43388415686786175
Psephosauriscus__mean_scaled,0.02022281604964519,-0.030154875386926978,0.0472132449085195,NA,NA,NA
Psephosauriscus__Mod_R_deltaTMyr_scaled,0.035075542738195506,-0.03573666042511992,0.10198107977763768,NA,NA,NA
Psephosauriscus__time,-0.027805128082691227,-0.07243313410860691,0.022487930688157316,NA,NA,NA
Psephosaurus_Temperate_N__rotated_lat_scaled,0.020958994330721906,-0.0031845207028104354,0.03766302019357681,0.16742462545546005,0.09130268823355436,0.23716425616294146
Psephosaurus_Temperate_N__mean_scaled,-0.004473435713443905,-0.042393238770321216,0.039256323128938675,NA,NA,NA
Psephosaurus_Temperate_N__Mod_R_deltaTMyr_scaled,-0.014312748750089668,-0.06546701231965121,0.052612777799367905,NA,NA,NA
Psephosaurus_Temperate_N__time,0.009341441066062543,-0.02484271693001833,0.06115886941552162,NA,NA,NA
Psephosaurus_Tropical_S__rotated_lat_scaled,0.03419084182458029,0.002750973038273401,0.013388281395776637,0.32261470225988886,0.12573798606172204,0.7336004823446274
Psephosaurus_Tropical_S__mean_scaled,0.043847070352573125,-0.028014804829732388,0.04770156921611344,NA,NA,NA
Psephosaurus_Tropical_S__Mod_R_deltaTMyr_scaled,0.1131208054841488,-0.03057347436001821,0.11657500694842401,NA,NA,NA
Psephosaurus_Tropical_S__time,-0.03524834313909303,-0.08005018257132401,0.01401082033523187,NA,NA,NA
Pseudhesperosuchus__rotated_lat_scaled,0.07551977712777443,0.000297651806796223,0.06936418657580558,0.19904421901439492,0.03803478926420212,0.7409053519368172
Pseudhesperosuchus__mean_scaled,-0.025521068254020066,-0.05161399313384785,0.02289108134889405,NA,NA,NA
Pseudhesperosuchus__Mod_R_deltaTMyr_scaled,-0.03628961114678532,-0.05883139850391607,0.05892884031955611,NA,NA,NA
Pseudhesperosuchus__time,0.029424746765216697,-0.025739748891833503,0.04049156965129022,NA,NA,NA
Pseudochampsa__rotated_lat_scaled,0.05796886839554645,0.007596405720037703,0.06043330082143098,0.18948832882175337,0.0520284753292799,0.29088337140274234
Pseudochampsa__mean_scaled,-0.008876378518179991,-0.04775979518979981,0.04323489104619968,NA,NA,NA
Pseudochampsa__Mod_R_deltaTMyr_scaled,-0.02457057749852538,-0.053926808608266555,0.04082691809063584,NA,NA,NA
Pseudochampsa__time,0.009056041920703138,-0.04179729064477255,0.04718056793727945,NA,NA,NA
Pseudotetrasauropus_Temperate_N__rotated_lat_scaled,0.02286524789291434,-0.0023680065985430703,0.020210969338247238,0.09878680566645925,0.025719918310642242,0.1740749292075634
Pseudotetrasauropus_Temperate_N__mean_scaled,-0.04327719524182612,-0.03809354760357805,0.054474578739835994,NA,NA,NA
Pseudotetrasauropus_Temperate_N__Mod_R_deltaTMyr_scaled,-0.018898444786900656,-0.02507860991997725,0.05724725001967854,NA,NA,NA
Pseudotetrasauropus_Temperate_N__time,-0.017813176719937474,-0.07034732460070284,0.05974287979778418,NA,NA,NA
Pseudotetrasauropus_Tropical_N__rotated_lat_scaled,0.0033310188089146126,-0.020245613074219557,0.012107082094343913,0.45486045730533076,0.09100729785859585,0.9161291266791523
Pseudotetrasauropus_Tropical_N__mean_scaled,0.017947100907626766,-0.062402249779234996,0.04000560599064381,NA,NA,NA
Pseudotetrasauropus_Tropical_N__Mod_R_deltaTMyr_scaled,0.004449868500675763,-0.06399278862515208,0.040009388950236376,NA,NA,NA
Pseudotetrasauropus_Tropical_N__time,0.13018238630499201,0.01075316275580543,0.09955360086032185,NA,NA,NA
Pterodactylus__rotated_lat_scaled,0.01903640397613748,-0.02544451048528769,0.02986323257398794,1.0504447349766268,0.7710863882675767,1.3413735330104828
Pterodactylus__mean_scaled,0.030930138854276645,0.004043484955469914,0.039610724265307394,NA,NA,NA
Pterodactylus__Mod_R_deltaTMyr_scaled,0.022770527923514784,-0.018740966847047506,0.035417414424372726,NA,NA,NA
Pterodactylus__time,0.08317330376828022,0.1760294810996665,0.08678430663187789,NA,NA,NA
Pumiliopareia__rotated_lat_scaled,0.06305231328122318,0.0023682718665912683,0.06937886824639462,0.17354637215757976,0.09222014434635639,0.25756686739623547
Pumiliopareia__mean_scaled,-0.00988345137127908,-0.03810361463533787,0.05471669591603458,NA,NA,NA
Pumiliopareia__Mod_R_deltaTMyr_scaled,-0.01736556318763178,-0.04035614764378798,0.02971888196806124,NA,NA,NA
Pumiliopareia__time,-0.018167301086941735,-0.059795998310266635,0.037861231765055514,NA,NA,NA
Qianichthyosaurus__rotated_lat_scaled,0.024407651153742337,0.0019381738810536904,0.02953974286013938,0.11176857031801773,0.03463141992688179,0.17929113941499963
Qianichthyosaurus__mean_scaled,-0.024111714203609153,-0.04956811475935108,0.0759582819415424,NA,NA,NA
Qianichthyosaurus__Mod_R_deltaTMyr_scaled,-0.029862965124411858,-0.0347012079952986,0.032804183982015706,NA,NA,NA
Qianichthyosaurus__time,-0.014574776029912756,-0.053556339849205235,0.05337346911184849,NA,NA,NA
Qianosuchus__rotated_lat_scaled,0.02699428644380532,0.010477557534453587,0.030279095835694155,0.23122263199518783,0.14274153212318197,0.31496321596205235
Qianosuchus__mean_scaled,0.04796673326403834,-0.007075948987051294,0.09269256469332712,NA,NA,NA
Qianosuchus__Mod_R_deltaTMyr_scaled,-0.0067855067465279716,-0.10270608277170501,0.02618360961234063,NA,NA,NA
Qianosuchus__time,0.007136744511662982,-0.03658301449849848,0.04252040775418406,NA,NA,NA
Qianxisaurus__rotated_lat_scaled,0.022426710461149923,-0.0008116866403357141,0.014339870136709862,0.21061259885900654,0.05687671364285052,0.46344525646418333
Qianxisaurus__mean_scaled,-0.00956888062064536,-0.03754273846932153,0.017063642363179313,NA,NA,NA
Qianxisaurus__Mod_R_deltaTMyr_scaled,0.05951654474483803,-0.04939188562814418,0.13880087187960366,NA,NA,NA
Qianxisaurus__time,-0.017672150248545224,-0.048141177984999776,0.021471293516053116,NA,NA,NA
Quasianosteosaurus__rotated_lat_scaled,0.023091332004551077,-0.008905707858502865,0.033198486359863146,0.24371170005244494,0.17393408343195915,0.3331769377691671
Quasianosteosaurus__mean_scaled,0.05553005508350907,-0.0016557872295379639,0.08050105213255536,NA,NA,NA
Quasianosteosaurus__Mod_R_deltaTMyr_scaled,-0.019855679687243537,-0.06438608467578888,0.02247781393919686,NA,NA,NA
Quasianosteosaurus__time,0.029035618129419162,-0.01644614152610302,0.0554983254639306,NA,NA,NA
Raeticodactylus__rotated_lat_scaled,0.0071070540285165865,-0.03436027276773708,0.028433000237502278,0.21478578086613764,0.056750583462417126,0.7714414224028587
Raeticodactylus__mean_scaled,-0.03544460967648774,-0.046211433398486684,0.025933649649581166,NA,NA,NA
Raeticodactylus__Mod_R_deltaTMyr_scaled,-0.013330300704110414,-0.04481412963353678,0.04263396458459763,NA,NA,NA
Raeticodactylus__time,0.10054326269601006,-0.010501652923040667,0.09467506342386489,NA,NA,NA
Rautiania__rotated_lat_scaled,0.02624291653948603,-0.004315059786068307,0.021007788708717067,0.16804979639709927,0.05466033238917589,0.2740095257759094
Rautiania__mean_scaled,-0.021338963664602487,-0.03369873673468972,0.03169769086569998,NA,NA,NA
Rautiania__Mod_R_deltaTMyr_scaled,0.06569797514297533,-0.012339621960110013,0.11092970268187578,NA,NA,NA
Rautiania__time,-0.05846250614296878,-0.08553407024193319,0.028040495639253146,NA,NA,NA
Redondasuchus__rotated_lat_scaled,0.02149542583618313,-0.009418246401264258,0.026840829997072158,0.18551925160922111,0.07062930054962635,0.32178568840026855
Redondasuchus__mean_scaled,-0.037734413972357286,-0.05989768605112622,0.02514826512519107,NA,NA,NA
Redondasuchus__Mod_R_deltaTMyr_scaled,-0.027603898629313336,-0.05625083661582607,0.04809251551899994,NA,NA,NA
Redondasuchus__time,0.07345176385249942,-0.010320719654584655,0.0915940672542828,NA,NA,NA
Redondavenator__rotated_lat_scaled,0.01937730319914408,-0.0030478852246560158,0.021194319373669366,0.13157751805643783,0.04061116278171539,0.2982739545404911
Redondavenator__mean_scaled,0.008358125836239197,-0.02824795176822064,0.0674398839255519,NA,NA,NA
Redondavenator__Mod_R_deltaTMyr_scaled,-0.029068777287757256,-0.04539461298569988,0.03657596761803795,NA,NA,NA
Redondavenator__time,-0.022999508213397347,-0.059197038744224675,0.06646550697828675,NA,NA,NA
Revueltosaurus__rotated_lat_scaled,0.021761755398547394,-0.005510580401703066,0.025975360770031895,0.21122151275725629,0.09880896471440792,0.3345930930227041
Revueltosaurus__mean_scaled,-0.022498959967633708,-0.05763578000157034,0.02674423037119019,NA,NA,NA
Revueltosaurus__Mod_R_deltaTMyr_scaled,-0.01744471065045218,-0.0645487542752126,0.03558451046413648,NA,NA,NA
Revueltosaurus__time,0.07349305345458561,-0.008192374044315196,0.10337157629018738,NA,NA,NA
Rhaeticosaurus__rotated_lat_scaled,0.009301595004217234,-0.019969082596941603,0.027991495271937773,0.14183016098453663,0.03903179056942463,0.20592674240469933
Rhaeticosaurus__mean_scaled,-0.05878075135871768,-0.05538249541672095,0.004098582609961845,NA,NA,NA
Rhaeticosaurus__Mod_R_deltaTMyr_scaled,-0.05479877763165859,-0.05141683751028713,0.013853920309924498,NA,NA,NA
Rhaeticosaurus__time,0.09019772044848651,-0.009119073198851517,0.14573167970372183,NA,NA,NA
Rhipaeosaurus__rotated_lat_scaled,0.03186616751016118,-0.004529108837189999,0.015852134378186132,0.18863758396619232,0.006135063245892525,0.4772697314620018
Rhipaeosaurus__mean_scaled,-0.0052092482033185665,-0.02756897677200895,0.03893272973542468,NA,NA,NA
Rhipaeosaurus__Mod_R_deltaTMyr_scaled,0.12816150805447252,-0.014272181205488604,0.11499903695794543,NA,NA,NA
Rhipaeosaurus__time,-0.12209121791733196,-0.08951722190811365,0.02189177682398973,NA,NA,NA
Rhomaleosaurus__rotated_lat_scaled,0.01688271473294623,-0.03670230405393304,0.022881660058995362,1.0644267362717073,0.7170091196894646,1.4375294893980026
Rhomaleosaurus__mean_scaled,0.03140196896079505,-0.0016330990623065979,0.04030342963994006,NA,NA,NA
Rhomaleosaurus__Mod_R_deltaTMyr_scaled,0.02318941039995342,-0.02337441621337192,0.033262829987513544,NA,NA,NA
Rhomaleosaurus__time,0.08443628042851443,0.19759730805241277,0.095227758209097,NA,NA,NA
Rhombopholis__rotated_lat_scaled,0.01978752368959249,-0.010520128734702249,0.01609931291869439,0.2739268233676557,0.09673682320863008,0.6683499810751528
Rhombopholis__mean_scaled,0.03898016438586637,-0.03720205080099828,0.060717861687299125,NA,NA,NA
Rhombopholis__Mod_R_deltaTMyr_scaled,0.090769875026308,-0.032655266483899895,0.10074652283231789,NA,NA,NA
Rhombopholis__time,-0.03152111425632029,-0.05551004270320078,0.014111980457234566,NA,NA,NA
Rioarribasuchus__rotated_lat_scaled,0.020486007223371416,-0.007142639402819805,0.026784873148157407,0.2063499337102985,0.0868825875222683,0.34526882180944085
Rioarribasuchus__mean_scaled,-0.027441068741027266,-0.061126063109780304,0.015299838010349889,NA,NA,NA
Rioarribasuchus__Mod_R_deltaTMyr_scaled,-0.015854394494090228,-0.06019407298635311,0.029427804849170403,NA,NA,NA
Rioarribasuchus__time,0.07324901519983541,-0.0074247132238479865,0.12016316188786826,NA,NA,NA
Riojasaurus__rotated_lat_scaled,0.09568902048282325,0.0015575605950244205,0.06072913775342003,0.29892558666935654,0.04385922849178314,0.9501212537288666
Riojasaurus__mean_scaled,-0.008741755637456662,-0.05541344679481287,0.03581917422255949,NA,NA,NA
Riojasaurus__Mod_R_deltaTMyr_scaled,-0.016501767449080943,-0.07181094615502202,0.04888045245321508,NA,NA,NA
Riojasaurus__time,0.07256971475086176,-0.010220656367990738,0.046246913466351354,NA,NA,NA
Riojasuchus__rotated_lat_scaled,0.06954110953214694,-5.401863703563812e-05,0.06435591215993225,0.19138468324948918,0.049325607251375914,0.5773812578991055
Riojasuchus__mean_scaled,-0.024756295725819655,-0.04716365853168503,0.022605300298459523,NA,NA,NA
Riojasuchus__Mod_R_deltaTMyr_scaled,-0.034706508285598826,-0.0600576745793271,0.03150537828181937,NA,NA,NA
Riojasuchus__time,0.02539600320655154,-0.02861213697475345,0.0732090871553348,NA,NA,NA
Romeria__rotated_lat_scaled,0.025015673664747738,0.000392859673395044,0.007009432387882076,0.18886636982962954,0.12141666002571583,0.2707835976034403
Romeria__mean_scaled,0.15825134908081964,-0.00662420227875607,0.11952904925991446,NA,NA,NA
Romeria__Mod_R_deltaTMyr_scaled,0.0587945773859974,-0.009597403942596592,0.0459610275453071,NA,NA,NA
Romeria__time,-0.2091056048241444,-0.1200587421748436,0.019176168702442327,NA,NA,NA
Rothianiscus__rotated_lat_scaled,0.025698120026208925,5.0928016636165465e-05,0.0078862225289659,0.14332497416369733,0.04013079218566418,0.2737328317016363
Rothianiscus__mean_scaled,0.23884505602007267,0.00013665388070032303,0.12812613808955525,NA,NA,NA
Rothianiscus__Mod_R_deltaTMyr_scaled,-0.024483426867664092,-0.02732998724111826,0.05153192584247322,NA,NA,NA
Rothianiscus__time,-0.25264514953712935,-0.10874508337901945,0.004131391434551579,NA,NA,NA
Rotodactylus__rotated_lat_scaled,0.020420347829349338,-0.004205234407041532,0.019959639562097398,0.10050358210748528,0.03812050260603428,0.238871268928051
Rotodactylus__mean_scaled,-0.016539598640520126,-0.03922627767518524,0.053036036700818655,NA,NA,NA
Rotodactylus__Mod_R_deltaTMyr_scaled,-0.0520848067937186,-0.04360852688945926,0.03945083558915415,NA,NA,NA
Rotodactylus__time,-0.00720273480983451,-0.048847449751115185,0.07922916604347575,NA,NA,NA
Ruehleia__rotated_lat_scaled,0.02069426283269422,-0.0055987250991488815,0.031191481964617938,0.13264697595921462,0.034214673563838005,0.18042324855923653
Ruehleia__mean_scaled,-0.037774865196552126,-0.039425799095577814,0.050644114072536585,NA,NA,NA
Ruehleia__Mod_R_deltaTMyr_scaled,-0.036509364667581395,-0.03368101414545185,0.0373158432396454,NA,NA,NA
Ruehleia__time,0.030326568468444746,-0.05718195038262266,0.07252423861874603,NA,NA,NA
Rugarhynchos__rotated_lat_scaled,0.022756163311423733,-0.0004590310273988495,0.01951134007108769,0.117567266352562,0.02783058436762076,0.24759341217577457
Rugarhynchos__mean_scaled,-0.029997323327697813,-0.04279929130126351,0.05537092285150149,NA,NA,NA
Rugarhynchos__Mod_R_deltaTMyr_scaled,-0.03047544044384267,-0.031809417479550656,0.044517817434778416,NA,NA,NA
Rugarhynchos__time,-0.000626507709530415,-0.060819748914588204,0.07227559753817836,NA,NA,NA
Ruhuhuaria__rotated_lat_scaled,0.04915600941167213,-0.0029720382205259306,0.023420912870306773,0.2883105070309648,0.1364961457438767,0.761140950024128
Ruhuhuaria__mean_scaled,0.05975003988278331,-0.011999118405051837,0.056640481849598134,NA,NA,NA
Ruhuhuaria__Mod_R_deltaTMyr_scaled,0.06347787108039483,-0.029061604716561502,0.09972007173003201,NA,NA,NA
Ruhuhuaria__time,-0.03998378786609465,-0.09185472738066196,0.011894211445609034,NA,NA,NA
Rutiodon__rotated_lat_scaled,0.017111617226619275,-0.01373442614085832,0.027086129366216478,0.20993189091328532,0.12682648748159409,0.33013845747336745
Rutiodon__mean_scaled,-0.0256142873429053,-0.06026682454040909,0.02575939990391582,NA,NA,NA
Rutiodon__Mod_R_deltaTMyr_scaled,-0.009277256752247921,-0.05026290920479056,0.047491883861119855,NA,NA,NA
Rutiodon__time,0.07180144325961009,-0.011623328836743243,0.09133826476429381,NA,NA,NA
Sacisaurus__rotated_lat_scaled,0.0468926684721373,-0.002502873416969744,0.0433009018357726,0.12321912868541403,0.02564113587141037,0.31353238224983215
Sacisaurus__mean_scaled,-0.01893982425914146,-0.03781024528792579,0.06405176921396903,NA,NA,NA
Sacisaurus__Mod_R_deltaTMyr_scaled,-0.03940842942789459,-0.033790867589395916,0.03332270354569144,NA,NA,NA
Sacisaurus__time,-0.021235660621896385,-0.06178350242850977,0.05100030330011289,NA,NA,NA
Saltoposuchus__rotated_lat_scaled,0.013383878032909706,-0.010124403121523755,0.03131173764689158,0.12323721198481508,0.0379393994808197,0.20247620902955532
Saltoposuchus__mean_scaled,-0.04467579124437179,-0.0515743742364326,0.008815429928745486,NA,NA,NA
Saltoposuchus__Mod_R_deltaTMyr_scaled,-0.037889765022555366,-0.05549974530755413,0.02656345191320707,NA,NA,NA
Saltoposuchus__time,0.03650851569662336,-0.018688966057290722,0.12498505840670182,NA,NA,NA
Sanchiaosaurus__rotated_lat_scaled,0.025988593942311126,0.004380670029288354,0.016189146170096088,0.23079160979832522,0.13396457443013787,0.36276138201355934
Sanchiaosaurus__mean_scaled,0.037573563043843024,-0.012930085605779709,0.049054406733825016,NA,NA,NA
Sanchiaosaurus__Mod_R_deltaTMyr_scaled,0.017362917780701537,-0.0480559639111705,0.10381944021754046,NA,NA,NA
Sanchiaosaurus__time,-0.006043839490739628,-0.07928210923513936,0.02261268477408441,NA,NA,NA
Sanchuansaurus__rotated_lat_scaled,0.0317570491193328,-0.0029146288700129305,0.011437374817440435,0.22733545299124672,0.034877113066613674,0.9052982963621616
Sanchuansaurus__mean_scaled,0.08930069928057492,-0.023929350084477018,0.06898984633279158,NA,NA,NA
Sanchuansaurus__Mod_R_deltaTMyr_scaled,0.12006763848126865,-0.028658178711153812,0.10066641040390366,NA,NA,NA
Sanchuansaurus__time,-0.16970030841213884,-0.08038533105715745,0.010582046341410292,NA,NA,NA
Sanjuansaurus__rotated_lat_scaled,0.06595226904377341,0.0053628950559263385,0.061942517740987336,0.20030799240863417,0.04146139416843653,0.3746716193854809
Sanjuansaurus__mean_scaled,0.010540644201100804,-0.030095613968657387,0.04280206296045764,NA,NA,NA
Sanjuansaurus__Mod_R_deltaTMyr_scaled,-0.021407081719953567,-0.0657993418335861,0.0600518737818726,NA,NA,NA
Sanjuansaurus__time,-0.010688213638495654,-0.045355427976484064,0.026879223412228398,NA,NA,NA
Santaisaurus__rotated_lat_scaled,0.0005623463839558345,-0.028302005128267204,0.008215394631773822,0.9669208808989788,0.1841925010085106,1.69334277510643
Santaisaurus__mean_scaled,0.037854964470075796,-0.007123632825538634,0.05418929483277796,NA,NA,NA
Santaisaurus__Mod_R_deltaTMyr_scaled,0.1473859270085515,-0.008867228178975112,0.11653756412489062,NA,NA,NA
Santaisaurus__time,-0.02989286334037397,-0.09159462259002027,0.012733424306103563,NA,NA,NA
Sarcosaurus__rotated_lat_scaled,0.019252281482582435,-0.04374195081677837,0.026166548356898228,0.9797850431437837,0.6992855593562126,1.304561398923397
Sarcosaurus__mean_scaled,0.029912054129592833,0.0006686084163601691,0.042857350141043964,NA,NA,NA
Sarcosaurus__Mod_R_deltaTMyr_scaled,0.022414704045788537,-0.03013941495216053,0.03414669930755186,NA,NA,NA
Sarcosaurus__time,0.08433133486424535,0.20910024607537994,0.08850508009005192,NA,NA,NA
Sarmatosuchus__rotated_lat_scaled,0.028806405777577312,-0.008274002478286257,0.041405913437913194,0.2175077385491386,0.14292133040726185,0.34273675933945924
Sarmatosuchus__mean_scaled,0.034519186824218194,-0.028407902891395217,0.05568252475097389,NA,NA,NA
Sarmatosuchus__Mod_R_deltaTMyr_scaled,-0.004390723880351288,-0.08356581056627223,0.041621415973591626,NA,NA,NA
Sarmatosuchus__time,0.0026624953054852087,-0.015639772786847514,0.052965823733067255,NA,NA,NA
Saturnalia__rotated_lat_scaled,0.061964456476271156,-0.0015490686814023432,0.055587470601764145,0.17986265980784083,0.0343095026910305,0.48234428837895393
Saturnalia__mean_scaled,-0.010999824863392859,-0.028261101827527432,0.05005398165373541,NA,NA,NA
Saturnalia__Mod_R_deltaTMyr_scaled,-0.03936801487347111,-0.036311238399748876,0.035691613329373255,NA,NA,NA
Saturnalia__time,0.012355668546224479,-0.06976607981412257,0.050342612310673156,NA,NA,NA
Saurischichnus__rotated_lat_scaled,0.008079274541232735,-0.01576695548615927,0.04086756913575551,0.1630470768478699,0.034738415852189064,0.3200662415474653
Saurischichnus__mean_scaled,-0.04014222598052584,-0.0551982520808157,0.009080294532830145,NA,NA,NA
Saurischichnus__Mod_R_deltaTMyr_scaled,-0.028479518225649373,-0.049530651289478166,0.04235563956808864,NA,NA,NA
Saurischichnus__time,0.0676791719906032,-0.015391629866348067,0.09937217465887167,NA,NA,NA
Saurodektes__rotated_lat_scaled,0.026451995847085026,-0.007531253483623178,0.01729544848112089,0.5939776222051296,0.14023655885830522,1.5924252681434155
Saurodektes__mean_scaled,0.045827113177382466,-0.007051847008030643,0.04741485957200857,NA,NA,NA
Saurodektes__Mod_R_deltaTMyr_scaled,0.1173532187469998,-0.013990991256377195,0.11903975379272125,NA,NA,NA
Saurodektes__time,-0.03372195324925815,-0.1073133969747702,0.007925616049695265,NA,NA,NA
Sauropareion__rotated_lat_scaled,0.06581731669604779,0.021076779812574387,0.06203982086540303,0.27996213509177326,0.17009882535785437,0.4528391994535923
Sauropareion__mean_scaled,0.054691236166399905,-0.023864803835749626,0.06507943837043956,NA,NA,NA
Sauropareion__Mod_R_deltaTMyr_scaled,-0.01935429113204009,-0.07688363641500473,0.025564616980304364,NA,NA,NA
Sauropareion__time,0.02289749883915647,-0.03591328486800194,0.038991801679399,NA,NA,NA
Sauropus__rotated_lat_scaled,0.0096959094966618,-0.010328029332766053,0.011130453616642095,0.785937201330089,0.4371449360623956,1.2270992137491703
Sauropus__mean_scaled,0.02713494476860129,-0.043955289055771715,0.04630170665506899,NA,NA,NA
Sauropus__Mod_R_deltaTMyr_scaled,0.021122254093771015,-0.04209855452919511,0.031222420329983968,NA,NA,NA
Sauropus__time,0.09795726616317506,0.2322693616405341,0.10302109729385091,NA,NA,NA
Saurorictus__rotated_lat_scaled,0.05645897877402604,0.0031199635701210154,0.056427456711631484,0.1754663855018225,0.07322296313941479,0.27315255370922387
Saurorictus__mean_scaled,-0.0029707360395332216,-0.030932537021131686,0.0777252373960068,NA,NA,NA
Saurorictus__Mod_R_deltaTMyr_scaled,-0.010905637710238806,-0.022727121307072287,0.02722420164044205,NA,NA,NA
Saurorictus__time,-0.02302659404464066,-0.08534779396471825,0.030298782147465616,NA,NA,NA
Saurosternon__rotated_lat_scaled,0.06757020993856713,-0.005843578087062384,0.04675797987129379,0.19210315884905868,0.08963726088404655,0.4695376083254814
Saurosternon__mean_scaled,-0.01464095177827403,-0.03258411665017817,0.02497590100220894,NA,NA,NA
Saurosternon__Mod_R_deltaTMyr_scaled,0.054303024233086035,-0.029230684409002776,0.10377141252155576,NA,NA,NA
Saurosternon__time,-0.07103949806652964,-0.06822910957655787,0.01617038450048745,NA,NA,NA
Saurosuchus__rotated_lat_scaled,0.07849906290415674,0.0019009602330348331,0.06086968057395591,0.2419759956546477,0.02669118158519268,0.5254688784480095
Saurosuchus__mean_scaled,0.022559801227762365,-0.019363607216114704,0.03962385335846182,NA,NA,NA
Saurosuchus__Mod_R_deltaTMyr_scaled,0.013829367804573849,-0.03330596485712673,0.06882207128187198,NA,NA,NA
Saurosuchus__time,-0.02882261080405442,-0.0851188768825946,0.022360072681256248,NA,NA,NA
Scelidosaurus__rotated_lat_scaled,0.018832321434294582,-0.05295683071017265,0.026542165301278856,0.9714688789309003,0.6675694063305855,1.261460468173027
Scelidosaurus__mean_scaled,0.02983183374176737,-0.06736575067043304,0.04146053599839519,NA,NA,NA
Scelidosaurus__Mod_R_deltaTMyr_scaled,0.022099143040106597,-0.03552990034222603,0.034569877009214385,NA,NA,NA
Scelidosaurus__time,0.08514707630604063,0.279629647731781,0.08910309958665753,NA,NA,NA
Scharschengia__rotated_lat_scaled,0.02373689752537757,0.0004018427571281791,0.03557366105966164,0.25010288131496056,0.1749340407550335,0.3488361871568486
Scharschengia__mean_scaled,0.06021044869208708,0.016518384218215942,0.08074492294118601,NA,NA,NA
Scharschengia__Mod_R_deltaTMyr_scaled,-0.01953056947226287,-0.06526263803243637,0.021171067331926526,NA,NA,NA
Scharschengia__time,0.029775730047549586,-0.0177756417542696,0.05418602656277179,NA,NA,NA
Schleitheimia__rotated_lat_scaled,0.016526559560679742,-0.007510083097081733,0.028165054058909098,0.09596043386345628,0.028074836358428,0.18281081225723028
Schleitheimia__mean_scaled,-0.03593416338204406,-0.0411534419544201,0.04040432116248376,NA,NA,NA
Schleitheimia__Mod_R_deltaTMyr_scaled,-0.04709805816877633,-0.04442427179216559,0.03340533835586327,NA,NA,NA
Schleitheimia__time,0.006555721331387758,-0.04279969187913379,0.08970096431828985,NA,NA,NA
Sclerocormus__rotated_lat_scaled,0.025747167747467756,0.009425677359104156,0.03748944291277824,0.24139994325494626,0.18678838573396206,0.31699546705931425
Sclerocormus__mean_scaled,0.054370701229199764,0.01593634858727455,0.07701487213821788,NA,NA,NA
Sclerocormus__Mod_R_deltaTMyr_scaled,-0.025932103015366012,-0.07921626418828964,0.01310018775245692,NA,NA,NA
Sclerocormus__time,0.03130380277143559,-0.004975996445864439,0.06407117509209291,NA,NA,NA
Sclerosaurus__rotated_lat_scaled,0.027168967504985632,0.003007482485787984,0.013859118131298942,0.23608808612349094,0.13664450170472264,0.42820827662944794
Sclerosaurus__mean_scaled,0.046924476115964356,-0.016643304432388636,0.07036943647002307,NA,NA,NA
Sclerosaurus__Mod_R_deltaTMyr_scaled,0.025168808662856465,-0.03766114784758607,0.08989204066263252,NA,NA,NA
Sclerosaurus__time,-0.019084540682524676,-0.08459051892861448,0.017555082631591435,NA,NA,NA
Sclerostropheus__rotated_lat_scaled,0.02030173343489878,-0.0017606614965114539,0.018635687736488868,0.08564200030872599,0.027493063360452652,0.19894432462751865
Sclerostropheus__mean_scaled,0.00420406098710373,-0.0303652371395722,0.0794850450083847,NA,NA,NA
Sclerostropheus__Mod_R_deltaTMyr_scaled,-0.0405615365318954,-0.033816354601686936,0.036108989913399614,NA,NA,NA
Sclerostropheus__time,-0.05421263210359029,-0.06994523548503062,0.05744595523727277,NA,NA,NA
Scoloparia_Temperate_N__rotated_lat_scaled,0.020337797010724898,-0.04514825459421391,0.02638873890136319,0.29771299360581904,0.05232169572263956,0.849380612373352
Scoloparia_Temperate_N__mean_scaled,-0.011414152537472546,-0.04961814052741856,0.048402640465720535,NA,NA,NA
Scoloparia_Temperate_N__Mod_R_deltaTMyr_scaled,-0.02263521459244657,-0.041775314173132745,0.026097409556078338,NA,NA,NA
Scoloparia_Temperate_N__time,0.15551418920280413,0.0006542205719640127,0.09078688897238389,NA,NA,NA
Scoloparia_Tropical_N__rotated_lat_scaled,0.02597511999309063,0.0027606131248825703,0.026253819199693787,0.14047083667683183,0.042970354785211384,0.23430931195616722
Scoloparia_Tropical_N__mean_scaled,-0.01239679582969984,-0.05408733529919016,0.06109170718602579,NA,NA,NA
Scoloparia_Tropical_N__Mod_R_deltaTMyr_scaled,-0.027589695596834645,-0.0498927039022952,0.028602141686274604,NA,NA,NA
Scoloparia_Tropical_N__time,-0.001428166411933489,-0.03466806264619843,0.0757280098235518,NA,NA,NA
Scolotosuchus__rotated_lat_scaled,0.017823849462147337,-0.008967081912479002,0.007601479298028304,0.3109019111377711,0.12455729162320495,0.8913517594337463
Scolotosuchus__mean_scaled,0.089556892036926,-0.0015346373908729598,0.05217766491178636,NA,NA,NA
Scolotosuchus__Mod_R_deltaTMyr_scaled,0.07486254687930341,-0.013870650840188401,0.11749290074861853,NA,NA,NA
Scolotosuchus__time,-0.02725175176281482,-0.11151511857926084,0.014403632937112769,NA,NA,NA
Scutarx__rotated_lat_scaled,0.021906238334777298,-0.008319284287182786,0.02837202775934041,0.1850532612095776,0.042080391896888614,0.3332754566981748
Scutarx__mean_scaled,-0.03650114584132098,-0.062231815786793314,0.03530715909816464,NA,NA,NA
Scutarx__Mod_R_deltaTMyr_scaled,-0.02157230271910521,-0.05379141852712262,0.031548815210916736,NA,NA,NA
Scutarx__time,0.06531009691301733,-0.011544970121702485,0.09644767582712416,NA,NA,NA
Scutosaurus__rotated_lat_scaled,0.024705594020197168,-0.004340406231480623,0.03550094449290733,0.16060283359780442,0.08451791107654572,0.23896717187017202
Scutosaurus__mean_scaled,-0.02197524081915617,-0.038209938618987076,0.06625122877680259,NA,NA,NA
Scutosaurus__Mod_R_deltaTMyr_scaled,-0.014027435879106633,-0.03188154466248202,0.0345708099771443,NA,NA,NA
Scutosaurus__time,0.015989541753660887,-0.0614555992098515,0.055352694648691726,NA,NA,NA
Scythosuchus__rotated_lat_scaled,0.023997162703599317,0.0009407951147295535,0.032925882242298476,0.25229306596156675,0.15974032366648316,0.35809228383004665
Scythosuchus__mean_scaled,0.05724175222101621,-0.01814841479063034,0.08316589950441233,NA,NA,NA
Scythosuchus__Mod_R_deltaTMyr_scaled,-0.016978388975840062,-0.07253745943307877,0.01941473104213277,NA,NA,NA
Scythosuchus__time,0.03212216549058212,-0.012658855877816677,0.05616916510670238,NA,NA,NA
Seazzadactylus__rotated_lat_scaled,0.029104702674085273,-0.000493513931443762,0.022896951676652143,0.0876292987971101,0.02902211621403694,0.1630047671496868
Seazzadactylus__mean_scaled,0.0060213272832334045,-0.0307863358399942,0.08736247795020277,NA,NA,NA
Seazzadactylus__Mod_R_deltaTMyr_scaled,-0.051630437484709545,-0.036822439633076784,0.020225358598930394,NA,NA,NA
Seazzadactylus__time,-0.0517766681977082,-0.06778519931828647,0.06119088966976065,NA,NA,NA
Selenichnus__rotated_lat_scaled,0.008743571446675832,-0.00834128642640367,0.012452003739277117,0.9002542967442423,0.5776583524420857,1.2249072641134262
Selenichnus__mean_scaled,0.030074552195489265,-0.023370854250486624,0.045591050427918896,NA,NA,NA
Selenichnus__Mod_R_deltaTMyr_scaled,0.022603907767772366,-0.02481319544915576,0.03880273435798735,NA,NA,NA
Selenichnus__time,0.0944883431122717,0.19241282484884728,0.0948298893703626,NA,NA,NA
Serpianosaurus__rotated_lat_scaled,0.013984965435229242,-0.01370850352597615,0.027518381501690496,0.19057029470073758,0.1218323833309114,0.2681192811578512
Serpianosaurus__mean_scaled,0.0044103515637107195,-0.029871269039816527,0.049065776046697374,NA,NA,NA
Serpianosaurus__Mod_R_deltaTMyr_scaled,0.018867520464409607,-0.042206094477576034,0.08301786799576018,NA,NA,NA
Serpianosaurus__time,-0.0026029172848211603,-0.05010162167943251,0.03207365235139791,NA,NA,NA
Shansisuchus__rotated_lat_scaled,0.016881502089679326,-0.02047268889374297,0.017745616609551977,0.34733707911720557,0.14594336226582527,0.6391909494996071
Shansisuchus__mean_scaled,0.06272719510803221,-0.02179917596136496,0.06794554506203704,NA,NA,NA
Shansisuchus__Mod_R_deltaTMyr_scaled,0.16244624020561824,-0.017761587526947512,0.09745602916349758,NA,NA,NA
Shansisuchus__time,-0.0861445628811206,-0.07585403634074578,0.008528487060459364,NA,NA,NA
Shastasaurus_Temperate_N__rotated_lat_scaled,0.024233213117695412,0.00031513666946486135,0.024109269771061075,0.09743677385617047,0.034722911193966866,0.178090650588274
Shastasaurus_Temperate_N__mean_scaled,-0.05628218517289497,-0.048583382083790164,0.013385965011801598,NA,NA,NA
Shastasaurus_Temperate_N__Mod_R_deltaTMyr_scaled,-0.05630074600048829,-0.06336719777316814,0.05811402420931182,NA,NA,NA
Shastasaurus_Temperate_N__time,0.029876117389649154,-0.024252045535307756,0.09606641890337149,NA,NA,NA
Shastasaurus_Tropical_S__rotated_lat_scaled,0.02740674446336925,0.003045421819401735,0.02952508020694889,0.12959341714602488,0.0488775884732604,0.27449535205960274
Shastasaurus_Tropical_S__mean_scaled,-0.005913449052604847,-0.043042557544949324,0.0773319268295155,NA,NA,NA
Shastasaurus_Tropical_S__Mod_R_deltaTMyr_scaled,-0.03228376529194065,-0.04309230712640325,0.03252575172643513,NA,NA,NA
Shastasaurus_Tropical_S__time,-0.015526487495008042,-0.052798045870850366,0.05229291913264645,NA,NA,NA
Shihtienfenia__rotated_lat_scaled,0.0033048387637417613,-0.012883715296193898,0.009380980361323019,0.9703780320566148,0.19998141564428806,1.7111532874405384
Shihtienfenia__mean_scaled,0.04039490963193229,-0.008304673587836452,0.05264100850966132,NA,NA,NA
Shihtienfenia__Mod_R_deltaTMyr_scaled,0.15010697505918177,-0.0042248963280630035,0.11514144131256616,NA,NA,NA
Shihtienfenia__time,-0.037896348932646706,-0.11047420351070786,0.014512247711995432,NA,NA,NA
Shonisaurus_Temperate_N__rotated_lat_scaled,0.020174685149618673,-0.02612696837795256,0.024927197645790593,0.6025361585730571,0.053416273556649685,1.0201705321669579
Shonisaurus_Temperate_N__mean_scaled,0.019931866627910477,-0.0640316971130226,0.041970362058953076,NA,NA,NA
Shonisaurus_Temperate_N__Mod_R_deltaTMyr_scaled,0.014984235657266554,-0.05649054371978911,0.031797714256349335,NA,NA,NA
Shonisaurus_Temperate_N__time,0.10081958708741345,0.010761720487963065,0.09298040393445296,NA,NA,NA
Shonisaurus_Tropical_N__rotated_lat_scaled,0.024346941135590897,0.0038341172541370267,0.03329274251988088,0.08938367699069204,0.03472675196826458,0.18731928803026676
Shonisaurus_Tropical_N__mean_scaled,-0.06545231082476675,-0.06346931759498388,0.020882553478404734,NA,NA,NA
Shonisaurus_Tropical_N__Mod_R_deltaTMyr_scaled,-0.04895917476620525,-0.05467570313637849,0.02539402394814569,NA,NA,NA
Shonisaurus_Tropical_N__time,0.02353784692386398,-0.021576585245575857,0.11210635794911465,NA,NA,NA
Shringasaurus__rotated_lat_scaled,0.036388589256528894,-0.0015365241550182925,0.0330388294764618,0.41381986724038144,0.16741827642545104,0.9570024907588959
Shringasaurus__mean_scaled,0.04907155602595666,-0.014357526253888959,0.04882682426438667,NA,NA,NA
Shringasaurus__Mod_R_deltaTMyr_scaled,0.11120632049742932,-0.023396610655883825,0.09838649647191798,NA,NA,NA
Shringasaurus__time,-0.0407560912577057,-0.09659682765801013,0.011423527682779495,NA,NA,NA
Shuangbaisaurus__rotated_lat_scaled,0.023555169516351677,-0.03899246835131782,0.03703658583187096,1.104434551890008,0.7053243778645992,1.4675510972738266
Shuangbaisaurus__mean_scaled,0.03100981466507511,-0.010763351408233436,0.04173904409737685,NA,NA,NA
Shuangbaisaurus__Mod_R_deltaTMyr_scaled,0.022321597513286197,-0.008061657313002122,0.0338957798817631,NA,NA,NA
Shuangbaisaurus__time,0.07902379282749618,0.19370496579535457,0.07900426808453505,NA,NA,NA
Shuvosaurus__rotated_lat_scaled,0.0013081990664698304,-0.024046905338235152,0.010053323227111891,0.4534436882906448,0.07758308947086334,0.8887403421103954
Shuvosaurus__mean_scaled,0.00939920683332604,-0.0884575213226937,0.04232437275620105,NA,NA,NA
Shuvosaurus__Mod_R_deltaTMyr_scaled,0.010275453501001225,-0.05829350338430964,0.035658004681044186,NA,NA,NA
Shuvosaurus__time,0.13492751512141204,0.03491044132243729,0.10363997723118883,NA,NA,NA
Sigmala__rotated_lat_scaled,0.023097177502932026,0.0032197525868792845,0.04271543025970459,0.1103943811080535,0.0380941666662693,0.19305104110389948
Sigmala__mean_scaled,-0.03758624762049294,-0.056127669055060746,0.01582411304116249,NA,NA,NA
Sigmala__Mod_R_deltaTMyr_scaled,-0.033388876500685,-0.043830567120953935,0.044459834694862366,NA,NA,NA
Sigmala__time,0.002361953204090241,-0.039149005133665815,0.06716392934322357,NA,NA,NA
Sikannisuchus__rotated_lat_scaled,0.0058859394843238984,-0.017034200770218395,0.029192327490167112,0.12090874289835483,0.03607666678726673,0.20596767449751496
Sikannisuchus__mean_scaled,-0.04911550374381477,-0.04182136488494415,0.014827493227747896,NA,NA,NA
Sikannisuchus__Mod_R_deltaTMyr_scaled,-0.033702130888123065,-0.04860642347196535,0.0372270699789394,NA,NA,NA
Sikannisuchus__time,0.0419300635237596,-0.0284254995956733,0.11042878719869155,NA,NA,NA
Silesaurus__rotated_lat_scaled,0.023560595066082896,-6.27859058940477e-05,0.029287318961067912,0.15083233021214254,0.05920876935124397,0.2642669975757599
Silesaurus__mean_scaled,-0.004126833180780522,-0.04488193081066597,0.06934444790434205,NA,NA,NA
Silesaurus__Mod_R_deltaTMyr_scaled,-0.027538517660577782,-0.058413357471869015,0.03345162895840828,NA,NA,NA
Silesaurus__time,0.0030267114652087913,-0.03252941453437217,0.05959228207172772,NA,NA,NA
Sillosuchus__rotated_lat_scaled,0.07380239095538854,0.00394302462219604,0.04855522732680448,0.23246463352057617,0.09072918072342873,0.34305135905742645
Sillosuchus__mean_scaled,0.013497591409250163,-0.024375363834221397,0.042720965573143234,NA,NA,NA
Sillosuchus__Mod_R_deltaTMyr_scaled,-0.00018483974738046528,-0.04492703402997294,0.07420139861983877,NA,NA,NA
Sillosuchus__time,-0.010560883618891239,-0.07052811548080291,0.026198086375759478,NA,NA,NA
Simosaurus_Temperate_N__rotated_lat_scaled,0.01664416528858363,-0.015892111752468182,0.02616945239599277,0.4223040707834298,0.05480684153735638,0.9062478542327881
Simosaurus_Temperate_N__mean_scaled,0.012294199879109078,-0.07382555187138812,0.043873097121587386,NA,NA,NA
Simosaurus_Temperate_N__Mod_R_deltaTMyr_scaled,0.00037052544260394885,-0.05204336594552764,0.029886064985776534,NA,NA,NA
Simosaurus_Temperate_N__time,0.1266014839119125,0.005873540846582718,0.09174706339218928,NA,NA,NA
Simosaurus_Tropical_S__rotated_lat_scaled,0.03252257348271087,0.001267563674357194,0.01874975414539753,0.2781963439565152,0.13534774910658598,0.6513718944042921
Simosaurus_Tropical_S__mean_scaled,0.049583899007411676,-0.01510326165501294,0.05079241012652754,NA,NA,NA
Simosaurus_Tropical_S__Mod_R_deltaTMyr_scaled,0.06829658593516796,-0.037896752460978664,0.10618432717496613,NA,NA,NA
Simosaurus_Tropical_S__time,-0.028117088990984484,-0.08415503828116679,0.015949186448654742,NA,NA,NA
Sinocyamodus__rotated_lat_scaled,0.02443945790757425,0.0020313858121366515,0.03339681821526783,0.13126927611305292,0.03923061862587929,0.22986687417142093
Sinocyamodus__mean_scaled,-0.009901965091085003,-0.03910859562966361,0.061539137911912636,NA,NA,NA
Sinocyamodus__Mod_R_deltaTMyr_scaled,-0.0320574413286522,-0.05600856694975272,0.03484813641168338,NA,NA,NA
Sinocyamodus__time,-0.007121149896993302,-0.04280171195552155,0.061891585356682106,NA,NA,NA
Sinosaurosphargis__rotated_lat_scaled,0.026989497407048476,0.005910996360929799,0.011148383157174568,0.2487091301313194,0.14336176123470068,0.4657937530428171
Sinosaurosphargis__mean_scaled,0.04616103023989126,-0.024937250463842434,0.055387235472647886,NA,NA,NA
Sinosaurosphargis__Mod_R_deltaTMyr_scaled,0.027771145612932743,-0.059603185018339784,0.1094291925273911,NA,NA,NA
Sinosaurosphargis__time,-0.008122917650762247,-0.05725804960154878,0.015710866738332392,NA,NA,NA
Sinosaurus__rotated_lat_scaled,0.022168540876188487,-0.02474976536888698,0.035325744847763484,1.1993835029611364,0.8357495097443461,1.6766306906938553
Sinosaurus__mean_scaled,0.03211550755844524,0.0182667377751346,0.040662753507258856,NA,NA,NA
Sinosaurus__Mod_R_deltaTMyr_scaled,0.02297549872051485,-0.0049818760004910305,0.032029887434123626,NA,NA,NA
Sinosaurus__time,0.07865082736706058,0.1473523923170446,0.08365729210639998,NA,NA,NA
Skybalonyx__rotated_lat_scaled,0.02452789163100533,0.001228020259255697,0.015205999544315342,0.09073962507245596,0.03378712572157383,0.16921583283692598
Skybalonyx__mean_scaled,-0.022505379610229283,-0.04435420557226179,0.0640421258757079,NA,NA,NA
Skybalonyx__Mod_R_deltaTMyr_scaled,-0.05991326882329304,-0.05157870532189996,0.0183566800034574,NA,NA,NA
Skybalonyx__time,-0.007279992647236213,-0.04118259808789514,0.0940708724720653,NA,NA,NA
Smilodonterpeton__rotated_lat_scaled,0.029472778481722344,-0.012211760079277479,0.04025120547050658,0.26344895100366555,0.05336644919589162,0.829145286232233
Smilodonterpeton__mean_scaled,-0.021252286958042533,-0.05356054363725424,0.046103715787602674,NA,NA,NA
Smilodonterpeton__Mod_R_deltaTMyr_scaled,-0.03919968536356464,-0.06130320099925058,0.01966494636359888,NA,NA,NA
Smilodonterpeton__time,0.13851777032134124,-0.008811984007018926,0.08565581027383783,NA,NA,NA
Smilosuchus__rotated_lat_scaled,0.01739386653804104,-0.017383424266182255,0.025178910362180118,0.21186763240373693,0.12795855849981308,0.3450024789199233
Smilosuchus__mean_scaled,-0.030668494139099493,-0.06468861161473863,0.0059004957385883575,NA,NA,NA
Smilosuchus__Mod_R_deltaTMyr_scaled,-0.003263816620892612,-0.042478308366896846,0.06741964312280173,NA,NA,NA
Smilosuchus__time,0.07249570210347883,-0.011337144474983471,0.09317662867197574,NA,NA,NA
Sophineta__rotated_lat_scaled,0.019929535570106884,0.007411818202170565,0.006517468964120312,0.3581312103336677,0.1381209958344698,1.097957836202113
Sophineta__mean_scaled,0.03590742822001645,-0.013868309628375625,0.019165477591804175,NA,NA,NA
Sophineta__Mod_R_deltaTMyr_scaled,0.08223567138395292,-0.07391811610787304,0.14756003260816217,NA,NA,NA
Sophineta__time,0.017837739348132896,-0.055512881188723114,0.018432698731459307,NA,NA,NA
Soturnia__rotated_lat_scaled,0.07755864212631511,0.000251926045771868,0.05940588153040269,0.3608436032575264,0.05322413332760334,0.9881613403558731
Soturnia__mean_scaled,0.0049159869319934,-0.05204734237691023,0.031190768844828895,NA,NA,NA
Soturnia__Mod_R_deltaTMyr_scaled,0.0014963374742462717,-0.07538762729029043,0.049944098656864416,NA,NA,NA
Soturnia__time,0.07193940798965438,-0.008704445101372417,0.051134928863449954,NA,NA,NA
Soumyasaurus__rotated_lat_scaled,0.026434214776963928,0.001564727806568887,0.023871122263687008,0.11869344020902645,0.042293297592550516,0.19702394306659698
Soumyasaurus__mean_scaled,-0.0069071820087265225,-0.02796418219525251,0.0718588438406226,NA,NA,NA
Soumyasaurus__Mod_R_deltaTMyr_scaled,-0.044434327248018234,-0.048285614141512494,0.024651839925219906,NA,NA,NA
Soumyasaurus__time,-0.012309639833401888,-0.0612024201926051,0.07129387186601643,NA,NA,NA
Sphenotitan__rotated_lat_scaled,0.08358047897914853,0.007701360388476114,0.06471444526037655,0.3801612319177366,0.04622534033842385,1.1613784283399582
Sphenotitan__mean_scaled,0.009164110540853808,-0.051267896433614187,0.032687737412703345,NA,NA,NA
Sphenotitan__Mod_R_deltaTMyr_scaled,0.011107762513551637,-0.06731772976841391,0.05083292078752489,NA,NA,NA
Sphenotitan__time,0.05205802248865516,-0.025003222909249237,0.043440574434941176,NA,NA,NA
Sphodrosaurus__rotated_lat_scaled,0.02311642003711313,0.0007953058802885792,0.020405011370426766,0.10170551523511677,0.029573126696050167,0.20811548735946417
Sphodrosaurus__mean_scaled,-0.03447503735427745,-0.05250050698460643,0.061654719653398096,NA,NA,NA
Sphodrosaurus__Mod_R_deltaTMyr_scaled,-0.05683646867284551,-0.06218225441773007,0.022805838526990918,NA,NA,NA
Sphodrosaurus__time,0.013990226702917425,-0.022000033200753277,0.0868101083447302,NA,NA,NA
Spinosuchus__rotated_lat_scaled,0.02213561935699545,-0.001967468449438442,0.02334062780176044,0.16317338806635234,0.04870973667129874,0.35694199887802824
Spinosuchus__mean_scaled,-0.01415136651834473,-0.03566809677627807,0.052173869011782475,NA,NA,NA
Spinosuchus__Mod_R_deltaTMyr_scaled,-0.02717498806247022,-0.03316860040022718,0.02782878714200361,NA,NA,NA
Spinosuchus__time,0.02645374876796268,-0.06508332309685753,0.08833239393999943,NA,NA,NA
Spondylolestes__rotated_lat_scaled,0.02044917776378364,-0.009029224432101208,0.015518440328347092,0.5850597806426231,0.06754306424409151,1.722360910847783
Spondylolestes__mean_scaled,0.04695246835110774,-0.016307455808432136,0.051817872665765936,NA,NA,NA
Spondylolestes__Mod_R_deltaTMyr_scaled,0.13820920496354605,-0.021572189687807643,0.11699746532918781,NA,NA,NA
Spondylolestes__time,-0.04970047655622825,-0.08897861879446023,0.007341899572245132,NA,NA,NA
Spondylosoma__rotated_lat_scaled,0.07198124146088958,0.008870032795643662,0.056440176449350704,0.24535247261301266,0.10115452902391553,0.4550039228051901
Spondylosoma__mean_scaled,0.016787745697656647,-0.03661573068608384,0.03432943421261326,NA,NA,NA
Spondylosoma__Mod_R_deltaTMyr_scaled,0.02384040779521456,-0.032867888755402946,0.07619205815878327,NA,NA,NA
Spondylosoma__time,-0.0231672968629573,-0.07527390207695808,0.02471400907479872,NA,NA,NA
Stagonolepis_Temperate_N__rotated_lat_scaled,0.025578478768002243,0.0011532404586090822,0.029080129570990453,0.11265091630470124,0.034027332440018654,0.20833510905504227
Stagonolepis_Temperate_N__mean_scaled,-0.01397994631435722,-0.036521929376467296,0.08547261431518156,NA,NA,NA
Stagonolepis_Temperate_N__Mod_R_deltaTMyr_scaled,-0.03193534600359271,-0.03275903281476295,0.026698084978477764,NA,NA,NA
Stagonolepis_Temperate_N__time,-0.022922644667560235,-0.06775976699018005,0.05042484903089617,NA,NA,NA
Stagonolepis_Tropical_N__rotated_lat_scaled,0.01974268899488379,-0.007536407498726502,0.03227565194788442,0.17716296173690352,0.05521458527073264,0.3182470537722111
Stagonolepis_Tropical_N__mean_scaled,-0.03307594585101469,-0.05828937491057997,0.01849705540964454,NA,NA,NA
Stagonolepis_Tropical_N__Mod_R_deltaTMyr_scaled,-0.02778164159535663,-0.05759494061952953,0.03679027854089058,NA,NA,NA
Stagonolepis_Tropical_N__time,0.062367485666181895,-0.012466765693965213,0.10411269199712643,NA,NA,NA
Stagonolepis_Tropical_S__rotated_lat_scaled,0.025292662184219807,0.0015319712212613359,0.03262074431850789,0.0913358361628343,0.038307392969727516,0.17791971191763878
Stagonolepis_Tropical_S__mean_scaled,-0.06159010759263765,-0.05854911643363403,0.029605669753002984,NA,NA,NA
Stagonolepis_Tropical_S__Mod_R_deltaTMyr_scaled,-0.04496218423126266,-0.050576516832818,0.0386603780010836,NA,NA,NA
Stagonolepis_Tropical_S__time,0.016685091280305642,-0.028293826677610517,0.09078888582295148,NA,NA,NA
Stagonosuchus__rotated_lat_scaled,0.05025176587482931,-0.002936872114840532,0.027443773200542067,0.3151356926483277,0.15554307773709297,0.6706564873456955
Stagonosuchus__mean_scaled,0.04870176191284623,-0.01703660887993493,0.03780665933072673,NA,NA,NA
Stagonosuchus__Mod_R_deltaTMyr_scaled,0.07552853218380191,-0.040649732640333995,0.11151859709040544,NA,NA,NA
Stagonosuchus__time,-0.018571685449268318,-0.07526427508769175,0.014906648273871722,NA,NA,NA
Staurikosaurus__rotated_lat_scaled,0.07635782337747514,0.006554814218512701,0.06530552224738752,0.2543256238869799,0.13319214479997754,0.4823991507291794
Staurikosaurus__mean_scaled,0.025299340134079102,-0.027244001113692407,0.04753690889652692,NA,NA,NA
Staurikosaurus__Mod_R_deltaTMyr_scaled,0.006589060463011265,-0.05154494250233339,0.058868306909571455,NA,NA,NA
Staurikosaurus__time,-0.009830974609794794,-0.06365335932528812,0.019964939842060075,NA,NA,NA
Stauromatodon__rotated_lat_scaled,0.017910268705454657,-0.003391424732783876,0.03649803251028061,0.1718930791116145,0.12138669332489371,0.24023934546858072
Stauromatodon__mean_scaled,-0.005993981460342183,-0.04860311685767783,0.028259823098778725,NA,NA,NA
Stauromatodon__Mod_R_deltaTMyr_scaled,-0.00015697493450716137,-0.057774248696507206,0.06661869585514069,NA,NA,NA
Stauromatodon__time,0.00422339227880002,-0.026118698435832293,0.0592975839972496,NA,NA,NA
Stegomus__rotated_lat_scaled,0.020519166013691574,-0.006870271546739774,0.029441976550083727,0.15669674784730886,0.04356842115521431,0.2929494450800121
Stegomus__mean_scaled,-0.037852541177126116,-0.05816048291153194,0.021290336376768124,NA,NA,NA
Stegomus__Mod_R_deltaTMyr_scaled,-0.03485841199522838,-0.06095433990088188,0.03425004967596321,NA,NA,NA
Stegomus__time,0.052978160483762624,-0.009902394363647612,0.1066933152927309,NA,NA,NA
Stenaulorhynchus__rotated_lat_scaled,0.040972860595225424,-0.008920318053499434,0.029402470688807268,0.3685243887775141,0.14519571885466576,0.7831947207450867
Stenaulorhynchus__mean_scaled,0.05067707604563422,-0.010434108825775968,0.04826100597860661,NA,NA,NA
Stenaulorhynchus__Mod_R_deltaTMyr_scaled,0.10784972844563473,-0.022222427210651513,0.09965822577781525,NA,NA,NA
Stenaulorhynchus__time,-0.04358929056428521,-0.09431063463287429,0.014353975450316839,NA,NA,NA
Stenomyti__rotated_lat_scaled,0.0221257574937772,-0.0024058670201107936,0.02112132984500596,0.11399994358864206,0.025927037000656128,0.2341764234006405
Stenomyti__mean_scaled,-0.01568327292567119,-0.032951431289857946,0.0853224652678626,NA,NA,NA
Stenomyti__Mod_R_deltaTMyr_scaled,-0.026589599919170724,-0.029321562558845587,0.026037687999773847,NA,NA,NA
Stenomyti__time,-0.0217633155825024,-0.07120862785398688,0.05919419478290356,NA,NA,NA
Stenoscelida__rotated_lat_scaled,0.06514606870361604,-0.006063247487421139,0.06120513370535499,0.16633253595598943,0.028521118685603142,0.6257441518828273
Stenoscelida__mean_scaled,-0.03268763325409964,-0.04545132236860479,0.03206291502629044,NA,NA,NA
Stenoscelida__Mod_R_deltaTMyr_scaled,-0.04199144700385659,-0.0559305433555833,0.036937132882106725,NA,NA,NA
Stenoscelida__time,0.019955172988120468,-0.028442375511191977,0.06147049628179381,NA,NA,NA
Stereosternum_Antarctic__rotated_lat_scaled,0.035615241000487005,-0.005149030868814569,0.013751251040159656,0.21268024762350252,0.004001207649707794,0.6605945415794849
Stereosternum_Antarctic__mean_scaled,0.15530563369451555,-0.029816772558434505,0.10159100463666097,NA,NA,NA
Stereosternum_Antarctic__Mod_R_deltaTMyr_scaled,0.0583868578390684,-0.01272096961867445,0.045607906782791245,NA,NA,NA
Stereosternum_Antarctic__time,-0.19253785943277762,-0.08820071567687769,0.030725515435934086,NA,NA,NA
Stereosternum_Temperate_S__rotated_lat_scaled,0.01779675777070224,-0.006545233895472962,0.011674211122634063,0.23408065846131648,0.07503063511103392,0.7911957949399948
Stereosternum_Temperate_S__mean_scaled,0.4529997228877619,-0.006532039157253606,0.1143695960423294,NA,NA,NA
Stereosternum_Temperate_S__Mod_R_deltaTMyr_scaled,0.13049409985134844,-0.007820101579289758,0.05869078759542859,NA,NA,NA
Stereosternum_Temperate_S__time,-0.5231202965707052,-0.11499011409078488,0.006941083135153932,NA,NA,NA
Styracocephalus__rotated_lat_scaled,0.04982703319794382,-0.0033090832612988033,0.04376530709843956,0.16416493650365738,0.04050407651811838,0.36831761058419943
Styracocephalus__mean_scaled,-0.05067966656642966,-0.02770557134483077,0.01646090557596537,NA,NA,NA
Styracocephalus__Mod_R_deltaTMyr_scaled,0.03705420177837368,-0.01970892669845427,0.10212172697436217,NA,NA,NA
Styracocephalus__time,-0.027947006428439634,-0.08516390741821736,0.029327738246778853,NA,NA,NA
Syntarsus__rotated_lat_scaled,0.017020721595617943,-0.007216273554820817,0.01422062681469439,0.29041275384661275,0.052273284643888474,0.7929943688213825
Syntarsus__mean_scaled,-0.023387861041119323,-0.06684194613961408,0.03568039891226684,NA,NA,NA
Syntarsus__Mod_R_deltaTMyr_scaled,-0.013263329342007637,-0.06337865640259012,0.04133566480446775,NA,NA,NA
Syntarsus__time,0.1541328481119126,0.0015493873742238144,0.10043898736411698,NA,NA,NA
Syntomiprosopus__rotated_lat_scaled,0.022487703538499774,-0.0012517568082416456,0.015374056877312872,0.10174429128826887,0.03022586740553379,0.22324009239673615
Syntomiprosopus__mean_scaled,-0.0026350053120404483,-0.03277616727385347,0.07456270075765133,NA,NA,NA
Syntomiprosopus__Mod_R_deltaTMyr_scaled,-0.017329667251033243,-0.029861404900393494,0.05154424687166803,NA,NA,NA
Syntomiprosopus__time,-0.05668911420936638,-0.07199815974031261,0.05019467338891374,NA,NA,NA
Tachiraptor__rotated_lat_scaled,-0.00865346375158689,-0.09753033723044548,0.014129683998286317,0.6044272972783074,0.18410271033644676,1.0002741944044828
Tachiraptor__mean_scaled,0.023383197612477643,-0.05317938145602617,0.04221572063368872,NA,NA,NA
Tachiraptor__Mod_R_deltaTMyr_scaled,0.01908620761750395,-0.11685881118848623,0.03834732706829177,NA,NA,NA
Tachiraptor__time,0.12209443304381444,0.13168104115215667,0.09698294619527914,NA,NA,NA
Tanaisosaurus__rotated_lat_scaled,0.024629130268585868,0.0017031263560056686,0.03439101501056659,0.2502344189357245,0.16301638493314385,0.3430278841406107
Tanaisosaurus__mean_scaled,0.05604240186745301,-0.018733447417616844,0.0788221942524434,NA,NA,NA
Tanaisosaurus__Mod_R_deltaTMyr_scaled,-0.015632703427691012,-0.0704718828201294,0.02167541427708833,NA,NA,NA
Tanaisosaurus__time,0.0292852157051675,-0.023028261959552765,0.05678705435544763,NA,NA,NA
Tanystropheus_Temperate_N__rotated_lat_scaled,0.02052044359958083,-0.008533982680713013,0.028221228786965962,0.5836835211668949,0.03828401304781437,0.9364338591694832
Tanystropheus_Temperate_N__mean_scaled,0.019196231549347662,-0.06083223052158733,0.04091871734511383,NA,NA,NA
Tanystropheus_Temperate_N__Mod_R_deltaTMyr_scaled,0.013682319371035442,-0.07517753208551131,0.0340460277151164,NA,NA,NA
Tanystropheus_Temperate_N__time,0.1025113800022452,0.008656256565010442,0.08848970404834977,NA,NA,NA
Tanystropheus_Tropical_N__rotated_lat_scaled,0.019580621717032044,-0.0001356719844147763,0.031236108221107325,0.1800824510442908,0.09670035005547106,0.24531236290931702
Tanystropheus_Tropical_N__mean_scaled,0.00037078489229315894,-0.041605869465928355,0.04088309280663794,NA,NA,NA
Tanystropheus_Tropical_N__Mod_R_deltaTMyr_scaled,0.004555788167053833,-0.052935512260861003,0.07305768086771094,NA,NA,NA
Tanystropheus_Tropical_N__time,-0.0003351182542974129,-0.04121043501159707,0.04649879600008973,NA,NA,NA
Tanystropheus_Tropical_S__rotated_lat_scaled,0.03326459009665996,0.0026483996814618263,0.017100897898948163,0.27682566601142755,0.11991867795586586,0.559906717389822
Tanystropheus_Tropical_S__mean_scaled,0.05031999525497668,-0.0293016264662045,0.03962274581611697,NA,NA,NA
Tanystropheus_Tropical_S__Mod_R_deltaTMyr_scaled,0.05934179204981774,-0.0380290994876783,0.11515143808526429,NA,NA,NA
Tanystropheus_Tropical_S__time,-0.022011085912236012,-0.07120516245038024,0.019800596095216526,NA,NA,NA
Tanytrachelos__rotated_lat_scaled,0.016963127315975726,-0.012017832131835882,0.02388868600512716,0.18116965836423332,0.06115514412522316,0.2909739315509796
Tanytrachelos__mean_scaled,-0.036116737395495875,-0.05772368835065985,0.02770966771675821,NA,NA,NA
Tanytrachelos__Mod_R_deltaTMyr_scaled,-0.02670386028854409,-0.061678786975307515,0.040666149173396816,NA,NA,NA
Tanytrachelos__time,0.0711167542100884,-0.004467181264997958,0.09941117500026375,NA,NA,NA
Tarjadia__rotated_lat_scaled,0.0848873208463192,0.01191991552208483,0.06750629091801984,0.28928198211448036,0.11169514339417219,0.5886187120340765
Tarjadia__mean_scaled,0.022076383441744837,-0.04230752713553642,0.0423162372050599,NA,NA,NA
Tarjadia__Mod_R_deltaTMyr_scaled,0.04886736575048417,-0.03967658878957682,0.0699393117656353,NA,NA,NA
Tarjadia__time,-0.02245946244627703,-0.06582328831977281,0.01191383800683094,NA,NA,NA
Tarsodactylus__rotated_lat_scaled,0.009260796115720223,-0.010448888875544071,0.013845460413440288,0.8212556479382329,0.5130806528031826,1.1932194419205189
Tarsodactylus__mean_scaled,0.028444017690774495,-0.035431575030088425,0.04481081046291984,NA,NA,NA
Tarsodactylus__Mod_R_deltaTMyr_scaled,0.021984031032383278,-0.06343425810337067,0.03705260871220188,NA,NA,NA
Tarsodactylus__time,0.09622152968333117,0.19845964014530182,0.09596679830698394,NA,NA,NA
Tasmaniosaurus__rotated_lat_scaled,0.012379338011899124,-0.014296321289733932,0.01881691624880521,1.0560596157656983,0.2034279452636838,1.8101669028401375
Tasmaniosaurus__mean_scaled,0.036206832724006495,-0.007409685493052232,0.04611114016761321,NA,NA,NA
Tasmaniosaurus__Mod_R_deltaTMyr_scaled,0.1371765097099764,-0.005675207784822842,0.10866995448303979,NA,NA,NA
Tasmaniosaurus__time,-0.02985230592367288,-0.1085062741551922,0.018077666996087746,NA,NA,NA
Tawa__rotated_lat_scaled,0.019214242053130874,-0.002307945822330692,0.03330727613504903,0.191816931481153,0.09945868328213692,0.34110304713249207
Tawa__mean_scaled,-0.028854078019503505,-0.05854387102864108,0.013408530699084705,NA,NA,NA
Tawa__Mod_R_deltaTMyr_scaled,-0.023441425578203053,-0.06563170173452254,0.03286724928602435,NA,NA,NA
Tawa__time,0.06898781850351952,-0.0094039701373069,0.11209262177538787,NA,NA,NA
Taytalura__rotated_lat_scaled,0.05909998044196982,0.007729366455473118,0.0650292639522492,0.1846652086704853,0.04871234076563269,0.29088337140274234
Taytalura__mean_scaled,-0.002536565815098584,-0.04982096231308817,0.04610249166434347,NA,NA,NA
Taytalura__Mod_R_deltaTMyr_scaled,-0.037853704513981935,-0.06051553359367313,0.03466071278745969,NA,NA,NA
Taytalura__time,0.010045124035386835,-0.03328035927151303,0.045883209491493604,NA,NA,NA
Technosaurus__rotated_lat_scaled,0.026028388432459904,0.002949555388811539,0.034914620661961715,0.1106416612634348,0.02429875358939171,0.19442730583250523
Technosaurus__mean_scaled,-0.06026158761000261,-0.05891001505183824,0.011311152297211538,NA,NA,NA
Technosaurus__Mod_R_deltaTMyr_scaled,-0.04141338236673619,-0.05381106797425552,0.03152276226014175,NA,NA,NA
Technosaurus__time,0.030377868285504518,-0.02611596108551899,0.11392714267623097,NA,NA,NA
Tecovasaurus__rotated_lat_scaled,0.02501397402898874,-0.0018984448875557097,0.030201903805340508,0.19380578192121903,0.050631795078516006,0.3983037546277046
Tecovasaurus__mean_scaled,-0.03168537214573007,-0.0696091633170284,0.017065274699030183,NA,NA,NA
Tecovasaurus__Mod_R_deltaTMyr_scaled,-0.026972031930927187,-0.05496380525597589,0.0339427009215795,NA,NA,NA
Tecovasaurus__time,0.07153883744667837,-0.009416075262241202,0.11046579846959578,NA,NA,NA
Tecovasuchus__rotated_lat_scaled,0.02234272960165981,-0.004503570944970303,0.02898019311534102,0.18403625137085328,0.07645776588469744,0.3296952601522207
Tecovasuchus__mean_scaled,-0.032242705498356374,-0.054708704441541224,0.02054579877802037,NA,NA,NA
Tecovasuchus__Mod_R_deltaTMyr_scaled,-0.02061009284312604,-0.06043751103630291,0.03855392574956414,NA,NA,NA
Tecovasuchus__time,0.058635945588466715,-0.016237702299986775,0.1035957602526204,NA,NA,NA
Teleocrater__rotated_lat_scaled,0.046365009109914326,-0.010475460009582377,0.027658427867150604,0.3418739530604216,0.10116248996928334,0.7813824638724327
Teleocrater__mean_scaled,0.03202972699758264,-0.02482502183363155,0.025674036239692857,NA,NA,NA
Teleocrater__Mod_R_deltaTMyr_scaled,0.09684036717575237,-0.04197801729812016,0.12224810190652725,NA,NA,NA
Teleocrater__time,-0.019324728761040185,-0.05860898958146713,0.016095111882175252,NA,NA,NA
Temnodontosaurus__rotated_lat_scaled,0.01809218247389962,-0.022440221303151264,0.02596287629346219,1.0197037792176706,0.7346985284239054,1.316832773387432
Temnodontosaurus__mean_scaled,0.030698662002604314,-0.0034212119919974624,0.045932053095105466,NA,NA,NA
Temnodontosaurus__Mod_R_deltaTMyr_scaled,0.02254346871933595,-0.009877206780641532,0.032141264504796326,NA,NA,NA
Temnodontosaurus__time,0.08457606132636927,0.1716261287985915,0.08763948400218198,NA,NA,NA
Teraterpeton__rotated_lat_scaled,0.025016765827313065,0.003204503456433318,0.022482500094042655,0.1359499557390518,0.03911823779344559,0.26872232742607594
Teraterpeton__mean_scaled,-0.009982608304126188,-0.05406977349231414,0.051007608478069774,NA,NA,NA
Teraterpeton__Mod_R_deltaTMyr_scaled,-0.014069295526714995,-0.04633936901587336,0.05799917177491431,NA,NA,NA
Teraterpeton__time,-0.020925280779629248,-0.03868284967104702,0.060186397548519226,NA,NA,NA
Teratophon__rotated_lat_scaled,0.04950928943698938,-0.009446168507348397,0.04410521097748509,0.3999944724503439,0.11803963035345078,0.9319364354014397
Teratophon__mean_scaled,0.04246965987794642,-0.01628096836300013,0.03767241954939311,NA,NA,NA
Teratophon__Mod_R_deltaTMyr_scaled,0.09023457168139483,-0.028717809964526143,0.09907464760590899,NA,NA,NA
Teratophon__time,-0.026303146474121478,-0.08144254188792653,0.01082339976275876,NA,NA,NA
Teratosaurus_Temperate_N__rotated_lat_scaled,0.023625523005612194,-0.0069992898612018,0.02139643982941721,0.13313502689488815,0.02881314978003502,0.20016523823142052
Teratosaurus_Temperate_N__mean_scaled,-0.009121442630857927,-0.03582010826571336,0.05289364542701085,NA,NA,NA
Teratosaurus_Temperate_N__Mod_R_deltaTMyr_scaled,-0.042535052178427575,-0.03900824745814355,0.022127394762249397,NA,NA,NA
Teratosaurus_Temperate_N__time,0.005255624176352285,-0.0540598431377425,0.0952581978768685,NA,NA,NA
Teratosaurus_Temperate_S__rotated_lat_scaled,0.04035458693932941,-0.002448083369075073,0.012571225744067053,0.3627418788919022,0.13790471269749105,1.1084521263837814
Teratosaurus_Temperate_S__mean_scaled,0.07291759730595615,-0.0015567676961521764,0.049455196673511885,NA,NA,NA
Teratosaurus_Temperate_S__Mod_R_deltaTMyr_scaled,0.07757265767250714,-0.016940698716880868,0.11401538509849853,NA,NA,NA
Teratosaurus_Temperate_S__time,-0.034934467395583535,-0.11494193894069309,0.015633870379468496,NA,NA,NA
Termatosaurus__rotated_lat_scaled,0.021591581709019696,-0.016582419430031692,0.03232654493248054,0.6319031354998879,0.06333095952868462,0.9716013222932816
Termatosaurus__mean_scaled,0.020721712877948533,-0.07139627111119351,0.04214776322382864,NA,NA,NA
Termatosaurus__Mod_R_deltaTMyr_scaled,0.016276479625531567,-0.05307447457234086,0.03155284459917744,NA,NA,NA
Termatosaurus__time,0.09732060030970936,0.005165676390764855,0.08564852514005934,NA,NA,NA
Terrestrisuchus__rotated_lat_scaled,0.023742297815624626,0.0009297996324532374,0.03989331525414035,0.12138729517071624,0.03684937208890915,0.20391545444726944
Terrestrisuchus__mean_scaled,-0.02603317828368745,-0.055566650951801695,0.056425283913420575,NA,NA,NA
Terrestrisuchus__Mod_R_deltaTMyr_scaled,-0.03928347646200564,-0.050805525132236955,0.022006630616363404,NA,NA,NA
Terrestrisuchus__time,0.007051277578575536,-0.03044511227121581,0.07335044811162163,NA,NA,NA
Tetrasauropus_Temperate_N__rotated_lat_scaled,0.027386553650721908,-0.0027052899887746516,0.02240939621025758,0.08331929633408436,0.025607846677303314,0.17393462359905243
Tetrasauropus_Temperate_N__mean_scaled,-0.0029750097331998405,-0.031372825178676435,0.06460419395827069,NA,NA,NA
Tetrasauropus_Temperate_N__Mod_R_deltaTMyr_scaled,-0.053945131239015606,-0.04119726680337943,0.042849712910158246,NA,NA,NA
Tetrasauropus_Temperate_N__time,-0.04305749086663127,-0.06061210675197069,0.061812374816859444,NA,NA,NA
Tetrasauropus_Temperate_S__rotated_lat_scaled,0.07192968050017953,0.007928615805218557,0.05286554361684986,0.2571155909360459,0.1067024003714323,0.4838289748877287
Tetrasauropus_Temperate_S__mean_scaled,0.019408758453209884,-0.01948917487221034,0.04501991075404679,NA,NA,NA
Tetrasauropus_Temperate_S__Mod_R_deltaTMyr_scaled,0.02312782788882032,-0.06056100226781054,0.07321011024741664,NA,NA,NA
Tetrasauropus_Temperate_S__time,-0.013261050428372983,-0.06376592738799888,0.02058011327723268,NA,NA,NA
Teyujagua__rotated_lat_scaled,0.046574591741143916,0.009410349948566876,0.019864848629877627,0.3371684377628844,0.1219087764620781,0.8015464767813683
Teyujagua__mean_scaled,0.0567207313103901,-0.011767923963581303,0.03714597581817823,NA,NA,NA
Teyujagua__Mod_R_deltaTMyr_scaled,0.03077747846065255,-0.09080070200778534,0.11615586413419031,NA,NA,NA
Teyujagua__time,0.02183757301002258,-0.042729212700001434,0.018508989313299796,NA,NA,NA
Teyumbaita__rotated_lat_scaled,0.07283441125384559,0.016706136012587115,0.05531762379099992,0.4034896628972001,0.10822419077157974,1.005843624472618
Teyumbaita__mean_scaled,0.010184245346830356,-0.04864610345693154,0.04665333717584591,NA,NA,NA
Teyumbaita__Mod_R_deltaTMyr_scaled,0.011369242481657379,-0.08409390683810013,0.04140549105513551,NA,NA,NA
Teyumbaita__time,0.06152247543987583,-0.01985361444035665,0.04829922587356461,NA,NA,NA
Thadeosaurus__rotated_lat_scaled,0.06231331445043906,0.002504332425248852,0.033377760129537776,0.27649655790202815,0.10318595636636019,0.6268553156405687
Thadeosaurus__mean_scaled,-0.008817117732069163,-0.022216236943586185,0.014695454754374414,NA,NA,NA
Thadeosaurus__Mod_R_deltaTMyr_scaled,0.10140646102838219,-0.015532131485515422,0.1275031725131978,NA,NA,NA
Thadeosaurus__time,-0.03431647436693311,-0.10064345271894845,0.016099290498435993,NA,NA,NA
Thaisaurus__rotated_lat_scaled,0.033324653664603826,0.012148339301347733,0.03646335694821098,0.2550641400238965,0.18280500662513077,0.3514054473489523
Thaisaurus__mean_scaled,0.056428789340425285,0.013419189490377903,0.07862615098306075,NA,NA,NA
Thaisaurus__Mod_R_deltaTMyr_scaled,-0.020309923290478763,-0.0642823874950409,0.024659996635048975,NA,NA,NA
Thaisaurus__time,0.029710245787136956,-0.01710513047873974,0.05192617332922527,NA,NA,NA
Thalassiodracon__rotated_lat_scaled,0.015709242718338852,-0.023074289209931837,0.02313052928370102,1.1017847123963294,0.8216823861002922,1.398730382323265
Thalassiodracon__mean_scaled,0.03199579068200657,0.02352268187463167,0.04506951063874846,NA,NA,NA
Thalassiodracon__Mod_R_deltaTMyr_scaled,0.023498057799068946,-0.00480182761174185,0.03620174407033721,NA,NA,NA
Thalassiodracon__time,0.08470728332279479,0.14024092366984323,0.08727389390275928,NA,NA,NA
Thalattoarchon__rotated_lat_scaled,0.026613721005269327,0.012599486887366172,0.039761922268206795,0.20809829873234775,0.142304871318629,0.28323779074708
Thalattoarchon__mean_scaled,0.03546328967669979,-0.025070347725160435,0.080475991129489,NA,NA,NA
Thalattoarchon__Mod_R_deltaTMyr_scaled,-0.02095347104477696,-0.0979636855129987,0.0217342317042656,NA,NA,NA
Thalattoarchon__time,0.011064384572946437,-0.025452942372008246,0.049703532793584554,NA,NA,NA
Thalattosaurus__rotated_lat_scaled,0.02777348201023415,-0.0024835591554352165,0.016191389338779373,0.2629818740891642,0.05754554772283882,0.5989008322358131
Thalattosaurus__mean_scaled,0.05678818289103219,-0.015215178216039602,0.06468147665559339,NA,NA,NA
Thalattosaurus__Mod_R_deltaTMyr_scaled,0.07377145414648112,-0.016200963707580646,0.09974391100528669,NA,NA,NA
Thalattosaurus__time,-0.051261619480792435,-0.10198778764374575,0.011058900895886502,NA,NA,NA
Thecodontosaurus__rotated_lat_scaled,0.019046563323199116,-0.014598649926483631,0.026201094076617273,0.7481671405478846,0.48956242855638266,1.0044025294482708
Thecodontosaurus__mean_scaled,0.025064900753275804,-0.09450671076774597,0.037792850087212046,NA,NA,NA
Thecodontosaurus__Mod_R_deltaTMyr_scaled,0.019559968294767936,-0.06766846776008606,0.037451480361665915,NA,NA,NA
Thecodontosaurus__time,0.09223894215096631,0.21437081694602966,0.09023025337005071,NA,NA,NA
Theledectes__rotated_lat_scaled,0.0626363362709526,-0.0008281909905330643,0.03241823439159942,0.29723612376074016,0.16019107808824629,0.7361516170203686
Theledectes__mean_scaled,0.03665005615679547,-0.037499697357989394,0.028188657624302196,NA,NA,NA
Theledectes__Mod_R_deltaTMyr_scaled,0.05918753897305578,-0.04575209967399475,0.1167279107814241,NA,NA,NA
Theledectes__time,-0.01714818216227286,-0.05180750070028399,0.014340875098220247,NA,NA,NA
Thelephon__rotated_lat_scaled,0.0577748918836005,0.012483609700011212,0.042662279538389844,0.25306350518076215,0.16276824567466974,0.3707861788570881
Thelephon__mean_scaled,0.041160049815080126,-0.018072865568350464,0.0389982055293917,NA,NA,NA
Thelephon__Mod_R_deltaTMyr_scaled,-0.0029764033178798855,-0.07752083866340002,0.08676868515500748,NA,NA,NA
Thelephon__time,0.0011945922777522355,-0.052777394191061935,0.02324650767275696,NA,NA,NA
Thelerpeton__rotated_lat_scaled,0.06257873230804357,0.003484711751134564,0.03826385005250616,0.3218989159658668,0.13207899942062795,0.7840906977653503
Thelerpeton__mean_scaled,0.04543174711369952,-0.02196408939445209,0.03611267251691835,NA,NA,NA
Thelerpeton__Mod_R_deltaTMyr_scaled,0.06039500593457799,-0.044006082813058844,0.10135876793105714,NA,NA,NA
Thelerpeton__time,-0.012495110834111936,-0.07340202826642483,0.01594038739506433,NA,NA,NA
Tholodus_Temperate_N__rotated_lat_scaled,0.0215588841738645,-0.006859775734274192,0.016096544648709656,0.2852740818922757,0.13840599358081818,0.6486037210561335
Tholodus_Temperate_N__mean_scaled,0.05703935992816696,-0.02768882822477133,0.06003201522950342,NA,NA,NA
Tholodus_Temperate_N__Mod_R_deltaTMyr_scaled,0.0799504070484545,-0.03848404678612229,0.09891486259079844,NA,NA,NA
Tholodus_Temperate_N__time,-0.029184943780419418,-0.0628548379776334,0.016632255426534445,NA,NA,NA
Tholodus_Tropical_N__rotated_lat_scaled,0.027347988514229656,0.0035729978158468034,0.012247601436411442,0.22357028557833472,0.031371790915727615,0.46771454345434904
Tholodus_Tropical_N__mean_scaled,0.026538436610717326,-0.019236639003030055,0.028445505419605444,NA,NA,NA
Tholodus_Tropical_N__Mod_R_deltaTMyr_scaled,0.014742428259069129,-0.057014922441239416,0.13055213506586863,NA,NA,NA
Tholodus_Tropical_N__time,-0.0009689423278905451,-0.06320892509437855,0.020430435973660455,NA,NA,NA
Thuringothyris__rotated_lat_scaled,0.031676337548997256,0.0014668889894359975,0.006860970843523712,0.21728338000713848,0.05044077709317207,0.7975191883742809
Thuringothyris__mean_scaled,0.39522020359232557,-0.007316171307325868,0.11658546455004073,NA,NA,NA
Thuringothyris__Mod_R_deltaTMyr_scaled,0.14831386028963606,-0.01270777714752128,0.061475989776948715,NA,NA,NA
Thuringothyris__time,-0.5138373959460296,-0.11733042925739007,0.006753252725032795,NA,NA,NA
Tichvinskia__rotated_lat_scaled,0.026008412326555118,-0.0025454885326325893,0.0391944986946966,0.2304114613892307,0.11251773510593921,0.2984920470044017
Tichvinskia__mean_scaled,0.04392178716720082,-0.018099002540111542,0.08180046925320601,NA,NA,NA
Tichvinskia__Mod_R_deltaTMyr_scaled,-0.024999747903057142,-0.07097972929477692,0.016363422125628583,NA,NA,NA
Tichvinskia__time,0.02957063527632272,-0.011278419755399227,0.054317287822014775,NA,NA,NA
Ticinosuchus__rotated_lat_scaled,0.028025672476214823,0.0012730638497434365,0.01326769012956164,0.25394832350459184,0.1164798941463232,0.48511870577931404
Ticinosuchus__mean_scaled,0.049096324470592666,-0.01775692912294603,0.06226718015390495,NA,NA,NA
Ticinosuchus__Mod_R_deltaTMyr_scaled,0.07094182586064562,-0.02553361456648981,0.10197959729280658,NA,NA,NA
Ticinosuchus__time,-0.05002587382507045,-0.0938700088831088,0.014161210319272798,NA,NA,NA
Tikisuchus__rotated_lat_scaled,0.04734318448347039,0.00687413381662519,0.043063182526180147,0.19780948758037994,0.044217353337444365,0.30266652069985867
Tikisuchus__mean_scaled,0.0007910247601103038,-0.0544262121940826,0.050915427913861194,NA,NA,NA
Tikisuchus__Mod_R_deltaTMyr_scaled,-0.014143434451543726,-0.06217709858472757,0.05388174494833924,NA,NA,NA
Tikisuchus__time,0.007908338266133796,-0.026158311760616233,0.043815322507165355,NA,NA,NA
Timanophon__rotated_lat_scaled,0.025120761680882425,-0.005644496995955706,0.036438180503209794,0.23410906616103602,0.1150302872993052,0.31110053695738316
Timanophon__mean_scaled,0.045550195085816085,-0.006704757921397686,0.08035616190174066,NA,NA,NA
Timanophon__Mod_R_deltaTMyr_scaled,-0.022081726678006817,-0.06621019542217255,0.018622154130203614,NA,NA,NA
Timanophon__time,0.029609461550135167,-0.00980285368859768,0.0562591813603919,NA,NA,NA
Toretocnemus__rotated_lat_scaled,0.027473471626872196,0.0015047508670141688,0.031168416670962013,0.13827013163871016,0.03284933464601636,0.2701377561315894
Toretocnemus__mean_scaled,-0.0011184384056832641,-0.03905969293134128,0.06867081877476933,NA,NA,NA
Toretocnemus__Mod_R_deltaTMyr_scaled,-0.03402933629375184,-0.04108123557634659,0.030943105337335276,NA,NA,NA
Toretocnemus__time,-0.009965939810936107,-0.05725131108212749,0.06089333711247935,NA,NA,NA
Trachelosaurus__rotated_lat_scaled,0.02532335484298528,0.008706550113856792,0.04082474112510681,0.21374751426410513,0.1417858488857746,0.27442941069602966
Trachelosaurus__mean_scaled,0.02719897745293565,-0.045575227588415146,0.06353013217449188,NA,NA,NA
Trachelosaurus__Mod_R_deltaTMyr_scaled,-0.022482634196639994,-0.06022647023200989,0.0196992177516222,NA,NA,NA
Trachelosaurus__time,0.027797441642615012,-0.001162862521596253,0.06513751298189163,NA,NA,NA
Trialestes__rotated_lat_scaled,0.056101603660499676,-0.0016179235083507008,0.061420151059515045,0.16296358069121197,0.047371504828333855,0.2965074563398957
Trialestes__mean_scaled,0.0069469391493475995,-0.03721067591328181,0.056049727213557436,NA,NA,NA
Trialestes__Mod_R_deltaTMyr_scaled,-0.04122407282935456,-0.04649641434316717,0.02287056944446424,NA,NA,NA
Trialestes__time,-0.014771263811489917,-0.050562474958001535,0.051335230178009235,NA,NA,NA
Tricuspisaurus__rotated_lat_scaled,0.020479294757678873,-0.020572502107290728,0.023710301965650667,0.29472120647071276,0.03516106457391288,0.8437429703772068
Tricuspisaurus__mean_scaled,-0.024765069647692144,-0.05899657925060504,0.047228514246328256,NA,NA,NA
Tricuspisaurus__Mod_R_deltaTMyr_scaled,-0.02032673363108188,-0.060562968127138954,0.03303144022282279,NA,NA,NA
Tricuspisaurus__time,0.16342334046959878,0.004244560762233512,0.08770542146074425,NA,NA,NA
Trihamus__rotated_lat_scaled,0.009368295592191773,-0.009140015812858289,0.013276003427417311,0.8079066375159891,0.5405321605503559,1.1846382394433022
Trihamus__mean_scaled,0.028209401642259442,-0.027266551442536993,0.042590934343347035,NA,NA,NA
Trihamus__Mod_R_deltaTMyr_scaled,0.021648394104493714,-0.040730495785763945,0.043673217037301613,NA,NA,NA
Trihamus__time,0.0966842831832642,0.21302455176396046,0.09213552308747999,NA,NA,NA
Trilophosaurus__rotated_lat_scaled,0.021635081639979035,-0.009925822600729025,0.027847120610947268,0.2204831471836951,0.11023844260489568,0.3432605769485235
Trilophosaurus__mean_scaled,-0.02612848879696685,-0.06093492881000322,0.0217780005645696,NA,NA,NA
Trilophosaurus__Mod_R_deltaTMyr_scaled,-0.0035539266839623453,-0.05211478687094867,0.043732849692848894,NA,NA,NA
Trilophosaurus__time,0.0726201065024361,-0.012911950441120291,0.09831770702718019,NA,NA,NA
Tropidosuchus__rotated_lat_scaled,0.0907675045542419,0.01487054644301029,0.06836641692414715,0.29534371727815595,0.15153472125530243,0.5813788324594498
Tropidosuchus__mean_scaled,0.022532168167817872,-0.031239884491930676,0.03860625901128465,NA,NA,NA
Tropidosuchus__Mod_R_deltaTMyr_scaled,0.05746082738856785,-0.0328735559991283,0.06946263737864004,NA,NA,NA
Tropidosuchus__time,-0.03132715735468082,-0.08664459467475254,0.015240364581474118,NA,NA,NA
Tuebingosaurus__rotated_lat_scaled,0.010654883734532631,-0.01901025827677234,0.026476503151066214,0.09376587497652508,0.029361076653003693,0.20307081937789917
Tuebingosaurus__mean_scaled,-0.023584488125052303,-0.042744488544114556,0.04746762064742482,NA,NA,NA
Tuebingosaurus__Mod_R_deltaTMyr_scaled,-0.05229756395507138,-0.0463962087766109,0.011788994735423584,NA,NA,NA
Tuebingosaurus__time,0.003082668799906969,-0.027736533125303414,0.10594255936163134,NA,NA,NA
Turfanosuchus__rotated_lat_scaled,0.02531298306916142,-0.010989709505412757,0.05050453055327471,0.2013636297636549,0.13342832773923874,0.27220454812049866
Turfanosuchus__mean_scaled,0.01956784345442429,-0.03831676005612788,0.0677380907468865,NA,NA,NA
Turfanosuchus__Mod_R_deltaTMyr_scaled,-0.016463718311861157,-0.06713687198074537,0.02492188606515327,NA,NA,NA
Turfanosuchus__time,0.01703614702972118,-0.0194441471805152,0.04851117053023147,NA,NA,NA
Typothorax__rotated_lat_scaled,0.0033133073829300043,-0.019529021297381564,0.012503957437474041,0.39379714039954705,0.045168034732341766,0.782529816031456
Typothorax__mean_scaled,0.002013592621663751,-0.0712417871301152,0.0404269325765825,NA,NA,NA
Typothorax__Mod_R_deltaTMyr_scaled,0.0012114780718500856,-0.06412795468300077,0.036855014435754146,NA,NA,NA
Typothorax__time,0.14937199644576532,0.01901127438769632,0.10188977344573528,NA,NA,NA
Uatchitodon__rotated_lat_scaled,0.02249469733797014,-0.0035802259299071077,0.01690975461183395,0.18490229488321347,0.029603817500174046,0.5941117387264967
Uatchitodon__mean_scaled,-0.028864331722725182,-0.049629670842608206,0.038830824947682724,NA,NA,NA
Uatchitodon__Mod_R_deltaTMyr_scaled,-0.04227988070808351,-0.06442158797042973,0.01714281796027961,NA,NA,NA
Uatchitodon__time,0.07764143545384286,-0.018256003979856168,0.11879228037574968,NA,NA,NA
Unaysaurus__rotated_lat_scaled,0.07225261241197586,0.005167673866448654,0.0606174047195984,0.2321464561636094,0.047166693955659866,0.6257441518828273
Unaysaurus__mean_scaled,-0.01809986702282913,-0.04822222792666151,0.028165385219095472,NA,NA,NA
Unaysaurus__Mod_R_deltaTMyr_scaled,-0.02900714221323142,-0.056363386203382694,0.029131938286991024,NA,NA,NA
Unaysaurus__time,0.05109047846548492,-0.03646954845920564,0.07376094966986105,NA,NA,NA
Unguinychus__rotated_lat_scaled,0.025957889361307024,0.0016974775541362117,0.04114882493265698,0.09968774513428798,0.031161855906248093,0.17639017361216247
Unguinychus__mean_scaled,-0.057539889244362714,-0.05691944819688498,0.015364982523289102,NA,NA,NA
Unguinychus__Mod_R_deltaTMyr_scaled,-0.0527558164918446,-0.05612886215024954,0.01820526365946434,NA,NA,NA
Unguinychus__time,0.028115186986979096,-0.024536655929802906,0.11695660678013553,NA,NA,NA
Uralosaurus__rotated_lat_scaled,0.02676059848978184,-0.011014655063985496,0.019129580531173137,0.2657244675293623,0.13540466222912073,0.6083292234688997
Uralosaurus__mean_scaled,0.04944216480536852,-0.009426237040423412,0.06674778763115935,NA,NA,NA
Uralosaurus__Mod_R_deltaTMyr_scaled,0.07882292018155568,-0.021390024361901013,0.09252803109231016,NA,NA,NA
Uralosaurus__time,-0.0452115904695529,-0.09405657225649129,0.01327027864090331,NA,NA,NA
Utatsusaurus__rotated_lat_scaled,0.024999334814492614,0.005894767120480537,0.03232256235653399,0.24376358168432488,0.17307650297880173,0.369717238470912
Utatsusaurus__mean_scaled,0.05088094597798772,-0.0013715442037209868,0.08875277487428714,NA,NA,NA
Utatsusaurus__Mod_R_deltaTMyr_scaled,-0.01877519935136661,-0.07301373034715652,0.012364990084668159,NA,NA,NA
Utatsusaurus__time,0.030748125721002,-0.011709917336702347,0.05823535058005667,NA,NA,NA
Vallesaurus__rotated_lat_scaled,0.019752749669132753,-0.0012722839555469705,0.029926572827863866,0.12157945430662949,0.04904853692278266,0.2007872723042965
Vallesaurus__mean_scaled,-0.047489198789699004,-0.045544740496992774,0.019631771599675288,NA,NA,NA
Vallesaurus__Mod_R_deltaTMyr_scaled,-0.05014381204498932,-0.06460361905031735,0.024271481705078098,NA,NA,NA
Vallesaurus__time,0.04354934094997589,-0.02446684521994411,0.1178458517629287,NA,NA,NA
Vancleavea__rotated_lat_scaled,0.0037473669040080848,-0.02211850030160915,0.01320909017426627,0.3735229282999899,0.0627551437355578,0.815453864634037
Vancleavea__mean_scaled,0.010004637979083329,-0.061059658430985986,0.04015670960215835,NA,NA,NA
Vancleavea__Mod_R_deltaTMyr_scaled,-0.01085192694879239,-0.07320318690768454,0.03599022169900989,NA,NA,NA
Vancleavea__time,0.15301029658791016,0.020493856917478473,0.10231965642011147,NA,NA,NA
Variodens__rotated_lat_scaled,0.02007547008986664,-0.02935515237713983,0.028228179857137554,0.6527468283154303,0.08086008206009865,1.0220780447125435
Variodens__mean_scaled,0.022450299060002815,-0.06620289376793669,0.04110778041104126,NA,NA,NA
Variodens__Mod_R_deltaTMyr_scaled,0.016952305167573928,-0.060933978299839035,0.03253791010478339,NA,NA,NA
Variodens__time,0.09643230020476579,0.020604535722114348,0.08980180752258374,NA,NA,NA
Vellbergia__rotated_lat_scaled,0.01883209154040742,-0.00549531248654997,0.042716001092403554,0.1760369437794907,0.10255209729075432,0.25228419434279203
Vellbergia__mean_scaled,-0.007346930643543601,-0.053347070339677095,0.03353967116981225,NA,NA,NA
Vellbergia__Mod_R_deltaTMyr_scaled,-0.0032551333247101866,-0.058788254445963396,0.0730952131004556,NA,NA,NA
Vellbergia__time,0.011896541685127887,-0.018256851450610748,0.04232479253287455,NA,NA,NA
Velocipes__rotated_lat_scaled,0.027188838720321656,-0.0038197537812923316,0.028203102274987523,0.08748848982009803,0.030041465535759926,0.18254276365041733
Velocipes__mean_scaled,-0.011977224531874527,-0.030105172823757912,0.07596869049598318,NA,NA,NA
Velocipes__Mod_R_deltaTMyr_scaled,-0.03831584656960331,-0.031005977048610384,0.04391484172336074,NA,NA,NA
Velocipes__time,-0.04531765232095495,-0.07095658506914057,0.04358904340121452,NA,NA,NA
Venaticosuchus__rotated_lat_scaled,0.06527936838567257,0.008463703834916344,0.06397088141962896,0.2004401389157647,0.04252493754029274,0.31800825521349907
Venaticosuchus__mean_scaled,-0.007823693814571016,-0.044274048973995915,0.05315027294793971,NA,NA,NA
Venaticosuchus__Mod_R_deltaTMyr_scaled,-0.017277204665842875,-0.05924087026970378,0.03496764352948707,NA,NA,NA
Venaticosuchus__time,0.004351294488296844,-0.040836273314017846,0.0395868799984902,NA,NA,NA
Venetoraptor__rotated_lat_scaled,0.09304612344130873,-0.005942723424021311,0.06509653069933045,0.28450749973005257,0.0517903920263052,0.8750129863619804
Venetoraptor__mean_scaled,-0.003895225187879987,-0.044637491911745604,0.036173759640324855,NA,NA,NA
Venetoraptor__Mod_R_deltaTMyr_scaled,-0.017310472845319964,-0.0637331485609555,0.03869254977223362,NA,NA,NA
Venetoraptor__time,0.05675669979973463,-0.02157412482607881,0.051712837783657026,NA,NA,NA
Vinitasaura__rotated_lat_scaled,0.028097670569550245,0.006736757839246098,0.036333736990490174,0.16303030395076348,0.06153429299592972,0.2482095155864954
Vinitasaura__mean_scaled,-0.00873682286357507,-0.04670402919922143,0.05501921766494811,NA,NA,NA
Vinitasaura__Mod_R_deltaTMyr_scaled,-0.02137226503691636,-0.059373925548682684,0.035906758937640976,NA,NA,NA
Vinitasaura__time,0.0091313467594955,-0.03654629181414319,0.06441596430246668,NA,NA,NA
Vivaron__rotated_lat_scaled,0.018441790271317586,-0.010395840318381398,0.02096759602981393,0.20533386340764992,0.06955906003713608,0.39235786139033735
Vivaron__mean_scaled,-0.028319735788390973,-0.05061622467450029,0.03397656523392995,NA,NA,NA
Vivaron__Mod_R_deltaTMyr_scaled,-0.027209226271952502,-0.06603077951933914,0.04783634106655336,NA,NA,NA
Vivaron__time,0.08651066067446664,-0.00884464421058038,0.08889517556524872,NA,NA,NA
Vjushkovisaurus__rotated_lat_scaled,0.025912816906929946,-0.009756003061349003,0.019762682553594313,0.27845867284733683,0.12263976596295834,0.5747053176164627
Vjushkovisaurus__mean_scaled,0.05251585416146554,-0.02563589977031702,0.06837029312799606,NA,NA,NA
Vjushkovisaurus__Mod_R_deltaTMyr_scaled,0.09977567667898256,-0.01736068080105588,0.09259185619557977,NA,NA,NA
Vjushkovisaurus__time,-0.05565604942225036,-0.08313490509007931,0.010950846018375825,NA,NA,NA
Volcanosuchus__rotated_lat_scaled,0.04337696329923347,0.00598595993452158,0.049219665228096295,0.16965698976826388,0.07425333745777607,0.28184011578559875
Volcanosuchus__mean_scaled,-0.007069790397654287,-0.044826178375000775,0.06253050591932655,NA,NA,NA
Volcanosuchus__Mod_R_deltaTMyr_scaled,-0.029827635067049413,-0.05937490422039893,0.030571419432639406,NA,NA,NA
Volcanosuchus__time,0.0072670774115249515,-0.037672366061923084,0.049354087315483706,NA,NA,NA
Vonhuenia__rotated_lat_scaled,0.002005872587272541,-0.022668180750924676,0.006671355876365389,1.0134454113915854,0.4136848725611344,1.8889897195622325
Vonhuenia__mean_scaled,0.03754593354162554,-0.0071613424922538456,0.05413939211576864,NA,NA,NA
Vonhuenia__Mod_R_deltaTMyr_scaled,0.14553823656781006,-0.005190152880178775,0.11682483694452483,NA,NA,NA
Vonhuenia__time,-0.02917966817449899,-0.10086781259944393,0.014040092958887085,NA,NA,NA
Vritramimosaurus__rotated_lat_scaled,0.023680839061600106,-0.004930348125489883,0.005688370680949447,0.32730877784459156,0.13074577040970325,1.0636826902627945
Vritramimosaurus__mean_scaled,0.07577366308388438,-0.011045868409783078,0.043365705870340214,NA,NA,NA
Vritramimosaurus__Mod_R_deltaTMyr_scaled,0.0766316273309878,-0.028112888102011003,0.1299070987622324,NA,NA,NA
Vritramimosaurus__time,-0.020175754954263117,-0.09179838408551726,0.012714502582023897,NA,NA,NA
Vytshegdosuchus__rotated_lat_scaled,0.019050628647744622,-0.001777068525449184,0.007528372330181449,0.3498037285183091,0.14668419654481113,1.3145877211354673
Vytshegdosuchus__mean_scaled,0.03822179447959069,-0.013848895793247676,0.017709757332873385,NA,NA,NA
Vytshegdosuchus__Mod_R_deltaTMyr_scaled,0.07981204863846814,-0.061912845033038885,0.15485935995786845,NA,NA,NA
Vytshegdosuchus__time,0.01882590275640572,-0.05834867937106546,0.011578188274622684,NA,NA,NA
Wahlisaurus__rotated_lat_scaled,0.01870804874979189,-0.03427789732813835,0.02905803832422934,1.0099779748986475,0.6611260883510113,1.3275707960128784
Wahlisaurus__mean_scaled,0.030451623642389607,0.005653758533298969,0.038964073725444026,NA,NA,NA
Wahlisaurus__Mod_R_deltaTMyr_scaled,0.022619342775848695,-0.03565346822142601,0.03513694117710932,NA,NA,NA
Wahlisaurus__time,0.08413135935417895,0.193841353058815,0.0885166246687633,NA,NA,NA
Waluchelys__rotated_lat_scaled,0.05317879151552916,-0.0036999543814319517,0.05357367411437163,0.13360264683607967,0.030947549734264612,0.29893958708271384
Waluchelys__mean_scaled,-0.03485939164995216,-0.046808468878363436,0.05107270261877658,NA,NA,NA
Waluchelys__Mod_R_deltaTMyr_scaled,-0.04679364512558095,-0.053169319773560035,0.02058720654479697,NA,NA,NA
Waluchelys__time,0.0061665175738744435,-0.032209745689445776,0.06644209461760078,NA,NA,NA
Wangosaurus__rotated_lat_scaled,0.01657377767684011,-0.015247937841124317,0.027254248021442714,0.18821455082777902,0.10475169494748116,0.2671477310359478
Wangosaurus__mean_scaled,0.002400856861131615,-0.03899131510619998,0.04049111335944529,NA,NA,NA
Wangosaurus__Mod_R_deltaTMyr_scaled,0.016250574022415094,-0.03484453563051569,0.09271336060774192,NA,NA,NA
Wangosaurus__time,-0.0029210322548169645,-0.04680370014496121,0.031216955906916033,NA,NA,NA
Wannia__rotated_lat_scaled,0.023047852988820523,-0.00554842828478444,0.02515661107676725,0.1619192054128507,0.03426134306937456,0.35182404052466154
Wannia__mean_scaled,-0.029745687214890494,-0.03994148327669482,0.033279409672029206,NA,NA,NA
Wannia__Mod_R_deltaTMyr_scaled,-0.03166296770097688,-0.05017222670812199,0.04767093322493902,NA,NA,NA
Wannia__time,0.044369632817688395,-0.04022535045319996,0.0855687239218105,NA,NA,NA
Wapitisaurus__rotated_lat_scaled,0.025509998258203267,0.0060056461952626705,0.030579544014547214,0.2560181133230799,0.16182680940255523,0.3687992338091135
Wapitisaurus__mean_scaled,0.053858917786856184,-0.0125178387388587,0.07852420386598058,NA,NA,NA
Wapitisaurus__Mod_R_deltaTMyr_scaled,-0.010428885421715677,-0.07270589470863342,0.029527947319010203,NA,NA,NA
Wapitisaurus__time,0.031167708177526947,-0.028887029737234116,0.05304398269600797,NA,NA,NA
Weigeltisaurus__rotated_lat_scaled,0.029110911954194307,0.0008446606362906752,0.01182990751635687,0.16001514998366473,0.03909654449671507,0.370411641895771
Weigeltisaurus__mean_scaled,0.11036556221180945,-0.014516774412108217,0.07850136737540636,NA,NA,NA
Weigeltisaurus__Mod_R_deltaTMyr_scaled,0.004042152483016252,-0.03486795891677783,0.09867605189860464,NA,NA,NA
Weigeltisaurus__time,-0.13941385118756444,-0.08734741603020584,0.00266835110517808,NA,NA,NA
Whitakersaurus__rotated_lat_scaled,0.010294762158300727,-0.020572123059791995,0.016933058245122954,0.2252783805677609,0.053149884566664696,0.509752819314599
Whitakersaurus__mean_scaled,-0.02442099677675287,-0.049768038903607835,0.05195436109805332,NA,NA,NA
Whitakersaurus__Mod_R_deltaTMyr_scaled,-0.041473955214896704,-0.058213096246176814,0.012821578559405423,NA,NA,NA
Whitakersaurus__time,0.12496819587890058,-0.007334230513224562,0.10996667999296425,NA,NA,NA
Wimanius__rotated_lat_scaled,0.02662748534581624,0.005177430547096057,0.017828769122700254,0.20460214471225754,0.10590197559213266,0.364857766777277
Wimanius__mean_scaled,0.03215961278299801,-0.024529166190830797,0.05219161620677669,NA,NA,NA
Wimanius__Mod_R_deltaTMyr_scaled,0.0008962216666213862,-0.04247205166669744,0.09434217229456057,NA,NA,NA
Wimanius__time,-0.010991549605387263,-0.07406370141236902,0.02731312027150844,NA,NA,NA
Wumengosaurus__rotated_lat_scaled,0.026627922663174104,0.0006291386761374671,0.010954618865551683,0.30381321339373246,0.13203566148877144,0.6525479629635811
Wumengosaurus__mean_scaled,0.05399401748785749,-0.030917114671280235,0.056775002281004475,NA,NA,NA
Wumengosaurus__Mod_R_deltaTMyr_scaled,0.11538311624666676,-0.028059105467942727,0.10795402087628457,NA,NA,NA
Wumengosaurus__time,-0.04810221752617508,-0.0775404072597157,0.01599203587270523,NA,NA,NA
Xenodiphyodon__rotated_lat_scaled,0.028357332597952336,0.007062388962764052,0.03118136177807333,0.17424628482411209,0.06153429299592972,0.273836403619498
Xenodiphyodon__mean_scaled,-0.003954508790848195,-0.05946453178396631,0.042844396338462126,NA,NA,NA
Xenodiphyodon__Mod_R_deltaTMyr_scaled,-0.006996152038918808,-0.04822130461207367,0.06585132706349349,NA,NA,NA
Xenodiphyodon__time,0.0009292385337175801,-0.0352640412895253,0.05179859271551702,NA,NA,NA
Xilousuchus__rotated_lat_scaled,0.02510341915040044,-0.006472881407081673,0.021907992463763844,0.2289592827227898,0.13666475052013993,0.41950204595923424
Xilousuchus__mean_scaled,0.03499728410388343,-0.013864130248016983,0.04196541142088202,NA,NA,NA
Xilousuchus__Mod_R_deltaTMyr_scaled,0.007368688129936345,-0.044712515627288486,0.10523270826454131,NA,NA,NA
Xilousuchus__time,0.00557951681636041,-0.07083796144041407,0.022569565746358773,NA,NA,NA
Xingxiulong__rotated_lat_scaled,0.024173854110915282,-0.035466066337642,0.03765480616649933,1.0881268463225569,0.6472225040197372,1.51421357691288
Xingxiulong__mean_scaled,0.0305126568473672,0.014501960976107267,0.04494636926103332,NA,NA,NA
Xingxiulong__Mod_R_deltaTMyr_scaled,0.022157500047590508,-0.007138958373376583,0.03036636211174545,NA,NA,NA
Xingxiulong__time,0.07906636351633614,0.16399055245771252,0.07870814035626786,NA,NA,NA
Xinminosaurus__rotated_lat_scaled,0.027393946362426504,0.006908595761525673,0.02028877599070938,0.2396521456863775,0.13622387844588957,0.38355810195207596
Xinminosaurus__mean_scaled,0.049398795728011466,-0.020460245906606552,0.052306419630584765,NA,NA,NA
Xinminosaurus__Mod_R_deltaTMyr_scaled,0.004174900774814887,-0.08780099403570285,0.0932422920517474,NA,NA,NA
Xinminosaurus__time,0.002774128298915457,-0.03453484454201749,0.025838190222504425,NA,NA,NA
Xinpusaurus__rotated_lat_scaled,0.024960564596112816,0.001822144029901444,0.020585273704902693,0.12298707223293605,0.03120966348797083,0.22415796294808388
Xinpusaurus__mean_scaled,-0.00813765178754693,-0.03381048644776219,0.07212357863157014,NA,NA,NA
Xinpusaurus__Mod_R_deltaTMyr_scaled,-0.01761070300155552,-0.033981331691346185,0.057449447841456225,NA,NA,NA
Xinpusaurus__time,-0.03213551209628349,-0.06991781461359428,0.04151737771761691,NA,NA,NA
Xiphopeza__rotated_lat_scaled,0.009526832016047135,-0.01071687404779732,0.014576455543248544,0.8158120877179317,0.554764024913311,1.1846382394433022
Xiphopeza__mean_scaled,0.028050338361023067,-0.03002684341339424,0.04117548978502586,NA,NA,NA
Xiphopeza__Mod_R_deltaTMyr_scaled,0.021900832704489868,-0.04380649804574189,0.03900886554343141,NA,NA,NA
Xiphopeza__time,0.09643237144064909,0.22043770422973466,0.09691486702384015,NA,NA,NA
Yarasuchus__rotated_lat_scaled,0.04005438810644939,-0.003450092018241168,0.03245064652016627,0.34849975734509825,0.13660826033446938,0.758482001721859
Yarasuchus__mean_scaled,0.05620196737808125,-0.004226736567295538,0.05523427224893926,NA,NA,NA
Yarasuchus__Mod_R_deltaTMyr_scaled,0.09768450331601049,-0.02667764746054895,0.09096157749804486,NA,NA,NA
Yarasuchus__time,-0.038030484278331965,-0.10153301267671555,0.013029181628395585,NA,NA,NA
Yelaphomte__rotated_lat_scaled,0.0627675945777446,-0.006292942166133348,0.050992466007716904,0.17263370884626056,0.027713876217603683,0.4035661704838276
Yelaphomte__mean_scaled,-0.003442496195930289,-0.02254641618983089,0.04998455858271949,NA,NA,NA
Yelaphomte__Mod_R_deltaTMyr_scaled,-0.027168323568766937,-0.03785510741521122,0.036402839827856935,NA,NA,NA
Yelaphomte__time,-0.015433440488995984,-0.06919302295162576,0.05429581347725262,NA,NA,NA
Yimenosaurus__rotated_lat_scaled,0.021816461704358647,-0.023146943944781492,0.036287854608735334,1.2214248816762119,0.8850116841495037,1.6766306906938553
Yimenosaurus__mean_scaled,0.03235999735002399,0.014953406040662295,0.040387694259150626,NA,NA,NA
Yimenosaurus__Mod_R_deltaTMyr_scaled,0.02315264607566743,0.008820664947879513,0.034306756259936406,NA,NA,NA
Yimenosaurus__time,0.07858126939215909,0.13526036167904087,0.08069337276772359,NA,NA,NA
Youngetta__rotated_lat_scaled,0.01953062234230419,-0.0027464900383159653,0.006296915421744761,0.3422546986897942,0.12551770475693047,1.3270278912968934
Youngetta__mean_scaled,0.040750692428224995,-0.017846401482063456,0.015277953262408024,NA,NA,NA
Youngetta__Mod_R_deltaTMyr_scaled,0.0762855428836818,-0.08606084373790193,0.15479016270214171,NA,NA,NA
Youngetta__time,0.019343516867998164,-0.029233753464519854,0.015310646509251461,NA,NA,NA
Youngina__rotated_lat_scaled,0.01604825676013182,-0.008546922643828796,0.019515000044378627,0.9349072824718314,0.13151758164167404,1.8102758713066578
Youngina__mean_scaled,0.031123477251238915,-0.01604129232962487,0.05362619440212448,NA,NA,NA
Youngina__Mod_R_deltaTMyr_scaled,0.14095302877612712,-0.003066913800279072,0.11105352648702888,NA,NA,NA
Youngina__time,-0.03221438826528868,-0.10823235994906846,0.007480956962013991,NA,NA,NA
Youngosuchus__rotated_lat_scaled,0.027433574371389113,-0.004516934607150849,0.05588296920656897,0.19428516314859734,0.12807653564959764,0.25496212113648653
Youngosuchus__mean_scaled,0.01986838943004841,-0.03977646845756247,0.06228218499105086,NA,NA,NA
Youngosuchus__Mod_R_deltaTMyr_scaled,-0.020778565189684742,-0.06978932446579882,0.02169104963402238,NA,NA,NA
Youngosuchus__time,0.011851390014635399,-0.02180476119228907,0.05181947406390375,NA,NA,NA
Yunguisaurus__rotated_lat_scaled,0.018432251536451075,1.5682592489285258e-05,0.029129458869355293,0.19247063967750364,0.12309210514649749,0.25613868003711104
Yunguisaurus__mean_scaled,0.001621826127229724,-0.037711190574056745,0.039463637146306435,NA,NA,NA
Yunguisaurus__Mod_R_deltaTMyr_scaled,0.016595875051571056,-0.041355694710741485,0.07828340081390626,NA,NA,NA
Yunguisaurus__time,-8.96875599573832e-05,-0.05683628603049226,0.044799181065977946,NA,NA,NA
Yunnanosaurus__rotated_lat_scaled,0.022415274863936633,-0.02564971332047654,0.0373962750355718,1.1741234029614134,0.782020203769207,1.575999528169632
Yunnanosaurus__mean_scaled,0.03182184327222794,0.007937487924200208,0.04304609911027502,NA,NA,NA
Yunnanosaurus__Mod_R_deltaTMyr_scaled,0.02293915330174741,-0.005420761538419941,0.03390723918226812,NA,NA,NA
Yunnanosaurus__time,0.07873410308429718,0.15902047565749747,0.07732606456743102,NA,NA,NA
Zanclodon__rotated_lat_scaled,0.015587591533030113,-0.02278437542209801,0.021296433037339284,0.4675511038411787,0.05737321823835373,0.9670186638832092
Zanclodon__mean_scaled,0.013502313264962635,-0.050041778696503815,0.049949575648318915,NA,NA,NA
Zanclodon__Mod_R_deltaTMyr_scaled,0.005671624697172168,-0.061904372503019396,0.034442249990266655,NA,NA,NA
Zanclodon__time,0.12114884502704422,-0.0011569621011799835,0.08598741921962111,NA,NA,NA
Zhongjiania__rotated_lat_scaled,0.030869885517749936,-0.0009377487738154641,0.007584119406798677,0.2188980120420456,0.04021056380588561,1.0063771880231798
Zhongjiania__mean_scaled,0.09961072046775371,-0.017813205224248903,0.05289216090684253,NA,NA,NA
Zhongjiania__Mod_R_deltaTMyr_scaled,0.073225792509038,-0.03866386641886129,0.1263642662551605,NA,NA,NA
Zhongjiania__time,-0.14071876097470523,-0.07847266830587556,0.004835131326744253,NA,NA,NA
Zupaysaurus__rotated_lat_scaled,0.08307956771575846,-0.014358957291992991,0.058449846353188985,0.2694186725313193,0.038222985342144966,0.9751228988170624
Zupaysaurus__mean_scaled,0.016148415374336766,-0.0268256797681656,0.04563817472064955,NA,NA,NA
Zupaysaurus__Mod_R_deltaTMyr_scaled,0.001955346788454335,-0.02838969962842624,0.045659862000964356,NA,NA,NA
Zupaysaurus__time,0.012324968130560592,-0.06631315203421638,0.041927794820743075,NA,NA,NA
