feature,shap,lwr_shap,upr_shap,rate,rate_lwr,rate_upr
baseline,0.1174573243316263,0.034949470311403275,0.1941395401954651,NA,NA,NA
Abyssomedon__lat_range_z_trans,0.28913659252226354,0.0005698533533245195,0.009239603017252832,0.2969678679830395,0.13235586043447256,0.44182658195495605
Abyssomedon__Temperate_N,0.22573758797720075,-8.9133966238107e-05,0.008577154309236336,NA,NA,NA
Abyssomedon__Tropical,-0.2733716958621517,-0.0026603309783411063,0.0035468455305180343,NA,NA,NA
Abyssomedon__Temperate_S,0.27499379561282694,0.00013699287464700684,0.009805072423137764,NA,NA,NA
Abyssomedon__Antarctic,0.07984119190834463,-6.920939296863551e-06,0.0033756504035734455,NA,NA,NA
Abyssomedon__mat_z_trans,0.2667295917123556,-0.00252792137838361,0.02985022164240252,NA,NA,NA
Abyssomedon__map_z_trans,0.8568851426802575,-0.0020971090488651873,0.03947131059071987,NA,NA,NA
Abyssomedon__wmm_z_trans,0.07324559210333974,-0.000822393202921906,0.011521838373502272,NA,NA,NA
Abyssomedon__cmm_z_trans,-0.42712482596980406,-0.004675265800338556,0.01229999315716255,NA,NA,NA
Abyssomedon__wmmcmm_z_trans,-0.27827814952470364,-0.004675512861516582,0.00833499516882062,NA,NA,NA
Abyssomedon__wetmon_z_trans,-0.025600452763028442,-0.005051324495547089,0.0223450474487019,NA,NA,NA
Abyssomedon__drymon_z_trans,-0.28124668745324016,-0.005177013471776783,0.017740415562852666,NA,NA,NA
Abyssomedon__wetdry_z_trans,-0.1915649587009102,-0.0031545670704840175,0.015304108289406723,NA,NA,NA
Abyssomedon__time,-0.4926413239073008,-0.004718823325664993,0.002727284278177556,NA,NA,NA
Acadiella__lat_range_z_trans,0.13474567656571346,0.0012060830025067083,0.01821537207102875,0.4512320911811548,0.1381082572042942,1.0630597919225693
Acadiella__Temperate_N,0.1151140316239861,-0.0014015909292771753,0.021866514778465396,NA,NA,NA
Acadiella__Tropical,-0.12636516557746383,-0.0055029344413685425,0.010425831610118163,NA,NA,NA
Acadiella__Temperate_S,0.12170321573779354,-0.00013723001546270115,0.027710165462851884,NA,NA,NA
Acadiella__Antarctic,0.029314019056306727,7.94097274974739e-05,0.0046085789500752965,NA,NA,NA
Acadiella__mat_z_trans,0.013276877881755527,-0.002010899593038362,0.016858955629266526,NA,NA,NA
Acadiella__map_z_trans,-0.17737296791019086,-0.006512373023562617,0.007760101895755473,NA,NA,NA
Acadiella__wmm_z_trans,-0.0032815201264463955,-0.002431368750027926,0.009057128487456064,NA,NA,NA
Acadiella__cmm_z_trans,-0.046596118347458075,-0.002770336358845438,0.010355650981288503,NA,NA,NA
Acadiella__wmmcmm_z_trans,-0.023096155118372597,-0.0028249945428677386,0.009315578118716696,NA,NA,NA
Acadiella__wetmon_z_trans,0.015174852850112039,-0.005088111510676774,0.021219622465829157,NA,NA,NA
Acadiella__drymon_z_trans,0.009534406100858006,-0.0012200350172590286,0.007093796097674832,NA,NA,NA
Acadiella__wetdry_z_trans,0.04033349749631533,-0.005228789153176363,0.023493842195160583,NA,NA,NA
Acadiella__time,0.014972674098717333,-0.001106299705844792,0.006158401451777759,NA,NA,NA
Acaenasuchus__lat_range_z_trans,0.07303409427879948,0.0008349885409428205,0.010292706648923,0.6106288424614468,0.133107403293252,2.6865377873182297
Acaenasuchus__Temperate_N,0.06675512880712808,-2.0005217330752884e-05,0.014852946766233844,NA,NA,NA
Acaenasuchus__Tropical,-0.06327111131953529,-0.00464456957168536,0.00317952290648961,NA,NA,NA
Acaenasuchus__Temperate_S,0.0651598871280298,0.00014207432305859792,0.013986921886425389,NA,NA,NA
Acaenasuchus__Antarctic,0.013234808394468707,6.9346643886918614e-06,0.002484468099023642,NA,NA,NA
Acaenasuchus__mat_z_trans,0.0717163429399543,-0.004589542696541559,0.029667972037118646,NA,NA,NA
Acaenasuchus__map_z_trans,-0.09418957854187773,-0.004549079921184442,0.006100686723327987,NA,NA,NA
Acaenasuchus__wmm_z_trans,0.03026637543688803,-0.0021447133371564333,0.016804676562673003,NA,NA,NA
Acaenasuchus__cmm_z_trans,-0.09623821027290046,-0.0059909436093863715,0.013861257495549402,NA,NA,NA
Acaenasuchus__wmmcmm_z_trans,-0.06478781309993518,-0.005310468805437733,0.018132051039675173,NA,NA,NA
Acaenasuchus__wetmon_z_trans,0.001610691760239121,-0.004055728851353863,0.018777444937187516,NA,NA,NA
Acaenasuchus__drymon_z_trans,0.00569127924732937,-0.0009785276617170933,0.004158184296884421,NA,NA,NA
Acaenasuchus__wetdry_z_trans,0.03231282194064281,-0.0035265098107621776,0.024214029292147773,NA,NA,NA
Acaenasuchus__time,0.0761626076323953,-0.00012337835723760278,0.017626671503805674,NA,NA,NA
Acallosuchus__lat_range_z_trans,0.22518486107780855,0.0008598170809033623,0.01017222411150443,0.3092951046540111,0.08652764558792114,0.46884894743561745
Acallosuchus__Temperate_N,0.20296794321510508,-2.0574139208573237e-05,0.013435558795993403,NA,NA,NA
Acallosuchus__Tropical,-0.22417903470028283,-0.004700061432635509,0.003414680094883741,NA,NA,NA
Acallosuchus__Temperate_S,0.2153780451240227,0.0002472714597282698,0.015618624919832184,NA,NA,NA
Acallosuchus__Antarctic,0.048389847641440414,2.9915332191444475e-05,0.002731660101614936,NA,NA,NA
Acallosuchus__mat_z_trans,0.18503850256810267,-0.0034720861900799853,0.03233628788433828,NA,NA,NA
Acallosuchus__map_z_trans,-0.32630331099305704,-0.004678449727486753,0.006551892888316784,NA,NA,NA
Acallosuchus__wmm_z_trans,0.04533413125379892,-0.0014285744707345498,0.014097045102658724,NA,NA,NA
Acallosuchus__cmm_z_trans,-0.3031292678536988,-0.0059786941246341195,0.014886434679713562,NA,NA,NA
Acallosuchus__wmmcmm_z_trans,-0.23413325524819087,-0.0059051031285305275,0.014177540180904133,NA,NA,NA
Acallosuchus__wetmon_z_trans,-0.013228824021484948,-0.005438853802886218,0.021842224783393472,NA,NA,NA
Acallosuchus__drymon_z_trans,0.020253589127264184,-0.0007103910159324277,0.004495073192024712,NA,NA,NA
Acallosuchus__wetdry_z_trans,0.11028723788951254,-0.0036267990778328495,0.029367597167510657,NA,NA,NA
Acallosuchus__time,0.16559685925128576,-0.00012688707426484068,0.011012696292776077,NA,NA,NA
Acerosodontosaurus__lat_range_z_trans,0.047290130757737324,0.000775996550458244,0.010284215568766212,1.1058966762150522,0.33652590215206146,1.8532996270805597
Acerosodontosaurus__Temperate_N,0.044880115275722256,0.0001561507521549203,0.013602850298483956,NA,NA,NA
Acerosodontosaurus__Tropical,0.022980852158814447,-0.0006293900991788163,0.0090874278323258,NA,NA,NA
Acerosodontosaurus__Temperate_S,-0.07280998845312693,-0.0043672395759092285,0.0023435852147000546,NA,NA,NA
Acerosodontosaurus__Antarctic,0.00829830922327944,-7.767156822484871e-05,0.002703518096850344,NA,NA,NA
Acerosodontosaurus__mat_z_trans,-0.051328152585966715,-0.007821486217026047,0.020939704001869525,NA,NA,NA
Acerosodontosaurus__map_z_trans,0.02359049249565163,-0.0003306889541036542,0.011395278526510988,NA,NA,NA
Acerosodontosaurus__wmm_z_trans,0.0004981936285560007,-0.0007832326394987407,0.0038047339414530442,NA,NA,NA
Acerosodontosaurus__cmm_z_trans,0.07346531869810759,-0.0034426607861907242,0.03763439050605678,NA,NA,NA
Acerosodontosaurus__wmmcmm_z_trans,0.03537688282906652,-0.006450736626674162,0.034199393170677654,NA,NA,NA
Acerosodontosaurus__wetmon_z_trans,0.006590154702908089,-0.001473130525658833,0.009656758202383492,NA,NA,NA
Acerosodontosaurus__drymon_z_trans,0.029747013436135922,-0.003314308258908513,0.021136056171340248,NA,NA,NA
Acerosodontosaurus__wetdry_z_trans,-0.017290882667804434,-0.004410068252064481,0.014539128047696062,NA,NA,NA
Acerosodontosaurus__time,-0.03383111516745485,-0.0027810041105783916,0.002812500616350941,NA,NA,NA
Acleistorhinus__lat_range_z_trans,0.13192841893472027,0.000560869390054498,0.00935830337050344,0.4531948005207232,0.19015655480325222,0.8318427503108978
Acleistorhinus__Temperate_N,0.10378786562822673,-0.0001661398039142915,0.008357813973351612,NA,NA,NA
Acleistorhinus__Tropical,-0.1196204426597577,-0.0026160521365211444,0.003675465217736792,NA,NA,NA
Acleistorhinus__Temperate_S,0.12402068913396293,0.0001243142566141355,0.009753033450028654,NA,NA,NA
Acleistorhinus__Antarctic,0.032058227686702655,9.972997890413558e-06,0.003304376224301109,NA,NA,NA
Acleistorhinus__mat_z_trans,0.12081069727674847,-0.00291129243096622,0.02829676036482377,NA,NA,NA
Acleistorhinus__map_z_trans,0.37817569190469286,-0.0019589183616546195,0.039692248845752114,NA,NA,NA
Acleistorhinus__wmm_z_trans,0.030020101447549366,-0.001632761191777795,0.009348016207454915,NA,NA,NA
Acleistorhinus__cmm_z_trans,-0.17388953522671743,-0.004465654940216031,0.013483397954007895,NA,NA,NA
Acleistorhinus__wmmcmm_z_trans,-0.12551548867443726,-0.004574526801657574,0.009311601815096706,NA,NA,NA
Acleistorhinus__wetmon_z_trans,-0.023148221578198673,-0.004925933659107328,0.022976206848355142,NA,NA,NA
Acleistorhinus__drymon_z_trans,-0.09565356401590192,-0.005081879739114245,0.018679657445595074,NA,NA,NA
Acleistorhinus__wetdry_z_trans,-0.07487118015022218,-0.0031013978444190578,0.01536294639891353,NA,NA,NA
Acleistorhinus__time,-0.1906459353757417,-0.004210070046614015,0.002539712079544353,NA,NA,NA
Acrodenta__lat_range_z_trans,0.015972841216135823,0.0010194971310109801,0.009014058589608248,3.0956702700710594,0.42700185626745224,5.2477080672979355
Acrodenta__Temperate_N,0.016233382294626883,2.8091622323646523e-05,0.011389006981095379,NA,NA,NA
Acrodenta__Tropical,-0.009228281726390378,-0.0033330365507587573,0.010744957083597476,NA,NA,NA
Acrodenta__Temperate_S,0.016018720805657916,6.868223252723213e-05,0.01234237003042109,NA,NA,NA
Acrodenta__Antarctic,-0.001525680809181893,-0.0006824798963603803,0.0013399607422352868,NA,NA,NA
Acrodenta__mat_z_trans,-0.00488301767882059,-0.0077710838198655485,0.022516708036970003,NA,NA,NA
Acrodenta__map_z_trans,0.010352453951444246,-0.0008159464516266447,0.009697060622808612,NA,NA,NA
Acrodenta__wmm_z_trans,0.002728370860539523,-0.000799198327288621,0.005563063289087398,NA,NA,NA
Acrodenta__cmm_z_trans,0.03664696872537576,-0.0029510061453619963,0.034664169858433194,NA,NA,NA
Acrodenta__wmmcmm_z_trans,0.026162559576607618,-0.00702631309470319,0.03174156878220721,NA,NA,NA
Acrodenta__wetmon_z_trans,0.0053279622732154705,-0.0019049107900020793,0.009738281448918744,NA,NA,NA
Acrodenta__drymon_z_trans,0.014120217387625356,-0.0035621541227561144,0.020405127718487473,NA,NA,NA
Acrodenta__wetdry_z_trans,0.00032607253588695087,-0.004128273035913248,0.014291031658230143,NA,NA,NA
Acrodenta__time,-0.010795245081096392,-0.003091339062628554,0.0006921753533648235,NA,NA,NA
Actiosaurus__lat_range_z_trans,0.042108822904445196,0.0009675152980737376,0.012074934705997275,1.0179732221550513,0.6345027852803469,1.3735392354428768
Actiosaurus__Temperate_N,-0.06834320671755903,-0.008450502114493467,0.0009509460156890441,NA,NA,NA
Actiosaurus__Tropical,0.016461024945747606,-0.0018362430661910945,0.012181726922362184,NA,NA,NA
Actiosaurus__Temperate_S,0.02186902596480381,-0.0017245519494403613,0.013602269291772238,NA,NA,NA
Actiosaurus__Antarctic,0.006808563411021152,1.686377406975153e-05,0.002673167974534159,NA,NA,NA
Actiosaurus__mat_z_trans,0.025222579190662096,-0.0032794412634682907,0.02873615482568852,NA,NA,NA
Actiosaurus__map_z_trans,-0.03109528463431809,-0.004010587210546555,0.008183043661411609,NA,NA,NA
Actiosaurus__wmm_z_trans,0.012757424335200046,-0.004742333122940596,0.02756609589133684,NA,NA,NA
Actiosaurus__cmm_z_trans,-0.011540130773377472,-0.002713897527958255,0.005797242357432057,NA,NA,NA
Actiosaurus__wmmcmm_z_trans,0.019417093434592334,-0.0011536448324816564,0.012931025247203073,NA,NA,NA
Actiosaurus__wetmon_z_trans,0.006458353507550143,-0.00294519611490416,0.01950197490870314,NA,NA,NA
Actiosaurus__drymon_z_trans,0.003826992769488224,-0.00034040800719159947,0.003830409627874386,NA,NA,NA
Actiosaurus__wetdry_z_trans,0.016555357394354864,-0.003199616415434938,0.01888160466370094,NA,NA,NA
Actiosaurus__time,0.05695070859901543,-0.0015374277584957886,0.027228944101759623,NA,NA,NA
Adamanasuchus__lat_range_z_trans,0.25303409121071474,0.0008303935600428574,0.011257074940640033,0.29684019973967224,0.11081874370574951,0.5347217470407486
Adamanasuchus__Temperate_N,0.22693474081720807,-1.886863045018239e-05,0.013698138428125386,NA,NA,NA
Adamanasuchus__Tropical,-0.2398940005704813,-0.004617937206590011,0.0031448109373775597,NA,NA,NA
Adamanasuchus__Temperate_S,0.24506602921874665,0.0001943495104601662,0.015683771276263195,NA,NA,NA
Adamanasuchus__Antarctic,0.05491198083767491,7.82068456405531e-05,0.002735127126859045,NA,NA,NA
Adamanasuchus__mat_z_trans,0.23878593824109645,-0.003849769101960823,0.033116263554595966,NA,NA,NA
Adamanasuchus__map_z_trans,-0.3658581924227663,-0.004445466536367524,0.006220284337507383,NA,NA,NA
Adamanasuchus__wmm_z_trans,0.043962724368791346,-0.0017753632408264864,0.013075153452911574,NA,NA,NA
Adamanasuchus__cmm_z_trans,-0.3579259215893418,-0.0064972158547322075,0.012037724786097275,NA,NA,NA
Adamanasuchus__wmmcmm_z_trans,-0.2920992120341865,-0.005931839032398028,0.01480270801483347,NA,NA,NA
Adamanasuchus__wetmon_z_trans,-0.01856907168852292,-0.004987995922398829,0.021132000252801736,NA,NA,NA
Adamanasuchus__drymon_z_trans,0.023016737583987413,-0.0007739078646240052,0.005361640513394758,NA,NA,NA
Adamanasuchus__wetdry_z_trans,0.12046945029671684,-0.0033261528379361998,0.030662580420927975,NA,NA,NA
Adamanasuchus__time,0.1856220300619887,0.0001720960007374455,0.011212262153129723,NA,NA,NA
Adelosaurus__lat_range_z_trans,0.03948240854617719,0.0007139516296561302,0.008864523441966601,1.2441133832393099,0.23172526061534882,2.2252634279429913
Adelosaurus__Temperate_N,-0.0621712516589098,-0.00476538716632583,0.00241980597338089,NA,NA,NA
Adelosaurus__Tropical,0.020101566280462172,-0.0006433140296480026,0.007985433673993613,NA,NA,NA
Adelosaurus__Temperate_S,0.039160658637072694,0.0002453180940724752,0.0131572867739341,NA,NA,NA
Adelosaurus__Antarctic,0.005980168971567546,-0.0001826960024809857,0.0026704215196751277,NA,NA,NA
Adelosaurus__mat_z_trans,-0.04219704944024958,-0.007491914019222821,0.026828630972325962,NA,NA,NA
Adelosaurus__map_z_trans,0.018494956148535278,-0.0008764010899402192,0.008009339769058894,NA,NA,NA
Adelosaurus__wmm_z_trans,0.0017806207595495477,-0.0007163333894766823,0.0046503831972969575,NA,NA,NA
Adelosaurus__cmm_z_trans,0.0648097984854307,-0.004060809007688993,0.036577869355482434,NA,NA,NA
Adelosaurus__wmmcmm_z_trans,0.0351199717827695,-0.006102819450160365,0.033505212051939785,NA,NA,NA
Adelosaurus__wetmon_z_trans,0.00622242266984928,-0.0018459179714365745,0.008988311878589245,NA,NA,NA
Adelosaurus__drymon_z_trans,0.02885239141248305,-0.003039328036303633,0.019280083375226246,NA,NA,NA
Adelosaurus__wetdry_z_trans,-0.009526281185860111,-0.0038454054727670283,0.016275976091490153,NA,NA,NA
Adelosaurus__time,-0.028653057077251184,-0.0023384143996807473,0.0049262621211050685,NA,NA,NA
Aenigmasaurus__lat_range_z_trans,0.016474755894086753,0.0012471026453847937,0.00947447096545052,2.8427388389094266,0.9726823270320892,3.9926954433321953
Aenigmasaurus__Temperate_N,0.016685291862160233,-4.2151984741669486e-06,0.013347336705307196,NA,NA,NA
Aenigmasaurus__Tropical,0.010612301275268339,-0.0006431233813636011,0.009126426981696087,NA,NA,NA
Aenigmasaurus__Temperate_S,-0.021474962119011058,-0.0072231011682161944,0.0009672171475772764,NA,NA,NA
Aenigmasaurus__Antarctic,-0.0018463017035169934,-0.0007480950756534375,0.0005074707972069166,NA,NA,NA
Aenigmasaurus__mat_z_trans,0.0026444168771650105,-0.00718169380036693,0.020639865760425657,NA,NA,NA
Aenigmasaurus__map_z_trans,0.03436726566603152,-0.0004003030138740295,0.027470220169881886,NA,NA,NA
Aenigmasaurus__wmm_z_trans,0.005300579550673745,-0.004446910299493789,0.016920213476949567,NA,NA,NA
Aenigmasaurus__cmm_z_trans,0.03163593775225315,-0.002446319439688829,0.02826108286138031,NA,NA,NA
Aenigmasaurus__wmmcmm_z_trans,0.019479694429349787,-0.0010326881769324352,0.020384930374245824,NA,NA,NA
Aenigmasaurus__wetmon_z_trans,0.007745027749900703,-0.0039430666148220685,0.02129568800375677,NA,NA,NA
Aenigmasaurus__drymon_z_trans,0.003998120177217764,-0.0007106298052934908,0.0056214603999468924,NA,NA,NA
Aenigmasaurus__wetdry_z_trans,0.002889534391426979,-0.004429797243762629,0.017257133911546096,NA,NA,NA
Aenigmasaurus__time,-0.011054337471379638,-0.0029866297388464686,0.0028660226400940964,NA,NA,NA
Aenigmaspina__lat_range_z_trans,0.16098069705391574,0.0010688911263590502,0.015213406978933482,0.37252838777712893,0.1850963830947876,0.5618524290621281
Aenigmaspina__Temperate_N,-0.20578025487220744,-0.0066399490029304415,0.01139374563884495,NA,NA,NA
Aenigmaspina__Tropical,0.09733534785130832,-0.000858063241640521,0.019330423999792477,NA,NA,NA
Aenigmaspina__Temperate_S,0.14144613803312528,-0.0005289010844148685,0.02278474133292704,NA,NA,NA
Aenigmaspina__Antarctic,0.03407577955719897,8.065063266731426e-05,0.003891452622652535,NA,NA,NA
Aenigmaspina__mat_z_trans,0.02641423920229735,-0.0026869812516254455,0.018059293065523174,NA,NA,NA
Aenigmaspina__map_z_trans,-0.20157175652325743,-0.0077253151308988785,0.008568573057631585,NA,NA,NA
Aenigmaspina__wmm_z_trans,0.004893763981334785,-0.0019051123323717016,0.011960895488031727,NA,NA,NA
Aenigmaspina__cmm_z_trans,-0.04470243809972202,-0.0026805995424410644,0.008805149468801734,NA,NA,NA
Aenigmaspina__wmmcmm_z_trans,-0.006904804918434329,-0.002467809315232147,0.01354473357422597,NA,NA,NA
Aenigmaspina__wetmon_z_trans,0.020007554524900467,-0.004615450122874396,0.019813138370524824,NA,NA,NA
Aenigmaspina__drymon_z_trans,0.003979106689001135,-0.0010546985924761202,0.006499394785393237,NA,NA,NA
Aenigmaspina__wetdry_z_trans,0.04883059200002067,-0.004562174477780494,0.025983277996543177,NA,NA,NA
Aenigmaspina__time,0.03845335985214481,-0.0003739579757435618,0.008291313815639183,NA,NA,NA
Aenigmastropheus__lat_range_z_trans,0.047290130757737324,0.000775996550458244,0.010284215568766212,1.1058966762150522,0.33652590215206146,1.8532996270805597
Aenigmastropheus__Temperate_N,0.044880115275722256,0.0001561507521549203,0.013602850298483956,NA,NA,NA
Aenigmastropheus__Tropical,0.022980852158814447,-0.0006293900991788163,0.0090874278323258,NA,NA,NA
Aenigmastropheus__Temperate_S,-0.07280998845312693,-0.0043672395759092285,0.0023435852147000546,NA,NA,NA
Aenigmastropheus__Antarctic,0.00829830922327944,-7.767156822484871e-05,0.002703518096850344,NA,NA,NA
Aenigmastropheus__mat_z_trans,-0.051328152585966715,-0.007821486217026047,0.020939704001869525,NA,NA,NA
Aenigmastropheus__map_z_trans,0.02359049249565163,-0.0003306889541036542,0.011395278526510988,NA,NA,NA
Aenigmastropheus__wmm_z_trans,0.0004981936285560007,-0.0007832326394987407,0.0038047339414530442,NA,NA,NA
Aenigmastropheus__cmm_z_trans,0.07346531869810759,-0.0034426607861907242,0.03763439050605678,NA,NA,NA
Aenigmastropheus__wmmcmm_z_trans,0.03537688282906652,-0.006450736626674162,0.034199393170677654,NA,NA,NA
Aenigmastropheus__wetmon_z_trans,0.006590154702908089,-0.001473130525658833,0.009656758202383492,NA,NA,NA
Aenigmastropheus__drymon_z_trans,0.029747013436135922,-0.003314308258908513,0.021136056171340248,NA,NA,NA
Aenigmastropheus__wetdry_z_trans,-0.017290882667804434,-0.004410068252064481,0.014539128047696062,NA,NA,NA
Aenigmastropheus__time,-0.03383111516745485,-0.0027810041105783916,0.002812500616350941,NA,NA,NA
Aetobarbakinoides__lat_range_z_trans,0.061334572028280555,0.0014507623486947727,0.016513463723200564,0.7707543411350344,0.4275338576408103,1.1323013827204704
Aetobarbakinoides__Temperate_N,0.05692337730747588,-8.824773504336077e-05,0.02346530248156809,NA,NA,NA
Aetobarbakinoides__Tropical,0.04484823194787121,-0.00038238698413531065,0.01941858457272437,NA,NA,NA
Aetobarbakinoides__Temperate_S,-0.04260997749301635,-0.00678505420203023,0.00936526443644142,NA,NA,NA
Aetobarbakinoides__Antarctic,0.010017907278698801,-7.101981116553264e-05,0.0039268999306916,NA,NA,NA
Aetobarbakinoides__mat_z_trans,0.01606088362798424,-0.002833101289861574,0.013423192003827494,NA,NA,NA
Aetobarbakinoides__map_z_trans,-0.07204849345693472,-0.008509360177810683,0.010935763428984018,NA,NA,NA
Aetobarbakinoides__wmm_z_trans,-0.0007979508455349328,-0.002241794867462987,0.011117153251300894,NA,NA,NA
Aetobarbakinoides__cmm_z_trans,-0.009889275847144581,-0.002744638052665345,0.01485265505408988,NA,NA,NA
Aetobarbakinoides__wmmcmm_z_trans,-0.0029999478686741875,-0.003227228075882849,0.010366285385521045,NA,NA,NA
Aetobarbakinoides__wetmon_z_trans,0.015584580315893251,-0.0038741586851043,0.01989085991259942,NA,NA,NA
Aetobarbakinoides__drymon_z_trans,0.0032296741697551462,-0.0013771826918917798,0.007690879588205166,NA,NA,NA
Aetobarbakinoides__wetdry_z_trans,0.033559524438176794,-0.003183108510622744,0.027453170796459217,NA,NA,NA
Aetobarbakinoides__time,0.0042442187287951945,-0.001082951576421352,0.005720065629851903,NA,NA,NA
Aetosauroides__lat_range_z_trans,-0.1709337396941847,-0.01074581630900075,-0.00769070132521304,0.7821424456373279,0.0019098781049251556,2.9235980212688446
Aetosauroides__Temperate_N,0.044308318542591284,-0.00024969832322026497,0.015465278999437919,NA,NA,NA
Aetosauroides__Tropical,0.028985084251294035,-0.0005286543511427088,0.011948288142633863,NA,NA,NA
Aetosauroides__Temperate_S,-0.004307660609587676,-0.0024031982935228567,0.011334999203640363,NA,NA,NA
Aetosauroides__Antarctic,0.00559441126920775,-0.0005176505375069227,0.0024907256900914792,NA,NA,NA
Aetosauroides__mat_z_trans,0.046672522765782064,-0.002264574436364712,0.030174311253330716,NA,NA,NA
Aetosauroides__map_z_trans,-0.03260667617724619,-0.003728781773775929,0.005210176288911475,NA,NA,NA
Aetosauroides__wmm_z_trans,0.05243901853313771,-0.0018574228268931606,0.031654920486947714,NA,NA,NA
Aetosauroides__cmm_z_trans,-0.006570768674834065,-0.002704285488800414,0.010847475378980762,NA,NA,NA
Aetosauroides__wmmcmm_z_trans,0.025076706783251378,-0.00314923152256762,0.01657801471028551,NA,NA,NA
Aetosauroides__wetmon_z_trans,0.01946530633474146,-0.003119715567279108,0.018118928704684026,NA,NA,NA
Aetosauroides__drymon_z_trans,0.006357914433423975,-0.0004750269746013019,0.003133332164645027,NA,NA,NA
Aetosauroides__wetdry_z_trans,0.03315929686347453,-0.0028555443735408205,0.017889826837957968,NA,NA,NA
Aetosauroides__time,0.06981758971057475,-0.00034986953318670333,0.02698396365913129,NA,NA,NA
Aetosaurus__lat_range_z_trans,-0.7450569659471512,-0.01275703573585761,-0.011512748343766276,0.17230230537352326,0.0011765118688344955,0.3215667298063636
Aetosaurus__Temperate_N,-0.09951634727884084,-0.0023611449796476134,0.005004729955213602,NA,NA,NA
Aetosaurus__Tropical,-0.05616987147841428,-0.0018116112145644672,0.008457098874876931,NA,NA,NA
Aetosaurus__Temperate_S,0.13495105559937656,-0.0005219619657135881,0.014561004701420943,NA,NA,NA
Aetosaurus__Antarctic,0.02855252120527439,-8.197766215607967e-05,0.0027735350955384124,NA,NA,NA
Aetosaurus__mat_z_trans,0.1852633229258936,-0.0018385999977155096,0.035110177078032094,NA,NA,NA
Aetosaurus__map_z_trans,-0.12191848356276751,-0.0032362842972448007,0.004588622202115349,NA,NA,NA
Aetosaurus__wmm_z_trans,0.15617105207405985,-0.001636696020547065,0.03294756082100954,NA,NA,NA
Aetosaurus__cmm_z_trans,-0.0507113478903193,-0.002723682437120868,0.008762745359014692,NA,NA,NA
Aetosaurus__wmmcmm_z_trans,0.10086696510203183,-0.0027607072982446163,0.01328657950564079,NA,NA,NA
Aetosaurus__wetmon_z_trans,0.06292518952861428,-0.0032156021244391163,0.0188605179230722,NA,NA,NA
Aetosaurus__drymon_z_trans,0.027222925967071206,-0.00017569142262043443,0.005201715868109623,NA,NA,NA
Aetosaurus__wetdry_z_trans,0.11775508070364595,-0.001949403235794394,0.02540817937475295,NA,NA,NA
Aetosaurus__time,0.2850031204521656,0.00012092808026289006,0.030689821780434248,NA,NA,NA
Agnosphitys__lat_range_z_trans,0.15735646160570235,0.0010382795839546455,0.015487355796333374,0.37525391890070753,0.1850963830947876,0.5618524290621281
Agnosphitys__Temperate_N,-0.2022915873539411,-0.006337708435647008,0.011598913563941474,NA,NA,NA
Agnosphitys__Tropical,0.09575552019957347,-0.0014106316669677526,0.016031816152159952,NA,NA,NA
Agnosphitys__Temperate_S,0.13940095122519983,-0.0005137540993066182,0.023195027664684356,NA,NA,NA
Agnosphitys__Antarctic,0.032930159288213315,7.834091168548971e-05,0.003846506783995853,NA,NA,NA
Agnosphitys__mat_z_trans,0.014997924917577227,-0.002610029877911502,0.018384487940361457,NA,NA,NA
Agnosphitys__map_z_trans,-0.19824233626592397,-0.007155331476023458,0.00872286791473974,NA,NA,NA
Agnosphitys__wmm_z_trans,0.0033948312147901506,-0.001850552587689191,0.012176276117665006,NA,NA,NA
Agnosphitys__cmm_z_trans,-0.04478880950970934,-0.0031831743727266802,0.007609067338422566,NA,NA,NA
Agnosphitys__wmmcmm_z_trans,0.001779270403452979,-0.0023971347183192352,0.013788634480169915,NA,NA,NA
Agnosphitys__wetmon_z_trans,0.023895044081530065,-0.0041123751762019226,0.021790379994165363,NA,NA,NA
Agnosphitys__drymon_z_trans,0.00267455301399539,-0.0010772653451389057,0.006616429813624522,NA,NA,NA
Agnosphitys__wetdry_z_trans,0.05129172791644726,-0.005054884707199707,0.026451160587811676,NA,NA,NA
Agnosphitys__time,0.03930361359471871,-0.0003632483439114288,0.008440616047389837,NA,NA,NA
Ahvaytum__lat_range_z_trans,0.061334572028280555,0.0014507623486947727,0.016513463723200564,0.7707543411350344,0.4275338576408103,1.1323013827204704
Ahvaytum__Temperate_N,0.05692337730747588,-8.824773504336077e-05,0.02346530248156809,NA,NA,NA
Ahvaytum__Tropical,0.04484823194787121,-0.00038238698413531065,0.01941858457272437,NA,NA,NA
Ahvaytum__Temperate_S,-0.04260997749301635,-0.00678505420203023,0.00936526443644142,NA,NA,NA
Ahvaytum__Antarctic,0.010017907278698801,-7.101981116553264e-05,0.0039268999306916,NA,NA,NA
Ahvaytum__mat_z_trans,0.01606088362798424,-0.002833101289861574,0.013423192003827494,NA,NA,NA
Ahvaytum__map_z_trans,-0.07204849345693472,-0.008509360177810683,0.010935763428984018,NA,NA,NA
Ahvaytum__wmm_z_trans,-0.0007979508455349328,-0.002241794867462987,0.011117153251300894,NA,NA,NA
Ahvaytum__cmm_z_trans,-0.009889275847144581,-0.002744638052665345,0.01485265505408988,NA,NA,NA
Ahvaytum__wmmcmm_z_trans,-0.0029999478686741875,-0.003227228075882849,0.010366285385521045,NA,NA,NA
Ahvaytum__wetmon_z_trans,0.015584580315893251,-0.0038741586851043,0.01989085991259942,NA,NA,NA
Ahvaytum__drymon_z_trans,0.0032296741697551462,-0.0013771826918917798,0.007690879588205166,NA,NA,NA
Ahvaytum__wetdry_z_trans,0.033559524438176794,-0.003183108510622744,0.027453170796459217,NA,NA,NA
Ahvaytum__time,0.0042442187287951945,-0.001082951576421352,0.005720065629851903,NA,NA,NA
Alwalkeria__lat_range_z_trans,0.061334572028280555,0.0014507623486947727,0.016513463723200564,0.7707543411350344,0.4275338576408103,1.1323013827204704
Alwalkeria__Temperate_N,0.05692337730747588,-8.824773504336077e-05,0.02346530248156809,NA,NA,NA
Alwalkeria__Tropical,0.04484823194787121,-0.00038238698413531065,0.01941858457272437,NA,NA,NA
Alwalkeria__Temperate_S,-0.04260997749301635,-0.00678505420203023,0.00936526443644142,NA,NA,NA
Alwalkeria__Antarctic,0.010017907278698801,-7.101981116553264e-05,0.0039268999306916,NA,NA,NA
Alwalkeria__mat_z_trans,0.01606088362798424,-0.002833101289861574,0.013423192003827494,NA,NA,NA
Alwalkeria__map_z_trans,-0.07204849345693472,-0.008509360177810683,0.010935763428984018,NA,NA,NA
Alwalkeria__wmm_z_trans,-0.0007979508455349328,-0.002241794867462987,0.011117153251300894,NA,NA,NA
Alwalkeria__cmm_z_trans,-0.009889275847144581,-0.002744638052665345,0.01485265505408988,NA,NA,NA
Alwalkeria__wmmcmm_z_trans,-0.0029999478686741875,-0.003227228075882849,0.010366285385521045,NA,NA,NA
Alwalkeria__wetmon_z_trans,0.015584580315893251,-0.0038741586851043,0.01989085991259942,NA,NA,NA
Alwalkeria__drymon_z_trans,0.0032296741697551462,-0.0013771826918917798,0.007690879588205166,NA,NA,NA
Alwalkeria__wetdry_z_trans,0.033559524438176794,-0.003183108510622744,0.027453170796459217,NA,NA,NA
Alwalkeria__time,0.0042442187287951945,-0.001082951576421352,0.005720065629851903,NA,NA,NA
Amanasaurus__lat_range_z_trans,-0.04740619281072869,-0.008226824720962853,-0.001562391331450964,1.5639430372703647,0.012842927128076553,3.8026782255619764
Amanasaurus__Temperate_N,0.02483755388548475,0.00035131518086380196,0.015111715277806175,NA,NA,NA
Amanasaurus__Tropical,0.015671076601024455,-0.0007885321706444195,0.01190697000119453,NA,NA,NA
Amanasaurus__Temperate_S,-0.00453606119276638,-0.004127256065142107,0.01339300148339149,NA,NA,NA
Amanasaurus__Antarctic,0.0012131853279305194,-0.0004872602292649225,0.0021553037855419864,NA,NA,NA
Amanasaurus__mat_z_trans,0.024976181745619115,-0.0020054452982491283,0.03199039583409231,NA,NA,NA
Amanasaurus__map_z_trans,-0.013937680641709015,-0.00396295780337887,0.004826979675687476,NA,NA,NA
Amanasaurus__wmm_z_trans,0.03163134913546724,-0.00327535256492273,0.02757509071897787,NA,NA,NA
Amanasaurus__cmm_z_trans,-0.0005809709849599393,-0.00274425161740629,0.01043670265506345,NA,NA,NA
Amanasaurus__wmmcmm_z_trans,0.014047936860789806,-0.0023529341278484576,0.015540080048404356,NA,NA,NA
Amanasaurus__wetmon_z_trans,0.011035236537940618,-0.004063482792466643,0.014916636282892994,NA,NA,NA
Amanasaurus__drymon_z_trans,0.0023981651356081075,-0.0005151541981259846,0.0029140547018479835,NA,NA,NA
Amanasaurus__wetdry_z_trans,0.019119854085319403,-0.0024953880565528734,0.020591077351592497,NA,NA,NA
Amanasaurus__time,0.0389876906466063,-0.0002559458473018006,0.02434392371042294,NA,NA,NA
Ammorhynchus__lat_range_z_trans,-0.03355149064096622,-0.0008406426824590233,0.0028239090459636837,0.24785388392556343,0.05519331153482199,0.484036126465071
Ammorhynchus__Temperate_N,0.2728040193021297,0.00022064167208176005,0.016871126310298287,NA,NA,NA
Ammorhynchus__Tropical,-0.39768843686499167,-0.005736175438475538,0.006775368242279779,NA,NA,NA
Ammorhynchus__Temperate_S,0.30238940604031084,0.00039642224247891646,0.01740017613904599,NA,NA,NA
Ammorhynchus__Antarctic,0.0756254931841977,3.877063049005267e-05,0.0038427740039787646,NA,NA,NA
Ammorhynchus__mat_z_trans,-0.13435951909516006,-0.003665281818038761,0.008792064638591777,NA,NA,NA
Ammorhynchus__map_z_trans,0.48239945322275163,-0.001010535328408859,0.040532050604105044,NA,NA,NA
Ammorhynchus__wmm_z_trans,-0.1652588546613697,-0.0047597792582509115,0.01396834718048903,NA,NA,NA
Ammorhynchus__cmm_z_trans,0.040261422605253755,-0.001221758094869762,0.009728542554686193,NA,NA,NA
Ammorhynchus__wmmcmm_z_trans,-0.08996001680381596,-0.0025111718795511667,0.010267500381963314,NA,NA,NA
Ammorhynchus__wetmon_z_trans,-0.05586944197042612,-0.006028815900934533,0.032562931270913684,NA,NA,NA
Ammorhynchus__drymon_z_trans,0.05804889380015084,-0.00030242183590011555,0.004928353736950653,NA,NA,NA
Ammorhynchus__wetdry_z_trans,-0.24223244809545577,-0.007900133593825288,0.021415115814135122,NA,NA,NA
Ammorhynchus__time,-0.06352476236002985,-0.0016285890257400446,0.0042312802720637765,NA,NA,NA
Ammosaurus__lat_range_z_trans,0.042108822904445196,0.0009675152980737376,0.012074934705997275,1.0179732221550513,0.6345027852803469,1.3735392354428768
Ammosaurus__Temperate_N,-0.06834320671755903,-0.008450502114493467,0.0009509460156890441,NA,NA,NA
Ammosaurus__Tropical,0.016461024945747606,-0.0018362430661910945,0.012181726922362184,NA,NA,NA
Ammosaurus__Temperate_S,0.02186902596480381,-0.0017245519494403613,0.013602269291772238,NA,NA,NA
Ammosaurus__Antarctic,0.006808563411021152,1.686377406975153e-05,0.002673167974534159,NA,NA,NA
Ammosaurus__mat_z_trans,0.025222579190662096,-0.0032794412634682907,0.02873615482568852,NA,NA,NA
Ammosaurus__map_z_trans,-0.03109528463431809,-0.004010587210546555,0.008183043661411609,NA,NA,NA
Ammosaurus__wmm_z_trans,0.012757424335200046,-0.004742333122940596,0.02756609589133684,NA,NA,NA
Ammosaurus__cmm_z_trans,-0.011540130773377472,-0.002713897527958255,0.005797242357432057,NA,NA,NA
Ammosaurus__wmmcmm_z_trans,0.019417093434592334,-0.0011536448324816564,0.012931025247203073,NA,NA,NA
Ammosaurus__wetmon_z_trans,0.006458353507550143,-0.00294519611490416,0.01950197490870314,NA,NA,NA
Ammosaurus__drymon_z_trans,0.003826992769488224,-0.00034040800719159947,0.003830409627874386,NA,NA,NA
Ammosaurus__wetdry_z_trans,0.016555357394354864,-0.003199616415434938,0.01888160466370094,NA,NA,NA
Ammosaurus__time,0.05695070859901543,-0.0015374277584957886,0.027228944101759623,NA,NA,NA
Amotosaurus__lat_range_z_trans,-0.41362802520394326,-0.0051541159572360985,-0.009195985276153952,0.15048870926992094,0.009375873603858054,0.35796523827593774
Amotosaurus__Temperate_N,-0.10099243448348716,-0.002712353895415048,0.005476099776841254,NA,NA,NA
Amotosaurus__Tropical,-0.1023926688672509,-0.0028793188910298285,0.004610044980457105,NA,NA,NA
Amotosaurus__Temperate_S,0.19116638167761266,0.00033391301635376375,0.01836903982798855,NA,NA,NA
Amotosaurus__Antarctic,0.036183863013066,-0.00010172604767715336,0.003093027847007171,NA,NA,NA
Amotosaurus__mat_z_trans,-0.031437058101873847,-0.003176994534746041,0.014415082524083118,NA,NA,NA
Amotosaurus__map_z_trans,0.35721360380295664,-0.0007632311086506355,0.04114408490331567,NA,NA,NA
Amotosaurus__wmm_z_trans,-0.05254926762077958,-0.0040510597966894706,0.010848095668730795,NA,NA,NA
Amotosaurus__cmm_z_trans,0.10504088608548046,-0.0008201255565253382,0.016945279694050738,NA,NA,NA
Amotosaurus__wmmcmm_z_trans,0.04025635430742113,-0.0014793437147369063,0.012132643819458257,NA,NA,NA
Amotosaurus__wetmon_z_trans,0.019906801860779522,-0.0062253937430461655,0.03616003044297805,NA,NA,NA
Amotosaurus__drymon_z_trans,0.044469483567227144,-0.0002338893522913514,0.00532896785563204,NA,NA,NA
Amotosaurus__wetdry_z_trans,-0.0899019404353021,-0.006820269851226558,0.031080519318497316,NA,NA,NA
Amotosaurus__time,-0.009393914795655291,-0.0008655608784864428,0.003732608812578969,NA,NA,NA
Ancistronychus__lat_range_z_trans,0.2563214823740736,0.0007764259489693402,0.011131596083362987,0.2954257001570659,0.0873938724398613,0.47126467898488045
Ancistronychus__Temperate_N,0.22981514392275515,4.161809405320912e-06,0.013887536511718012,NA,NA,NA
Ancistronychus__Tropical,-0.24396944077835134,-0.004552714790813773,0.0031882928431799934,NA,NA,NA
Ancistronychus__Temperate_S,0.24385596543162788,0.00019160457392030769,0.017014662161548223,NA,NA,NA
Ancistronychus__Antarctic,0.05596627043735037,6.057258915721981e-05,0.0026894462723398836,NA,NA,NA
Ancistronychus__mat_z_trans,0.24107112521582888,-0.0037953960713677953,0.03081804667223272,NA,NA,NA
Ancistronychus__map_z_trans,-0.3705219676149117,-0.004841804253705764,0.006306289449742649,NA,NA,NA
Ancistronychus__wmm_z_trans,0.04637475281133546,-0.0018004246758271084,0.013255937799606182,NA,NA,NA
Ancistronychus__cmm_z_trans,-0.36202231729227285,-0.006732632733148212,0.012204165066816085,NA,NA,NA
Ancistronychus__wmmcmm_z_trans,-0.2964020009909529,-0.0058480594454567705,0.01500737849211776,NA,NA,NA
Ancistronychus__wetmon_z_trans,-0.02023348320242731,-0.004590303468919505,0.021424183046205386,NA,NA,NA
Ancistronychus__drymon_z_trans,0.024732742552181157,-0.0006431790966650116,0.004758178349820396,NA,NA,NA
Ancistronychus__wetdry_z_trans,0.12362097111963337,-0.0032791752127269177,0.03108653831857957,NA,NA,NA
Ancistronychus__time,0.18884808034575648,0.00010145451577539274,0.011367289128195235,NA,NA,NA
Angistorhinus__lat_range_z_trans,-0.9014221754670143,-0.011780349242837074,-0.0128185882814683,0.15197467403442716,0.00046948017552495003,0.3170591837260872
Angistorhinus__Temperate_N,0.16457032750011422,-5.836005665371048e-06,0.01655261603095589,NA,NA,NA
Angistorhinus__Tropical,-0.09411650585738243,-0.0031342323012410428,0.006482483844008374,NA,NA,NA
Angistorhinus__Temperate_S,0.1421422273851931,-0.00038444317430806477,0.01525506648217828,NA,NA,NA
Angistorhinus__Antarctic,0.03917027224364574,3.5590040703862674e-05,0.003096075739855872,NA,NA,NA
Angistorhinus__mat_z_trans,0.18843845516443253,-0.0020873152560548377,0.03151719247985976,NA,NA,NA
Angistorhinus__map_z_trans,-0.16208291087765248,-0.0038551649642249793,0.00432676242216774,NA,NA,NA
Angistorhinus__wmm_z_trans,0.15588186763692646,-0.0023391619301443476,0.02561090312413849,NA,NA,NA
Angistorhinus__cmm_z_trans,-0.09554593310225755,-0.003005632895097978,0.011582658367494822,NA,NA,NA
Angistorhinus__wmmcmm_z_trans,0.06552201915881596,-0.002350870314969041,0.015770791669626427,NA,NA,NA
Angistorhinus__wetmon_z_trans,0.05341735063120723,-0.003506478369734816,0.020827779065695336,NA,NA,NA
Angistorhinus__drymon_z_trans,0.03605881744704675,-0.00010573938282629432,0.00513122409221801,NA,NA,NA
Angistorhinus__wetdry_z_trans,0.11720370457973331,-0.002544229536989017,0.02280587162106129,NA,NA,NA
Angistorhinus__time,0.2843159233033657,0.00011439302198572612,0.02799870353767311,NA,NA,NA
Anisodontosaurus__lat_range_z_trans,-0.03736545706789488,-0.002090728702092492,0.002095400272098449,0.6975979744025972,0.03346942365169525,2.1566117387264967
Anisodontosaurus__Temperate_N,0.07098388423973788,0.0001221858457940032,0.02132156203598021,NA,NA,NA
Anisodontosaurus__Tropical,-0.08237554850923895,-0.006564500666468566,0.011346074908254488,NA,NA,NA
Anisodontosaurus__Temperate_S,0.08166099617159148,0.0006683143946341033,0.023975006457650674,NA,NA,NA
Anisodontosaurus__Antarctic,0.016011162595044554,2.9898807737464412e-05,0.004547750474905377,NA,NA,NA
Anisodontosaurus__mat_z_trans,-0.016342944586957876,-0.004795588971318542,0.011347549149692845,NA,NA,NA
Anisodontosaurus__map_z_trans,0.012682007479617665,-0.004087319188154439,0.019868606902274093,NA,NA,NA
Anisodontosaurus__wmm_z_trans,-0.005096711620660745,-0.002265072778450572,0.01390085800989184,NA,NA,NA
Anisodontosaurus__cmm_z_trans,0.04038499336783362,-0.0018138426486866354,0.019257993693431924,NA,NA,NA
Anisodontosaurus__wmmcmm_z_trans,0.03632717798928203,-0.002192972191660941,0.016468371661767824,NA,NA,NA
Anisodontosaurus__wetmon_z_trans,0.01502855104657149,-0.0040340717452119704,0.02228247242777423,NA,NA,NA
Anisodontosaurus__drymon_z_trans,0.009144197296169521,-0.0007985566751320747,0.006164146465940137,NA,NA,NA
Anisodontosaurus__wetdry_z_trans,-0.010463020245107493,-0.00567172322317001,0.017586987676265313,NA,NA,NA
Anisodontosaurus__time,-0.013121963824362001,-0.0014554925692226027,0.003976760059537675,NA,NA,NA
Anomoepus__lat_range_z_trans,0.042108822904445196,0.0009675152980737376,0.012074934705997275,1.0179732221550513,0.6345027852803469,1.3735392354428768
Anomoepus__Temperate_N,-0.06834320671755903,-0.008450502114493467,0.0009509460156890441,NA,NA,NA
Anomoepus__Tropical,0.016461024945747606,-0.0018362430661910945,0.012181726922362184,NA,NA,NA
Anomoepus__Temperate_S,0.02186902596480381,-0.0017245519494403613,0.013602269291772238,NA,NA,NA
Anomoepus__Antarctic,0.006808563411021152,1.686377406975153e-05,0.002673167974534159,NA,NA,NA
Anomoepus__mat_z_trans,0.025222579190662096,-0.0032794412634682907,0.02873615482568852,NA,NA,NA
Anomoepus__map_z_trans,-0.03109528463431809,-0.004010587210546555,0.008183043661411609,NA,NA,NA
Anomoepus__wmm_z_trans,0.012757424335200046,-0.004742333122940596,0.02756609589133684,NA,NA,NA
Anomoepus__cmm_z_trans,-0.011540130773377472,-0.002713897527958255,0.005797242357432057,NA,NA,NA
Anomoepus__wmmcmm_z_trans,0.019417093434592334,-0.0011536448324816564,0.012931025247203073,NA,NA,NA
Anomoepus__wetmon_z_trans,0.006458353507550143,-0.00294519611490416,0.01950197490870314,NA,NA,NA
Anomoepus__drymon_z_trans,0.003826992769488224,-0.00034040800719159947,0.003830409627874386,NA,NA,NA
Anomoepus__wetdry_z_trans,0.016555357394354864,-0.003199616415434938,0.01888160466370094,NA,NA,NA
Anomoepus__time,0.05695070859901543,-0.0015374277584957886,0.027228944101759623,NA,NA,NA
Anomoiodon__lat_range_z_trans,-0.5381418716907501,-0.008911164377632678,-0.015393223519868257,0.16647647469453658,0.018416685983538628,0.31373724713921547
Anomoiodon__Temperate_N,-0.09759298377786763,-0.003172017043132092,0.003435417433813052,NA,NA,NA
Anomoiodon__Tropical,-0.10081716104643419,-0.0031577584498112825,0.005020232911939546,NA,NA,NA
Anomoiodon__Temperate_S,0.17068935410119593,-0.00022345237414685194,0.01743932085862533,NA,NA,NA
Anomoiodon__Antarctic,0.022709001015173272,-0.00018878496989579462,0.0029060628284898592,NA,NA,NA
Anomoiodon__mat_z_trans,0.01747693937824806,-0.00166780093528644,0.014824467400051708,NA,NA,NA
Anomoiodon__map_z_trans,0.3266946684080176,-0.0008673063780006341,0.04246011989299861,NA,NA,NA
Anomoiodon__wmm_z_trans,-0.022678413028479553,-0.0034529810102517746,0.016229536548940694,NA,NA,NA
Anomoiodon__cmm_z_trans,0.1075093091884628,-0.0002528015180782778,0.015897258827870308,NA,NA,NA
Anomoiodon__wmmcmm_z_trans,0.03951826318316307,-0.0014858625811654056,0.015026653606338074,NA,NA,NA
Anomoiodon__wetmon_z_trans,0.07083613922819496,-0.005463874885984273,0.03508691990782734,NA,NA,NA
Anomoiodon__drymon_z_trans,0.03413750984589569,-0.0002477591647810353,0.0055404242010345115,NA,NA,NA
Anomoiodon__wetdry_z_trans,0.009174805136863142,-0.004694396109033715,0.032335879969027294,NA,NA,NA
Anomoiodon__time,-0.014385317773849238,-0.0011635105142030206,0.003330469328377026,NA,NA,NA
Antarctanax__lat_range_z_trans,0.013047106519115276,0.0012570350874670673,0.008541797767451497,4.090092354417429,0.261755202896893,7.092980680987239
Antarctanax__Temperate_N,0.008968997827173837,-0.0010081347952229577,0.008237564747204846,NA,NA,NA
Antarctanax__Tropical,0.004347920604958288,-0.0014686821186908948,0.005724467899571515,NA,NA,NA
Antarctanax__Temperate_S,0.008018240218927235,-0.0003816885452244237,0.010939338788405967,NA,NA,NA
Antarctanax__Antarctic,0.01658256531361748,-0.007230458169343927,0.042443091739147946,NA,NA,NA
Antarctanax__mat_z_trans,0.002364854273119409,-0.005738173734037182,0.015987186076769733,NA,NA,NA
Antarctanax__map_z_trans,0.021657874859883283,-0.0010354433755871285,0.02056507391966893,NA,NA,NA
Antarctanax__wmm_z_trans,0.0012082948010815205,-0.004061451504011224,0.012501204066327147,NA,NA,NA
Antarctanax__cmm_z_trans,0.021525309164816674,-0.0019163382466492456,0.02083597802489649,NA,NA,NA
Antarctanax__wmmcmm_z_trans,0.012683133427288886,-0.001111313688072743,0.012634832478186609,NA,NA,NA
Antarctanax__wetmon_z_trans,0.0053655161597181604,-0.00364585375963656,0.016052473756139093,NA,NA,NA
Antarctanax__drymon_z_trans,0.002079955593047551,-0.0007872300830211948,0.003840651840567483,NA,NA,NA
Antarctanax__wetdry_z_trans,0.005489931233796642,-0.004831898651587672,0.014659702197633883,NA,NA,NA
Antarctanax__time,-0.005882375664917948,-0.002989838727785191,0.0011761768934939619,NA,NA,NA
Anthodon__lat_range_z_trans,-0.9224939268827438,-0.010213768074631303,-0.016752523823591343,0.11281776115329194,0.014720008941367269,0.2833915799856186
Anthodon__Temperate_N,0.1545086709363386,4.723303830733108e-05,0.011266550734326588,NA,NA,NA
Anthodon__Tropical,0.08544763315934688,-1.64452710903607e-05,0.008655649366740443,NA,NA,NA
Anthodon__Temperate_S,-0.1261691802740097,-0.0026340559999612667,0.001743352498060571,NA,NA,NA
Anthodon__Antarctic,0.02127019795414526,-0.0003140578431480131,0.0018185891478615774,NA,NA,NA
Anthodon__mat_z_trans,-0.15101472958456724,-0.005922750809596288,0.03956447742928253,NA,NA,NA
Anthodon__map_z_trans,0.15034283867571502,-0.0004472946504827879,0.01447983307667277,NA,NA,NA
Anthodon__wmm_z_trans,0.008085771143669263,-0.0008501530843419249,0.009509199982024251,NA,NA,NA
Anthodon__cmm_z_trans,0.38677709744311867,-0.002344957607395968,0.04070881786600828,NA,NA,NA
Anthodon__wmmcmm_z_trans,0.2523765598880891,-0.004441430534924602,0.030969612792814887,NA,NA,NA
Anthodon__wetmon_z_trans,0.06533582707401366,-0.0010382072568999475,0.012001014509055124,NA,NA,NA
Anthodon__drymon_z_trans,0.13502323381137102,-0.002241222466329453,0.02182207568042859,NA,NA,NA
Anthodon__wetdry_z_trans,-0.012878557194489985,-0.003055230561177419,0.016598373184727504,NA,NA,NA
Anthodon__time,-0.07294432086404413,-0.0014771291897312752,0.0017545177510533078,NA,NA,NA
Apachesuchus__lat_range_z_trans,0.24826816722750664,0.0008195743487220974,0.011090956880816,0.17154128682464942,0.08652764558792114,0.2419021613895893
Apachesuchus__Temperate_N,0.22221328332729173,4.6406216333719314e-06,0.014734974288441024,NA,NA,NA
Apachesuchus__Tropical,-0.24272756258957087,-0.0039789572733380536,0.006859095891727045,NA,NA,NA
Apachesuchus__Temperate_S,0.24109355352818965,0.0002136484985715075,0.017541669046872956,NA,NA,NA
Apachesuchus__Antarctic,0.05866171920672059,7.796644388932676e-05,0.0031718296988925924,NA,NA,NA
Apachesuchus__mat_z_trans,0.18113391558712466,-0.004063535477668951,0.02437724221559631,NA,NA,NA
Apachesuchus__map_z_trans,-0.390479831607081,-0.005398849244651235,0.006911773847794556,NA,NA,NA
Apachesuchus__wmm_z_trans,0.01238809946749825,-0.0012812730234581622,0.0076199670603734225,NA,NA,NA
Apachesuchus__cmm_z_trans,-0.3416022455110215,-0.005832272481122713,0.013613850477288173,NA,NA,NA
Apachesuchus__wmmcmm_z_trans,-0.2819643647642806,-0.00595336603571891,0.015596656250175,NA,NA,NA
Apachesuchus__wetmon_z_trans,-0.020635568504221737,-0.00484604567549929,0.024531550015723883,NA,NA,NA
Apachesuchus__drymon_z_trans,0.030086880894959905,-0.0005978306105705098,0.005048529347538459,NA,NA,NA
Apachesuchus__wetdry_z_trans,0.11933703783201054,-0.004302355608167622,0.032983484324552864,NA,NA,NA
Apachesuchus__time,0.15669238202273847,0.0001891852059758712,0.010057960849672814,NA,NA,NA
Apatopus__lat_range_z_trans,-0.7253556898236275,-0.013189830274755933,-0.011545218829127192,0.16209139737948136,0.0007673052605241537,0.3088333825580776
Apatopus__Temperate_N,-0.10474595310806763,-0.0025059365030979503,0.006167742495176294,NA,NA,NA
Apatopus__Tropical,-0.0652449738944415,-0.0020468606400356687,0.007895556529512493,NA,NA,NA
Apatopus__Temperate_S,0.1371480681281537,-0.00043594800426436064,0.013678880947485936,NA,NA,NA
Apatopus__Antarctic,0.026950444672984304,-5.109002176001026e-05,0.002848256262839049,NA,NA,NA
Apatopus__mat_z_trans,0.17253753056167626,-0.001974822701111953,0.030962869335796922,NA,NA,NA
Apatopus__map_z_trans,-0.1163060641498305,-0.0033137136429579462,0.0058097487453944345,NA,NA,NA
Apatopus__wmm_z_trans,0.1376654440537095,-0.0018069211884584253,0.02818291732254682,NA,NA,NA
Apatopus__cmm_z_trans,-0.04072013921104371,-0.002830229794683479,0.00838963274629841,NA,NA,NA
Apatopus__wmmcmm_z_trans,0.10821394040343875,-0.001906927436428921,0.018266564748171236,NA,NA,NA
Apatopus__wetmon_z_trans,0.06466483147698454,-0.0026096934969489557,0.022694110557574965,NA,NA,NA
Apatopus__drymon_z_trans,0.027695836030034116,-0.00027798414213202636,0.0051394414685332485,NA,NA,NA
Apatopus__wetdry_z_trans,0.11700400294736028,-0.002138499402254245,0.025202683036683063,NA,NA,NA
Apatopus__time,0.2772974989749491,0.00013898693748660371,0.030446354828579415,NA,NA,NA
Apatosuchus__lat_range_z_trans,0.06708645410623411,0.0007827206782273466,0.01039997795660773,0.6206512104130525,0.29570092586800456,1.0400638971477747
Apatosuchus__Temperate_N,-0.054823036914076625,-0.0038471446906442218,0.006612225272277063,NA,NA,NA
Apatosuchus__Tropical,0.05098904031518747,-0.00037299892756021677,0.012162655045047469,NA,NA,NA
Apatosuchus__Temperate_S,0.06304906369585132,-2.6190996808055435e-05,0.01490312619007264,NA,NA,NA
Apatosuchus__Antarctic,0.010228143114975968,-6.014681314882259e-05,0.0021187592771541573,NA,NA,NA
Apatosuchus__mat_z_trans,0.07724857749853029,-0.005113667242242644,0.03083711192905224,NA,NA,NA
Apatosuchus__map_z_trans,-0.07979716598930184,-0.004624621824870581,0.006191609863648223,NA,NA,NA
Apatosuchus__wmm_z_trans,0.020019926957963948,-0.0016528173512311416,0.015960547804753318,NA,NA,NA
Apatosuchus__cmm_z_trans,-0.08858692809052741,-0.006406358451445992,0.014926448062721583,NA,NA,NA
Apatosuchus__wmmcmm_z_trans,-0.056681896910244035,-0.004808229884265145,0.01732280769075528,NA,NA,NA
Apatosuchus__wetmon_z_trans,0.006337064061280336,-0.0043474943916184125,0.020265056412185286,NA,NA,NA
Apatosuchus__drymon_z_trans,0.003393506687593824,-0.0011414458587548763,0.005812392620844377,NA,NA,NA
Apatosuchus__wetdry_z_trans,0.03979897875765618,-0.0033361343434280244,0.024846660922796852,NA,NA,NA
Apatosuchus__time,0.05919559704050274,5.059786387515e-06,0.011780161147548877,NA,NA,NA
Aphelosaurus__lat_range_z_trans,0.08922916583398507,0.00033675466136294323,0.007539208687956437,0.4531531325425021,0.02391982078552246,1.421466127038002
Aphelosaurus__Temperate_N,0.07204628818708309,-8.309579176760503e-05,0.0077416814977851875,NA,NA,NA
Aphelosaurus__Tropical,-0.04523657563188376,-0.0015541211349397821,0.004353155308420148,NA,NA,NA
Aphelosaurus__Temperate_S,0.07864128104830417,5.816342098935835e-05,0.008784827182777654,NA,NA,NA
Aphelosaurus__Antarctic,0.017767359258841754,-9.60968357459517e-05,0.0028294807511179197,NA,NA,NA
Aphelosaurus__mat_z_trans,0.004982130021642846,-0.0015736828978942514,0.009618604198639562,NA,NA,NA
Aphelosaurus__map_z_trans,-0.22300759905400613,-0.008293766095249408,0.011170509094335241,NA,NA,NA
Aphelosaurus__wmm_z_trans,-0.005387504434125578,-0.0038463770787664896,0.01893930045598489,NA,NA,NA
Aphelosaurus__cmm_z_trans,0.007812201105553851,-0.00044929637078196434,0.00481466105526653,NA,NA,NA
Aphelosaurus__wmmcmm_z_trans,-0.052329985875566074,-0.0028670233150661236,0.019027103479458345,NA,NA,NA
Aphelosaurus__wetmon_z_trans,0.023939108723480037,-0.007688627499664558,0.031025009609581742,NA,NA,NA
Aphelosaurus__drymon_z_trans,0.13937122394032705,-0.002722917964149083,0.03139793030550798,NA,NA,NA
Aphelosaurus__wetdry_z_trans,0.10694335247387333,-0.003529599853584398,0.03167912173923367,NA,NA,NA
Aphelosaurus__time,-0.09731312126588337,-0.0026397835561459623,0.005218946829399775,NA,NA,NA
Araeoscelis__lat_range_z_trans,-0.11356850211239677,-0.001962642076754031,-0.0004848494446873648,0.3066452036809642,0.036206480115652084,0.7364756762981415
Araeoscelis__Temperate_N,0.1593301549183805,4.0361428061004275e-05,0.014060969055801904,NA,NA,NA
Araeoscelis__Tropical,-0.10550646257643466,-0.003480703882115855,0.006292303739514284,NA,NA,NA
Araeoscelis__Temperate_S,0.16622990435920923,-8.660161940051389e-05,0.014979471521111645,NA,NA,NA
Araeoscelis__Antarctic,0.026412238179483308,-0.00012458074451041296,0.002557747532974109,NA,NA,NA
Araeoscelis__mat_z_trans,0.0018686326430967014,-0.0029340996421459782,0.009693308747586971,NA,NA,NA
Araeoscelis__map_z_trans,0.1711251652979221,-0.0006362225525579785,0.03233966327082496,NA,NA,NA
Araeoscelis__wmm_z_trans,0.0003840586248730394,-0.00503033729342762,0.020438178093018577,NA,NA,NA
Araeoscelis__cmm_z_trans,-0.08408337293926077,-0.0043830312983817645,0.01465750255060225,NA,NA,NA
Araeoscelis__wmmcmm_z_trans,-0.14411740926877498,-0.005120940612409325,0.02299949058856339,NA,NA,NA
Araeoscelis__wetmon_z_trans,0.06374371083014614,-0.0022438932232233576,0.011803045016055136,NA,NA,NA
Araeoscelis__drymon_z_trans,0.1047409984597711,-0.0025184526447226186,0.02511523736832417,NA,NA,NA
Araeoscelis__wetdry_z_trans,0.0021338335596077862,-0.003681252870143026,0.01340045832926571,NA,NA,NA
Araeoscelis__time,-0.1312356256439964,-0.0027870732796718,0.0062870138265093455,NA,NA,NA
Archeopelta__lat_range_z_trans,0.14820977478866154,0.0013978424881120027,0.01598715333198706,0.46655969075261966,0.26754816621541977,0.7069516805931926
Archeopelta__Temperate_N,0.13400506213808805,0.00015412081333567748,0.023305467071617944,NA,NA,NA
Archeopelta__Tropical,0.09028186512687296,-0.0003919793667447043,0.016290439182553254,NA,NA,NA
Archeopelta__Temperate_S,-0.3088259753705636,-0.00945450861861071,0.0083392587217317,NA,NA,NA
Archeopelta__Antarctic,0.03587629174934907,6.955912020419599e-05,0.004187660568260248,NA,NA,NA
Archeopelta__mat_z_trans,-0.07916641379317382,-0.00493938118872147,0.01484836068888677,NA,NA,NA
Archeopelta__map_z_trans,0.028321614280855653,-0.0015442712017862059,0.020656779672683846,NA,NA,NA
Archeopelta__wmm_z_trans,-0.02583414021924611,-0.0023185842705298544,0.009988061102002226,NA,NA,NA
Archeopelta__cmm_z_trans,0.07585459232847767,-0.003003234537456881,0.01946142800390729,NA,NA,NA
Archeopelta__wmmcmm_z_trans,0.08257352653447926,-0.0016211471512132519,0.016301478537047713,NA,NA,NA
Archeopelta__wetmon_z_trans,-0.02452992999642616,-0.004734898578489758,0.020889681786744385,NA,NA,NA
Archeopelta__drymon_z_trans,0.011743291791473154,-0.0008470615169728009,0.006620162407670334,NA,NA,NA
Archeopelta__wetdry_z_trans,-0.02962604612292373,-0.005921294993800113,0.013135658033685127,NA,NA,NA
Archeopelta__time,-0.021426188904297674,-0.001794631308729399,0.00412795108668718,NA,NA,NA
Archosaurus__lat_range_z_trans,-0.5626411034166813,-0.003631178205509994,-0.005572976430616742,0.16155418996000662,0.05589525122195482,0.30803681910037994
Archosaurus__Temperate_N,-0.2794026519265026,-0.003951664856436616,0.002220893927583875,NA,NA,NA
Archosaurus__Tropical,0.1484572265576571,-5.278127656755106e-05,0.009032048076218215,NA,NA,NA
Archosaurus__Temperate_S,0.24861147811869158,-9.817200812659246e-06,0.013512940893039817,NA,NA,NA
Archosaurus__Antarctic,0.0672144925838802,7.0165159660991666e-06,0.0033771171838842236,NA,NA,NA
Archosaurus__mat_z_trans,-0.4135198381752707,-0.008212233234103467,0.0267287024136669,NA,NA,NA
Archosaurus__map_z_trans,0.15572479486931115,-0.0002716997380319539,0.01128150056761983,NA,NA,NA
Archosaurus__wmm_z_trans,0.03675174295553006,-0.0006045703890838395,0.005217559560325442,NA,NA,NA
Archosaurus__cmm_z_trans,0.3821419919654727,-0.0035085437859509972,0.04120238487578391,NA,NA,NA
Archosaurus__wmmcmm_z_trans,0.17542684415355325,-0.006083566832337264,0.034345314971077616,NA,NA,NA
Archosaurus__wetmon_z_trans,0.06624356157379224,-0.0016488507654292325,0.01228544398620927,NA,NA,NA
Archosaurus__drymon_z_trans,0.15571590460836887,-0.0023387610092967877,0.019566413198076667,NA,NA,NA
Archosaurus__wetdry_z_trans,-0.12811914166202767,-0.0035818680274879488,0.017710250286743966,NA,NA,NA
Archosaurus__time,-0.07898226365447045,-0.001060951506321063,0.003231946685852107,NA,NA,NA
Arcticodactylus__lat_range_z_trans,0.05981256249348791,0.0008064254781531274,0.010160183526506836,0.6748690277241985,0.0958465370349586,1.42169452161761
Arcticodactylus__Temperate_N,-0.046157329259852796,-0.004612079904672888,0.002313440975335739,NA,NA,NA
Arcticodactylus__Tropical,0.04653971407683769,6.0463152099274094e-05,0.01401443930131205,NA,NA,NA
Arcticodactylus__Temperate_S,0.05759510654569218,-2.5913100126194893e-05,0.016909411144963617,NA,NA,NA
Arcticodactylus__Antarctic,0.008370452937419627,-8.42616559178029e-05,0.0027153172611904535,NA,NA,NA
Arcticodactylus__mat_z_trans,0.06171318449678958,-0.004431755808786259,0.03237466857177863,NA,NA,NA
Arcticodactylus__map_z_trans,-0.07194004966984258,-0.004575552785253269,0.005237688031368203,NA,NA,NA
Arcticodactylus__wmm_z_trans,0.020383036737383897,-0.0015153669802572157,0.015586105444767271,NA,NA,NA
Arcticodactylus__cmm_z_trans,-0.06740396181247885,-0.006273191602278805,0.014301997388443687,NA,NA,NA
Arcticodactylus__wmmcmm_z_trans,-0.04536469405643737,-0.004757212691591936,0.016923392152060526,NA,NA,NA
Arcticodactylus__wetmon_z_trans,0.007759497200845484,-0.005133664889285613,0.020720510585611748,NA,NA,NA
Arcticodactylus__drymon_z_trans,0.003191972416599022,-0.0011116289655001162,0.003781445618834661,NA,NA,NA
Arcticodactylus__wetdry_z_trans,0.03778025942326616,-0.0033007366580678973,0.02837407345761332,NA,NA,NA
Arcticodactylus__time,0.04517757280191633,5.0061000823194275e-06,0.010726866735678355,NA,NA,NA
Arganaceras__lat_range_z_trans,0.015972841216135823,0.0010194971310109801,0.009014058589608248,3.0956702700710594,0.42700185626745224,5.2477080672979355
Arganaceras__Temperate_N,0.016233382294626883,2.8091622323646523e-05,0.011389006981095379,NA,NA,NA
Arganaceras__Tropical,-0.009228281726390378,-0.0033330365507587573,0.010744957083597476,NA,NA,NA
Arganaceras__Temperate_S,0.016018720805657916,6.868223252723213e-05,0.01234237003042109,NA,NA,NA
Arganaceras__Antarctic,-0.001525680809181893,-0.0006824798963603803,0.0013399607422352868,NA,NA,NA
Arganaceras__mat_z_trans,-0.00488301767882059,-0.0077710838198655485,0.022516708036970003,NA,NA,NA
Arganaceras__map_z_trans,0.010352453951444246,-0.0008159464516266447,0.009697060622808612,NA,NA,NA
Arganaceras__wmm_z_trans,0.002728370860539523,-0.000799198327288621,0.005563063289087398,NA,NA,NA
Arganaceras__cmm_z_trans,0.03664696872537576,-0.0029510061453619963,0.034664169858433194,NA,NA,NA
Arganaceras__wmmcmm_z_trans,0.026162559576607618,-0.00702631309470319,0.03174156878220721,NA,NA,NA
Arganaceras__wetmon_z_trans,0.0053279622732154705,-0.0019049107900020793,0.009738281448918744,NA,NA,NA
Arganaceras__drymon_z_trans,0.014120217387625356,-0.0035621541227561144,0.020405127718487473,NA,NA,NA
Arganaceras__wetdry_z_trans,0.00032607253588695087,-0.004128273035913248,0.014291031658230143,NA,NA,NA
Arganaceras__time,-0.010795245081096392,-0.003091339062628554,0.0006921753533648235,NA,NA,NA
Arganasuchus__lat_range_z_trans,0.14106956237966542,0.0010814927864876644,0.01725746613272566,0.43580949377821526,0.08652764558792114,1.0630597919225693
Arganasuchus__Temperate_N,0.12089397971642955,-0.0013412794828162342,0.020716603358890355,NA,NA,NA
Arganasuchus__Tropical,-0.13079217885914532,-0.004970211454900382,0.00987756029443286,NA,NA,NA
Arganasuchus__Temperate_S,0.1288833599226912,-5.1762036706714643e-05,0.026252949439774083,NA,NA,NA
Arganasuchus__Antarctic,0.030867789755681347,7.59926709024289e-05,0.004366224024455245,NA,NA,NA
Arganasuchus__mat_z_trans,0.03758347147857427,-0.002880355821601466,0.020103887679887664,NA,NA,NA
Arganasuchus__map_z_trans,-0.18913821631916125,-0.0062321410181037686,0.007352015381859664,NA,NA,NA
Arganasuchus__wmm_z_trans,-0.0031699484005856195,-0.0023267452374672827,0.0072383786799734,NA,NA,NA
Arganasuchus__cmm_z_trans,-0.06923166762914697,-0.0036497622886281053,0.009811070308915214,NA,NA,NA
Arganasuchus__wmmcmm_z_trans,-0.0392266734613819,-0.0028378987493577874,0.012744189331091943,NA,NA,NA
Arganasuchus__wetmon_z_trans,0.008930670216668645,-0.0048691664828848635,0.020103729675426257,NA,NA,NA
Arganasuchus__drymon_z_trans,0.011489889260161031,-0.0008803178226345686,0.008414755524498406,NA,NA,NA
Arganasuchus__wetdry_z_trans,0.045836177291543934,-0.005003790667184462,0.022869262546725777,NA,NA,NA
Arganasuchus__time,0.023461108979631943,-0.0010635247065077305,0.007031447816808546,NA,NA,NA
Arizonasaurus__lat_range_z_trans,-0.1926822331547737,-0.0020309708040934294,-0.00047801802573791525,0.1896069123884081,0.031804777681827545,0.3739234022796154
Arizonasaurus__Temperate_N,0.25389555698260663,0.00020762524223246956,0.016987279132252266,NA,NA,NA
Arizonasaurus__Tropical,-0.3321549127064645,-0.005792660648177312,0.0066716010629875285,NA,NA,NA
Arizonasaurus__Temperate_S,0.2786998895928264,0.00034826354871795695,0.018289376352643792,NA,NA,NA
Arizonasaurus__Antarctic,0.06722434433642775,3.307699276706691e-05,0.003909224136558968,NA,NA,NA
Arizonasaurus__mat_z_trans,-0.12559276622952895,-0.0032077739892101874,0.010164570924767153,NA,NA,NA
Arizonasaurus__map_z_trans,0.44970539569854734,-0.001149172247235427,0.04238589500626384,NA,NA,NA
Arizonasaurus__wmm_z_trans,-0.1269905331498012,-0.004831275100750353,0.012158977949293995,NA,NA,NA
Arizonasaurus__cmm_z_trans,0.04724954047822393,-0.0010356870708698202,0.009723161742169601,NA,NA,NA
Arizonasaurus__wmmcmm_z_trans,-0.06266994141740724,-0.0023621562459844488,0.008894747679973438,NA,NA,NA
Arizonasaurus__wetmon_z_trans,-0.044506066874600944,-0.006058319097019736,0.03177468072805125,NA,NA,NA
Arizonasaurus__drymon_z_trans,0.056047914158261845,-0.0003538620615900987,0.004880612654936535,NA,NA,NA
Arizonasaurus__wetdry_z_trans,-0.22502323754364625,-0.007157854250792058,0.02514974249354697,NA,NA,NA
Arizonasaurus__time,-0.04361001480137929,-0.0015587045793978961,0.003627688357757656,NA,NA,NA
Asilisaurus__lat_range_z_trans,0.2059446404749471,0.0009792597095764138,0.013639886638496267,0.378392317470134,0.1736489775357768,0.7069516805931926
Asilisaurus__Temperate_N,0.183759815163456,-0.00037874081338011323,0.01884320825866282,NA,NA,NA
Asilisaurus__Tropical,0.13235139946953692,-0.0006349835925948446,0.013461578601275836,NA,NA,NA
Asilisaurus__Temperate_S,-0.40714054804627586,-0.008163955886299397,0.00020129922773453593,NA,NA,NA
Asilisaurus__Antarctic,0.05017194252902716,7.578363369809765e-05,0.003966808797382736,NA,NA,NA
Asilisaurus__mat_z_trans,-0.1129761371471991,-0.005000262719821065,0.0091184173401046,NA,NA,NA
Asilisaurus__map_z_trans,0.16058699882215532,-0.0007650666285884844,0.030286639945352925,NA,NA,NA
Asilisaurus__wmm_z_trans,-0.041770845259364635,-0.0034668657620873402,0.014323405894469668,NA,NA,NA
Asilisaurus__cmm_z_trans,0.07802722056435328,-0.0015697732986753243,0.018435057607260323,NA,NA,NA
Asilisaurus__wmmcmm_z_trans,0.032653877975317686,-0.002508528274384388,0.012275964447482777,NA,NA,NA
Asilisaurus__wetmon_z_trans,-0.04087751475417266,-0.005879564269329689,0.028187771765446245,NA,NA,NA
Asilisaurus__drymon_z_trans,0.02328612448155403,-0.0006986418034259523,0.00588595395186478,NA,NA,NA
Asilisaurus__wetdry_z_trans,-0.10270017355226602,-0.005356198680199862,0.020346219513575795,NA,NA,NA
Asilisaurus__time,-0.043859476389442965,-0.0015819319258913267,0.00516732820635579,NA,NA,NA
Asperoris__lat_range_z_trans,0.2987781426310539,0.0009154451321254,0.01258910664441091,0.2624362076025136,0.11314912512898445,0.43030429375357926
Asperoris__Temperate_N,0.25125843157060446,-0.0003343166851979791,0.017031894772730337,NA,NA,NA
Asperoris__Tropical,0.20115195697871968,0.00011542698623733486,0.014447876827601474,NA,NA,NA
Asperoris__Temperate_S,-0.554373596298974,-0.006419427869037559,0.0011192156465778015,NA,NA,NA
Asperoris__Antarctic,0.07491071255877614,0.00010924172672779492,0.004383753155968489,NA,NA,NA
Asperoris__mat_z_trans,-0.15494331735659217,-0.003397980433747214,0.010793964535068593,NA,NA,NA
Asperoris__map_z_trans,0.5262860138341785,-0.0007452851488363177,0.040748225203346214,NA,NA,NA
Asperoris__wmm_z_trans,-0.11542119990219363,-0.004651856513247287,0.012240932319836327,NA,NA,NA
Asperoris__cmm_z_trans,0.011260456028394402,-0.0010509258432099503,0.008758102404454288,NA,NA,NA
Asperoris__wmmcmm_z_trans,-0.07767170163569972,-0.0025520859205778288,0.009791629911927219,NA,NA,NA
Asperoris__wetmon_z_trans,-0.09284985596314073,-0.007772662252889221,0.026627419261007364,NA,NA,NA
Asperoris__drymon_z_trans,0.05276118080306333,-0.0002895684666110973,0.005041538929063258,NA,NA,NA
Asperoris__wetdry_z_trans,-0.27558789938979317,-0.006902648909745738,0.026669461240061587,NA,NA,NA
Asperoris__time,-0.08169926125105122,-0.0019728261133936126,0.0038964193434112247,NA,NA,NA
Asylosaurus__lat_range_z_trans,0.042108822904445196,0.0009675152980737376,0.012074934705997275,1.0179732221550513,0.6345027852803469,1.3735392354428768
Asylosaurus__Temperate_N,-0.06834320671755903,-0.008450502114493467,0.0009509460156890441,NA,NA,NA
Asylosaurus__Tropical,0.016461024945747606,-0.0018362430661910945,0.012181726922362184,NA,NA,NA
Asylosaurus__Temperate_S,0.02186902596480381,-0.0017245519494403613,0.013602269291772238,NA,NA,NA
Asylosaurus__Antarctic,0.006808563411021152,1.686377406975153e-05,0.002673167974534159,NA,NA,NA
Asylosaurus__mat_z_trans,0.025222579190662096,-0.0032794412634682907,0.02873615482568852,NA,NA,NA
Asylosaurus__map_z_trans,-0.03109528463431809,-0.004010587210546555,0.008183043661411609,NA,NA,NA
Asylosaurus__wmm_z_trans,0.012757424335200046,-0.004742333122940596,0.02756609589133684,NA,NA,NA
Asylosaurus__cmm_z_trans,-0.011540130773377472,-0.002713897527958255,0.005797242357432057,NA,NA,NA
Asylosaurus__wmmcmm_z_trans,0.019417093434592334,-0.0011536448324816564,0.012931025247203073,NA,NA,NA
Asylosaurus__wetmon_z_trans,0.006458353507550143,-0.00294519611490416,0.01950197490870314,NA,NA,NA
Asylosaurus__drymon_z_trans,0.003826992769488224,-0.00034040800719159947,0.003830409627874386,NA,NA,NA
Asylosaurus__wetdry_z_trans,0.016555357394354864,-0.003199616415434938,0.01888160466370094,NA,NA,NA
Asylosaurus__time,0.05695070859901543,-0.0015374277584957886,0.027228944101759623,NA,NA,NA
Augustaburiania__lat_range_z_trans,-1.060834871530533,-0.014096980217634439,-0.032330739772373294,0.15737449118289987,0.04655948095023632,0.3023734523785606
Augustaburiania__Temperate_N,-0.12804680711124092,-0.003211910761626581,0.003897499938087873,NA,NA,NA
Augustaburiania__Tropical,0.10805079064331949,5.930990695176394e-05,0.011208167696867851,NA,NA,NA
Augustaburiania__Temperate_S,0.1851132688112557,-0.00017453679211904734,0.018192899860191503,NA,NA,NA
Augustaburiania__Antarctic,0.026342027830687585,-0.00014373298714917082,0.002940334181324679,NA,NA,NA
Augustaburiania__mat_z_trans,0.0011517156043555589,-0.0034787426849478232,0.021397116918332723,NA,NA,NA
Augustaburiania__map_z_trans,0.3447942198161036,-0.0010204106977193903,0.040917396967324556,NA,NA,NA
Augustaburiania__wmm_z_trans,0.005213286634534598,-0.002999931958399852,0.017965823164616194,NA,NA,NA
Augustaburiania__cmm_z_trans,0.2502756732981652,-0.0008773489477595669,0.031082990523172472,NA,NA,NA
Augustaburiania__wmmcmm_z_trans,0.1438323208456859,-0.0014157306410092017,0.017242795974719366,NA,NA,NA
Augustaburiania__wetmon_z_trans,0.09534483738898417,-0.002536313657594331,0.026339551038820703,NA,NA,NA
Augustaburiania__drymon_z_trans,0.05725662160199135,-0.0003950117260974821,0.006720178895280712,NA,NA,NA
Augustaburiania__wetdry_z_trans,0.022592118364409542,-0.003203081821321448,0.025244952647914282,NA,NA,NA
Augustaburiania__time,-0.03837733944145839,-0.0014550473249767043,0.0033205721611854686,NA,NA,NA
Australothyris__lat_range_z_trans,0.26495227240026,0.0005846576466727162,0.009820709814699216,0.295991263644828,0.07309266040101647,1.0611092820763588
Australothyris__Temperate_N,0.24018610588740558,-1.906119910816823e-05,0.012041696015641708,NA,NA,NA
Australothyris__Tropical,0.12986739838612266,-0.0004778791144148223,0.00839454041818481,NA,NA,NA
Australothyris__Temperate_S,-0.24556790868286044,-0.0026141132815802096,0.00463403357120826,NA,NA,NA
Australothyris__Antarctic,0.05870464229607023,-2.7912480276325718e-05,0.0030239993288845657,NA,NA,NA
Australothyris__mat_z_trans,-0.6655543391592801,-0.010171383805097826,0.024141202289163742,NA,NA,NA
Australothyris__map_z_trans,0.2650163814984262,-0.00017498251728564264,0.016703365607633126,NA,NA,NA
Australothyris__wmm_z_trans,-0.5483589857039624,-0.008081264686959572,0.020105951035966095,NA,NA,NA
Australothyris__cmm_z_trans,0.44515835015568883,-0.002878783424503167,0.03541960959292017,NA,NA,NA
Australothyris__wmmcmm_z_trans,0.25977706341072915,-0.0021469181112105796,0.015219147820361252,NA,NA,NA
Australothyris__wetmon_z_trans,0.04422586386441253,-0.0010276294665742384,0.00910102813535436,NA,NA,NA
Australothyris__drymon_z_trans,0.11329825918190181,-0.0021062169921166863,0.01736614263442161,NA,NA,NA
Australothyris__wetdry_z_trans,-0.05596740032546222,-0.0030407554529596533,0.014967620669270697,NA,NA,NA
Australothyris__time,-0.18897190030664204,-0.0027672274259890974,0.0032004932617554897,NA,NA,NA
Austriadactylus__lat_range_z_trans,0.06707497232576409,0.0007773785166934646,0.010307231717724888,0.6244493130079354,0.29570092586800456,1.0400638971477747
Austriadactylus__Temperate_N,-0.05618952001377604,-0.0038208874714939847,0.006553257933383799,NA,NA,NA
Austriadactylus__Tropical,0.050131455107071864,-0.0006401296250207054,0.012054189381469706,NA,NA,NA
Austriadactylus__Temperate_S,0.06240115169516198,-2.6012240146101783e-05,0.01477022120628396,NA,NA,NA
Austriadactylus__Antarctic,0.010425707840832224,-7.238293829776496e-05,0.0020998643376769714,NA,NA,NA
Austriadactylus__mat_z_trans,0.0755504733508169,-0.005078765856347935,0.03056210883179936,NA,NA,NA
Austriadactylus__map_z_trans,-0.07984954611564302,-0.004593058231996652,0.006136393542048386,NA,NA,NA
Austriadactylus__wmm_z_trans,0.01909844630782936,-0.0016415366766279404,0.01581821281273921,NA,NA,NA
Austriadactylus__cmm_z_trans,-0.08829987552696204,-0.006362634294612571,0.014508989992591955,NA,NA,NA
Austriadactylus__wmmcmm_z_trans,-0.05122037820211915,-0.0047754131445925,0.017168324165221696,NA,NA,NA
Austriadactylus__wetmon_z_trans,0.007446415815844027,-0.004317822226370051,0.020084334128847692,NA,NA,NA
Austriadactylus__drymon_z_trans,0.003721703465296932,-0.0011336553552850318,0.005760558130738445,NA,NA,NA
Austriadactylus__wetdry_z_trans,0.03915277502912411,-0.003313364830551878,0.024625080227241386,NA,NA,NA
Austriadactylus__time,0.05801354325238504,4.881406324637707e-05,0.013690773787697641,NA,NA,NA
Avicranium__lat_range_z_trans,0.020660241798536455,0.0014295644372246475,0.012249720158723285,2.1589462556348007,0.9567928425967693,4.330249695107341
Avicranium__Temperate_N,0.019378434265926583,-0.0004396823307270603,0.016099580506739992,NA,NA,NA
Avicranium__Tropical,-0.011625815914984418,-0.006745876237777405,0.010235912032101144,NA,NA,NA
Avicranium__Temperate_S,0.010846530246207128,-0.0020377503480862734,0.011930211036504037,NA,NA,NA
Avicranium__Antarctic,0.0013419502231925744,-0.00022151600947582355,0.0021338649790001423,NA,NA,NA
Avicranium__mat_z_trans,0.01569209465847018,-0.0035802723143411814,0.02942722280166404,NA,NA,NA
Avicranium__map_z_trans,-0.011800830420416714,-0.005277565710433615,0.004175904535797047,NA,NA,NA
Avicranium__wmm_z_trans,0.017523128912579,-0.00467112707055129,0.025832975645772475,NA,NA,NA
Avicranium__cmm_z_trans,-0.002262419943062616,-0.0025416542940954407,0.008624554191249958,NA,NA,NA
Avicranium__wmmcmm_z_trans,0.013241741292361815,-0.0009020702667629723,0.014255640466518105,NA,NA,NA
Avicranium__wetmon_z_trans,0.005024997592334285,-0.004282365313229021,0.014925950634877156,NA,NA,NA
Avicranium__drymon_z_trans,0.0015042974258704684,-0.0005723665839133272,0.002857717799486838,NA,NA,NA
Avicranium__wetdry_z_trans,0.010711289515471322,-0.004046811826905883,0.018021987309622973,NA,NA,NA
Avicranium__time,0.02722168467914023,-0.0010599764423286273,0.023368298097407904,NA,NA,NA
Azendohsaurus__lat_range_z_trans,0.13657645998217058,0.001125297090719134,0.018097131995674202,0.44555402789468646,0.1381082572042942,1.0630597919225693
Azendohsaurus__Temperate_N,0.11674685325526972,-0.00041461893558186687,0.025893403594867633,NA,NA,NA
Azendohsaurus__Tropical,-0.1261724103059101,-0.005479436660745831,0.010358155193166194,NA,NA,NA
Azendohsaurus__Temperate_S,0.1232231669855063,-0.0006101568653028587,0.023547842368261927,NA,NA,NA
Azendohsaurus__Antarctic,0.029587686663418017,7.907064434539823e-05,0.004578663627994067,NA,NA,NA
Azendohsaurus__mat_z_trans,0.0204531687871917,-0.0020023129602163717,0.016749520357989586,NA,NA,NA
Azendohsaurus__map_z_trans,-0.18245394114952426,-0.006484564894232463,0.007709729329697795,NA,NA,NA
Azendohsaurus__wmm_z_trans,-0.002752449780446656,-0.0024209866947609068,0.008998336630189757,NA,NA,NA
Azendohsaurus__cmm_z_trans,-0.05269946448516434,-0.0030774865121959297,0.010020445373908374,NA,NA,NA
Azendohsaurus__wmmcmm_z_trans,-0.029863767236336,-0.002812931687542834,0.009968462803619037,NA,NA,NA
Azendohsaurus__wetmon_z_trans,0.013608797846350948,-0.00532847968255806,0.0210697027487633,NA,NA,NA
Azendohsaurus__drymon_z_trans,0.010107851260594889,-0.0012148254121850403,0.007047748672353617,NA,NA,NA
Azendohsaurus__wetdry_z_trans,0.04474277620751598,-0.005206461985416539,0.02398197161557796,NA,NA,NA
Azendohsaurus__time,0.016352596300989484,-0.001101575755729107,0.006118425883401646,NA,NA,NA
Baeotherates__lat_range_z_trans,0.28913659252226354,0.0005698533533245195,0.009239603017252832,0.2969678679830395,0.13235586043447256,0.44182658195495605
Baeotherates__Temperate_N,0.22573758797720075,-8.9133966238107e-05,0.008577154309236336,NA,NA,NA
Baeotherates__Tropical,-0.2733716958621517,-0.0026603309783411063,0.0035468455305180343,NA,NA,NA
Baeotherates__Temperate_S,0.27499379561282694,0.00013699287464700684,0.009805072423137764,NA,NA,NA
Baeotherates__Antarctic,0.07984119190834463,-6.920939296863551e-06,0.0033756504035734455,NA,NA,NA
Baeotherates__mat_z_trans,0.2667295917123556,-0.00252792137838361,0.02985022164240252,NA,NA,NA
Baeotherates__map_z_trans,0.8568851426802575,-0.0020971090488651873,0.03947131059071987,NA,NA,NA
Baeotherates__wmm_z_trans,0.07324559210333974,-0.000822393202921906,0.011521838373502272,NA,NA,NA
Baeotherates__cmm_z_trans,-0.42712482596980406,-0.004675265800338556,0.01229999315716255,NA,NA,NA
Baeotherates__wmmcmm_z_trans,-0.27827814952470364,-0.004675512861516582,0.00833499516882062,NA,NA,NA
Baeotherates__wetmon_z_trans,-0.025600452763028442,-0.005051324495547089,0.0223450474487019,NA,NA,NA
Baeotherates__drymon_z_trans,-0.28124668745324016,-0.005177013471776783,0.017740415562852666,NA,NA,NA
Baeotherates__wetdry_z_trans,-0.1915649587009102,-0.0031545670704840175,0.015304108289406723,NA,NA,NA
Baeotherates__time,-0.4926413239073008,-0.004718823325664993,0.002727284278177556,NA,NA,NA
Baisesaurus__lat_range_z_trans,0.01713384214080685,0.0014913080274418546,0.011410024264449096,3.013161021518172,1.0463879480957985,4.969516605138779
Baisesaurus__Temperate_N,0.01733730034727397,0.00012798157050924916,0.014271130287767463,NA,NA,NA
Baisesaurus__Tropical,-0.017454605204735147,-0.006793115330388385,0.0023092195446868012,NA,NA,NA
Baisesaurus__Temperate_S,0.016387654211460344,0.00023319832401483224,0.015012860821723522,NA,NA,NA
Baisesaurus__Antarctic,-0.0013478708279892962,-0.0006654473827112509,0.0013012295013346406,NA,NA,NA
Baisesaurus__mat_z_trans,-9.818476148271044e-06,-0.0063856233519900465,0.01971061543357805,NA,NA,NA
Baisesaurus__map_z_trans,0.030596272437533455,-0.0021903180985114673,0.026782560740191787,NA,NA,NA
Baisesaurus__wmm_z_trans,0.00041188255971535016,-0.004750462276033345,0.01397536096663409,NA,NA,NA
Baisesaurus__cmm_z_trans,0.032407730517227985,-0.0027155425910714193,0.027693781673356916,NA,NA,NA
Baisesaurus__wmmcmm_z_trans,0.01964467983498873,-0.0014058161665000868,0.01676618447577717,NA,NA,NA
Baisesaurus__wetmon_z_trans,0.007505113249218673,-0.0035254945420477037,0.020432769615243082,NA,NA,NA
Baisesaurus__drymon_z_trans,0.0030595849203481156,-0.0006838157818191722,0.006373466959799039,NA,NA,NA
Baisesaurus__wetdry_z_trans,0.002301213515546961,-0.004591934790671597,0.016915858334541293,NA,NA,NA
Baisesaurus__time,-0.010515654893621424,-0.003094387921624736,0.0011844775763821226,NA,NA,NA
Barasaurus__lat_range_z_trans,-1.0639829018712044,-0.012755033017531678,-0.013396229734547141,0.202115261062645,0.03315080888569355,0.3415371561422944
Barasaurus__Temperate_N,0.1726101356651634,-0.00010640926938013866,0.015448769929329519,NA,NA,NA
Barasaurus__Tropical,0.10722357829567045,-0.000131663004617598,0.010908110801538322,NA,NA,NA
Barasaurus__Temperate_S,-0.10507647272286703,-0.003092107994578772,0.0019097262932609663,NA,NA,NA
Barasaurus__Antarctic,0.027410078476532363,-0.00015362046981877845,0.002410408601080578,NA,NA,NA
Barasaurus__mat_z_trans,-0.025664730946300552,-0.0040071085625479315,0.0211086282590598,NA,NA,NA
Barasaurus__map_z_trans,0.3621242724591866,-0.0007640379755130275,0.0360269737013677,NA,NA,NA
Barasaurus__wmm_z_trans,0.019027501657255926,-0.0024489283322876552,0.015036327695546924,NA,NA,NA
Barasaurus__cmm_z_trans,0.2778323707485106,-0.0009270491537412626,0.02913271659099325,NA,NA,NA
Barasaurus__wmmcmm_z_trans,0.17124795759067638,-0.0011425915012423715,0.01764031433964131,NA,NA,NA
Barasaurus__wetmon_z_trans,0.0831036380585283,-0.0038627105954285347,0.023966726708147888,NA,NA,NA
Barasaurus__drymon_z_trans,0.05984106612944742,-0.00017687054569122596,0.008140476508460339,NA,NA,NA
Barasaurus__wetdry_z_trans,0.008957622081506997,-0.00410086860113902,0.02324934135152572,NA,NA,NA
Barasaurus__time,-0.03816440948277886,-0.001280471287885278,0.0025572491500599308,NA,NA,NA
Barberenasuchus__lat_range_z_trans,0.14769772275776707,0.0013946053534995254,0.016485314263566767,0.4678997638401052,0.2738285092636943,0.7069516805931926
Barberenasuchus__Temperate_N,0.13407872931096435,-6.29727759857313e-05,0.02403166722409089,NA,NA,NA
Barberenasuchus__Tropical,0.08987967545566615,-0.0004025245879627956,0.016798050524641672,NA,NA,NA
Barberenasuchus__Temperate_S,-0.3101032568012959,-0.010164598762661056,0.0018112882144975305,NA,NA,NA
Barberenasuchus__Antarctic,0.03557297554013874,7.143043377965465e-05,0.00431814839473591,NA,NA,NA
Barberenasuchus__mat_z_trans,-0.08115155612337635,-0.005072262844580338,0.015311036753824966,NA,NA,NA
Barberenasuchus__map_z_trans,0.038579484648847896,-0.0015858159432321746,0.015719453604156178,NA,NA,NA
Barberenasuchus__wmm_z_trans,-0.02305563361837753,-0.0023809599620071265,0.010299289856735764,NA,NA,NA
Barberenasuchus__cmm_z_trans,0.0754755572320995,-0.0030840290262849667,0.02006784760237954,NA,NA,NA
Barberenasuchus__wmmcmm_z_trans,0.08809509479776619,-0.0010719141916681546,0.017455803847649387,NA,NA,NA
Barberenasuchus__wetmon_z_trans,-0.02672527384359622,-0.0048622791428548215,0.022424563651995067,NA,NA,NA
Barberenasuchus__drymon_z_trans,0.011676025977872985,-0.000869849581446684,0.006826447179182193,NA,NA,NA
Barberenasuchus__wetdry_z_trans,-0.03904818597897127,-0.004888702246345635,0.01865839600285635,NA,NA,NA
Barberenasuchus__time,-0.023514035023879255,-0.0019695970336529706,0.003932233075152872,NA,NA,NA
Bashkyroleter__lat_range_z_trans,0.03821970525197685,-0.00018592462978453265,0.0036951088578302555,0.12772921522468095,0.02629205398261547,0.25262145698070526
Bashkyroleter__Temperate_N,-0.19747986876871437,-0.0022743853152313717,0.007118039609921333,NA,NA,NA
Bashkyroleter__Tropical,0.136251429093536,3.715838196507551e-05,0.010346626787488426,NA,NA,NA
Bashkyroleter__Temperate_S,0.22640267169103026,5.7429947155532284e-05,0.013977202826618995,NA,NA,NA
Bashkyroleter__Antarctic,0.05532322067534551,-5.1546131767256554e-05,0.0031917552320763053,NA,NA,NA
Bashkyroleter__mat_z_trans,-0.4030449717398733,-0.010297364422587595,0.01790516540670839,NA,NA,NA
Bashkyroleter__map_z_trans,0.20883465526101644,-0.00012413483177306132,0.019033476996636683,NA,NA,NA
Bashkyroleter__wmm_z_trans,-0.31143040883820505,-0.00860937941914494,0.01691867749997091,NA,NA,NA
Bashkyroleter__cmm_z_trans,0.27091841598972677,-0.002424777324230718,0.03545610286283906,NA,NA,NA
Bashkyroleter__wmmcmm_z_trans,-0.013052696315571665,-0.003731104783583284,0.01657579321880791,NA,NA,NA
Bashkyroleter__wetmon_z_trans,0.07464995863614604,-0.00045795737756813615,0.011525448809106206,NA,NA,NA
Bashkyroleter__drymon_z_trans,0.11307775234570727,-0.001982611340412089,0.0202327282436672,NA,NA,NA
Bashkyroleter__wetdry_z_trans,-0.04034950247121742,-0.0025009385820502776,0.013116655948682257,NA,NA,NA
Bashkyroleter__time,-0.20648443202837372,-0.0024039344823906196,0.005046757895111152,NA,NA,NA
Batrachopus__lat_range_z_trans,0.020806165429746226,0.0010853476492300993,0.011649024144205744,2.1410678480613567,0.6684849746525288,4.330249695107341
Batrachopus__Temperate_N,0.019450446533139022,-0.00043428016265024423,0.015933431620903007,NA,NA,NA
Batrachopus__Tropical,-0.01161381305581201,-0.006662992858766899,0.010130276647443325,NA,NA,NA
Batrachopus__Temperate_S,0.011191436495679783,-0.002012713476896228,0.011807090358254972,NA,NA,NA
Batrachopus__Antarctic,0.0013559628858849082,-0.00042470529604074963,0.0014915306276712514,NA,NA,NA
Batrachopus__mat_z_trans,0.015915693219107775,-0.003536283207999656,0.02912353164152938,NA,NA,NA
Batrachopus__map_z_trans,-0.012168545498591405,-0.00521272276585347,0.004132808885839346,NA,NA,NA
Batrachopus__wmm_z_trans,0.01758461149333234,-0.004613735149657958,0.025566377387538218,NA,NA,NA
Batrachopus__cmm_z_trans,-0.0026922695654263583,-0.002510426194328138,0.009177962154730027,NA,NA,NA
Batrachopus__wmmcmm_z_trans,0.01248729680938555,-0.0008909869576154484,0.015997691339515972,NA,NA,NA
Batrachopus__wetmon_z_trans,0.005197310009188345,-0.004229749923499495,0.014771913697889607,NA,NA,NA
Batrachopus__drymon_z_trans,0.0013610316684931536,-0.0004621783813201653,0.0033947671519670057,NA,NA,NA
Batrachopus__wetdry_z_trans,0.0112788532355769,-0.003997090571043628,0.017835999040499526,NA,NA,NA
Batrachopus__time,0.02730314467192207,-0.0010469530149612915,0.02312713549747771,NA,NA,NA
Batrachotomus__lat_range_z_trans,0.0709282521617124,0.0012256119878510299,0.016384208975635237,0.7212786678236444,0.2648033443838358,1.3315252587199211
Batrachotomus__Temperate_N,-0.12401578814439324,-0.008963330134834913,0.012574372338714659,NA,NA,NA
Batrachotomus__Tropical,0.038874306479288114,-0.000852196019422685,0.0153985284258492,NA,NA,NA
Batrachotomus__Temperate_S,0.07166757452987425,0.00022663519904268803,0.022189673782479005,NA,NA,NA
Batrachotomus__Antarctic,0.01472306817998465,0.00010054262341095827,0.003967714851086181,NA,NA,NA
Batrachotomus__mat_z_trans,-0.020484215800045984,-0.004043143321913377,0.015655409567375485,NA,NA,NA
Batrachotomus__map_z_trans,-0.0009200738110847429,-0.00416166043998158,0.013044654055574093,NA,NA,NA
Batrachotomus__wmm_z_trans,0.00028345881242403337,-0.0018857559101105807,0.009551710472334043,NA,NA,NA
Batrachotomus__cmm_z_trans,0.033457728648918904,-0.0011274673738108367,0.023770432270182686,NA,NA,NA
Batrachotomus__wmmcmm_z_trans,0.030089043268892956,-0.0022149715933484173,0.017384288686135896,NA,NA,NA
Batrachotomus__wetmon_z_trans,0.00975558858144545,-0.0051534495990771334,0.0172250296032283,NA,NA,NA
Batrachotomus__drymon_z_trans,0.002836044308127431,-0.0011257429403350582,0.005174868875620385,NA,NA,NA
Batrachotomus__wetdry_z_trans,-0.0015884123995508867,-0.005142356211911025,0.0172696730062568,NA,NA,NA
Batrachotomus__time,-0.008149250483967014,-0.0018321865769623468,0.004548975284993123,NA,NA,NA
Beesiiwo__lat_range_z_trans,0.1341524929062638,0.0011306729722688033,0.018560069532972383,0.451867909731518,0.1381082572042942,1.0630597919225693
Beesiiwo__Temperate_N,0.11458011654423846,-0.001366422231265998,0.022280304412643552,NA,NA,NA
Beesiiwo__Tropical,-0.12560808604584522,-0.005364854895117766,0.01062312418699477,NA,NA,NA
Beesiiwo__Temperate_S,0.1212455263846436,-0.0001337866420282242,0.028234537057779386,NA,NA,NA
Beesiiwo__Antarctic,0.02913565130138503,7.741717983811596e-05,0.004695789107576521,NA,NA,NA
Beesiiwo__mat_z_trans,0.014853471961161312,-0.0024799373287746483,0.014821630249930964,NA,NA,NA
Beesiiwo__map_z_trans,-0.17687053339966183,-0.006348964659954039,0.007906949701963355,NA,NA,NA
Beesiiwo__wmm_z_trans,-0.0029704748660408864,-0.002370360882798332,0.009228520495807567,NA,NA,NA
Beesiiwo__cmm_z_trans,-0.04767569815362467,-0.003013132480915647,0.008577161661589325,NA,NA,NA
Beesiiwo__wmmcmm_z_trans,-0.024279872085326257,-0.0027541098233065356,0.009491860882611837,NA,NA,NA
Beesiiwo__wetmon_z_trans,0.015063131630834807,-0.004960440695014125,0.02162117067351067,NA,NA,NA
Beesiiwo__drymon_z_trans,0.00946547300393549,-0.0011894219173960235,0.007228035107500124,NA,NA,NA
Beesiiwo__wetdry_z_trans,0.041293806842695596,-0.0050975884562747265,0.024595447545461453,NA,NA,NA
Beesiiwo__time,0.01507231830696705,-0.0010785404506641278,0.006274939579123181,NA,NA,NA
Belebey__lat_range_z_trans,-0.28593523234128954,-0.0020761553092020152,-0.004747494504369358,0.0818113156646723,0.0006401874125003815,0.16740666329860687
Belebey__Temperate_N,-0.15989206788828597,-0.0016952217435492363,0.005871891144282641,NA,NA,NA
Belebey__Tropical,0.11448419132677373,-0.0001941224288595836,0.007794433834310503,NA,NA,NA
Belebey__Temperate_S,0.19445113241672515,0.00013700588696069984,0.013390655478263487,NA,NA,NA
Belebey__Antarctic,0.04376589366118424,-2.2442457764737777e-05,0.0027482945728746046,NA,NA,NA
Belebey__mat_z_trans,-0.49485343175707386,-0.0116268907427981,0.022682254389688936,NA,NA,NA
Belebey__map_z_trans,0.21131172645837068,-0.00019875471944065534,0.018767515956208035,NA,NA,NA
Belebey__wmm_z_trans,-0.2916871376615018,-0.008035813857451803,0.02465805930803502,NA,NA,NA
Belebey__cmm_z_trans,0.3595786673389375,-0.0030158588165008627,0.045150286315547405,NA,NA,NA
Belebey__wmmcmm_z_trans,0.1356826385651948,-0.001642216639802833,0.017564517056170303,NA,NA,NA
Belebey__wetmon_z_trans,0.06985297108185477,-0.0005011955427675133,0.011111761687072187,NA,NA,NA
Belebey__drymon_z_trans,0.13423807631246745,-0.0018196703283380588,0.01580997590500018,NA,NA,NA
Belebey__wetdry_z_trans,0.002950842289719731,-0.0026900373381315832,0.01052306790055477,NA,NA,NA
Belebey__time,-0.11530852921772748,-0.001568096273756992,0.0028143211518263786,NA,NA,NA
Benggwigwishingasuchus__lat_range_z_trans,0.09580993030777175,0.0010363205543229264,0.01216446231167498,0.6039164587197593,0.22334983851760626,1.060823604464531
Benggwigwishingasuchus__Temperate_N,0.08473568482935508,-4.7106943639382135e-05,0.015623728339738392,NA,NA,NA
Benggwigwishingasuchus__Tropical,-0.127989887414742,-0.005937561903153871,0.007454512291763051,NA,NA,NA
Benggwigwishingasuchus__Temperate_S,0.0986166558784276,0.00046955818025631944,0.01738815808754271,NA,NA,NA
Benggwigwishingasuchus__Antarctic,0.021103786855278358,-8.110732873361411e-05,0.0032795820927464304,NA,NA,NA
Benggwigwishingasuchus__mat_z_trans,-0.037815189784938766,-0.004357099717098711,0.007663326367476525,NA,NA,NA
Benggwigwishingasuchus__map_z_trans,0.15840653263995175,-0.0005493416384754963,0.04022513550869994,NA,NA,NA
Benggwigwishingasuchus__wmm_z_trans,-0.0570316677989751,-0.0053162413842379125,0.012009595434701517,NA,NA,NA
Benggwigwishingasuchus__cmm_z_trans,0.012218976617448385,-0.0016405539256485657,0.009387736394331044,NA,NA,NA
Benggwigwishingasuchus__wmmcmm_z_trans,-0.03636285217413116,-0.002967699863535188,0.009160290126239022,NA,NA,NA
Benggwigwishingasuchus__wetmon_z_trans,-0.015239772756075087,-0.006925662113287687,0.02360834271899012,NA,NA,NA
Benggwigwishingasuchus__drymon_z_trans,0.0162856923094216,-0.00044571252417307817,0.0038075653384152903,NA,NA,NA
Benggwigwishingasuchus__wetdry_z_trans,-0.06370616491808385,-0.006265266158776487,0.027932415371753068,NA,NA,NA
Benggwigwishingasuchus__time,-0.03157440025908227,-0.001921995545222524,0.004434689811393011,NA,NA,NA
Bentonyx__lat_range_z_trans,0.11263100072343638,0.0010685442582268033,0.011944310027248597,0.5452803418331313,0.18918634671717882,0.9992209253832698
Bentonyx__Temperate_N,0.10116293024611334,0.0001594070603585267,0.01534097030266926,NA,NA,NA
Bentonyx__Tropical,-0.15925334222386495,-0.006122186473109616,0.005599849903767848,NA,NA,NA
Bentonyx__Temperate_S,0.11579900203364468,0.0005235025944005299,0.01707346742330631,NA,NA,NA
Bentonyx__Antarctic,0.0260948182468364,5.846657985737097e-05,0.0032202282576830397,NA,NA,NA
Bentonyx__mat_z_trans,-0.04607434529113892,-0.00449258085811997,0.007524635584203212,NA,NA,NA
Bentonyx__map_z_trans,0.1816756116027542,-0.0005664230542849803,0.039497141517128125,NA,NA,NA
Bentonyx__wmm_z_trans,-0.06548646123115356,-0.0054815464025863535,0.011792245929047767,NA,NA,NA
Bentonyx__cmm_z_trans,0.012639497073868262,-0.0016915658675790053,0.00790100213377834,NA,NA,NA
Bentonyx__wmmcmm_z_trans,-0.043990710403591815,-0.0030599785327936713,0.008994507311871265,NA,NA,NA
Bentonyx__wetmon_z_trans,-0.01924815507416452,-0.006564010443620973,0.03004171596318949,NA,NA,NA
Bentonyx__drymon_z_trans,0.01985020723959444,-0.0003392599671734295,0.003738656069277243,NA,NA,NA
Bentonyx__wetdry_z_trans,-0.08043140474142597,-0.006460080476351512,0.027426894873100516,NA,NA,NA
Bentonyx__time,-0.037911323869281595,-0.0019817587286269918,0.0040439148991940725,NA,NA,NA
Bergamodactylus__lat_range_z_trans,0.2116772620706832,0.00079383089500305,0.010570263380814793,0.321428577931656,0.08452045544981956,0.5151074826717377
Bergamodactylus__Temperate_N,0.18710280830647938,-1.9019134754197295e-05,0.012907597516742867,NA,NA,NA
Bergamodactylus__Tropical,-0.19618524289946362,-0.00441563283710669,0.0034322770894680147,NA,NA,NA
Bergamodactylus__Temperate_S,0.2024541482637085,0.0002425777606506517,0.014325041679397103,NA,NA,NA
Bergamodactylus__Antarctic,0.045432871704033116,7.883065704559435e-05,0.002681969335206883,NA,NA,NA
Bergamodactylus__mat_z_trans,0.20498292763026968,-0.004363318306544029,0.032026408901203736,NA,NA,NA
Bergamodactylus__map_z_trans,-0.29894555127938566,-0.004146562984059977,0.007305612550852432,NA,NA,NA
Bergamodactylus__wmm_z_trans,0.05135564852802412,-0.0017895243008800876,0.015972431651600817,NA,NA,NA
Bergamodactylus__cmm_z_trans,-0.33264500317879503,-0.0068835564748659945,0.013873784614013295,NA,NA,NA
Bergamodactylus__wmmcmm_z_trans,-0.24976528989140376,-0.0059124341562802355,0.013776839342042943,NA,NA,NA
Bergamodactylus__wetmon_z_trans,-0.018644917318866288,-0.004134386096010065,0.02027014616724746,NA,NA,NA
Bergamodactylus__drymon_z_trans,0.01833235545342925,-0.0009302947901644506,0.005559145744426924,NA,NA,NA
Bergamodactylus__wetdry_z_trans,0.10070430282093853,-0.0033526836621654674,0.02893308199479256,NA,NA,NA
Bergamodactylus__time,0.19160100412197484,-0.0001172968812713793,0.012504940227655255,NA,NA,NA
Blikanasaurus__lat_range_z_trans,0.014076141237494646,0.0017993717252848976,0.011000431247501585,3.1355503221601246,1.1935901721008122,4.932612959295511
Blikanasaurus__Temperate_N,0.015730890477500006,-0.00036294963629595565,0.017004455937803642,NA,NA,NA
Blikanasaurus__Tropical,0.008187596486816351,-0.0015043874748859427,0.010947104906383157,NA,NA,NA
Blikanasaurus__Temperate_S,0.0003816859649229106,-0.00743867680575743,0.011046434646720909,NA,NA,NA
Blikanasaurus__Antarctic,-0.0005845614392741045,-0.000930892062867291,0.000859808108247849,NA,NA,NA
Blikanasaurus__mat_z_trans,0.01499780925926187,-0.005631244768137085,0.025286940384271074,NA,NA,NA
Blikanasaurus__map_z_trans,-0.005408899866336386,-0.005349218182007121,0.005379014711249262,NA,NA,NA
Blikanasaurus__wmm_z_trans,0.016796001277916736,-0.003531676959865159,0.027037750197756606,NA,NA,NA
Blikanasaurus__cmm_z_trans,0.002505891242951263,-0.0025946639751287174,0.006926923017487315,NA,NA,NA
Blikanasaurus__wmmcmm_z_trans,0.012100909283116615,-2.0368570387154547e-05,0.015366706380716681,NA,NA,NA
Blikanasaurus__wetmon_z_trans,0.006942826941184111,-0.0033931996209237347,0.018934084394805747,NA,NA,NA
Blikanasaurus__drymon_z_trans,0.0007401470878778434,-0.0008359961987351036,0.002063399445016953,NA,NA,NA
Blikanasaurus__wetdry_z_trans,0.011488801482960246,-0.0035039867427307863,0.020189471004792552,NA,NA,NA
Blikanasaurus__time,0.01950208489523418,-0.0016515810389666884,0.022097015812711767,NA,NA,NA
Blomosaurus__lat_range_z_trans,0.021110265589975592,0.0010709888996686318,0.010117912545720652,2.3353643135052518,1.327155977487564,3.6162006482481956
Blomosaurus__Temperate_N,-0.029890694473073957,-0.007450867222496827,-0.0005251436305740741,NA,NA,NA
Blomosaurus__Tropical,0.013775736484329155,0.00015415397505190318,0.010441628958581677,NA,NA,NA
Blomosaurus__Temperate_S,0.019800665319356467,0.00020203125781509455,0.013380804733378705,NA,NA,NA
Blomosaurus__Antarctic,-0.0002980264008555345,-0.000376482738657571,0.0013802457965377516,NA,NA,NA
Blomosaurus__mat_z_trans,-0.0032819605698672046,-0.007558513382948393,0.01963389798172645,NA,NA,NA
Blomosaurus__map_z_trans,0.03738128839350059,-0.0008715370917853599,0.03036719178920703,NA,NA,NA
Blomosaurus__wmm_z_trans,0.004956188365140324,-0.005387115829762289,0.014657113597282207,NA,NA,NA
Blomosaurus__cmm_z_trans,0.03303748559947035,-0.001197895149056025,0.02875469482887017,NA,NA,NA
Blomosaurus__wmmcmm_z_trans,0.018813858546212852,-0.0018222371553379398,0.016968798838947474,NA,NA,NA
Blomosaurus__wetmon_z_trans,0.00634077635895738,-0.0037384943225355575,0.021223356644361976,NA,NA,NA
Blomosaurus__drymon_z_trans,0.0051747257131247925,-0.0006344182310302313,0.00658076412353811,NA,NA,NA
Blomosaurus__wetdry_z_trans,0.004352023371449913,-0.004108073113044636,0.018195200656373416,NA,NA,NA
Blomosaurus__time,-0.013815007966094422,-0.003231010207284074,0.002963073331513557,NA,NA,NA
Bolosaurus__lat_range_z_trans,-0.20490773320198058,-0.0015427029174383269,-0.0013858167978717919,0.19799322267295794,0.003959685564041138,0.6934721535071731
Bolosaurus__Temperate_N,0.20098329363157974,-0.00012862214965655205,0.007887414908900083,NA,NA,NA
Bolosaurus__Tropical,-0.15675909311510622,-0.002171474227298983,0.004034976470935991,NA,NA,NA
Bolosaurus__Temperate_S,0.2230255100945942,0.00019200651034318063,0.010130486701141035,NA,NA,NA
Bolosaurus__Antarctic,0.05153752935351804,-3.305328238450463e-05,0.002673757819721795,NA,NA,NA
Bolosaurus__mat_z_trans,0.12411907844245434,-0.0028269759899768733,0.03155524855439557,NA,NA,NA
Bolosaurus__map_z_trans,0.4556314153946005,-0.00026710816156608777,0.0446321744507189,NA,NA,NA
Bolosaurus__wmm_z_trans,0.01302104595117271,-0.0024576804328462517,0.012365945728463005,NA,NA,NA
Bolosaurus__cmm_z_trans,-0.18733722931938246,-0.005450711895265275,0.009159810517501072,NA,NA,NA
Bolosaurus__wmmcmm_z_trans,-0.19622869508340954,-0.004105167004927258,0.013817117041406904,NA,NA,NA
Bolosaurus__wetmon_z_trans,0.0482597861753311,-0.0047215784802255335,0.022785493282253762,NA,NA,NA
Bolosaurus__drymon_z_trans,-0.05181381581816822,-0.005018832216673905,0.023394038431395092,NA,NA,NA
Bolosaurus__wetdry_z_trans,-0.08483596216305159,-0.003799911555801284,0.010114825235637039,NA,NA,NA
Bolosaurus__time,-0.20809056256897748,-0.002617658507685623,0.002974067850866631,NA,NA,NA
Boreopricea__lat_range_z_trans,0.02119855582376949,0.0010648424304559125,0.010088774056816794,2.3266832677066667,1.327155977487564,3.6162006482481956
Boreopricea__Temperate_N,-0.029259562192688236,-0.007408106250832877,-0.0004291693567601629,NA,NA,NA
Boreopricea__Tropical,0.013907214266247378,0.00015326927618904102,0.0104115582015779,NA,NA,NA
Boreopricea__Temperate_S,0.019953767161758094,0.00020087178836909785,0.013342269469460738,NA,NA,NA
Boreopricea__Antarctic,-0.0002817323674880383,-0.0003743220817516078,0.0013762708385960541,NA,NA,NA
Boreopricea__mat_z_trans,-0.00309352200787351,-0.007515134623545198,0.019577354488600294,NA,NA,NA
Boreopricea__map_z_trans,0.037612254100833485,-0.000866535288401535,0.03027973757599925,NA,NA,NA
Boreopricea__wmm_z_trans,0.004551046637223768,-0.005356198850507666,0.01461490270249664,NA,NA,NA
Boreopricea__cmm_z_trans,0.03255913813058212,-0.0011910203573041993,0.02867188443172365,NA,NA,NA
Boreopricea__wmmcmm_z_trans,0.018763420017957107,-0.001811779227550805,0.01691993054181146,NA,NA,NA
Boreopricea__wetmon_z_trans,0.006449589310517745,-0.003917615976433043,0.021162235682969013,NA,NA,NA
Boreopricea__drymon_z_trans,0.004959789370309353,-0.0006307772669397336,0.006561812237808111,NA,NA,NA
Boreopricea__wetdry_z_trans,0.00412715820183482,-0.004084496636275604,0.01860743932213306,NA,NA,NA
Boreopricea__time,-0.013989792121357262,-0.003212467246875056,0.002954540002232297,NA,NA,NA
Bradysaurus__lat_range_z_trans,0.0587823529959958,0.000608452590694613,0.010597357678372235,0.8793475906809909,0.08269664505496621,1.6519390437752008
Bradysaurus__Temperate_N,0.0558032872178967,9.617387929611063e-05,0.011943723350835293,NA,NA,NA
Bradysaurus__Tropical,0.028605630770548614,-0.0003450962439958877,0.008749848602648025,NA,NA,NA
Bradysaurus__Temperate_S,-0.08702184601147706,-0.00420976196130221,0.0017420561717150134,NA,NA,NA
Bradysaurus__Antarctic,0.0114396621194434,-7.419768734654078e-05,0.002903706798397235,NA,NA,NA
Bradysaurus__mat_z_trans,-0.07941060520725171,-0.007895520837414873,0.01926230341923464,NA,NA,NA
Bradysaurus__map_z_trans,0.03505998338565886,-0.0002855590288095078,0.013394750412353877,NA,NA,NA
Bradysaurus__wmm_z_trans,-0.018623981795195067,-0.0024374323170598803,0.009801842604426434,NA,NA,NA
Bradysaurus__cmm_z_trans,0.09105111816639909,-0.003475247442659964,0.034513201751735216,NA,NA,NA
Bradysaurus__wmmcmm_z_trans,0.039836125090252264,-0.005692691256890336,0.03395658855366171,NA,NA,NA
Bradysaurus__wetmon_z_trans,0.007334090003463281,-0.001256051884214784,0.009687736393330176,NA,NA,NA
Bradysaurus__drymon_z_trans,0.033900754773891595,-0.0035908824376580523,0.018005689392374853,NA,NA,NA
Bradysaurus__wetdry_z_trans,-0.01986178501067783,-0.003857965688251892,0.016095467394754724,NA,NA,NA
Bradysaurus__time,-0.03943746216732163,-0.002533689995790073,0.003485267671625661,NA,NA,NA
Brasinorhynchus__lat_range_z_trans,0.11735254086788136,0.0010817470238243432,0.014803093468955301,0.5231282575537626,0.26754816621541977,0.8250623643398285
Brasinorhynchus__Temperate_N,0.10376064701524866,-5.587159510955914e-05,0.02372249964050336,NA,NA,NA
Brasinorhynchus__Tropical,0.07531882641461227,-0.0003571335461754977,0.016581943475502837,NA,NA,NA
Brasinorhynchus__Temperate_S,-0.2095620741436312,-0.008614030422959416,0.008488483042215675,NA,NA,NA
Brasinorhynchus__Antarctic,0.026526258336716027,6.33755176290994e-05,0.004032909874945365,NA,NA,NA
Brasinorhynchus__mat_z_trans,-0.036349068510769994,-0.004188169068772048,0.014505004063340097,NA,NA,NA
Brasinorhynchus__map_z_trans,-0.012199951567879265,-0.004439687476376038,0.015505826974817187,NA,NA,NA
Brasinorhynchus__wmm_z_trans,-0.018915416117528675,-0.002112468902426593,0.009821793364610342,NA,NA,NA
Brasinorhynchus__cmm_z_trans,0.038904603931808106,-0.0029315037501945,0.0198096745886982,NA,NA,NA
Brasinorhynchus__wmmcmm_z_trans,0.04415437344734841,-0.0016418624943133234,0.017231234796953408,NA,NA,NA
Brasinorhynchus__wetmon_z_trans,-0.0024255376858365006,-0.0043139799274657,0.022136071468217566,NA,NA,NA
Brasinorhynchus__drymon_z_trans,0.008131769710807844,-0.0009020336037738358,0.006890348938612198,NA,NA,NA
Brasinorhynchus__wetdry_z_trans,-0.0051441128186524064,-0.004790358386145712,0.0166964413201157,NA,NA,NA
Brasinorhynchus__time,-0.012095534548498316,-0.001747493679144492,0.003914215177977853,NA,NA,NA
Bromsgroveia__lat_range_z_trans,-0.04789484352875848,-0.0016781671319542198,0.0009389255852415292,0.4426803497129004,0.03877116763032973,1.2608792264945805
Bromsgroveia__Temperate_N,-0.09114171583907743,-0.005217560752764806,0.011570517033163226,NA,NA,NA
Bromsgroveia__Tropical,-0.04436058650138261,-0.0027447300095413464,0.010437406565417808,NA,NA,NA
Bromsgroveia__Temperate_S,0.1083436740684441,0.00047516782994976617,0.017207918996683832,NA,NA,NA
Bromsgroveia__Antarctic,0.020666479586787564,-0.00018663120795096519,0.003663356134037153,NA,NA,NA
Bromsgroveia__mat_z_trans,-0.02566508003093571,-0.004438014321872568,0.015784966997474722,NA,NA,NA
Bromsgroveia__map_z_trans,0.09779185332731781,-0.001491412118812566,0.029336879826201197,NA,NA,NA
Bromsgroveia__wmm_z_trans,-0.018947790630270602,-0.00446989379883284,0.011440921456233035,NA,NA,NA
Bromsgroveia__cmm_z_trans,0.0672037537679196,-0.0009847563043330577,0.021424580147056258,NA,NA,NA
Bromsgroveia__wmmcmm_z_trans,0.06079366578262223,-0.0008602483857412391,0.016409125727786113,NA,NA,NA
Bromsgroveia__wetmon_z_trans,0.00031100504990826024,-0.004991624595691423,0.02837552904791147,NA,NA,NA
Bromsgroveia__drymon_z_trans,0.015685786520742807,-0.0005304506396072643,0.0060075646494176915,NA,NA,NA
Bromsgroveia__wetdry_z_trans,-0.014748577422842473,-0.006340982908754954,0.01799977964934882,NA,NA,NA
Bromsgroveia__time,-0.010580299818848726,-0.0014901659654957915,0.0035420683794922204,NA,NA,NA
Broomia__lat_range_z_trans,-0.23953483298420905,-0.0019541139471007498,-0.0027317827971052536,0.12021087786139105,0.017799305729568005,0.21513225696980953
Broomia__Temperate_N,0.208948240429163,0.00022028253437599918,0.011341356899244584,NA,NA,NA
Broomia__Tropical,0.12336515767266974,-0.00012987102054172402,0.007510349855792077,NA,NA,NA
Broomia__Temperate_S,-0.19444477685377934,-0.003338688775088932,0.0033276510768767502,NA,NA,NA
Broomia__Antarctic,0.051313916579820214,-3.827533397390683e-05,0.002840727618917366,NA,NA,NA
Broomia__mat_z_trans,-0.6075921623781323,-0.010938930254789921,0.023543198432049075,NA,NA,NA
Broomia__map_z_trans,0.23868547036967358,-0.00022836091185486133,0.016863689817197616,NA,NA,NA
Broomia__wmm_z_trans,-0.27654134247684853,-0.007376703242013667,0.01858489917779063,NA,NA,NA
Broomia__cmm_z_trans,0.438206784905633,-0.0031384215412498754,0.03996759277826256,NA,NA,NA
Broomia__wmmcmm_z_trans,0.17466323160566388,-0.0006653265522828192,0.033693173724755804,NA,NA,NA
Broomia__wetmon_z_trans,0.05430439817137085,-0.0009624482686592309,0.008017689595552878,NA,NA,NA
Broomia__drymon_z_trans,0.14134185300557875,-0.0014471433682677916,0.01782795411352145,NA,NA,NA
Broomia__wetdry_z_trans,-0.047565679566469045,-0.0033844559100752085,0.010478818132636143,NA,NA,NA
Broomia__time,-0.11610307066235691,-0.001567013719880584,0.002874221769973419,NA,NA,NA
Bunostegos__lat_range_z_trans,0.015972841216135823,0.0010194971310109801,0.009014058589608248,3.0956702700710594,0.42700185626745224,5.2477080672979355
Bunostegos__Temperate_N,0.016233382294626883,2.8091622323646523e-05,0.011389006981095379,NA,NA,NA
Bunostegos__Tropical,-0.009228281726390378,-0.0033330365507587573,0.010744957083597476,NA,NA,NA
Bunostegos__Temperate_S,0.016018720805657916,6.868223252723213e-05,0.01234237003042109,NA,NA,NA
Bunostegos__Antarctic,-0.001525680809181893,-0.0006824798963603803,0.0013399607422352868,NA,NA,NA
Bunostegos__mat_z_trans,-0.00488301767882059,-0.0077710838198655485,0.022516708036970003,NA,NA,NA
Bunostegos__map_z_trans,0.010352453951444246,-0.0008159464516266447,0.009697060622808612,NA,NA,NA
Bunostegos__wmm_z_trans,0.002728370860539523,-0.000799198327288621,0.005563063289087398,NA,NA,NA
Bunostegos__cmm_z_trans,0.03664696872537576,-0.0029510061453619963,0.034664169858433194,NA,NA,NA
Bunostegos__wmmcmm_z_trans,0.026162559576607618,-0.00702631309470319,0.03174156878220721,NA,NA,NA
Bunostegos__wetmon_z_trans,0.0053279622732154705,-0.0019049107900020793,0.009738281448918744,NA,NA,NA
Bunostegos__drymon_z_trans,0.014120217387625356,-0.0035621541227561144,0.020405127718487473,NA,NA,NA
Bunostegos__wetdry_z_trans,0.00032607253588695087,-0.004128273035913248,0.014291031658230143,NA,NA,NA
Bunostegos__time,-0.010795245081096392,-0.003091339062628554,0.0006921753533648235,NA,NA,NA
Buriolestes__lat_range_z_trans,-0.05893165532795687,-0.007594906371639804,-0.00373313142498069,1.1926277311026934,0.0017483844421803951,3.5339841544628143
Buriolestes__Temperate_N,0.031052030828659906,8.910043504568203e-05,0.012450152558970095,NA,NA,NA
Buriolestes__Tropical,0.020725770751387443,-0.00043197316111108855,0.009326889513324768,NA,NA,NA
Buriolestes__Temperate_S,-0.007825831125183529,-0.0030481759601483395,0.014386275701505597,NA,NA,NA
Buriolestes__Antarctic,0.0025059358952326696,-0.00028099248251443925,0.002349583837526059,NA,NA,NA
Buriolestes__mat_z_trans,0.03235935526319147,-0.002165290288021209,0.03173899620498534,NA,NA,NA
Buriolestes__map_z_trans,-0.02029390621390777,-0.003611521902448515,0.0051849662307675145,NA,NA,NA
Buriolestes__wmm_z_trans,0.033074484470441916,-0.0027513300863251633,0.029620160803326318,NA,NA,NA
Buriolestes__cmm_z_trans,-0.01053928197022385,-0.004683998191433269,0.013928824407956853,NA,NA,NA
Buriolestes__wmmcmm_z_trans,0.012305790213743615,-0.0036979108314430125,0.016692589504828367,NA,NA,NA
Buriolestes__wetmon_z_trans,0.010567276019174779,-0.0039240124428127935,0.014681047293146825,NA,NA,NA
Buriolestes__drymon_z_trans,0.003383740092121701,-0.00046827099748718764,0.0031301717096082816,NA,NA,NA
Buriolestes__wetdry_z_trans,0.022716986247727663,-0.002268287550815726,0.022118187333764396,NA,NA,NA
Buriolestes__time,0.046356629187217155,-0.00011190048024840659,0.022264826520735356,NA,NA,NA
Bystrowisuchus__lat_range_z_trans,0.021209973326556462,0.0010295879856022034,0.010112867786905443,2.311105358937766,0.9784909971058369,3.307648228481412
Bystrowisuchus__Temperate_N,-0.029246208796801256,-0.0077595182536397515,-0.0006130165803675516,NA,NA,NA
Bystrowisuchus__Tropical,0.014103520833846504,-0.0001570415145546447,0.009473599707171567,NA,NA,NA
Bystrowisuchus__Temperate_S,0.020095792737167988,0.00019422139279583702,0.013374133106960874,NA,NA,NA
Bystrowisuchus__Antarctic,-0.00028357013619536285,-0.00038980979748123553,0.0013689691508155034,NA,NA,NA
Bystrowisuchus__mat_z_trans,-0.003434566254756114,-0.007266326075372921,0.019624108583026604,NA,NA,NA
Bystrowisuchus__map_z_trans,0.03861775345733718,-0.0008378463296739369,0.030352050804564247,NA,NA,NA
Bystrowisuchus__wmm_z_trans,0.004977139644548184,-0.005178867621398139,0.016207505785864197,NA,NA,NA
Bystrowisuchus__cmm_z_trans,0.030479680515568177,-0.0011515884561089697,0.028543028211841556,NA,NA,NA
Bystrowisuchus__wmmcmm_z_trans,0.01956063472165143,-0.0011222538201602268,0.01696033825015117,NA,NA,NA
Bystrowisuchus__wetmon_z_trans,0.006264140353778589,-0.004262803723055035,0.020544999368203583,NA,NA,NA
Bystrowisuchus__drymon_z_trans,0.0050406362416072145,-0.0006098937054509422,0.006577482975606358,NA,NA,NA
Bystrowisuchus__wetdry_z_trans,0.003687167519675217,-0.004331220430601485,0.018651877092088414,NA,NA,NA
Bystrowisuchus__time,-0.013614769832357912,-0.003106109962304029,0.002961595952633109,NA,NA,NA
Calyptosuchus__lat_range_z_trans,-0.05852408941493937,-0.005727481268052529,-0.0026240865511613,1.0487988707080331,0.004792563617229462,2.637907640193589
Calyptosuchus__Temperate_N,0.03358387615394839,-0.0001347731597685682,0.016674742456436062,NA,NA,NA
Calyptosuchus__Tropical,-0.02594883561354186,-0.0036448721419898773,0.01263331062232289,NA,NA,NA
Calyptosuchus__Temperate_S,0.026596743326497464,-0.0007846064785816943,0.0118005218295153,NA,NA,NA
Calyptosuchus__Antarctic,0.003575951641884684,-0.0003484402862858537,0.0018446249870470218,NA,NA,NA
Calyptosuchus__mat_z_trans,0.035798901645851804,-0.003314718184764627,0.03157151785426082,NA,NA,NA
Calyptosuchus__map_z_trans,-0.02993869163714939,-0.004094475210381902,0.003994885404964844,NA,NA,NA
Calyptosuchus__wmm_z_trans,0.03529575077560828,-0.002596025992883925,0.02705433664853358,NA,NA,NA
Calyptosuchus__cmm_z_trans,-0.013308073777205992,-0.0036254031152479988,0.011898485169013791,NA,NA,NA
Calyptosuchus__wmmcmm_z_trans,0.018956262187268934,-0.002346836693564718,0.015534057597099036,NA,NA,NA
Calyptosuchus__wetmon_z_trans,0.008579515064755683,-0.003906427572679271,0.01678019793527611,NA,NA,NA
Calyptosuchus__drymon_z_trans,0.0033059630874568576,-0.00045115102738978256,0.003216044002167761,NA,NA,NA
Calyptosuchus__wetdry_z_trans,0.021654015972683897,-0.003278923759740678,0.01884843740469925,NA,NA,NA
Calyptosuchus__time,0.05783003491850694,-0.0006953354200718496,0.024912464835289937,NA,NA,NA
Camelotia__lat_range_z_trans,-0.09884420094883366,-0.0023956326355528764,-0.0005868600870850019,0.472116176217678,0.1204855889081955,0.798927123658359
Camelotia__Temperate_N,-0.19885398805554794,-0.007885216240837004,0.002139599325631029,NA,NA,NA
Camelotia__Tropical,0.04270561383679597,-0.0010388686590413186,0.014554528024525344,NA,NA,NA
Camelotia__Temperate_S,0.06269430800775892,-0.0007787467910292119,0.015900317959624946,NA,NA,NA
Camelotia__Antarctic,0.0247769610283298,5.902552937683531e-05,0.0032805852758037084,NA,NA,NA
Camelotia__mat_z_trans,0.06894906468405998,-0.0031622265688022,0.02919027248497373,NA,NA,NA
Camelotia__map_z_trans,-0.09239071010220296,-0.004810028890797608,0.00603101839157969,NA,NA,NA
Camelotia__wmm_z_trans,0.03930004026305268,-0.004161846184377511,0.030456282668045703,NA,NA,NA
Camelotia__cmm_z_trans,-0.03359186790294507,-0.002597959671876707,0.007007883072851942,NA,NA,NA
Camelotia__wmmcmm_z_trans,0.06127247453805624,-0.0008675127139687222,0.013531820394592815,NA,NA,NA
Camelotia__wetmon_z_trans,0.0150701983919612,-0.0033584751716520104,0.01923012681597671,NA,NA,NA
Camelotia__drymon_z_trans,0.01493768766478946,-0.00039977834507289576,0.004092174193920169,NA,NA,NA
Camelotia__wetdry_z_trans,0.04987491199906036,-0.002654262112993598,0.021266920166455584,NA,NA,NA
Camelotia__time,0.16155683092729128,-0.0008979418547784465,0.02804487150856871,NA,NA,NA
Camposaurus__lat_range_z_trans,0.25435694262385367,0.0007753576018337644,0.011181227375442342,0.24545087171078195,0.08452045544981956,0.47126467898488045
Camposaurus__Temperate_N,0.2269407533929916,-1.9623228671006093e-05,0.013653660037208273,NA,NA,NA
Camposaurus__Tropical,-0.24164874214213342,-0.00380215680970474,0.006493438709442887,NA,NA,NA
Camposaurus__Temperate_S,0.24629821855342016,0.00023584288746522018,0.015153032844076668,NA,NA,NA
Camposaurus__Antarctic,0.056839465284720066,8.8539099880167e-05,0.0028369878659164067,NA,NA,NA
Camposaurus__mat_z_trans,0.2149958794005215,-0.004565627763830212,0.02953816307438179,NA,NA,NA
Camposaurus__map_z_trans,-0.3883462673984468,-0.0049127100009404845,0.007727878871611405,NA,NA,NA
Camposaurus__wmm_z_trans,0.02742687604157254,-0.0017082134708581392,0.013315040673604756,NA,NA,NA
Camposaurus__cmm_z_trans,-0.37361155409598723,-0.006502405935800605,0.012888098529197296,NA,NA,NA
Camposaurus__wmmcmm_z_trans,-0.2887871553376317,-0.005980597335194261,0.014765201278919652,NA,NA,NA
Camposaurus__wetmon_z_trans,-0.023179285456426443,-0.004793237725419097,0.019221295190763897,NA,NA,NA
Camposaurus__drymon_z_trans,0.030398053724784404,-0.0008507608538043386,0.005880465825901565,NA,NA,NA
Camposaurus__wetdry_z_trans,0.13070480671478435,-0.0030960629028910745,0.03075440238453089,NA,NA,NA
Camposaurus__time,0.19586833641165868,0.000182186126531533,0.010730647534467248,NA,NA,NA
Candelaria__lat_range_z_trans,0.10944925672628603,0.0012105683233686107,0.016250012470052345,0.5445776435191511,0.2472407128661871,0.8371815299615264
Candelaria__Temperate_N,0.1028459677102254,0.0002816911423655263,0.024568253346445294,NA,NA,NA
Candelaria__Tropical,0.07061330148160952,-0.0007125216864261792,0.01498106426183056,NA,NA,NA
Candelaria__Temperate_S,-0.20026696607201672,-0.009382945830031476,0.008791114135042065,NA,NA,NA
Candelaria__Antarctic,0.02403685260614271,9.368430610136139e-05,0.004583808416067647,NA,NA,NA
Candelaria__mat_z_trans,-0.039981766172071755,-0.005036207080286611,0.012342308026580677,NA,NA,NA
Candelaria__map_z_trans,-0.02023035118670368,-0.004254786312993929,0.013882582638959674,NA,NA,NA
Candelaria__wmm_z_trans,-0.014752304526259247,-0.002211293731159538,0.01062906302554448,NA,NA,NA
Candelaria__cmm_z_trans,0.03946087480198541,-0.00207674664825245,0.01912577955398009,NA,NA,NA
Candelaria__wmmcmm_z_trans,0.047387100258978944,-0.0016529262369483096,0.017184759841503774,NA,NA,NA
Candelaria__wetmon_z_trans,0.01578552122376126,-0.004395848908139894,0.019954182535829052,NA,NA,NA
Candelaria__drymon_z_trans,0.00843243382760649,-0.00106280163013673,0.007136003411723223,NA,NA,NA
Candelaria__wetdry_z_trans,-0.014695396371781352,-0.004343873236924887,0.020494383272310446,NA,NA,NA
Candelaria__time,-0.010627199976136753,-0.0014054627819387684,0.004216225259595743,NA,NA,NA
Captorhinikos__lat_range_z_trans,-0.134979911643762,-0.0027102572003499105,-0.002352502202235858,0.3212273294376791,0.032598454505205154,0.7398419752717018
Captorhinikos__Temperate_N,0.1406630097475221,0.00015519607348180576,0.016564079258622348,NA,NA,NA
Captorhinikos__Tropical,-0.08592655781874087,-0.003602894021311213,0.007108803412345512,NA,NA,NA
Captorhinikos__Temperate_S,0.1447170793923947,-8.67573459293586e-05,0.01778276432622558,NA,NA,NA
Captorhinikos__Antarctic,0.021850565841118844,-0.0001399338960908944,0.0027879803095277704,NA,NA,NA
Captorhinikos__mat_z_trans,0.028627746806042312,-0.0029805926241628596,0.011544414204893287,NA,NA,NA
Captorhinikos__map_z_trans,0.1163361381159833,-0.0003019961803678646,0.027313135780230386,NA,NA,NA
Captorhinikos__wmm_z_trans,-0.0191303074462453,-0.005176055270211401,0.022669491967351466,NA,NA,NA
Captorhinikos__cmm_z_trans,-0.050833037184348,-0.004728173148958008,0.0074826177193958315,NA,NA,NA
Captorhinikos__wmmcmm_z_trans,-0.11829605321404296,-0.005485586438615731,0.02644139189447035,NA,NA,NA
Captorhinikos__wetmon_z_trans,0.06362185536502181,-0.001811731268496752,0.013765050574169456,NA,NA,NA
Captorhinikos__drymon_z_trans,0.10205816034552116,-0.002110646771951779,0.0235997920444157,NA,NA,NA
Captorhinikos__wetdry_z_trans,0.016954684668785212,-0.003183851775675817,0.01264549571425409,NA,NA,NA
Captorhinikos__time,-0.10820604864362401,-0.002786190442763491,0.006787025191799157,NA,NA,NA
Captorhinoides__lat_range_z_trans,0.1304248526968517,0.0004002238810776511,0.008500096380830874,0.44826253666862614,0.18159436248242855,0.7995117958635092
Captorhinoides__Temperate_N,0.10374059155648727,-0.0001727431765437379,0.008546841057121127,NA,NA,NA
Captorhinoides__Tropical,-0.11184095202847909,-0.0026495148598279184,0.00374922003000618,NA,NA,NA
Captorhinoides__Temperate_S,0.1252933371794022,0.00012925523607983441,0.010443710027032817,NA,NA,NA
Captorhinoides__Antarctic,0.03115947064871373,-0.00016355199574665945,0.0025841494942431716,NA,NA,NA
Captorhinoides__mat_z_trans,0.10201675182853273,-0.0023921232341849023,0.02796222241548524,NA,NA,NA
Captorhinoides__map_z_trans,0.3628608490056259,-0.001116305213951262,0.04048874512275156,NA,NA,NA
Captorhinoides__wmm_z_trans,0.0035663655250063498,-0.0020263531588538223,0.010688640939342554,NA,NA,NA
Captorhinoides__cmm_z_trans,-0.16027088148734095,-0.00460111352361614,0.012198278730318635,NA,NA,NA
Captorhinoides__wmmcmm_z_trans,-0.12178645768242728,-0.005242896617586646,0.008128115698094029,NA,NA,NA
Captorhinoides__wetmon_z_trans,-0.002818961186201682,-0.00468966715972692,0.02548416498415616,NA,NA,NA
Captorhinoides__drymon_z_trans,-0.090571898620754,-0.005283863518947746,0.017103447834579,NA,NA,NA
Captorhinoides__wetdry_z_trans,-0.06996786617393008,-0.003224665629479319,0.015671231516696322,NA,NA,NA
Captorhinoides__time,-0.18434787692986054,-0.003916151340095685,0.002590675964807409,NA,NA,NA
Captorhinus__lat_range_z_trans,-0.7922884276509286,-0.010397089567232813,-0.013844077238665788,0.16522805458385847,0.01430334709584713,0.3582486119121313
Captorhinus__Temperate_N,0.14327921430580318,5.4718576948879283e-05,0.011902899664218444,NA,NA,NA
Captorhinus__Tropical,-0.08390007064910605,-0.001823357540957095,0.007533533633679901,NA,NA,NA
Captorhinus__Temperate_S,-0.12676367099164054,-0.0020703491409595626,0.0030874936075856135,NA,NA,NA
Captorhinus__Antarctic,0.014010947704373394,-0.000338833275883971,0.0024268838132724046,NA,NA,NA
Captorhinus__mat_z_trans,-0.10171745116822421,-0.006067795726132097,0.023385634394247602,NA,NA,NA
Captorhinus__map_z_trans,0.10757776418817229,-0.00028041682739821377,0.011886663114344916,NA,NA,NA
Captorhinus__wmm_z_trans,0.0018615344363206532,-0.0008263515830834807,0.0046780459763532175,NA,NA,NA
Captorhinus__cmm_z_trans,0.41900170856621116,-0.0023059686428775223,0.04402777533033666,NA,NA,NA
Captorhinus__wmmcmm_z_trans,0.315600712641608,-0.003530713976884609,0.03991418028566253,NA,NA,NA
Captorhinus__wetmon_z_trans,0.05856194661813788,-0.0010560696778893891,0.011002971988394672,NA,NA,NA
Captorhinus__drymon_z_trans,0.16558074684697202,-0.0020369146276771897,0.02752759751627176,NA,NA,NA
Captorhinus__wetdry_z_trans,-0.012329871822148562,-0.002755089250124565,0.019145712545284525,NA,NA,NA
Captorhinus__time,-0.07503278460237198,-0.0015152390512516473,0.001464225564478653,NA,NA,NA
Cargninia__lat_range_z_trans,0.2543415158987045,0.0008120970992621898,0.010978362857679365,0.27641739159909773,0.031879985705018044,1.597387881949544
Cargninia__Temperate_N,0.21131736289709807,0.00022058155851210377,0.01596357989934498,NA,NA,NA
Cargninia__Tropical,0.17692340586334468,-0.00013282523978560114,0.011693166633692213,NA,NA,NA
Cargninia__Temperate_S,-0.24765194968320428,-0.004656685210979882,0.005786856988828251,NA,NA,NA
Cargninia__Antarctic,0.0597079352196306,3.4730464786674434e-05,0.0030336050222228477,NA,NA,NA
Cargninia__mat_z_trans,0.24373624262865634,-0.0029153686813178483,0.03379324989606398,NA,NA,NA
Cargninia__map_z_trans,-0.3298362228926271,-0.005393566508572307,0.006745603962950329,NA,NA,NA
Cargninia__wmm_z_trans,0.08053038020443637,-0.0012888944166694351,0.01563955251052962,NA,NA,NA
Cargninia__cmm_z_trans,-0.401014950358076,-0.006847441945550064,0.012494042376993598,NA,NA,NA
Cargninia__wmmcmm_z_trans,-0.3173632744327188,-0.006235306307941583,0.01312423492096026,NA,NA,NA
Cargninia__wetmon_z_trans,0.004296543549280614,-0.0042066060476785745,0.021657281592870527,NA,NA,NA
Cargninia__drymon_z_trans,0.020640469420759474,-0.0007733130456577562,0.005492898050966188,NA,NA,NA
Cargninia__wetdry_z_trans,0.13305014851968736,-0.0036958135670626816,0.02539477985422969,NA,NA,NA
Cargninia__time,0.20808746052905916,0.00012894153725148908,0.012342325628133251,NA,NA,NA
Carnufex__lat_range_z_trans,0.13474567656571346,0.0012060830025067083,0.01821537207102875,0.4512320911811548,0.1381082572042942,1.0630597919225693
Carnufex__Temperate_N,0.1151140316239861,-0.0014015909292771753,0.021866514778465396,NA,NA,NA
Carnufex__Tropical,-0.12636516557746383,-0.0055029344413685425,0.010425831610118163,NA,NA,NA
Carnufex__Temperate_S,0.12170321573779354,-0.00013723001546270115,0.027710165462851884,NA,NA,NA
Carnufex__Antarctic,0.029314019056306727,7.94097274974739e-05,0.0046085789500752965,NA,NA,NA
Carnufex__mat_z_trans,0.013276877881755527,-0.002010899593038362,0.016858955629266526,NA,NA,NA
Carnufex__map_z_trans,-0.17737296791019086,-0.006512373023562617,0.007760101895755473,NA,NA,NA
Carnufex__wmm_z_trans,-0.0032815201264463955,-0.002431368750027926,0.009057128487456064,NA,NA,NA
Carnufex__cmm_z_trans,-0.046596118347458075,-0.002770336358845438,0.010355650981288503,NA,NA,NA
Carnufex__wmmcmm_z_trans,-0.023096155118372597,-0.0028249945428677386,0.009315578118716696,NA,NA,NA
Carnufex__wetmon_z_trans,0.015174852850112039,-0.005088111510676774,0.021219622465829157,NA,NA,NA
Carnufex__drymon_z_trans,0.009534406100858006,-0.0012200350172590286,0.007093796097674832,NA,NA,NA
Carnufex__wetdry_z_trans,0.04033349749631533,-0.005228789153176363,0.023493842195160583,NA,NA,NA
Carnufex__time,0.014972674098717333,-0.001106299705844792,0.006158401451777759,NA,NA,NA
Cartorhynchus__lat_range_z_trans,0.02124777155593332,0.0010696440559403854,0.01017913605022976,2.310612240498431,1.0273961052298546,3.307648228481412
Cartorhynchus__Temperate_N,-0.029074888797345513,-0.007441511147884596,0.0005691128891037056,NA,NA,NA
Cartorhynchus__Tropical,0.013879766527483878,0.00015396040347838178,0.010504811271607156,NA,NA,NA
Cartorhynchus__Temperate_S,0.01989235452638535,0.00020177756660497425,0.013461772003576742,NA,NA,NA
Cartorhynchus__Antarctic,-0.00026447124088472553,-0.0004049753286303661,0.0012592394667719053,NA,NA,NA
Cartorhynchus__mat_z_trans,-0.003405903467816264,-0.007069666499790222,0.0204819539136374,NA,NA,NA
Cartorhynchus__map_z_trans,0.037485860498092605,-0.0008704427002448086,0.030550943713829243,NA,NA,NA
Cartorhynchus__wmm_z_trans,0.004429939704523189,-0.0051095108033491115,0.01474580381439554,NA,NA,NA
Cartorhynchus__cmm_z_trans,0.03272764161422935,-0.0011963909487988577,0.028928689531884072,NA,NA,NA
Cartorhynchus__wmmcmm_z_trans,0.018674380799757643,-0.0018199489670938861,0.01675304017224048,NA,NA,NA
Cartorhynchus__wetmon_z_trans,0.0066037074553858995,-0.0037337998848580964,0.021351779208338775,NA,NA,NA
Cartorhynchus__drymon_z_trans,0.00510621876885907,-0.0006336215903000144,0.006620584337457749,NA,NA,NA
Cartorhynchus__wetdry_z_trans,0.00395014962933723,-0.004868031447661057,0.015751670929553662,NA,NA,NA
Cartorhynchus__time,-0.013795203242314728,-0.003226953018816004,0.002981002892838878,NA,NA,NA
Caseosaurus__lat_range_z_trans,0.2559674508869648,0.0007849550907474815,0.011258100595536051,0.2769895504749729,0.08703449077438563,0.47126467898488045
Caseosaurus__Temperate_N,0.23227643496997188,4.2075274322862695e-06,0.014045360782248833,NA,NA,NA
Caseosaurus__Tropical,-0.2429930670047179,-0.0036076140659845627,0.006538082425764438,NA,NA,NA
Caseosaurus__Temperate_S,0.24671550422906877,0.00019370937551597305,0.016081325733217466,NA,NA,NA
Caseosaurus__Antarctic,0.05569976610131562,6.12379870634552e-05,0.002676873158443352,NA,NA,NA
Caseosaurus__mat_z_trans,0.22926223731599749,-0.003837088999379626,0.031168276947496146,NA,NA,NA
Caseosaurus__map_z_trans,-0.36906129207927735,-0.004276493948430614,0.006377956986409215,NA,NA,NA
Caseosaurus__wmm_z_trans,0.03794950106239412,-0.0018202025791047842,0.0150917542209816,NA,NA,NA
Caseosaurus__cmm_z_trans,-0.34892803359776736,-0.006717182186859274,0.012099169259210424,NA,NA,NA
Caseosaurus__wmmcmm_z_trans,-0.30100775096565485,-0.00591230115222032,0.015177929155376134,NA,NA,NA
Caseosaurus__wetmon_z_trans,-0.021124482137092854,-0.00464072855986743,0.021667657189955294,NA,NA,NA
Caseosaurus__drymon_z_trans,0.021333698882372118,-0.0007713588205509907,0.00481225244903031,NA,NA,NA
Caseosaurus__wetdry_z_trans,0.12566407703445293,-0.004483909517811489,0.02519843551976273,NA,NA,NA
Caseosaurus__time,0.17913814793573693,7.329953804662221e-05,0.011946365772033106,NA,NA,NA
Chalishevia__lat_range_z_trans,0.0684877334239974,0.001161952507084631,0.015601214375435636,0.7342706681122945,0.22111564874649048,1.3315252587199211
Chalishevia__Temperate_N,-0.11741664271732911,-0.009658057153034718,0.009086858862003498,NA,NA,NA
Chalishevia__Tropical,0.03784045612716709,-0.0011699841253734685,0.013878048779123502,NA,NA,NA
Chalishevia__Temperate_S,0.06888646360315134,0.00023688453345490666,0.02216664441801473,NA,NA,NA
Chalishevia__Antarctic,0.013991264738505836,0.00012335317654592744,0.004075521519545786,NA,NA,NA
Chalishevia__mat_z_trans,-0.01414690712936244,-0.004225990153111091,0.016249236746989013,NA,NA,NA
Chalishevia__map_z_trans,0.0010376582454954054,-0.0035620393627604245,0.016521720304768357,NA,NA,NA
Chalishevia__wmm_z_trans,-0.0029687478159181953,-0.001971037203679196,0.00821269712960559,NA,NA,NA
Chalishevia__cmm_z_trans,0.03447272641439967,-0.0014305436997043566,0.024672071329349336,NA,NA,NA
Chalishevia__wmmcmm_z_trans,0.030740264848564514,-0.0013167699946204175,0.017435898678976356,NA,NA,NA
Chalishevia__wetmon_z_trans,-0.0031094526687977945,-0.005364488845010579,0.018454136447461036,NA,NA,NA
Chalishevia__drymon_z_trans,0.0037074295804271394,-0.0010921024350223328,0.005207204407347326,NA,NA,NA
Chalishevia__wetdry_z_trans,-0.00011516359170349368,-0.004881983617198704,0.017924731002026153,NA,NA,NA
Chalishevia__time,-0.003949758726971086,-0.0017986639389734516,0.004653556194818751,NA,NA,NA
Chanaresuchus__lat_range_z_trans,0.09653254797859548,0.0012650947383538082,0.017130207894195237,0.5929005236823286,0.2738285092636943,1.015882346779108
Chanaresuchus__Temperate_N,0.08749442214604944,-0.000408828326296973,0.022649439242047244,NA,NA,NA
Chanaresuchus__Tropical,0.06385189372631364,-0.0007957832584892929,0.016745616378151397,NA,NA,NA
Chanaresuchus__Temperate_S,-0.14700253529580035,-0.007566053556745973,0.00899292620831111,NA,NA,NA
Chanaresuchus__Antarctic,0.020821660407461737,6.19287862467673e-05,0.004585467026359056,NA,NA,NA
Chanaresuchus__mat_z_trans,-0.016566171687711358,-0.004396582283903491,0.016258879444630524,NA,NA,NA
Chanaresuchus__map_z_trans,-0.018698020366321736,-0.005561790074543863,0.013424853778167224,NA,NA,NA
Chanaresuchus__wmm_z_trans,-0.009913032547985956,-0.0020642456267884004,0.011040547581180732,NA,NA,NA
Chanaresuchus__cmm_z_trans,0.020946659171833498,-0.0026737927272958385,0.014864887400984822,NA,NA,NA
Chanaresuchus__wmmcmm_z_trans,0.026684359241818403,-0.0022252758271843276,0.017347156348296092,NA,NA,NA
Chanaresuchus__wetmon_z_trans,-0.004540161094260949,-0.003838399806918292,0.01906339968286535,NA,NA,NA
Chanaresuchus__drymon_z_trans,0.006801456759793527,-0.0009095652717490862,0.007017480024190728,NA,NA,NA
Chanaresuchus__wetdry_z_trans,-0.0031582814160852654,-0.0042384090424530205,0.02055967685280869,NA,NA,NA
Chanaresuchus__time,-0.005797472692073818,-0.0015977680336352927,0.0044590023332768776,NA,NA,NA
Chasmatosuchus__lat_range_z_trans,-0.8471486166119575,-0.006773999524055629,-0.015606586126682668,0.18310186781156518,0.03256054036319256,0.34002382308244705
Chasmatosuchus__Temperate_N,-0.2518063105107285,-0.005120546664275109,0.009306540128647905,NA,NA,NA
Chasmatosuchus__Tropical,0.15814040370285512,0.00023222843190709384,0.010950670074318115,NA,NA,NA
Chasmatosuchus__Temperate_S,0.236300481390208,-0.00015257084654224552,0.014598199416472252,NA,NA,NA
Chasmatosuchus__Antarctic,0.05520735018450068,5.372007044275271e-05,0.0034197055256822303,NA,NA,NA
Chasmatosuchus__mat_z_trans,-0.14267211294732987,-0.005903875326330705,0.01896329724199298,NA,NA,NA
Chasmatosuchus__map_z_trans,0.4001018181303516,-0.000314054767666663,0.036629734008747715,NA,NA,NA
Chasmatosuchus__wmm_z_trans,-0.017945084925740956,-0.002940986466146398,0.017132912829829847,NA,NA,NA
Chasmatosuchus__cmm_z_trans,0.27842972822079903,-0.0015882469603153405,0.02982925085175698,NA,NA,NA
Chasmatosuchus__wmmcmm_z_trans,0.16945940487261396,-0.0013445774287108665,0.014562123139573948,NA,NA,NA
Chasmatosuchus__wetmon_z_trans,0.04142082006903365,-0.004454461745667807,0.022008328523343845,NA,NA,NA
Chasmatosuchus__drymon_z_trans,0.08062535098310036,-0.00022167116312826754,0.00634069526364009,NA,NA,NA
Chasmatosuchus__wetdry_z_trans,-0.09755599099793472,-0.005232489154384524,0.019737765441496972,NA,NA,NA
Chasmatosuchus__time,-0.05554448074195534,-0.0011879387665295628,0.006266903876644878,NA,NA,NA
Chindesaurus__lat_range_z_trans,-0.029440957637020957,-0.005053725300023883,0.0016256285953737645,1.4532267209621204,0.0037643592804670334,3.327052755281329
Chindesaurus__Temperate_N,0.025520143630216287,-0.0007110866547418248,0.015241478385918153,NA,NA,NA
Chindesaurus__Tropical,-0.01742419526886704,-0.005110305323101955,0.01045591514662157,NA,NA,NA
Chindesaurus__Temperate_S,0.01872575278758426,-0.001049884869870723,0.011154377194582059,NA,NA,NA
Chindesaurus__Antarctic,0.0019650765077662783,-0.000502674381577544,0.0017677182280175887,NA,NA,NA
Chindesaurus__mat_z_trans,0.024586383109296027,-0.002807456870479536,0.031487986380012066,NA,NA,NA
Chindesaurus__map_z_trans,-0.019245334651347767,-0.003968825066315226,0.006103114709797754,NA,NA,NA
Chindesaurus__wmm_z_trans,0.028485372486743026,-0.0032636717730403736,0.02672444420850619,NA,NA,NA
Chindesaurus__cmm_z_trans,-0.005044389890286545,-0.003117881856951449,0.008908430568865715,NA,NA,NA
Chindesaurus__wmmcmm_z_trans,0.018716315829052064,-0.00114747484091599,0.015500320961983605,NA,NA,NA
Chindesaurus__wetmon_z_trans,0.006467543648496664,-0.004077834920552404,0.01571825886419904,NA,NA,NA
Chindesaurus__drymon_z_trans,0.0024504249099336507,-0.0004947486175915226,0.0031921342827793474,NA,NA,NA
Chindesaurus__wetdry_z_trans,0.016013215491863474,-0.0037069566016681163,0.017259760052546782,NA,NA,NA
Chindesaurus__time,0.04568197337819686,6.305676542727161e-05,0.02899997261626146,NA,NA,NA
Chinshakiangosaurus__lat_range_z_trans,0.042108822904445196,0.0009675152980737376,0.012074934705997275,1.0179732221550513,0.6345027852803469,1.3735392354428768
Chinshakiangosaurus__Temperate_N,-0.06834320671755903,-0.008450502114493467,0.0009509460156890441,NA,NA,NA
Chinshakiangosaurus__Tropical,0.016461024945747606,-0.0018362430661910945,0.012181726922362184,NA,NA,NA
Chinshakiangosaurus__Temperate_S,0.02186902596480381,-0.0017245519494403613,0.013602269291772238,NA,NA,NA
Chinshakiangosaurus__Antarctic,0.006808563411021152,1.686377406975153e-05,0.002673167974534159,NA,NA,NA
Chinshakiangosaurus__mat_z_trans,0.025222579190662096,-0.0032794412634682907,0.02873615482568852,NA,NA,NA
Chinshakiangosaurus__map_z_trans,-0.03109528463431809,-0.004010587210546555,0.008183043661411609,NA,NA,NA
Chinshakiangosaurus__wmm_z_trans,0.012757424335200046,-0.004742333122940596,0.02756609589133684,NA,NA,NA
Chinshakiangosaurus__cmm_z_trans,-0.011540130773377472,-0.002713897527958255,0.005797242357432057,NA,NA,NA
Chinshakiangosaurus__wmmcmm_z_trans,0.019417093434592334,-0.0011536448324816564,0.012931025247203073,NA,NA,NA
Chinshakiangosaurus__wetmon_z_trans,0.006458353507550143,-0.00294519611490416,0.01950197490870314,NA,NA,NA
Chinshakiangosaurus__drymon_z_trans,0.003826992769488224,-0.00034040800719159947,0.003830409627874386,NA,NA,NA
Chinshakiangosaurus__wetdry_z_trans,0.016555357394354864,-0.003199616415434938,0.01888160466370094,NA,NA,NA
Chinshakiangosaurus__time,0.05695070859901543,-0.0015374277584957886,0.027228944101759623,NA,NA,NA
Chirotherium__lat_range_z_trans,0.16156738217160663,0.0010710995845274482,0.015722828214641018,0.37131915682330147,0.1850963830947876,0.5391088966280222
Chirotherium__Temperate_N,-0.20943633067581852,-0.006653667939547699,0.011775265438500283,NA,NA,NA
Chirotherium__Tropical,0.09672816224221219,-0.0014552217107607333,0.016275566639257714,NA,NA,NA
Chirotherium__Temperate_S,0.14169311471217771,-0.0005299938579362741,0.023547688850282546,NA,NA,NA
Chirotherium__Antarctic,0.03420436971518819,8.806882230823374e-05,0.0039049897339826223,NA,NA,NA
Chirotherium__mat_z_trans,0.013031265442527766,-0.002985219548209336,0.015172315057471936,NA,NA,NA
Chirotherium__map_z_trans,-0.20224801485042765,-0.007381511386300825,0.0088554918971337,NA,NA,NA
Chirotherium__wmm_z_trans,0.005475130837430653,-0.0019090485245510432,0.012361406311683469,NA,NA,NA
Chirotherium__cmm_z_trans,-0.0400629225507186,-0.0026861379848602406,0.00909999007414397,NA,NA,NA
Chirotherium__wmmcmm_z_trans,0.0015649359382336446,-0.0021803016352215875,0.013998279247740534,NA,NA,NA
Chirotherium__wetmon_z_trans,0.027004786936423376,-0.004017845678068293,0.022121684675257755,NA,NA,NA
Chirotherium__drymon_z_trans,0.002027308329054087,-0.0011113176849815662,0.007426743143355613,NA,NA,NA
Chirotherium__wetdry_z_trans,0.04827652318270217,-0.004571600481273881,0.02685332857778776,NA,NA,NA
Chirotherium__time,0.037631612901034645,-0.000626772286527479,0.00702396233422618,NA,NA,NA
Chromogisaurus__lat_range_z_trans,0.061334572028280555,0.0014507623486947727,0.016513463723200564,0.7707543411350344,0.4275338576408103,1.1323013827204704
Chromogisaurus__Temperate_N,0.05692337730747588,-8.824773504336077e-05,0.02346530248156809,NA,NA,NA
Chromogisaurus__Tropical,0.04484823194787121,-0.00038238698413531065,0.01941858457272437,NA,NA,NA
Chromogisaurus__Temperate_S,-0.04260997749301635,-0.00678505420203023,0.00936526443644142,NA,NA,NA
Chromogisaurus__Antarctic,0.010017907278698801,-7.101981116553264e-05,0.0039268999306916,NA,NA,NA
Chromogisaurus__mat_z_trans,0.01606088362798424,-0.002833101289861574,0.013423192003827494,NA,NA,NA
Chromogisaurus__map_z_trans,-0.07204849345693472,-0.008509360177810683,0.010935763428984018,NA,NA,NA
Chromogisaurus__wmm_z_trans,-0.0007979508455349328,-0.002241794867462987,0.011117153251300894,NA,NA,NA
Chromogisaurus__cmm_z_trans,-0.009889275847144581,-0.002744638052665345,0.01485265505408988,NA,NA,NA
Chromogisaurus__wmmcmm_z_trans,-0.0029999478686741875,-0.003227228075882849,0.010366285385521045,NA,NA,NA
Chromogisaurus__wetmon_z_trans,0.015584580315893251,-0.0038741586851043,0.01989085991259942,NA,NA,NA
Chromogisaurus__drymon_z_trans,0.0032296741697551462,-0.0013771826918917798,0.007690879588205166,NA,NA,NA
Chromogisaurus__wetdry_z_trans,0.033559524438176794,-0.003183108510622744,0.027453170796459217,NA,NA,NA
Chromogisaurus__time,0.0042442187287951945,-0.001082951576421352,0.005720065629851903,NA,NA,NA
Cladeiodon__lat_range_z_trans,0.02783047660171142,0.0012781832491419304,0.011350342726132721,1.6518011441882845,0.49445166112855077,2.6651551639661193
Cladeiodon__Temperate_N,-0.021706245211385127,-0.005532303178080408,0.009639813958663007,NA,NA,NA
Cladeiodon__Tropical,0.02248999060070923,5.640679061528819e-05,0.010299090537266156,NA,NA,NA
Cladeiodon__Temperate_S,0.030513401519054986,0.0006079914087390049,0.015858495665488765,NA,NA,NA
Cladeiodon__Antarctic,0.0013238350552258237,-0.00027333288032658305,0.0022775068656821613,NA,NA,NA
Cladeiodon__mat_z_trans,-0.0024256666118130155,-0.003098886914721093,0.013075636945638609,NA,NA,NA
Cladeiodon__map_z_trans,0.059038275322139344,-0.0009299082779911196,0.03667325189987546,NA,NA,NA
Cladeiodon__wmm_z_trans,0.0023467792204728472,-0.004834044943998053,0.016327379658177054,NA,NA,NA
Cladeiodon__cmm_z_trans,0.012533745831331053,-0.0012475899901079992,0.011628778411829807,NA,NA,NA
Cladeiodon__wmmcmm_z_trans,-0.0016181398952443968,-0.002827636963802534,0.00976793190982691,NA,NA,NA
Cladeiodon__wetmon_z_trans,0.003300313812113798,-0.006770997052877961,0.02997156913903175,NA,NA,NA
Cladeiodon__drymon_z_trans,0.0027695943061727614,-0.00044776278101202034,0.00347019845871932,NA,NA,NA
Cladeiodon__wetdry_z_trans,-0.0060411469151181564,-0.008206100663274013,0.02185898060249982,NA,NA,NA
Cladeiodon__time,-0.012897889303744274,-0.002723488113707713,0.0019405634166335423,NA,NA,NA
Claudiosaurus__lat_range_z_trans,0.028524616945013147,0.0008757712070614958,0.008526456143336691,1.701390460295079,0.6314515247941017,3.6082732379436493
Claudiosaurus__Temperate_N,0.028159169595775177,0.000358800126181145,0.012617208562796004,NA,NA,NA
Claudiosaurus__Tropical,0.01580512771204324,-0.00042954445976107,0.00801301852004183,NA,NA,NA
Claudiosaurus__Temperate_S,-0.0423910474253928,-0.0053710639227426225,0.0008448105068140533,NA,NA,NA
Claudiosaurus__Antarctic,0.002091687979070761,-0.00031728710124824235,0.0019049391209322284,NA,NA,NA
Claudiosaurus__mat_z_trans,-0.01795698632872102,-0.007009922979522181,0.022729955353360122,NA,NA,NA
Claudiosaurus__map_z_trans,0.02809368591954605,-0.0003732076699648222,0.018711741522004346,NA,NA,NA
Claudiosaurus__wmm_z_trans,0.0005256214921104044,-0.0021944375316800715,0.012146788460946143,NA,NA,NA
Claudiosaurus__cmm_z_trans,0.04907630070560959,-0.0029671398550057716,0.03184879433105465,NA,NA,NA
Claudiosaurus__wmmcmm_z_trans,0.030574382460729417,-0.004826380084602281,0.028941864733122043,NA,NA,NA
Claudiosaurus__wetmon_z_trans,0.007215513155031985,-0.0015419495450247705,0.014009527589490943,NA,NA,NA
Claudiosaurus__drymon_z_trans,0.014482334749265411,-0.0037404492877760273,0.017886775816451653,NA,NA,NA
Claudiosaurus__wetdry_z_trans,-0.006543477550887039,-0.004313181493366198,0.013577529221280542,NA,NA,NA
Claudiosaurus__time,-0.020199605077568034,-0.0030994777139518592,0.002380130313833823,NA,NA,NA
Clevosaurus__lat_range_z_trans,-0.8889656466245651,-0.015939022429798742,-0.019933820722525378,0.13506153997070214,0.017442659009248018,0.2948229368776083
Clevosaurus__Temperate_N,-0.12448082689428702,-0.003294120718736035,0.004477801568270181,NA,NA,NA
Clevosaurus__Tropical,0.09488900820695562,-0.0003681819567430556,0.012537322449427998,NA,NA,NA
Clevosaurus__Temperate_S,-0.05080089184339158,-0.0021716447555435044,0.009735323557353489,NA,NA,NA
Clevosaurus__Antarctic,0.030207163168524856,-7.159890116491263e-05,0.003747988317572731,NA,NA,NA
Clevosaurus__mat_z_trans,0.17312562433304265,-0.002226680549038892,0.03645793461942594,NA,NA,NA
Clevosaurus__map_z_trans,-0.08378973167702497,-0.002077426446390143,0.005707343687383568,NA,NA,NA
Clevosaurus__wmm_z_trans,0.16178270814707502,-0.0018765375543818277,0.03154699839569407,NA,NA,NA
Clevosaurus__cmm_z_trans,-0.008381111518829129,-0.002173825780978276,0.006971886314779115,NA,NA,NA
Clevosaurus__wmmcmm_z_trans,0.14140000995015725,-0.00017382827710146388,0.014916597080019836,NA,NA,NA
Clevosaurus__wetmon_z_trans,0.07777114115218865,-0.0023274849497097547,0.02185301304795124,NA,NA,NA
Clevosaurus__drymon_z_trans,0.03250429082778283,-0.0004206453143866071,0.004713607818280158,NA,NA,NA
Clevosaurus__wetdry_z_trans,0.12789291726541704,-0.001964615196651964,0.026580591643012637,NA,NA,NA
Clevosaurus__time,0.3037483325228095,0.00013614251922190225,0.034826952418819494,NA,NA,NA
Coahomasuchus__lat_range_z_trans,0.0010892105370184613,-0.0008433945672349117,0.005290459494904684,0.9067022310761967,0.010742037964519113,2.8537747461814433
Coahomasuchus__Temperate_N,0.042111312630463214,0.00015539416032922163,0.015791410944152963,NA,NA,NA
Coahomasuchus__Tropical,-0.03310507456012498,-0.004755777219979461,0.008527893210240129,NA,NA,NA
Coahomasuchus__Temperate_S,0.03421019679035676,-0.0004161170965659973,0.01277896381567593,NA,NA,NA
Coahomasuchus__Antarctic,0.006632947236648229,-0.0001191355994612058,0.0021952045268159746,NA,NA,NA
Coahomasuchus__mat_z_trans,0.037730653188479055,-0.00431077112103257,0.025404102790549058,NA,NA,NA
Coahomasuchus__map_z_trans,-0.0468092050106764,-0.004907238063647122,0.00520403507473653,NA,NA,NA
Coahomasuchus__wmm_z_trans,0.025183662992543345,-0.0032441462111547337,0.02403254875966517,NA,NA,NA
Coahomasuchus__cmm_z_trans,-0.03367850628248486,-0.004594071568621382,0.009654328021328203,NA,NA,NA
Coahomasuchus__wmmcmm_z_trans,-0.003544886302083786,-0.004292271682829464,0.016767068210551198,NA,NA,NA
Coahomasuchus__wetmon_z_trans,0.007133617800182736,-0.003625279836780234,0.017555311663363233,NA,NA,NA
Coahomasuchus__drymon_z_trans,0.004302554066129417,-0.0005257577665391565,0.003394616773064696,NA,NA,NA
Coahomasuchus__wetdry_z_trans,0.02496195287892489,-0.0030801332736527967,0.023401881607974497,NA,NA,NA
Coahomasuchus__time,0.051238888366250214,-0.00039077046423346203,0.02414171530244281,NA,NA,NA
Coartaredens__lat_range_z_trans,0.05072211109484401,0.0010616572936633446,0.011252662853406481,0.9742933125130366,0.22334983851760626,3.6370653081685305
Coartaredens__Temperate_N,0.04765044945966791,-0.0002147107724930355,0.014589072554376187,NA,NA,NA
Coartaredens__Tropical,-0.06467241896350195,-0.006082727853621866,0.006960849441129061,NA,NA,NA
Coartaredens__Temperate_S,0.054105268297320666,0.000481038289541702,0.01704148658366081,NA,NA,NA
Coartaredens__Antarctic,0.008232908983502532,-0.0003142119954009298,0.003840456459407366,NA,NA,NA
Coartaredens__mat_z_trans,-0.010212223740955755,-0.004554398407127266,0.008168270550624784,NA,NA,NA
Coartaredens__map_z_trans,0.07453037408493175,-0.0017174486369913014,0.029258754366188862,NA,NA,NA
Coartaredens__wmm_z_trans,-0.020661766195905963,-0.005158183898064373,0.012244676625251477,NA,NA,NA
Coartaredens__cmm_z_trans,0.018719834775041768,-0.0016806634139865776,0.013611300471347156,NA,NA,NA
Coartaredens__wmmcmm_z_trans,-0.006566981161460394,-0.00255694856321521,0.01767770557889603,NA,NA,NA
Coartaredens__wetmon_z_trans,0.001113070959293323,-0.005599923703854573,0.028569299411828848,NA,NA,NA
Coartaredens__drymon_z_trans,0.007983757435082672,-0.000546528204506571,0.004124990158866097,NA,NA,NA
Coartaredens__wetdry_z_trans,-0.02706764462124824,-0.00615620516940247,0.02377639250324621,NA,NA,NA
Coartaredens__time,-0.016419416074986044,-0.0019102152759441454,0.003023622637235731,NA,NA,NA
Coburgosuchus__lat_range_z_trans,0.07100096931292228,0.0008538217437816478,0.010061321296436311,0.5874238149441954,0.10977524891495705,1.6203013479243964
Coburgosuchus__Temperate_N,-0.05472745743674596,-0.004338382231786792,0.004251711431688047,NA,NA,NA
Coburgosuchus__Tropical,0.05422558542407389,-9.510360986778591e-05,0.014039603415481407,NA,NA,NA
Coburgosuchus__Temperate_S,0.06889634260742679,0.0003647500956118611,0.01918145570550377,NA,NA,NA
Coburgosuchus__Antarctic,0.01079496159130412,-0.00011495438456070457,0.003065754514344417,NA,NA,NA
Coburgosuchus__mat_z_trans,0.06924116709910494,-0.004161415816548302,0.02530840343089909,NA,NA,NA
Coburgosuchus__map_z_trans,-0.09055102427804637,-0.00535977744581375,0.005054298369027953,NA,NA,NA
Coburgosuchus__wmm_z_trans,0.014796221686604688,-0.0014567363552338002,0.010499127023469083,NA,NA,NA
Coburgosuchus__cmm_z_trans,-0.08105879508958765,-0.005583576460621172,0.01693870126073497,NA,NA,NA
Coburgosuchus__wmmcmm_z_trans,-0.055786053202135207,-0.0052450016186922094,0.01742966913444719,NA,NA,NA
Coburgosuchus__wetmon_z_trans,0.008298536550830744,-0.005660053985333996,0.021400075850364336,NA,NA,NA
Coburgosuchus__drymon_z_trans,0.005446776268082243,-0.0007640207107631333,0.004643962476806854,NA,NA,NA
Coburgosuchus__wetdry_z_trans,0.04837494398246242,-0.0034639265149345876,0.0306704431007948,NA,NA,NA
Coburgosuchus__time,0.04850514981532939,7.490698335945286e-05,0.011595013185466853,NA,NA,NA
Coelodontognathus__lat_range_z_trans,0.02109064083679657,0.0010500853752116045,0.010228096309255598,2.337386779559438,1.327155977487564,3.6011623963713646
Coelodontognathus__Temperate_N,-0.029331927352777946,-0.007305441452668854,-0.0005308624289281406,NA,NA,NA
Coelodontognathus__Tropical,0.013849592362922113,0.00015114520307616894,0.01055533798412357,NA,NA,NA
Coelodontognathus__Temperate_S,0.019821550547958425,0.00019808801868336455,0.013526521294772926,NA,NA,NA
Coelodontognathus__Antarctic,-0.00030519030331898885,-0.00036913456153116745,0.0013952766317795664,NA,NA,NA
Coelodontognathus__mat_z_trans,-0.0030502878776016234,-0.007410986579068245,0.019847710540662117,NA,NA,NA
Coelodontognathus__map_z_trans,0.03761597532734822,-0.0008545264608451341,0.03069788959512328,NA,NA,NA
Coelodontognathus__wmm_z_trans,0.0049227276325373515,-0.00528197028853855,0.014816729123845622,NA,NA,NA
Coelodontognathus__cmm_z_trans,0.03254806888750053,-0.0011745146727943246,0.029067832591351008,NA,NA,NA
Coelodontognathus__wmmcmm_z_trans,0.01849037158935542,-0.0017866707933010448,0.01715358854831627,NA,NA,NA
Coelodontognathus__wetmon_z_trans,0.005916285275548412,-0.004347669076926427,0.01934030460238534,NA,NA,NA
Coelodontognathus__drymon_z_trans,0.005096095962649508,-0.0006220356778474414,0.006652428447062418,NA,NA,NA
Coelodontognathus__wetdry_z_trans,0.004489654700704723,-0.004027891883513355,0.018393345844675193,NA,NA,NA
Coelodontognathus__time,-0.013696233257996415,-0.003167947461339868,0.0029953411110403014,NA,NA,NA
Coelophysis__lat_range_z_trans,-1.1577772849798202,-0.0165177796355961,-0.027565934683908316,0.17480123251087207,0.04423409514129162,0.385633927769959
Coelophysis__Temperate_N,0.16757829111164027,-8.239751932433954e-06,0.016874622760778567,NA,NA,NA
Coelophysis__Tropical,-0.08063014920102432,-0.0025958081873087954,0.006718233323415048,NA,NA,NA
Coelophysis__Temperate_S,0.1361862569011282,-0.00033707136060403,0.01766274578986205,NA,NA,NA
Coelophysis__Antarctic,0.030629575942875818,1.1234348593123127e-05,0.0034509293696219447,NA,NA,NA
Coelophysis__mat_z_trans,0.17672752041136847,-0.002062980446802942,0.03471576212402369,NA,NA,NA
Coelophysis__map_z_trans,-0.10455945914145559,-0.003107891812238017,0.0047532115939078,NA,NA,NA
Coelophysis__wmm_z_trans,0.18401454623555766,-0.0017165112578392783,0.031818743428967775,NA,NA,NA
Coelophysis__cmm_z_trans,-0.025832697488367556,-0.00275762832672101,0.008208596025874395,NA,NA,NA
Coelophysis__wmmcmm_z_trans,0.15036967892665415,-0.00044511226923328904,0.014610254765262483,NA,NA,NA
Coelophysis__wetmon_z_trans,0.07449428226376767,-0.003276445995242886,0.019671301128583587,NA,NA,NA
Coelophysis__drymon_z_trans,0.034656270997365936,-0.00021069220826263043,0.004466931433824461,NA,NA,NA
Coelophysis__wetdry_z_trans,0.11779274663451361,-0.0019327290750008074,0.026216970883278238,NA,NA,NA
Coelophysis__time,0.32206439848581797,8.185666785819781e-06,0.03253717225197337,NA,NA,NA
Coelurosauravus__lat_range_z_trans,-0.6605213522911072,-0.009349204942199962,-0.013791158698272856,0.11918469713578815,0.010207423940300941,0.2563874530605972
Coelurosauravus__Temperate_N,-0.12987769950181247,-0.002556886959847576,0.0021479766417949915,NA,NA,NA
Coelurosauravus__Tropical,0.08249095142018632,-0.00010553600338630686,0.009149940266141375,NA,NA,NA
Coelurosauravus__Temperate_S,-0.11017375756986439,-0.002398483209715321,0.0007523388089798758,NA,NA,NA
Coelurosauravus__Antarctic,0.015174607533408562,-0.0003167517733180788,0.0018543827834004245,NA,NA,NA
Coelurosauravus__mat_z_trans,-0.07928131858818233,-0.006313917552987189,0.01738861201526051,NA,NA,NA
Coelurosauravus__map_z_trans,0.17745807097759098,-0.0014375433414005362,0.019434316949412868,NA,NA,NA
Coelurosauravus__wmm_z_trans,0.005172023106133565,-0.0020926511917785623,0.009403187557726676,NA,NA,NA
Coelurosauravus__cmm_z_trans,0.3205744567140937,-0.0019503297692401455,0.03958032802120006,NA,NA,NA
Coelurosauravus__wmmcmm_z_trans,0.22677709566196427,-0.0013827143659245497,0.040640982047813565,NA,NA,NA
Coelurosauravus__wetmon_z_trans,0.05672488784199231,-0.0017706000331075818,0.020173307297100707,NA,NA,NA
Coelurosauravus__drymon_z_trans,0.11162903967313469,-0.0017430824600284094,0.024258181656570597,NA,NA,NA
Coelurosauravus__wetdry_z_trans,0.022689151351805777,-0.002131964111657889,0.020340185768753242,NA,NA,NA
Coelurosauravus__time,-0.05266076867002994,-0.0013998045968111705,0.002806959079583061,NA,NA,NA
Coletta__lat_range_z_trans,0.016474755894086753,0.0012471026453847937,0.00947447096545052,2.8427388389094266,0.9726823270320892,3.9926954433321953
Coletta__Temperate_N,0.016685291862160233,-4.2151984741669486e-06,0.013347336705307196,NA,NA,NA
Coletta__Tropical,0.010612301275268339,-0.0006431233813636011,0.009126426981696087,NA,NA,NA
Coletta__Temperate_S,-0.021474962119011058,-0.0072231011682161944,0.0009672171475772764,NA,NA,NA
Coletta__Antarctic,-0.0018463017035169934,-0.0007480950756534375,0.0005074707972069166,NA,NA,NA
Coletta__mat_z_trans,0.0026444168771650105,-0.00718169380036693,0.020639865760425657,NA,NA,NA
Coletta__map_z_trans,0.03436726566603152,-0.0004003030138740295,0.027470220169881886,NA,NA,NA
Coletta__wmm_z_trans,0.005300579550673745,-0.004446910299493789,0.016920213476949567,NA,NA,NA
Coletta__cmm_z_trans,0.03163593775225315,-0.002446319439688829,0.02826108286138031,NA,NA,NA
Coletta__wmmcmm_z_trans,0.019479694429349787,-0.0010326881769324352,0.020384930374245824,NA,NA,NA
Coletta__wetmon_z_trans,0.007745027749900703,-0.0039430666148220685,0.02129568800375677,NA,NA,NA
Coletta__drymon_z_trans,0.003998120177217764,-0.0007106298052934908,0.0056214603999468924,NA,NA,NA
Coletta__wetdry_z_trans,0.002889534391426979,-0.004429797243762629,0.017257133911546096,NA,NA,NA
Coletta__time,-0.011054337471379638,-0.0029866297388464686,0.0028660226400940964,NA,NA,NA
Collilongus__lat_range_z_trans,0.021385234937932016,0.0010514437260740407,0.01009720333997604,2.3015168002714743,0.9784909971058369,3.307648228481412
Collilongus__Temperate_N,-0.029958873935103606,-0.007924234644574367,-0.0005240687737355822,NA,NA,NA
Collilongus__Tropical,0.014082901919387868,0.00015134071881403,0.010420257174487375,NA,NA,NA
Collilongus__Temperate_S,0.020248737520342727,0.00019834425787816583,0.013353417084295965,NA,NA,NA
Collilongus__Antarctic,-0.0001939030330947475,-0.0003980845461052166,0.0013097558199848128,NA,NA,NA
Collilongus__mat_z_trans,-0.003244875573690153,-0.007420573151978235,0.019593711586456185,NA,NA,NA
Collilongus__map_z_trans,0.038441478557672784,-0.0008556318440667884,0.030305036634197827,NA,NA,NA
Collilongus__wmm_z_trans,0.004887624297575987,-0.005288802846220208,0.014627113616580983,NA,NA,NA
Collilongus__cmm_z_trans,0.03234744104263503,-0.001176033980706229,0.0286958401107014,NA,NA,NA
Collilongus__wmmcmm_z_trans,0.018647267115536957,-0.0017889819632975613,0.016934067332344035,NA,NA,NA
Collilongus__wetmon_z_trans,0.006325175417200227,-0.003670268106055668,0.021179916966725575,NA,NA,NA
Collilongus__drymon_z_trans,0.005164648541605593,-0.0006228403197550575,0.0065672947050611965,NA,NA,NA
Collilongus__wetdry_z_trans,0.003179542109588998,-0.004033102212637944,0.018622986045058104,NA,NA,NA
Collilongus__time,-0.013855074585963374,-0.0031720453987722375,0.0029570085533311597,NA,NA,NA
Colobomycter__lat_range_z_trans,0.23458170896766753,0.0005338620439430953,0.009067176250462161,0.3439724567925441,0.13235586043447256,0.5496707037091255
Colobomycter__Temperate_N,0.1822149473661992,-0.0001431167285810278,0.008206832648715502,NA,NA,NA
Colobomycter__Tropical,-0.22079607902906465,-0.002670531205001552,0.003480655337498789,NA,NA,NA
Colobomycter__Temperate_S,0.22260328214783437,0.00013729308450746816,0.009622093031824836,NA,NA,NA
Colobomycter__Antarctic,0.06262977585523573,-6.93610602889926e-06,0.0033126550038991365,NA,NA,NA
Colobomycter__mat_z_trans,0.21912438752260516,-0.0029719198540587946,0.02779347680486679,NA,NA,NA
Colobomycter__map_z_trans,0.6984558248414411,-0.001543362962672886,0.04229872705260281,NA,NA,NA
Colobomycter__wmm_z_trans,0.05778769085230902,-0.0011354454007442066,0.010195184568185502,NA,NA,NA
Colobomycter__cmm_z_trans,-0.34174387705722487,-0.004685511303231723,0.012070454285451643,NA,NA,NA
Colobomycter__wmmcmm_z_trans,-0.22299226178258447,-0.00466979094238849,0.009250959690391854,NA,NA,NA
Colobomycter__wetmon_z_trans,-0.016867058077258183,-0.005062394103553056,0.022741640364361146,NA,NA,NA
Colobomycter__drymon_z_trans,-0.22477046018097338,-0.005187709462632128,0.018558005538785317,NA,NA,NA
Colobomycter__wetdry_z_trans,-0.15500166261311912,-0.0031659841969585685,0.0150185075004952,NA,NA,NA
Colobomycter__time,-0.37776889448144113,-0.0043779231740025066,0.0025231721179243822,NA,NA,NA
Colobops__lat_range_z_trans,0.1353301550181038,0.0008176386113671488,0.010333804195890167,0.4030946245395171,0.08924926072359085,1.4484792230650783
Colobops__Temperate_N,0.11813881724702865,-1.958953604314784e-05,0.013380025113057775,NA,NA,NA
Colobops__Tropical,-0.12619369848413894,-0.004239249841318464,0.005819437178370868,NA,NA,NA
Colobops__Temperate_S,0.12414949369148949,-1.5230835898946205e-05,0.016685642477629013,NA,NA,NA
Colobops__Antarctic,0.028036073471145097,1.5905519835447553e-05,0.0025911621282697613,NA,NA,NA
Colobops__mat_z_trans,0.12705782152794048,-0.002937979945966464,0.032978114868756354,NA,NA,NA
Colobops__map_z_trans,-0.18757249625728348,-0.004615312551311185,0.006681938169636021,NA,NA,NA
Colobops__wmm_z_trans,0.024633302342391774,-0.0018959911550722225,0.012771507783702736,NA,NA,NA
Colobops__cmm_z_trans,-0.17503942705504313,-0.007090000644728186,0.009976877276985034,NA,NA,NA
Colobops__wmmcmm_z_trans,-0.13344239087789,-0.005622506458333418,0.015599815809637404,NA,NA,NA
Colobops__wetmon_z_trans,-0.005342018153443526,-0.00483395661757997,0.022275760299772178,NA,NA,NA
Colobops__drymon_z_trans,0.01265375287199651,-0.0008034762272839459,0.0045842936765124525,NA,NA,NA
Colobops__wetdry_z_trans,0.06251168511219944,-0.003786072172245749,0.02935607868544044,NA,NA,NA
Colobops__time,0.11253625387713012,7.635154317582973e-05,0.011105082531804885,NA,NA,NA
Coloradisaurus__lat_range_z_trans,0.03012230471702027,0.0006809214660176312,0.010806717083284253,1.3073486765575943,0.05195392295718193,4.709048870950937
Coloradisaurus__Temperate_N,0.027822923294826996,-0.00029803231112219604,0.013433458636406433,NA,NA,NA
Coloradisaurus__Tropical,0.019526886179701,-0.0001772004029175397,0.01013774685769828,NA,NA,NA
Coloradisaurus__Temperate_S,-0.014038529991850538,-0.004666367392421812,0.008596273702852857,NA,NA,NA
Coloradisaurus__Antarctic,0.003016733201861822,-0.0003140496854165959,0.0024599549913464857,NA,NA,NA
Coloradisaurus__mat_z_trans,0.028766730134388973,-0.004087312869681647,0.027230219204321424,NA,NA,NA
Coloradisaurus__map_z_trans,-0.026203795521472274,-0.004234941269441226,0.005880757591968282,NA,NA,NA
Coloradisaurus__wmm_z_trans,0.02216571952095456,-0.0019434831933901988,0.02567449644272151,NA,NA,NA
Coloradisaurus__cmm_z_trans,-0.0278349054631004,-0.006736874534182298,0.009960129297951276,NA,NA,NA
Coloradisaurus__wmmcmm_z_trans,-0.012145417027952361,-0.004971115069909311,0.017194761636333107,NA,NA,NA
Coloradisaurus__wetmon_z_trans,0.007846083765331593,-0.0043763693680122,0.017746303190565853,NA,NA,NA
Coloradisaurus__drymon_z_trans,0.002245283787119444,-0.0006808382410140709,0.003608131134686256,NA,NA,NA
Coloradisaurus__wetdry_z_trans,0.022761208066164666,-0.0032922093115679337,0.01989295415434273,NA,NA,NA
Coloradisaurus__time,0.03340609966863254,0.00014840187165612593,0.021517636270986355,NA,NA,NA
Coloradisuchus__lat_range_z_trans,0.2538233715295792,0.0007526144855792855,0.010666672795828431,0.2507007847071509,0.031114242738112807,0.31577154621481895
Coloradisuchus__Temperate_N,0.22029628220945596,-0.0003028730193563192,0.013716645331294769,NA,NA,NA
Coloradisuchus__Tropical,0.18175684791058302,-0.0001800785319575188,0.01193314699935632,NA,NA,NA
Coloradisuchus__Temperate_S,-0.2431103632412851,-0.004723646101132997,0.00584816214096272,NA,NA,NA
Coloradisuchus__Antarctic,0.05905203018337488,3.536794932533333e-05,0.0030762802479219154,NA,NA,NA
Coloradisuchus__mat_z_trans,0.2400975703680888,-0.004218639577471578,0.03160233121073525,NA,NA,NA
Coloradisuchus__map_z_trans,-0.33501512941904366,-0.004361969623091479,0.00802675917547073,NA,NA,NA
Coloradisuchus__wmm_z_trans,0.08418950284423772,-0.0011984702235444287,0.01548263909127009,NA,NA,NA
Coloradisuchus__cmm_z_trans,-0.40894519187510014,-0.006919240123237978,0.012367868514128695,NA,NA,NA
Coloradisuchus__wmmcmm_z_trans,-0.3489644216094166,-0.005323987114603663,0.018105138819997323,NA,NA,NA
Coloradisuchus__wetmon_z_trans,-0.006703381696715951,-0.003946096542811521,0.02082989165248789,NA,NA,NA
Coloradisuchus__drymon_z_trans,0.023602710479462986,-0.0010310403300015552,0.004909536553117809,NA,NA,NA
Coloradisuchus__wetdry_z_trans,0.14291822368977591,-0.0037636509548212302,0.023325375194176184,NA,NA,NA
Coloradisuchus__time,0.20807358471676707,0.00023223939572237706,0.014249092468716947,NA,NA,NA
Cornualbus__lat_range_z_trans,0.06383046802954871,0.0014327822353756175,0.015200156836165393,0.7391076267015887,0.06929213553667068,1.1245625521987677
Cornualbus__Temperate_N,0.05947511380906922,-8.71540312553724e-05,0.022250419489290425,NA,NA,NA
Cornualbus__Tropical,0.04700847567417127,-0.00037764784728584077,0.01841321470161194,NA,NA,NA
Cornualbus__Temperate_S,-0.046866625871112115,-0.0068637139466148625,0.00888039105835679,NA,NA,NA
Cornualbus__Antarctic,0.010586751484444807,2.600109103786335e-05,0.004002598369415807,NA,NA,NA
Cornualbus__mat_z_trans,0.015416381035832871,-0.0021435980918977303,0.01678385305664297,NA,NA,NA
Cornualbus__map_z_trans,-0.07554071046349127,-0.008403898893673973,0.010369579677128246,NA,NA,NA
Cornualbus__wmm_z_trans,0.0009328767469592044,-0.0021117798918067606,0.010541578296826781,NA,NA,NA
Cornualbus__cmm_z_trans,-0.014522454561686953,-0.003544331457705132,0.014083679754088764,NA,NA,NA
Cornualbus__wmmcmm_z_trans,-0.00511579032916554,-0.003187231224183922,0.01588734577746273,NA,NA,NA
Cornualbus__wetmon_z_trans,0.015119446980235566,-0.00392246080240055,0.018861038650820405,NA,NA,NA
Cornualbus__drymon_z_trans,0.00335371060954243,-0.0013601144926214642,0.007292695127778746,NA,NA,NA
Cornualbus__wetdry_z_trans,0.03640234440915326,-0.0033367930096069565,0.026031821537871546,NA,NA,NA
Cornualbus__time,0.007377336778124837,-0.0010695299487641884,0.005541167862004535,NA,NA,NA
Cosesaurus__lat_range_z_trans,0.021835481675762568,0.002033132721216702,0.013927886905822407,2.2899720808907293,0.39814179204404354,4.693062148988247
Cosesaurus__Temperate_N,0.02147491826838474,-7.308264954000017e-05,0.01800734773556773,NA,NA,NA
Cosesaurus__Tropical,-0.020392558047202226,-0.009763091366586053,0.012396844604393411,NA,NA,NA
Cosesaurus__Temperate_S,0.024796619377306924,0.0009338523193663044,0.02028588108412938,NA,NA,NA
Cosesaurus__Antarctic,-3.4270007934260164e-05,-0.000975092314686295,0.0022666109210178415,NA,NA,NA
Cosesaurus__mat_z_trans,0.0017189924678736497,-0.005147856175392722,0.017506090806225973,NA,NA,NA
Cosesaurus__map_z_trans,0.014123806010758452,-0.0017085445176811588,0.01647073875060201,NA,NA,NA
Cosesaurus__wmm_z_trans,0.005195969854501288,-0.0027552051021645626,0.012581207952744668,NA,NA,NA
Cosesaurus__cmm_z_trans,0.02308281921462183,-0.0015562505578929013,0.022041195985390765,NA,NA,NA
Cosesaurus__wmmcmm_z_trans,0.01717751633810233,-0.002673085326062901,0.01651344092176537,NA,NA,NA
Cosesaurus__wetmon_z_trans,0.007174781990278506,-0.00499335028510436,0.021646133856732665,NA,NA,NA
Cosesaurus__drymon_z_trans,0.000220756774299452,-0.0014340423814346653,0.0034685195464361023,NA,NA,NA
Cosesaurus__wetdry_z_trans,0.006165195758527929,-0.004432333022761548,0.01462060761032529,NA,NA,NA
Cosesaurus__time,-0.00508270534365488,-0.002404521652679114,0.002407033514311458,NA,NA,NA
Crosbysaurus__lat_range_z_trans,-0.039069899463395195,-0.0059744867020618,-0.00032780408843469783,1.348640099633485,0.00933503732085228,2.8922075582668185
Crosbysaurus__Temperate_N,0.026636940128911085,-0.0007381964297879427,0.015502987336383606,NA,NA,NA
Crosbysaurus__Tropical,-0.020070389707722642,-0.0045151566971175765,0.012911212902505326,NA,NA,NA
Crosbysaurus__Temperate_S,0.01985675354430536,-0.0009555376651343797,0.011557581400022223,NA,NA,NA
Crosbysaurus__Antarctic,0.002028699479573522,-0.00043354435352538584,0.001836573704443653,NA,NA,NA
Crosbysaurus__mat_z_trans,0.025776460825126954,-0.0030459636551914034,0.030972283287019703,NA,NA,NA
Crosbysaurus__map_z_trans,-0.02149019449105208,-0.004566847983458366,0.0051453921549407524,NA,NA,NA
Crosbysaurus__wmm_z_trans,0.03001642580972483,-0.003129779050974726,0.026680687022707424,NA,NA,NA
Crosbysaurus__cmm_z_trans,-0.005023617600636507,-0.00242401499287207,0.00843388861318281,NA,NA,NA
Crosbysaurus__wmmcmm_z_trans,0.02080513806692409,-0.0007216793604487417,0.01583695717695878,NA,NA,NA
Crosbysaurus__wetmon_z_trans,0.008111255829742823,-0.004239895497550583,0.01616622363359671,NA,NA,NA
Crosbysaurus__drymon_z_trans,0.002537692060404708,-0.0005065265886464542,0.0033344822839429184,NA,NA,NA
Crosbysaurus__wetdry_z_trans,0.018024105955647306,-0.0031112519627862867,0.018437538306367348,NA,NA,NA
Crosbysaurus__time,0.04931795389407206,-0.0005865893718475616,0.02765153646182852,NA,NA,NA
Ctenosauriscus__lat_range_z_trans,0.021110265589975592,0.0010709888996686318,0.010117912545720652,2.3353643135052518,1.327155977487564,3.6162006482481956
Ctenosauriscus__Temperate_N,-0.029890694473073957,-0.007450867222496827,-0.0005251436305740741,NA,NA,NA
Ctenosauriscus__Tropical,0.013775736484329155,0.00015415397505190318,0.010441628958581677,NA,NA,NA
Ctenosauriscus__Temperate_S,0.019800665319356467,0.00020203125781509455,0.013380804733378705,NA,NA,NA
Ctenosauriscus__Antarctic,-0.0002980264008555345,-0.000376482738657571,0.0013802457965377516,NA,NA,NA
Ctenosauriscus__mat_z_trans,-0.0032819605698672046,-0.007558513382948393,0.01963389798172645,NA,NA,NA
Ctenosauriscus__map_z_trans,0.03738128839350059,-0.0008715370917853599,0.03036719178920703,NA,NA,NA
Ctenosauriscus__wmm_z_trans,0.004956188365140324,-0.005387115829762289,0.014657113597282207,NA,NA,NA
Ctenosauriscus__cmm_z_trans,0.03303748559947035,-0.001197895149056025,0.02875469482887017,NA,NA,NA
Ctenosauriscus__wmmcmm_z_trans,0.018813858546212852,-0.0018222371553379398,0.016968798838947474,NA,NA,NA
Ctenosauriscus__wetmon_z_trans,0.00634077635895738,-0.0037384943225355575,0.021223356644361976,NA,NA,NA
Ctenosauriscus__drymon_z_trans,0.0051747257131247925,-0.0006344182310302313,0.00658076412353811,NA,NA,NA
Ctenosauriscus__wetdry_z_trans,0.004352023371449913,-0.004108073113044636,0.018195200656373416,NA,NA,NA
Ctenosauriscus__time,-0.013815007966094422,-0.003231010207284074,0.002963073331513557,NA,NA,NA
Czatkowiella__lat_range_z_trans,0.02117083428603271,0.0011425162951745325,0.010117432965008078,2.3182102293778555,1.327155977487564,3.6434422489255667
Czatkowiella__Temperate_N,-0.029437830895096596,-0.007950568777774784,-0.0005251187391989593,NA,NA,NA
Czatkowiella__Tropical,0.013777182783900357,0.00015184366033793153,0.010441134033978032,NA,NA,NA
Czatkowiella__Temperate_S,0.019968914668392866,0.00019900340344121122,0.013380170494266647,NA,NA,NA
Czatkowiella__Antarctic,-0.0003051597469399733,-0.00037084036965356665,0.001380180374024991,NA,NA,NA
Czatkowiella__mat_z_trans,-0.0038703828893034637,-0.007445233497181597,0.019176210651308565,NA,NA,NA
Czatkowiella__map_z_trans,0.037519424042952026,-0.0008584753139995726,0.030365752409353592,NA,NA,NA
Czatkowiella__wmm_z_trans,0.005108392242952413,-0.005306378807164079,0.014656418862182302,NA,NA,NA
Czatkowiella__cmm_z_trans,0.03343254816807678,-0.0011799422238218391,0.028753331880043167,NA,NA,NA
Czatkowiella__wmmcmm_z_trans,0.01812739746740212,-0.001794927179640553,0.01696799453187307,NA,NA,NA
Czatkowiella__wetmon_z_trans,0.006464545713368669,-0.003682465287679043,0.021222350674755426,NA,NA,NA
Czatkowiella__drymon_z_trans,0.005212789291054472,-0.000624910167592571,0.006580452200744412,NA,NA,NA
Czatkowiella__wetdry_z_trans,0.004177759540523329,-0.004046505179062118,0.018660296972845096,NA,NA,NA
Czatkowiella__time,-0.013889090341689427,-0.0031825868667872256,0.00296293288428066,NA,NA,NA
Daemonosaurus__lat_range_z_trans,0.02101281763076513,0.0010094630779504546,0.011857360951929222,2.1059379749676737,0.3230344280600548,4.224035499617457
Daemonosaurus__Temperate_N,0.01979234396725781,-0.0004039164686012958,0.016218392853611104,NA,NA,NA
Daemonosaurus__Tropical,-0.012124868281300777,-0.006197134424480406,0.010311451437018624,NA,NA,NA
Daemonosaurus__Temperate_S,0.011145747984064775,-0.0018719899958886664,0.011717228900531989,NA,NA,NA
Daemonosaurus__Antarctic,0.0013849785244439583,-0.00020349683858837661,0.0021496125636005572,NA,NA,NA
Daemonosaurus__mat_z_trans,0.016670878322541275,-0.0032890358533360915,0.029644391031699663,NA,NA,NA
Daemonosaurus__map_z_trans,-0.012760143880620646,-0.00533222322435721,0.00396231008430703,NA,NA,NA
Daemonosaurus__wmm_z_trans,0.018267865249635487,-0.0036134293030752346,0.026657479544792632,NA,NA,NA
Daemonosaurus__cmm_z_trans,-0.0032263727675174146,-0.003194850213341896,0.0074764354743782156,NA,NA,NA
Daemonosaurus__wmmcmm_z_trans,0.011352799010877988,-0.002681721837123399,0.014441377501107754,NA,NA,NA
Daemonosaurus__wetmon_z_trans,0.00532316082639756,-0.003934017252228171,0.015036101779714109,NA,NA,NA
Daemonosaurus__drymon_z_trans,0.0013276140700103109,-0.0005457402734504315,0.002971658933901324,NA,NA,NA
Daemonosaurus__wetdry_z_trans,0.011427627288005601,-0.0037176248122476174,0.018154986713342917,NA,NA,NA
Daemonosaurus__time,0.027862876387065236,-0.0009737528926349329,0.023540752425529953,NA,NA,NA
Dagasuchus__lat_range_z_trans,0.06485753963612509,0.0013969361432156302,0.015949667614693668,0.7328552822713391,0.09164940658956766,1.1323013827204704
Dagasuchus__Temperate_N,0.06000557429090697,-8.497356631146172e-05,0.02266415945998272,NA,NA,NA
Dagasuchus__Tropical,0.04746734877566339,-0.0003681996567628196,0.018755602983983995,NA,NA,NA
Dagasuchus__Temperate_S,-0.04774030411202174,-0.006533315023663645,0.009045519304050722,NA,NA,NA
Dagasuchus__Antarctic,0.010925613541781771,-6.83848331125627e-05,0.003792829275586735,NA,NA,NA
Dagasuchus__mat_z_trans,0.01856877856651992,-0.002727987525151241,0.014719369666250252,NA,NA,NA
Dagasuchus__map_z_trans,-0.07558908293375498,-0.008193645774387581,0.010562398944817624,NA,NA,NA
Dagasuchus__wmm_z_trans,-0.0005683947569932207,-0.0021586197621215005,0.010737595827987438,NA,NA,NA
Dagasuchus__cmm_z_trans,-0.014117097373483399,-0.003649925538869582,0.012232459179444904,NA,NA,NA
Dagasuchus__wmmcmm_z_trans,-0.006781318364130335,-0.0031074914135019904,0.016182766274119416,NA,NA,NA
Dagasuchus__wetmon_z_trans,0.015563301229223182,-0.0037304195939769076,0.019211754087101178,NA,NA,NA
Dagasuchus__drymon_z_trans,0.0033803442100216233,-0.001326086439895181,0.007428300637143965,NA,NA,NA
Dagasuchus__wetdry_z_trans,0.03557811080946343,-0.0030650087729852645,0.02651587556145209,NA,NA,NA
Dagasuchus__time,0.005906910812304564,-0.0013323485538791681,0.006341241378850399,NA,NA,NA
Decuriasuchus__lat_range_z_trans,-0.21515611942391843,-0.0022256346669787333,-0.0020104489181924897,0.12308381464121339,0.03683327417820692,0.27122750878334045
Decuriasuchus__Temperate_N,0.23872245399281383,0.0001464288378066904,0.025276648123105278,NA,NA,NA
Decuriasuchus__Tropical,0.1760808092635125,-0.00020850099925247623,0.018295517431399733,NA,NA,NA
Decuriasuchus__Temperate_S,-0.36425747562665495,-0.007091307137874804,0.009807609159576246,NA,NA,NA
Decuriasuchus__Antarctic,0.06847367148846388,0.00020781489791794235,0.004899291515298564,NA,NA,NA
Decuriasuchus__mat_z_trans,-0.08516487654531374,-0.004697511526150736,0.011472204700678003,NA,NA,NA
Decuriasuchus__map_z_trans,-0.07543675207532942,-0.0048771570266136766,0.01902727607974125,NA,NA,NA
Decuriasuchus__wmm_z_trans,-0.04454622722114436,-0.0027041903007906615,0.007246442772847777,NA,NA,NA
Decuriasuchus__cmm_z_trans,0.07386974459048361,-0.002008590577500479,0.02086683543384642,NA,NA,NA
Decuriasuchus__wmmcmm_z_trans,0.08402613134472631,-0.0017526577565059702,0.01908749517904969,NA,NA,NA
Decuriasuchus__wetmon_z_trans,-0.01878484074957669,-0.003658566944370254,0.023136706102525086,NA,NA,NA
Decuriasuchus__drymon_z_trans,0.034269785239812334,-0.0006242547306652741,0.007802956399994242,NA,NA,NA
Decuriasuchus__wetdry_z_trans,0.045251453137025235,-0.004609369653650698,0.023394904924363896,NA,NA,NA
Decuriasuchus__time,0.015209865010110662,-0.0008459727267741423,0.005836101291231398,NA,NA,NA
Delorhynchus__lat_range_z_trans,0.238887387569088,0.0005176384886295455,0.009394733260956642,0.34150915448757585,0.13235586043447256,0.5496707037091255
Delorhynchus__Temperate_N,0.18624231040918204,-8.686551867037766e-05,0.008721162232065108,NA,NA,NA
Delorhynchus__Tropical,-0.22478245643780703,-0.002596875678535069,0.0036063960339868108,NA,NA,NA
Delorhynchus__Temperate_S,0.22645272079523823,0.00013350642423528495,0.010039555899869516,NA,NA,NA
Delorhynchus__Antarctic,0.06389381490657199,-4.740251796039802e-05,0.003289595007376296,NA,NA,NA
Delorhynchus__mat_z_trans,0.22399616300408318,-0.002889951771807246,0.028885064230638115,NA,NA,NA
Delorhynchus__map_z_trans,0.7112708586213295,-0.0020437379029155794,0.04013402239985426,NA,NA,NA
Delorhynchus__wmm_z_trans,0.05898978212271479,-0.0015390185880580693,0.00795374556709434,NA,NA,NA
Delorhynchus__cmm_z_trans,-0.3477662655778155,-0.0045562809084856,0.012506506460002823,NA,NA,NA
Delorhynchus__wmmcmm_z_trans,-0.22724888214326117,-0.00454099412859135,0.009585155984440428,NA,NA,NA
Delorhynchus__wetmon_z_trans,-0.01807481035611627,-0.0049227689599937235,0.02365119674846891,NA,NA,NA
Delorhynchus__drymon_z_trans,-0.2323444654979588,-0.005045259168520688,0.018038271973407682,NA,NA,NA
Delorhynchus__wetdry_z_trans,-0.15639553787630986,-0.0030742837587422007,0.01556105981039437,NA,NA,NA
Delorhynchus__time,-0.38566329520731296,-0.004257176321987802,0.0027730745869097863,NA,NA,NA
Deltadectes__lat_range_z_trans,-0.6861941549181938,-0.007616502688685515,-0.017676178903436326,0.19966122724395974,0.06159404665231705,0.3264432344585657
Deltadectes__Temperate_N,-0.20418695092201233,-0.005971668693617626,0.003434259716585937,NA,NA,NA
Deltadectes__Tropical,0.08906466916087083,-0.000718349562313322,0.011938764822929635,NA,NA,NA
Deltadectes__Temperate_S,0.13588473499752582,-0.0003649870197750126,0.018806494561882752,NA,NA,NA
Deltadectes__Antarctic,0.03583639986249182,-4.019806052756865e-07,0.0031327504905605606,NA,NA,NA
Deltadectes__mat_z_trans,0.16024578282551374,-0.0025550002698744006,0.03285888837788922,NA,NA,NA
Deltadectes__map_z_trans,-0.1797747467068257,-0.00433546543494845,0.006830704751674671,NA,NA,NA
Deltadectes__wmm_z_trans,0.14284049928188325,-0.002709121574577527,0.03346885266242382,NA,NA,NA
Deltadectes__cmm_z_trans,-0.06927606113458751,-0.00261691855602365,0.00730352609438072,NA,NA,NA
Deltadectes__wmmcmm_z_trans,0.1346778247295879,-0.0005766667834350649,0.01285977426367836,NA,NA,NA
Deltadectes__wetmon_z_trans,0.028609380510170014,-0.004466110873561145,0.019192139746960237,NA,NA,NA
Deltadectes__drymon_z_trans,0.025361215375596657,-0.00044076032182664487,0.004423132262601449,NA,NA,NA
Deltadectes__wetdry_z_trans,0.09896619486855343,-0.002817928351096874,0.026439682605353267,NA,NA,NA
Deltadectes__time,0.3319905166886747,0.00024041179893723164,0.03112674874198079,NA,NA,NA
Deltavjatia__lat_range_z_trans,0.05459993044761588,0.0005658560374750762,0.009107833387212131,0.8531166081692209,0.06751848291605711,2.1186191979795694
Deltavjatia__Temperate_N,-0.06858692127469382,-0.003780509100384416,0.0029720166054888852,NA,NA,NA
Deltavjatia__Tropical,0.030543931092502474,-0.00045932293401010154,0.008021485427574443,NA,NA,NA
Deltavjatia__Temperate_S,0.05281346681170058,-9.17631446581133e-05,0.012349892553610953,NA,NA,NA
Deltavjatia__Antarctic,0.009070498692334051,-0.00014826722449034813,0.002450781558053822,NA,NA,NA
Deltavjatia__mat_z_trans,-0.09284243846683594,-0.008116810317571936,0.024125745481058038,NA,NA,NA
Deltavjatia__map_z_trans,0.03712420744531417,-0.001022136848352145,0.0097297894100796,NA,NA,NA
Deltavjatia__wmm_z_trans,-0.040507084740386314,-0.006066743604803681,0.016757914794246934,NA,NA,NA
Deltavjatia__cmm_z_trans,0.10120281588054207,-0.003511321098909855,0.03699491101209326,NA,NA,NA
Deltavjatia__wmmcmm_z_trans,0.04935345821887781,-0.0031275852292548477,0.0317367954826957,NA,NA,NA
Deltavjatia__wetmon_z_trans,0.009718981844013774,-0.00136446873015249,0.009245500464229329,NA,NA,NA
Deltavjatia__drymon_z_trans,0.027699057281149745,-0.0026280617089289495,0.01611328485712993,NA,NA,NA
Deltavjatia__wetdry_z_trans,-0.009949603639314266,-0.002594713933599086,0.013317287842910962,NA,NA,NA
Deltavjatia__time,-0.04278297526119389,-0.002603622473762382,0.0012163013190811067,NA,NA,NA
Desmatosuchus__lat_range_z_trans,-1.0306743517518044,-0.013938671851368004,-0.014984054632183911,0.1677147334356414,0.0030323052778840065,0.3004002207890153
Desmatosuchus__Temperate_N,0.16246700851537754,-0.00013743441851189127,0.013904828294850933,NA,NA,NA
Desmatosuchus__Tropical,-0.08636998967609542,-0.0027535969616741913,0.007097855919854844,NA,NA,NA
Desmatosuchus__Temperate_S,0.13598540862789377,-0.0003675195919206802,0.014942760295400754,NA,NA,NA
Desmatosuchus__Antarctic,0.03500170144252479,3.9629760492642204e-05,0.002693795069767532,NA,NA,NA
Desmatosuchus__mat_z_trans,0.18586025368887932,-0.0022180343458965864,0.03042892416030875,NA,NA,NA
Desmatosuchus__map_z_trans,-0.14242449849378316,-0.0036332187825356575,0.003345924046985892,NA,NA,NA
Desmatosuchus__wmm_z_trans,0.1784314505616203,-0.0021239529518176786,0.02807065014916111,NA,NA,NA
Desmatosuchus__cmm_z_trans,-0.06301928813802078,-0.0027905394127291836,0.01262970590345097,NA,NA,NA
Desmatosuchus__wmmcmm_z_trans,0.11890609969384969,-0.0016888616661993115,0.018481744168442137,NA,NA,NA
Desmatosuchus__wetmon_z_trans,0.06591619202401489,-0.002867587963087679,0.019769274521581046,NA,NA,NA
Desmatosuchus__drymon_z_trans,0.033929540127574,-0.00028365767703463814,0.0037801244079522663,NA,NA,NA
Desmatosuchus__wetdry_z_trans,0.11707946902708499,-0.002296851009102935,0.026922771376817436,NA,NA,NA
Desmatosuchus__time,0.3027761964965612,0.00011082655998252193,0.027055236513075336,NA,NA,NA
Diandongosuchus__lat_range_z_trans,0.02175143676004352,0.0022327715252467967,0.013932227573884043,2.3161882204012363,0.7368937581777573,4.797466620802879
Diandongosuchus__Temperate_N,0.021129340761035804,-7.298095154325993e-05,0.018012959779930175,NA,NA,NA
Diandongosuchus__Tropical,-0.019933762536875534,-0.009749505558733941,0.012400708118493088,NA,NA,NA
Diandongosuchus__Temperate_S,0.02465878286927094,0.0009325528192697897,0.019799240445503227,NA,NA,NA
Diandongosuchus__Antarctic,-4.467722376782639e-05,-0.0009049258125011899,0.002699775937325533,NA,NA,NA
Diandongosuchus__mat_z_trans,0.001733610806704646,-0.005426921540560679,0.017511546632350963,NA,NA,NA
Diandongosuchus__map_z_trans,0.014467616781337223,-0.0011510844055156095,0.01647587190612874,NA,NA,NA
Diandongosuchus__wmm_z_trans,0.004689682170538105,-0.0029640605168214018,0.012585128924239236,NA,NA,NA
Diandongosuchus__cmm_z_trans,0.023034487052937067,-0.0015540849609261824,0.022048065190755584,NA,NA,NA
Diandongosuchus__wmmcmm_z_trans,0.017411730023714635,-0.0026693656001842226,0.01651858738555284,NA,NA,NA
Diandongosuchus__wetmon_z_trans,0.007037250117934644,-0.004986401799735894,0.021652879939790717,NA,NA,NA
Diandongosuchus__drymon_z_trans,0.00017159601157958924,-0.0014320468429812779,0.0034696005210389388,NA,NA,NA
Diandongosuchus__wetdry_z_trans,0.006701806590627629,-0.004426165219703809,0.01462516416688875,NA,NA,NA
Diandongosuchus__time,-0.005351575853454138,-0.002777251446712397,0.002407783673583249,NA,NA,NA
Dimetropus__lat_range_z_trans,0.16955711787991407,0.0005629577538742033,0.009433406560614376,0.39834906236239476,0.19015655480325222,0.7237340258434415
Dimetropus__Temperate_N,0.13091421763333078,-8.423447438882212e-05,0.008460940432440863,NA,NA,NA
Dimetropus__Tropical,-0.1595702925006472,-0.0026324472098786557,0.0037049619279913306,NA,NA,NA
Dimetropus__Temperate_S,0.16068519443761342,0.00013533517098412222,0.009762894396095472,NA,NA,NA
Dimetropus__Antarctic,0.043360935486762724,1.0035499715100076e-05,0.0033611295241894987,NA,NA,NA
Dimetropus__mat_z_trans,0.16016167624546826,-0.002929537806241627,0.028523850349948775,NA,NA,NA
Dimetropus__map_z_trans,0.508328608608665,-0.0019711951086629617,0.03945267147101841,NA,NA,NA
Dimetropus__wmm_z_trans,0.04166851032373854,-0.0014823284312145864,0.008430377352008429,NA,NA,NA
Dimetropus__cmm_z_trans,-0.24393182577946104,-0.00449364166850484,0.012247082844865562,NA,NA,NA
Dimetropus__wmmcmm_z_trans,-0.15842423375507572,-0.004603195841330772,0.00938633021122466,NA,NA,NA
Dimetropus__wetmon_z_trans,-0.008833033360130948,-0.004990200155027455,0.02474795848421331,NA,NA,NA
Dimetropus__drymon_z_trans,-0.15945377010209708,-0.005113728412905443,0.01882956729664409,NA,NA,NA
Dimetropus__wetdry_z_trans,-0.10850160995295999,-0.003120834630276734,0.01523827531383731,NA,NA,NA
Dimetropus__time,-0.2585041708334945,-0.004236454997544805,0.0025600940303729886,NA,NA,NA
Dimorphodon__lat_range_z_trans,0.042108822904445196,0.0009675152980737376,0.012074934705997275,1.0179732221550513,0.6345027852803469,1.3735392354428768
Dimorphodon__Temperate_N,-0.06834320671755903,-0.008450502114493467,0.0009509460156890441,NA,NA,NA
Dimorphodon__Tropical,0.016461024945747606,-0.0018362430661910945,0.012181726922362184,NA,NA,NA
Dimorphodon__Temperate_S,0.02186902596480381,-0.0017245519494403613,0.013602269291772238,NA,NA,NA
Dimorphodon__Antarctic,0.006808563411021152,1.686377406975153e-05,0.002673167974534159,NA,NA,NA
Dimorphodon__mat_z_trans,0.025222579190662096,-0.0032794412634682907,0.02873615482568852,NA,NA,NA
Dimorphodon__map_z_trans,-0.03109528463431809,-0.004010587210546555,0.008183043661411609,NA,NA,NA
Dimorphodon__wmm_z_trans,0.012757424335200046,-0.004742333122940596,0.02756609589133684,NA,NA,NA
Dimorphodon__cmm_z_trans,-0.011540130773377472,-0.002713897527958255,0.005797242357432057,NA,NA,NA
Dimorphodon__wmmcmm_z_trans,0.019417093434592334,-0.0011536448324816564,0.012931025247203073,NA,NA,NA
Dimorphodon__wetmon_z_trans,0.006458353507550143,-0.00294519611490416,0.01950197490870314,NA,NA,NA
Dimorphodon__drymon_z_trans,0.003826992769488224,-0.00034040800719159947,0.003830409627874386,NA,NA,NA
Dimorphodon__wetdry_z_trans,0.016555357394354864,-0.003199616415434938,0.01888160466370094,NA,NA,NA
Dimorphodon__time,0.05695070859901543,-0.0015374277584957886,0.027228944101759623,NA,NA,NA
Diphydontosaurus__lat_range_z_trans,-0.810109113752842,-0.014947397113573301,-0.018140399164720395,0.20109852206427603,0.086037109605968,0.3569110035896301
Diphydontosaurus__Temperate_N,-0.11665350086055697,-0.003552247795782964,0.003582946821837299,NA,NA,NA
Diphydontosaurus__Tropical,-0.06301712189801037,-0.0024944347361042247,0.007651729592673117,NA,NA,NA
Diphydontosaurus__Temperate_S,0.130004467908293,-0.0005490131736693451,0.01564459164681388,NA,NA,NA
Diphydontosaurus__Antarctic,0.025547839496284724,-8.380967261487429e-05,0.0028108593506242017,NA,NA,NA
Diphydontosaurus__mat_z_trans,0.17371904715779238,-0.001732954793832485,0.03545540375781376,NA,NA,NA
Diphydontosaurus__map_z_trans,-0.09964706322178245,-0.002599301859348983,0.006268106101805184,NA,NA,NA
Diphydontosaurus__wmm_z_trans,0.16797965743928217,-0.0016167229485544031,0.03469062512618206,NA,NA,NA
Diphydontosaurus__cmm_z_trans,-0.020130971861071885,-0.0018216473283048959,0.009049388890761713,NA,NA,NA
Diphydontosaurus__wmmcmm_z_trans,0.14192796455230564,-0.00012180043219015508,0.014357788898685017,NA,NA,NA
Diphydontosaurus__wetmon_z_trans,0.06859711020020769,-0.002640988251209198,0.02043048656267567,NA,NA,NA
Diphydontosaurus__drymon_z_trans,0.02813968158676289,-0.0005417579246204823,0.003908817530848838,NA,NA,NA
Diphydontosaurus__wetdry_z_trans,0.12398118972894735,-0.0020187298210206754,0.026833226042564474,NA,NA,NA
Diphydontosaurus__time,0.307138431686908,-0.0002286644605772855,0.03159596903690027,NA,NA,NA
Dolabrosaurus__lat_range_z_trans,0.14148339935983156,0.000779238963945458,0.010538983429455216,0.39375231776706643,0.08652764558792114,0.6598045248538256
Dolabrosaurus__Temperate_N,0.13010004649633547,-1.972146057857056e-05,0.01483667936228374,NA,NA,NA
Dolabrosaurus__Tropical,-0.12754360549365676,-0.003783132729927022,0.005788273675668475,NA,NA,NA
Dolabrosaurus__Temperate_S,0.13181644850088384,0.0002370234932212674,0.014299137850715017,NA,NA,NA
Dolabrosaurus__Antarctic,0.02924143297551887,4.826283865454994e-05,0.0025828417881329046,NA,NA,NA
Dolabrosaurus__mat_z_trans,0.12248212001074188,-0.004588482836865823,0.028458670666232217,NA,NA,NA
Dolabrosaurus__map_z_trans,-0.19667404724182178,-0.00448455514634639,0.008025796666777002,NA,NA,NA
Dolabrosaurus__wmm_z_trans,0.04033668636146478,-0.0021142924284078893,0.017641344183591368,NA,NA,NA
Dolabrosaurus__cmm_z_trans,-0.19434448269475377,-0.005730911961612991,0.014551378801275591,NA,NA,NA
Dolabrosaurus__wmmcmm_z_trans,-0.14642946222579223,-0.006199948106712379,0.013858439719201514,NA,NA,NA
Dolabrosaurus__wetmon_z_trans,-0.009714686986275709,-0.004866510603525487,0.018223680566717693,NA,NA,NA
Dolabrosaurus__drymon_z_trans,0.015667332286113504,-0.0007376836441412464,0.005036623561562704,NA,NA,NA
Dolabrosaurus__wetdry_z_trans,0.06885522101542325,-0.0034764893109147346,0.028136872954711484,NA,NA,NA
Dolabrosaurus__time,0.11218092196761335,-1.2267378192015697e-05,0.012160816969140155,NA,NA,NA
Dolerosaurus__lat_range_z_trans,0.11835052482416404,0.0012174689045090276,0.01328806265720545,0.43496722125491943,0.19099099159939215,0.5817474573850632
Dolerosaurus__Temperate_N,-0.14341868143182485,-0.006413377726855712,0.010178408625671232,NA,NA,NA
Dolerosaurus__Tropical,0.07436989221392194,-0.0006394686143982879,0.018044051596226608,NA,NA,NA
Dolerosaurus__Temperate_S,0.1073424899852103,-0.0005198880843178945,0.02042159344697491,NA,NA,NA
Dolerosaurus__Antarctic,0.022835172797750655,8.638955080771132e-05,0.003476362927197388,NA,NA,NA
Dolerosaurus__mat_z_trans,0.031427455841972624,-0.002928298222605988,0.02014553545285447,NA,NA,NA
Dolerosaurus__map_z_trans,-0.15150232123218538,-0.006674023169234695,0.010954057506813747,NA,NA,NA
Dolerosaurus__wmm_z_trans,0.008595902212439421,-0.0017984240262944413,0.011442855915362819,NA,NA,NA
Dolerosaurus__cmm_z_trans,-0.049371204720366796,-0.004124146160779789,0.011285099350953513,NA,NA,NA
Dolerosaurus__wmmcmm_z_trans,-0.008334492994200589,-0.0024295254439995733,0.01306431011892095,NA,NA,NA
Dolerosaurus__wetmon_z_trans,0.02597003950573345,-0.004536798265975544,0.021675327159932974,NA,NA,NA
Dolerosaurus__drymon_z_trans,0.0016912737679812132,-0.001090127392350145,0.006419594264416262,NA,NA,NA
Dolerosaurus__wetdry_z_trans,0.04731552822980986,-0.004484430490819041,0.026337377180666584,NA,NA,NA
Dolerosaurus__time,0.03218574533122041,-0.000614821169088902,0.007406903992268188,NA,NA,NA
Dolichobrachium__lat_range_z_trans,0.13475937051621031,0.001130513811793818,0.018477187977229564,0.4499489219507086,0.1381082572042942,1.0630597919225693
Dolichobrachium__Temperate_N,0.11499685295750814,-0.0013662298852767576,0.02218080983430359,NA,NA,NA
Dolichobrachium__Tropical,-0.12643477944101084,-0.005364099705178433,0.01057568573004809,NA,NA,NA
Dolichobrachium__Temperate_S,0.12199331335338556,-0.00013376780939844163,0.028108453351418816,NA,NA,NA
Dolichobrachium__Antarctic,0.02923718004549301,7.740628212019289e-05,0.004674819665302358,NA,NA,NA
Dolichobrachium__mat_z_trans,0.017050678693829494,-0.0024795882375583,0.015622389499374155,NA,NA,NA
Dolichobrachium__map_z_trans,-0.17836784646214493,-0.0063480709406773545,0.007871640551245212,NA,NA,NA
Dolichobrachium__wmm_z_trans,-0.0032961009205676062,-0.0023700272162358108,0.009187309759256274,NA,NA,NA
Dolichobrachium__cmm_z_trans,-0.0494085525731661,-0.0030127083338734716,0.008538859622843873,NA,NA,NA
Dolichobrachium__wmmcmm_z_trans,-0.02467451287821219,-0.002753722137885207,0.009449474177354743,NA,NA,NA
Dolichobrachium__wetmon_z_trans,0.014493368450217401,-0.004959742432902517,0.02152461951247013,NA,NA,NA
Dolichobrachium__drymon_z_trans,0.00926138975261251,-0.00118925448705854,0.007195757707159082,NA,NA,NA
Dolichobrachium__wetdry_z_trans,0.042207304150611684,-0.005096870888401541,0.024485614500216805,NA,NA,NA
Dolichobrachium__time,0.01563965868685981,-0.0010833083308709115,0.006246918307242384,NA,NA,NA
Dongusuchus__lat_range_z_trans,-0.2582805381053764,-0.0036491597671836186,-0.0014149892530156186,0.34312405002798185,0.07435093820095062,0.6838323436677456
Dongusuchus__Temperate_N,-0.2574263465554627,-0.006284960263669912,0.006661833741920504,NA,NA,NA
Dongusuchus__Tropical,0.12900384093049183,-0.00018671613885768424,0.0108994743999122,NA,NA,NA
Dongusuchus__Temperate_S,0.2086560329307718,0.0004195717163819897,0.01781495257089085,NA,NA,NA
Dongusuchus__Antarctic,0.04537371043798747,4.3026293174735015e-05,0.0034114405699466883,NA,NA,NA
Dongusuchus__mat_z_trans,-0.07098719046970571,-0.003774180624556301,0.01303119445706357,NA,NA,NA
Dongusuchus__map_z_trans,0.2026849605586422,-0.0018959058008054773,0.03544320988587955,NA,NA,NA
Dongusuchus__wmm_z_trans,0.002635244323245972,-0.002986694718414243,0.015246773377600168,NA,NA,NA
Dongusuchus__cmm_z_trans,0.09621723470012256,-0.0018129513315751369,0.015225986836071452,NA,NA,NA
Dongusuchus__wmmcmm_z_trans,0.07322304353283038,-0.0016157863524690033,0.014046749243354225,NA,NA,NA
Dongusuchus__wetmon_z_trans,0.020107813624437722,-0.005230994846223258,0.0308461202209235,NA,NA,NA
Dongusuchus__drymon_z_trans,0.03432235137727874,-0.00046482473927543635,0.005254238145347161,NA,NA,NA
Dongusuchus__wetdry_z_trans,-0.08774446726237163,-0.006116838157176726,0.02419423096309451,NA,NA,NA
Dongusuchus__time,-0.020328365691265976,-0.0013930555807532027,0.003478325036476318,NA,NA,NA
Dorosuchus__lat_range_z_trans,0.028324499183886073,0.0012906622087665832,0.011150280602274937,1.6273381530549522,0.4647419434040785,2.6651551639661193
Dorosuchus__Temperate_N,-0.02252641264474187,-0.005586315298828313,0.009469901762996547,NA,NA,NA
Dorosuchus__Tropical,0.02227322906855088,9.106724379989927e-05,0.011303277160787707,NA,NA,NA
Dorosuchus__Temperate_S,0.030867722490904737,0.00061392725576789,0.015578972447505009,NA,NA,NA
Dorosuchus__Antarctic,0.0015102578660851718,-0.00027600144133297657,0.0022373633324300774,NA,NA,NA
Dorosuchus__mat_z_trans,-0.0024647030978301693,-0.003412971868368167,0.012520583919873738,NA,NA,NA
Dorosuchus__map_z_trans,0.057198721408135936,-0.0009389870136602592,0.03602684598589647,NA,NA,NA
Dorosuchus__wmm_z_trans,0.0025548871331718443,-0.004190703444955987,0.016849008970803103,NA,NA,NA
Dorosuchus__cmm_z_trans,0.01282582678669263,-0.0012137004448697741,0.01217371077330925,NA,NA,NA
Dorosuchus__wmmcmm_z_trans,0.0003841974477588334,-0.002855243308611196,0.010963027424973838,NA,NA,NA
Dorosuchus__wetmon_z_trans,0.002966539223426376,-0.0068371025967412765,0.028343027671729012,NA,NA,NA
Dorosuchus__drymon_z_trans,0.0023793861007556723,-0.0005978067664926015,0.003409032440158404,NA,NA,NA
Dorosuchus__wetdry_z_trans,-0.006696926825852313,-0.008286217187193082,0.021473692317359884,NA,NA,NA
Dorosuchus__time,-0.01213989980931748,-0.0027500776486840133,0.0026408153853671123,NA,NA,NA
Doswellia__lat_range_z_trans,-0.7499811871349812,-0.010351641501927487,-0.007781594614200981,0.22220615097209703,0.0005076350644230843,0.549862639978528
Doswellia__Temperate_N,0.18520093409344554,0.00017260420847811062,0.015323692794512206,NA,NA,NA
Doswellia__Tropical,-0.12649953331332653,-0.003475343495019839,0.005617425675687095,NA,NA,NA
Doswellia__Temperate_S,0.16628053352527786,-0.0002759678647030094,0.013707209144787387,NA,NA,NA
Doswellia__Antarctic,0.04425315465850872,2.320407606189072e-05,0.0031631724068848237,NA,NA,NA
Doswellia__mat_z_trans,0.18432141875161506,-0.0023948267536455735,0.032643558398513246,NA,NA,NA
Doswellia__map_z_trans,-0.2209652768081287,-0.003625992425847458,0.004667189602241284,NA,NA,NA
Doswellia__wmm_z_trans,0.17620619121880737,-0.0011257213985743763,0.0290871890613082,NA,NA,NA
Doswellia__cmm_z_trans,-0.14710731674917044,-0.003391248291636179,0.013436995337465271,NA,NA,NA
Doswellia__wmmcmm_z_trans,0.02700814187177457,-0.0027600038178316653,0.015751238611829612,NA,NA,NA
Doswellia__wetmon_z_trans,0.04674428498721681,-0.004080821387181598,0.01804789587115801,NA,NA,NA
Doswellia__drymon_z_trans,0.0335373944069579,-0.00040622048658098367,0.0037227581108793925,NA,NA,NA
Doswellia__wetdry_z_trans,0.13722278724890202,-0.0032232552747853975,0.024049025931858488,NA,NA,NA
Doswellia__time,0.3014847375289537,-3.423589820970922e-05,0.022703783862541068,NA,NA,NA
Dracoraptor__lat_range_z_trans,0.042108822904445196,0.0009675152980737376,0.012074934705997275,1.0179732221550513,0.6345027852803469,1.3735392354428768
Dracoraptor__Temperate_N,-0.06834320671755903,-0.008450502114493467,0.0009509460156890441,NA,NA,NA
Dracoraptor__Tropical,0.016461024945747606,-0.0018362430661910945,0.012181726922362184,NA,NA,NA
Dracoraptor__Temperate_S,0.02186902596480381,-0.0017245519494403613,0.013602269291772238,NA,NA,NA
Dracoraptor__Antarctic,0.006808563411021152,1.686377406975153e-05,0.002673167974534159,NA,NA,NA
Dracoraptor__mat_z_trans,0.025222579190662096,-0.0032794412634682907,0.02873615482568852,NA,NA,NA
Dracoraptor__map_z_trans,-0.03109528463431809,-0.004010587210546555,0.008183043661411609,NA,NA,NA
Dracoraptor__wmm_z_trans,0.012757424335200046,-0.004742333122940596,0.02756609589133684,NA,NA,NA
Dracoraptor__cmm_z_trans,-0.011540130773377472,-0.002713897527958255,0.005797242357432057,NA,NA,NA
Dracoraptor__wmmcmm_z_trans,0.019417093434592334,-0.0011536448324816564,0.012931025247203073,NA,NA,NA
Dracoraptor__wetmon_z_trans,0.006458353507550143,-0.00294519611490416,0.01950197490870314,NA,NA,NA
Dracoraptor__drymon_z_trans,0.003826992769488224,-0.00034040800719159947,0.003830409627874386,NA,NA,NA
Dracoraptor__wetdry_z_trans,0.016555357394354864,-0.003199616415434938,0.01888160466370094,NA,NA,NA
Dracoraptor__time,0.05695070859901543,-0.0015374277584957886,0.027228944101759623,NA,NA,NA
Drepanosaurus__lat_range_z_trans,-0.8070962458848954,-0.014743980219617559,-0.017929601913511697,0.19440359630192688,0.0696956142783165,0.3541553523391485
Drepanosaurus__Temperate_N,-0.1112127202283591,-0.0028316818845804067,0.006633616394802792,NA,NA,NA
Drepanosaurus__Tropical,-0.06217425903887488,-0.0021864364150575607,0.00879301467258252,NA,NA,NA
Drepanosaurus__Temperate_S,0.1318796871136874,-0.00045180599729833723,0.015211098156672487,NA,NA,NA
Drepanosaurus__Antarctic,0.026375855868391227,-9.298229463082912e-05,0.002809520403503408,NA,NA,NA
Drepanosaurus__mat_z_trans,0.17278240220159205,-0.002064954924914343,0.033757859766311286,NA,NA,NA
Drepanosaurus__map_z_trans,-0.10504075643315446,-0.0033536701219502927,0.004951098075881227,NA,NA,NA
Drepanosaurus__wmm_z_trans,0.16542096465826034,-0.001778456297828816,0.03477560336629784,NA,NA,NA
Drepanosaurus__cmm_z_trans,-0.0223106787497818,-0.00208978352264603,0.008025481763383161,NA,NA,NA
Drepanosaurus__wmmcmm_z_trans,0.14168814643460792,-0.0001600392043391175,0.013718556424184819,NA,NA,NA
Drepanosaurus__wetmon_z_trans,0.06553723207733128,-0.0029990411577154132,0.020289229870952604,NA,NA,NA
Drepanosaurus__drymon_z_trans,0.028790508573292753,-0.0001885215841127774,0.00555813387584395,NA,NA,NA
Drepanosaurus__wetdry_z_trans,0.1176141902649033,-0.002036228794400001,0.025791089299794876,NA,NA,NA
Drepanosaurus__time,0.30751477712998165,2.8112107688210438e-05,0.0317548400387658,NA,NA,NA
Dromomeron__lat_range_z_trans,-0.5565687519822079,-0.01737419950213273,-0.013641751828301183,0.36773284038556087,0.02989300061017275,1.0732458219863474
Dromomeron__Temperate_N,0.09090504010247555,0.0001293261317001811,0.016768456089788566,NA,NA,NA
Dromomeron__Tropical,-0.044534963780614806,-0.002804980485602509,0.005752772500603161,NA,NA,NA
Dromomeron__Temperate_S,-0.012220984707781067,-0.0027751342531112046,0.007723897512292828,NA,NA,NA
Dromomeron__Antarctic,0.01572770728770223,-8.780077829083185e-05,0.00306794469170028,NA,NA,NA
Dromomeron__mat_z_trans,0.10933748880766304,-0.0014334009315028877,0.03476244920151034,NA,NA,NA
Dromomeron__map_z_trans,-0.04053873410469472,-0.0025273942832803324,0.004136786365586554,NA,NA,NA
Dromomeron__wmm_z_trans,0.1219958145468798,-0.0012476579439822204,0.0339093329555601,NA,NA,NA
Dromomeron__cmm_z_trans,0.006562317395454836,-0.00189509831604885,0.008775368643292846,NA,NA,NA
Dromomeron__wmmcmm_z_trans,0.09299381346084683,0.00020048485441594364,0.016550880922279576,NA,NA,NA
Dromomeron__wetmon_z_trans,0.053442782081036665,-0.002457832822527784,0.018892715987058033,NA,NA,NA
Dromomeron__drymon_z_trans,0.020434793424538127,-0.0002833774673057358,0.004462935521811819,NA,NA,NA
Dromomeron__wetdry_z_trans,0.08456891453041666,-0.002160390062345102,0.021800103610923886,NA,NA,NA
Dromomeron__time,0.175352087269911,-0.00023201445138921147,0.0311776480213583,NA,NA,NA
Dynamosuchus__lat_range_z_trans,0.06404016003411929,0.0015155896710849824,0.015229704515706812,0.7313333267119014,0.06929213553667068,1.1245625521987677
Dynamosuchus__Temperate_N,0.06031197526280294,-8.628933275593439e-05,0.02229367221831276,NA,NA,NA
Dynamosuchus__Tropical,0.04708534695191785,-0.000388662485985227,0.01844900826434914,NA,NA,NA
Dynamosuchus__Temperate_S,-0.04696620106685215,-0.006795615626150269,0.008897653705842801,NA,NA,NA
Dynamosuchus__Antarctic,0.010508803774906393,2.5743121279260757e-05,0.004010379045314566,NA,NA,NA
Dynamosuchus__mat_z_trans,0.016547921357776173,-0.0022343369931344783,0.01681647929313074,NA,NA,NA
Dynamosuchus__map_z_trans,-0.07650122949720693,-0.008320519632174343,0.010389737167645054,NA,NA,NA
Dynamosuchus__wmm_z_trans,0.00041666309442347274,-0.0020908278729811704,0.010562070136531642,NA,NA,NA
Dynamosuchus__cmm_z_trans,-0.01387738032653363,-0.0040258178035838844,0.010691878382971018,NA,NA,NA
Dynamosuchus__wmmcmm_z_trans,-0.0070233516985805985,-0.0031556091176993878,0.0161560561049245,NA,NA,NA
Dynamosuchus__wetmon_z_trans,0.015210473119853445,-0.0036838984828142336,0.019542934826344675,NA,NA,NA
Dynamosuchus__drymon_z_trans,0.0032196532090271734,-0.0013466201201421516,0.00730687144325703,NA,NA,NA
Dynamosuchus__wetdry_z_trans,0.03668631475011697,-0.003303687026248734,0.026082424957886947,NA,NA,NA
Dynamosuchus__time,0.00779817536585591,-0.0010589186100977007,0.007710670133247382,NA,NA,NA
Dyoplax__lat_range_z_trans,0.16156738217160663,0.0010710995845274482,0.015722828214641018,0.37131915682330147,0.1850963830947876,0.5391088966280222
Dyoplax__Temperate_N,-0.20943633067581852,-0.006653667939547699,0.011775265438500283,NA,NA,NA
Dyoplax__Tropical,0.09672816224221219,-0.0014552217107607333,0.016275566639257714,NA,NA,NA
Dyoplax__Temperate_S,0.14169311471217771,-0.0005299938579362741,0.023547688850282546,NA,NA,NA
Dyoplax__Antarctic,0.03420436971518819,8.806882230823374e-05,0.0039049897339826223,NA,NA,NA
Dyoplax__mat_z_trans,0.013031265442527766,-0.002985219548209336,0.015172315057471936,NA,NA,NA
Dyoplax__map_z_trans,-0.20224801485042765,-0.007381511386300825,0.0088554918971337,NA,NA,NA
Dyoplax__wmm_z_trans,0.005475130837430653,-0.0019090485245510432,0.012361406311683469,NA,NA,NA
Dyoplax__cmm_z_trans,-0.0400629225507186,-0.0026861379848602406,0.00909999007414397,NA,NA,NA
Dyoplax__wmmcmm_z_trans,0.0015649359382336446,-0.0021803016352215875,0.013998279247740534,NA,NA,NA
Dyoplax__wetmon_z_trans,0.027004786936423376,-0.004017845678068293,0.022121684675257755,NA,NA,NA
Dyoplax__drymon_z_trans,0.002027308329054087,-0.0011113176849815662,0.007426743143355613,NA,NA,NA
Dyoplax__wetdry_z_trans,0.04827652318270217,-0.004571600481273881,0.02685332857778776,NA,NA,NA
Dyoplax__time,0.037631612901034645,-0.000626772286527479,0.00702396233422618,NA,NA,NA
Ebrachosuchus__lat_range_z_trans,0.16022724865340143,0.0010710995845274482,0.015722828214641018,0.37264708388465806,0.1850963830947876,0.5391088966280222
Ebrachosuchus__Temperate_N,-0.20764758814278664,-0.006653667939547699,0.011775265438500283,NA,NA,NA
Ebrachosuchus__Tropical,0.09628494119251571,-0.0014552217107607333,0.016275566639257714,NA,NA,NA
Ebrachosuchus__Temperate_S,0.1408355220621104,-0.0005299938579362741,0.023547688850282546,NA,NA,NA
Ebrachosuchus__Antarctic,0.03386453538853575,8.806882230823374e-05,0.0039049897339826223,NA,NA,NA
Ebrachosuchus__mat_z_trans,0.013308431467036216,-0.002985219548209336,0.015172315057471936,NA,NA,NA
Ebrachosuchus__map_z_trans,-0.20118785867854783,-0.007381511386300825,0.0088554918971337,NA,NA,NA
Ebrachosuchus__wmm_z_trans,0.005739792046076277,-0.0019090485245510432,0.012361406311683469,NA,NA,NA
Ebrachosuchus__cmm_z_trans,-0.039182974444719666,-0.0026861379848602406,0.00909999007414397,NA,NA,NA
Ebrachosuchus__wmmcmm_z_trans,0.0005672141946943019,-0.0021803016352215875,0.013998279247740534,NA,NA,NA
Ebrachosuchus__wetmon_z_trans,0.02663927482111736,-0.004017845678068293,0.022121684675257755,NA,NA,NA
Ebrachosuchus__drymon_z_trans,0.002146954496102011,-0.0011113176849815662,0.007426743143355613,NA,NA,NA
Ebrachosuchus__wetdry_z_trans,0.04824414693303168,-0.004571600481273881,0.02685332857778776,NA,NA,NA
Ebrachosuchus__time,0.03761768434305927,-0.000626772286527479,0.00702396233422618,NA,NA,NA
Effigia__lat_range_z_trans,0.020660241798536455,0.0014295644372246475,0.012249720158723285,2.1589462556348007,0.9567928425967693,4.330249695107341
Effigia__Temperate_N,0.019378434265926583,-0.0004396823307270603,0.016099580506739992,NA,NA,NA
Effigia__Tropical,-0.011625815914984418,-0.006745876237777405,0.010235912032101144,NA,NA,NA
Effigia__Temperate_S,0.010846530246207128,-0.0020377503480862734,0.011930211036504037,NA,NA,NA
Effigia__Antarctic,0.0013419502231925744,-0.00022151600947582355,0.0021338649790001423,NA,NA,NA
Effigia__mat_z_trans,0.01569209465847018,-0.0035802723143411814,0.02942722280166404,NA,NA,NA
Effigia__map_z_trans,-0.011800830420416714,-0.005277565710433615,0.004175904535797047,NA,NA,NA
Effigia__wmm_z_trans,0.017523128912579,-0.00467112707055129,0.025832975645772475,NA,NA,NA
Effigia__cmm_z_trans,-0.002262419943062616,-0.0025416542940954407,0.008624554191249958,NA,NA,NA
Effigia__wmmcmm_z_trans,0.013241741292361815,-0.0009020702667629723,0.014255640466518105,NA,NA,NA
Effigia__wetmon_z_trans,0.005024997592334285,-0.004282365313229021,0.014925950634877156,NA,NA,NA
Effigia__drymon_z_trans,0.0015042974258704684,-0.0005723665839133272,0.002857717799486838,NA,NA,NA
Effigia__wetdry_z_trans,0.010711289515471322,-0.004046811826905883,0.018021987309622973,NA,NA,NA
Effigia__time,0.02722168467914023,-0.0010599764423286273,0.023368298097407904,NA,NA,NA
Efraasia__lat_range_z_trans,0.06528514250321009,0.0006793588093794197,0.010642025677271263,0.6435942512405746,0.29570092586800456,1.0400638971477747
Efraasia__Temperate_N,-0.05974047482593111,-0.004498077263729988,0.003968183705616991,NA,NA,NA
Efraasia__Tropical,0.04751948034133773,-0.000621927317589193,0.0124457270806954,NA,NA,NA
Efraasia__Temperate_S,0.06024027071443217,-2.5272573094906713e-05,0.01524997959112011,NA,NA,NA
Efraasia__Antarctic,0.010269190869560029,-7.032470439607749e-05,0.002578835030307839,NA,NA,NA
Efraasia__mat_z_trans,0.07082741090468457,-0.004934349391500018,0.03155481082085912,NA,NA,NA
Efraasia__map_z_trans,-0.07622383269217521,-0.004462453031546919,0.006335712578191162,NA,NA,NA
Efraasia__wmm_z_trans,0.01601356291941551,-0.0017652123941947465,0.016332011497541953,NA,NA,NA
Efraasia__cmm_z_trans,-0.07877793585972402,-0.00611812915223842,0.015273844253969169,NA,NA,NA
Efraasia__wmmcmm_z_trans,-0.046304135136499065,-0.004639622619091442,0.015796719001606417,NA,NA,NA
Efraasia__wetmon_z_trans,0.006911306346818218,-0.004195043456997422,0.017399674756787768,NA,NA,NA
Efraasia__drymon_z_trans,0.003194550228972285,-0.0010841514194829197,0.005947669483098017,NA,NA,NA
Efraasia__wetdry_z_trans,0.03718559765113653,-0.0032191481548644887,0.025424938844880483,NA,NA,NA
Efraasia__time,0.06105719036638856,4.882357943847228e-06,0.0151894078735194,NA,NA,NA
Eifelosaurus__lat_range_z_trans,0.02745967875915698,0.0012877048274787541,0.011350342726132721,1.6760058177365136,0.5525967665016651,2.6651551639661193
Eifelosaurus__Temperate_N,-0.020093417322972703,-0.005182920276796058,0.009639813958663007,NA,NA,NA
Eifelosaurus__Tropical,0.02223426779037544,5.682698206743939e-05,0.010299090537266156,NA,NA,NA
Eifelosaurus__Temperate_S,0.030084715334788154,0.0006125205228783981,0.015858495665488765,NA,NA,NA
Eifelosaurus__Antarctic,0.001212474836099655,-0.00027536902063260443,0.0022775068656821613,NA,NA,NA
Eifelosaurus__mat_z_trans,-0.0019483709363295402,-0.0031219714720686275,0.013075636945638609,NA,NA,NA
Eifelosaurus__map_z_trans,0.05852986394973726,-0.0009368354494439588,0.03667325189987546,NA,NA,NA
Eifelosaurus__wmm_z_trans,0.002058101027758191,-0.00487005522472181,0.016327379658177054,NA,NA,NA
Eifelosaurus__cmm_z_trans,0.011945042510697923,-0.001256883669892197,0.011628778411829807,NA,NA,NA
Eifelosaurus__wmmcmm_z_trans,-0.0009756234018432868,-0.0028487008972228937,0.00976793190982691,NA,NA,NA
Eifelosaurus__wetmon_z_trans,0.0035857549215150696,-0.006821436282855869,0.02997156913903175,NA,NA,NA
Eifelosaurus__drymon_z_trans,0.002695887475682318,-0.000451098303049711,0.00347019845871932,NA,NA,NA
Eifelosaurus__wetdry_z_trans,-0.006526537782608073,-0.00826723041940067,0.02185898060249982,NA,NA,NA
Eifelosaurus__time,-0.012804512830431077,-0.002874021627743466,0.0019405634166335423,NA,NA,NA
Elachistosuchus__lat_range_z_trans,0.042108822904445196,0.0009675152980737376,0.012074934705997275,1.0179732221550513,0.6345027852803469,1.3735392354428768
Elachistosuchus__Temperate_N,-0.06834320671755903,-0.008450502114493467,0.0009509460156890441,NA,NA,NA
Elachistosuchus__Tropical,0.016461024945747606,-0.0018362430661910945,0.012181726922362184,NA,NA,NA
Elachistosuchus__Temperate_S,0.02186902596480381,-0.0017245519494403613,0.013602269291772238,NA,NA,NA
Elachistosuchus__Antarctic,0.006808563411021152,1.686377406975153e-05,0.002673167974534159,NA,NA,NA
Elachistosuchus__mat_z_trans,0.025222579190662096,-0.0032794412634682907,0.02873615482568852,NA,NA,NA
Elachistosuchus__map_z_trans,-0.03109528463431809,-0.004010587210546555,0.008183043661411609,NA,NA,NA
Elachistosuchus__wmm_z_trans,0.012757424335200046,-0.004742333122940596,0.02756609589133684,NA,NA,NA
Elachistosuchus__cmm_z_trans,-0.011540130773377472,-0.002713897527958255,0.005797242357432057,NA,NA,NA
Elachistosuchus__wmmcmm_z_trans,0.019417093434592334,-0.0011536448324816564,0.012931025247203073,NA,NA,NA
Elachistosuchus__wetmon_z_trans,0.006458353507550143,-0.00294519611490416,0.01950197490870314,NA,NA,NA
Elachistosuchus__drymon_z_trans,0.003826992769488224,-0.00034040800719159947,0.003830409627874386,NA,NA,NA
Elachistosuchus__wetdry_z_trans,0.016555357394354864,-0.003199616415434938,0.01888160466370094,NA,NA,NA
Elachistosuchus__time,0.05695070859901543,-0.0015374277584957886,0.027228944101759623,NA,NA,NA
Elessaurus__lat_range_z_trans,0.016474755894086753,0.0012471026453847937,0.00947447096545052,2.8427388389094266,0.9726823270320892,3.9926954433321953
Elessaurus__Temperate_N,0.016685291862160233,-4.2151984741669486e-06,0.013347336705307196,NA,NA,NA
Elessaurus__Tropical,0.010612301275268339,-0.0006431233813636011,0.009126426981696087,NA,NA,NA
Elessaurus__Temperate_S,-0.021474962119011058,-0.0072231011682161944,0.0009672171475772764,NA,NA,NA
Elessaurus__Antarctic,-0.0018463017035169934,-0.0007480950756534375,0.0005074707972069166,NA,NA,NA
Elessaurus__mat_z_trans,0.0026444168771650105,-0.00718169380036693,0.020639865760425657,NA,NA,NA
Elessaurus__map_z_trans,0.03436726566603152,-0.0004003030138740295,0.027470220169881886,NA,NA,NA
Elessaurus__wmm_z_trans,0.005300579550673745,-0.004446910299493789,0.016920213476949567,NA,NA,NA
Elessaurus__cmm_z_trans,0.03163593775225315,-0.002446319439688829,0.02826108286138031,NA,NA,NA
Elessaurus__wmmcmm_z_trans,0.019479694429349787,-0.0010326881769324352,0.020384930374245824,NA,NA,NA
Elessaurus__wetmon_z_trans,0.007745027749900703,-0.0039430666148220685,0.02129568800375677,NA,NA,NA
Elessaurus__drymon_z_trans,0.003998120177217764,-0.0007106298052934908,0.0056214603999468924,NA,NA,NA
Elessaurus__wetdry_z_trans,0.002889534391426979,-0.004429797243762629,0.017257133911546096,NA,NA,NA
Elessaurus__time,-0.011054337471379638,-0.0029866297388464686,0.0028660226400940964,NA,NA,NA
Elginia__lat_range_z_trans,-1.052246208190918,-0.011115985935470626,-0.02235992224038361,0.1640226068130869,0.04213465750217438,0.3073726997245103
Elginia__Temperate_N,-0.13473606990650297,-0.0030914567524340827,0.0018583084774721425,NA,NA,NA
Elginia__Tropical,0.10538915361452382,-0.00011857244499013758,0.009622820936760632,NA,NA,NA
Elginia__Temperate_S,0.18277699035126715,-0.00031839162214496874,0.013922662912319379,NA,NA,NA
Elginia__Antarctic,0.02875800396781415,-0.00015318298925917685,0.0025230141322284123,NA,NA,NA
Elginia__mat_z_trans,-0.05069614260923117,-0.00655729063061536,0.016240994007861106,NA,NA,NA
Elginia__map_z_trans,0.29774645088997204,-0.0004716759161067661,0.03190457354814344,NA,NA,NA
Elginia__wmm_z_trans,0.011251582386903465,-0.002208010498277348,0.017212820712215637,NA,NA,NA
Elginia__cmm_z_trans,0.3196195607134723,-0.00229130501976419,0.0385190245246704,NA,NA,NA
Elginia__wmmcmm_z_trans,0.20101785185281187,-0.0017007362511606275,0.019534640283902515,NA,NA,NA
Elginia__wetmon_z_trans,0.08070079666096718,-0.0023237582579882015,0.021619575283602973,NA,NA,NA
Elginia__drymon_z_trans,0.0728796399384737,-0.000666742136846907,0.020213804041465798,NA,NA,NA
Elginia__wetdry_z_trans,0.00550587395671755,-0.0027596360912408757,0.0205821966025617,NA,NA,NA
Elginia__time,-0.05111272228547023,-0.0011727257651040065,0.0027450269726445728,NA,NA,NA
Elorhynchus__lat_range_z_trans,0.10690799569392898,0.0013151079909863625,0.016149223411924,0.5591436726569373,0.2472407128661871,1.1323013827204704
Elorhynchus__Temperate_N,0.098058092701863,-5.7582316058425476e-05,0.023601874932812555,NA,NA,NA
Elorhynchus__Tropical,0.06573092230756002,-0.0008393088607277796,0.015447903151303514,NA,NA,NA
Elorhynchus__Temperate_S,-0.18756101069662445,-0.008641192318503098,0.006714816018851318,NA,NA,NA
Elorhynchus__Antarctic,0.023334530095524525,6.531599964756962e-05,0.004624672377509657,NA,NA,NA
Elorhynchus__mat_z_trans,-0.0451089821713236,-0.004753848870199834,0.014998886236106334,NA,NA,NA
Elorhynchus__map_z_trans,0.002062332587125949,-0.004532619753508578,0.015398976574436713,NA,NA,NA
Elorhynchus__wmm_z_trans,-0.009105900913266407,-0.0020364835041987825,0.01018495264193232,NA,NA,NA
Elorhynchus__cmm_z_trans,0.0418596389823769,-0.002820036616539461,0.019658718611358306,NA,NA,NA
Elorhynchus__wmmcmm_z_trans,0.05319222694166202,-0.0012538908451234913,0.016002826361688146,NA,NA,NA
Elorhynchus__wetmon_z_trans,-0.007848440101625978,-0.004446068796960707,0.02110145134488461,NA,NA,NA
Elorhynchus__drymon_z_trans,0.00644194666065549,-0.0010106004692008353,0.006447366561331346,NA,NA,NA
Elorhynchus__wetdry_z_trans,-0.01472499788515973,-0.004409202782717015,0.019638073699671122,NA,NA,NA
Elorhynchus__time,-0.015781029871070412,-0.0015290591682991974,0.004169798271655163,NA,NA,NA
Embrithosaurus__lat_range_z_trans,0.06107599661238235,0.0004889608063710129,0.009875875005826457,0.8016867423753138,0.07309266040101647,1.7719691917300224
Embrithosaurus__Temperate_N,0.05748843382787161,9.084490765966779e-05,0.013804403260126639,NA,NA,NA
Embrithosaurus__Tropical,0.028413598873555157,-0.00032597454370099886,0.010018393610360346,NA,NA,NA
Embrithosaurus__Temperate_S,-0.07966303018855457,-0.004046614726764368,0.0017622150974296185,NA,NA,NA
Embrithosaurus__Antarctic,0.011091614256536314,-7.406227139106371e-05,0.0024791901677745924,NA,NA,NA
Embrithosaurus__mat_z_trans,-0.08962816990762398,-0.0073263566761146695,0.02435572068301403,NA,NA,NA
Embrithosaurus__map_z_trans,0.042800193176178676,-0.0001523799283187631,0.012612456748255759,NA,NA,NA
Embrithosaurus__wmm_z_trans,-0.05416297553793797,-0.006668928255001728,0.007828342456223037,NA,NA,NA
Embrithosaurus__cmm_z_trans,0.09859867987982353,-0.003282684813523048,0.03411975298046514,NA,NA,NA
Embrithosaurus__wmmcmm_z_trans,0.05045026007544011,-0.004788681753969497,0.03108392330303241,NA,NA,NA
Embrithosaurus__wetmon_z_trans,0.0068259961004188165,-0.0011960231645656441,0.00979984205413878,NA,NA,NA
Embrithosaurus__drymon_z_trans,0.04138485684708616,-0.002527585558099565,0.018214049697165596,NA,NA,NA
Embrithosaurus__wetdry_z_trans,-0.016609918999348234,-0.002901094990411202,0.01465977623923828,NA,NA,NA
Embrithosaurus__time,-0.040608210684201645,-0.0022388893435734067,0.0035255988924143954,NA,NA,NA
Emeroleter__lat_range_z_trans,0.05210070121525599,0.0005498643868148045,0.008970654910727597,0.886362354942612,0.06751848291605711,2.1871283566579223
Emeroleter__Temperate_N,-0.06343532929446673,-0.003799625269140706,0.0028049859391996775,NA,NA,NA
Emeroleter__Tropical,0.028878356467310955,-0.00043677663772307367,0.0075706689505997005,NA,NA,NA
Emeroleter__Temperate_S,0.051113774384682197,-8.656159138911646e-05,0.011152504980340363,NA,NA,NA
Emeroleter__Antarctic,0.008370205934750512,-0.00014901693867146092,0.002313044885985768,NA,NA,NA
Emeroleter__mat_z_trans,-0.0862346078607783,-0.008569544753203087,0.022941599214742394,NA,NA,NA
Emeroleter__map_z_trans,0.03680028059000203,-0.00032177664007289233,0.013937527942259477,NA,NA,NA
Emeroleter__wmm_z_trans,-0.04015929334293753,-0.006660277542616672,0.011096628150306114,NA,NA,NA
Emeroleter__cmm_z_trans,0.09540465410982811,-0.0034888068166636036,0.03746547973298842,NA,NA,NA
Emeroleter__wmmcmm_z_trans,0.04566298454514645,-0.00359192482361891,0.03431826033610353,NA,NA,NA
Emeroleter__wetmon_z_trans,0.010091342121003077,-0.001115559132536316,0.009009664484024417,NA,NA,NA
Emeroleter__drymon_z_trans,0.028914437792470982,-0.0020828675035319565,0.019747940098008992,NA,NA,NA
Emeroleter__wetdry_z_trans,-0.0080116323128963,-0.0026078341214129264,0.011662636749288956,NA,NA,NA
Emeroleter__time,-0.04203855001774517,-0.0025887629276373594,0.0011479438208896924,NA,NA,NA
Energosuchus__lat_range_z_trans,0.06805820027390116,0.001257650355399435,0.017031419345523352,0.7498410453932592,0.19099099159939215,1.4244403466582298
Energosuchus__Temperate_N,-0.11988695200866363,-0.008820807983497225,0.011844843217503467,NA,NA,NA
Energosuchus__Tropical,0.03784223918535433,-0.0012827095364569083,0.01389905395439182,NA,NA,NA
Energosuchus__Temperate_S,0.06914050314898193,-5.466966321938859e-06,0.022200194829785243,NA,NA,NA
Energosuchus__Antarctic,0.014066111260926654,0.00010247551778866806,0.004185388996248605,NA,NA,NA
Energosuchus__mat_z_trans,-0.019720190499819348,-0.004889614839494003,0.013600790624043216,NA,NA,NA
Energosuchus__map_z_trans,0.004933630777272093,-0.0037575642989542985,0.013559945052467843,NA,NA,NA
Energosuchus__wmm_z_trans,-0.0015357336544637983,-0.0020654206619891732,0.008225127489620787,NA,NA,NA
Energosuchus__cmm_z_trans,0.038179272812584826,-0.0013468857572004444,0.022161317970173976,NA,NA,NA
Energosuchus__wmmcmm_z_trans,0.029604894099112117,-0.001653261950937514,0.021466187275924767,NA,NA,NA
Energosuchus__wetmon_z_trans,0.00262141989073182,-0.0050715067594603765,0.017905454138670777,NA,NA,NA
Energosuchus__drymon_z_trans,0.0028575989483672457,-0.0011486596254044273,0.0053792869713669275,NA,NA,NA
Energosuchus__wetdry_z_trans,-0.0027278055618672093,-0.004574219414879674,0.01795186104907581,NA,NA,NA
Energosuchus__time,-0.005975864340791905,-0.001693478389995396,0.004728669280668501,NA,NA,NA
Eodromaeus__lat_range_z_trans,0.06307876766033527,0.0014423694507902168,0.016089722202270822,0.7497658598067938,0.39868240617215633,1.202910989522934
Eodromaeus__Temperate_N,0.05822017728488654,0.00018918137710921792,0.022863174234624573,NA,NA,NA
Eodromaeus__Tropical,0.0461595292806843,-0.000380174812775359,0.018303779889550176,NA,NA,NA
Eodromaeus__Temperate_S,-0.04530340434184214,-0.006745801551693838,0.009124948324526544,NA,NA,NA
Eodromaeus__Antarctic,0.010398974983879556,-7.06089499208571e-05,0.0038261342417324554,NA,NA,NA
Eodromaeus__mat_z_trans,0.018391615261674463,-0.0022718276058913654,0.017246063920145976,NA,NA,NA
Eodromaeus__map_z_trans,-0.07535755780024815,-0.008460132134865047,0.010655147738320945,NA,NA,NA
Eodromaeus__wmm_z_trans,-0.0004142420465384591,-0.0022288257168212554,0.01083188303143195,NA,NA,NA
Eodromaeus__cmm_z_trans,-0.013144196523772142,-0.00303418954541114,0.014471530491250734,NA,NA,NA
Eodromaeus__wmmcmm_z_trans,-0.004884027147405561,-0.003628124364494631,0.011531175105250141,NA,NA,NA
Eodromaeus__wetmon_z_trans,0.01610975257905294,-0.0038517460423035115,0.019380453169759417,NA,NA,NA
Eodromaeus__drymon_z_trans,0.002981067473105901,-0.0013692154643583602,0.007493528804104377,NA,NA,NA
Eodromaeus__wetdry_z_trans,0.03610880880664789,-0.00316469370631464,0.02674871238951145,NA,NA,NA
Eodromaeus__time,0.005112058861165896,-0.0013756812444527013,0.005573286652985527,NA,NA,NA
Eohupehsuchus__lat_range_z_trans,0.01726173027819288,0.0014725490828283547,0.011433687533801695,2.9856600017199524,0.6947842761874199,4.675191935151815
Eohupehsuchus__Temperate_N,0.017439235871799488,0.00012637170913349434,0.01430072720992456,NA,NA,NA
Eohupehsuchus__Tropical,-0.017741821359757215,-0.006707665730512989,0.002314008639154415,NA,NA,NA
Eohupehsuchus__Temperate_S,0.016504087821323118,0.0002302649565524045,0.015043996020137116,NA,NA,NA
Eohupehsuchus__Antarctic,-0.0013088701190957037,-0.0006832182048951806,0.0013039281234817966,NA,NA,NA
Eohupehsuchus__mat_z_trans,-8.698337048485798e-05,-0.006305299533852936,0.019751493313528184,NA,NA,NA
Eohupehsuchus__map_z_trans,0.030832934374585005,-0.0021627664088941295,0.026838105139928268,NA,NA,NA
Eohupehsuchus__wmm_z_trans,0.0003249054425183991,-0.004690706908875902,0.014004344492276858,NA,NA,NA
Eohupehsuchus__cmm_z_trans,0.03218074016813503,-0.0026813841797143165,0.02775121585578636,NA,NA,NA
Eohupehsuchus__wmmcmm_z_trans,0.020037870171678396,-0.0013881326114471614,0.016800955895194907,NA,NA,NA
Eohupehsuchus__wetmon_z_trans,0.007484237916965745,-0.003481147864076075,0.02047514517201833,NA,NA,NA
Eohupehsuchus__drymon_z_trans,0.0030694187180718723,-0.0006752141635478704,0.006386684904115734,NA,NA,NA
Eohupehsuchus__wetdry_z_trans,0.002027219140813946,-0.004947656383596386,0.016548313829609723,NA,NA,NA
Eohupehsuchus__time,-0.010567380723119817,-0.003055464070504579,0.001186934066507159,NA,NA,NA
Eohyosaurus__lat_range_z_trans,0.16114369522732302,0.001148055006965021,0.014549697801658922,0.4389606243880553,0.20886756852269173,0.6804678244516253
Eohyosaurus__Temperate_N,0.14459546252993674,-5.163862549549687e-05,0.021209998801982374,NA,NA,NA
Eohyosaurus__Tropical,0.10199825501112621,-0.0005593335939049918,0.012933290395746476,NA,NA,NA
Eohyosaurus__Temperate_S,-0.3207636528380941,-0.008335124196144324,0.00019339941071127496,NA,NA,NA
Eohyosaurus__Antarctic,0.0391658081622846,0.00015547920125271136,0.004166614319965521,NA,NA,NA
Eohyosaurus__mat_z_trans,-0.08152517718431705,-0.004088476516208315,0.013513297607591212,NA,NA,NA
Eohyosaurus__map_z_trans,0.10048463271431873,-0.0022405639309610553,0.030233281990785402,NA,NA,NA
Eohyosaurus__wmm_z_trans,-0.03181781674367966,-0.0025430095749030828,0.01379985210193588,NA,NA,NA
Eohyosaurus__cmm_z_trans,0.056647889221923306,-0.0025289502870519177,0.017711589447200186,NA,NA,NA
Eohyosaurus__wmmcmm_z_trans,0.06385627608419304,-0.001365128331564086,0.018627312270086502,NA,NA,NA
Eohyosaurus__wetmon_z_trans,-0.032229434409355356,-0.005249779995208273,0.02044703370543082,NA,NA,NA
Eohyosaurus__drymon_z_trans,0.015432147692386206,-0.0007132897680089209,0.00602492266317272,NA,NA,NA
Eohyosaurus__wetdry_z_trans,-0.07234735987532596,-0.007066494606324835,0.01714182640489699,NA,NA,NA
Eohyosaurus__time,-0.027183401261093434,-0.001511215093845708,0.0035874232743007984,NA,NA,NA
Eomurruna__lat_range_z_trans,-0.10647169112676559,-0.0044389527130445005,-0.005324277857098187,0.8184953210203093,0.217416413128376,1.9344465751200914
Eomurruna__Temperate_N,0.058092962363384244,0.00032184386712836704,0.015535644574301474,NA,NA,NA
Eomurruna__Tropical,0.039439489858638294,8.039398402031203e-05,0.01162491151472926,NA,NA,NA
Eomurruna__Temperate_S,-0.08776166840487616,-0.005926287894905228,0.001598406880514319,NA,NA,NA
Eomurruna__Antarctic,0.00921555755166215,-0.000182298903159838,0.00276438350877425,NA,NA,NA
Eomurruna__mat_z_trans,-0.026726001968094493,-0.006795362571280513,0.018387350536708296,NA,NA,NA
Eomurruna__map_z_trans,0.09918029306145244,-9.792018601983548e-05,0.03038228848772755,NA,NA,NA
Eomurruna__wmm_z_trans,0.004638137852700955,-0.004059804471971377,0.015182165424968917,NA,NA,NA
Eomurruna__cmm_z_trans,0.08678524409179778,-0.0013820834210861175,0.033377654088673346,NA,NA,NA
Eomurruna__wmmcmm_z_trans,0.05605574034925444,-0.0013755976868581486,0.019860961495523886,NA,NA,NA
Eomurruna__wetmon_z_trans,0.010811941306606798,-0.003590859810541027,0.022749649828223924,NA,NA,NA
Eomurruna__drymon_z_trans,0.01866548689825586,-0.0004868864444665315,0.006445259390149602,NA,NA,NA
Eomurruna__wetdry_z_trans,-0.012072248973012675,-0.004537036932710075,0.018306825139733415,NA,NA,NA
Eomurruna__time,-0.03239591852937774,-0.0024786171265087646,0.0032483171825350454,NA,NA,NA
Eoraptor__lat_range_z_trans,0.06458918213668335,0.0015041040951647116,0.01585240966497314,0.7284980774775613,0.05902536399662495,1.1323013827204704
Eoraptor__Temperate_N,0.06004466564054258,-8.3526343092334e-05,0.021175911016045386,NA,NA,NA
Eoraptor__Tropical,0.046809243004949395,-0.0003762174896327369,0.018033811496490262,NA,NA,NA
Eoraptor__Temperate_S,-0.045554146639498604,-0.0064220431821892625,0.008990361498701919,NA,NA,NA
Eoraptor__Antarctic,0.01065975690239558,-8.921243101150605e-05,0.003769701345406941,NA,NA,NA
Eoraptor__mat_z_trans,0.0167013871487738,-0.0024195616865090586,0.016991696123372566,NA,NA,NA
Eoraptor__map_z_trans,-0.07958192640757492,-0.008302405785264352,0.010497991504467154,NA,NA,NA
Eoraptor__wmm_z_trans,0.0008888019284966503,-0.002121855333174745,0.01067212007135188,NA,NA,NA
Eoraptor__cmm_z_trans,-0.016125844048432605,-0.004483672576197947,0.010796689396729871,NA,NA,NA
Eoraptor__wmmcmm_z_trans,-0.007046440151137657,-0.003054566322534572,0.016084086934420993,NA,NA,NA
Eoraptor__wetmon_z_trans,0.016354598692354404,-0.0037591927995567526,0.019746559558621035,NA,NA,NA
Eoraptor__drymon_z_trans,0.0036048691608598056,-0.0013035012622959227,0.00738300431452902,NA,NA,NA
Eoraptor__wetdry_z_trans,0.03840651544017092,-0.0030128072230722522,0.02635418694483317,NA,NA,NA
Eoraptor__time,0.0077066615230435564,-0.0010250119720365458,0.007791010325521742,NA,NA,NA
Eorasaurus__lat_range_z_trans,0.25991088695824144,0.00039594004023230854,0.008517783984750846,0.2874300138583203,0.037451897747814655,0.8131142891943455
Eorasaurus__Temperate_N,-0.2673261086025741,-0.0031892761282248084,0.004501673669891363,NA,NA,NA
Eorasaurus__Tropical,0.14575452027267602,1.8901949017578823e-07,0.00834465011916307,NA,NA,NA
Eorasaurus__Temperate_S,0.24330093584954737,-5.506983281802375e-05,0.011606888157242399,NA,NA,NA
Eorasaurus__Antarctic,0.05719317537674215,-3.8901750201313566e-05,0.0029088537160376006,NA,NA,NA
Eorasaurus__mat_z_trans,-0.6820561460615135,-0.009803450568792345,0.028851042421171296,NA,NA,NA
Eorasaurus__map_z_trans,0.2626211143424734,-0.00037203447187498156,0.015272436189894415,NA,NA,NA
Eorasaurus__wmm_z_trans,-0.5220670781936496,-0.008003785002158086,0.019890113242485952,NA,NA,NA
Eorasaurus__cmm_z_trans,0.46245958779007196,-0.004011010127264117,0.03703378386701238,NA,NA,NA
Eorasaurus__wmmcmm_z_trans,0.24126753426156938,-0.001170049085700993,0.01747280868869173,NA,NA,NA
Eorasaurus__wetmon_z_trans,0.059731702986173335,-0.001068731383337481,0.008209190895304553,NA,NA,NA
Eorasaurus__drymon_z_trans,0.10344999664230273,-0.002137386683542371,0.017713895174586138,NA,NA,NA
Eorasaurus__wetdry_z_trans,-0.03400067218230106,-0.002808669265048637,0.010540618858414256,NA,NA,NA
Eorasaurus__time,-0.22077222326304763,-0.002687235072162602,0.003275801210819077,NA,NA,NA
Eorhynchochelys__lat_range_z_trans,0.11773785942577848,0.0012139392918546906,0.014439539711621052,0.4390069221133308,0.1850963830947876,0.5817474573850632
Eorhynchochelys__Temperate_N,-0.14456274328130025,-0.006394784447719043,0.010814174815938852,NA,NA,NA
Eorhynchochelys__Tropical,0.0719582458233777,-0.001602523070736994,0.014947163933130992,NA,NA,NA
Eorhynchochelys__Temperate_S,0.10386608102787588,-0.0005183808560392491,0.023080824254909343,NA,NA,NA
Eorhynchochelys__Antarctic,0.02272370336730928,-1.2294864825015989e-05,0.0036935043385411597,NA,NA,NA
Eorhynchochelys__mat_z_trans,0.022561576279318214,-0.002919808676446819,0.017140662820926217,NA,NA,NA
Eorhynchochelys__map_z_trans,-0.14882434066161357,-0.007219770821861434,0.00813271156874495,NA,NA,NA
Eorhynchochelys__wmm_z_trans,0.004414798641599903,-0.0018672182583976764,0.012157602314199968,NA,NA,NA
Eorhynchochelys__cmm_z_trans,-0.03716330167753699,-0.003211841342936803,0.009317441855133501,NA,NA,NA
Eorhynchochelys__wmmcmm_z_trans,-0.0005971517648007988,-0.002422481909894173,0.01150987190891438,NA,NA,NA
Eorhynchochelys__wetmon_z_trans,0.02801215607084752,-0.004149410325039228,0.0203233299220876,NA,NA,NA
Eorhynchochelys__drymon_z_trans,0.0016383938062594402,-0.001086966960552152,0.006820576494414189,NA,NA,NA
Eorhynchochelys__wetdry_z_trans,0.04668101328590498,-0.004471429499541755,0.03389258045863767,NA,NA,NA
Eorhynchochelys__time,0.029011033988606483,-0.0002864985692676243,0.0078695557982652,NA,NA,NA
Eretmorhipis__lat_range_z_trans,0.026917008571528175,0.0010604573288256814,0.012490233534923154,1.813517618861224,0.3016628008335829,4.693062148988247
Eretmorhipis__Temperate_N,0.0253421239008499,-0.00010444965597729768,0.016962275418645326,NA,NA,NA
Eretmorhipis__Tropical,-0.026362703925996638,-0.006284851548723732,0.01178842100657375,NA,NA,NA
Eretmorhipis__Temperate_S,0.02999361946823981,0.0004974617093293847,0.018329146089378242,NA,NA,NA
Eretmorhipis__Antarctic,0.0014733821276050685,-0.0006277018429919407,0.0028903506555518163,NA,NA,NA
Eretmorhipis__mat_z_trans,0.00012244780070244386,-0.0038557335012443556,0.016646910983296924,NA,NA,NA
Eretmorhipis__map_z_trans,0.030881122306390812,-0.0012044044603446344,0.02538674961027944,NA,NA,NA
Eretmorhipis__wmm_z_trans,0.0011658835068597475,-0.00442234475516648,0.011963736003083106,NA,NA,NA
Eretmorhipis__cmm_z_trans,0.019824905195649434,-0.001804795543764862,0.01680271091397426,NA,NA,NA
Eretmorhipis__wmmcmm_z_trans,0.011028962404395137,-0.0030799154125928105,0.014528061799801368,NA,NA,NA
Eretmorhipis__wetmon_z_trans,0.0031853737795241154,-0.006013528504298523,0.022733142690974366,NA,NA,NA
Eretmorhipis__drymon_z_trans,0.0018397156635091812,-0.0007968468861425942,0.0032982883941634848,NA,NA,NA
Eretmorhipis__wetdry_z_trans,-0.0005766046400232317,-0.006406101354665361,0.01763365075906606,NA,NA,NA
Eretmorhipis__time,-0.007377911827607652,-0.0019067158836457514,0.0026858623357537826,NA,NA,NA
Erpetosuchus__lat_range_z_trans,0.25643385827541354,0.0007933987249854348,0.010391966357291518,0.27108052454699644,0.11081874370574951,0.44312634319067
Erpetosuchus__Temperate_N,0.22598861127800773,4.252787120519579e-06,0.014082346444924313,NA,NA,NA
Erpetosuchus__Tropical,-0.24189700907561928,-0.00467010134541567,0.0031569924689819535,NA,NA,NA
Erpetosuchus__Temperate_S,0.24732448577648028,0.00019579307576150136,0.016370505347347002,NA,NA,NA
Erpetosuchus__Antarctic,0.05674877827987075,6.189671412991699e-05,0.002663043216268723,NA,NA,NA
Erpetosuchus__mat_z_trans,0.22020824394261582,-0.0035018198852679295,0.032223820461197726,NA,NA,NA
Erpetosuchus__map_z_trans,-0.3867415650282055,-0.004947646748049248,0.006244378819418861,NA,NA,NA
Erpetosuchus__wmm_z_trans,0.04770918719295878,-0.0018397822021916346,0.012163484977856156,NA,NA,NA
Erpetosuchus__cmm_z_trans,-0.35361381186172364,-0.006545475072576229,0.011845767604856953,NA,NA,NA
Erpetosuchus__wmmcmm_z_trans,-0.2960712253721431,-0.005455820448358216,0.01603256824945826,NA,NA,NA
Erpetosuchus__wetmon_z_trans,-0.010659479518362786,-0.004690648122169817,0.022893709238158717,NA,NA,NA
Erpetosuchus__drymon_z_trans,0.025809033775585702,-0.0005143988327268393,0.004711465964799375,NA,NA,NA
Erpetosuchus__wetdry_z_trans,0.12234322023927234,-0.003942791281825668,0.030781352963986246,NA,NA,NA
Erpetosuchus__time,0.18029138116165996,0.0001036723251806076,0.0105781380809193,NA,NA,NA
Erythrosuchus__lat_range_z_trans,-0.2709298411011696,-0.0025607305363931215,-0.0034210975745899885,0.10329878991877195,0.01868063397705555,0.23823358165100217
Erythrosuchus__Temperate_N,0.2279084065929055,7.431316792529538e-05,0.027018481668036862,NA,NA,NA
Erythrosuchus__Tropical,0.17125043608248233,-0.00014743180184146058,0.018887193976981485,NA,NA,NA
Erythrosuchus__Temperate_S,-0.3178274139203131,-0.006989231219222181,0.003865365255613339,NA,NA,NA
Erythrosuchus__Antarctic,0.06455187043175101,0.00018682476011240378,0.004832176477332451,NA,NA,NA
Erythrosuchus__mat_z_trans,-0.0728781604685355,-0.004028139503188685,0.01907214513831488,NA,NA,NA
Erythrosuchus__map_z_trans,-0.06763875727541745,-0.0046597878044945295,0.01560683245875684,NA,NA,NA
Erythrosuchus__wmm_z_trans,-0.028590169336821417,-0.0020838493371421215,0.00837869940493768,NA,NA,NA
Erythrosuchus__cmm_z_trans,0.07518633407307788,-0.0023758199602222623,0.016894356387491805,NA,NA,NA
Erythrosuchus__wmmcmm_z_trans,0.06579896350158379,-0.0018772144756584977,0.01726737031480922,NA,NA,NA
Erythrosuchus__wetmon_z_trans,-0.014704486667178572,-0.004269681133181757,0.025415290714164047,NA,NA,NA
Erythrosuchus__drymon_z_trans,0.03451605401380221,-0.0008431649963191985,0.007579349379207297,NA,NA,NA
Erythrosuchus__wetdry_z_trans,0.03108341742074117,-0.004088249515754098,0.02676327599657701,NA,NA,NA
Erythrosuchus__time,0.019461610704893245,-0.0012873079560230588,0.0059801005978321565,NA,NA,NA
Erythrovenator__lat_range_z_trans,0.061334572028280555,0.0014507623486947727,0.016513463723200564,0.7707543411350344,0.4275338576408103,1.1323013827204704
Erythrovenator__Temperate_N,0.05692337730747588,-8.824773504336077e-05,0.02346530248156809,NA,NA,NA
Erythrovenator__Tropical,0.04484823194787121,-0.00038238698413531065,0.01941858457272437,NA,NA,NA
Erythrovenator__Temperate_S,-0.04260997749301635,-0.00678505420203023,0.00936526443644142,NA,NA,NA
Erythrovenator__Antarctic,0.010017907278698801,-7.101981116553264e-05,0.0039268999306916,NA,NA,NA
Erythrovenator__mat_z_trans,0.01606088362798424,-0.002833101289861574,0.013423192003827494,NA,NA,NA
Erythrovenator__map_z_trans,-0.07204849345693472,-0.008509360177810683,0.010935763428984018,NA,NA,NA
Erythrovenator__wmm_z_trans,-0.0007979508455349328,-0.002241794867462987,0.011117153251300894,NA,NA,NA
Erythrovenator__cmm_z_trans,-0.009889275847144581,-0.002744638052665345,0.01485265505408988,NA,NA,NA
Erythrovenator__wmmcmm_z_trans,-0.0029999478686741875,-0.003227228075882849,0.010366285385521045,NA,NA,NA
Erythrovenator__wetmon_z_trans,0.015584580315893251,-0.0038741586851043,0.01989085991259942,NA,NA,NA
Erythrovenator__drymon_z_trans,0.0032296741697551462,-0.0013771826918917798,0.007690879588205166,NA,NA,NA
Erythrovenator__wetdry_z_trans,0.033559524438176794,-0.003183108510622744,0.027453170796459217,NA,NA,NA
Erythrovenator__time,0.0042442187287951945,-0.001082951576421352,0.005720065629851903,NA,NA,NA
Eshanosaurus__lat_range_z_trans,0.042108822904445196,0.0009675152980737376,0.012074934705997275,1.0179732221550513,0.6345027852803469,1.3735392354428768
Eshanosaurus__Temperate_N,-0.06834320671755903,-0.008450502114493467,0.0009509460156890441,NA,NA,NA
Eshanosaurus__Tropical,0.016461024945747606,-0.0018362430661910945,0.012181726922362184,NA,NA,NA
Eshanosaurus__Temperate_S,0.02186902596480381,-0.0017245519494403613,0.013602269291772238,NA,NA,NA
Eshanosaurus__Antarctic,0.006808563411021152,1.686377406975153e-05,0.002673167974534159,NA,NA,NA
Eshanosaurus__mat_z_trans,0.025222579190662096,-0.0032794412634682907,0.02873615482568852,NA,NA,NA
Eshanosaurus__map_z_trans,-0.03109528463431809,-0.004010587210546555,0.008183043661411609,NA,NA,NA
Eshanosaurus__wmm_z_trans,0.012757424335200046,-0.004742333122940596,0.02756609589133684,NA,NA,NA
Eshanosaurus__cmm_z_trans,-0.011540130773377472,-0.002713897527958255,0.005797242357432057,NA,NA,NA
Eshanosaurus__wmmcmm_z_trans,0.019417093434592334,-0.0011536448324816564,0.012931025247203073,NA,NA,NA
Eshanosaurus__wetmon_z_trans,0.006458353507550143,-0.00294519611490416,0.01950197490870314,NA,NA,NA
Eshanosaurus__drymon_z_trans,0.003826992769488224,-0.00034040800719159947,0.003830409627874386,NA,NA,NA
Eshanosaurus__wetdry_z_trans,0.016555357394354864,-0.003199616415434938,0.01888160466370094,NA,NA,NA
Eshanosaurus__time,0.05695070859901543,-0.0015374277584957886,0.027228944101759623,NA,NA,NA
Eucoelophysis__lat_range_z_trans,-0.32573367716954466,-0.010200296594097427,-0.013923054198315549,0.48389210506196834,0.20322544686496258,0.8023774409666657
Eucoelophysis__Temperate_N,0.07688273788946282,-0.0005307997188645515,0.015326612804085227,NA,NA,NA
Eucoelophysis__Tropical,-0.07170091983593449,-0.004550421243373612,0.010634516480851373,NA,NA,NA
Eucoelophysis__Temperate_S,0.0614264730587185,-0.0003799103384334109,0.014986272569592004,NA,NA,NA
Eucoelophysis__Antarctic,0.017729011106810934,1.842299638746446e-05,0.0030628647077693403,NA,NA,NA
Eucoelophysis__mat_z_trans,0.07165963772379425,-0.0020767631907869476,0.0339333101257366,NA,NA,NA
Eucoelophysis__map_z_trans,-0.08491172863209343,-0.003766256414848319,0.008357924638369627,NA,NA,NA
Eucoelophysis__wmm_z_trans,0.09087943416070769,-0.002989707399489776,0.026628636921927473,NA,NA,NA
Eucoelophysis__cmm_z_trans,-0.024266756363698738,-0.002702567004849699,0.006784932853685077,NA,NA,NA
Eucoelophysis__wmmcmm_z_trans,0.0665689840929826,-0.00016578838001692913,0.013865771360160718,NA,NA,NA
Eucoelophysis__wetmon_z_trans,0.01827869983716641,-0.003976376680882262,0.01790815760536718,NA,NA,NA
Eucoelophysis__drymon_z_trans,0.014030617716452878,-0.00037115508688979844,0.0037381396178336837,NA,NA,NA
Eucoelophysis__wetdry_z_trans,0.04944448787488696,-0.0035048922486820675,0.02165387516054068,NA,NA,NA
Eucoelophysis__time,0.15717032287191457,0.00024704099342406026,0.03118157954786165,NA,NA,NA
Eudibamus__lat_range_z_trans,0.28913659252226354,0.0005698533533245195,0.009239603017252832,0.2969678679830395,0.13235586043447256,0.44182658195495605
Eudibamus__Temperate_N,0.22573758797720075,-8.9133966238107e-05,0.008577154309236336,NA,NA,NA
Eudibamus__Tropical,-0.2733716958621517,-0.0026603309783411063,0.0035468455305180343,NA,NA,NA
Eudibamus__Temperate_S,0.27499379561282694,0.00013699287464700684,0.009805072423137764,NA,NA,NA
Eudibamus__Antarctic,0.07984119190834463,-6.920939296863551e-06,0.0033756504035734455,NA,NA,NA
Eudibamus__mat_z_trans,0.2667295917123556,-0.00252792137838361,0.02985022164240252,NA,NA,NA
Eudibamus__map_z_trans,0.8568851426802575,-0.0020971090488651873,0.03947131059071987,NA,NA,NA
Eudibamus__wmm_z_trans,0.07324559210333974,-0.000822393202921906,0.011521838373502272,NA,NA,NA
Eudibamus__cmm_z_trans,-0.42712482596980406,-0.004675265800338556,0.01229999315716255,NA,NA,NA
Eudibamus__wmmcmm_z_trans,-0.27827814952470364,-0.004675512861516582,0.00833499516882062,NA,NA,NA
Eudibamus__wetmon_z_trans,-0.025600452763028442,-0.005051324495547089,0.0223450474487019,NA,NA,NA
Eudibamus__drymon_z_trans,-0.28124668745324016,-0.005177013471776783,0.017740415562852666,NA,NA,NA
Eudibamus__wetdry_z_trans,-0.1915649587009102,-0.0031545670704840175,0.015304108289406723,NA,NA,NA
Eudibamus__time,-0.4926413239073008,-0.004718823325664993,0.002727284278177556,NA,NA,NA
Eudimorphodon__lat_range_z_trans,-0.7917212373018265,-0.013888812367257761,-0.01737154275690294,0.20164328249084065,0.0876976118888706,0.35310521349310875
Eudimorphodon__Temperate_N,-0.10452308063395321,-0.0027268904485517158,0.006346274401177694,NA,NA,NA
Eudimorphodon__Tropical,-0.05542184061836451,-0.0019915514908889504,0.008891460707692185,NA,NA,NA
Eudimorphodon__Temperate_S,0.12952579052187502,-0.0005444110356491635,0.01711355191618621,NA,NA,NA
Eudimorphodon__Antarctic,0.028301380726043136,-0.00012685708875698673,0.0029251290507367506,NA,NA,NA
Eudimorphodon__mat_z_trans,0.16984480361337773,-0.001782365044054674,0.034466577146628444,NA,NA,NA
Eudimorphodon__map_z_trans,-0.11449184015858918,-0.003134482196821529,0.006048025256257237,NA,NA,NA
Eudimorphodon__wmm_z_trans,0.16618765747174621,-0.0018009947320636744,0.03454279469582829,NA,NA,NA
Eudimorphodon__cmm_z_trans,-0.02877150614542188,-0.0025988716457776683,0.007947899270663163,NA,NA,NA
Eudimorphodon__wmmcmm_z_trans,0.14429003138793633,-0.00018475267231065132,0.012531076082884512,NA,NA,NA
Eudimorphodon__wetmon_z_trans,0.06175251609645784,-0.0037106150511350086,0.01963611218090539,NA,NA,NA
Eudimorphodon__drymon_z_trans,0.030248629054403862,-0.0004919167297543224,0.003909034328087669,NA,NA,NA
Eudimorphodon__wetdry_z_trans,0.1111235717497766,-0.0020918619658847125,0.025168150192404405,NA,NA,NA
Eudimorphodon__time,0.3084909978881478,0.00012491215750354338,0.03198499772291608,NA,NA,NA
Eumetabolodon__lat_range_z_trans,-0.5427698624134064,-0.0057018187429759394,-0.00813928612854952,0.22679805326712085,0.022641233634203672,0.5610026381909847
Eumetabolodon__Temperate_N,-0.23138643140904605,-0.005648148993449127,0.005111856456006705,NA,NA,NA
Eumetabolodon__Tropical,0.15845816852524877,0.0002026367991078452,0.012783829095972261,NA,NA,NA
Eumetabolodon__Temperate_S,0.2513488550996408,0.000469559790756439,0.01962460692378708,NA,NA,NA
Eumetabolodon__Antarctic,0.05551752661122009,0.0001299055888259809,0.0036304119786277206,NA,NA,NA
Eumetabolodon__mat_z_trans,-0.08627066771121462,-0.0038773266979228583,0.013919373443008174,NA,NA,NA
Eumetabolodon__map_z_trans,0.3260099048528355,-0.00036812659790952975,0.03846799022338056,NA,NA,NA
Eumetabolodon__wmm_z_trans,-0.011573111179750413,-0.004029910959966067,0.01221264917840816,NA,NA,NA
Eumetabolodon__cmm_z_trans,0.13610364461899735,-0.0006085031118547422,0.019218783853647777,NA,NA,NA
Eumetabolodon__wmmcmm_z_trans,0.06184013882651925,-0.0016202526545868853,0.011783531583103864,NA,NA,NA
Eumetabolodon__wetmon_z_trans,-0.0019037213595584036,-0.005353598385608724,0.028282128824440343,NA,NA,NA
Eumetabolodon__drymon_z_trans,0.046571264271624384,-0.0003795576194531445,0.006579600192773854,NA,NA,NA
Eumetabolodon__wetdry_z_trans,-0.09835400563606526,-0.006876636732543584,0.02569808370322142,NA,NA,NA
Eumetabolodon__time,-0.013651839424856007,-0.0012876919938229398,0.0049659808676366865,NA,NA,NA
Eunotosaurus__lat_range_z_trans,-0.4125207905471325,-0.003121355383989042,-0.006463541808642998,0.09814206177647065,0.019592415541410446,0.19438182562589645
Eunotosaurus__Temperate_N,0.1866408981382847,0.00015604816530202385,0.011670746989020842,NA,NA,NA
Eunotosaurus__Tropical,0.11061117706703953,-0.00014022683227072466,0.009165664694088239,NA,NA,NA
Eunotosaurus__Temperate_S,-0.1361688379663974,-0.0020288079676361328,0.004343238774845418,NA,NA,NA
Eunotosaurus__Antarctic,0.043676647525280714,-0.00010560322164621656,0.0030023242593936058,NA,NA,NA
Eunotosaurus__mat_z_trans,-0.4896422716975212,-0.011243935290749994,0.025369968174876464,NA,NA,NA
Eunotosaurus__map_z_trans,0.2166745114221703,-0.0001236689258695421,0.018389113018824968,NA,NA,NA
Eunotosaurus__wmm_z_trans,-0.25216625177767127,-0.007044952903947355,0.019978612506455783,NA,NA,NA
Eunotosaurus__cmm_z_trans,0.4206224142399151,-0.0032543023317852427,0.035623315940191976,NA,NA,NA
Eunotosaurus__wmmcmm_z_trans,0.19500453907996415,-0.001264973001414862,0.028814278096682088,NA,NA,NA
Eunotosaurus__wetmon_z_trans,0.06331337058074496,-0.0008732133653387513,0.00959370858955911,NA,NA,NA
Eunotosaurus__drymon_z_trans,0.1242377695790492,-0.0014584690740995505,0.02093220141202717,NA,NA,NA
Eunotosaurus__wetdry_z_trans,-0.03575132699028472,-0.0030697995556955653,0.01117962716073353,NA,NA,NA
Eunotosaurus__time,-0.09937455792794936,-0.0013762106222623195,0.002540282387408906,NA,NA,NA
Euparkeria__lat_range_z_trans,0.19404177626531185,0.00112439289275906,0.014599054419018646,0.3986057877465646,0.15031179413199425,0.6316109877079725
Euparkeria__Temperate_N,0.17041134976933361,-0.00039760869810226423,0.018165135430165968,NA,NA,NA
Euparkeria__Tropical,0.12256373104056473,-0.0003394037156214817,0.013965054108985225,NA,NA,NA
Euparkeria__Temperate_S,-0.39812553588711785,-0.008570662988089424,0.0016040394977739013,NA,NA,NA
Euparkeria__Antarctic,0.04788966802493245,6.022925147496774e-05,0.0037607020527656845,NA,NA,NA
Euparkeria__mat_z_trans,-0.11975144660584251,-0.004276868811349411,0.013559138467544325,NA,NA,NA
Euparkeria__map_z_trans,0.15459116460259748,-0.0006639996402004534,0.030173131989289566,NA,NA,NA
Euparkeria__wmm_z_trans,-0.03504868582535842,-0.0026148714199196897,0.0138466650343487,NA,NA,NA
Euparkeria__cmm_z_trans,0.07785483180883304,-0.002600414836527613,0.017771672079506015,NA,NA,NA
Euparkeria__wmmcmm_z_trans,0.06010724042240468,-0.0023772535017766265,0.015458499985211177,NA,NA,NA
Euparkeria__wetmon_z_trans,-0.03623780775741829,-0.004890349634930075,0.02576033553561839,NA,NA,NA
Euparkeria__drymon_z_trans,0.019306223868006882,-0.0007334463255250451,0.005815295974687162,NA,NA,NA
Euparkeria__wetdry_z_trans,-0.10193763870766807,-0.007008473213300462,0.01589127758571977,NA,NA,NA
Euparkeria__time,-0.03820754668695317,-0.0016607396702947586,0.003769538034830558,NA,NA,NA
Eusaurosphargis__lat_range_z_trans,-0.5553165146708489,-0.01037317587633877,-0.015236115242492607,0.255380187066603,0.021442613564431667,0.5923077387997182
Eusaurosphargis__Temperate_N,-0.08003815894946456,-0.003012302070764327,0.013007022228895358,NA,NA,NA
Eusaurosphargis__Tropical,-0.052591885165311394,-0.0025470153727461496,0.013129324843698489,NA,NA,NA
Eusaurosphargis__Temperate_S,0.18300087437732146,-0.00016304037227084697,0.02111399628003284,NA,NA,NA
Eusaurosphargis__Antarctic,0.030673490728077013,5.3437594237307964e-05,0.0036829030156498186,NA,NA,NA
Eusaurosphargis__mat_z_trans,0.0023899162479210645,-0.0052116418325820965,0.013909066634122962,NA,NA,NA
Eusaurosphargis__map_z_trans,0.07410668254364282,-0.0026501928785586295,0.021563776448461778,NA,NA,NA
Eusaurosphargis__wmm_z_trans,-0.0008483299566432833,-0.0015218502958460028,0.011626701579842736,NA,NA,NA
Eusaurosphargis__cmm_z_trans,0.15871200546855108,-0.0024100476318887065,0.02119466418313502,NA,NA,NA
Eusaurosphargis__wmmcmm_z_trans,0.14141608756501228,-0.000263876463459482,0.02307007587782706,NA,NA,NA
Eusaurosphargis__wetmon_z_trans,0.07035476103847031,-0.0036984147226479447,0.028688744500834883,NA,NA,NA
Eusaurosphargis__drymon_z_trans,0.027214883200649638,-0.0006110148957033571,0.006778361814012752,NA,NA,NA
Eusaurosphargis__wetdry_z_trans,0.09549487994750962,-0.0015883410201374202,0.026047330494549464,NA,NA,NA
Eusaurosphargis__time,0.01086865454488361,-0.000951994472696848,0.005563687536894528,NA,NA,NA
Euscolosuchus__lat_range_z_trans,0.13762961416256395,0.0011986638234546098,0.018243857237134946,0.445061715838674,0.1381082572042942,1.0630597919225693
Euscolosuchus__Temperate_N,0.11716716206263311,-0.001392969089784792,0.02190070959497529,NA,NA,NA
Euscolosuchus__Tropical,-0.12942008824958998,-0.00546908332511235,0.010442135506851724,NA,NA,NA
Euscolosuchus__Temperate_S,0.12432548233496486,-0.00013638584963503926,0.02775349856979923,NA,NA,NA
Euscolosuchus__Antarctic,0.03008393749994931,7.892124122782444e-05,0.0046157858375544284,NA,NA,NA
Euscolosuchus__mat_z_trans,0.011871392531280897,-0.001998529611780409,0.016885319633778983,NA,NA,NA
Euscolosuchus__map_z_trans,-0.18068777035866418,-0.0064723123797964365,0.0077722371291528295,NA,NA,NA
Euscolosuchus__wmm_z_trans,-0.003805846182383635,-0.002416412266883199,0.009071292008706378,NA,NA,NA
Euscolosuchus__cmm_z_trans,-0.04253742846859811,-0.003071671635094323,0.00934911224151301,NA,NA,NA
Euscolosuchus__wmmcmm_z_trans,-0.0288352951659521,-0.002807616683888568,0.010049283627172905,NA,NA,NA
Euscolosuchus__wetmon_z_trans,0.012876202527068007,-0.00505681216373606,0.021252805673303208,NA,NA,NA
Euscolosuchus__drymon_z_trans,0.009510626122579656,-0.0011041276092702917,0.007104889363262701,NA,NA,NA
Euscolosuchus__wetdry_z_trans,0.04249735957846283,-0.00519662443244615,0.023530581823359906,NA,NA,NA
Euscolosuchus__time,0.016781975937311712,-0.0011045103286580898,0.006168031948899559,NA,NA,NA
Fasolasuchus__lat_range_z_trans,0.2469400744140148,0.0007448686512630822,0.011197535316067627,0.14152653391560308,0.029831983149051666,0.2525278157554567
Fasolasuchus__Temperate_N,0.21821341913193465,-0.0002997558800084411,0.01374689915847917,NA,NA,NA
Fasolasuchus__Tropical,0.17145662530325353,-7.220731263418991e-05,0.012554594459336339,NA,NA,NA
Fasolasuchus__Temperate_S,-0.25840068063698707,-0.004486999691079651,0.0033105438136578316,NA,NA,NA
Fasolasuchus__Antarctic,0.06132448526099324,0.00014712556377945312,0.0035962533827110354,NA,NA,NA
Fasolasuchus__mat_z_trans,0.22158640912617555,-0.003024329746605565,0.036318341376093265,NA,NA,NA
Fasolasuchus__map_z_trans,-0.3419084977544844,-0.004317076660439063,0.008714538540079817,NA,NA,NA
Fasolasuchus__wmm_z_trans,0.044069909488898704,-0.0012914245396789775,0.012653857246911392,NA,NA,NA
Fasolasuchus__cmm_z_trans,-0.391297214939259,-0.006848027983934846,0.013205910935002486,NA,NA,NA
Fasolasuchus__wmmcmm_z_trans,-0.3372416472155601,-0.006559263947799447,0.014104900997254968,NA,NA,NA
Fasolasuchus__wetmon_z_trans,-0.00880725026363507,-0.0044338756339529035,0.0226324158013254,NA,NA,NA
Fasolasuchus__drymon_z_trans,0.03099460882047424,-0.0004561305849515137,0.005330214171221435,NA,NA,NA
Fasolasuchus__wetdry_z_trans,0.13375566235976294,-0.004282221756048049,0.025324028869914278,NA,NA,NA
Fasolasuchus__time,0.1690386139601469,0.0002298492106868391,0.011449506127410037,NA,NA,NA
Faxinalipterus__lat_range_z_trans,0.034879780266681884,0.0007339710969317953,0.010199472870004235,1.1290126685824362,0.054736784659326077,3.981112467125058
Faxinalipterus__Temperate_N,0.03302156491217604,-5.439188213041446e-05,0.014818970241427554,NA,NA,NA
Faxinalipterus__Tropical,0.023218337821441684,-0.00013191259930830435,0.011413959088904628,NA,NA,NA
Faxinalipterus__Temperate_S,-0.020357924301892063,-0.004606634308529987,0.008570652413803666,NA,NA,NA
Faxinalipterus__Antarctic,0.004428361405466533,-0.00030564671815003273,0.002609315788413771,NA,NA,NA
Faxinalipterus__mat_z_trans,0.03627668786312617,-0.0039137279637157674,0.028883553212049815,NA,NA,NA
Faxinalipterus__map_z_trans,-0.03264820716129245,-0.004197116397811819,0.005586670614283053,NA,NA,NA
Faxinalipterus__wmm_z_trans,0.023629103998282625,-0.0019261247466900405,0.022316394270811116,NA,NA,NA
Faxinalipterus__cmm_z_trans,-0.03988803561509644,-0.006676703353940052,0.007803518758447979,NA,NA,NA
Faxinalipterus__wmmcmm_z_trans,-0.018459415605171232,-0.0053928724325919145,0.0174258660317753,NA,NA,NA
Faxinalipterus__wetmon_z_trans,0.006937721425843703,-0.003930446990555865,0.01986324350496435,NA,NA,NA
Faxinalipterus__drymon_z_trans,0.0015756421622577608,-0.0010054999159492526,0.0034157352465841984,NA,NA,NA
Faxinalipterus__wetdry_z_trans,0.022971963730286586,-0.0036704196806048935,0.019098368726750817,NA,NA,NA
Faxinalipterus__time,0.041871743429515516,0.00012805558164327388,0.022133819427244617,NA,NA,NA
Feeserpeton__lat_range_z_trans,0.28913659252226354,0.0005698533533245195,0.009239603017252832,0.2969678679830395,0.13235586043447256,0.44182658195495605
Feeserpeton__Temperate_N,0.22573758797720075,-8.9133966238107e-05,0.008577154309236336,NA,NA,NA
Feeserpeton__Tropical,-0.2733716958621517,-0.0026603309783411063,0.0035468455305180343,NA,NA,NA
Feeserpeton__Temperate_S,0.27499379561282694,0.00013699287464700684,0.009805072423137764,NA,NA,NA
Feeserpeton__Antarctic,0.07984119190834463,-6.920939296863551e-06,0.0033756504035734455,NA,NA,NA
Feeserpeton__mat_z_trans,0.2667295917123556,-0.00252792137838361,0.02985022164240252,NA,NA,NA
Feeserpeton__map_z_trans,0.8568851426802575,-0.0020971090488651873,0.03947131059071987,NA,NA,NA
Feeserpeton__wmm_z_trans,0.07324559210333974,-0.000822393202921906,0.011521838373502272,NA,NA,NA
Feeserpeton__cmm_z_trans,-0.42712482596980406,-0.004675265800338556,0.01229999315716255,NA,NA,NA
Feeserpeton__wmmcmm_z_trans,-0.27827814952470364,-0.004675512861516582,0.00833499516882062,NA,NA,NA
Feeserpeton__wetmon_z_trans,-0.025600452763028442,-0.005051324495547089,0.0223450474487019,NA,NA,NA
Feeserpeton__drymon_z_trans,-0.28124668745324016,-0.005177013471776783,0.017740415562852666,NA,NA,NA
Feeserpeton__wetdry_z_trans,-0.1915649587009102,-0.0031545670704840175,0.015304108289406723,NA,NA,NA
Feeserpeton__time,-0.4926413239073008,-0.004718823325664993,0.002727284278177556,NA,NA,NA
Feralisaurus__lat_range_z_trans,0.09440347627471059,0.0010592231894855277,0.011750395866839148,0.610209106580296,0.18918634671717882,1.1401680707931519
Feralisaurus__Temperate_N,0.08205876291251822,-0.0003935555000456299,0.013484167125709129,NA,NA,NA
Feralisaurus__Tropical,-0.12685970694527968,-0.006068781739965985,0.005560942858954551,NA,NA,NA
Feralisaurus__Temperate_S,0.09726872155149009,0.0005189360042653296,0.016954843143446596,NA,NA,NA
Feralisaurus__Antarctic,0.02060299464155471,-6.587934853526705e-05,0.0033977511215540776,NA,NA,NA
Feralisaurus__mat_z_trans,-0.03788757874379957,-0.0044533914144615815,0.007472355373320891,NA,NA,NA
Feralisaurus__map_z_trans,0.15122201160200252,-0.0005614820626648533,0.039222720402024645,NA,NA,NA
Feralisaurus__wmm_z_trans,-0.05227851636858432,-0.005146357523347065,0.012622159120928568,NA,NA,NA
Feralisaurus__cmm_z_trans,0.016516068719439832,-0.0015753790560847389,0.010586317748517803,NA,NA,NA
Feralisaurus__wmmcmm_z_trans,-0.034887650649646496,-0.0030332858899467306,0.009148515914241302,NA,NA,NA
Feralisaurus__wetmon_z_trans,-0.013715555133961,-0.006506751614992786,0.02983298994207565,NA,NA,NA
Feralisaurus__drymon_z_trans,0.016704826984844816,-0.00035456555526239443,0.0037126803624764225,NA,NA,NA
Feralisaurus__wetdry_z_trans,-0.06463264091134545,-0.006403728244115323,0.027236336296307354,NA,NA,NA
Feralisaurus__time,-0.031057889602317985,-0.0019644715557317776,0.0031573649190689574,NA,NA,NA
Fodonyx__lat_range_z_trans,0.03188730889321233,0.0010948673216186011,0.01181129349996333,1.5206575272901681,0.3513406264828518,4.693062148988247
Fodonyx__Temperate_N,0.029883811065843025,-0.00023032741683777847,0.016793970198155393,NA,NA,NA
Fodonyx__Tropical,-0.036503964161049236,-0.006278263837150276,0.008159234142791467,NA,NA,NA
Fodonyx__Temperate_S,0.035284883732812355,0.0005830047162322887,0.01887312098588928,NA,NA,NA
Fodonyx__Antarctic,0.0027970057702293234,-0.0006270438928934061,0.0028010390516188567,NA,NA,NA
Fodonyx__mat_z_trans,-0.0032985347111546635,-0.0043873675718249005,0.014682048423909941,NA,NA,NA
Fodonyx__map_z_trans,0.03957834916604702,-0.0006037046996479566,0.026761686886836028,NA,NA,NA
Fodonyx__wmm_z_trans,-0.004761681275328109,-0.005533356147064894,0.011406975451864712,NA,NA,NA
Fodonyx__cmm_z_trans,0.020724644117296884,-0.001802903777125792,0.016429703077176946,NA,NA,NA
Fodonyx__wmmcmm_z_trans,0.010159948015115206,-0.0026090920666656543,0.01616901443100335,NA,NA,NA
Fodonyx__wetmon_z_trans,0.0028438002887745044,-0.00600722519052604,0.027053194615142964,NA,NA,NA
Fodonyx__drymon_z_trans,0.0030573492876629004,-0.000737001079409306,0.00339617544679156,NA,NA,NA
Fodonyx__wetdry_z_trans,-0.004240069061795005,-0.005761904943794331,0.01703651025999486,NA,NA,NA
Fodonyx__time,-0.009955526796040262,-0.0020491517263138276,0.0027655737243263926,NA,NA,NA
Fraserosphenodon__lat_range_z_trans,-0.7597226738929749,-0.013395121737821324,-0.01781644597406199,0.16925561780837597,0.0017524268478155136,0.29686190746724606
Fraserosphenodon__Temperate_N,-0.10686606043425854,-0.0027783728795628387,0.003590810459769539,NA,NA,NA
Fraserosphenodon__Tropical,-0.06469712974794675,-0.0019317120571939158,0.009248445859251952,NA,NA,NA
Fraserosphenodon__Temperate_S,0.1330993391573429,-0.0004588081620445883,0.015640746817993607,NA,NA,NA
Fraserosphenodon__Antarctic,0.027350538912432967,-4.609492345603701e-05,0.0031537102327334797,NA,NA,NA
Fraserosphenodon__mat_z_trans,0.17844031836895738,-0.0018547648917748598,0.034107594985816295,NA,NA,NA
Fraserosphenodon__map_z_trans,-0.11494507426919881,-0.0030946671599350354,0.006404894462488876,NA,NA,NA
Fraserosphenodon__wmm_z_trans,0.1543496889655944,-0.0021889395706311127,0.0311105883840651,NA,NA,NA
Fraserosphenodon__cmm_z_trans,-0.03977179704466835,-0.002491127178889636,0.009240876441383553,NA,NA,NA
Fraserosphenodon__wmmcmm_z_trans,0.1174552504112944,-0.0013717928406906026,0.014533533987175247,NA,NA,NA
Fraserosphenodon__wetmon_z_trans,0.06744794687372632,-0.0029962083572674884,0.02072142408209636,NA,NA,NA
Fraserosphenodon__drymon_z_trans,0.028543125949654496,-0.00042259765104286185,0.004255350257065896,NA,NA,NA
Fraserosphenodon__wetdry_z_trans,0.11757284617982805,-0.001862141918163413,0.027993112002088667,NA,NA,NA
Fraserosphenodon__time,0.28531497944146395,-5.7120982929563e-05,0.031954898197598516,NA,NA,NA
Fraxinisaura__lat_range_z_trans,0.06617232741880572,0.0013867016733604507,0.016545686732070308,0.7831350536103128,0.2588963331654668,1.4244403466582298
Fraxinisaura__Temperate_N,-0.12282808791870752,-0.009773853986136161,0.012539943202253854,NA,NA,NA
Fraxinisaura__Tropical,0.03575566988452419,-0.0015522861228069661,0.01333426649517528,NA,NA,NA
Fraxinisaura__Temperate_S,0.06838250530679398,0.00012711726155867673,0.022128917564506554,NA,NA,NA
Fraxinisaura__Antarctic,0.013905422199161091,0.0001248321393404822,0.004015315894526658,NA,NA,NA
Fraxinisaura__mat_z_trans,-0.02412478812399339,-0.005270888349975188,0.013048123082418032,NA,NA,NA
Fraxinisaura__map_z_trans,0.015254430269285725,-0.002299801203772169,0.017044440154677154,NA,NA,NA
Fraxinisaura__wmm_z_trans,-0.0008790096199204295,-0.0019099887533977544,0.007890899788092426,NA,NA,NA
Fraxinisaura__cmm_z_trans,0.04261502229971845,-0.0011925851663099354,0.0230140122161491,NA,NA,NA
Fraxinisaura__wmmcmm_z_trans,0.03310791924183645,-0.0013325576207323772,0.020593909679879813,NA,NA,NA
Fraxinisaura__wetmon_z_trans,-0.0015764321025078883,-0.005428807248765838,0.017177866780402937,NA,NA,NA
Fraxinisaura__drymon_z_trans,0.0034983059842303775,-0.0010905399225209773,0.005160699876811835,NA,NA,NA
Fraxinisaura__wetdry_z_trans,-0.003298875713911829,-0.0049165837010336656,0.017222387948001027,NA,NA,NA
Fraxinisaura__time,-0.008527084793688614,-0.0018202293102118532,0.004423070780500094,NA,NA,NA
Fugusuchus__lat_range_z_trans,0.022618625322171574,0.001100199553803389,0.010166482622471613,2.1095094444481766,0.9645707746967673,3.307648228481412
Fugusuchus__Temperate_N,-0.02692487000892092,-0.006364319671807074,0.007354411790494392,NA,NA,NA
Fugusuchus__Tropical,0.015885099903744284,-8.037603055271452e-05,0.009925164755937377,NA,NA,NA
Fugusuchus__Temperate_S,0.022434482858549556,0.0001916326765719611,0.013603316036534249,NA,NA,NA
Fugusuchus__Antarctic,3.0142909498064294e-05,-0.00038461414455938554,0.001445315085792537,NA,NA,NA
Fugusuchus__mat_z_trans,-0.003787630501419392,-0.006550640589013092,0.015071899692114449,NA,NA,NA
Fugusuchus__map_z_trans,0.04213208436076178,-0.0008266789378870714,0.031629439157260436,NA,NA,NA
Fugusuchus__wmm_z_trans,0.004177088838830981,-0.004852616907290047,0.01524836378782245,NA,NA,NA
Fugusuchus__cmm_z_trans,0.029293059289458103,-0.001146548794421012,0.024524565440076678,NA,NA,NA
Fugusuchus__wmmcmm_z_trans,0.013114254826295262,-0.0024230723496937575,0.016171589394458546,NA,NA,NA
Fugusuchus__wetmon_z_trans,0.0064610717013804525,-0.005522980908519036,0.021524289598777013,NA,NA,NA
Fugusuchus__drymon_z_trans,0.004147224985773211,-0.0004315261137304281,0.006130290009446726,NA,NA,NA
Fugusuchus__wetdry_z_trans,0.0014204070392045262,-0.004623278551961532,0.019322899640994658,NA,NA,NA
Fugusuchus__time,-0.013543717193701123,-0.0030346495423434726,0.0020215131832839613,NA,NA,NA
Fuyuansaurus__lat_range_z_trans,0.021838099568610946,0.00196431946553671,0.014044742603489181,2.30221109457867,0.3866331996396184,4.693062148988247
Fuyuansaurus__Temperate_N,0.021201043609513786,-7.060909973378894e-05,0.01815843032239491,NA,NA,NA
Fuyuansaurus__Tropical,-0.01975052810696948,-0.00943265051763156,0.012500854777286715,NA,NA,NA
Fuyuansaurus__Temperate_S,0.02466058290015668,0.0006562510255468649,0.01943686888406997,NA,NA,NA
Fuyuansaurus__Antarctic,-2.6209721173634153e-05,-0.00087551608461424,0.002721579009942925,NA,NA,NA
Fuyuansaurus__mat_z_trans,0.001919708151502299,-0.005250548755557923,0.01765296782126867,NA,NA,NA
Fuyuansaurus__map_z_trans,0.014333966443004775,-0.00180763638858178,0.015563348934132018,NA,NA,NA
Fuyuansaurus__wmm_z_trans,0.004686052403334145,-0.002867729732533983,0.012686764943747673,NA,NA,NA
Fuyuansaurus__cmm_z_trans,0.022669431421432473,-0.0015035778196968788,0.022226122769453485,NA,NA,NA
Fuyuansaurus__wmmcmm_z_trans,0.017322849210197753,-0.00258261228311924,0.016651989552497377,NA,NA,NA
Fuyuansaurus__wetmon_z_trans,0.006845268817601045,-0.004824345730564989,0.02182774604892813,NA,NA,NA
Fuyuansaurus__drymon_z_trans,0.00012468236916240964,-0.001385505891898186,0.0034976206063607198,NA,NA,NA
Fuyuansaurus__wetdry_z_trans,0.006873435960977572,-0.004282316615878069,0.01474327527083756,NA,NA,NA
Fuyuansaurus__time,-0.005241058695724474,-0.00268699188267621,0.002427228651055754,NA,NA,NA
Galesphyrus__lat_range_z_trans,-0.5408525741100312,-0.0036927728595147254,-0.004822360876684274,0.191782169942162,0.016890976577997208,0.7913372963666916
Galesphyrus__Temperate_N,0.25616664728149774,0.0001445562642515487,0.012537981346676448,NA,NA,NA
Galesphyrus__Tropical,0.16383567062846852,-0.00015780532157558467,0.008344816932678622,NA,NA,NA
Galesphyrus__Temperate_S,-0.34520546802785246,-0.0038608055179460646,0.0033898354954451353,NA,NA,NA
Galesphyrus__Antarctic,0.07128947249846533,-1.4925551536949624e-05,0.0031133303698398524,NA,NA,NA
Galesphyrus__mat_z_trans,-0.40967045541852715,-0.007457699451954969,0.021083138851617642,NA,NA,NA
Galesphyrus__map_z_trans,0.22780979095958173,-0.0002343641819473139,0.018738936367639163,NA,NA,NA
Galesphyrus__wmm_z_trans,0.011293557322351261,-0.0012243293473587046,0.011337634348515781,NA,NA,NA
Galesphyrus__cmm_z_trans,0.4060162505041808,-0.0030369620292167603,0.036911145429690526,NA,NA,NA
Galesphyrus__wmmcmm_z_trans,0.17264401517342776,-0.005620803313549444,0.03144201091751865,NA,NA,NA
Galesphyrus__wetmon_z_trans,0.06632167219650001,-0.0014258568554722142,0.017723076188258323,NA,NA,NA
Galesphyrus__drymon_z_trans,0.1591618466936052,-0.003209423818902522,0.016701200018574437,NA,NA,NA
Galesphyrus__wetdry_z_trans,-0.14224770796485245,-0.0039570042084684145,0.014328337788534694,NA,NA,NA
Galesphyrus__time,-0.09711688907002099,-0.0012012741182111577,0.0033104570171600756,NA,NA,NA
Gamatavus__lat_range_z_trans,0.12037368926631357,0.0012294404390220642,0.016117446226756992,0.516713290301559,0.26754816621541977,0.9238730929791927
Gamatavus__Temperate_N,0.11236345830365994,-0.00010618822916356118,0.02080193741159812,NA,NA,NA
Gamatavus__Tropical,0.0762720026256483,-0.00039308347467132315,0.014367467560885154,NA,NA,NA
Gamatavus__Temperate_S,-0.23008236525726727,-0.009156500976571539,0.008510234036966938,NA,NA,NA
Gamatavus__Antarctic,0.02727169372965063,6.975505086407715e-05,0.0046721257697306725,NA,NA,NA
Gamatavus__mat_z_trans,-0.04999342118438099,-0.004953294191256145,0.01481914073923205,NA,NA,NA
Gamatavus__map_z_trans,0.012257562164136187,-0.003584454251932552,0.015556984237583326,NA,NA,NA
Gamatavus__wmm_z_trans,-0.018678354743486933,-0.002236052508672623,0.0102894596238367,NA,NA,NA
Gamatavus__cmm_z_trans,0.0492548835182337,-0.002391698820256163,0.019860435145780085,NA,NA,NA
Gamatavus__wmmcmm_z_trans,0.06401340123522861,-0.0012559849690510058,0.01727538832777421,NA,NA,NA
Gamatavus__wetmon_z_trans,-0.01421485627078817,-0.00474823560460841,0.021317971644132426,NA,NA,NA
Gamatavus__drymon_z_trans,0.009230224469031602,-0.0008494474775987146,0.006498786835706722,NA,NA,NA
Gamatavus__wetdry_z_trans,-0.024614982658799023,-0.00477403896083153,0.01983957839831045,NA,NA,NA
Gamatavus__time,-0.015995610865553893,-0.0017996863366758493,0.004212584237171259,NA,NA,NA
Gansurhinus__lat_range_z_trans,-0.14332290877182668,-0.0015893772609391463,0.0013180241766755625,0.39461169511720073,0.1396414041519165,0.719753016717732
Gansurhinus__Temperate_N,-0.3463886277187978,-0.004337081552531576,0.002168796338909701,NA,NA,NA
Gansurhinus__Tropical,0.1266032948040402,-1.3629845634804949e-05,0.010359617397850995,NA,NA,NA
Gansurhinus__Temperate_S,0.2059353286968461,6.961114415122124e-05,0.013229926180196082,NA,NA,NA
Gansurhinus__Antarctic,0.05837460887798223,7.067255803965453e-05,0.0033831516684488193,NA,NA,NA
Gansurhinus__mat_z_trans,-0.28501923204962976,-0.0069409245476183415,0.026667682333263623,NA,NA,NA
Gansurhinus__map_z_trans,0.12018987680040953,-0.001427809743216406,0.014844902737872468,NA,NA,NA
Gansurhinus__wmm_z_trans,0.003956395975144066,-0.0012054707374699492,0.008035167470694075,NA,NA,NA
Gansurhinus__cmm_z_trans,0.2846755001195668,-0.004319231982418274,0.03646135978436066,NA,NA,NA
Gansurhinus__wmmcmm_z_trans,0.13219096924767945,-0.005329398839133331,0.029831976503826022,NA,NA,NA
Gansurhinus__wetmon_z_trans,0.03898821531841932,-0.0015788142453574598,0.011822751741989513,NA,NA,NA
Gansurhinus__drymon_z_trans,0.1265004011396333,-0.0032326040364162307,0.01678590336175824,NA,NA,NA
Gansurhinus__wetdry_z_trans,-0.09018348718678933,-0.0031229140173347288,0.01687350473195451,NA,NA,NA
Gansurhinus__time,-0.11504301092105111,-0.0019924972055239006,0.002356775767664823,NA,NA,NA
Garjainia__lat_range_z_trans,-0.6920225703716278,-0.011840366211470003,-0.018140950972342657,0.08140204774285849,0.007907536812126637,0.17876118421554565
Garjainia__Temperate_N,-0.1247515562735498,-0.003097063855806147,0.003326251166656589,NA,NA,NA
Garjainia__Tropical,0.09406474665855058,2.025925512100068e-05,0.012035499544421041,NA,NA,NA
Garjainia__Temperate_S,-0.1137112495698966,-0.0030431233097285852,0.00033845932383583076,NA,NA,NA
Garjainia__Antarctic,0.02011224162997678,-0.0001946120620824611,0.002538885186442328,NA,NA,NA
Garjainia__mat_z_trans,-0.006124996058642865,-0.003252529003468922,0.01618270993271841,NA,NA,NA
Garjainia__map_z_trans,0.32365139515139163,-0.0012230159573006609,0.043374885558481034,NA,NA,NA
Garjainia__wmm_z_trans,0.0040291345794685185,-0.0027996741783793593,0.01479103572175241,NA,NA,NA
Garjainia__cmm_z_trans,0.21070982865564475,-0.0008381688950916255,0.033609313601396254,NA,NA,NA
Garjainia__wmmcmm_z_trans,0.13000579261337408,-0.0007606044250977349,0.02205286135317717,NA,NA,NA
Garjainia__wetmon_z_trans,0.07233437585411594,-0.002930851759472556,0.029572529803826353,NA,NA,NA
Garjainia__drymon_z_trans,0.044634437169588634,-0.0006850616270188281,0.006582309602600806,NA,NA,NA
Garjainia__wetdry_z_trans,0.014472908976604231,-0.0030503675023684372,0.025142576704907462,NA,NA,NA
Garjainia__time,-0.03387062763096765,-0.0012542907792389565,0.0027331736675920613,NA,NA,NA
Garzapelta__lat_range_z_trans,0.2558688934147358,0.0008547464980327538,0.010607975401057833,0.2765226008447644,0.0873938724398613,0.4659653324633837
Garzapelta__Temperate_N,0.22728872028004843,-2.0478591761915134e-05,0.013883768956602689,NA,NA,NA
Garzapelta__Tropical,-0.24518196654971688,-0.003967890219603549,0.0065342059576677415,NA,NA,NA
Garzapelta__Temperate_S,0.2404454831383191,0.0002109323352508251,0.016710785240917927,NA,NA,NA
Garzapelta__Antarctic,0.057016323935240504,9.239845857233278e-05,0.0028270820713878105,NA,NA,NA
Garzapelta__mat_z_trans,0.21918663595875842,-0.0036715372778610535,0.029643923897995552,NA,NA,NA
Garzapelta__map_z_trans,-0.3888746339641511,-0.005330212411767958,0.0063741754576413165,NA,NA,NA
Garzapelta__wmm_z_trans,0.020637026432086713,-0.0015367621983978159,0.0111443359418209,NA,NA,NA
Garzapelta__cmm_z_trans,-0.3302427569590509,-0.005846278761286192,0.012091995589535498,NA,NA,NA
Garzapelta__wmmcmm_z_trans,-0.2731307764025405,-0.006155294029308074,0.01516893007058135,NA,NA,NA
Garzapelta__wetmon_z_trans,-0.010794339091517032,-0.0050533419448111246,0.021489474653573027,NA,NA,NA
Garzapelta__drymon_z_trans,0.02699300379259512,-0.00046822090812234684,0.005917384694428603,NA,NA,NA
Garzapelta__wetdry_z_trans,0.12152755087823607,-0.004247658755282762,0.03094748534290146,NA,NA,NA
Garzapelta__time,0.1783154206164181,0.0001901274949436032,0.010798016919353393,NA,NA,NA
Gecatogomphius__lat_range_z_trans,0.2479135287663324,0.0009541041886703478,0.013026642795892255,0.28922539859704555,0.026958291418850422,0.7952467552386224
Gecatogomphius__Temperate_N,-0.17014369938352814,-0.003586081090626673,0.007427622714899499,NA,NA,NA
Gecatogomphius__Tropical,0.15542282172665087,-0.00010934688863269628,0.012827726985222231,NA,NA,NA
Gecatogomphius__Temperate_S,0.24167447025708882,-0.0003375160905654107,0.01813015647226239,NA,NA,NA
Gecatogomphius__Antarctic,0.05048146768216792,1.9109289675632124e-05,0.0035563553028160814,NA,NA,NA
Gecatogomphius__mat_z_trans,-0.011179133029711748,-0.0021104307720657654,0.008242508472477903,NA,NA,NA
Gecatogomphius__map_z_trans,0.12965630479303128,-0.0005990250936491031,0.015525506468829215,NA,NA,NA
Gecatogomphius__wmm_z_trans,-0.07951632147703933,-0.0060929938172101265,0.03001754702798882,NA,NA,NA
Gecatogomphius__cmm_z_trans,-0.08798610016379758,-0.0030579041463151342,0.006503808352512733,NA,NA,NA
Gecatogomphius__wmmcmm_z_trans,-0.3003202005753604,-0.00867571288960226,0.017024727940133266,NA,NA,NA
Gecatogomphius__wetmon_z_trans,0.07153016568529866,-0.0006100899156975515,0.015440449251062742,NA,NA,NA
Gecatogomphius__drymon_z_trans,0.18767549425549385,-0.0018220243995828967,0.026275953914692923,NA,NA,NA
Gecatogomphius__wetdry_z_trans,-0.03270200168889846,-0.0038691385452082365,0.013768270552787641,NA,NA,NA
Gecatogomphius__time,-0.2850494725161019,-0.0050524201405934,0.006372263943887389,NA,NA,NA
Gephyrosaurus__lat_range_z_trans,0.042108822904445196,0.0009675152980737376,0.012074934705997275,1.0179732221550513,0.6345027852803469,1.3735392354428768
Gephyrosaurus__Temperate_N,-0.06834320671755903,-0.008450502114493467,0.0009509460156890441,NA,NA,NA
Gephyrosaurus__Tropical,0.016461024945747606,-0.0018362430661910945,0.012181726922362184,NA,NA,NA
Gephyrosaurus__Temperate_S,0.02186902596480381,-0.0017245519494403613,0.013602269291772238,NA,NA,NA
Gephyrosaurus__Antarctic,0.006808563411021152,1.686377406975153e-05,0.002673167974534159,NA,NA,NA
Gephyrosaurus__mat_z_trans,0.025222579190662096,-0.0032794412634682907,0.02873615482568852,NA,NA,NA
Gephyrosaurus__map_z_trans,-0.03109528463431809,-0.004010587210546555,0.008183043661411609,NA,NA,NA
Gephyrosaurus__wmm_z_trans,0.012757424335200046,-0.004742333122940596,0.02756609589133684,NA,NA,NA
Gephyrosaurus__cmm_z_trans,-0.011540130773377472,-0.002713897527958255,0.005797242357432057,NA,NA,NA
Gephyrosaurus__wmmcmm_z_trans,0.019417093434592334,-0.0011536448324816564,0.012931025247203073,NA,NA,NA
Gephyrosaurus__wetmon_z_trans,0.006458353507550143,-0.00294519611490416,0.01950197490870314,NA,NA,NA
Gephyrosaurus__drymon_z_trans,0.003826992769488224,-0.00034040800719159947,0.003830409627874386,NA,NA,NA
Gephyrosaurus__wetdry_z_trans,0.016555357394354864,-0.003199616415434938,0.01888160466370094,NA,NA,NA
Gephyrosaurus__time,0.05695070859901543,-0.0015374277584957886,0.027228944101759623,NA,NA,NA
Glaurung__lat_range_z_trans,0.03948240854617719,0.0007139516296561302,0.008864523441966601,1.2441133832393099,0.23172526061534882,2.2252634279429913
Glaurung__Temperate_N,-0.0621712516589098,-0.00476538716632583,0.00241980597338089,NA,NA,NA
Glaurung__Tropical,0.020101566280462172,-0.0006433140296480026,0.007985433673993613,NA,NA,NA
Glaurung__Temperate_S,0.039160658637072694,0.0002453180940724752,0.0131572867739341,NA,NA,NA
Glaurung__Antarctic,0.005980168971567546,-0.0001826960024809857,0.0026704215196751277,NA,NA,NA
Glaurung__mat_z_trans,-0.04219704944024958,-0.007491914019222821,0.026828630972325962,NA,NA,NA
Glaurung__map_z_trans,0.018494956148535278,-0.0008764010899402192,0.008009339769058894,NA,NA,NA
Glaurung__wmm_z_trans,0.0017806207595495477,-0.0007163333894766823,0.0046503831972969575,NA,NA,NA
Glaurung__cmm_z_trans,0.0648097984854307,-0.004060809007688993,0.036577869355482434,NA,NA,NA
Glaurung__wmmcmm_z_trans,0.0351199717827695,-0.006102819450160365,0.033505212051939785,NA,NA,NA
Glaurung__wetmon_z_trans,0.00622242266984928,-0.0018459179714365745,0.008988311878589245,NA,NA,NA
Glaurung__drymon_z_trans,0.02885239141248305,-0.003039328036303633,0.019280083375226246,NA,NA,NA
Glaurung__wetdry_z_trans,-0.009526281185860111,-0.0038454054727670283,0.016275976091490153,NA,NA,NA
Glaurung__time,-0.028653057077251184,-0.0023384143996807473,0.0049262621211050685,NA,NA,NA
Gnathovorax__lat_range_z_trans,-0.060659887752733704,-0.006785744598148306,-0.0022946263913891513,1.0981699861805827,0.0017483844421803951,3.2547245579771698
Gnathovorax__Temperate_N,0.03276586852127265,0.00041998126364168096,0.013766530698624489,NA,NA,NA
Gnathovorax__Tropical,0.02068969224145633,-0.00043463991966637356,0.00980109434887217,NA,NA,NA
Gnathovorax__Temperate_S,-0.008331234521814532,-0.0037748028887020168,0.011060294808973734,NA,NA,NA
Gnathovorax__Antarctic,0.0026298855450026673,-0.0003381978998678865,0.002387877948404495,NA,NA,NA
Gnathovorax__mat_z_trans,0.034100161240826404,-0.0021786575684916067,0.03116450400571029,NA,NA,NA
Gnathovorax__map_z_trans,-0.0235334494101445,-0.0036338174008683282,0.004901446994515035,NA,NA,NA
Gnathovorax__wmm_z_trans,0.03222355776471261,-0.0027683152458365754,0.03107606454652206,NA,NA,NA
Gnathovorax__cmm_z_trans,-0.011613909764902283,-0.004694649110793444,0.010352728173553035,NA,NA,NA
Gnathovorax__wmmcmm_z_trans,0.00988914639215022,-0.00393795954221679,0.01825732658312769,NA,NA,NA
Gnathovorax__wetmon_z_trans,0.014192238281327934,-0.0035468198383957587,0.015435280882876247,NA,NA,NA
Gnathovorax__drymon_z_trans,0.0034802615933788718,-0.0004711618384031576,0.003290983169299539,NA,NA,NA
Gnathovorax__wetdry_z_trans,0.024056228405659037,-0.0023379823812134603,0.02428681784513777,NA,NA,NA
Gnathovorax__time,0.04756876579543459,-0.0004667033424412536,0.020653216581237695,NA,NA,NA
Gojirasaurus__lat_range_z_trans,0.2546591730415821,0.0008091422930381104,0.011280843514868395,0.25343173130531793,0.08452045544981956,0.5151074826717377
Gojirasaurus__Temperate_N,0.22666272506234236,-1.9385975531417038e-05,0.013398533664967509,NA,NA,NA
Gojirasaurus__Tropical,-0.2347054519644007,-0.0037187772296215986,0.0061211553967168075,NA,NA,NA
Gojirasaurus__Temperate_S,0.2451921508088708,0.0002472565967493166,0.015288034716575784,NA,NA,NA
Gojirasaurus__Antarctic,0.05666727497242391,8.74686246910359e-05,0.003029492126657793,NA,NA,NA
Gojirasaurus__mat_z_trans,0.22832325858995317,-0.004510427391897323,0.029801325397479674,NA,NA,NA
Gojirasaurus__map_z_trans,-0.37837772150989624,-0.0041831468984149,0.0077967283309143135,NA,NA,NA
Gojirasaurus__wmm_z_trans,0.022743512049783022,-0.0018240406179403888,0.013325416664740464,NA,NA,NA
Gojirasaurus__cmm_z_trans,-0.38536507218610494,-0.007016326405775631,0.013002921578305572,NA,NA,NA
Gojirasaurus__wmmcmm_z_trans,-0.2934502614662051,-0.006026473094916587,0.014058812105399885,NA,NA,NA
Gojirasaurus__wetmon_z_trans,-0.023618408651091157,-0.004735285452721351,0.019392542152960362,NA,NA,NA
Gojirasaurus__drymon_z_trans,0.025451407624641435,-0.0010017168309350997,0.0055273138722543415,NA,NA,NA
Gojirasaurus__wetdry_z_trans,0.13149200397427194,-0.003045699232346895,0.031028400464798097,NA,NA,NA
Gojirasaurus__time,0.20073193785967305,-1.205869578054814e-05,0.011088020208826084,NA,NA,NA
Gomphiosauridion__lat_range_z_trans,0.1418355923698845,0.0011285954466335212,0.016904497874207104,0.4338487709299079,0.0879438016563654,1.0630597919225693
Gomphiosauridion__Temperate_N,0.12258730363492475,-0.0004158342242640045,0.024186980905596227,NA,NA,NA
Gomphiosauridion__Tropical,-0.1307938868632332,-0.005186680934806513,0.009675533807535889,NA,NA,NA
Gomphiosauridion__Temperate_S,0.12821812339883001,-0.0006119452947958112,0.02349676121672709,NA,NA,NA
Gomphiosauridion__Antarctic,0.031013552073481453,7.93024081432273e-05,0.0042769213146390365,NA,NA,NA
Gomphiosauridion__mat_z_trans,0.03064721583794429,-0.0030058050368520404,0.018235812579384968,NA,NA,NA
Gomphiosauridion__map_z_trans,-0.19138862983667118,-0.006503571788631747,0.007201644055850473,NA,NA,NA
Gomphiosauridion__wmm_z_trans,-0.0026326376738454362,-0.002428082843723857,0.008405329776718344,NA,NA,NA
Gomphiosauridion__cmm_z_trans,-0.06652321768535395,-0.003221019355705833,0.009610403746714985,NA,NA,NA
Gomphiosauridion__wmmcmm_z_trans,-0.04053597581018539,-0.0028211766656423025,0.012483531463950247,NA,NA,NA
Gomphiosauridion__wetmon_z_trans,0.018511309588639765,-0.005081235113302436,0.02149130123123626,NA,NA,NA
Gomphiosauridion__drymon_z_trans,0.01133250561878222,-0.0009186586342774855,0.008242647894067697,NA,NA,NA
Gomphiosauridion__wetdry_z_trans,0.04462247935098064,-0.005221722635092312,0.023040541245412313,NA,NA,NA
Gomphiosauridion__time,0.020563590327447874,-0.0007416356390856822,0.0068876330834244485,NA,NA,NA
Gondwanax__lat_range_z_trans,0.133923385344328,0.0014382013215703772,0.016445211816818663,0.4943946798129764,0.2738285092636943,0.7601107284426689
Gondwanax__Temperate_N,0.12168837307732912,-6.297198680406274e-05,0.02436084011087983,NA,NA,NA
Gondwanax__Tropical,0.08251544244579728,-0.0004025195434809383,0.016757187310518715,NA,NA,NA
Gondwanax__Temperate_S,-0.26565762767291706,-0.010164471378805317,0.001806882044981679,NA,NA,NA
Gondwanax__Antarctic,0.03173518308219056,7.142953860569998e-05,0.004307643995894511,NA,NA,NA
Gondwanax__mat_z_trans,-0.0634034017251753,-0.005072199278431437,0.014937478670816148,NA,NA,NA
Gondwanax__map_z_trans,0.032177248179248434,-0.0023218255122012146,0.01568121420265061,NA,NA,NA
Gondwanax__wmm_z_trans,-0.02359440290258758,-0.0023809301235582707,0.010371625883704882,NA,NA,NA
Gondwanax__cmm_z_trans,0.06057489518030747,-0.002094375929799269,0.02001903022607983,NA,NA,NA
Gondwanax__wmmcmm_z_trans,0.06747501359140659,-0.0014288652727768583,0.01741334057196936,NA,NA,NA
Gondwanax__wetmon_z_trans,-0.019784587194293747,-0.004862218208244478,0.022370013289452626,NA,NA,NA
Gondwanax__drymon_z_trans,0.010901798233309884,-0.000869838680397249,0.006809841051442977,NA,NA,NA
Gondwanax__wetdry_z_trans,-0.030676387015525917,-0.004888640980598088,0.01861300728171057,NA,NA,NA
Gondwanax__time,-0.020417608291791425,-0.0019102442764821718,0.004246223738544701,NA,NA,NA
Gorgetosuchus__lat_range_z_trans,0.139168663315332,0.0010805636557038823,0.017398190587914808,0.4326801690584398,0.13495160825550556,1.1032541894819587
Gorgetosuchus__Temperate_N,0.12035934326071769,-0.0012557247015283445,0.020885535037424616,NA,NA,NA
Gorgetosuchus__Tropical,-0.13599161878495786,-0.004930233611372795,0.009958105971320854,NA,NA,NA
Gorgetosuchus__Temperate_S,0.12812528412284602,-4.84603462043293e-05,0.026467026754404568,NA,NA,NA
Gorgetosuchus__Antarctic,0.029689414363006126,7.399112593827118e-05,0.004582149445692621,NA,NA,NA
Gorgetosuchus__mat_z_trans,0.03322629532281246,-0.0026966295993595536,0.022759331798044014,NA,NA,NA
Gorgetosuchus__map_z_trans,-0.180864308921366,-0.005834618004749658,0.00741196672994271,NA,NA,NA
Gorgetosuchus__wmm_z_trans,-0.001662495982238478,-0.0021445652665300946,0.008650805868226972,NA,NA,NA
Gorgetosuchus__cmm_z_trans,-0.06655411307700786,-0.003939600036056099,0.008390826410485091,NA,NA,NA
Gorgetosuchus__wmmcmm_z_trans,-0.04320047592259085,-0.004205183869157538,0.009583464151521892,NA,NA,NA
Gorgetosuchus__wetmon_z_trans,0.012283928229874693,-0.004558582090269792,0.020267663730639575,NA,NA,NA
Gorgetosuchus__drymon_z_trans,0.01159842347715089,-0.0011404570153107378,0.005629837110484154,NA,NA,NA
Gorgetosuchus__wetdry_z_trans,0.048659498295658105,-0.004684619143556524,0.02243985698232919,NA,NA,NA
Gorgetosuchus__time,0.022619486632389395,-0.0006653514089499594,0.00971477961703402,NA,NA,NA
Gracilisuchus__lat_range_z_trans,0.11246568833095462,0.001341889399125162,0.015754784392340057,0.5427108172282169,0.26754816621541977,0.9970734706148505
Gracilisuchus__Temperate_N,0.1033300176715483,-5.9204550109437316e-05,0.0230254075590336,NA,NA,NA
Gracilisuchus__Tropical,0.07221069786454416,-0.0006412853454267007,0.016053662065287477,NA,NA,NA
Gracilisuchus__Temperate_S,-0.20570557000990897,-0.008884635746624233,0.008218049856940636,NA,NA,NA
Gracilisuchus__Antarctic,0.025198040306224894,6.715611039609621e-05,0.0042434767448314235,NA,NA,NA
Gracilisuchus__mat_z_trans,-0.03519350321376114,-0.0048877763680583355,0.014632543791586516,NA,NA,NA
Gracilisuchus__map_z_trans,-0.0010983214892364666,-0.0032218724360135965,0.020356538980086027,NA,NA,NA
Gracilisuchus__wmm_z_trans,-0.02182778523975592,-0.002238485776951539,0.00984288734159561,NA,NA,NA
Gracilisuchus__cmm_z_trans,0.04285227091103918,-0.0037121959127587147,0.01422401051589723,NA,NA,NA
Gracilisuchus__wmmcmm_z_trans,0.05208703492172024,-0.0012091893589438176,0.016682267721306654,NA,NA,NA
Gracilisuchus__wetmon_z_trans,-0.013888958158759556,-0.004571325380739879,0.021430842007682128,NA,NA,NA
Gracilisuchus__drymon_z_trans,0.009140846039199286,-0.0008177986808792138,0.006523940141766157,NA,NA,NA
Gracilisuchus__wetdry_z_trans,-0.008993150702066188,-0.004263007883047275,0.019056494899004604,NA,NA,NA
Gracilisuchus__time,-0.013119982900116208,-0.00185173838137179,0.004094634178106959,NA,NA,NA
Grallator__lat_range_z_trans,0.06469340282599463,0.0008366021576655403,0.010861154083720608,0.6691452178165491,0.0873938724398613,2.099791392858606
Grallator__Temperate_N,0.05758295841244065,-1.913120472051591e-05,0.014554688072760528,NA,NA,NA
Grallator__Tropical,-0.054149320633488235,-0.0035995347817829692,0.005678259654467456,NA,NA,NA
Grallator__Temperate_S,0.05536323417412908,0.00024400714646746782,0.01633303801555387,NA,NA,NA
Grallator__Antarctic,0.010994044106875682,-6.488020153391645e-06,0.002164468718248148,NA,NA,NA
Grallator__mat_z_trans,0.06201172985736757,-0.004451151280551672,0.027917774887377025,NA,NA,NA
Grallator__map_z_trans,-0.07736014654107867,-0.004350334106512436,0.006282701558688742,NA,NA,NA
Grallator__wmm_z_trans,0.02747470367327793,-0.003099778023030546,0.019428934781669918,NA,NA,NA
Grallator__cmm_z_trans,-0.07538145020737633,-0.0060829970947089,0.01162338171147395,NA,NA,NA
Grallator__wmmcmm_z_trans,-0.05324419328204951,-0.005078458494053228,0.01466774828115552,NA,NA,NA
Grallator__wetmon_z_trans,0.0004744376857393987,-0.004602018086480812,0.01787731470833489,NA,NA,NA
Grallator__drymon_z_trans,0.005571478018198675,-0.0006614719623241385,0.004357073709898542,NA,NA,NA
Grallator__wetdry_z_trans,0.02950065437551567,-0.003960728509832447,0.022570521031363415,NA,NA,NA
Grallator__time,0.06392579186607975,-0.00011798805138522799,0.019822480980752465,NA,NA,NA
Graoullyodon__lat_range_z_trans,0.042108822904445196,0.0009675152980737376,0.012074934705997275,1.0179732221550513,0.6345027852803469,1.3735392354428768
Graoullyodon__Temperate_N,-0.06834320671755903,-0.008450502114493467,0.0009509460156890441,NA,NA,NA
Graoullyodon__Tropical,0.016461024945747606,-0.0018362430661910945,0.012181726922362184,NA,NA,NA
Graoullyodon__Temperate_S,0.02186902596480381,-0.0017245519494403613,0.013602269291772238,NA,NA,NA
Graoullyodon__Antarctic,0.006808563411021152,1.686377406975153e-05,0.002673167974534159,NA,NA,NA
Graoullyodon__mat_z_trans,0.025222579190662096,-0.0032794412634682907,0.02873615482568852,NA,NA,NA
Graoullyodon__map_z_trans,-0.03109528463431809,-0.004010587210546555,0.008183043661411609,NA,NA,NA
Graoullyodon__wmm_z_trans,0.012757424335200046,-0.004742333122940596,0.02756609589133684,NA,NA,NA
Graoullyodon__cmm_z_trans,-0.011540130773377472,-0.002713897527958255,0.005797242357432057,NA,NA,NA
Graoullyodon__wmmcmm_z_trans,0.019417093434592334,-0.0011536448324816564,0.012931025247203073,NA,NA,NA
Graoullyodon__wetmon_z_trans,0.006458353507550143,-0.00294519611490416,0.01950197490870314,NA,NA,NA
Graoullyodon__drymon_z_trans,0.003826992769488224,-0.00034040800719159947,0.003830409627874386,NA,NA,NA
Graoullyodon__wetdry_z_trans,0.016555357394354864,-0.003199616415434938,0.01888160466370094,NA,NA,NA
Graoullyodon__time,0.05695070859901543,-0.0015374277584957886,0.027228944101759623,NA,NA,NA
Gresslyosaurus__lat_range_z_trans,-0.46277193605899813,-0.0040551904745237425,-0.008050371318362082,0.2616626819242083,0.005577694624662399,0.4794140812009573
Gresslyosaurus__Temperate_N,-0.3669018408749253,-0.006698818534523453,0.002455546093016102,NA,NA,NA
Gresslyosaurus__Tropical,0.10941405019722879,-0.0007498875797974475,0.013991935008172753,NA,NA,NA
Gresslyosaurus__Temperate_S,0.15958570854738355,-0.0007992992556670661,0.013081795248908217,NA,NA,NA
Gresslyosaurus__Antarctic,0.05420136229251511,7.665233413331044e-05,0.003152756067482365,NA,NA,NA
Gresslyosaurus__mat_z_trans,0.1745345514989458,-0.00295502869960561,0.030707750650106547,NA,NA,NA
Gresslyosaurus__map_z_trans,-0.2219883962534368,-0.004077813715883536,0.007284417298468084,NA,NA,NA
Gresslyosaurus__wmm_z_trans,0.11440508933505043,-0.0028843753884132384,0.030530174444051424,NA,NA,NA
Gresslyosaurus__cmm_z_trans,-0.10295701878509135,-0.0030078516921855985,0.01540001415411233,NA,NA,NA
Gresslyosaurus__wmmcmm_z_trans,0.1003125709015876,-0.002263875080185414,0.01420087639098165,NA,NA,NA
Gresslyosaurus__wetmon_z_trans,0.03385835039429366,-0.0036960786297494928,0.018677268358190353,NA,NA,NA
Gresslyosaurus__drymon_z_trans,0.034238482617947735,-0.000462249165005235,0.004066564321210293,NA,NA,NA
Gresslyosaurus__wetdry_z_trans,0.11905757299624384,-0.0028738218694114863,0.02254990559150189,NA,NA,NA
Gresslyosaurus__time,0.34185689029749483,-0.0005018325605852633,0.02609090788762518,NA,NA,NA
Guaibasaurus__lat_range_z_trans,0.020357415008673278,0.0007715771234140987,0.010364424191643969,1.929590942620416,0.04624590277671814,4.566640287637711
Guaibasaurus__Temperate_N,0.022049495173116426,-5.662112632349391e-05,0.018248598044342867,NA,NA,NA
Guaibasaurus__Tropical,0.013864392093282364,-0.0008412746896007123,0.011748056974979161,NA,NA,NA
Guaibasaurus__Temperate_S,-0.00701781714412072,-0.005172727199987045,0.007749359325189876,NA,NA,NA
Guaibasaurus__Antarctic,0.0009503546770973379,-0.0005285026673320011,0.0016668661989190777,NA,NA,NA
Guaibasaurus__mat_z_trans,0.022053933293113073,-0.004392858312091068,0.022274724088870775,NA,NA,NA
Guaibasaurus__map_z_trans,-0.014437166848701834,-0.0033532245673067187,0.00566398769777629,NA,NA,NA
Guaibasaurus__wmm_z_trans,0.019486531997310676,-0.0022761043345324978,0.025649675374368425,NA,NA,NA
Guaibasaurus__cmm_z_trans,-0.010300909546055722,-0.0054481134221293845,0.010969001658491576,NA,NA,NA
Guaibasaurus__wmmcmm_z_trans,0.001791430678956861,-0.004870194261336654,0.016157873060379652,NA,NA,NA
Guaibasaurus__wetmon_z_trans,0.0066092473914318986,-0.00400606976926408,0.017959824276131103,NA,NA,NA
Guaibasaurus__drymon_z_trans,0.0011863174450319248,-0.0007994759861906713,0.0038325394701619253,NA,NA,NA
Guaibasaurus__wetdry_z_trans,0.015329119412632548,-0.003985217392015062,0.018462421365966934,NA,NA,NA
Guaibasaurus__time,0.02553498069985819,9.33629329201569e-06,0.023392188468243456,NA,NA,NA
Gualosuchus__lat_range_z_trans,0.09767474543480405,0.0013374773130225691,0.015846065144675524,0.5893715249102388,0.26754816621541977,1.0764898099005222
Gualosuchus__Temperate_N,0.09022060001901591,0.00027208616437002334,0.023158813162847593,NA,NA,NA
Gualosuchus__Tropical,0.06218984882580897,-0.0003820909678911923,0.018446782593717726,NA,NA,NA
Gualosuchus__Temperate_S,-0.15987441848939973,-0.009607327574026653,0.008182566364903231,NA,NA,NA
Gualosuchus__Antarctic,0.021148045578719986,0.000120594563229344,0.0044168440582728185,NA,NA,NA
Gualosuchus__mat_z_trans,-0.024211620339943833,-0.0043792931796467075,0.015449838441064527,NA,NA,NA
Gualosuchus__map_z_trans,-0.02434873202848146,-0.0047989835784237695,0.020474481577507544,NA,NA,NA
Gualosuchus__wmm_z_trans,-0.009979131856767671,-0.001725371482501619,0.00999375752894279,NA,NA,NA
Gualosuchus__cmm_z_trans,0.026610370180560894,-0.0031687451948204507,0.014306422204231728,NA,NA,NA
Gualosuchus__wmmcmm_z_trans,0.04187464832836213,-0.0016906863788804915,0.01504106859558036,NA,NA,NA
Gualosuchus__wetmon_z_trans,-0.010749535570981837,-0.004245961227328647,0.01876150903161335,NA,NA,NA
Gualosuchus__drymon_z_trans,0.0074965856263645375,-0.0009750335974618052,0.00671963221776157,NA,NA,NA
Gualosuchus__wetdry_z_trans,0.007913408378321078,-0.004348595227504131,0.01793488154543956,NA,NA,NA
Gualosuchus__time,-0.008507489754756717,-0.001357539943539742,0.0054068777289067605,NA,NA,NA
Guchengosuchus__lat_range_z_trans,0.02745967875915698,0.0012877048274787541,0.011350342726132721,1.6760058177365136,0.5525967665016651,2.6651551639661193
Guchengosuchus__Temperate_N,-0.020093417322972703,-0.005182920276796058,0.009639813958663007,NA,NA,NA
Guchengosuchus__Tropical,0.02223426779037544,5.682698206743939e-05,0.010299090537266156,NA,NA,NA
Guchengosuchus__Temperate_S,0.030084715334788154,0.0006125205228783981,0.015858495665488765,NA,NA,NA
Guchengosuchus__Antarctic,0.001212474836099655,-0.00027536902063260443,0.0022775068656821613,NA,NA,NA
Guchengosuchus__mat_z_trans,-0.0019483709363295402,-0.0031219714720686275,0.013075636945638609,NA,NA,NA
Guchengosuchus__map_z_trans,0.05852986394973726,-0.0009368354494439588,0.03667325189987546,NA,NA,NA
Guchengosuchus__wmm_z_trans,0.002058101027758191,-0.00487005522472181,0.016327379658177054,NA,NA,NA
Guchengosuchus__cmm_z_trans,0.011945042510697923,-0.001256883669892197,0.011628778411829807,NA,NA,NA
Guchengosuchus__wmmcmm_z_trans,-0.0009756234018432868,-0.0028487008972228937,0.00976793190982691,NA,NA,NA
Guchengosuchus__wetmon_z_trans,0.0035857549215150696,-0.006821436282855869,0.02997156913903175,NA,NA,NA
Guchengosuchus__drymon_z_trans,0.002695887475682318,-0.000451098303049711,0.00347019845871932,NA,NA,NA
Guchengosuchus__wetdry_z_trans,-0.006526537782608073,-0.00826723041940067,0.02185898060249982,NA,NA,NA
Guchengosuchus__time,-0.012804512830431077,-0.002874021627743466,0.0019405634166335423,NA,NA,NA
Gyposaurus__lat_range_z_trans,0.042108822904445196,0.0009675152980737376,0.012074934705997275,1.0179732221550513,0.6345027852803469,1.3735392354428768
Gyposaurus__Temperate_N,-0.06834320671755903,-0.008450502114493467,0.0009509460156890441,NA,NA,NA
Gyposaurus__Tropical,0.016461024945747606,-0.0018362430661910945,0.012181726922362184,NA,NA,NA
Gyposaurus__Temperate_S,0.02186902596480381,-0.0017245519494403613,0.013602269291772238,NA,NA,NA
Gyposaurus__Antarctic,0.006808563411021152,1.686377406975153e-05,0.002673167974534159,NA,NA,NA
Gyposaurus__mat_z_trans,0.025222579190662096,-0.0032794412634682907,0.02873615482568852,NA,NA,NA
Gyposaurus__map_z_trans,-0.03109528463431809,-0.004010587210546555,0.008183043661411609,NA,NA,NA
Gyposaurus__wmm_z_trans,0.012757424335200046,-0.004742333122940596,0.02756609589133684,NA,NA,NA
Gyposaurus__cmm_z_trans,-0.011540130773377472,-0.002713897527958255,0.005797242357432057,NA,NA,NA
Gyposaurus__wmmcmm_z_trans,0.019417093434592334,-0.0011536448324816564,0.012931025247203073,NA,NA,NA
Gyposaurus__wetmon_z_trans,0.006458353507550143,-0.00294519611490416,0.01950197490870314,NA,NA,NA
Gyposaurus__drymon_z_trans,0.003826992769488224,-0.00034040800719159947,0.003830409627874386,NA,NA,NA
Gyposaurus__wetdry_z_trans,0.016555357394354864,-0.003199616415434938,0.01888160466370094,NA,NA,NA
Gyposaurus__time,0.05695070859901543,-0.0015374277584957886,0.027228944101759623,NA,NA,NA
Halazhaisuchus__lat_range_z_trans,0.02745967875915698,0.0012877048274787541,0.011350342726132721,1.6760058177365136,0.5525967665016651,2.6651551639661193
Halazhaisuchus__Temperate_N,-0.020093417322972703,-0.005182920276796058,0.009639813958663007,NA,NA,NA
Halazhaisuchus__Tropical,0.02223426779037544,5.682698206743939e-05,0.010299090537266156,NA,NA,NA
Halazhaisuchus__Temperate_S,0.030084715334788154,0.0006125205228783981,0.015858495665488765,NA,NA,NA
Halazhaisuchus__Antarctic,0.001212474836099655,-0.00027536902063260443,0.0022775068656821613,NA,NA,NA
Halazhaisuchus__mat_z_trans,-0.0019483709363295402,-0.0031219714720686275,0.013075636945638609,NA,NA,NA
Halazhaisuchus__map_z_trans,0.05852986394973726,-0.0009368354494439588,0.03667325189987546,NA,NA,NA
Halazhaisuchus__wmm_z_trans,0.002058101027758191,-0.00487005522472181,0.016327379658177054,NA,NA,NA
Halazhaisuchus__cmm_z_trans,0.011945042510697923,-0.001256883669892197,0.011628778411829807,NA,NA,NA
Halazhaisuchus__wmmcmm_z_trans,-0.0009756234018432868,-0.0028487008972228937,0.00976793190982691,NA,NA,NA
Halazhaisuchus__wetmon_z_trans,0.0035857549215150696,-0.006821436282855869,0.02997156913903175,NA,NA,NA
Halazhaisuchus__drymon_z_trans,0.002695887475682318,-0.000451098303049711,0.00347019845871932,NA,NA,NA
Halazhaisuchus__wetdry_z_trans,-0.006526537782608073,-0.00826723041940067,0.02185898060249982,NA,NA,NA
Halazhaisuchus__time,-0.012804512830431077,-0.002874021627743466,0.0019405634166335423,NA,NA,NA
Haligonia__lat_range_z_trans,-0.8047890821099282,-0.014307852490694576,-0.01817068242238904,0.19117831598228804,0.08556330855935812,0.31997417425736785
Haligonia__Temperate_N,-0.10949513434054098,-0.002782136631452432,0.0066590526540948325,NA,NA,NA
Haligonia__Tropical,-0.0612068501394242,-0.0020590104957856382,0.009128129876387826,NA,NA,NA
Haligonia__Temperate_S,0.13184206667356194,-0.0005516164682715128,0.014746554598208372,NA,NA,NA
Haligonia__Antarctic,0.02702385914821207,-5.2951471260570506e-05,0.0030668539336250705,NA,NA,NA
Haligonia__mat_z_trans,0.17172176842112094,-0.001971247106527818,0.034385828269024026,NA,NA,NA
Haligonia__map_z_trans,-0.10700686102733016,-0.0034536509217361873,0.004708732827692289,NA,NA,NA
Haligonia__wmm_z_trans,0.16476314378902315,-0.0018221531178166492,0.03450985521309003,NA,NA,NA
Haligonia__cmm_z_trans,-0.024530124189623165,-0.0022592985608601065,0.007323654771074081,NA,NA,NA
Haligonia__wmmcmm_z_trans,0.14196616318862654,-0.00016993427665417936,0.013370963496166403,NA,NA,NA
Haligonia__wetmon_z_trans,0.06443689652252943,-0.0033207565176793176,0.020284117197372335,NA,NA,NA
Haligonia__drymon_z_trans,0.0292144383766572,-0.0001862954727050029,0.00554915250954854,NA,NA,NA
Haligonia__wetdry_z_trans,0.11439798216102645,-0.002153975061050371,0.025696697057437344,NA,NA,NA
Haligonia__time,0.30745555413886905,0.0001414082810910844,0.032880630214132976,NA,NA,NA
Helveticosaurus__lat_range_z_trans,0.02898953192921122,0.0012857151830270356,0.012442956710871107,1.6818935745352064,0.18918634671717882,4.204534823074937
Helveticosaurus__Temperate_N,0.026804405836874965,-0.0001225278551907658,0.0179053677942549,NA,NA,NA
Helveticosaurus__Tropical,-0.03181258496218851,-0.007345530935021092,0.011758119452023633,NA,NA,NA
Helveticosaurus__Temperate_S,0.03180352179319189,0.0005129311714788747,0.017725428461974276,NA,NA,NA
Helveticosaurus__Antarctic,0.0019287014753078798,-0.0006216106152598486,0.002950837489971873,NA,NA,NA
Helveticosaurus__mat_z_trans,-0.0032492208580722375,-0.005011033305169063,0.015467238449894751,NA,NA,NA
Helveticosaurus__map_z_trans,0.024312499126883595,-0.0014128633926788143,0.01870201277141437,NA,NA,NA
Helveticosaurus__wmm_z_trans,-0.0005770359842510437,-0.005140500947401095,0.012537057401960773,NA,NA,NA
Helveticosaurus__cmm_z_trans,0.022867869677440637,-0.0011752087272154613,0.01822665509819232,NA,NA,NA
Helveticosaurus__wmmcmm_z_trans,0.014483344205559023,-0.0025729311584563033,0.016146211128680192,NA,NA,NA
Helveticosaurus__wetmon_z_trans,0.007311357269496555,-0.004942936551224799,0.025093423657144648,NA,NA,NA
Helveticosaurus__drymon_z_trans,0.0013713139070315418,-0.0010829227422997278,0.0036320340854890587,NA,NA,NA
Helveticosaurus__wetdry_z_trans,0.00013250468300844698,-0.0052198755936187155,0.019128012863696562,NA,NA,NA
Helveticosaurus__time,-0.006908883767867633,-0.002100174842373501,0.0024241848298966156,NA,NA,NA
Hemilopas__lat_range_z_trans,0.026017866387276475,0.0008986486349557354,0.009570310593004724,1.431674569825409,0.3447452085092664,2.457997554913163
Hemilopas__Temperate_N,-0.030474743412652498,-0.007470239085262813,0.009529749210782925,NA,NA,NA
Hemilopas__Tropical,0.024157494230547555,-0.00022718033329332938,0.010765115870638775,NA,NA,NA
Hemilopas__Temperate_S,0.03506369818108575,0.0006118256875334405,0.016347573089900657,NA,NA,NA
Hemilopas__Antarctic,0.002658576645064337,-0.00016927753663010633,0.002771278581962066,NA,NA,NA
Hemilopas__mat_z_trans,-0.005056140469362213,-0.004234982271271815,0.010359429684384837,NA,NA,NA
Hemilopas__map_z_trans,0.05560687619301416,-0.0006356352188179365,0.03502003648543997,NA,NA,NA
Hemilopas__wmm_z_trans,0.0038366348416874496,-0.004075664719693151,0.017917886070650185,NA,NA,NA
Hemilopas__cmm_z_trans,0.015201409884517781,-0.0013114335268510542,0.012634991168817087,NA,NA,NA
Hemilopas__wmmcmm_z_trans,0.0029474810443201847,-0.0025124077784503904,0.010037950444587959,NA,NA,NA
Hemilopas__wetmon_z_trans,0.0037962066590095573,-0.006853516008074239,0.0314608301385414,NA,NA,NA
Hemilopas__drymon_z_trans,0.0030341773947930688,-0.0005440598215544706,0.0029014122348800745,NA,NA,NA
Hemilopas__wetdry_z_trans,-0.0061538902172256485,-0.005865376077988606,0.022197517937696157,NA,NA,NA
Hemilopas__time,-0.013178323030449657,-0.0025601722560045373,0.002625458684178283,NA,NA,NA
Hemiprotosuchus__lat_range_z_trans,0.046924181464872546,0.0007197752057483559,0.0100606775988824,0.8714440072956495,0.04624590277671814,3.981112467125058
Hemiprotosuchus__Temperate_N,0.04187614217348762,-0.00020908266170233694,0.014523406540739754,NA,NA,NA
Hemiprotosuchus__Tropical,0.03128971169648996,-0.0001705415805289739,0.011996326486402326,NA,NA,NA
Hemiprotosuchus__Temperate_S,-0.03144389545634669,-0.003904453699710181,0.007840176556797628,NA,NA,NA
Hemiprotosuchus__Antarctic,0.0073848136749046734,-0.00022497629973275613,0.0027574021124768013,NA,NA,NA
Hemiprotosuchus__mat_z_trans,0.043244239048629285,-0.003995220604051833,0.027616618647505576,NA,NA,NA
Hemiprotosuchus__map_z_trans,-0.0505561126023364,-0.0041309598965238205,0.00662657154571475,NA,NA,NA
Hemiprotosuchus__wmm_z_trans,0.02686195174385592,-0.0034893822655595137,0.016585703820961983,NA,NA,NA
Hemiprotosuchus__cmm_z_trans,-0.0558409905256297,-0.006603831525817232,0.015467875708438878,NA,NA,NA
Hemiprotosuchus__wmmcmm_z_trans,-0.027688931275255867,-0.004784310910445561,0.019315368697852504,NA,NA,NA
Hemiprotosuchus__wetmon_z_trans,0.007581381367119965,-0.0038168395189953695,0.018689833479732836,NA,NA,NA
Hemiprotosuchus__drymon_z_trans,0.004142882666316358,-0.0009689221709065131,0.004053117144084371,NA,NA,NA
Hemiprotosuchus__wetdry_z_trans,0.03142279215242488,-0.003495078586609979,0.0223463257070511,NA,NA,NA
Hemiprotosuchus__time,0.042259158203093734,0.00012435420343243493,0.016260136148824177,NA,NA,NA
Heptasuchus__lat_range_z_trans,0.13474567656571346,0.0012060830025067083,0.01821537207102875,0.4512320911811548,0.1381082572042942,1.0630597919225693
Heptasuchus__Temperate_N,0.1151140316239861,-0.0014015909292771753,0.021866514778465396,NA,NA,NA
Heptasuchus__Tropical,-0.12636516557746383,-0.0055029344413685425,0.010425831610118163,NA,NA,NA
Heptasuchus__Temperate_S,0.12170321573779354,-0.00013723001546270115,0.027710165462851884,NA,NA,NA
Heptasuchus__Antarctic,0.029314019056306727,7.94097274974739e-05,0.0046085789500752965,NA,NA,NA
Heptasuchus__mat_z_trans,0.013276877881755527,-0.002010899593038362,0.016858955629266526,NA,NA,NA
Heptasuchus__map_z_trans,-0.17737296791019086,-0.006512373023562617,0.007760101895755473,NA,NA,NA
Heptasuchus__wmm_z_trans,-0.0032815201264463955,-0.002431368750027926,0.009057128487456064,NA,NA,NA
Heptasuchus__cmm_z_trans,-0.046596118347458075,-0.002770336358845438,0.010355650981288503,NA,NA,NA
Heptasuchus__wmmcmm_z_trans,-0.023096155118372597,-0.0028249945428677386,0.009315578118716696,NA,NA,NA
Heptasuchus__wetmon_z_trans,0.015174852850112039,-0.005088111510676774,0.021219622465829157,NA,NA,NA
Heptasuchus__drymon_z_trans,0.009534406100858006,-0.0012200350172590286,0.007093796097674832,NA,NA,NA
Heptasuchus__wetdry_z_trans,0.04033349749631533,-0.005228789153176363,0.023493842195160583,NA,NA,NA
Heptasuchus__time,0.014972674098717333,-0.001106299705844792,0.006158401451777759,NA,NA,NA
Herrerasaurus__lat_range_z_trans,0.06768614087447193,0.0014148410167955973,0.016357678826014042,0.7066168826579815,0.061036333441734314,1.1245625521987677
Herrerasaurus__Temperate_N,0.062487434873182326,0.0001563190473256378,0.022065419092520657,NA,NA,NA
Herrerasaurus__Tropical,0.04955475615953468,-0.0003421108899601434,0.018260118620558513,NA,NA,NA
Herrerasaurus__Temperate_S,-0.050161596347436874,-0.006508770853233688,0.008761041875426201,NA,NA,NA
Herrerasaurus__Antarctic,0.011600589155098527,2.3554368067575247e-05,0.003969318894086888,NA,NA,NA
Herrerasaurus__mat_z_trans,0.02136444756782533,-0.002534696116327019,0.01664430425054972,NA,NA,NA
Herrerasaurus__map_z_trans,-0.07996102688108597,-0.007613085445377204,0.009386984224001948,NA,NA,NA
Herrerasaurus__wmm_z_trans,6.756057206131121e-06,-0.0020056708754094404,0.010209147507620454,NA,NA,NA
Herrerasaurus__cmm_z_trans,-0.015841412752160274,-0.003781423856051976,0.013966581452021298,NA,NA,NA
Herrerasaurus__wmmcmm_z_trans,-0.01083577482875376,-0.004418472090823072,0.011128822652335588,NA,NA,NA
Herrerasaurus__wetmon_z_trans,0.012355791123884978,-0.0035533541779395788,0.019342845046716517,NA,NA,NA
Herrerasaurus__drymon_z_trans,0.004332007220154114,-0.0012321266567851665,0.0068365329513193,NA,NA,NA
Herrerasaurus__wetdry_z_trans,0.037245395902243385,-0.0035855874362694697,0.027266718954700314,NA,NA,NA
Herrerasaurus__time,0.007623816207461788,-0.0009688863454153251,0.009944025847593657,NA,NA,NA
Hesperosuchus__lat_range_z_trans,-1.0516941538453102,-0.01261687620968267,-0.0211960658746696,0.24352629564196832,0.13005135394632816,0.3794999844394624
Hesperosuchus__Temperate_N,0.17107111241901293,-1.780815694094593e-05,0.016205434067822398,NA,NA,NA
Hesperosuchus__Tropical,-0.11281698371749371,-0.004066496590636066,0.006772109230630958,NA,NA,NA
Hesperosuchus__Temperate_S,0.14127306023845448,-0.0003971444214132133,0.015247492870110723,NA,NA,NA
Hesperosuchus__Antarctic,0.04283708007773385,1.9299019722913714e-05,0.0028641679349882816,NA,NA,NA
Hesperosuchus__mat_z_trans,0.18132385079748928,-0.002331890058473858,0.030826841784565046,NA,NA,NA
Hesperosuchus__map_z_trans,-0.17763897006399929,-0.004167474685048476,0.006930887262865848,NA,NA,NA
Hesperosuchus__wmm_z_trans,0.20866086597787217,-0.002597810669471478,0.02963598785224032,NA,NA,NA
Hesperosuchus__cmm_z_trans,-0.054511032045120374,-0.0024447808384154284,0.008556204466002828,NA,NA,NA
Hesperosuchus__wmmcmm_z_trans,0.16191469365905506,3.624629685862446e-06,0.014837360747722083,NA,NA,NA
Hesperosuchus__wetmon_z_trans,0.049815337932668624,-0.004263704447567693,0.02056596055110411,NA,NA,NA
Hesperosuchus__drymon_z_trans,0.03765829805885005,-0.00010490175344185456,0.003964310617843711,NA,NA,NA
Hesperosuchus__wetdry_z_trans,0.12249316542409361,-0.0022554699211230437,0.026702373714295433,NA,NA,NA
Hesperosuchus__time,0.3605700000189245,0.0002919637914026767,0.032226474969942964,NA,NA,NA
Heterodontichnites__lat_range_z_trans,0.03521249391358204,0.00012399051207463897,0.006441850490073732,0.6724044996411976,0.024783071130514145,3.1645675080944784
Heterodontichnites__Temperate_N,0.057972836281302835,8.052744736033786e-05,0.01478433903056695,NA,NA,NA
Heterodontichnites__Tropical,-0.053318848867069675,-0.004837151004218921,0.00619891968634879,NA,NA,NA
Heterodontichnites__Temperate_S,0.05543728184063093,0.00015808314356060898,0.014395342479469303,NA,NA,NA
Heterodontichnites__Antarctic,0.011243184552519082,-0.00016453082078992428,0.0021870648575561193,NA,NA,NA
Heterodontichnites__mat_z_trans,0.05840473202029928,-0.00377478813099775,0.027442993346109255,NA,NA,NA
Heterodontichnites__map_z_trans,-0.07686764506164533,-0.004569104969442848,0.005153433008100924,NA,NA,NA
Heterodontichnites__wmm_z_trans,0.025558675496961804,-0.0026981697613074266,0.019186243329319775,NA,NA,NA
Heterodontichnites__cmm_z_trans,-0.06711309635516136,-0.006227375291431989,0.00818170384673527,NA,NA,NA
Heterodontichnites__wmmcmm_z_trans,-0.03178925534365041,-0.004528130303068113,0.018664841665924657,NA,NA,NA
Heterodontichnites__wetmon_z_trans,0.0043993433029246645,-0.004374437401416395,0.017375007187907906,NA,NA,NA
Heterodontichnites__drymon_z_trans,0.00532608047152535,-0.0005057170429878605,0.004917555525710349,NA,NA,NA
Heterodontichnites__wetdry_z_trans,0.030448390878818926,-0.0035805066239352553,0.024734016977944074,NA,NA,NA
Heterodontichnites__time,0.06254315120058815,-5.2160064802376744e-05,0.024476228763697996,NA,NA,NA
Heteropelta__lat_range_z_trans,0.02764159442014454,0.0012734484246405932,0.011357457974598984,1.6608378598173295,0.5202834643423557,2.6651551639661193
Heteropelta__Temperate_N,-0.021255685901321472,-0.0055118096497432266,0.009645856919051024,NA,NA,NA
Heteropelta__Tropical,0.022275444593003575,5.6197840721424096e-05,0.010305546781797036,NA,NA,NA
Heteropelta__Temperate_S,0.030291889382831925,0.0006057392022415152,0.01570938915317778,NA,NA,NA
Heteropelta__Antarctic,0.001266152954723457,-0.00023147423555653986,0.00230714474159784,NA,NA,NA
Heteropelta__mat_z_trans,-0.0020903359511033476,-0.0030874075859937413,0.013083833738278946,NA,NA,NA
Heteropelta__map_z_trans,0.05879403699927244,-0.0009264635821686822,0.036696241452317147,NA,NA,NA
Heteropelta__wmm_z_trans,0.0016741881586837422,-0.004816138001111129,0.01633761488770924,NA,NA,NA
Heteropelta__cmm_z_trans,0.012325801852720487,-0.0012429684934198272,0.011636068204724676,NA,NA,NA
Heteropelta__wmmcmm_z_trans,-0.0004424717671291378,-0.002817162436941001,0.009774055184182314,NA,NA,NA
Heteropelta__wetmon_z_trans,0.003913622186744711,-0.006745914982082579,0.029990357572693496,NA,NA,NA
Heteropelta__drymon_z_trans,0.002652929910012087,-0.0004876114930061253,0.003472373840102667,NA,NA,NA
Heteropelta__wetdry_z_trans,-0.007131374173750694,-0.008175702481708895,0.021872683455528914,NA,NA,NA
Heteropelta__time,-0.012458468333205984,-0.002842202837275063,0.0019509162897050152,NA,NA,NA
Horaffia__lat_range_z_trans,-0.22512349670752882,-0.0028123418464079193,-0.0009096124305523002,0.28882779960054905,0.01704484038054943,0.68061284115538
Horaffia__Temperate_N,-0.3692789657739922,-0.008675527451095438,0.01017613510376113,NA,NA,NA
Horaffia__Tropical,0.1513826131960377,-0.0006820464020221105,0.013858451197209447,NA,NA,NA
Horaffia__Temperate_S,0.2534858869295567,0.0003032089147892903,0.026092099240474415,NA,NA,NA
Horaffia__Antarctic,0.05798068376316223,0.00013287755394726677,0.00413448753216201,NA,NA,NA
Horaffia__mat_z_trans,-0.04636764350347221,-0.004205389510315877,0.01683417335784783,NA,NA,NA
Horaffia__map_z_trans,-0.050788203200791034,-0.002973237344042674,0.019357149999208192,NA,NA,NA
Horaffia__wmm_z_trans,0.011324181207455694,-0.0014636335733958113,0.011825599423814026,NA,NA,NA
Horaffia__cmm_z_trans,0.09634243151260308,-0.0023328593357802817,0.02224765998527187,NA,NA,NA
Horaffia__wmmcmm_z_trans,0.10367131363891531,-0.001217684132607712,0.01801060114787596,NA,NA,NA
Horaffia__wetmon_z_trans,0.02076688255183399,-0.004302782244987695,0.020394152034067064,NA,NA,NA
Horaffia__drymon_z_trans,0.028527305133466144,-0.000879686071603239,0.006342102485937763,NA,NA,NA
Horaffia__wetdry_z_trans,0.047382532292976974,-0.004749707222664696,0.01769044862478132,NA,NA,NA
Horaffia__time,0.02982745733112097,-0.0010906616452163792,0.008086092493606357,NA,NA,NA
Hovasaurus__lat_range_z_trans,-1.1838499742746353,-0.01474772244036684,-0.02317584534469481,0.19628430311990086,0.02716241404414177,0.3460938651114702
Hovasaurus__Temperate_N,0.17347763959667645,0.00010138167164939956,0.017483632225226586,NA,NA,NA
Hovasaurus__Tropical,0.10776539605576545,-0.00011150279058883244,0.01107059893064124,NA,NA,NA
Hovasaurus__Temperate_S,-0.10507424025505316,-0.0033705328155379964,0.0019092521662058867,NA,NA,NA
Hovasaurus__Antarctic,0.027294583988405067,-0.00018103716094722386,0.0025252953206261627,NA,NA,NA
Hovasaurus__mat_z_trans,-0.0036643385792558547,-0.00477954362444726,0.021679950333830446,NA,NA,NA
Hovasaurus__map_z_trans,0.3577754009468481,-0.00011026502330201661,0.03897505175897215,NA,NA,NA
Hovasaurus__wmm_z_trans,0.01730726833397057,-0.0025147772005131874,0.017646535650187485,NA,NA,NA
Hovasaurus__cmm_z_trans,0.3138530766917393,-0.0009442869758723491,0.029250023184191072,NA,NA,NA
Hovasaurus__wmmcmm_z_trans,0.2004462722199969,-0.0008353747886328923,0.01827218278905986,NA,NA,NA
Hovasaurus__wetmon_z_trans,0.0912580020679161,-0.0027726729331839736,0.025544319816189903,NA,NA,NA
Hovasaurus__drymon_z_trans,0.06840030586114153,-0.0002384772337449927,0.007610639477689237,NA,NA,NA
Hovasaurus__wetdry_z_trans,0.029552798453369177,-0.003081365226651354,0.022742664817979052,NA,NA,NA
Hovasaurus__time,-0.04365762453468051,-0.0013632937692637534,0.0026052390693608045,NA,NA,NA
Howesia__lat_range_z_trans,0.2702927305683242,0.0008982800943127729,0.012659464964870795,0.3300269354119518,0.11314912512898445,0.5824944470077753
Howesia__Temperate_N,0.2279299916048114,2.710415881654393e-05,0.020343566224859676,NA,NA,NA
Howesia__Tropical,0.1744867714244058,-1.4805798581979819e-05,0.013852071064110964,NA,NA,NA
Howesia__Temperate_S,-0.5008370271411859,-0.007533566198832359,-0.000782584745870471,NA,NA,NA
Howesia__Antarctic,0.06512644508817847,0.00012975741821604175,0.004206691061845783,NA,NA,NA
Howesia__mat_z_trans,-0.1394731484355563,-0.004130174681499122,0.008429845222278284,NA,NA,NA
Howesia__map_z_trans,0.3671828621037861,-0.0007313106927908051,0.037385686897137914,NA,NA,NA
Howesia__wmm_z_trans,-0.07953529288002267,-0.004067158315829487,0.013734639805894476,NA,NA,NA
Howesia__cmm_z_trans,0.05580905403599307,-0.001265247390447479,0.015176466405544837,NA,NA,NA
Howesia__wmmcmm_z_trans,-0.025350138418824237,-0.002399060278439571,0.011911764348334977,NA,NA,NA
Howesia__wetmon_z_trans,-0.09717876439857323,-0.0066399264386272396,0.025551923801364947,NA,NA,NA
Howesia__drymon_z_trans,0.035159866728653025,-0.0005143066025274548,0.004837908521825178,NA,NA,NA
Howesia__wetdry_z_trans,-0.1774532175941189,-0.006773220913042114,0.023093055705141533,NA,NA,NA
Howesia__time,-0.05870280835424445,-0.001935834672131024,0.003739040918126193,NA,NA,NA
Hupehsuchus__lat_range_z_trans,-0.9647372555732727,-0.013617643770837169,-0.024860706501627916,0.1447706703910808,0.0055417416151613,0.3234822952945251
Hupehsuchus__Temperate_N,0.18618992757052183,-0.0002978802615689265,0.019619544232210944,NA,NA,NA
Hupehsuchus__Tropical,-0.10008823849959299,-0.002789870983451904,0.011804430467776723,NA,NA,NA
Hupehsuchus__Temperate_S,0.2282960325840395,6.469176939151144e-06,0.02248275210780002,NA,NA,NA
Hupehsuchus__Antarctic,0.04505216268415097,-7.143454595559656e-05,0.0040046751588025805,NA,NA,NA
Hupehsuchus__mat_z_trans,-0.0459708603710169,-0.004431917757284341,0.018263443354353877,NA,NA,NA
Hupehsuchus__map_z_trans,0.12722075505182148,-0.0012287049322567598,0.02187731111199213,NA,NA,NA
Hupehsuchus__wmm_z_trans,0.009349286505457712,-0.0018837070682590261,0.013206364735832065,NA,NA,NA
Hupehsuchus__cmm_z_trans,0.1633940111263655,-0.0011603302463743265,0.027480976060447852,NA,NA,NA
Hupehsuchus__wmmcmm_z_trans,0.15749130747281015,-0.0004378641438244266,0.02012367113492492,NA,NA,NA
Hupehsuchus__wetmon_z_trans,0.07081196906976402,-0.0037953579642401158,0.02743632261967937,NA,NA,NA
Hupehsuchus__drymon_z_trans,0.03768691481964197,-0.0006278721133310733,0.005638440279572356,NA,NA,NA
Hupehsuchus__wetdry_z_trans,0.03406294026732212,-0.003977493224566156,0.02003450417404161,NA,NA,NA
Hupehsuchus__time,0.030931460704669008,-0.000635862476392602,0.0070278112596585465,NA,NA,NA
Hwiccewyrm__lat_range_z_trans,0.1509895976999821,0.0010358963114594298,0.013786394787208375,0.38163604040266363,0.22111564874649048,0.5835368391126394
Hwiccewyrm__Temperate_N,-0.1928215477843104,-0.006434985295316111,0.012303455227568318,NA,NA,NA
Hwiccewyrm__Tropical,0.0928855928883453,-0.0008315763178258058,0.016202570303144998,NA,NA,NA
Hwiccewyrm__Temperate_S,0.1339575089334129,-0.0005125748254066941,0.020647540657732246,NA,NA,NA
Hwiccewyrm__Antarctic,0.03113827607689504,8.517431012161632e-05,0.0030739555982905154,NA,NA,NA
Hwiccewyrm__mat_z_trans,0.025049917520220035,-0.0026040388014077873,0.019403428668624358,NA,NA,NA
Hwiccewyrm__map_z_trans,-0.19261266191301643,-0.006810771226108361,0.005964128292139721,NA,NA,NA
Hwiccewyrm__wmm_z_trans,0.00551883924235088,-0.001846304819408521,0.008369735517728669,NA,NA,NA
Hwiccewyrm__cmm_z_trans,-0.052715824521771384,-0.003175867697292401,0.013089042292721604,NA,NA,NA
Hwiccewyrm__wmmcmm_z_trans,-0.006726304289407057,-0.0030204088196096068,0.015037165091266654,NA,NA,NA
Hwiccewyrm__wetmon_z_trans,0.02075952238228856,-0.005054582786505811,0.019397164055207746,NA,NA,NA
Hwiccewyrm__drymon_z_trans,0.003556036686501587,-0.001074792584519517,0.006228207381513563,NA,NA,NA
Hwiccewyrm__wetdry_z_trans,0.05591250823004511,-0.004421348065508851,0.032359514492276455,NA,NA,NA
Hwiccewyrm__time,0.0425658631800901,-0.0002832896940748547,0.008277237830041851,NA,NA,NA
Hyperodapedon__lat_range_z_trans,-0.5793233362109956,-0.015033757917295543,-0.007474211157175162,0.3337329228512681,0.0024840575642883778,1.065574758220464
Hyperodapedon__Temperate_N,0.10306212092899784,6.578787783349479e-05,0.015744621120714102,NA,NA,NA
Hyperodapedon__Tropical,-0.04886648700960255,-0.0027994547867221213,0.00483579955205486,NA,NA,NA
Hyperodapedon__Temperate_S,-0.01719623011677929,-0.0021576627324844284,0.0071989627979784756,NA,NA,NA
Hyperodapedon__Antarctic,0.017549123724349292,-8.467629246576432e-05,0.0027205827279368194,NA,NA,NA
Hyperodapedon__mat_z_trans,0.13040273688292234,-0.0015224928767547418,0.033425996154276154,NA,NA,NA
Hyperodapedon__map_z_trans,-0.053733599193698627,-0.0022337100668104798,0.0057730737690282734,NA,NA,NA
Hyperodapedon__wmm_z_trans,0.13022006855568696,-0.001807882504233078,0.026881587602773593,NA,NA,NA
Hyperodapedon__cmm_z_trans,-0.014604733451006881,-0.002275992549013748,0.014060590787427508,NA,NA,NA
Hyperodapedon__wmmcmm_z_trans,0.09019180732121249,-0.002639275988230767,0.01628201706892992,NA,NA,NA
Hyperodapedon__wetmon_z_trans,0.05672226787453304,-0.002429767933405857,0.018573584342715204,NA,NA,NA
Hyperodapedon__drymon_z_trans,0.02082999234706389,-0.0002850234884235429,0.004391558963166087,NA,NA,NA
Hyperodapedon__wetdry_z_trans,0.0956294743856999,-0.0016542387579705354,0.024091075943127024,NA,NA,NA
Hyperodapedon__time,0.1865741182932436,-9.132229542616345e-05,0.027634300522512235,NA,NA,NA
Hypselorhachis__lat_range_z_trans,0.30037988021969797,0.0008974719374364352,0.013186008559422202,0.2767644700213714,0.10960966069251299,0.4651677832007408
Hypselorhachis__Temperate_N,0.25681534851901233,-0.0003327665547142659,0.01809393154527508,NA,NA,NA
Hypselorhachis__Tropical,0.2031672818295192,-1.5018757288635784e-05,0.014061514711397332,NA,NA,NA
Hypselorhachis__Temperate_S,-0.5499451528000645,-0.006389662825088584,0.0033083134683069082,NA,NA,NA
Hypselorhachis__Antarctic,0.07474884828552604,0.00010873520420531315,0.004443940721825065,NA,NA,NA
Hypselorhachis__mat_z_trans,-0.14448475860532198,-0.0033822249740689354,0.010942162307204436,NA,NA,NA
Hypselorhachis__map_z_trans,0.4682578114792705,-0.0005471404592611953,0.039494171065344474,NA,NA,NA
Hypselorhachis__wmm_z_trans,-0.1062216439761687,-0.004223112182989048,0.014509248298883412,NA,NA,NA
Hypselorhachis__cmm_z_trans,0.030549898534081875,-0.0013961773949926904,0.008546402856161824,NA,NA,NA
Hypselorhachis__wmmcmm_z_trans,-0.07874629051191732,-0.0027250107814477697,0.009926065941785554,NA,NA,NA
Hypselorhachis__wetmon_z_trans,-0.10210314506664872,-0.007736622649628991,0.02847372360749162,NA,NA,NA
Hypselorhachis__drymon_z_trans,0.0496972942649154,-0.00037361887987323947,0.005110757688768822,NA,NA,NA
Hypselorhachis__wetdry_z_trans,-0.2461365082487464,-0.006870643308568429,0.02027146080855104,NA,NA,NA
Hypselorhachis__time,-0.07754243538263836,-0.001963678685123241,0.0037718386150473156,NA,NA,NA
Hypsognathus__lat_range_z_trans,-0.8047890821099282,-0.014307852490694576,-0.01817068242238904,0.19117831598228804,0.08556330855935812,0.31997417425736785
Hypsognathus__Temperate_N,-0.10949513434054098,-0.002782136631452432,0.0066590526540948325,NA,NA,NA
Hypsognathus__Tropical,-0.0612068501394242,-0.0020590104957856382,0.009128129876387826,NA,NA,NA
Hypsognathus__Temperate_S,0.13184206667356194,-0.0005516164682715128,0.014746554598208372,NA,NA,NA
Hypsognathus__Antarctic,0.02702385914821207,-5.2951471260570506e-05,0.0030668539336250705,NA,NA,NA
Hypsognathus__mat_z_trans,0.17172176842112094,-0.001971247106527818,0.034385828269024026,NA,NA,NA
Hypsognathus__map_z_trans,-0.10700686102733016,-0.0034536509217361873,0.004708732827692289,NA,NA,NA
Hypsognathus__wmm_z_trans,0.16476314378902315,-0.0018221531178166492,0.03450985521309003,NA,NA,NA
Hypsognathus__cmm_z_trans,-0.024530124189623165,-0.0022592985608601065,0.007323654771074081,NA,NA,NA
Hypsognathus__wmmcmm_z_trans,0.14196616318862654,-0.00016993427665417936,0.013370963496166403,NA,NA,NA
Hypsognathus__wetmon_z_trans,0.06443689652252943,-0.0033207565176793176,0.020284117197372335,NA,NA,NA
Hypsognathus__drymon_z_trans,0.0292144383766572,-0.0001862954727050029,0.00554915250954854,NA,NA,NA
Hypsognathus__wetdry_z_trans,0.11439798216102645,-0.002153975061050371,0.025696697057437344,NA,NA,NA
Hypsognathus__time,0.30745555413886905,0.0001414082810910844,0.032880630214132976,NA,NA,NA
Hypuronector__lat_range_z_trans,0.10374751470443909,0.000779907132426227,0.010761368546488737,0.47664714416168863,0.14418192952871323,1.4882606491446495
Hypuronector__Temperate_N,0.09119711918450865,-1.868553988103098e-05,0.01514975098806775,NA,NA,NA
Hypuronector__Tropical,-0.08819792803459812,-0.003682274941564754,0.008732048039090024,NA,NA,NA
Hypuronector__Temperate_S,0.09621319378921044,0.0002383229563000298,0.015907434927173034,NA,NA,NA
Hypuronector__Antarctic,0.02005567229917785,2.7896578556699563e-05,0.002637342829640159,NA,NA,NA
Hypuronector__mat_z_trans,0.09857229265132529,-0.004347460914474364,0.028784969533482203,NA,NA,NA
Hypuronector__map_z_trans,-0.13699760140168704,-0.004073832432927079,0.006539567434949975,NA,NA,NA
Hypuronector__wmm_z_trans,0.024859486457512056,-0.0018084970600708086,0.01847443848607242,NA,NA,NA
Hypuronector__cmm_z_trans,-0.12993136902363897,-0.006673984740132418,0.011280442894410476,NA,NA,NA
Hypuronector__wmmcmm_z_trans,-0.10049673788390938,-0.005694816683468351,0.013680422467116132,NA,NA,NA
Hypuronector__wetmon_z_trans,0.0003931927064991145,-0.004610884553978943,0.018945387225814663,NA,NA,NA
Hypuronector__drymon_z_trans,0.009192272413297328,-0.0007139818651487146,0.00514290232437596,NA,NA,NA
Hypuronector__wetdry_z_trans,0.04457385510195456,-0.004255938748437802,0.02349330824451313,NA,NA,NA
Hypuronector__time,0.0842763613675355,-0.00011523949860196554,0.014610156254270435,NA,NA,NA
Icarosaurus__lat_range_z_trans,0.25566858902573586,0.0008819862469741583,0.009959591572010422,0.2723338618069829,0.08703449077438563,0.458045628387481
Icarosaurus__Temperate_N,0.22752791266073472,-2.1131219996780048e-05,0.013035161099085037,NA,NA,NA
Icarosaurus__Tropical,-0.23683310306631028,-0.004053564373420323,0.00594837985295006,NA,NA,NA
Icarosaurus__Temperate_S,0.24538659501820803,0.00026951615270005575,0.014694658247292672,NA,NA,NA
Icarosaurus__Antarctic,0.05587409310042858,9.534308697370784e-05,0.002744035634595582,NA,NA,NA
Icarosaurus__mat_z_trans,0.23409654231814783,-0.00314535944311276,0.03248278444038774,NA,NA,NA
Icarosaurus__map_z_trans,-0.37229456526692956,-0.004805126933048199,0.0065815756319630705,NA,NA,NA
Icarosaurus__wmm_z_trans,0.041900557486806066,-0.001988251946274047,0.012478310860445995,NA,NA,NA
Icarosaurus__cmm_z_trans,-0.3818891746737063,-0.006140577720425614,0.01707880605486853,NA,NA,NA
Icarosaurus__wmmcmm_z_trans,-0.2943166022794321,-0.0063514558906374585,0.014241770213033491,NA,NA,NA
Icarosaurus__wetmon_z_trans,-0.014402005175070372,-0.005214385910722113,0.020257584044850726,NA,NA,NA
Icarosaurus__drymon_z_trans,0.02440618645749055,-0.0008667092923243959,0.004512205087054463,NA,NA,NA
Icarosaurus__wetdry_z_trans,0.11693918014061637,-0.0037250010034864368,0.028915151146424005,NA,NA,NA
Icarosaurus__time,0.1938777322974056,0.00011524793539693076,0.011209526310503303,NA,NA,NA
Idiosaura__lat_range_z_trans,0.1358750442549609,0.0011955028975006333,0.018151677334536646,0.4491002405920881,0.1381082572042942,1.0630597919225693
Idiosaura__Temperate_N,0.1159191535955862,-0.0013892957728273334,0.021964129803164565,NA,NA,NA
Idiosaura__Tropical,-0.12639060755614975,-0.005454661126754026,0.010472373906430207,NA,NA,NA
Idiosaura__Temperate_S,0.12252211136646006,-0.0001360261945228794,0.027833867319936954,NA,NA,NA
Idiosaura__Antarctic,0.029613650610455795,7.8713122658768e-05,0.004818786065204941,NA,NA,NA
Idiosaura__mat_z_trans,0.01754161856379046,-0.002521450814329313,0.014611299947915227,NA,NA,NA
Idiosaura__map_z_trans,-0.18087432870309367,-0.006455244625032152,0.007794744020753292,NA,NA,NA
Idiosaura__wmm_z_trans,-0.003412208414771832,-0.0024100400880450274,0.009097560711336446,NA,NA,NA
Idiosaura__cmm_z_trans,-0.0466337611914761,-0.002746034176062152,0.01040187998195714,NA,NA,NA
Idiosaura__wmmcmm_z_trans,-0.026889563458884186,-0.0025736054625789305,0.010768792482875406,NA,NA,NA
Idiosaura__wetmon_z_trans,0.015264785041132685,-0.005043477141438757,0.021314349677371294,NA,NA,NA
Idiosaura__drymon_z_trans,0.009180435170764884,-0.001209332521189636,0.0071254637451395,NA,NA,NA
Idiosaura__wetdry_z_trans,0.03916962426940995,-0.005182920719428226,0.023598721825471743,NA,NA,NA
Idiosaura__time,0.01657137078344086,-0.001101597689354245,0.006185893373371717,NA,NA,NA
Ignotosaurus__lat_range_z_trans,0.061334572028280555,0.0014507623486947727,0.016513463723200564,0.7707543411350344,0.4275338576408103,1.1323013827204704
Ignotosaurus__Temperate_N,0.05692337730747588,-8.824773504336077e-05,0.02346530248156809,NA,NA,NA
Ignotosaurus__Tropical,0.04484823194787121,-0.00038238698413531065,0.01941858457272437,NA,NA,NA
Ignotosaurus__Temperate_S,-0.04260997749301635,-0.00678505420203023,0.00936526443644142,NA,NA,NA
Ignotosaurus__Antarctic,0.010017907278698801,-7.101981116553264e-05,0.0039268999306916,NA,NA,NA
Ignotosaurus__mat_z_trans,0.01606088362798424,-0.002833101289861574,0.013423192003827494,NA,NA,NA
Ignotosaurus__map_z_trans,-0.07204849345693472,-0.008509360177810683,0.010935763428984018,NA,NA,NA
Ignotosaurus__wmm_z_trans,-0.0007979508455349328,-0.002241794867462987,0.011117153251300894,NA,NA,NA
Ignotosaurus__cmm_z_trans,-0.009889275847144581,-0.002744638052665345,0.01485265505408988,NA,NA,NA
Ignotosaurus__wmmcmm_z_trans,-0.0029999478686741875,-0.003227228075882849,0.010366285385521045,NA,NA,NA
Ignotosaurus__wetmon_z_trans,0.015584580315893251,-0.0038741586851043,0.01989085991259942,NA,NA,NA
Ignotosaurus__drymon_z_trans,0.0032296741697551462,-0.0013771826918917798,0.007690879588205166,NA,NA,NA
Ignotosaurus__wetdry_z_trans,0.033559524438176794,-0.003183108510622744,0.027453170796459217,NA,NA,NA
Ignotosaurus__time,0.0042442187287951945,-0.001082951576421352,0.005720065629851903,NA,NA,NA
Incertovenator__lat_range_z_trans,0.061334572028280555,0.0014507623486947727,0.016513463723200564,0.7707543411350344,0.4275338576408103,1.1323013827204704
Incertovenator__Temperate_N,0.05692337730747588,-8.824773504336077e-05,0.02346530248156809,NA,NA,NA
Incertovenator__Tropical,0.04484823194787121,-0.00038238698413531065,0.01941858457272437,NA,NA,NA
Incertovenator__Temperate_S,-0.04260997749301635,-0.00678505420203023,0.00936526443644142,NA,NA,NA
Incertovenator__Antarctic,0.010017907278698801,-7.101981116553264e-05,0.0039268999306916,NA,NA,NA
Incertovenator__mat_z_trans,0.01606088362798424,-0.002833101289861574,0.013423192003827494,NA,NA,NA
Incertovenator__map_z_trans,-0.07204849345693472,-0.008509360177810683,0.010935763428984018,NA,NA,NA
Incertovenator__wmm_z_trans,-0.0007979508455349328,-0.002241794867462987,0.011117153251300894,NA,NA,NA
Incertovenator__cmm_z_trans,-0.009889275847144581,-0.002744638052665345,0.01485265505408988,NA,NA,NA
Incertovenator__wmmcmm_z_trans,-0.0029999478686741875,-0.003227228075882849,0.010366285385521045,NA,NA,NA
Incertovenator__wetmon_z_trans,0.015584580315893251,-0.0038741586851043,0.01989085991259942,NA,NA,NA
Incertovenator__drymon_z_trans,0.0032296741697551462,-0.0013771826918917798,0.007690879588205166,NA,NA,NA
Incertovenator__wetdry_z_trans,0.033559524438176794,-0.003183108510622744,0.027453170796459217,NA,NA,NA
Incertovenator__time,0.0042442187287951945,-0.001082951576421352,0.005720065629851903,NA,NA,NA
Indosauriscus__lat_range_z_trans,0.047290130757737324,0.000775996550458244,0.010284215568766212,1.1058966762150522,0.33652590215206146,1.8532996270805597
Indosauriscus__Temperate_N,0.044880115275722256,0.0001561507521549203,0.013602850298483956,NA,NA,NA
Indosauriscus__Tropical,0.022980852158814447,-0.0006293900991788163,0.0090874278323258,NA,NA,NA
Indosauriscus__Temperate_S,-0.07280998845312693,-0.0043672395759092285,0.0023435852147000546,NA,NA,NA
Indosauriscus__Antarctic,0.00829830922327944,-7.767156822484871e-05,0.002703518096850344,NA,NA,NA
Indosauriscus__mat_z_trans,-0.051328152585966715,-0.007821486217026047,0.020939704001869525,NA,NA,NA
Indosauriscus__map_z_trans,0.02359049249565163,-0.0003306889541036542,0.011395278526510988,NA,NA,NA
Indosauriscus__wmm_z_trans,0.0004981936285560007,-0.0007832326394987407,0.0038047339414530442,NA,NA,NA
Indosauriscus__cmm_z_trans,0.07346531869810759,-0.0034426607861907242,0.03763439050605678,NA,NA,NA
Indosauriscus__wmmcmm_z_trans,0.03537688282906652,-0.006450736626674162,0.034199393170677654,NA,NA,NA
Indosauriscus__wetmon_z_trans,0.006590154702908089,-0.001473130525658833,0.009656758202383492,NA,NA,NA
Indosauriscus__drymon_z_trans,0.029747013436135922,-0.003314308258908513,0.021136056171340248,NA,NA,NA
Indosauriscus__wetdry_z_trans,-0.017290882667804434,-0.004410068252064481,0.014539128047696062,NA,NA,NA
Indosauriscus__time,-0.03383111516745485,-0.0027810041105783916,0.002812500616350941,NA,NA,NA
Ingentia__lat_range_z_trans,0.053350562378002564,0.0007574523133063609,0.010555501360690209,0.7579345874887076,0.013806082308292389,4.565820649731904
Ingentia__Temperate_N,0.05070468180809896,-0.0003048198959032106,0.016465579560704775,NA,NA,NA
Ingentia__Tropical,0.037641341139451924,-0.0003987954385608605,0.011948129454767097,NA,NA,NA
Ingentia__Temperate_S,-0.04057542022678276,-0.00414929830375813,0.008700642835073828,NA,NA,NA
Ingentia__Antarctic,0.009052324778181308,-0.00036149489031177837,0.002899249813797536,NA,NA,NA
Ingentia__mat_z_trans,0.056750535974873964,-0.004180400033704347,0.02575381340725267,NA,NA,NA
Ingentia__map_z_trans,-0.05722358945656907,-0.004331390620186838,0.007407875387429393,NA,NA,NA
Ingentia__wmm_z_trans,0.026951840244182543,-0.0013209894525869992,0.02288788892209558,NA,NA,NA
Ingentia__cmm_z_trans,-0.06822392247677954,-0.007017951563982393,0.008670606450877088,NA,NA,NA
Ingentia__wmmcmm_z_trans,-0.046220342020624854,-0.0061628658876592135,0.017892041750860798,NA,NA,NA
Ingentia__wetmon_z_trans,0.004684849157261358,-0.003885242956548566,0.01619139565990095,NA,NA,NA
Ingentia__drymon_z_trans,0.0052878167736912,-0.00098301884528431,0.004004788721191873,NA,NA,NA
Ingentia__wetdry_z_trans,0.03272951048140972,-0.002742807074309543,0.02529517265195305,NA,NA,NA
Ingentia__time,0.052547135777228984,0.0001321523380865538,0.015466854218870228,NA,NA,NA
Issi__lat_range_z_trans,0.07216014490143145,0.000843856504341337,0.010570972305195046,0.5845549940496858,0.2876780405640602,1.0400638971477747
Issi__Temperate_N,-0.0591840386683409,-0.0038979985652285217,0.004092406835725532,NA,NA,NA
Issi__Tropical,0.054839007016726594,-0.00037792945193803766,0.011464931012191705,NA,NA,NA
Issi__Temperate_S,0.06841925526459856,-2.6537205171404413e-05,0.015148160397396795,NA,NA,NA
Issi__Antarctic,0.011247264705662957,-4.0491887856541884e-05,0.0021535954916078737,NA,NA,NA
Issi__mat_z_trans,0.07611931342220986,-0.004477041183317594,0.031783011995587196,NA,NA,NA
Issi__map_z_trans,-0.08815220419478705,-0.004978396792853589,0.005449454232632418,NA,NA,NA
Issi__wmm_z_trans,0.01859053140289355,-0.0018634596549314516,0.015068186442498126,NA,NA,NA
Issi__cmm_z_trans,-0.09166378793780339,-0.006491041554221975,0.01517186572359132,NA,NA,NA
Issi__wmmcmm_z_trans,-0.061351627512032686,-0.0047682776750128525,0.018003306543356423,NA,NA,NA
Issi__wetmon_z_trans,0.006252477717553486,-0.004404962189771407,0.02059825039920573,NA,NA,NA
Issi__drymon_z_trans,0.004456211956477974,-0.001156534177290712,0.005907958812819191,NA,NA,NA
Issi__wetdry_z_trans,0.044741658442855325,-0.0033802333756036648,0.02675359181272442,NA,NA,NA
Issi__time,0.060983117814180525,6.957689745314024e-05,0.01197384819093332,NA,NA,NA
Ixalerpeton__lat_range_z_trans,-0.05885949749680019,-0.007347429295356636,-0.002167228266706032,1.2393156684281712,0.0009429287165403366,3.6535444860346615
Ixalerpeton__Temperate_N,0.028797234534931417,-0.00023433772849054818,0.013002210109887776,NA,NA,NA
Ixalerpeton__Tropical,0.019584859374613628,-0.0004244239848393531,0.012700531411020935,NA,NA,NA
Ixalerpeton__Temperate_S,-0.0070821932234808455,-0.0036860785480445153,0.012013036249894467,NA,NA,NA
Ixalerpeton__Antarctic,0.002218136336091591,-0.0003674998913113064,0.002298947878916481,NA,NA,NA
Ixalerpeton__mat_z_trans,0.031025167151720136,-0.0021108143958359685,0.034122453243866604,NA,NA,NA
Ixalerpeton__map_z_trans,-0.02051803893890893,-0.0035393427292322605,0.004629317658916791,NA,NA,NA
Ixalerpeton__wmm_z_trans,0.032110061816280205,-0.0027032477569740206,0.02941288218606377,NA,NA,NA
Ixalerpeton__cmm_z_trans,-0.006197701078235499,-0.004459118433946602,0.008916533940574803,NA,NA,NA
Ixalerpeton__wmmcmm_z_trans,0.012238457704398817,-0.0032797978331389034,0.01621600988241566,NA,NA,NA
Ixalerpeton__wetmon_z_trans,0.013024613166464903,-0.0036291222340583294,0.015910782309743885,NA,NA,NA
Ixalerpeton__drymon_z_trans,0.002974807381668955,-0.0004838768152199784,0.003108267113341232,NA,NA,NA
Ixalerpeton__wetdry_z_trans,0.023533234025792295,-0.0022286468876966405,0.022938408770962555,NA,NA,NA
Ixalerpeton__time,0.044608183577089816,-0.0004557337772582115,0.021037387706566168,NA,NA,NA
Jaklapallisaurus__lat_range_z_trans,0.2013385561691054,0.0007480995328358767,0.01060401168223096,0.3244830130747869,0.029831983149051666,2.1001880951225758
Jaklapallisaurus__Temperate_N,0.17646667351495213,-0.0003010560766906532,0.01393371494381713,NA,NA,NA
Jaklapallisaurus__Tropical,0.13771479948430806,-0.00012169111376715784,0.011784538373179304,NA,NA,NA
Jaklapallisaurus__Temperate_S,-0.20085104970054474,-0.0043717871726902495,0.006040826055627608,NA,NA,NA
Jaklapallisaurus__Antarctic,0.044875595449775506,3.5155776130563834e-05,0.0033756714424748036,NA,NA,NA
Jaklapallisaurus__mat_z_trans,0.18026503901182125,-0.00419333185525959,0.02903880948129071,NA,NA,NA
Jaklapallisaurus__map_z_trans,-0.2542746613104771,-0.00433580206042321,0.00746440270222811,NA,NA,NA
Jaklapallisaurus__wmm_z_trans,0.05926534569442963,-0.0012970261175421728,0.01577721179075637,NA,NA,NA
Jaklapallisaurus__cmm_z_trans,-0.29812368407358275,-0.006877731432167978,0.01239590531342035,NA,NA,NA
Jaklapallisaurus__wmmcmm_z_trans,-0.23588632986376837,-0.005292048385427528,0.01845082998733226,NA,NA,NA
Jaklapallisaurus__wetmon_z_trans,0.002043150685279268,-0.0044531076516482505,0.021244220460671717,NA,NA,NA
Jaklapallisaurus__drymon_z_trans,0.019731250848196526,-0.0008785915972556027,0.0050032769789159414,NA,NA,NA
Jaklapallisaurus__wetdry_z_trans,0.11584055375339451,-0.0037410727205069863,0.02377073914634285,NA,NA,NA
Jaklapallisaurus__time,0.169052084668737,0.00013052056300966544,0.015255381837176977,NA,NA,NA
Jaxtasuchus__lat_range_z_trans,0.07470134381953765,0.0013498663239990567,0.01597073332533682,0.6660160565387924,0.19099099159939215,1.3298357278108597
Jaxtasuchus__Temperate_N,-0.12656991323571234,-0.008675161041220202,0.015645407795875012,NA,NA,NA
Jaxtasuchus__Tropical,0.04441489019556833,-0.0006208072158045933,0.016401887177831226,NA,NA,NA
Jaxtasuchus__Temperate_S,0.07472292951666638,-6.2259837691406414e-06,0.024066783341570645,NA,NA,NA
Jaxtasuchus__Antarctic,0.015041045233735431,8.840624256036117e-05,0.004172051340620062,NA,NA,NA
Jaxtasuchus__mat_z_trans,-0.01854273761789693,-0.004489784913656569,0.012456616855352858,NA,NA,NA
Jaxtasuchus__map_z_trans,-0.023694797557348102,-0.004736772216656169,0.01386013792434722,NA,NA,NA
Jaxtasuchus__wmm_z_trans,0.004074871694803963,-0.0019245320614187924,0.010148833690488789,NA,NA,NA
Jaxtasuchus__cmm_z_trans,0.021625505113751765,-0.0026964294516057413,0.01706870749363573,NA,NA,NA
Jaxtasuchus__wmmcmm_z_trans,0.03234305362933575,-0.0018827959541964537,0.015581108516868112,NA,NA,NA
Jaxtasuchus__wetmon_z_trans,0.012744833372487472,-0.004118654645364951,0.018162116272355592,NA,NA,NA
Jaxtasuchus__drymon_z_trans,0.004038796515626916,-0.0009687651905785681,0.0063419692092281784,NA,NA,NA
Jaxtasuchus__wetdry_z_trans,0.002329904315584767,-0.004422327697444055,0.019547890250182436,NA,NA,NA
Jaxtasuchus__time,0.0002275993354852684,-0.0018454865062474588,0.004715297001772401,NA,NA,NA
Jesairosaurus__lat_range_z_trans,0.06212300982542498,0.0010789323998665612,0.010876819922855156,0.831468268634053,0.18918634671717882,3.4794425345025957
Jesairosaurus__Temperate_N,0.057732835523305895,-0.0002173053081181655,0.014101792356409291,NA,NA,NA
Jesairosaurus__Tropical,-0.08284228787274761,-0.0061562307055325885,0.005147517986932853,NA,NA,NA
Jesairosaurus__Temperate_S,0.066182669008327,0.0004868510904774726,0.016472294887260236,NA,NA,NA
Jesairosaurus__Antarctic,0.011633382161705844,-0.0002210465586033755,0.0037121838514778153,NA,NA,NA
Jesairosaurus__mat_z_trans,-0.015267509048447633,-0.0045175631855261375,0.007134109354805633,NA,NA,NA
Jesairosaurus__map_z_trans,0.09855048456563988,-0.0003697700392855953,0.036306731409899234,NA,NA,NA
Jesairosaurus__wmm_z_trans,-0.0314098477345197,-0.0053489579662615114,0.012159904020908502,NA,NA,NA
Jesairosaurus__cmm_z_trans,0.017968328323109215,-0.0015980797025625401,0.013156678207762935,NA,NA,NA
Jesairosaurus__wmmcmm_z_trans,-0.012209499339221526,-0.0029027392525263823,0.01648426837695695,NA,NA,NA
Jesairosaurus__wetmon_z_trans,-0.0064625624992134985,-0.006600511569183054,0.02761507467812598,NA,NA,NA
Jesairosaurus__drymon_z_trans,0.010554838039302553,-0.00035967471758883827,0.003987214024452341,NA,NA,NA
Jesairosaurus__wetdry_z_trans,-0.037041394783685816,-0.006230595911153177,0.022982252560303427,NA,NA,NA
Jesairosaurus__time,-0.022055121837353267,-0.001992778885405941,0.004002698557314731,NA,NA,NA
Jingshanosaurus__lat_range_z_trans,0.042108822904445196,0.0009675152980737376,0.012074934705997275,1.0179732221550513,0.6345027852803469,1.3735392354428768
Jingshanosaurus__Temperate_N,-0.06834320671755903,-0.008450502114493467,0.0009509460156890441,NA,NA,NA
Jingshanosaurus__Tropical,0.016461024945747606,-0.0018362430661910945,0.012181726922362184,NA,NA,NA
Jingshanosaurus__Temperate_S,0.02186902596480381,-0.0017245519494403613,0.013602269291772238,NA,NA,NA
Jingshanosaurus__Antarctic,0.006808563411021152,1.686377406975153e-05,0.002673167974534159,NA,NA,NA
Jingshanosaurus__mat_z_trans,0.025222579190662096,-0.0032794412634682907,0.02873615482568852,NA,NA,NA
Jingshanosaurus__map_z_trans,-0.03109528463431809,-0.004010587210546555,0.008183043661411609,NA,NA,NA
Jingshanosaurus__wmm_z_trans,0.012757424335200046,-0.004742333122940596,0.02756609589133684,NA,NA,NA
Jingshanosaurus__cmm_z_trans,-0.011540130773377472,-0.002713897527958255,0.005797242357432057,NA,NA,NA
Jingshanosaurus__wmmcmm_z_trans,0.019417093434592334,-0.0011536448324816564,0.012931025247203073,NA,NA,NA
Jingshanosaurus__wetmon_z_trans,0.006458353507550143,-0.00294519611490416,0.01950197490870314,NA,NA,NA
Jingshanosaurus__drymon_z_trans,0.003826992769488224,-0.00034040800719159947,0.003830409627874386,NA,NA,NA
Jingshanosaurus__wetdry_z_trans,0.016555357394354864,-0.003199616415434938,0.01888160466370094,NA,NA,NA
Jingshanosaurus__time,0.05695070859901543,-0.0015374277584957886,0.027228944101759623,NA,NA,NA
Jupijkam__lat_range_z_trans,0.21642597321915671,0.0008039100339335305,0.011039445861924698,0.3158883959800005,0.1248213155195117,0.5347217470407486
Jupijkam__Temperate_N,0.19486657770024823,-1.9260617546983218e-05,0.013622195195352023,NA,NA,NA
Jupijkam__Tropical,-0.19977416128708406,-0.0037318980170466622,0.006411099844732836,NA,NA,NA
Jupijkam__Temperate_S,0.207716558019114,0.00024565773015855724,0.015356427239526849,NA,NA,NA
Jupijkam__Antarctic,0.04586492708099862,9.555221979696892e-05,0.002773819121457665,NA,NA,NA
Jupijkam__mat_z_trans,0.21075937159041905,-0.003929746279828365,0.033296211994569225,NA,NA,NA
Jupijkam__map_z_trans,-0.31444707701047864,-0.004199211205064487,0.008619230322787275,NA,NA,NA
Jupijkam__wmm_z_trans,0.03142047491082154,-0.0016770554077817166,0.014011518614959995,NA,NA,NA
Jupijkam__cmm_z_trans,-0.31538564539179187,-0.0068793873986262456,0.011864179297196733,NA,NA,NA
Jupijkam__wmmcmm_z_trans,-0.24180211505018165,-0.005870083863716083,0.014883143544954722,NA,NA,NA
Jupijkam__wetmon_z_trans,-0.01158306542885671,-0.004752791972451196,0.019571153700374034,NA,NA,NA
Jupijkam__drymon_z_trans,0.022490239398537636,-0.0007899854436431205,0.005409035430213485,NA,NA,NA
Jupijkam__wetdry_z_trans,0.1037661876037206,-0.004233189370475958,0.026687500511008877,NA,NA,NA
Jupijkam__time,0.1671390789770028,-1.1980719111512303e-05,0.010594579516406667,NA,NA,NA
Jushatyria__lat_range_z_trans,0.027520084855918305,0.0013871743357985096,0.010917013539014808,1.6740732159418985,0.5554070249199867,2.773977005854249
Jushatyria__Temperate_N,-0.02056678887429558,-0.005716122125913202,0.00927178870625738,NA,NA,NA
Jushatyria__Tropical,0.022269731121736608,6.121661534745985e-05,0.009905895667450279,NA,NA,NA
Jushatyria__Temperate_S,0.03019236877029933,0.0006598350269062857,0.015253055882616181,NA,NA,NA
Jushatyria__Antarctic,0.001242199495096739,-0.00029664006078428833,0.0022176732184985047,NA,NA,NA
Jushatyria__mat_z_trans,-0.0019260254500749485,-0.0033631299741478577,0.012576440113840995,NA,NA,NA
Jushatyria__map_z_trans,0.057833647916777045,-0.0010092018485939576,0.03527315405101006,NA,NA,NA
Jushatyria__wmm_z_trans,0.0025529230626570834,-0.004504072582508436,0.016496522878151683,NA,NA,NA
Jushatyria__cmm_z_trans,0.012163906433404502,-0.0013539723799687842,0.0111848192100719,NA,NA,NA
Jushatyria__wmmcmm_z_trans,-0.0010626007004594731,-0.0030687504548156893,0.009395015417661162,NA,NA,NA
Jushatyria__wetmon_z_trans,0.0033071417998794725,-0.007348362095830201,0.028827325656254548,NA,NA,NA
Jushatyria__drymon_z_trans,0.0026344193036817584,-0.00048594365382476757,0.0033377145052795256,NA,NA,NA
Jushatyria__wetdry_z_trans,-0.005896048630303525,-0.0069557803134695055,0.027027135024314558,NA,NA,NA
Jushatyria__time,-0.01280763477269101,-0.0029557207995988422,0.002455986325043511,NA,NA,NA
Kadimakara__lat_range_z_trans,0.016474755894086753,0.0012471026453847937,0.00947447096545052,2.8427388389094266,0.9726823270320892,3.9926954433321953
Kadimakara__Temperate_N,0.016685291862160233,-4.2151984741669486e-06,0.013347336705307196,NA,NA,NA
Kadimakara__Tropical,0.010612301275268339,-0.0006431233813636011,0.009126426981696087,NA,NA,NA
Kadimakara__Temperate_S,-0.021474962119011058,-0.0072231011682161944,0.0009672171475772764,NA,NA,NA
Kadimakara__Antarctic,-0.0018463017035169934,-0.0007480950756534375,0.0005074707972069166,NA,NA,NA
Kadimakara__mat_z_trans,0.0026444168771650105,-0.00718169380036693,0.020639865760425657,NA,NA,NA
Kadimakara__map_z_trans,0.03436726566603152,-0.0004003030138740295,0.027470220169881886,NA,NA,NA
Kadimakara__wmm_z_trans,0.005300579550673745,-0.004446910299493789,0.016920213476949567,NA,NA,NA
Kadimakara__cmm_z_trans,0.03163593775225315,-0.002446319439688829,0.02826108286138031,NA,NA,NA
Kadimakara__wmmcmm_z_trans,0.019479694429349787,-0.0010326881769324352,0.020384930374245824,NA,NA,NA
Kadimakara__wetmon_z_trans,0.007745027749900703,-0.0039430666148220685,0.02129568800375677,NA,NA,NA
Kadimakara__drymon_z_trans,0.003998120177217764,-0.0007106298052934908,0.0056214603999468924,NA,NA,NA
Kadimakara__wetdry_z_trans,0.002889534391426979,-0.004429797243762629,0.017257133911546096,NA,NA,NA
Kadimakara__time,-0.011054337471379638,-0.0029866297388464686,0.0028660226400940964,NA,NA,NA
Kahneria__lat_range_z_trans,0.10714087625516508,0.00106522367803297,0.011711407652129007,0.40783946491836104,0.06518566235899925,0.81639844563324
Kahneria__Temperate_N,0.10037640915537654,3.5502041268722395e-07,0.017663175238182362,NA,NA,NA
Kahneria__Tropical,-0.07345851274100651,-0.003897820685784604,0.009412787622317094,NA,NA,NA
Kahneria__Temperate_S,0.1069511354113633,-0.00040350332316848003,0.017346521635485137,NA,NA,NA
Kahneria__Antarctic,0.017221506714389215,-8.285861456695554e-05,0.003535050287410032,NA,NA,NA
Kahneria__mat_z_trans,-0.00391393641670234,-0.0026842175152875973,0.008051883277746624,NA,NA,NA
Kahneria__map_z_trans,0.07192602104261826,-0.0003449365545510107,0.01516220268739428,NA,NA,NA
Kahneria__wmm_z_trans,-0.04370604621801321,-0.0076993622281516984,0.02327543995166737,NA,NA,NA
Kahneria__cmm_z_trans,-0.046015721432285474,-0.0028415014418073574,0.006993366793604421,NA,NA,NA
Kahneria__wmmcmm_z_trans,-0.12427939673345052,-0.007063518395919517,0.024947959535912657,NA,NA,NA
Kahneria__wetmon_z_trans,0.023551748257525054,-0.0013555274008300719,0.011965440462823263,NA,NA,NA
Kahneria__drymon_z_trans,0.08100355243263407,-0.0022526040183157552,0.020377840856066178,NA,NA,NA
Kahneria__wetdry_z_trans,0.0047538240054422,-0.0024902820815763333,0.015131171426456551,NA,NA,NA
Kahneria__time,-0.10409413540142941,-0.004898916749889551,0.008565292768270102,NA,NA,NA
Kalisuchus__lat_range_z_trans,0.016474755894086753,0.0012471026453847937,0.00947447096545052,2.8427388389094266,0.9726823270320892,3.9926954433321953
Kalisuchus__Temperate_N,0.016685291862160233,-4.2151984741669486e-06,0.013347336705307196,NA,NA,NA
Kalisuchus__Tropical,0.010612301275268339,-0.0006431233813636011,0.009126426981696087,NA,NA,NA
Kalisuchus__Temperate_S,-0.021474962119011058,-0.0072231011682161944,0.0009672171475772764,NA,NA,NA
Kalisuchus__Antarctic,-0.0018463017035169934,-0.0007480950756534375,0.0005074707972069166,NA,NA,NA
Kalisuchus__mat_z_trans,0.0026444168771650105,-0.00718169380036693,0.020639865760425657,NA,NA,NA
Kalisuchus__map_z_trans,0.03436726566603152,-0.0004003030138740295,0.027470220169881886,NA,NA,NA
Kalisuchus__wmm_z_trans,0.005300579550673745,-0.004446910299493789,0.016920213476949567,NA,NA,NA
Kalisuchus__cmm_z_trans,0.03163593775225315,-0.002446319439688829,0.02826108286138031,NA,NA,NA
Kalisuchus__wmmcmm_z_trans,0.019479694429349787,-0.0010326881769324352,0.020384930374245824,NA,NA,NA
Kalisuchus__wetmon_z_trans,0.007745027749900703,-0.0039430666148220685,0.02129568800375677,NA,NA,NA
Kalisuchus__drymon_z_trans,0.003998120177217764,-0.0007106298052934908,0.0056214603999468924,NA,NA,NA
Kalisuchus__wetdry_z_trans,0.002889534391426979,-0.004429797243762629,0.017257133911546096,NA,NA,NA
Kalisuchus__time,-0.011054337471379638,-0.0029866297388464686,0.0028660226400940964,NA,NA,NA
Kapes__lat_range_z_trans,-0.5813880437612533,-0.010626651371983882,-0.017319904588879595,0.1277390438317525,0.013953338377177715,0.3250274583697319
Kapes__Temperate_N,-0.10552048012148589,-0.003449318509122093,0.0027804989059025532,NA,NA,NA
Kapes__Tropical,-0.1014276184697519,-0.003503240648555811,0.005571038127696273,NA,NA,NA
Kapes__Temperate_S,0.1704284053039737,-0.00012394478875644776,0.021439735077982382,NA,NA,NA
Kapes__Antarctic,0.022144734275061636,-0.00010296162989929001,0.0037501599374818923,NA,NA,NA
Kapes__mat_z_trans,0.015841082679689863,-0.0019092406339532861,0.011335968205931286,NA,NA,NA
Kapes__map_z_trans,0.2674858677985321,-0.001862308401483198,0.036231155052666796,NA,NA,NA
Kapes__wmm_z_trans,-0.0013874920812668278,-0.0026026081276534405,0.017507640030894465,NA,NA,NA
Kapes__cmm_z_trans,0.10698845958453602,-0.0003870715995602967,0.01767450022709151,NA,NA,NA
Kapes__wmmcmm_z_trans,0.048357456877129154,-0.0020632592079182577,0.013159684428433216,NA,NA,NA
Kapes__wetmon_z_trans,0.09187288383487612,-0.003115179960565625,0.04435357020486044,NA,NA,NA
Kapes__drymon_z_trans,0.028629708550288343,-0.00035266285269671175,0.00638374713500568,NA,NA,NA
Kapes__wetdry_z_trans,0.034829220690298826,-0.0036781290154477525,0.02726949095940349,NA,NA,NA
Kapes__time,-0.009403018325319862,-0.0011728935638071845,0.0040022564909947,NA,NA,NA
Kholumolumo__lat_range_z_trans,0.021703416998671433,0.0007346313844842195,0.01012924206077529,1.8605764167531742,0.04624590277671814,4.661663189530373
Kholumolumo__Temperate_N,0.02285050239587442,-0.00032154058913904385,0.016437643569777723,NA,NA,NA
Kholumolumo__Tropical,0.013468529307691171,-0.0006625792120251916,0.010314085008821597,NA,NA,NA
Kholumolumo__Temperate_S,-0.007971660976619983,-0.004376905310431778,0.009757677706889498,NA,NA,NA
Kholumolumo__Antarctic,0.0012070066223671214,-0.0005526772617213565,0.0017541679562993425,NA,NA,NA
Kholumolumo__mat_z_trans,0.022899376805375765,-0.004260489174966431,0.026521300670972837,NA,NA,NA
Kholumolumo__map_z_trans,-0.01631709985731423,-0.0051316560431888215,0.005891397947654029,NA,NA,NA
Kholumolumo__wmm_z_trans,0.021582187717412556,-0.0014071623240869112,0.02632048239044218,NA,NA,NA
Kholumolumo__cmm_z_trans,-0.011597355428492455,-0.005235452877702629,0.013683401257362603,NA,NA,NA
Kholumolumo__wmmcmm_z_trans,0.0008955739074930743,-0.00536322810851624,0.015439019841156363,NA,NA,NA
Kholumolumo__wetmon_z_trans,0.005715343593264009,-0.00418931408902563,0.016633784276558556,NA,NA,NA
Kholumolumo__drymon_z_trans,0.0015408555198317788,-0.00077060503123715,0.003745574214537046,NA,NA,NA
Kholumolumo__wetdry_z_trans,0.016155520177185252,-0.003551893140796308,0.01795306041282579,NA,NA,NA
Kholumolumo__time,0.025325127548886397,0.0001394014669499959,0.01955870288139222,NA,NA,NA
Kinelia__lat_range_z_trans,-0.7385354578495026,-0.005287457272635703,-0.009721119297956694,0.132271041114509,0.037868812680244446,0.25672964937984943
Kinelia__Temperate_N,-0.16509637803130317,-0.002632533403211927,0.002590009505538979,NA,NA,NA
Kinelia__Tropical,0.11790362856350839,-0.0001689649809302733,0.0074137396381904926,NA,NA,NA
Kinelia__Temperate_S,0.21142836741171778,0.0003870805302173208,0.014439122711633558,NA,NA,NA
Kinelia__Antarctic,0.04768841588513169,-4.056104999294832e-06,0.0029996466967710657,NA,NA,NA
Kinelia__mat_z_trans,-0.35593938410282133,-0.00879213285380397,0.023842169521321652,NA,NA,NA
Kinelia__map_z_trans,0.14406695882906206,-0.000186924197496127,0.012570689050356033,NA,NA,NA
Kinelia__wmm_z_trans,0.028291256558150055,-0.0004139798178112943,0.004779971849829603,NA,NA,NA
Kinelia__cmm_z_trans,0.38704907695762814,-0.0041635590306226275,0.04165598723764813,NA,NA,NA
Kinelia__wmmcmm_z_trans,0.228457056095358,-0.005693016048756642,0.036791795772083725,NA,NA,NA
Kinelia__wetmon_z_trans,0.0593495147372596,-0.0011227367412297775,0.014181202104763901,NA,NA,NA
Kinelia__drymon_z_trans,0.16222743352409452,-0.0022975244036440704,0.021499749102169452,NA,NA,NA
Kinelia__wetdry_z_trans,-0.09359232170507312,-0.0034270222659080894,0.018091590702360733,NA,NA,NA
Kinelia__time,-0.06846249876078218,-0.0011466437205708028,0.0030049856007544587,NA,NA,NA
Kitchingnathus__lat_range_z_trans,0.016474755894086753,0.0012471026453847937,0.00947447096545052,2.8427388389094266,0.9726823270320892,3.9926954433321953
Kitchingnathus__Temperate_N,0.016685291862160233,-4.2151984741669486e-06,0.013347336705307196,NA,NA,NA
Kitchingnathus__Tropical,0.010612301275268339,-0.0006431233813636011,0.009126426981696087,NA,NA,NA
Kitchingnathus__Temperate_S,-0.021474962119011058,-0.0072231011682161944,0.0009672171475772764,NA,NA,NA
Kitchingnathus__Antarctic,-0.0018463017035169934,-0.0007480950756534375,0.0005074707972069166,NA,NA,NA
Kitchingnathus__mat_z_trans,0.0026444168771650105,-0.00718169380036693,0.020639865760425657,NA,NA,NA
Kitchingnathus__map_z_trans,0.03436726566603152,-0.0004003030138740295,0.027470220169881886,NA,NA,NA
Kitchingnathus__wmm_z_trans,0.005300579550673745,-0.004446910299493789,0.016920213476949567,NA,NA,NA
Kitchingnathus__cmm_z_trans,0.03163593775225315,-0.002446319439688829,0.02826108286138031,NA,NA,NA
Kitchingnathus__wmmcmm_z_trans,0.019479694429349787,-0.0010326881769324352,0.020384930374245824,NA,NA,NA
Kitchingnathus__wetmon_z_trans,0.007745027749900703,-0.0039430666148220685,0.02129568800375677,NA,NA,NA
Kitchingnathus__drymon_z_trans,0.003998120177217764,-0.0007106298052934908,0.0056214603999468924,NA,NA,NA
Kitchingnathus__wetdry_z_trans,0.002889534391426979,-0.004429797243762629,0.017257133911546096,NA,NA,NA
Kitchingnathus__time,-0.011054337471379638,-0.0029866297388464686,0.0028660226400940964,NA,NA,NA
Kocurypelta__lat_range_z_trans,0.06364416544980482,0.0007487769405589732,0.009992725671703357,0.6408728657400934,0.0958465370349586,1.42169452161761
Kocurypelta__Temperate_N,-0.04986624494035235,-0.004515229743391085,0.003726073624295308,NA,NA,NA
Kocurypelta__Tropical,0.04917996222708829,-0.00023212944243005836,0.012224310551633805,NA,NA,NA
Kocurypelta__Temperate_S,0.06132018115464961,-2.7854971041508264e-05,0.016630714041812062,NA,NA,NA
Kocurypelta__Antarctic,0.009121545093752511,-0.00013992707536541302,0.002533743767421274,NA,NA,NA
Kocurypelta__mat_z_trans,0.06256230865165725,-0.004699358945580765,0.02840312648461072,NA,NA,NA
Kocurypelta__map_z_trans,-0.07870853302378893,-0.004918434680198083,0.005949152882034613,NA,NA,NA
Kocurypelta__wmm_z_trans,0.017587433844609673,-0.0011429680409465375,0.01533554940678254,NA,NA,NA
Kocurypelta__cmm_z_trans,-0.07333360043662264,-0.006136936954940155,0.015412183076273683,NA,NA,NA
Kocurypelta__wmmcmm_z_trans,-0.048237041375030904,-0.005113707781672789,0.015705630292424323,NA,NA,NA
Kocurypelta__wetmon_z_trans,0.006851830716867326,-0.004482283966636785,0.023292669846681026,NA,NA,NA
Kocurypelta__drymon_z_trans,0.004498557117061417,-0.0009612608619348464,0.005906498360558018,NA,NA,NA
Kocurypelta__wetdry_z_trans,0.04410257496372012,-0.0033772168747166938,0.027906418374331388,NA,NA,NA
Kocurypelta__time,0.04873418488821009,4.906208689246983e-05,0.011120743814902983,NA,NA,NA
Koilamasuchus__lat_range_z_trans,0.13788810255671577,0.0013989560614679013,0.016154675141004167,0.4847691698347626,0.2472407128661871,0.733103334903717
Koilamasuchus__Temperate_N,0.12676545821211369,-0.00045868088981290965,0.021049288822655485,NA,NA,NA
Koilamasuchus__Tropical,0.08509269475486494,-0.0003915356958489597,0.015791985380199814,NA,NA,NA
Koilamasuchus__Temperate_S,-0.28012223178869117,-0.009887105952225247,0.0023327565096964518,NA,NA,NA
Koilamasuchus__Antarctic,0.032921015848042766,6.948038810810508e-05,0.004446601399120287,NA,NA,NA
Koilamasuchus__mat_z_trans,-0.06696194565277429,-0.004849741833197327,0.015332967189134968,NA,NA,NA
Koilamasuchus__map_z_trans,0.028203394196228655,-0.0017034847360439872,0.019604993768077388,NA,NA,NA
Koilamasuchus__wmm_z_trans,-0.015913158353577404,-0.002227247980012369,0.010411809398601177,NA,NA,NA
Koilamasuchus__cmm_z_trans,0.05774119766261349,-0.002999835257111004,0.020096591353748628,NA,NA,NA
Koilamasuchus__wmmcmm_z_trans,0.08065559290160675,-0.0018000206955730118,0.016359268793339817,NA,NA,NA
Koilamasuchus__wetmon_z_trans,-0.024217283787411628,-0.004729539274220698,0.02157145910843549,NA,NA,NA
Koilamasuchus__drymon_z_trans,0.01083604968567094,-0.0009889251752317311,0.006836224894477847,NA,NA,NA
Koilamasuchus__wetdry_z_trans,-0.03654451181629195,-0.004755241028898901,0.019450105330358673,NA,NA,NA
Koilamasuchus__time,-0.018887050087484272,-0.001626548242803136,0.0047008131066148895,NA,NA,NA
Koiloskiosaurus__lat_range_z_trans,0.02745967875915698,0.0012877048274787541,0.011350342726132721,1.6760058177365136,0.5525967665016651,2.6651551639661193
Koiloskiosaurus__Temperate_N,-0.020093417322972703,-0.005182920276796058,0.009639813958663007,NA,NA,NA
Koiloskiosaurus__Tropical,0.02223426779037544,5.682698206743939e-05,0.010299090537266156,NA,NA,NA
Koiloskiosaurus__Temperate_S,0.030084715334788154,0.0006125205228783981,0.015858495665488765,NA,NA,NA
Koiloskiosaurus__Antarctic,0.001212474836099655,-0.00027536902063260443,0.0022775068656821613,NA,NA,NA
Koiloskiosaurus__mat_z_trans,-0.0019483709363295402,-0.0031219714720686275,0.013075636945638609,NA,NA,NA
Koiloskiosaurus__map_z_trans,0.05852986394973726,-0.0009368354494439588,0.03667325189987546,NA,NA,NA
Koiloskiosaurus__wmm_z_trans,0.002058101027758191,-0.00487005522472181,0.016327379658177054,NA,NA,NA
Koiloskiosaurus__cmm_z_trans,0.011945042510697923,-0.001256883669892197,0.011628778411829807,NA,NA,NA
Koiloskiosaurus__wmmcmm_z_trans,-0.0009756234018432868,-0.0028487008972228937,0.00976793190982691,NA,NA,NA
Koiloskiosaurus__wetmon_z_trans,0.0035857549215150696,-0.006821436282855869,0.02997156913903175,NA,NA,NA
Koiloskiosaurus__drymon_z_trans,0.002695887475682318,-0.000451098303049711,0.00347019845871932,NA,NA,NA
Koiloskiosaurus__wetdry_z_trans,-0.006526537782608073,-0.00826723041940067,0.02185898060249982,NA,NA,NA
Koiloskiosaurus__time,-0.012804512830431077,-0.002874021627743466,0.0019405634166335423,NA,NA,NA
Kranosaura__lat_range_z_trans,0.1041056364155592,0.0009545829485204321,0.009719901917624318,0.4653910666177399,0.031879985705018044,2.429369606077671
Kranosaura__Temperate_N,0.09149942773217581,0.00013023360415432458,0.014303826707157515,NA,NA,NA
Kranosaura__Tropical,0.07066536964428471,-0.00013988571287736122,0.010431254445631661,NA,NA,NA
Kranosaura__Temperate_S,-0.09523260272494131,-0.005180244052703868,0.005365526538139818,NA,NA,NA
Kranosaura__Antarctic,0.021223773065450376,-8.331452878906474e-05,0.0027181973473017046,NA,NA,NA
Kranosaura__mat_z_trans,0.09845099388739262,-0.003392298601656196,0.029564417340133792,NA,NA,NA
Kranosaura__map_z_trans,-0.12877925485491534,-0.005648836590510225,0.006629962594744251,NA,NA,NA
Kranosaura__wmm_z_trans,0.02733042615864727,-0.001490950468413816,0.014041930318637515,NA,NA,NA
Kranosaura__cmm_z_trans,-0.13977474154995168,-0.006273912185475379,0.01695946235745059,NA,NA,NA
Kranosaura__wmmcmm_z_trans,-0.10345531831749386,-0.005540923591650332,0.01610286103699937,NA,NA,NA
Kranosaura__wetmon_z_trans,0.009127935751441909,-0.005118912294305614,0.018471430240290472,NA,NA,NA
Kranosaura__drymon_z_trans,0.01163691200027307,-0.0005266030560797449,0.0043496065415048815,NA,NA,NA
Kranosaura__wetdry_z_trans,0.059681918797809805,-0.0029037668443876834,0.027673307241975895,NA,NA,NA
Kranosaura__time,0.09097684832589367,0.0002653610627712522,0.01780785556787332,NA,NA,NA
Krzyzanowskisaurus__lat_range_z_trans,0.021105620351317175,0.00024384659548410374,0.008055635234188131,1.1294024983403506,0.10050502046942711,3.4903063103556633
Krzyzanowskisaurus__Temperate_N,0.034252974995543015,-0.00010428270385124437,0.015631804729338852,NA,NA,NA
Krzyzanowskisaurus__Tropical,-0.028237695201085156,-0.004765792613514094,0.005930308088914993,NA,NA,NA
Krzyzanowskisaurus__Temperate_S,0.02731117460042738,-0.0005122607182373342,0.012650041560107256,NA,NA,NA
Krzyzanowskisaurus__Antarctic,0.004742802184801198,-0.00014581622100684512,0.0024082682452904423,NA,NA,NA
Krzyzanowskisaurus__mat_z_trans,0.035370530565328906,-0.005048915795732889,0.025863729765062723,NA,NA,NA
Krzyzanowskisaurus__map_z_trans,-0.03469379537608173,-0.004453361550487481,0.004176804950516366,NA,NA,NA
Krzyzanowskisaurus__wmm_z_trans,0.023223466406676732,-0.002683162564317393,0.023671446658354564,NA,NA,NA
Krzyzanowskisaurus__cmm_z_trans,-0.028240852318591192,-0.0060687997675839545,0.010846082891387642,NA,NA,NA
Krzyzanowskisaurus__wmmcmm_z_trans,-0.0049692569194467046,-0.004196379311515408,0.016559887212922075,NA,NA,NA
Krzyzanowskisaurus__wetmon_z_trans,0.0038888616314228957,-0.0033340922176927318,0.01688749390536486,NA,NA,NA
Krzyzanowskisaurus__drymon_z_trans,0.0024366514621330113,-0.000513363099470426,0.005568751298507281,NA,NA,NA
Krzyzanowskisaurus__wetdry_z_trans,0.01772761090615341,-0.0032644686368417867,0.023667880439372655,NA,NA,NA
Krzyzanowskisaurus__time,0.04353923104302737,-0.00010262170663578795,0.022221405216137233,NA,NA,NA
Kudnu__lat_range_z_trans,0.016474755894086753,0.0012471026453847937,0.00947447096545052,2.8427388389094266,0.9726823270320892,3.9926954433321953
Kudnu__Temperate_N,0.016685291862160233,-4.2151984741669486e-06,0.013347336705307196,NA,NA,NA
Kudnu__Tropical,0.010612301275268339,-0.0006431233813636011,0.009126426981696087,NA,NA,NA
Kudnu__Temperate_S,-0.021474962119011058,-0.0072231011682161944,0.0009672171475772764,NA,NA,NA
Kudnu__Antarctic,-0.0018463017035169934,-0.0007480950756534375,0.0005074707972069166,NA,NA,NA
Kudnu__mat_z_trans,0.0026444168771650105,-0.00718169380036693,0.020639865760425657,NA,NA,NA
Kudnu__map_z_trans,0.03436726566603152,-0.0004003030138740295,0.027470220169881886,NA,NA,NA
Kudnu__wmm_z_trans,0.005300579550673745,-0.004446910299493789,0.016920213476949567,NA,NA,NA
Kudnu__cmm_z_trans,0.03163593775225315,-0.002446319439688829,0.02826108286138031,NA,NA,NA
Kudnu__wmmcmm_z_trans,0.019479694429349787,-0.0010326881769324352,0.020384930374245824,NA,NA,NA
Kudnu__wetmon_z_trans,0.007745027749900703,-0.0039430666148220685,0.02129568800375677,NA,NA,NA
Kudnu__drymon_z_trans,0.003998120177217764,-0.0007106298052934908,0.0056214603999468924,NA,NA,NA
Kudnu__wetdry_z_trans,0.002889534391426979,-0.004429797243762629,0.017257133911546096,NA,NA,NA
Kudnu__time,-0.011054337471379638,-0.0029866297388464686,0.0028660226400940964,NA,NA,NA
Kuehneosaurus__lat_range_z_trans,-0.764297097325325,-0.010579760221422296,-0.023646172982971454,0.16236435459781207,0.05416341405361891,0.2461073708254844
Kuehneosaurus__Temperate_N,-0.14506730008404703,-0.004148206601004471,0.0038753446882661556,NA,NA,NA
Kuehneosaurus__Tropical,0.07965810140944087,-0.000789719441748694,0.011457448356282913,NA,NA,NA
Kuehneosaurus__Temperate_S,0.13063753047317733,-0.0004972672771779818,0.017233571165094174,NA,NA,NA
Kuehneosaurus__Antarctic,0.025664678597386227,-3.520548380902881e-05,0.0030768582813125857,NA,NA,NA
Kuehneosaurus__mat_z_trans,0.15677437625592575,-0.0024329048833950095,0.033164640184353056,NA,NA,NA
Kuehneosaurus__map_z_trans,-0.143801550224307,-0.0038308389813349465,0.005715151101829619,NA,NA,NA
Kuehneosaurus__wmm_z_trans,0.1442760118469596,-0.002307458904865278,0.03536914636584029,NA,NA,NA
Kuehneosaurus__cmm_z_trans,-0.053565179883735256,-0.002898788851670206,0.008283093580337344,NA,NA,NA
Kuehneosaurus__wmmcmm_z_trans,0.12760615997816785,-0.00011814224945952195,0.013486279017779785,NA,NA,NA
Kuehneosaurus__wetmon_z_trans,0.03637604640796781,-0.004272179110663011,0.023136872630941645,NA,NA,NA
Kuehneosaurus__drymon_z_trans,0.022447145987825934,-0.0006395946774823618,0.00335524538795776,NA,NA,NA
Kuehneosaurus__wetdry_z_trans,0.09150092085590586,-0.0025024691991491765,0.028335825004251993,NA,NA,NA
Kuehneosaurus__time,0.30937531947158275,0.00010306557177870742,0.031296237414189215,NA,NA,NA
Kuehneosuchus__lat_range_z_trans,0.04287063494347802,0.0009775925938310943,0.011472716300513315,0.9944446109829005,0.5496208961121738,1.4337178021669388
Kuehneosuchus__Temperate_N,-0.06509141007818357,-0.006806160676938088,0.004343302265660943,NA,NA,NA
Kuehneosuchus__Tropical,0.017739205250337915,-0.0018553687218755513,0.011822431734636134,NA,NA,NA
Kuehneosuchus__Temperate_S,0.02357251093932626,-0.0017425142701168782,0.012923877472412252,NA,NA,NA
Kuehneosuchus__Antarctic,0.006805013698491829,1.703942115174028e-05,0.002539847919857988,NA,NA,NA
Kuehneosuchus__mat_z_trans,0.02664835087668584,-0.00392565426110674,0.027302984232205205,NA,NA,NA
Kuehneosuchus__map_z_trans,-0.03307072779804986,-0.005290126824026713,0.0034825830779434187,NA,NA,NA
Kuehneosuchus__wmm_z_trans,0.012452511068595545,-0.003943658581900271,0.0287970312480557,NA,NA,NA
Kuehneosuchus__cmm_z_trans,-0.01575749254111369,-0.0034723967984188983,0.007802730992410279,NA,NA,NA
Kuehneosuchus__wmmcmm_z_trans,0.016217177415905053,-0.0011656607873704416,0.01500560239002818,NA,NA,NA
Kuehneosuchus__wetmon_z_trans,0.006422921132927501,-0.0035237499122014195,0.018529344536840815,NA,NA,NA
Kuehneosuchus__drymon_z_trans,0.003768176714649644,-0.00039844790279343844,0.0040386583649824,NA,NA,NA
Kuehneosuchus__wetdry_z_trans,0.015845136619479293,-0.003533630400482841,0.01793991428355297,NA,NA,NA
Kuehneosuchus__time,0.05903531608909653,-0.00028673318915482956,0.02813851537636548,NA,NA,NA
Kuruxuchampsa__lat_range_z_trans,0.061334572028280555,0.0014507623486947727,0.016513463723200564,0.7707543411350344,0.4275338576408103,1.1323013827204704
Kuruxuchampsa__Temperate_N,0.05692337730747588,-8.824773504336077e-05,0.02346530248156809,NA,NA,NA
Kuruxuchampsa__Tropical,0.04484823194787121,-0.00038238698413531065,0.01941858457272437,NA,NA,NA
Kuruxuchampsa__Temperate_S,-0.04260997749301635,-0.00678505420203023,0.00936526443644142,NA,NA,NA
Kuruxuchampsa__Antarctic,0.010017907278698801,-7.101981116553264e-05,0.0039268999306916,NA,NA,NA
Kuruxuchampsa__mat_z_trans,0.01606088362798424,-0.002833101289861574,0.013423192003827494,NA,NA,NA
Kuruxuchampsa__map_z_trans,-0.07204849345693472,-0.008509360177810683,0.010935763428984018,NA,NA,NA
Kuruxuchampsa__wmm_z_trans,-0.0007979508455349328,-0.002241794867462987,0.011117153251300894,NA,NA,NA
Kuruxuchampsa__cmm_z_trans,-0.009889275847144581,-0.002744638052665345,0.01485265505408988,NA,NA,NA
Kuruxuchampsa__wmmcmm_z_trans,-0.0029999478686741875,-0.003227228075882849,0.010366285385521045,NA,NA,NA
Kuruxuchampsa__wetmon_z_trans,0.015584580315893251,-0.0038741586851043,0.01989085991259942,NA,NA,NA
Kuruxuchampsa__drymon_z_trans,0.0032296741697551462,-0.0013771826918917798,0.007690879588205166,NA,NA,NA
Kuruxuchampsa__wetdry_z_trans,0.033559524438176794,-0.003183108510622744,0.027453170796459217,NA,NA,NA
Kuruxuchampsa__time,0.0042442187287951945,-0.001082951576421352,0.005720065629851903,NA,NA,NA
Labidosaurikos__lat_range_z_trans,-0.33599567770957944,-0.0038538574631804836,-0.005228324094303793,0.2361153464340896,0.003824325278401375,0.6310452935285866
Labidosaurikos__Temperate_N,0.1856293905340135,0.00014934704876627396,0.012742553134376423,NA,NA,NA
Labidosaurikos__Tropical,-0.10885684516688343,-0.002495944120526391,0.0063555130520032855,NA,NA,NA
Labidosaurikos__Temperate_S,0.1965896204463206,-0.00014431989063854857,0.014287809106514202,NA,NA,NA
Labidosaurikos__Antarctic,0.03247008716396522,-0.0002051323622539313,0.0027900481529139426,NA,NA,NA
Labidosaurikos__mat_z_trans,0.07778671493055299,-0.001998669845973199,0.017235318434052828,NA,NA,NA
Labidosaurikos__map_z_trans,0.20807666417444126,-0.002428984426039988,0.028794668606282454,NA,NA,NA
Labidosaurikos__wmm_z_trans,0.016182909812778236,-0.003216938645870561,0.020848789004519926,NA,NA,NA
Labidosaurikos__cmm_z_trans,-0.09997206070678658,-0.0041723342107782575,0.013289008678686985,NA,NA,NA
Labidosaurikos__wmmcmm_z_trans,-0.1500575663661584,-0.006270570871692827,0.01423181969973046,NA,NA,NA
Labidosaurikos__wetmon_z_trans,0.10314718052395619,-0.0008865138279689204,0.027141461687985712,NA,NA,NA
Labidosaurikos__drymon_z_trans,0.10364644263172522,-0.0030012723340160255,0.019693768815400994,NA,NA,NA
Labidosaurikos__wetdry_z_trans,0.01015810807934031,-0.00344878776460085,0.016773985154309015,NA,NA,NA
Labidosaurikos__time,-0.1540662715898361,-0.0029754915966295663,0.0051831207629926416,NA,NA,NA
Labidosauriscus__lat_range_z_trans,0.2039813116852128,0.0005252117465655095,0.009198866281781218,0.36581908931693763,0.17436440289020538,0.6070119999349117
Labidosauriscus__Temperate_N,0.15783177837084653,-0.0001254073807370452,0.008280618356876785,NA,NA,NA
Labidosauriscus__Tropical,-0.19449625549111574,-0.0026272599341901582,0.0037035149445520527,NA,NA,NA
Labidosauriscus__Temperate_S,0.19374391865384272,0.0001248468488419639,0.009761842574318984,NA,NA,NA
Labidosauriscus__Antarctic,0.053670295799589145,3.6540186395864e-05,0.0033305359746002975,NA,NA,NA
Labidosauriscus__mat_z_trans,0.19013168405262681,-0.002923765109192347,0.028520777285165923,NA,NA,NA
Labidosauriscus__map_z_trans,0.6084259638736339,-0.001967310839901149,0.039448420971390924,NA,NA,NA
Labidosauriscus__wmm_z_trans,0.04940806307778881,-0.001416401760067141,0.008436850193741997,NA,NA,NA
Labidosauriscus__cmm_z_trans,-0.294740987455862,-0.004476108670162249,0.014135259967943998,NA,NA,NA
Labidosauriscus__wmmcmm_z_trans,-0.19315300579084776,-0.004594125176670329,0.009385318959221215,NA,NA,NA
Labidosauriscus__wetmon_z_trans,-0.012952474257575376,-0.004980366892712537,0.023158102550652964,NA,NA,NA
Labidosauriscus__drymon_z_trans,-0.19253026674652796,-0.005103651736353563,0.018827538661679813,NA,NA,NA
Labidosauriscus__wetdry_z_trans,-0.1334160708893766,-0.003114684980040746,0.015236633592728699,NA,NA,NA
Labidosauriscus__time,-0.3184466305506088,-0.004306986613179346,0.0027152598808102067,NA,NA,NA
Labidosaurus__lat_range_z_trans,-0.18592726248376984,-0.002082113995801535,-0.0011646201151228018,0.2844397667894373,0.0166216641664505,0.7290162038989365
Labidosaurus__Temperate_N,0.19218358639621091,3.4479273547941216e-05,0.01117572111256961,NA,NA,NA
Labidosaurus__Tropical,-0.13575455646653875,-0.0030948307681780795,0.00506788890385716,NA,NA,NA
Labidosaurus__Temperate_S,0.2032815122486817,-7.156601992491306e-05,0.01229877504280867,NA,NA,NA
Labidosaurus__Antarctic,0.03732246506098881,-0.00011590175615447058,0.002932466938642443,NA,NA,NA
Labidosaurus__mat_z_trans,0.12427303811632352,-0.0015794147938076807,0.020717139132689598,NA,NA,NA
Labidosaurus__map_z_trans,0.28894045950278646,-0.0005796356611023758,0.04010548496109836,NA,NA,NA
Labidosaurus__wmm_z_trans,-0.03341825479120867,-0.003689105415180374,0.016134596044832507,NA,NA,NA
Labidosaurus__cmm_z_trans,-0.1350383557439472,-0.005053640721931247,0.011131043386171803,NA,NA,NA
Labidosaurus__wmmcmm_z_trans,-0.17222689248370482,-0.0057774794985028756,0.01677475070147435,NA,NA,NA
Labidosaurus__wetmon_z_trans,0.08339628644217383,-0.0022828058361227953,0.02765800706018758,NA,NA,NA
Labidosaurus__drymon_z_trans,0.04034942920931506,-0.003705268250253279,0.01676000920625247,NA,NA,NA
Labidosaurus__wetdry_z_trans,-0.028759391593060395,-0.004123299107559516,0.010945873800147214,NA,NA,NA
Labidosaurus__time,-0.16116473908262433,-0.002828887760432075,0.0036024040198561194,NA,NA,NA
Lagerpeton__lat_range_z_trans,0.09283877678103569,0.0011542163526320549,0.0154345969840601,0.5937029474784503,0.27568321116268635,0.9238730929791927
Lagerpeton__Temperate_N,0.08740628692936814,-0.00044640746059243475,0.021543855494179413,NA,NA,NA
Lagerpeton__Tropical,0.06419265625810099,-0.0003810589444581362,0.01592821506777617,NA,NA,NA
Lagerpeton__Temperate_S,-0.13989720379523254,-0.007643683162093597,0.008685713966072156,NA,NA,NA
Lagerpeton__Antarctic,0.0193220662626772,7.988490179133405e-05,0.004641302181402671,NA,NA,NA
Lagerpeton__mat_z_trans,-0.018514763933135916,-0.004921628474181425,0.010948309583570692,NA,NA,NA
Lagerpeton__map_z_trans,-0.04344310851704059,-0.005954642786553248,0.010414654017954324,NA,NA,NA
Lagerpeton__wmm_z_trans,-0.01303220385012361,-0.002935796213496959,0.009149186638057947,NA,NA,NA
Lagerpeton__cmm_z_trans,0.022752305405440147,-0.0019800740655568196,0.0202699547590177,NA,NA,NA
Lagerpeton__wmmcmm_z_trans,0.019297768604746537,-0.0017460346111086592,0.017631604608766567,NA,NA,NA
Lagerpeton__wetmon_z_trans,0.008226716120449671,-0.004121246627399021,0.02265040574968066,NA,NA,NA
Lagerpeton__drymon_z_trans,0.006257111973360221,-0.0011437120484801928,0.0068951976429420195,NA,NA,NA
Lagerpeton__wetdry_z_trans,0.017066240865861504,-0.0030447238903183967,0.0252051787936901,NA,NA,NA
Lagerpeton__time,-0.005015324773881124,-0.0018645632815877747,0.0047413647082945555,NA,NA,NA
Lanceirosphenodon__lat_range_z_trans,0.09276791954791841,0.0007235043940441304,0.010951798560721203,0.5073349574994063,0.04325006389990449,3.6045462153851986
Lanceirosphenodon__Temperate_N,0.08331694671947384,0.00015895342886146507,0.015994284089385934,NA,NA,NA
Lanceirosphenodon__Tropical,0.06471456178379592,-0.0004031198233008981,0.010779145833954102,NA,NA,NA
Lanceirosphenodon__Temperate_S,-0.07629141734466663,-0.004496659318678746,0.008237471740520447,NA,NA,NA
Lanceirosphenodon__Antarctic,0.017899471732341847,-8.853928517860289e-05,0.002962956029559459,NA,NA,NA
Lanceirosphenodon__mat_z_trans,0.0890778236150496,-0.003913277277337438,0.030123778002530355,NA,NA,NA
Lanceirosphenodon__map_z_trans,-0.10742622560538688,-0.004084030239700188,0.007482143856050882,NA,NA,NA
Lanceirosphenodon__wmm_z_trans,0.04530488583490954,-0.0012397503260636509,0.018345143428506242,NA,NA,NA
Lanceirosphenodon__cmm_z_trans,-0.13050650123242397,-0.006586747802904025,0.014506402056119678,NA,NA,NA
Lanceirosphenodon__wmmcmm_z_trans,-0.10811799167476771,-0.006352895882773488,0.01184300430259672,NA,NA,NA
Lanceirosphenodon__wetmon_z_trans,0.002594522536647893,-0.004264705205469681,0.021651690941641842,NA,NA,NA
Lanceirosphenodon__drymon_z_trans,0.00663991397540529,-0.0009444063541747126,0.004084404307623694,NA,NA,NA
Lanceirosphenodon__wetdry_z_trans,0.05692641176446868,-0.0035827951069813953,0.02283709183085359,NA,NA,NA
Lanceirosphenodon__time,0.08055700267886047,0.0001249984882539556,0.014340225215400935,NA,NA,NA
Langeronyx__lat_range_z_trans,-0.040977173265106734,-0.0016965743167042893,0.001080682699636879,0.4700561497519811,0.020365658216178417,1.548896925873123
Langeronyx__Temperate_N,-0.07872003673860414,-0.00555168853835176,0.010839882103427697,NA,NA,NA
Langeronyx__Tropical,-0.03742200258995332,-0.002774835921767058,0.010532114276811673,NA,NA,NA
Langeronyx__Temperate_S,0.0969673808027973,0.00048037976734660316,0.017364061484361436,NA,NA,NA
Langeronyx__Antarctic,0.01818186473242909,-0.0001333298205132391,0.003597480734172313,NA,NA,NA
Langeronyx__mat_z_trans,-0.01918460233391716,-0.004486693233520083,0.015501777900055861,NA,NA,NA
Langeronyx__map_z_trans,0.08395812881920671,-0.0015077708579910095,0.02823103276204337,NA,NA,NA
Langeronyx__wmm_z_trans,-0.007463380848495702,-0.004196649245534134,0.009197687208559402,NA,NA,NA
Langeronyx__cmm_z_trans,0.06332614020522627,-0.0009553899826817729,0.02034080539630552,NA,NA,NA
Langeronyx__wmmcmm_z_trans,0.05416253444500088,-0.0014659583242637205,0.01655802006604078,NA,NA,NA
Langeronyx__wetmon_z_trans,-0.008681502424114642,-0.005594223653015736,0.023466820869020733,NA,NA,NA
Langeronyx__drymon_z_trans,0.014216587304458298,-0.0006088584851189951,0.006062076533709157,NA,NA,NA
Langeronyx__wetdry_z_trans,-0.012945511648712155,-0.004951366663201372,0.027697721619799238,NA,NA,NA
Langeronyx__time,-0.007961102128588403,-0.0015065110360867075,0.0036693765415210444,NA,NA,NA
Langobardisaurus__lat_range_z_trans,-0.6167617545436075,-0.012944436456651422,-0.011579087004734579,0.28500955738789346,0.000934249721467495,0.6074241474270821
Langobardisaurus__Temperate_N,-0.0749026053849613,-0.003137067638788405,0.006137349766041635,NA,NA,NA
Langobardisaurus__Tropical,-0.03266995004505713,-0.002247092751941161,0.009059228647426622,NA,NA,NA
Langobardisaurus__Temperate_S,0.1085458699997229,-0.0003525926153037136,0.01638729941176399,NA,NA,NA
Langobardisaurus__Antarctic,0.02271327988154464,-6.142205134218198e-05,0.002699842011878852,NA,NA,NA
Langobardisaurus__mat_z_trans,0.15070905391180398,-0.0020896478503875907,0.02999961100871302,NA,NA,NA
Langobardisaurus__map_z_trans,-0.10837190130303956,-0.003280761338571033,0.004985242085285181,NA,NA,NA
Langobardisaurus__wmm_z_trans,0.14736749279927858,-0.0017871193006472068,0.03282573528099743,NA,NA,NA
Langobardisaurus__cmm_z_trans,-0.0293182909596633,-0.003070998124742239,0.007169470967623746,NA,NA,NA
Langobardisaurus__wmmcmm_z_trans,0.10784989742054213,-0.0002484644577840966,0.016769840706967902,NA,NA,NA
Langobardisaurus__wetmon_z_trans,0.052502097666389885,-0.0029083549005882023,0.02124999189770635,NA,NA,NA
Langobardisaurus__drymon_z_trans,0.025070151924455476,-0.00046773614031124386,0.00358438428851357,NA,NA,NA
Langobardisaurus__wetdry_z_trans,0.10092670695239118,-0.0024058136197974344,0.025529040183508624,NA,NA,NA
Langobardisaurus__time,0.2637972760118263,5.203693545265578e-05,0.029321590943772766,NA,NA,NA
Lanthaniscus__lat_range_z_trans,0.1968850734657323,0.0007146271903815653,0.009157203758126628,0.33137401219857565,0.07690195180475712,0.845714470371604
Lanthaniscus__Temperate_N,-0.14000178591472212,-0.003574730942006396,0.004880362554228236,NA,NA,NA
Lanthaniscus__Tropical,0.11912726113793407,-8.190118094906361e-05,0.00901737397714939,NA,NA,NA
Lanthaniscus__Temperate_S,0.18768063577173466,-0.0002528006672368417,0.012744767749030259,NA,NA,NA
Lanthaniscus__Antarctic,0.04166471613569245,1.4312921118306426e-05,0.00273058152676213,NA,NA,NA
Lanthaniscus__mat_z_trans,-0.06205139633525287,-0.00477259935021189,0.03785135691706375,NA,NA,NA
Lanthaniscus__map_z_trans,0.12596203311600024,-0.0004967445275223618,0.011808314489055862,NA,NA,NA
Lanthaniscus__wmm_z_trans,-0.15472303953061628,-0.0077925078297847,0.022849027735308513,NA,NA,NA
Lanthaniscus__cmm_z_trans,0.027438480551014895,-0.002885867770160303,0.02535343705522818,NA,NA,NA
Lanthaniscus__wmmcmm_z_trans,-0.14383823356758693,-0.0062035369840139215,0.012825923277748168,NA,NA,NA
Lanthaniscus__wetmon_z_trans,0.05264330030894304,-0.0007559788564170097,0.010854012205936953,NA,NA,NA
Lanthaniscus__drymon_z_trans,0.11493780038229774,-0.002347777428899208,0.018470934354004244,NA,NA,NA
Lanthaniscus__wetdry_z_trans,-0.02065083925485567,-0.0026762463050362157,0.011116800409854856,NA,NA,NA
Lanthaniscus__time,-0.2276166819346892,-0.0038377185806652333,0.004479444185967916,NA,NA,NA
Lanthanolania__lat_range_z_trans,0.20560743496136386,0.0008982215786523282,0.010617044298124717,0.3204150228812068,0.026958291418850422,0.8131142891943455
Lanthanolania__Temperate_N,-0.13771050957311398,-0.003347068406675651,0.0060537009135394745,NA,NA,NA
Lanthanolania__Tropical,0.12756324150862253,6.993353572583376e-06,0.010454922866949297,NA,NA,NA
Lanthanolania__Temperate_S,0.19920260656189626,-0.00031774751572018466,0.014776537394472855,NA,NA,NA
Lanthanolania__Antarctic,0.04274362128898737,1.799004400482868e-05,0.0030361022362296215,NA,NA,NA
Lanthanolania__mat_z_trans,-0.05648931483014459,-0.0038639900611515832,0.021860213203072743,NA,NA,NA
Lanthanolania__map_z_trans,0.11201368981716725,-0.0006243628282038996,0.01265368157499181,NA,NA,NA
Lanthanolania__wmm_z_trans,-0.08288094082416245,-0.006865588722409896,0.02649161753330685,NA,NA,NA
Lanthanolania__cmm_z_trans,-0.02989068133136222,-0.0030298817827517127,0.013122190572443664,NA,NA,NA
Lanthanolania__wmmcmm_z_trans,-0.1997780712640657,-0.006814252411440754,0.021651910840783602,NA,NA,NA
Lanthanolania__wetmon_z_trans,0.05740863851464776,-0.0007300751561362777,0.012584357785044437,NA,NA,NA
Lanthanolania__drymon_z_trans,0.1435851249240249,-0.0020922452032100442,0.022754664571321945,NA,NA,NA
Lanthanolania__wetdry_z_trans,-0.02308321060065554,-0.0033637989336629923,0.01288903965908759,NA,NA,NA
Lanthanolania__time,-0.24083430482157914,-0.004823664266270018,0.005193556746096479,NA,NA,NA
Lanthanosuchus__lat_range_z_trans,0.23772285362027584,0.0007946772225953506,0.0116517131100089,0.2955168660012714,0.026958291418850422,0.7952467552386224
Lanthanosuchus__Temperate_N,-0.17126943373258477,-0.002986861387824318,0.008441283347354861,NA,NA,NA
Lanthanosuchus__Tropical,0.14531165137940213,-9.107546407397382e-05,0.011473792367474778,NA,NA,NA
Lanthanosuchus__Temperate_S,0.22992540717555296,-0.00028111851160149626,0.01621656363533557,NA,NA,NA
Lanthanosuchus__Antarctic,0.04804326873277325,-4.8480189220141105e-06,0.0031809908627216305,NA,NA,NA
Lanthanosuchus__mat_z_trans,-0.024215712887714517,-0.006146976653607956,0.013689106494109714,NA,NA,NA
Lanthanosuchus__map_z_trans,0.1354589118921006,-0.00027403391823341565,0.01502501160544097,NA,NA,NA
Lanthanosuchus__wmm_z_trans,-0.13801201952331432,-0.007464236970233643,0.023457832532564293,NA,NA,NA
Lanthanosuchus__cmm_z_trans,-0.022539833835733616,-0.0026806058740227075,0.015986442756614802,NA,NA,NA
Lanthanosuchus__wmmcmm_z_trans,-0.24549566870677367,-0.006028725326897791,0.018787255602789658,NA,NA,NA
Lanthanosuchus__wetmon_z_trans,0.06193394992659009,-0.0011587913744745748,0.011051552097434076,NA,NA,NA
Lanthanosuchus__drymon_z_trans,0.1684967612513343,-0.0015175714629021174,0.024972187744036912,NA,NA,NA
Lanthanosuchus__wetdry_z_trans,-0.04017101933981992,-0.002901121481142542,0.01450612067585981,NA,NA,NA
Lanthanosuchus__time,-0.267731791620462,-0.0042081810900620725,0.005699687363719114,NA,NA,NA
Laquintasaura__lat_range_z_trans,0.020660241798536455,0.0014295644372246475,0.012249720158723285,2.1589462556348007,0.9567928425967693,4.330249695107341
Laquintasaura__Temperate_N,0.019378434265926583,-0.0004396823307270603,0.016099580506739992,NA,NA,NA
Laquintasaura__Tropical,-0.011625815914984418,-0.006745876237777405,0.010235912032101144,NA,NA,NA
Laquintasaura__Temperate_S,0.010846530246207128,-0.0020377503480862734,0.011930211036504037,NA,NA,NA
Laquintasaura__Antarctic,0.0013419502231925744,-0.00022151600947582355,0.0021338649790001423,NA,NA,NA
Laquintasaura__mat_z_trans,0.01569209465847018,-0.0035802723143411814,0.02942722280166404,NA,NA,NA
Laquintasaura__map_z_trans,-0.011800830420416714,-0.005277565710433615,0.004175904535797047,NA,NA,NA
Laquintasaura__wmm_z_trans,0.017523128912579,-0.00467112707055129,0.025832975645772475,NA,NA,NA
Laquintasaura__cmm_z_trans,-0.002262419943062616,-0.0025416542940954407,0.008624554191249958,NA,NA,NA
Laquintasaura__wmmcmm_z_trans,0.013241741292361815,-0.0009020702667629723,0.014255640466518105,NA,NA,NA
Laquintasaura__wetmon_z_trans,0.005024997592334285,-0.004282365313229021,0.014925950634877156,NA,NA,NA
Laquintasaura__drymon_z_trans,0.0015042974258704684,-0.0005723665839133272,0.002857717799486838,NA,NA,NA
Laquintasaura__wetdry_z_trans,0.010711289515471322,-0.004046811826905883,0.018021987309622973,NA,NA,NA
Laquintasaura__time,0.02722168467914023,-0.0010599764423286273,0.023368298097407904,NA,NA,NA
Largocephalosaurus__lat_range_z_trans,0.12105193022159344,0.0010749226274093058,0.011862050883813563,0.5206131430820097,0.22334983851760626,0.8689850717782974
Largocephalosaurus__Temperate_N,0.10683402440690389,6.194593508206751e-05,0.015379143873955977,NA,NA,NA
Largocephalosaurus__Tropical,-0.16805274469108608,-0.0061587311133797515,0.0056137842420319155,NA,NA,NA
Largocephalosaurus__Temperate_S,0.12392426906442576,0.0005266274933360457,0.017115952038877308,NA,NA,NA
Largocephalosaurus__Antarctic,0.028421215224436625,5.881557937545123e-05,0.003430037349477904,NA,NA,NA
Largocephalosaurus__mat_z_trans,-0.052048282464184144,-0.004386690484882105,0.0077803226290043,NA,NA,NA
Largocephalosaurus__map_z_trans,0.20071017248528794,-0.0005698041546239646,0.03959542388894546,NA,NA,NA
Largocephalosaurus__wmm_z_trans,-0.07365331380223797,-0.005514266925276481,0.011821589062612447,NA,NA,NA
Largocephalosaurus__cmm_z_trans,0.013644784033052365,-0.0017016631859791283,0.006799509867235397,NA,NA,NA
Largocephalosaurus__wmmcmm_z_trans,-0.05226419797247828,-0.002903918225887267,0.009016888716651045,NA,NA,NA
Largocephalosaurus__wetmon_z_trans,-0.022458206189050027,-0.006603192425653888,0.03011647000829031,NA,NA,NA
Largocephalosaurus__drymon_z_trans,0.022326114923027413,-0.00034128508246726564,0.003747959121897861,NA,NA,NA
Largocephalosaurus__wetdry_z_trans,-0.0904687984911799,-0.006498642078184669,0.02749514235066909,NA,NA,NA
Largocephalosaurus__time,-0.04050964241688473,-0.001993588270271627,0.00436526616200252,NA,NA,NA
Lasasaurus__lat_range_z_trans,0.016708599258112317,0.001222605115098358,0.009456795150121886,2.795743578817928,0.9726823270320892,4.299552828073502
Lasasaurus__Temperate_N,0.0169252927362643,-4.132396988125372e-06,0.01332243557261151,NA,NA,NA
Lasasaurus__Tropical,0.010750332936624717,-0.0006673231077945998,0.009109400486124252,NA,NA,NA
Lasasaurus__Temperate_S,-0.02186925090786696,-0.007081213778044098,0.0009654126825316176,NA,NA,NA
Lasasaurus__Antarctic,-0.0017969047261673554,-0.0006685724708415971,0.0008687157377282082,NA,NA,NA
Lasasaurus__mat_z_trans,0.0028582618180489953,-0.007040619798131844,0.02060135949902917,NA,NA,NA
Lasasaurus__map_z_trans,0.03488183136171657,-0.00039243963932148433,0.02741897102462297,NA,NA,NA
Lasasaurus__wmm_z_trans,0.0050930600345959155,-0.004359557169303532,0.016888646693977702,NA,NA,NA
Lasasaurus__cmm_z_trans,0.03138455331231603,-0.0023982650274992196,0.028208358262459002,NA,NA,NA
Lasasaurus__wmmcmm_z_trans,0.019401422263697125,-0.001635275896662721,0.020346899726825386,NA,NA,NA
Lasasaurus__wetmon_z_trans,0.007686470717667828,-0.0038656107661190677,0.021255958223611444,NA,NA,NA
Lasasaurus__drymon_z_trans,0.004057385287707926,-0.0006966705091264542,0.005610972859664271,NA,NA,NA
Lasasaurus__wetdry_z_trans,0.0025651718455049683,-0.00443443315547237,0.01722493856119521,NA,NA,NA
Lasasaurus__time,-0.011188901606596077,-0.0029279617111965185,0.0028606757149624747,NA,NA,NA
Lepidus__lat_range_z_trans,0.25758558869361875,0.0007788235190139875,0.011076511260557642,0.285831971244188,0.08452045544981956,0.5111082904040813
Lepidus__Temperate_N,0.22958286137145478,-1.865957794173311e-05,0.013818813888095863,NA,NA,NA
Lepidus__Tropical,-0.248585625984706,-0.004332155282084273,0.00377347811920221,NA,NA,NA
Lepidus__Temperate_S,0.25014734364813196,0.00023799182719355796,0.01582193941661056,NA,NA,NA
Lepidus__Antarctic,0.0565890337061137,6.0759634715760005e-05,0.002676137518568467,NA,NA,NA
Lepidus__mat_z_trans,0.2262860876508057,-0.0038071160917256446,0.03340800541119373,NA,NA,NA
Lepidus__map_z_trans,-0.378491096207872,-0.0046714583366765,0.007655504576324999,NA,NA,NA
Lepidus__wmm_z_trans,0.03922533267643303,-0.0016301084399109565,0.01405856287147541,NA,NA,NA
Lepidus__cmm_z_trans,-0.3765926053747535,-0.006753422814396829,0.012767396967471353,NA,NA,NA
Lepidus__wmmcmm_z_trans,-0.2894019393995404,-0.00580065956681489,0.014626919991767318,NA,NA,NA
Lepidus__wetmon_z_trans,-0.02401073442772031,-0.004056225511662265,0.021318165246241076,NA,NA,NA
Lepidus__drymon_z_trans,0.029288581949076617,-0.0008089819839277018,0.005427196491642489,NA,NA,NA
Lepidus__wetdry_z_trans,0.1307615860074293,-0.004250025490156486,0.025957233482553764,NA,NA,NA
Lepidus__time,0.20661621833452956,0.00010176780297070114,0.011753674953760219,NA,NA,NA
Leptopleuron__lat_range_z_trans,0.13835041726760763,0.0012206683407208598,0.016601545934367322,0.402830255265435,0.1850963830947876,0.5618524290621281
Leptopleuron__Temperate_N,-0.17315922115151192,-0.006681886095144021,0.01138570276698726,NA,NA,NA
Leptopleuron__Tropical,0.0839587110375875,-0.0016453720576170582,0.015737119905000065,NA,NA,NA
Leptopleuron__Temperate_S,0.12238019424600802,-0.0004724467003065333,0.02276865753040414,NA,NA,NA
Leptopleuron__Antarctic,0.028269851916534243,-4.2625436692377035e-05,0.0036374553366903227,NA,NA,NA
Leptopleuron__mat_z_trans,0.01143109573039765,-0.002451758689956104,0.01804654496805194,NA,NA,NA
Leptopleuron__map_z_trans,-0.17367264951480998,-0.007412816320470536,0.008562524481747037,NA,NA,NA
Leptopleuron__wmm_z_trans,0.00801001174453561,-0.0019171447849590088,0.009733688657043828,NA,NA,NA
Leptopleuron__cmm_z_trans,-0.027061868010676195,-0.0029406086812880355,0.009809867633624564,NA,NA,NA
Leptopleuron__wmmcmm_z_trans,-0.005043051406809911,-0.002487255327182019,0.01352549108880296,NA,NA,NA
Leptopleuron__wetmon_z_trans,0.02489720383002716,-0.004034885331314567,0.022511261195978457,NA,NA,NA
Leptopleuron__drymon_z_trans,0.0015566194913479465,-0.001116030774909809,0.006494806847320156,NA,NA,NA
Leptopleuron__wetdry_z_trans,0.04299252415596852,-0.004590988604468015,0.025964936339462785,NA,NA,NA
Leptopleuron__time,0.03454748499542005,-0.0003763198478160491,0.009359937509984241,NA,NA,NA
Leptosuchus__lat_range_z_trans,-0.48531566926237735,-0.010421945237839365,-0.011894844318537049,0.3802875207338366,0.001838775584474206,0.6631831061094999
Leptosuchus__Temperate_N,0.10755158383363277,-0.00030072002931066575,0.014902616897279978,NA,NA,NA
Leptosuchus__Tropical,-0.09105826137475295,-0.0034380020462549646,0.010627320944045391,NA,NA,NA
Leptosuchus__Temperate_S,0.09035431308599205,-0.00019542790087461885,0.014673747967459596,NA,NA,NA
Leptosuchus__Antarctic,0.026257353480477676,4.44654784262241e-07,0.0028173070876418376,NA,NA,NA
Leptosuchus__mat_z_trans,0.10889548257766529,-0.00236909510995333,0.03355665236635037,NA,NA,NA
Leptosuchus__map_z_trans,-0.12169146226987004,-0.0036658242322991207,0.008007109305510603,NA,NA,NA
Leptosuchus__wmm_z_trans,0.12680651965407616,-0.002661926275517378,0.02602072437634906,NA,NA,NA
Leptosuchus__cmm_z_trans,-0.048314348109652114,-0.0030958916892407096,0.006639509745962349,NA,NA,NA
Leptosuchus__wmmcmm_z_trans,0.07561840404599764,-0.0016529220629842606,0.013744570494704539,NA,NA,NA
Leptosuchus__wetmon_z_trans,0.024251990623972024,-0.004036974273085851,0.01781770616137888,NA,NA,NA
Leptosuchus__drymon_z_trans,0.020739965432452625,-0.00018415657673225713,0.004553262034307899,NA,NA,NA
Leptosuchus__wetdry_z_trans,0.07111429554488594,-0.00318862243291754,0.02211616551542127,NA,NA,NA
Leptosuchus__time,0.21224715706912653,0.000261592900822522,0.030557691617590352,NA,NA,NA
Lessemsaurus__lat_range_z_trans,0.026992791116161763,0.0007379136219639919,0.012226470290672933,1.4599733746171113,0.05330426245927811,4.53721490316093
Lessemsaurus__Temperate_N,0.026530808639792392,0.00011743593049628884,0.017086496461440583,NA,NA,NA
Lessemsaurus__Tropical,0.018085535643946823,-3.977383345735981e-05,0.011658896210030453,NA,NA,NA
Lessemsaurus__Temperate_S,-0.013399188015464034,-0.004586214253706355,0.00739484197127234,NA,NA,NA
Lessemsaurus__Antarctic,0.0022893669198101613,-0.00035091565718005884,0.002600777256137089,NA,NA,NA
Lessemsaurus__mat_z_trans,0.02915241065595488,-0.003871989330095546,0.025432612382962228,NA,NA,NA
Lessemsaurus__map_z_trans,-0.02205582472014054,-0.0034765120681392444,0.0037917187476304813,NA,NA,NA
Lessemsaurus__wmm_z_trans,0.02157270540205538,-0.0026185696521413534,0.02229125099592035,NA,NA,NA
Lessemsaurus__cmm_z_trans,-0.020696486963401522,-0.006717928692922093,0.012117850831046842,NA,NA,NA
Lessemsaurus__wmmcmm_z_trans,-0.010759144627321087,-0.006287512606406851,0.010725387933204811,NA,NA,NA
Lessemsaurus__wetmon_z_trans,0.006152113058972394,-0.003748111014531821,0.018802595120610676,NA,NA,NA
Lessemsaurus__drymon_z_trans,0.0009878616302331348,-0.000764595272126251,0.0038228935986871345,NA,NA,NA
Lessemsaurus__wetdry_z_trans,0.019281466468166277,-0.00264599808066775,0.023389343657052232,NA,NA,NA
Lessemsaurus__time,0.033322909122860275,-0.0006966994024888715,0.022798404738796917,NA,NA,NA
Lewisuchus__lat_range_z_trans,-0.2907728013396263,-0.003952159861225721,-0.006400002303049663,0.07418808129298071,0.004903555614873767,0.19642018945887685
Lewisuchus__Temperate_N,0.2163045762386173,-0.0003944230768286173,0.023682468248161906,NA,NA,NA
Lewisuchus__Tropical,0.16530670215841384,-7.943603963005143e-05,0.018899581053382884,NA,NA,NA
Lewisuchus__Temperate_S,-0.16079856394790112,-0.005032761109042553,0.008353867815463809,NA,NA,NA
Lewisuchus__Antarctic,0.06013977216556668,0.0001443259032080601,0.0048176288157218625,NA,NA,NA
Lewisuchus__mat_z_trans,0.08332927722483874,-0.002243006466181168,0.018895717348784542,NA,NA,NA
Lewisuchus__map_z_trans,-0.3101182539318688,-0.007296048137548996,0.009665886426266264,NA,NA,NA
Lewisuchus__wmm_z_trans,-0.014751478340476751,-0.0016653227163834234,0.011984009381928732,NA,NA,NA
Lewisuchus__cmm_z_trans,-0.09307278942374979,-0.003720883134443256,0.010057115529447984,NA,NA,NA
Lewisuchus__wmmcmm_z_trans,-0.0552103732759133,-0.0031056230470914545,0.012659340691833621,NA,NA,NA
Lewisuchus__wetmon_z_trans,0.056440361766144635,-0.0036144989435453897,0.024292777293496704,NA,NA,NA
Lewisuchus__drymon_z_trans,0.03181631991845592,-0.0006249956233891887,0.009019558431936593,NA,NA,NA
Lewisuchus__wetdry_z_trans,0.14815909727476537,-0.002495452013142436,0.0365766222214982,NA,NA,NA
Lewisuchus__time,0.05607900257920846,-0.0008691860461590812,0.01163496924059166,NA,NA,NA
Leyesaurus__lat_range_z_trans,0.2460795083642006,0.0007773977178688837,0.010816816326663982,0.12933405274379767,0.031879985705018044,0.3357659913599491
Leyesaurus__Temperate_N,0.21276570098474623,-0.00030979564489879113,0.01298971260324889,NA,NA,NA
Leyesaurus__Tropical,0.17365753413178026,-7.462576208108935e-05,0.012223137813072363,NA,NA,NA
Leyesaurus__Temperate_S,-0.26350798350758853,-0.004850548889235327,0.002693896683299409,NA,NA,NA
Leyesaurus__Antarctic,0.06099804831668734,4.758789050834444e-05,0.002861368186439483,NA,NA,NA
Leyesaurus__mat_z_trans,0.21467315039481036,-0.0031256240385005457,0.03376755867928515,NA,NA,NA
Leyesaurus__map_z_trans,-0.3459547476004809,-0.005270766505743793,0.008513663233059576,NA,NA,NA
Leyesaurus__wmm_z_trans,0.044645054466673176,-0.001460226781636589,0.011864504817187536,NA,NA,NA
Leyesaurus__cmm_z_trans,-0.3862894541909918,-0.006984583581942265,0.010820352495192757,NA,NA,NA
Leyesaurus__wmmcmm_z_trans,-0.3307951522246003,-0.0049601587621953686,0.02119702111923926,NA,NA,NA
Leyesaurus__wetmon_z_trans,-0.0054613288608379666,-0.004582380039993864,0.024636682834472845,NA,NA,NA
Leyesaurus__drymon_z_trans,0.02958141296316171,-0.0005324147184227162,0.005207349557885531,NA,NA,NA
Leyesaurus__wetdry_z_trans,0.1340790035109967,-0.0038496749469489086,0.026663218473379772,NA,NA,NA
Leyesaurus__time,0.16354683192446828,0.00022634375181875818,0.009884257373038545,NA,NA,NA
Libognathus__lat_range_z_trans,0.25711352840065954,0.0007864965129058633,0.01071352095210758,0.2888901989054284,0.08652764558792114,0.5151074826717377
Libognathus__Temperate_N,0.23079017321695575,-1.9905139106393376e-05,0.013365955095497895,NA,NA,NA
Libognathus__Tropical,-0.24441903784871102,-0.004621334619124563,0.0034787943485112952,NA,NA,NA
Libognathus__Temperate_S,0.2480673898383975,0.00023923104403226616,0.015303435843236813,NA,NA,NA
Libognathus__Antarctic,0.055189981581643226,2.9717379337122867e-05,0.0025473867839206064,NA,NA,NA
Libognathus__mat_z_trans,0.2313677450083196,-0.003707024360543584,0.032943436110579566,NA,NA,NA
Libognathus__map_z_trans,-0.36943056447897105,-0.004526322665741794,0.006674911651629783,NA,NA,NA
Libognathus__wmm_z_trans,0.0449880572874099,-0.0019265370860789214,0.012655270897526136,NA,NA,NA
Libognathus__cmm_z_trans,-0.36430319350445645,-0.00578428759614054,0.017321007598535314,NA,NA,NA
Libognathus__wmmcmm_z_trans,-0.2955508175492287,-0.006066515551146753,0.014443738589456452,NA,NA,NA
Libognathus__wetmon_z_trans,-0.024274033239053097,-0.005426936089784317,0.018993341499961718,NA,NA,NA
Libognathus__drymon_z_trans,0.024646998129901475,-0.0008164208706903669,0.0052493408760809854,NA,NA,NA
Libognathus__wetdry_z_trans,0.13027638114988804,-0.0029868701254192245,0.02991900506544252,NA,NA,NA
Libognathus__time,0.188780143794138,-0.000122761143902072,0.010530394882978427,NA,NA,NA
Liliensternus__lat_range_z_trans,-0.7703495901823044,-0.01060659608202565,-0.02435107398092964,0.15958705853082847,0.05236031301319599,0.24212259985506535
Liliensternus__Temperate_N,-0.14317651704128365,-0.004104457190424327,0.003589021656431157,NA,NA,NA
Liliensternus__Tropical,0.07974240192677826,-0.0007475082459223362,0.011566327828374934,NA,NA,NA
Liliensternus__Temperate_S,0.13037382278125734,-0.0005141795733354757,0.01751928484113613,NA,NA,NA
Liliensternus__Antarctic,0.02481104216101812,-4.117060831545865e-05,0.003089863109018974,NA,NA,NA
Liliensternus__mat_z_trans,0.15663412219844758,-0.002349872996784109,0.033644774307528935,NA,NA,NA
Liliensternus__map_z_trans,-0.13999125957023353,-0.003825881802278937,0.005629320575790053,NA,NA,NA
Liliensternus__wmm_z_trans,0.1436518830806017,-0.002234251838699808,0.035740512040206854,NA,NA,NA
Liliensternus__cmm_z_trans,-0.05206234094946922,-0.0027966636131052506,0.008498236329721177,NA,NA,NA
Liliensternus__wmmcmm_z_trans,0.12703385176944265,-0.00012943936882960208,0.013636756196263769,NA,NA,NA
Liliensternus__wetmon_z_trans,0.03791432238183916,-0.0042752007316089365,0.02351291596090976,NA,NA,NA
Liliensternus__drymon_z_trans,0.022210877257748507,-0.0006189249459273915,0.0034099634981530394,NA,NA,NA
Liliensternus__wetdry_z_trans,0.091433097346453,-0.0028082335763078797,0.02687807848386522,NA,NA,NA
Liliensternus__time,0.3075005377177149,0.00010291026216188654,0.03177555934899472,NA,NA,NA
Litorosuchus__lat_range_z_trans,0.02199137681451556,0.0016407821549013068,0.01302717363561355,2.2802064559046995,0.28111871890723705,4.693062148988247
Litorosuchus__Temperate_N,0.021430610900937966,-7.042971373030329e-05,0.01785968828749231,NA,NA,NA
Litorosuchus__Tropical,-0.0204632044483634,-0.009408686389990584,0.012295191031693974,NA,NA,NA
Litorosuchus__Temperate_S,0.024935507436639262,0.0008843397396733091,0.019630769568462818,NA,NA,NA
Litorosuchus__Antarctic,1.0165341624718555e-05,-0.0008732917915415555,0.002676803661130103,NA,NA,NA
Litorosuchus__mat_z_trans,0.0014430107207513837,-0.005237209469815474,0.017362541642608732,NA,NA,NA
Litorosuchus__map_z_trans,0.01374670846461852,-0.001803043996542716,0.01877410956234773,NA,NA,NA
Litorosuchus__wmm_z_trans,0.004878949672731286,-0.0028604441195218392,0.012478042608813699,NA,NA,NA
Litorosuchus__cmm_z_trans,0.02308837609926031,-0.0014997579038925136,0.021860459161627616,NA,NA,NA
Litorosuchus__wmmcmm_z_trans,0.017345173581838937,-0.002576051025465929,0.01637803144291592,NA,NA,NA
Litorosuchus__wetmon_z_trans,0.007278247586249299,-0.004812089235250619,0.021468636524799727,NA,NA,NA
Litorosuchus__drymon_z_trans,0.00028186294782977866,-0.0013819859438222227,0.003440077840895315,NA,NA,NA
Litorosuchus__wetdry_z_trans,0.00674214539505525,-0.004271437173054426,0.014500719280185264,NA,NA,NA
Litorosuchus__time,-0.005251606182062577,-0.0026801654433497076,0.002387295946878345,NA,NA,NA
Lophostropheus__lat_range_z_trans,0.042108822904445196,0.0009675152980737376,0.012074934705997275,1.0179732221550513,0.6345027852803469,1.3735392354428768
Lophostropheus__Temperate_N,-0.06834320671755903,-0.008450502114493467,0.0009509460156890441,NA,NA,NA
Lophostropheus__Tropical,0.016461024945747606,-0.0018362430661910945,0.012181726922362184,NA,NA,NA
Lophostropheus__Temperate_S,0.02186902596480381,-0.0017245519494403613,0.013602269291772238,NA,NA,NA
Lophostropheus__Antarctic,0.006808563411021152,1.686377406975153e-05,0.002673167974534159,NA,NA,NA
Lophostropheus__mat_z_trans,0.025222579190662096,-0.0032794412634682907,0.02873615482568852,NA,NA,NA
Lophostropheus__map_z_trans,-0.03109528463431809,-0.004010587210546555,0.008183043661411609,NA,NA,NA
Lophostropheus__wmm_z_trans,0.012757424335200046,-0.004742333122940596,0.02756609589133684,NA,NA,NA
Lophostropheus__cmm_z_trans,-0.011540130773377472,-0.002713897527958255,0.005797242357432057,NA,NA,NA
Lophostropheus__wmmcmm_z_trans,0.019417093434592334,-0.0011536448324816564,0.012931025247203073,NA,NA,NA
Lophostropheus__wetmon_z_trans,0.006458353507550143,-0.00294519611490416,0.01950197490870314,NA,NA,NA
Lophostropheus__drymon_z_trans,0.003826992769488224,-0.00034040800719159947,0.003830409627874386,NA,NA,NA
Lophostropheus__wetdry_z_trans,0.016555357394354864,-0.003199616415434938,0.01888160466370094,NA,NA,NA
Lophostropheus__time,0.05695070859901543,-0.0015374277584957886,0.027228944101759623,NA,NA,NA
Lotosaurus__lat_range_z_trans,0.01919761814053948,0.00011733206646523255,0.006514899235020607,1.0279681417706887,0.14690537471324205,3.6560366097837687
Lotosaurus__Temperate_N,0.04393275386677489,-0.00010386397362490104,0.016515809777622785,NA,NA,NA
Lotosaurus__Tropical,-0.05640723325791195,-0.006305378768709334,0.010839127782965065,NA,NA,NA
Lotosaurus__Temperate_S,0.05088038998124328,0.0005591288486061538,0.018786947400277382,NA,NA,NA
Lotosaurus__Antarctic,0.007209568016705714,-0.00035229095273249744,0.0038835426303245246,NA,NA,NA
Lotosaurus__mat_z_trans,-0.010777983109913309,-0.004551268502186232,0.011678397764876223,NA,NA,NA
Lotosaurus__map_z_trans,0.05386296813358851,-0.0011728461489953525,0.028403628573948,NA,NA,NA
Lotosaurus__wmm_z_trans,-0.011382122972135889,-0.0054570996564870106,0.010388017026500123,NA,NA,NA
Lotosaurus__cmm_z_trans,0.02566336649515842,-0.0016652483868077866,0.016513460098239924,NA,NA,NA
Lotosaurus__wmmcmm_z_trans,0.01317078932244718,-0.00238154340267109,0.017401393288928663,NA,NA,NA
Lotosaurus__wetmon_z_trans,0.0068699064434899135,-0.004237469642359249,0.026216637868116788,NA,NA,NA
Lotosaurus__drymon_z_trans,0.004904396336919878,-0.0009199152540171778,0.004201924541638454,NA,NA,NA
Lotosaurus__wetdry_z_trans,-0.017177487796850396,-0.006710132428384064,0.019736497560885215,NA,NA,NA
Lotosaurus__time,-0.012489605268429448,-0.0017688741094999665,0.0030592566461213407,NA,NA,NA
Lucasuchus__lat_range_z_trans,0.13525677382256565,0.0010205535859670219,0.016071504635033783,0.4419821729310206,0.0879438016563654,1.0630597919225693
Lucasuchus__Temperate_N,0.11776901765924566,-0.0003871839341548495,0.024812678456072157,NA,NA,NA
Lucasuchus__Tropical,-0.12503106538722458,-0.0048293271990748265,0.009925832008313876,NA,NA,NA
Lucasuchus__Temperate_S,0.12296089511396986,-0.000852975758791579,0.020099503608594093,NA,NA,NA
Lucasuchus__Antarctic,0.028930107573105573,7.383860341748733e-05,0.004171703625074401,NA,NA,NA
Lucasuchus__mat_z_trans,0.01757323390160399,-0.002798710042519163,0.01605043776549356,NA,NA,NA
Lucasuchus__map_z_trans,-0.1808946207032447,-0.006055486451692959,0.007387944738136232,NA,NA,NA
Lucasuchus__wmm_z_trans,0.0009155113151378927,-0.002260791952732679,0.008622768830925323,NA,NA,NA
Lucasuchus__cmm_z_trans,-0.059796820350452966,-0.0038594740291918363,0.008886852452282263,NA,NA,NA
Lucasuchus__wmmcmm_z_trans,-0.029625882340774158,-0.0026184734638985377,0.019480038730562064,NA,NA,NA
Lucasuchus__wetmon_z_trans,0.012590380675557114,-0.005351665366843181,0.020201976758502067,NA,NA,NA
Lucasuchus__drymon_z_trans,0.01144650843448279,-0.0011344413919277389,0.005611590954522131,NA,NA,NA
Lucasuchus__wetdry_z_trans,0.04168599454251545,-0.0048619545841827845,0.02515976417021428,NA,NA,NA
Lucasuchus__time,0.023677290075138708,-0.0010333783257776502,0.007656943461738858,NA,NA,NA
Lucianosaurus__lat_range_z_trans,0.21186913399249757,0.0009007310402417843,0.009800037919683032,0.3175846970021666,0.08652764558792114,1.1209887061268091
Lucianosaurus__Temperate_N,0.1866023282025696,-4.3313319405273426e-05,0.012994480609407298,NA,NA,NA
Lucianosaurus__Tropical,-0.19611848486986974,-0.00413450229852228,0.0074893185051221785,NA,NA,NA
Lucianosaurus__Temperate_S,0.19811965284405142,0.00023158507179538463,0.015823788209580296,NA,NA,NA
Lucianosaurus__Antarctic,0.045621311172677634,8.101430081394158e-05,0.0027313976740722685,NA,NA,NA
Lucianosaurus__mat_z_trans,0.17547530971032213,-0.0032081631495728554,0.029734519867246914,NA,NA,NA
Lucianosaurus__map_z_trans,-0.3021892795935711,-0.004901071382916226,0.00633679971074482,NA,NA,NA
Lucianosaurus__wmm_z_trans,0.040920613169363344,-0.0013899619024101367,0.014374253557023636,NA,NA,NA
Lucianosaurus__cmm_z_trans,-0.2875659427798624,-0.006263187249677812,0.014397725448265843,NA,NA,NA
Lucianosaurus__wmmcmm_z_trans,-0.22151439996628736,-0.006186094463380551,0.013712103364453323,NA,NA,NA
Lucianosaurus__wetmon_z_trans,-0.017592150178258634,-0.005697658900250781,0.021125162765746816,NA,NA,NA
Lucianosaurus__drymon_z_trans,0.01923494980332674,-0.0006234744455192296,0.004347503689169249,NA,NA,NA
Lucianosaurus__wetdry_z_trans,0.10654596471110207,-0.003799378470932575,0.028403483452575356,NA,NA,NA
Lucianosaurus__time,0.15804831811356498,8.400485833333527e-05,0.01286896542237405,NA,NA,NA
Lucianovenator__lat_range_z_trans,0.24959217101335526,0.0008107588134037862,0.010532108916575127,0.16753134389262414,0.0350182019174099,0.3516218177974224
Lucianovenator__Temperate_N,0.2154686869867146,-5.775729583021375e-05,0.01288284324551605,NA,NA,NA
Lucianovenator__Tropical,0.1751890137884766,-7.555325994637938e-05,0.011765480386963692,NA,NA,NA
Lucianovenator__Temperate_S,-0.2625667943246663,-0.004694918584727193,0.005779686537431517,NA,NA,NA
Lucianovenator__Antarctic,0.06059701065532863,9.644204748044577e-05,0.0030246469978988917,NA,NA,NA
Lucianovenator__mat_z_trans,0.22554926279815846,-0.0034425707613049113,0.034035566384202055,NA,NA,NA
Lucianovenator__map_z_trans,-0.3329930603597313,-0.004517121649257445,0.007452331250695429,NA,NA,NA
Lucianovenator__wmm_z_trans,0.06793123682087752,-0.0013359811572069607,0.014678701341356064,NA,NA,NA
Lucianovenator__cmm_z_trans,-0.4097368657542393,-0.007071392562936683,0.01593925694038425,NA,NA,NA
Lucianovenator__wmmcmm_z_trans,-0.3462199850846082,-0.005513357389843412,0.01842099125691873,NA,NA,NA
Lucianovenator__wetmon_z_trans,-0.013097813725471497,-0.004639332861466209,0.019805625509212936,NA,NA,NA
Lucianovenator__drymon_z_trans,0.02732449362432817,-0.0007471432432837034,0.004615089541034679,NA,NA,NA
Lucianovenator__wetdry_z_trans,0.13822586163878442,-0.0038975212294629254,0.023732297044952017,NA,NA,NA
Lucianovenator__time,0.19150846568867563,0.0001359788229785293,0.011474914842323653,NA,NA,NA
Lufengosaurus__lat_range_z_trans,0.042108822904445196,0.0009675152980737376,0.012074934705997275,1.0179732221550513,0.6345027852803469,1.3735392354428768
Lufengosaurus__Temperate_N,-0.06834320671755903,-0.008450502114493467,0.0009509460156890441,NA,NA,NA
Lufengosaurus__Tropical,0.016461024945747606,-0.0018362430661910945,0.012181726922362184,NA,NA,NA
Lufengosaurus__Temperate_S,0.02186902596480381,-0.0017245519494403613,0.013602269291772238,NA,NA,NA
Lufengosaurus__Antarctic,0.006808563411021152,1.686377406975153e-05,0.002673167974534159,NA,NA,NA
Lufengosaurus__mat_z_trans,0.025222579190662096,-0.0032794412634682907,0.02873615482568852,NA,NA,NA
Lufengosaurus__map_z_trans,-0.03109528463431809,-0.004010587210546555,0.008183043661411609,NA,NA,NA
Lufengosaurus__wmm_z_trans,0.012757424335200046,-0.004742333122940596,0.02756609589133684,NA,NA,NA
Lufengosaurus__cmm_z_trans,-0.011540130773377472,-0.002713897527958255,0.005797242357432057,NA,NA,NA
Lufengosaurus__wmmcmm_z_trans,0.019417093434592334,-0.0011536448324816564,0.012931025247203073,NA,NA,NA
Lufengosaurus__wetmon_z_trans,0.006458353507550143,-0.00294519611490416,0.01950197490870314,NA,NA,NA
Lufengosaurus__drymon_z_trans,0.003826992769488224,-0.00034040800719159947,0.003830409627874386,NA,NA,NA
Lufengosaurus__wetdry_z_trans,0.016555357394354864,-0.003199616415434938,0.01888160466370094,NA,NA,NA
Lufengosaurus__time,0.05695070859901543,-0.0015374277584957886,0.027228944101759623,NA,NA,NA
Lukousaurus__lat_range_z_trans,0.042108822904445196,0.0009675152980737376,0.012074934705997275,1.0179732221550513,0.6345027852803469,1.3735392354428768
Lukousaurus__Temperate_N,-0.06834320671755903,-0.008450502114493467,0.0009509460156890441,NA,NA,NA
Lukousaurus__Tropical,0.016461024945747606,-0.0018362430661910945,0.012181726922362184,NA,NA,NA
Lukousaurus__Temperate_S,0.02186902596480381,-0.0017245519494403613,0.013602269291772238,NA,NA,NA
Lukousaurus__Antarctic,0.006808563411021152,1.686377406975153e-05,0.002673167974534159,NA,NA,NA
Lukousaurus__mat_z_trans,0.025222579190662096,-0.0032794412634682907,0.02873615482568852,NA,NA,NA
Lukousaurus__map_z_trans,-0.03109528463431809,-0.004010587210546555,0.008183043661411609,NA,NA,NA
Lukousaurus__wmm_z_trans,0.012757424335200046,-0.004742333122940596,0.02756609589133684,NA,NA,NA
Lukousaurus__cmm_z_trans,-0.011540130773377472,-0.002713897527958255,0.005797242357432057,NA,NA,NA
Lukousaurus__wmmcmm_z_trans,0.019417093434592334,-0.0011536448324816564,0.012931025247203073,NA,NA,NA
Lukousaurus__wetmon_z_trans,0.006458353507550143,-0.00294519611490416,0.01950197490870314,NA,NA,NA
Lukousaurus__drymon_z_trans,0.003826992769488224,-0.00034040800719159947,0.003830409627874386,NA,NA,NA
Lukousaurus__wetdry_z_trans,0.016555357394354864,-0.003199616415434938,0.01888160466370094,NA,NA,NA
Lukousaurus__time,0.05695070859901543,-0.0015374277584957886,0.027228944101759623,NA,NA,NA
Luperosuchus__lat_range_z_trans,0.08779523559201212,0.0013375200878742628,0.01666951903471126,0.6290800496975134,0.2738285092636943,1.105268206447363
Luperosuchus__Temperate_N,0.07992544569824936,0.00014506981058890888,0.02370512811984214,NA,NA,NA
Luperosuchus__Tropical,0.05605959552112508,-0.0008413410170438895,0.01614098116674592,NA,NA,NA
Luperosuchus__Temperate_S,-0.12605030370440223,-0.00889927677403165,0.007430144018333733,NA,NA,NA
Luperosuchus__Antarctic,0.017917463337311496,6.547414443483153e-05,0.004419899228658108,NA,NA,NA
Luperosuchus__mat_z_trans,-0.010665854724335096,-0.004326856754545323,0.01646795655245016,NA,NA,NA
Luperosuchus__map_z_trans,-0.029004915119015044,-0.005880196734453297,0.01294012158802578,NA,NA,NA
Luperosuchus__wmm_z_trans,-0.01222831898547176,-0.0021824215281527207,0.010184249974817754,NA,NA,NA
Luperosuchus__cmm_z_trans,0.01732036197772106,-0.003614644594267105,0.014331952165217926,NA,NA,NA
Luperosuchus__wmmcmm_z_trans,0.023132900262746142,-0.0017769151150119878,0.017867124264623908,NA,NA,NA
Luperosuchus__wetmon_z_trans,0.017370710131148246,-0.0032741800361018275,0.02295296560657205,NA,NA,NA
Luperosuchus__drymon_z_trans,0.006927844255713172,-0.0009811534331178775,0.0067640993529664495,NA,NA,NA
Luperosuchus__wetdry_z_trans,-0.00544751599868702,-0.0034468144626701217,0.019879943925364216,NA,NA,NA
Luperosuchus__time,-0.005595323912489215,-0.0012737339049054784,0.004385455197135689,NA,NA,NA
Machaeroprosopus__lat_range_z_trans,-1.1108350065350532,-0.014799940438034832,-0.024265642950596997,0.19735344539001745,0.07214803993701935,0.31149802543222904
Machaeroprosopus__Temperate_N,0.16021888898685574,-0.00014702057058082468,0.015895679581051883,NA,NA,NA
Machaeroprosopus__Tropical,-0.08811282846610993,-0.002955999513012051,0.00804974953689746,NA,NA,NA
Machaeroprosopus__Temperate_S,0.13354534273268656,-0.00038617259105792873,0.016063541173070107,NA,NA,NA
Machaeroprosopus__Antarctic,0.036832805301528423,3.2487023841558186e-05,0.0028618690443046636,NA,NA,NA
Machaeroprosopus__mat_z_trans,0.17931714088190348,-0.00215658080755736,0.03235471963996028,NA,NA,NA
Machaeroprosopus__map_z_trans,-0.1379817831562832,-0.0041820752041973296,0.004010579672328809,NA,NA,NA
Machaeroprosopus__wmm_z_trans,0.19583658373914659,-0.002369554614835886,0.03082438513895555,NA,NA,NA
Machaeroprosopus__cmm_z_trans,-0.0391512724396307,-0.0023935175069582765,0.007859627211543457,NA,NA,NA
Machaeroprosopus__wmmcmm_z_trans,0.15650277249515057,0.000193056644960067,0.01605554058002075,NA,NA,NA
Machaeroprosopus__wetmon_z_trans,0.06357629130594432,-0.00326493526862906,0.021293592505846788,NA,NA,NA
Machaeroprosopus__drymon_z_trans,0.03694022518349811,-0.00019936583129631107,0.0042464932196746765,NA,NA,NA
Machaeroprosopus__wetdry_z_trans,0.1159698805511107,-0.0024688583567042113,0.026672201224907554,NA,NA,NA
Machaeroprosopus__time,0.3386860224418342,0.00014900672265916897,0.032217204617500106,NA,NA,NA
Macrocnemus__lat_range_z_trans,-0.558400512188673,-0.010562391524149678,-0.012067351395126668,0.22461962958255755,0.0004362068139016628,0.5198792568407953
Macrocnemus__Temperate_N,-0.0804615139614907,-0.003911144584430004,0.007672249963192068,NA,NA,NA
Macrocnemus__Tropical,-0.05021582702524029,-0.0026745391972116043,0.011487610745883703,NA,NA,NA
Macrocnemus__Temperate_S,0.17635015100240709,-0.0004603185350634294,0.020866973702587863,NA,NA,NA
Macrocnemus__Antarctic,0.03086775085888803,5.168772854034049e-05,0.004039762338602013,NA,NA,NA
Macrocnemus__mat_z_trans,0.025984318928531137,-0.002326912416765192,0.02316159885609382,NA,NA,NA
Macrocnemus__map_z_trans,0.07807510136626661,-0.0034151006089959226,0.020617334345258736,NA,NA,NA
Macrocnemus__wmm_z_trans,-0.006240128990029916,-0.002154521709166474,0.010840607965219561,NA,NA,NA
Macrocnemus__cmm_z_trans,0.13566883041523398,-0.0017809374359845115,0.020483749657412547,NA,NA,NA
Macrocnemus__wmmcmm_z_trans,0.13194330741185695,-0.0003618722428443822,0.02322274966493124,NA,NA,NA
Macrocnemus__wetmon_z_trans,0.049524503346183336,-0.0030155730751114957,0.029251044865853483,NA,NA,NA
Macrocnemus__drymon_z_trans,0.02947288461669814,-0.0007493364147695837,0.006244739373636835,NA,NA,NA
Macrocnemus__wetdry_z_trans,0.09754145003356825,-0.002654472898366871,0.02212441917528273,NA,NA,NA
Macrocnemus__time,0.014461608771816827,-0.0009340373970844698,0.006194050936637156,NA,NA,NA
Macrocollum__lat_range_z_trans,0.02876642403034902,0.0006797857164016224,0.010943486671704859,1.3613325233809883,0.0633258642628789,4.370458018034697
Macrocollum__Temperate_N,0.027605936233321797,-5.4790526634627626e-05,0.014676502161199166,NA,NA,NA
Macrocollum__Tropical,0.019155191977863775,-0.00017690483977316233,0.011304226441311096,NA,NA,NA
Macrocollum__Temperate_S,-0.014857889135535755,-0.004640396873421788,0.007755269281715908,NA,NA,NA
Macrocollum__Antarctic,0.0027538882550981396,-0.0003135258631736203,0.002578678974308799,NA,NA,NA
Macrocollum__mat_z_trans,0.02990328816115576,-0.0030937073674098276,0.030260493005580022,NA,NA,NA
Macrocollum__map_z_trans,-0.025371828552724324,-0.004285094557803455,0.005532960928365729,NA,NA,NA
Macrocollum__wmm_z_trans,0.024414212603562774,-0.0026495060532363713,0.022101846714699957,NA,NA,NA
Macrocollum__cmm_z_trans,-0.024134367651840127,-0.005271972193880451,0.01201488788710931,NA,NA,NA
Macrocollum__wmmcmm_z_trans,-0.013017822258116395,-0.006555968798689945,0.011714256905898935,NA,NA,NA
Macrocollum__wetmon_z_trans,0.007328454241276096,-0.0039890201888220095,0.01967228029205836,NA,NA,NA
Macrocollum__drymon_z_trans,0.0016819619601882495,-0.0010128693431464748,0.003506075831758858,NA,NA,NA
Macrocollum__wetdry_z_trans,0.020669995065441534,-0.002678149690358333,0.02319060910310586,NA,NA,NA
Macrocollum__time,0.03255987940158575,-0.0009073497314548338,0.018887965996648225,NA,NA,NA
Macroleter__lat_range_z_trans,-0.5319081850349903,-0.0072367490715187196,-0.011736522663073764,0.1403353400290507,0.0009933165274560452,0.43576117558404803
Macroleter__Temperate_N,-0.10687798091210425,-0.002288121795270558,0.0010052538504765663,NA,NA,NA
Macroleter__Tropical,-0.08534520727582276,-0.0017649324423149044,0.004431832684203522,NA,NA,NA
Macroleter__Temperate_S,0.14295213903300463,-9.189733694306918e-05,0.015805518173179538,NA,NA,NA
Macroleter__Antarctic,0.010959851692896337,-0.00033100267784050774,0.0025502214012090058,NA,NA,NA
Macroleter__mat_z_trans,-0.020780542950669768,-0.006236564869992868,0.03324258185961817,NA,NA,NA
Macroleter__map_z_trans,0.1744256938392209,-0.0006639882240257671,0.017737580834044576,NA,NA,NA
Macroleter__wmm_z_trans,-0.05702723959926516,-0.004711648402847763,0.026458593190038057,NA,NA,NA
Macroleter__cmm_z_trans,0.26576590760145336,-0.0031647050378154308,0.0412046729295341,NA,NA,NA
Macroleter__wmmcmm_z_trans,0.09859735743899364,-0.002572291539737108,0.01929069239893936,NA,NA,NA
Macroleter__wetmon_z_trans,0.06289098351378924,-0.0007320988253188639,0.008809822107791196,NA,NA,NA
Macroleter__drymon_z_trans,0.11803010269184597,-0.0017627789813653197,0.017848522272038474,NA,NA,NA
Macroleter__wetdry_z_trans,0.04440993009600788,-0.0011304300913498127,0.014507001330510094,NA,NA,NA
Macroleter__time,-0.10454077946487814,-0.002262261015062584,0.0029837698269562017,NA,NA,NA
Maehary__lat_range_z_trans,0.02933037653426811,0.0007282260397972396,0.010468073278646135,1.343112648059905,0.06459024548530579,4.370458018034697
Maehary__Temperate_N,0.0279169739370484,-0.0002902005632966479,0.016774907237826854,NA,NA,NA
Maehary__Tropical,0.0190920649401853,-0.00044560593429635097,0.01162598992037759,NA,NA,NA
Maehary__Temperate_S,-0.014861596676409601,-0.004061639307693784,0.008796358268411662,NA,NA,NA
Maehary__Antarctic,0.003260772252930262,-0.00034415739329118065,0.002672278818221556,NA,NA,NA
Maehary__mat_z_trans,0.030596326872174017,-0.0038452263890076835,0.025862255165506894,NA,NA,NA
Maehary__map_z_trans,-0.024204837461178876,-0.004123654704728208,0.005504017880776153,NA,NA,NA
Maehary__wmm_z_trans,0.02332066676871369,-0.002646248278112889,0.02290409058580226,NA,NA,NA
Maehary__cmm_z_trans,-0.02926129715030723,-0.006681366683830133,0.008161979477289678,NA,NA,NA
Maehary__wmmcmm_z_trans,-0.009260196036229944,-0.00469452918942204,0.017141923813386667,NA,NA,NA
Maehary__wetmon_z_trans,0.007145078833306588,-0.0037809886201834934,0.018430164281519446,NA,NA,NA
Maehary__drymon_z_trans,0.002181867794452917,-0.0004703496871144078,0.003927994050232468,NA,NA,NA
Maehary__wetdry_z_trans,0.018589620955872247,-0.0036061767055458227,0.021529568018890274,NA,NA,NA
Maehary__time,0.03361150276680042,-0.0006875528946778698,0.020339939398577447,NA,NA,NA
Malerisaurus__lat_range_z_trans,0.10953899534043304,0.000780402978872254,0.010525819362910685,0.4592072719182761,0.11081874370574951,1.5418039587239036
Malerisaurus__Temperate_N,0.0996374987932899,-0.00015756684223677543,0.0131317826862802,NA,NA,NA
Malerisaurus__Tropical,-0.0985764326036245,-0.004576034829107881,0.0023060431330111826,NA,NA,NA
Malerisaurus__Temperate_S,0.09460918425616584,-0.0007246402159757175,0.014501911496162131,NA,NA,NA
Malerisaurus__Antarctic,0.021960340826674175,-6.3409094004863154e-06,0.0025430877510200438,NA,NA,NA
Malerisaurus__mat_z_trans,0.09521207603281741,-0.0033521969791954565,0.032366264950957596,NA,NA,NA
Malerisaurus__map_z_trans,-0.14631362883024826,-0.004251693703019819,0.006557966762049545,NA,NA,NA
Malerisaurus__wmm_z_trans,0.02759546077586618,-0.0019036486484030617,0.015222784222699556,NA,NA,NA
Malerisaurus__cmm_z_trans,-0.14137948696514108,-0.0066782279012430725,0.011312180858841126,NA,NA,NA
Malerisaurus__wmmcmm_z_trans,-0.09605216590465844,-0.005698437312766211,0.01419068334279152,NA,NA,NA
Malerisaurus__wetmon_z_trans,-0.004980673411712603,-0.0046138160449527696,0.02025828812449716,NA,NA,NA
Malerisaurus__drymon_z_trans,0.008388216745385133,-0.0007144357978743462,0.005157372079913859,NA,NA,NA
Malerisaurus__wetdry_z_trans,0.05627603536480096,-0.0029375213409596227,0.029394822135938962,NA,NA,NA
Malerisaurus__time,0.09154190391157853,-0.00011531276514031089,0.016670533288391534,NA,NA,NA
Malutinisuchus__lat_range_z_trans,-0.5873518401384353,-0.008446406248369691,-0.017949059482859197,0.17266064705196185,0.0025593433529138565,0.36268342623952776
Malutinisuchus__Temperate_N,-0.1475032156240195,-0.004104849078229557,0.010706879260024322,NA,NA,NA
Malutinisuchus__Tropical,0.10829912750748917,-0.0002288267492290021,0.013703528715161863,NA,NA,NA
Malutinisuchus__Temperate_S,0.20448285347316414,0.0002772373862661863,0.025000427426387833,NA,NA,NA
Malutinisuchus__Antarctic,0.03383190847351216,-4.217803263739086e-05,0.0033925349595194717,NA,NA,NA
Malutinisuchus__mat_z_trans,-0.024347448209300637,-0.004806637060395069,0.02087024641845713,NA,NA,NA
Malutinisuchus__map_z_trans,0.04121644861996174,-0.0037151664942799627,0.023351735075192386,NA,NA,NA
Malutinisuchus__wmm_z_trans,0.008365206609014422,-0.0014467199346808997,0.011726027720365817,NA,NA,NA
Malutinisuchus__cmm_z_trans,0.12213022946438286,-0.001990602919012098,0.019266802426797982,NA,NA,NA
Malutinisuchus__wmmcmm_z_trans,0.12469546866603196,-0.0006878486419512912,0.02011902818474939,NA,NA,NA
Malutinisuchus__wetmon_z_trans,0.05297665279358625,-0.003732732297450434,0.026955102418579468,NA,NA,NA
Malutinisuchus__drymon_z_trans,0.02664366458542645,-0.0005999520434106414,0.00574134352175048,NA,NA,NA
Malutinisuchus__wetdry_z_trans,0.03606293445336632,-0.004607810617009245,0.023922132861757418,NA,NA,NA
Malutinisuchus__time,0.01936286393363844,-0.0008169775810141776,0.007332810689580718,NA,NA,NA
Mambawakale__lat_range_z_trans,0.2769249865704878,0.0009140446799429668,0.012483815753967132,0.323956269171249,0.10960966069251299,0.5966387121006846
Mambawakale__Temperate_N,0.23587226283631485,-0.00036584425222347425,0.018730727851405397,NA,NA,NA
Mambawakale__Tropical,0.176901955052266,-0.0002268041315965876,0.013381222654315308,NA,NA,NA
Mambawakale__Temperate_S,-0.5075791489412924,-0.007154188217919886,0.00020009761605539015,NA,NA,NA
Mambawakale__Antarctic,0.06651514037590694,0.00013203462767840288,0.004522804281412089,NA,NA,NA
Mambawakale__mat_z_trans,-0.14121910145944158,-0.0036083481782844215,0.013417908257157447,NA,NA,NA
Mambawakale__map_z_trans,0.32515618003797436,-0.0012303178297968318,0.03480914677886646,NA,NA,NA
Mambawakale__wmm_z_trans,-0.09738822348642978,-0.004313511465094454,0.01373016976524979,NA,NA,NA
Mambawakale__cmm_z_trans,0.057141600519104746,-0.0016248924424158205,0.010192993602517719,NA,NA,NA
Mambawakale__wmmcmm_z_trans,0.00515537685841927,-0.002548181727773906,0.009767725429630926,NA,NA,NA
Mambawakale__wetmon_z_trans,-0.0689324093663581,-0.006360340998831156,0.02521214797730968,NA,NA,NA
Mambawakale__drymon_z_trans,0.035455671629345,-0.0005864797233554881,0.006233590150999721,NA,NA,NA
Mambawakale__wetdry_z_trans,-0.1849581134224813,-0.006448575330936796,0.026604352604441266,NA,NA,NA
Mambawakale__time,-0.06158885287218937,-0.001528065320795821,0.004852837472136765,NA,NA,NA
Mandaphon__lat_range_z_trans,0.3002564999461174,0.0008981486734627371,0.01215918562336088,0.27410981707020254,0.10960966069251299,0.44395389780402184
Mandaphon__Temperate_N,0.2560241571534425,2.751474235092059e-05,0.019020098386364242,NA,NA,NA
Mandaphon__Tropical,0.19778919408796355,-0.0001970077259850093,0.014051475098652661,NA,NA,NA
Mandaphon__Temperate_S,-0.5782026362302713,-0.0063944809312034235,0.003173966765067398,NA,NA,NA
Mandaphon__Antarctic,0.07517414735630154,0.00010881719566035878,0.004263477536855309,NA,NA,NA
Mandaphon__mat_z_trans,-0.15276185228030953,-0.0033847753306801382,0.010497814017247236,NA,NA,NA
Mandaphon__map_z_trans,0.49692718528211116,-0.0007423888498738508,0.03963022931267363,NA,NA,NA
Mandaphon__wmm_z_trans,-0.11882334762369283,-0.004633778644375353,0.011905081814365616,NA,NA,NA
Mandaphon__cmm_z_trans,0.024407430379651488,-0.0010468417749388047,0.009387909907665328,NA,NA,NA
Mandaphon__wmmcmm_z_trans,-0.05451346880523488,-0.002727065567665525,0.009522980125344062,NA,NA,NA
Mandaphon__wetmon_z_trans,-0.08466159051284194,-0.0077424564267650885,0.025896851361069048,NA,NA,NA
Mandaphon__drymon_z_trans,0.05145055156375747,-0.00031208073007128707,0.004903215854199725,NA,NA,NA
Mandaphon__wetdry_z_trans,-0.26220574014179876,-0.006875824096576196,0.025937739847926154,NA,NA,NA
Mandaphon__time,-0.07548119624392712,-0.0019272508447426148,0.003789514544673802,NA,NA,NA
Mandasuchus__lat_range_z_trans,0.21904174537961027,0.0009767184381853007,0.014203083495438645,0.3710598790837685,0.15031179413199425,0.6606889655813575
Mandasuchus__Temperate_N,0.188533497067966,-0.00036580327282542755,0.018506395458794456,NA,NA,NA
Mandasuchus__Tropical,0.14102581654795246,-0.00019745163803317468,0.014789888556633714,NA,NA,NA
Mandasuchus__Temperate_S,-0.4099145936557771,-0.007273661104093433,0.0031389575888708093,NA,NA,NA
Mandasuchus__Antarctic,0.05411797995236225,5.541140677888868e-05,0.0038470465846372312,NA,NA,NA
Mandasuchus__mat_z_trans,-0.10756394358830978,-0.0040329697919858,0.013480643301043087,NA,NA,NA
Mandasuchus__map_z_trans,0.24860924043932064,-0.0007440616540912231,0.03668292541824047,NA,NA,NA
Mandasuchus__wmm_z_trans,-0.0652631725916096,-0.0034461537608470533,0.011773767551260823,NA,NA,NA
Mandasuchus__cmm_z_trans,0.054147156117768595,-0.0016247104329574892,0.011864673920721998,NA,NA,NA
Mandasuchus__wmmcmm_z_trans,0.018990212489873644,-0.0025478962976962618,0.013777185434792848,NA,NA,NA
Mandasuchus__wetmon_z_trans,-0.05785165037571447,-0.006497110905432203,0.024309294515960284,NA,NA,NA
Mandasuchus__drymon_z_trans,0.028271370691934212,-0.0005972450725348432,0.00529825741491976,NA,NA,NA
Mandasuchus__wetdry_z_trans,-0.14158802000716028,-0.006684948795532002,0.01950051312794648,NA,NA,NA
Mandasuchus__time,-0.053098314136590496,-0.0019695874303385552,0.0029669078262044984,NA,NA,NA
Marasuchus__lat_range_z_trans,0.1228554019606881,0.0013352943125583086,0.017160184545797253,0.5119445150140381,0.21293264254927635,0.8712595338001847
Marasuchus__Temperate_N,0.11333502146306598,-5.891357297422938e-05,0.025419953032519062,NA,NA,NA
Marasuchus__Tropical,0.0767093636370943,-0.0003765779944692458,0.017774624071738465,NA,NA,NA
Marasuchus__Temperate_S,-0.23518362646218038,-0.009371951378736313,0.0022945129885590175,NA,NA,NA
Marasuchus__Antarctic,0.027951465808144862,8.827292952808204e-05,0.004494923309625401,NA,NA,NA
Marasuchus__mat_z_trans,-0.056492636152482914,-0.004745306564004188,0.0159378348560687,NA,NA,NA
Marasuchus__map_z_trans,0.012306961082696348,-0.0037909839629031916,0.014135286340316236,NA,NA,NA
Marasuchus__wmm_z_trans,-0.018068220760475748,-0.00208356536777187,0.010822543132118407,NA,NA,NA
Marasuchus__cmm_z_trans,0.05121830447843482,-0.0028852335989737773,0.02088937843634776,NA,NA,NA
Marasuchus__wmmcmm_z_trans,0.0580122891777453,-0.0014225131573904102,0.01749757284840672,NA,NA,NA
Marasuchus__wetmon_z_trans,0.021110675837944258,-0.004548858337903943,0.022422428003257205,NA,NA,NA
Marasuchus__drymon_z_trans,0.010957368568552681,-0.0009511456123085495,0.007105905990873018,NA,NA,NA
Marasuchus__wetdry_z_trans,-0.050136812345663195,-0.004573578217428777,0.013753559897285286,NA,NA,NA
Marasuchus__time,-0.017118231961938096,-0.001564409788625172,0.004430832742552548,NA,NA,NA
Marcianosuchus__lat_range_z_trans,0.12308630682645218,0.0010749226274093058,0.011862050883813563,0.5149262350436765,0.22334983851760626,0.8456332311034203
Marcianosuchus__Temperate_N,0.10914991558316042,6.194593508206751e-05,0.015379143873955977,NA,NA,NA
Marcianosuchus__Tropical,-0.17113745351500526,-0.0061587311133797515,0.0056137842420319155,NA,NA,NA
Marcianosuchus__Temperate_S,0.12593773773381878,0.0005266274933360457,0.017115952038877308,NA,NA,NA
Marcianosuchus__Antarctic,0.028989767581442713,5.881557937545123e-05,0.003430037349477904,NA,NA,NA
Marcianosuchus__mat_z_trans,-0.05403011001777511,-0.004386690484882105,0.0077803226290043,NA,NA,NA
Marcianosuchus__map_z_trans,0.20667633804805546,-0.0005698041546239646,0.03959542388894546,NA,NA,NA
Marcianosuchus__wmm_z_trans,-0.0758722397705345,-0.005514266925276481,0.011821589062612447,NA,NA,NA
Marcianosuchus__cmm_z_trans,0.013043812195368303,-0.0017016631859791283,0.006799509867235397,NA,NA,NA
Marcianosuchus__wmmcmm_z_trans,-0.054529078177941843,-0.002903918225887267,0.009016888716651045,NA,NA,NA
Marcianosuchus__wetmon_z_trans,-0.021917228724592733,-0.006603192425653888,0.03011647000829031,NA,NA,NA
Marcianosuchus__drymon_z_trans,0.022653003078789005,-0.00034128508246726564,0.003747959121897861,NA,NA,NA
Marcianosuchus__wetdry_z_trans,-0.09344650615594198,-0.006498642078184669,0.02749514235066909,NA,NA,NA
Marcianosuchus__time,-0.041146940353669094,-0.001993588270271627,0.00436526616200252,NA,NA,NA
Massospondylus__lat_range_z_trans,0.061334572028280555,0.0014507623486947727,0.016513463723200564,0.7707543411350344,0.4275338576408103,1.1323013827204704
Massospondylus__Temperate_N,0.05692337730747588,-8.824773504336077e-05,0.02346530248156809,NA,NA,NA
Massospondylus__Tropical,0.04484823194787121,-0.00038238698413531065,0.01941858457272437,NA,NA,NA
Massospondylus__Temperate_S,-0.04260997749301635,-0.00678505420203023,0.00936526443644142,NA,NA,NA
Massospondylus__Antarctic,0.010017907278698801,-7.101981116553264e-05,0.0039268999306916,NA,NA,NA
Massospondylus__mat_z_trans,0.01606088362798424,-0.002833101289861574,0.013423192003827494,NA,NA,NA
Massospondylus__map_z_trans,-0.07204849345693472,-0.008509360177810683,0.010935763428984018,NA,NA,NA
Massospondylus__wmm_z_trans,-0.0007979508455349328,-0.002241794867462987,0.011117153251300894,NA,NA,NA
Massospondylus__cmm_z_trans,-0.009889275847144581,-0.002744638052665345,0.01485265505408988,NA,NA,NA
Massospondylus__wmmcmm_z_trans,-0.0029999478686741875,-0.003227228075882849,0.010366285385521045,NA,NA,NA
Massospondylus__wetmon_z_trans,0.015584580315893251,-0.0038741586851043,0.01989085991259942,NA,NA,NA
Massospondylus__drymon_z_trans,0.0032296741697551462,-0.0013771826918917798,0.007690879588205166,NA,NA,NA
Massospondylus__wetdry_z_trans,0.033559524438176794,-0.003183108510622744,0.027453170796459217,NA,NA,NA
Massospondylus__time,0.0042442187287951945,-0.001082951576421352,0.005720065629851903,NA,NA,NA
Mbiresaurus__lat_range_z_trans,0.06742002768415437,0.0015690528693140119,0.016300416936993002,0.7088297509553376,0.0574621707201004,1.1245625521987677
Mbiresaurus__Temperate_N,0.06284028825593445,0.0001878787779772949,0.021988176618651486,NA,NA,NA
Mbiresaurus__Tropical,0.04989639504166731,-0.00037755713767082547,0.018196197027703996,NA,NA,NA
Mbiresaurus__Temperate_S,-0.049765180810079065,-0.006699353664593998,0.008730372865909917,NA,NA,NA
Mbiresaurus__Antarctic,0.011484101064594656,2.5994845672041795e-05,0.00395542384819316,NA,NA,NA
Mbiresaurus__mat_z_trans,0.01987689594452224,-0.002143083207570808,0.01658603899708896,NA,NA,NA
Mbiresaurus__map_z_trans,-0.08058827918417898,-0.008401880308267617,0.010250908193130837,NA,NA,NA
Mbiresaurus__wmm_z_trans,-0.0004569503128177344,-0.002111272650093721,0.010417335526709322,NA,NA,NA
Mbiresaurus__cmm_z_trans,-0.014645984873847872,-0.003013297781494755,0.013917689867486878,NA,NA,NA
Mbiresaurus__wmmcmm_z_trans,-0.009312897307349794,-0.003259308031163306,0.014329017934818366,NA,NA,NA
Mbiresaurus__wetmon_z_trans,0.016512604489827082,-0.003921518641835209,0.02033852419105168,NA,NA,NA
Mbiresaurus__drymon_z_trans,0.0035382791222851873,-0.0013597877981549415,0.00720674361095796,NA,NA,NA
Mbiresaurus__wetdry_z_trans,0.03366639987955026,-0.004376064531891975,0.023037658188487065,NA,NA,NA
Mbiresaurus__time,0.006991625337364187,-0.0010692730516294712,0.008885036388282436,NA,NA,NA
Megachirella__lat_range_z_trans,0.02745967875915698,0.0012877048274787541,0.011350342726132721,1.6760058177365136,0.5525967665016651,2.6651551639661193
Megachirella__Temperate_N,-0.020093417322972703,-0.005182920276796058,0.009639813958663007,NA,NA,NA
Megachirella__Tropical,0.02223426779037544,5.682698206743939e-05,0.010299090537266156,NA,NA,NA
Megachirella__Temperate_S,0.030084715334788154,0.0006125205228783981,0.015858495665488765,NA,NA,NA
Megachirella__Antarctic,0.001212474836099655,-0.00027536902063260443,0.0022775068656821613,NA,NA,NA
Megachirella__mat_z_trans,-0.0019483709363295402,-0.0031219714720686275,0.013075636945638609,NA,NA,NA
Megachirella__map_z_trans,0.05852986394973726,-0.0009368354494439588,0.03667325189987546,NA,NA,NA
Megachirella__wmm_z_trans,0.002058101027758191,-0.00487005522472181,0.016327379658177054,NA,NA,NA
Megachirella__cmm_z_trans,0.011945042510697923,-0.001256883669892197,0.011628778411829807,NA,NA,NA
Megachirella__wmmcmm_z_trans,-0.0009756234018432868,-0.0028487008972228937,0.00976793190982691,NA,NA,NA
Megachirella__wetmon_z_trans,0.0035857549215150696,-0.006821436282855869,0.02997156913903175,NA,NA,NA
Megachirella__drymon_z_trans,0.002695887475682318,-0.000451098303049711,0.00347019845871932,NA,NA,NA
Megachirella__wetdry_z_trans,-0.006526537782608073,-0.00826723041940067,0.02185898060249982,NA,NA,NA
Megachirella__time,-0.012804512830431077,-0.002874021627743466,0.0019405634166335423,NA,NA,NA
Megalancosaurus__lat_range_z_trans,-0.7054460999369622,-0.012191132643195964,-0.011852635740253826,0.2555368249929597,0.0015836507081985474,0.5905868504196405
Megalancosaurus__Temperate_N,-0.09184668807662093,-0.002890071707519936,0.006282340840662075,NA,NA,NA
Megalancosaurus__Tropical,-0.0437981106719235,-0.002192620869539703,0.008780767953059241,NA,NA,NA
Megalancosaurus__Temperate_S,0.1354977390728891,-0.00034404540092644554,0.015103327898661673,NA,NA,NA
Megalancosaurus__Antarctic,0.02750256372077274,-0.00011025646079611094,0.00242412986380377,NA,NA,NA
Megalancosaurus__mat_z_trans,0.17186374008306302,-0.001683543574498207,0.03337856340936788,NA,NA,NA
Megalancosaurus__map_z_trans,-0.1337259863212239,-0.0032012322467400386,0.005103015331839894,NA,NA,NA
Megalancosaurus__wmm_z_trans,0.16442278907634317,-0.0017437976565814976,0.03316024263623574,NA,NA,NA
Megalancosaurus__cmm_z_trans,-0.0459126760916115,-0.0029965539129661344,0.008200275655384193,NA,NA,NA
Megalancosaurus__wmmcmm_z_trans,0.12167534849024378,-0.002244972863444138,0.014941565145005982,NA,NA,NA
Megalancosaurus__wetmon_z_trans,0.06055907246656716,-0.0028378533309535315,0.021752009752053148,NA,NA,NA
Megalancosaurus__drymon_z_trans,0.02778312822789303,-0.00020933669372859263,0.004992952496217847,NA,NA,NA
Megalancosaurus__wetdry_z_trans,0.1224827392376028,-0.0023548284561354387,0.022364090865756883,NA,NA,NA
Megalancosaurus__time,0.29843246821314096,5.077550562246267e-05,0.029508894087670604,NA,NA,NA
Megalosaurus__lat_range_z_trans,0.042849452121822514,0.0009642727574409963,0.011626383744966828,0.998968587549607,0.5555407525971532,1.4337178021669388
Megalosaurus__Temperate_N,-0.0684639631004924,-0.006858309728908791,0.006513350743713243,NA,NA,NA
Megalosaurus__Tropical,0.0185534748802673,-0.0008975546186717851,0.014464678077744477,NA,NA,NA
Megalosaurus__Temperate_S,0.02454452715617381,-0.0017187722684570562,0.012664214434145862,NA,NA,NA
Megalosaurus__Antarctic,0.006904138661884542,1.680725664542614e-05,0.0027418257950576823,NA,NA,NA
Megalosaurus__mat_z_trans,0.026422013194605753,-0.004030908931863065,0.02591160670811311,NA,NA,NA
Megalosaurus__map_z_trans,-0.03330727283581284,-0.004796407560134852,0.007879065860466876,NA,NA,NA
Megalosaurus__wmm_z_trans,0.0111741708372468,-0.0047264396193693915,0.026542090453214234,NA,NA,NA
Megalosaurus__cmm_z_trans,-0.01657296705711407,-0.003425084904355561,0.0055818905817027,NA,NA,NA
Megalosaurus__wmmcmm_z_trans,0.021883634556002427,-0.00114977849542991,0.013374742022231892,NA,NA,NA
Megalosaurus__wetmon_z_trans,0.005880163595722775,-0.002935325554621566,0.018777529617670156,NA,NA,NA
Megalosaurus__drymon_z_trans,0.004265627290296388,-0.0003742092462528164,0.0036644947825526966,NA,NA,NA
Megalosaurus__wetdry_z_trans,0.01775600134883885,-0.0034854841899913573,0.018180204438862167,NA,NA,NA
Megalosaurus__time,0.05556832368218444,-0.0015322752074335448,0.02621746293502317,NA,NA,NA
Megapnosaurus__lat_range_z_trans,0.020660241798536455,0.0014295644372246475,0.012249720158723285,2.1589462556348007,0.9567928425967693,4.330249695107341
Megapnosaurus__Temperate_N,0.019378434265926583,-0.0004396823307270603,0.016099580506739992,NA,NA,NA
Megapnosaurus__Tropical,-0.011625815914984418,-0.006745876237777405,0.010235912032101144,NA,NA,NA
Megapnosaurus__Temperate_S,0.010846530246207128,-0.0020377503480862734,0.011930211036504037,NA,NA,NA
Megapnosaurus__Antarctic,0.0013419502231925744,-0.00022151600947582355,0.0021338649790001423,NA,NA,NA
Megapnosaurus__mat_z_trans,0.01569209465847018,-0.0035802723143411814,0.02942722280166404,NA,NA,NA
Megapnosaurus__map_z_trans,-0.011800830420416714,-0.005277565710433615,0.004175904535797047,NA,NA,NA
Megapnosaurus__wmm_z_trans,0.017523128912579,-0.00467112707055129,0.025832975645772475,NA,NA,NA
Megapnosaurus__cmm_z_trans,-0.002262419943062616,-0.0025416542940954407,0.008624554191249958,NA,NA,NA
Megapnosaurus__wmmcmm_z_trans,0.013241741292361815,-0.0009020702667629723,0.014255640466518105,NA,NA,NA
Megapnosaurus__wetmon_z_trans,0.005024997592334285,-0.004282365313229021,0.014925950634877156,NA,NA,NA
Megapnosaurus__drymon_z_trans,0.0015042974258704684,-0.0005723665839133272,0.002857717799486838,NA,NA,NA
Megapnosaurus__wetdry_z_trans,0.010711289515471322,-0.004046811826905883,0.018021987309622973,NA,NA,NA
Megapnosaurus__time,0.02722168467914023,-0.0010599764423286273,0.023368298097407904,NA,NA,NA
Melanorosaurus__lat_range_z_trans,0.09193087346945385,0.0008252042865034273,0.010394753884892154,0.49908566700847584,0.013806082308292389,2.735892371274531
Melanorosaurus__Temperate_N,0.08098194985957276,-5.509051213485088e-05,0.015398945270915957,NA,NA,NA
Melanorosaurus__Tropical,0.06363939869616403,-0.000418283400587505,0.011204859542204107,NA,NA,NA
Melanorosaurus__Temperate_S,-0.07467153808767517,-0.003897893919011857,0.009723742334323066,NA,NA,NA
Melanorosaurus__Antarctic,0.01846560719519698,-0.00012004744558255383,0.002906921559006211,NA,NA,NA
Melanorosaurus__mat_z_trans,0.08733475199185915,-0.00328361955965294,0.030818097336016245,NA,NA,NA
Melanorosaurus__map_z_trans,-0.1121116298504076,-0.005089887275864479,0.0069373589051444804,NA,NA,NA
Melanorosaurus__wmm_z_trans,0.030197487254029078,-0.0019508646249148595,0.014827991040093759,NA,NA,NA
Melanorosaurus__cmm_z_trans,-0.12852086462778445,-0.006887740097300095,0.011972290683448078,NA,NA,NA
Melanorosaurus__wmmcmm_z_trans,-0.0927771339454849,-0.005738960088506395,0.013586094059230577,NA,NA,NA
Melanorosaurus__wetmon_z_trans,0.0111420838455936,-0.004231362511509877,0.019753900078109305,NA,NA,NA
Melanorosaurus__drymon_z_trans,0.0078069904302392225,-0.0006834240935043358,0.004956631241649981,NA,NA,NA
Melanorosaurus__wetdry_z_trans,0.051965862500563224,-0.0036453372303784522,0.026202326844088002,NA,NA,NA
Melanorosaurus__time,0.0820734856003065,0.00022783616104150116,0.01545562741634317,NA,NA,NA
Mesodapedon__lat_range_z_trans,0.2966279783844948,0.0009178269511800436,0.012396912668836713,0.2605638531472505,0.11314912512898445,0.43030429375357926
Mesodapedon__Temperate_N,0.24754681487567723,-0.00034031383002403216,0.016771874132633074,NA,NA,NA
Mesodapedon__Tropical,0.2012494188430719,0.00011749757494543417,0.01422730558577028,NA,NA,NA
Mesodapedon__Temperate_S,-0.5367542131128721,-0.006128827566513929,0.003213683600380329,NA,NA,NA
Mesodapedon__Antarctic,0.07354058546945452,0.00011120136106625676,0.004316827760006768,NA,NA,NA
Mesodapedon__mat_z_trans,-0.14738406166907225,-0.0034589351562589214,0.01062917643573807,NA,NA,NA
Mesodapedon__map_z_trans,0.5135130393505096,-0.0007586544575551782,0.03836449329218717,NA,NA,NA
Mesodapedon__wmm_z_trans,-0.11245825148303994,-0.004397616949296398,0.014094230718659992,NA,NA,NA
Mesodapedon__cmm_z_trans,0.009207419841550291,-0.0012371718036456104,0.007932792485445653,NA,NA,NA
Mesodapedon__wmmcmm_z_trans,-0.09436789595289156,-0.002508777937951324,0.009642144143533954,NA,NA,NA
Mesodapedon__wetmon_z_trans,-0.08948601286858321,-0.007912092270230318,0.027659270947498128,NA,NA,NA
Mesodapedon__drymon_z_trans,0.05138867392844986,-0.0003189183633696648,0.004964571322293565,NA,NA,NA
Mesodapedon__wetdry_z_trans,-0.26917038787156344,-0.00702647217980068,0.026262306870261643,NA,NA,NA
Mesodapedon__time,-0.08014019424212165,-0.0020082156839489516,0.0036639502322197465,NA,NA,NA
Mesosuchus__lat_range_z_trans,0.10644672001494455,0.0012399494790190952,0.016695258095294426,0.5560021133594273,0.2472407128661871,1.0953370346687734
Mesosuchus__Temperate_N,0.09593872661867374,-6.508263040283666e-05,0.024337715396371112,NA,NA,NA
Mesosuchus__Tropical,0.06722596264878589,-0.0006268432436508485,0.017011977116292532,NA,NA,NA
Mesosuchus__Temperate_S,-0.17454366989552997,-0.009341145148938195,0.005890742363415055,NA,NA,NA
Mesosuchus__Antarctic,0.02315608850482454,1.9416421406020236e-05,0.004373140893238839,NA,NA,NA
Mesosuchus__mat_z_trans,-0.02802981802558548,-0.004338062987186885,0.01528680045669465,NA,NA,NA
Mesosuchus__map_z_trans,-0.010826822496793152,-0.00455536181606496,0.015907952771307004,NA,NA,NA
Mesosuchus__wmm_z_trans,-0.01332551647923729,-0.002062308738931659,0.009629530985173544,NA,NA,NA
Mesosuchus__cmm_z_trans,0.035992338649127986,-0.0022507330986101795,0.020323415725183328,NA,NA,NA
Mesosuchus__wmmcmm_z_trans,0.045038471301841645,-0.0017815171911362354,0.015847121663299445,NA,NA,NA
Mesosuchus__wetmon_z_trans,-0.016452015839190808,-0.004468376596910657,0.01893544523138007,NA,NA,NA
Mesosuchus__drymon_z_trans,0.007118828547724837,-0.0010156710774450596,0.006665363778230968,NA,NA,NA
Mesosuchus__wetdry_z_trans,-0.009975502645307902,-0.00416700258032628,0.018896014472732228,NA,NA,NA
Mesosuchus__time,-0.01030646657265232,-0.001536731102224595,0.0043390612468518705,NA,NA,NA
Metamosaurus__lat_range_z_trans,0.28913659252226354,0.0005698533533245195,0.009239603017252832,0.2969678679830395,0.13235586043447256,0.44182658195495605
Metamosaurus__Temperate_N,0.22573758797720075,-8.9133966238107e-05,0.008577154309236336,NA,NA,NA
Metamosaurus__Tropical,-0.2733716958621517,-0.0026603309783411063,0.0035468455305180343,NA,NA,NA
Metamosaurus__Temperate_S,0.27499379561282694,0.00013699287464700684,0.009805072423137764,NA,NA,NA
Metamosaurus__Antarctic,0.07984119190834463,-6.920939296863551e-06,0.0033756504035734455,NA,NA,NA
Metamosaurus__mat_z_trans,0.2667295917123556,-0.00252792137838361,0.02985022164240252,NA,NA,NA
Metamosaurus__map_z_trans,0.8568851426802575,-0.0020971090488651873,0.03947131059071987,NA,NA,NA
Metamosaurus__wmm_z_trans,0.07324559210333974,-0.000822393202921906,0.011521838373502272,NA,NA,NA
Metamosaurus__cmm_z_trans,-0.42712482596980406,-0.004675265800338556,0.01229999315716255,NA,NA,NA
Metamosaurus__wmmcmm_z_trans,-0.27827814952470364,-0.004675512861516582,0.00833499516882062,NA,NA,NA
Metamosaurus__wetmon_z_trans,-0.025600452763028442,-0.005051324495547089,0.0223450474487019,NA,NA,NA
Metamosaurus__drymon_z_trans,-0.28124668745324016,-0.005177013471776783,0.017740415562852666,NA,NA,NA
Metamosaurus__wetdry_z_trans,-0.1915649587009102,-0.0031545670704840175,0.015304108289406723,NA,NA,NA
Metamosaurus__time,-0.4926413239073008,-0.004718823325664993,0.002727284278177556,NA,NA,NA
Microcnemus__lat_range_z_trans,-1.0276805227994918,-0.01460176709196845,-0.031048606286035882,0.16299847879628943,0.017057495191693306,0.34089918906101957
Microcnemus__Temperate_N,-0.11681106117903255,-0.0035956166285201754,0.0019582436084630704,NA,NA,NA
Microcnemus__Tropical,0.11054895488981856,-1.2224938640127595e-05,0.011541369966659039,NA,NA,NA
Microcnemus__Temperate_S,0.184665312692523,-0.00016931941156542583,0.018642141687417933,NA,NA,NA
Microcnemus__Antarctic,0.025826702815829775,-0.0001587079284402548,0.0029281893188128198,NA,NA,NA
Microcnemus__mat_z_trans,0.016121491835219784,-0.0030609245789138054,0.01591347201780912,NA,NA,NA
Microcnemus__map_z_trans,0.37165138018317523,-0.00014260963586281927,0.04640609045360135,NA,NA,NA
Microcnemus__wmm_z_trans,0.011006507659330964,-0.002861175963043444,0.01909732132521252,NA,NA,NA
Microcnemus__cmm_z_trans,0.19155797111336142,-0.0002595647760215845,0.02896231043102516,NA,NA,NA
Microcnemus__wmmcmm_z_trans,0.1107599661047425,-0.001245416228234268,0.018435100586446408,NA,NA,NA
Microcnemus__wetmon_z_trans,0.0885631439788267,-0.0036404320850976905,0.02550903273532496,NA,NA,NA
Microcnemus__drymon_z_trans,0.049879975810908944,-0.0003705505825976388,0.006626556541969656,NA,NA,NA
Microcnemus__wetdry_z_trans,0.034798438127618285,-0.003579000728306054,0.02574658886857776,NA,NA,NA
Microcnemus__time,-0.032018215713906104,-0.0012521597341915386,0.0034217289401811666,NA,NA,NA
Microleter__lat_range_z_trans,0.28913659252226354,0.0005698533533245195,0.009239603017252832,0.2969678679830395,0.13235586043447256,0.44182658195495605
Microleter__Temperate_N,0.22573758797720075,-8.9133966238107e-05,0.008577154309236336,NA,NA,NA
Microleter__Tropical,-0.2733716958621517,-0.0026603309783411063,0.0035468455305180343,NA,NA,NA
Microleter__Temperate_S,0.27499379561282694,0.00013699287464700684,0.009805072423137764,NA,NA,NA
Microleter__Antarctic,0.07984119190834463,-6.920939296863551e-06,0.0033756504035734455,NA,NA,NA
Microleter__mat_z_trans,0.2667295917123556,-0.00252792137838361,0.02985022164240252,NA,NA,NA
Microleter__map_z_trans,0.8568851426802575,-0.0020971090488651873,0.03947131059071987,NA,NA,NA
Microleter__wmm_z_trans,0.07324559210333974,-0.000822393202921906,0.011521838373502272,NA,NA,NA
Microleter__cmm_z_trans,-0.42712482596980406,-0.004675265800338556,0.01229999315716255,NA,NA,NA
Microleter__wmmcmm_z_trans,-0.27827814952470364,-0.004675512861516582,0.00833499516882062,NA,NA,NA
Microleter__wetmon_z_trans,-0.025600452763028442,-0.005051324495547089,0.0223450474487019,NA,NA,NA
Microleter__drymon_z_trans,-0.28124668745324016,-0.005177013471776783,0.017740415562852666,NA,NA,NA
Microleter__wetdry_z_trans,-0.1915649587009102,-0.0031545670704840175,0.015304108289406723,NA,NA,NA
Microleter__time,-0.4926413239073008,-0.004718823325664993,0.002727284278177556,NA,NA,NA
Micromenodon__lat_range_z_trans,0.13663502901374605,0.0010692392090697065,0.018358474406234008,0.4384916552514187,0.14377739070914686,1.0630597919225693
Micromenodon__Temperate_N,0.11832027326966363,-0.0012425645445171309,0.022038300966274075,NA,NA,NA
Micromenodon__Tropical,-0.13137321603510096,-0.004878564126533754,0.010507738301018955,NA,NA,NA
Micromenodon__Temperate_S,0.1268594159215432,-0.000543247340725651,0.02388789900759433,NA,NA,NA
Micromenodon__Antarctic,0.029142420976601243,7.0399793418337e-05,0.004644784546489245,NA,NA,NA
Micromenodon__mat_z_trans,0.026284756964932585,-0.002740841491065614,0.01733799073892423,NA,NA,NA
Micromenodon__map_z_trans,-0.18121763028272111,-0.005773470454693896,0.00782106626685825,NA,NA,NA
Micromenodon__wmm_z_trans,-0.0010079772637814027,-0.0021220899456305523,0.009128282468376962,NA,NA,NA
Micromenodon__cmm_z_trans,-0.05662957182768348,-0.003381148577806377,0.010437006324029482,NA,NA,NA
Micromenodon__wmmcmm_z_trans,-0.04132722619738141,-0.004287511431080741,0.009208025163180093,NA,NA,NA
Micromenodon__wetmon_z_trans,0.018685104352620645,-0.0047441610219750895,0.02138632658338401,NA,NA,NA
Micromenodon__drymon_z_trans,0.009970877017813944,-0.001081608209534595,0.005940572956815562,NA,NA,NA
Micromenodon__wetdry_z_trans,0.04110434218798318,-0.004635523730053942,0.024328297556809427,NA,NA,NA
Micromenodon__time,0.022010726233390215,-0.0006583784402739776,0.009114774909476445,NA,NA,NA
Microsphenodon__lat_range_z_trans,0.09801150419823758,0.0007371595742744425,0.011324849870249459,0.48612252398976125,0.029831983149051666,3.6692777825519443
Microsphenodon__Temperate_N,0.08426850415507355,0.00011163765161340003,0.016381777242278798,NA,NA,NA
Microsphenodon__Tropical,0.06722350116810509,-0.0004884132139120215,0.011131100831499274,NA,NA,NA
Microsphenodon__Temperate_S,-0.08476544763903375,-0.004626646198889171,0.005700282452756156,NA,NA,NA
Microsphenodon__Antarctic,0.01949019358238141,-9.109872867671726e-05,0.0030910377578654393,NA,NA,NA
Microsphenodon__mat_z_trans,0.09386263650528333,-0.003930729767996287,0.028761346556772666,NA,NA,NA
Microsphenodon__map_z_trans,-0.1156922327516953,-0.004538860906953645,0.006615514200341804,NA,NA,NA
Microsphenodon__wmm_z_trans,0.04567536182211937,-0.0013982812239031596,0.017231453005199262,NA,NA,NA
Microsphenodon__cmm_z_trans,-0.13783801282004962,-0.006532327438221554,0.011893480170771102,NA,NA,NA
Microsphenodon__wmmcmm_z_trans,-0.11472128487861141,-0.005997757897426701,0.01324571449988886,NA,NA,NA
Microsphenodon__wetmon_z_trans,0.006617280665894024,-0.0038650635926915687,0.02450320895730208,NA,NA,NA
Microsphenodon__drymon_z_trans,0.0073794413427660695,-0.0007713359240931027,0.004924003012045999,NA,NA,NA
Microsphenodon__wetdry_z_trans,0.05908855611495108,-0.0036863645182674894,0.025188919536884225,NA,NA,NA
Microsphenodon__time,0.08885732286620489,0.00012861187374030045,0.014146852101609965,NA,NA,NA
Milleretta__lat_range_z_trans,-0.32454363430924354,-0.004945530646571157,-0.00566080013116981,0.43487130247667666,0.07281610742211342,1.1542023830115795
Milleretta__Temperate_N,0.12709775628485107,0.00034234402677328114,0.01407957086222759,NA,NA,NA
Milleretta__Tropical,0.08510963372230611,-0.00011592407298745397,0.010641736997842204,NA,NA,NA
Milleretta__Temperate_S,-0.17155562677382755,-0.005016125764324502,0.004006095741400332,NA,NA,NA
Milleretta__Antarctic,0.02758348336671844,-4.068094544771027e-05,0.002896022257939781,NA,NA,NA
Milleretta__mat_z_trans,-0.1011416922924937,-0.0067060283648701586,0.0160792264332169,NA,NA,NA
Milleretta__map_z_trans,0.19699965989339857,1.287804806418805e-05,0.02710208566707154,NA,NA,NA
Milleretta__wmm_z_trans,0.01278728930789789,-0.003179654706673161,0.011645302992158128,NA,NA,NA
Milleretta__cmm_z_trans,0.17525034336132916,-0.0022176952819178675,0.03293991497997091,NA,NA,NA
Milleretta__wmmcmm_z_trans,0.10613609633725893,-0.0024421364052748724,0.03196643956292441,NA,NA,NA
Milleretta__wetmon_z_trans,0.022652056548858112,-0.0035039768249041994,0.01917074551735878,NA,NA,NA
Milleretta__drymon_z_trans,0.06242664483363308,-0.0004345084299480132,0.010431570496709125,NA,NA,NA
Milleretta__wetdry_z_trans,-0.049235200721511024,-0.004913582129647137,0.01469043791440901,NA,NA,NA
Milleretta__time,-0.052109485227549254,-0.0017888488136745101,0.004151190903406195,NA,NA,NA
Millerinoides__lat_range_z_trans,0.03496940086665377,0.0007693828854182079,0.009600212233356274,1.4170459049518103,0.33652590215206146,3.5918084792792797
Millerinoides__Temperate_N,0.03406691706902692,-6.020683213267845e-05,0.01290312907568748,NA,NA,NA
Millerinoides__Tropical,0.018230478652941706,-0.0005918980670453516,0.008955772366750029,NA,NA,NA
Millerinoides__Temperate_S,-0.051039229633073405,-0.004152193332214657,4.89663580022856e-05,NA,NA,NA
Millerinoides__Antarctic,0.00418408890190785,-0.0003018975696438825,0.0024525730729555435,NA,NA,NA
Millerinoides__mat_z_trans,-0.030090106370299376,-0.007555242054130508,0.01899604602257911,NA,NA,NA
Millerinoides__map_z_trans,0.02606071135511576,-0.0006159092792833933,0.01955856670346362,NA,NA,NA
Millerinoides__wmm_z_trans,0.003080712925034561,-0.0010330327127668934,0.011319634445890042,NA,NA,NA
Millerinoides__cmm_z_trans,0.05747932573947354,-0.0033254722731997535,0.031209511363551358,NA,NA,NA
Millerinoides__wmmcmm_z_trans,0.03035770258043413,-0.006231152915142481,0.03070617857932179,NA,NA,NA
Millerinoides__wetmon_z_trans,0.006535284513333414,-0.002266668363802761,0.011389130552458729,NA,NA,NA
Millerinoides__drymon_z_trans,0.019170492662269153,-0.0034361236659487563,0.017245921637731285,NA,NA,NA
Millerinoides__wetdry_z_trans,-0.009958466299100114,-0.003414690971356626,0.017613080002901203,NA,NA,NA
Millerinoides__time,-0.025589988632091602,-0.00273436516015374,0.002140817780816339,NA,NA,NA
Milleropsis__lat_range_z_trans,-0.21217627624346838,-0.004778957277561669,-0.003042761313287632,0.5461415910099094,0.10318583995103836,1.5481673888862133
Milleropsis__Temperate_N,0.09412714299250612,0.00034839115531257176,0.01504478000030991,NA,NA,NA
Milleropsis__Tropical,0.06345573902894323,3.01480024145133e-07,0.01046811458112994,NA,NA,NA
Milleropsis__Temperate_S,-0.13166001816721318,-0.005236538290015144,0.004339265548415912,NA,NA,NA
Milleropsis__Antarctic,0.018673521621214984,-6.179552631552401e-05,0.002800715684359569,NA,NA,NA
Milleropsis__mat_z_trans,-0.06407928161515353,-0.007134654323080172,0.01835722006742691,NA,NA,NA
Milleropsis__map_z_trans,0.14454396439801345,-2.5045523292914136e-05,0.02674708813774856,NA,NA,NA
Milleropsis__wmm_z_trans,0.0013103692748814095,-0.0035452601770291944,0.013582115863958463,NA,NA,NA
Milleropsis__cmm_z_trans,0.13481894170615805,-0.0019200294046437286,0.035095729779831074,NA,NA,NA
Milleropsis__wmmcmm_z_trans,0.09893411913605737,-0.0019865405589391217,0.02110055216445784,NA,NA,NA
Milleropsis__wetmon_z_trans,0.015396299897837242,-0.003461547349226659,0.020111157974928018,NA,NA,NA
Milleropsis__drymon_z_trans,0.03085921229806582,-0.00046002293070698173,0.008473157052311006,NA,NA,NA
Milleropsis__wetdry_z_trans,-0.029066159946669008,-0.004359144763029631,0.017001227792939846,NA,NA,NA
Milleropsis__time,-0.0476802500495473,-0.0023286268228992525,0.004061176860935682,NA,NA,NA
Millerosaurus__lat_range_z_trans,-0.3043015868528568,-0.003427753482724067,-0.0028909041088932674,0.40102870974686083,0.027553178369998932,1.2563717290759087
Millerosaurus__Temperate_N,0.16177965400356162,0.00019324752021940658,0.013964467394717628,NA,NA,NA
Millerosaurus__Tropical,0.10509528510030142,-9.179011428193666e-05,0.00994567510859284,NA,NA,NA
Millerosaurus__Temperate_S,-0.23675100810755229,-0.004299053705575265,0.0035791639248403066,NA,NA,NA
Millerosaurus__Antarctic,0.03897341759003833,-4.741126536846626e-05,0.0034236421231422878,NA,NA,NA
Millerosaurus__mat_z_trans,-0.1746857498783002,-0.006743812108849637,0.017441053522348954,NA,NA,NA
Millerosaurus__map_z_trans,0.18712141309020297,-2.4683104163923696e-05,0.01856268004668295,NA,NA,NA
Millerosaurus__wmm_z_trans,0.017979251037422168,-0.002411035979264687,0.012132556617902182,NA,NA,NA
Millerosaurus__cmm_z_trans,0.2545299230215634,-0.0031668112277814684,0.03334418279279949,NA,NA,NA
Millerosaurus__wmmcmm_z_trans,0.10267276822640203,-0.005709008457037075,0.02770874007386702,NA,NA,NA
Millerosaurus__wetmon_z_trans,0.03127805903211734,-0.002274044376694452,0.01910745643124492,NA,NA,NA
Millerosaurus__drymon_z_trans,0.07163810677015224,-0.0017078246822546917,0.017717991810527883,NA,NA,NA
Millerosaurus__wetdry_z_trans,-0.06648302867329917,-0.003705894852414502,0.01624434157395796,NA,NA,NA
Millerosaurus__time,-0.07138918002812675,-0.0015335944752125103,0.003858492883733926,NA,NA,NA
Moradisaurus__lat_range_z_trans,-0.39297835434835754,-0.004986749816006884,-0.0060699077353297635,0.4598256175554707,0.08558869175612926,1.1887053158134222
Moradisaurus__Temperate_N,0.14144220432160062,0.0003142005920474696,0.0122746662520145,NA,NA,NA
Moradisaurus__Tropical,-0.1191327102342992,-0.003907494226268496,0.007533588499141047,NA,NA,NA
Moradisaurus__Temperate_S,0.1480552486291442,0.0002901794858240332,0.013237263615613925,NA,NA,NA
Moradisaurus__Antarctic,0.03707710077346407,9.742569026402258e-06,0.0034234547814999856,NA,NA,NA
Moradisaurus__mat_z_trans,-0.16598814666672262,-0.006847737428030816,0.018477571019444486,NA,NA,NA
Moradisaurus__map_z_trans,0.13343633555492163,-0.0008226432444294125,0.01884125387859898,NA,NA,NA
Moradisaurus__wmm_z_trans,-0.011267282720003277,-0.002587785147621491,0.009413898009721745,NA,NA,NA
Moradisaurus__cmm_z_trans,0.2153668566859578,-0.0029017356497735274,0.03489591061398373,NA,NA,NA
Moradisaurus__wmmcmm_z_trans,0.14113071864942187,-0.003254901409112486,0.031084008051589063,NA,NA,NA
Moradisaurus__wetmon_z_trans,0.037204438601622654,-0.0015784427649096736,0.016681944851453315,NA,NA,NA
Moradisaurus__drymon_z_trans,0.06705841237455673,-0.002615457711516127,0.017844739677310765,NA,NA,NA
Moradisaurus__wetdry_z_trans,-0.04895585611088217,-0.004106339597010254,0.013313500374270988,NA,NA,NA
Moradisaurus__time,-0.06499164117879848,-0.001954305963622011,0.0031876483061523426,NA,NA,NA
Mystriosuchus__lat_range_z_trans,-0.800642192363739,-0.014103399487398206,-0.01822071963609235,0.1919490386590769,0.07845217129215598,0.30243729427456856
Mystriosuchus__Temperate_N,-0.10767177927482408,-0.0027515578084140084,0.0066044009713688125,NA,NA,NA
Mystriosuchus__Tropical,-0.059446616763016207,-0.0020124417465177693,0.009169424443084448,NA,NA,NA
Mystriosuchus__Temperate_S,0.13102092997636647,-0.0007326211263798738,0.015001141669996478,NA,NA,NA
Mystriosuchus__Antarctic,0.027672953876899557,-0.00010650516162227749,0.002921195769732608,NA,NA,NA
Mystriosuchus__mat_z_trans,0.17076894953846933,-0.0017250695952533597,0.035291067941676045,NA,NA,NA
Mystriosuchus__map_z_trans,-0.10957021341193468,-0.0034031023405637828,0.004721605925295809,NA,NA,NA
Mystriosuchus__wmm_z_trans,0.164808464772359,-0.0018408704836364415,0.03478954227301969,NA,NA,NA
Mystriosuchus__cmm_z_trans,-0.026655180659145117,-0.0025950427091934324,0.0062308752991362855,NA,NA,NA
Mystriosuchus__wmmcmm_z_trans,0.14270786145469175,-0.0001777828540350091,0.01312685252633138,NA,NA,NA
Mystriosuchus__wetmon_z_trans,0.06333847760688513,-0.003425780284959179,0.02026607017593247,NA,NA,NA
Mystriosuchus__drymon_z_trans,0.02968811917657149,-0.00018811918122992526,0.0055769469555864305,NA,NA,NA
Mystriosuchus__wetdry_z_trans,0.11226410049945117,-0.002032944387266085,0.02577194094793537,NA,NA,NA
Mystriosuchus__time,0.3075601888448,0.00014576685506607643,0.03288919493246161,NA,NA,NA
Nambalia__lat_range_z_trans,0.049135684354638345,0.0008479199522668628,0.010952457961947477,0.8039935712210717,0.031114242738112807,3.5084819393232465
Nambalia__Temperate_N,0.045869297434136536,0.00012276271745733795,0.0158107640403262,NA,NA,NA
Nambalia__Tropical,0.033142501735806906,-0.0005386616974821247,0.010392775548704714,NA,NA,NA
Nambalia__Temperate_S,-0.03885980673566882,-0.004184411842060876,0.009027844498978352,NA,NA,NA
Nambalia__Antarctic,0.007840764227394893,-0.00012029875875224293,0.0027647694253478405,NA,NA,NA
Nambalia__mat_z_trans,0.04806161780504449,-0.0041722514642560365,0.02905153538475018,NA,NA,NA
Nambalia__map_z_trans,-0.052406676575965566,-0.004427159044394846,0.006440873819555722,NA,NA,NA
Nambalia__wmm_z_trans,0.024843294863394583,-0.0013452762340043208,0.02147995825922849,NA,NA,NA
Nambalia__cmm_z_trans,-0.057841812075559,-0.007077341150608526,0.00899667854825726,NA,NA,NA
Nambalia__wmmcmm_z_trans,-0.03760933723063204,-0.005403553839963299,0.018564900750190266,NA,NA,NA
Nambalia__wetmon_z_trans,0.00973303423001306,-0.003918121920022144,0.01703447107188092,NA,NA,NA
Nambalia__drymon_z_trans,0.004301566598382046,-0.0010464491769814654,0.004155395240503033,NA,NA,NA
Nambalia__wetdry_z_trans,0.03185573897410426,-0.003819898533078956,0.024184550152972616,NA,NA,NA
Nambalia__time,0.049391456726536616,0.0001332706804773616,0.015282565492822012,NA,NA,NA
Nanchangosaurus__lat_range_z_trans,-0.8197986632585526,-0.010095040090884806,-0.015558970296953563,0.1371057069897506,0.0026136026717722416,0.3234822952945251
Nanchangosaurus__Temperate_N,0.18413439162541181,-0.0001988232885961632,0.017662261460389874,NA,NA,NA
Nanchangosaurus__Tropical,-0.11702715178718791,-0.0029686246140187274,0.008963963196318881,NA,NA,NA
Nanchangosaurus__Temperate_S,0.2164519035909325,0.00045590388332576986,0.023348517499949036,NA,NA,NA
Nanchangosaurus__Antarctic,0.040621059469995086,-6.391545133102549e-05,0.0036171655543059985,NA,NA,NA
Nanchangosaurus__mat_z_trans,-0.03184415536292363,-0.004364139151192995,0.012159420374825659,NA,NA,NA
Nanchangosaurus__map_z_trans,0.20156212912872434,-0.002878056322067316,0.033483456998487225,NA,NA,NA
Nanchangosaurus__wmm_z_trans,-0.01231090385466814,-0.002275224665174176,0.012161628490013884,NA,NA,NA
Nanchangosaurus__cmm_z_trans,0.13780602564351285,-0.0008150081010417497,0.02175175950351776,NA,NA,NA
Nanchangosaurus__wmmcmm_z_trans,0.09217257228912785,-0.0012021025899553999,0.016135532826256595,NA,NA,NA
Nanchangosaurus__wetmon_z_trans,0.0730995117407292,-0.003317750098925104,0.03179698292517137,NA,NA,NA
Nanchangosaurus__drymon_z_trans,0.03935994393017608,-0.0005515994058240589,0.006167341703130785,NA,NA,NA
Nanchangosaurus__wetdry_z_trans,-0.04534865692869062,-0.005661143608979286,0.01835328390673278,NA,NA,NA
Nanchangosaurus__time,0.017353429785362095,-0.0010139468067382371,0.004097196053318793,NA,NA,NA
Nanoparia__lat_range_z_trans,-0.4652022498846054,-0.0030381230831999853,-0.002863820392495355,0.2314524626804632,0.018473242409527302,0.9182925393106416
Nanoparia__Temperate_N,0.2804387453012168,0.0001369347587125355,0.01273878742879128,NA,NA,NA
Nanoparia__Tropical,0.17818561770953237,-0.0001594201345233515,0.009237901806111918,NA,NA,NA
Nanoparia__Temperate_S,-0.4173220950437826,-0.004009498323574855,0.0035456321793964477,NA,NA,NA
Nanoparia__Antarctic,0.07834409367642366,-3.268186367096107e-05,0.002946059784073621,NA,NA,NA
Nanoparia__mat_z_trans,-0.4463231339654885,-0.00823411810029401,0.019916988647932586,NA,NA,NA
Nanoparia__map_z_trans,0.23220674130774568,-2.302061605732665e-05,0.017837381762222174,NA,NA,NA
Nanoparia__wmm_z_trans,-0.0018997155060060322,-0.0014527721819056981,0.012018891580860648,NA,NA,NA
Nanoparia__cmm_z_trans,0.38779769094660876,-0.0034017786122437226,0.037281591604071934,NA,NA,NA
Nanoparia__wmmcmm_z_trans,0.2544228520989418,-0.005067230728834805,0.031364179683635196,NA,NA,NA
Nanoparia__wetmon_z_trans,0.07378519290476106,-0.001374429463675139,0.015457531699763521,NA,NA,NA
Nanoparia__drymon_z_trans,0.14228105107322336,-0.0033349390811882188,0.0162946944789199,NA,NA,NA
Nanoparia__wetdry_z_trans,-0.15335918010212482,-0.0036699177746696908,0.014541375714418232,NA,NA,NA
Nanoparia__time,-0.1117427773529198,-0.0012884751062780498,0.0038223442177629818,NA,NA,NA
Neoaetosauroides__lat_range_z_trans,0.023614604385903896,0.000786065834356993,0.009711331856210597,1.638639638030436,0.054736784659326077,4.566640287637711
Neoaetosauroides__Temperate_N,0.02466810760358901,-8.26066858339724e-05,0.017312652478179504,NA,NA,NA
Neoaetosauroides__Tropical,0.01588423123595136,-0.0007388569887990305,0.010622923419623795,NA,NA,NA
Neoaetosauroides__Temperate_S,-0.010198185766876651,-0.004848717180545644,0.008414838938322226,NA,NA,NA
Neoaetosauroides__Antarctic,0.0016802174111703251,-0.0004099783340038918,0.001826047377501255,NA,NA,NA
Neoaetosauroides__mat_z_trans,0.025475728589386053,-0.004888191681575566,0.023446210142371946,NA,NA,NA
Neoaetosauroides__map_z_trans,-0.01828258932819887,-0.003703370256562877,0.005805511611524994,NA,NA,NA
Neoaetosauroides__wmm_z_trans,0.019879018251555462,-0.0019300451515689887,0.026402052826602126,NA,NA,NA
Neoaetosauroides__cmm_z_trans,-0.014744049902107557,-0.007080861110765004,0.009194230441358007,NA,NA,NA
Neoaetosauroides__wmmcmm_z_trans,-0.004400984115705862,-0.005067395015459432,0.018315894728836175,NA,NA,NA
Neoaetosauroides__wetmon_z_trans,0.008012860660268385,-0.0040812959328484855,0.016712750066063018,NA,NA,NA
Neoaetosauroides__drymon_z_trans,0.0013544974594363868,-0.0007507355889260274,0.003944958681713702,NA,NA,NA
Neoaetosauroides__wetdry_z_trans,0.016938574715390654,-0.0023094615289272038,0.021187825685173453,NA,NA,NA
Neoaetosauroides__time,0.02757529313186369,0.00015597931005585308,0.0212423119419843,NA,NA,NA
Neoprocolophon__lat_range_z_trans,0.02758825740719677,0.0012877048274787541,0.011350342726132721,1.6688365756264103,0.5525967665016651,2.6651551639661193
Neoprocolophon__Temperate_N,-0.020286724408243105,-0.005182920276796058,0.009639813958663007,NA,NA,NA
Neoprocolophon__Tropical,0.02232295660372164,5.682698206743939e-05,0.010299090537266156,NA,NA,NA
Neoprocolophon__Temperate_S,0.030212400217734813,0.0006125205228783981,0.015858495665488765,NA,NA,NA
Neoprocolophon__Antarctic,0.0012519479618914294,-0.00027536902063260443,0.0022775068656821613,NA,NA,NA
Neoprocolophon__mat_z_trans,-0.002000508879686339,-0.0031219714720686275,0.013075636945638609,NA,NA,NA
Neoprocolophon__map_z_trans,0.05837572233648327,-0.0009368354494439588,0.03667325189987546,NA,NA,NA
Neoprocolophon__wmm_z_trans,0.0018532194275635429,-0.00487005522472181,0.016327379658177054,NA,NA,NA
Neoprocolophon__cmm_z_trans,0.011913207987658866,-0.001256883669892197,0.011628778411829807,NA,NA,NA
Neoprocolophon__wmmcmm_z_trans,-0.00087843814249572,-0.0028487008972228937,0.00976793190982691,NA,NA,NA
Neoprocolophon__wetmon_z_trans,0.004205395265905698,-0.006821436282855869,0.02997156913903175,NA,NA,NA
Neoprocolophon__drymon_z_trans,0.002699282319388691,-0.000451098303049711,0.00347019845871932,NA,NA,NA
Neoprocolophon__wetdry_z_trans,-0.006929925975002033,-0.00826723041940067,0.02185898060249982,NA,NA,NA
Neoprocolophon__time,-0.01286946779049123,-0.002874021627743466,0.0019405634166335423,NA,NA,NA
new_Neotheropoda__lat_range_z_trans,0.24862581938505174,0.0007498800044051169,0.011296934567706298,0.12966973632661394,0.029831983149051666,0.2525278157554567
new_Neotheropoda__Temperate_N,0.21430957779288293,-5.5570832396616815e-05,0.014825600691489764,NA,NA,NA
new_Neotheropoda__Tropical,0.17384056988172233,-7.269311149608807e-05,0.012554603191876325,NA,NA,NA
new_Neotheropoda__Temperate_S,-0.27664223350584505,-0.00451718748319853,0.002956666528992714,NA,NA,NA
new_Neotheropoda__Antarctic,0.06206240724772215,9.508772784291617e-05,0.0033398761369959696,NA,NA,NA
new_Neotheropoda__mat_z_trans,0.22569325183867478,-0.0031763094276105854,0.03631836663787048,NA,NA,NA
new_Neotheropoda__map_z_trans,-0.3356352397799492,-0.00434612123849992,0.007249652480119616,NA,NA,NA
new_Neotheropoda__wmm_z_trans,0.06530983865319286,-0.001297599886138988,0.015663216855724704,NA,NA,NA
new_Neotheropoda__cmm_z_trans,-0.4174037989974022,-0.0068941003840765885,0.0132059201205756,NA,NA,NA
new_Neotheropoda__wmmcmm_z_trans,-0.35448001910001037,-0.006452397019394584,0.0137936921820311,NA,NA,NA
new_Neotheropoda__wetmon_z_trans,-0.00987173056229949,-0.004431292383405565,0.021134009072046163,NA,NA,NA
new_Neotheropoda__drymon_z_trans,0.029864658328297083,-0.0009320210314723229,0.005330217878733338,NA,NA,NA
new_Neotheropoda__wetdry_z_trans,0.13318351853638888,-0.0037499764469831583,0.02532404648442946,NA,NA,NA
new_Neotheropoda__time,0.18823712980374693,0.00013083120102164094,0.011146737366873551,NA,NA,NA
new_Rhynchocephalia__lat_range_z_trans,0.22111681826063653,0.0007666502016748938,0.01108472555243062,0.3142704851125018,0.031879985705018044,0.4878937806934118
new_Rhynchocephalia__Temperate_N,0.1961421212151951,0.00016190093996728156,0.016375590025900142,NA,NA,NA
new_Rhynchocephalia__Tropical,0.15568956743295856,-0.00041059496973004346,0.011701145166835266,NA,NA,NA
new_Rhynchocephalia__Temperate_S,-0.2176518293780662,-0.004395831309411163,0.005794135224701797,NA,NA,NA
new_Rhynchocephalia__Antarctic,0.04944270267603321,-2.470547567426265e-05,0.0030629957801306955,NA,NA,NA
new_Rhynchocephalia__mat_z_trans,0.2232182678933062,-0.002962880388991824,0.03247273797238129,NA,NA,NA
new_Rhynchocephalia__map_z_trans,-0.2958741567042224,-0.004996330499913552,0.008196426854068295,NA,NA,NA
new_Rhynchocephalia__wmm_z_trans,0.0651742171835274,-0.0018559312245710583,0.01234667255939821,NA,NA,NA
new_Rhynchocephalia__cmm_z_trans,-0.3384984367183977,-0.006761137144785419,0.010405444902972617,NA,NA,NA
new_Rhynchocephalia__wmmcmm_z_trans,-0.24777392834363635,-0.006014358254550226,0.016265776741451226,NA,NA,NA
new_Rhynchocephalia__wetmon_z_trans,0.0019941606265162478,-0.004343786644896262,0.02124625990680578,NA,NA,NA
new_Rhynchocephalia__drymon_z_trans,0.019690852617390096,-0.000703799131081376,0.005007673173232556,NA,NA,NA
new_Rhynchocephalia__wetdry_z_trans,0.12338227798033269,-0.0035783326033515857,0.027447353234433175,NA,NA,NA
new_Rhynchocephalia__time,0.161404689590053,0.00016966619391132207,0.012732603100723425,NA,NA,NA
Nhandumirim__lat_range_z_trans,0.030515585321813483,0.0007301818412137288,0.010752575681606194,1.3055611285570194,0.04624590277671814,4.390097977593541
Nhandumirim__Temperate_N,0.029360765949948655,-0.00019500507199943226,0.014560604205660847,NA,NA,NA
Nhandumirim__Tropical,0.021044103696140046,-0.0005098895320243138,0.011130182512664172,NA,NA,NA
Nhandumirim__Temperate_S,-0.0169590306130332,-0.004072547678827379,0.011239671711367647,NA,NA,NA
Nhandumirim__Antarctic,0.003163400918914979,-0.00030661831116137774,0.0023562890460079255,NA,NA,NA
Nhandumirim__mat_z_trans,0.03170676614567232,-0.003522464212488315,0.030021530803659713,NA,NA,NA
Nhandumirim__map_z_trans,-0.026682716509838875,-0.004190686035215277,0.005489268033926187,NA,NA,NA
Nhandumirim__wmm_z_trans,0.02328013045109766,-0.0026533553243428703,0.015474986939387782,NA,NA,NA
Nhandumirim__cmm_z_trans,-0.027841266358931305,-0.006699310873834596,0.011920008267507613,NA,NA,NA
Nhandumirim__wmmcmm_z_trans,-0.011715215904080895,-0.004707137317031674,0.017920784262597377,NA,NA,NA
Nhandumirim__wetmon_z_trans,0.006215406208101356,-0.0038720240504807467,0.019516931487446456,NA,NA,NA
Nhandumirim__drymon_z_trans,0.0011465247088737552,-0.001046908696105738,0.0034743347609980713,NA,NA,NA
Nhandumirim__wetdry_z_trans,0.02129861804796295,-0.003214305589141589,0.021543561687903855,NA,NA,NA
Nhandumirim__time,0.03292425226898537,-0.0006893994599636932,0.018738810794731234,NA,NA,NA
Nicrosaurus__lat_range_z_trans,-0.785122182071209,-0.015350104933887958,-0.01711229342083956,0.18976717657162226,0.002771357074379921,0.3436993733048439
Nicrosaurus__Temperate_N,-0.11262628200929611,-0.0028971946635005957,0.004330663285870866,NA,NA,NA
Nicrosaurus__Tropical,-0.06295192710356787,-0.0021374834607847926,0.00795863169885546,NA,NA,NA
Nicrosaurus__Temperate_S,0.13112608726267352,-0.0004721753624925001,0.01489570286213488,NA,NA,NA
Nicrosaurus__Antarctic,0.025936674308031798,-0.00010256802316162116,0.002717243136412163,NA,NA,NA
Nicrosaurus__mat_z_trans,0.17937752383659245,-0.0018591039732593045,0.03364578325359212,NA,NA,NA
Nicrosaurus__map_z_trans,-0.1053570020495681,-0.003031182201830659,0.005660062153592381,NA,NA,NA
Nicrosaurus__wmm_z_trans,0.16361237139091828,-0.00174717769397898,0.032919152419208224,NA,NA,NA
Nicrosaurus__cmm_z_trans,-0.02763323696097359,-0.0023803098256070755,0.008544204124824244,NA,NA,NA
Nicrosaurus__wmmcmm_z_trans,0.12497314254171216,-0.00014197724355114372,0.016267639641130052,NA,NA,NA
Nicrosaurus__wetmon_z_trans,0.06936207820661366,-0.0024413645593541204,0.02330219730699922,NA,NA,NA
Nicrosaurus__drymon_z_trans,0.027023597349325426,-0.00030987715733462467,0.0053781574206098045,NA,NA,NA
Nicrosaurus__wetdry_z_trans,0.11949976490461267,-0.0021486860852585835,0.02494537628637774,NA,NA,NA
Nicrosaurus__time,0.2984455809369683,6.973487259868459e-05,0.030687020026697497,NA,NA,NA
Nochelesaurus__lat_range_z_trans,0.07213045852271455,0.000530588557125357,0.008601506035286434,0.6908711839371244,0.08269664505496621,1.6248919516801834
Nochelesaurus__Temperate_N,0.06653562408049074,-0.00010665418373157291,0.00986743679334383,NA,NA,NA
Nochelesaurus__Tropical,0.035518638505450714,-0.0005740998919267345,0.006653877223703726,NA,NA,NA
Nochelesaurus__Temperate_S,-0.0899886048497209,-0.0037470262805107553,0.0023745153458507333,NA,NA,NA
Nochelesaurus__Antarctic,0.013781595001587509,-1.666872314021879e-05,0.002582349715403465,NA,NA,NA
Nochelesaurus__mat_z_trans,-0.12540305430629553,-0.007635919981007023,0.02490390718439536,NA,NA,NA
Nochelesaurus__map_z_trans,0.05316093953145774,-0.0004620439677265417,0.013130585464895959,NA,NA,NA
Nochelesaurus__wmm_z_trans,-0.07018847185850138,-0.006764630040467077,0.014230554299291598,NA,NA,NA
Nochelesaurus__cmm_z_trans,0.11684463761356234,-0.002612553777712884,0.03701053030274085,NA,NA,NA
Nochelesaurus__wmmcmm_z_trans,0.06603783043598073,-0.002819302592774441,0.033632474453784755,NA,NA,NA
Nochelesaurus__wetmon_z_trans,0.009323006004437548,-0.0016334732668440814,0.0069876389075509675,NA,NA,NA
Nochelesaurus__drymon_z_trans,0.03521601900965179,-0.003534823885940644,0.014969591420848749,NA,NA,NA
Nochelesaurus__wetdry_z_trans,-0.014612845182970052,-0.0029725473551711155,0.015778040181275287,NA,NA,NA
Nochelesaurus__time,-0.05089844817621953,-0.00260031492157554,0.0034165328670933844,NA,NA,NA
Notatesseraeraptor__lat_range_z_trans,0.09712184419965635,0.0008500581214065276,0.010591939920042833,0.47567378816282146,0.10977524891495705,0.8527584224939346
Notatesseraeraptor__Temperate_N,-0.08249422905494598,-0.004841627107510207,0.003317598122949104,NA,NA,NA
Notatesseraeraptor__Tropical,0.0751066599016372,6.365097714667669e-05,0.013864192597188277,NA,NA,NA
Notatesseraeraptor__Temperate_S,0.094748135644193,0.0003482704664276417,0.01774093863188195,NA,NA,NA
Notatesseraeraptor__Antarctic,0.017130129056061604,5.262931375582611e-05,0.002882592647719484,NA,NA,NA
Notatesseraeraptor__mat_z_trans,0.09575935135232069,-0.0036552130254419654,0.031794299560408266,NA,NA,NA
Notatesseraeraptor__map_z_trans,-0.1263310998861973,-0.005246851968783224,0.005496121227759989,NA,NA,NA
Notatesseraeraptor__wmm_z_trans,0.010974921553392789,-0.0015952623321855972,0.007789685753023289,NA,NA,NA
Notatesseraeraptor__cmm_z_trans,-0.11708997571903525,-0.006091669430718659,0.016635252085557065,NA,NA,NA
Notatesseraeraptor__wmmcmm_z_trans,-0.08483957024111281,-0.004960143062465549,0.01696875137983077,NA,NA,NA
Notatesseraeraptor__wetmon_z_trans,0.004201390080293681,-0.005296387478962091,0.021083840570834265,NA,NA,NA
Notatesseraeraptor__drymon_z_trans,0.007356900724663731,-0.0009079052288780406,0.005252947535316205,NA,NA,NA
Notatesseraeraptor__wetdry_z_trans,0.06362460741895799,-0.003717067738309579,0.030834562921589294,NA,NA,NA
Notatesseraeraptor__time,0.06218825930174058,4.804818311496823e-05,0.0098868172413643,NA,NA,NA
Noteosuchus__lat_range_z_trans,0.016474755894086753,0.0012471026453847937,0.00947447096545052,2.8427388389094266,0.9726823270320892,3.9926954433321953
Noteosuchus__Temperate_N,0.016685291862160233,-4.2151984741669486e-06,0.013347336705307196,NA,NA,NA
Noteosuchus__Tropical,0.010612301275268339,-0.0006431233813636011,0.009126426981696087,NA,NA,NA
Noteosuchus__Temperate_S,-0.021474962119011058,-0.0072231011682161944,0.0009672171475772764,NA,NA,NA
Noteosuchus__Antarctic,-0.0018463017035169934,-0.0007480950756534375,0.0005074707972069166,NA,NA,NA
Noteosuchus__mat_z_trans,0.0026444168771650105,-0.00718169380036693,0.020639865760425657,NA,NA,NA
Noteosuchus__map_z_trans,0.03436726566603152,-0.0004003030138740295,0.027470220169881886,NA,NA,NA
Noteosuchus__wmm_z_trans,0.005300579550673745,-0.004446910299493789,0.016920213476949567,NA,NA,NA
Noteosuchus__cmm_z_trans,0.03163593775225315,-0.002446319439688829,0.02826108286138031,NA,NA,NA
Noteosuchus__wmmcmm_z_trans,0.019479694429349787,-0.0010326881769324352,0.020384930374245824,NA,NA,NA
Noteosuchus__wetmon_z_trans,0.007745027749900703,-0.0039430666148220685,0.02129568800375677,NA,NA,NA
Noteosuchus__drymon_z_trans,0.003998120177217764,-0.0007106298052934908,0.0056214603999468924,NA,NA,NA
Noteosuchus__wetdry_z_trans,0.002889534391426979,-0.004429797243762629,0.017257133911546096,NA,NA,NA
Noteosuchus__time,-0.011054337471379638,-0.0029866297388464686,0.0028660226400940964,NA,NA,NA
Nundasuchus__lat_range_z_trans,0.2962359808385372,0.0009345142523901072,0.012496633523280053,0.2613398366378533,0.11314912512898445,0.43030429375357926
Nundasuchus__Temperate_N,0.24781899173744024,-0.0003363867394805841,0.016906787208477086,NA,NA,NA
Nundasuchus__Tropical,0.19976464613107964,0.00011614169817893983,0.014341750133968639,NA,NA,NA
Nundasuchus__Temperate_S,-0.5316249997797422,-0.006459176301408818,0.001110994462423842,NA,NA,NA
Nundasuchus__Antarctic,0.07360974231734872,0.00010991814018325296,0.004351552353477104,NA,NA,NA
Nundasuchus__mat_z_trans,-0.15260243549484584,-0.003419020376593384,0.01071467760724066,NA,NA,NA
Nundasuchus__map_z_trans,0.5202234614733606,-0.0007498998772732095,0.040448909638586154,NA,NA,NA
Nundasuchus__wmm_z_trans,-0.12564642111887225,-0.004541841447836234,0.012998672902349281,NA,NA,NA
Nundasuchus__cmm_z_trans,0.01504922756459564,-0.0010574330671648325,0.007996603925108281,NA,NA,NA
Nundasuchus__wmmcmm_z_trans,-0.08548042361391708,-0.0024798276066790277,0.009719705620197102,NA,NA,NA
Nundasuchus__wetmon_z_trans,-0.08468402596190572,-0.007820789772382625,0.027881762321426896,NA,NA,NA
Nundasuchus__drymon_z_trans,0.05047848312940914,-0.00031523816827200307,0.005004506369625836,NA,NA,NA
Nundasuchus__wetdry_z_trans,-0.27703102216124537,-0.006945389396743796,0.026473561055131323,NA,NA,NA
Nundasuchus__time,-0.08198151149219485,-0.0019850416483210634,0.0036934230741728323,NA,NA,NA
Nyasasaurus__lat_range_z_trans,0.24688380983763716,0.0009339657849873084,0.014866362638469974,0.3470375832342688,0.13497912883758545,0.61210229806602
Nyasasaurus__Temperate_N,0.20909015758044142,-0.0006748041459697738,0.019746828895068604,NA,NA,NA
Nyasasaurus__Tropical,0.15546414425374191,-0.00031909536320275344,0.013766826202119367,NA,NA,NA
Nyasasaurus__Temperate_S,-0.49371214696990856,-0.007491442659817399,0.0033493533926863767,NA,NA,NA
Nyasasaurus__Antarctic,0.060355751564363465,0.00011145182979979837,0.0044913484172885475,NA,NA,NA
Nyasasaurus__mat_z_trans,-0.12265762942665032,-0.0036199035911006214,0.011086419718699038,NA,NA,NA
Nyasasaurus__map_z_trans,0.303932111940929,-0.0007603632425858427,0.0331427269365651,NA,NA,NA
Nyasasaurus__wmm_z_trans,-0.0831290746477198,-0.00364990191691949,0.014648195832908282,NA,NA,NA
Nyasasaurus__cmm_z_trans,0.06742102418471378,-0.0014405598428347422,0.0121006900455262,NA,NA,NA
Nyasasaurus__wmmcmm_z_trans,0.016856036579090083,-0.0024943669912878136,0.012739666270506248,NA,NA,NA
Nyasasaurus__wetmon_z_trans,-0.08598846903401364,-0.006498961160335136,0.021764821693334907,NA,NA,NA
Nyasasaurus__drymon_z_trans,0.033286527132474104,-0.0004994474413291131,0.005428491711214688,NA,NA,NA
Nyasasaurus__wetdry_z_trans,-0.1385824964484377,-0.007042298529148072,0.020807579572207118,NA,NA,NA
Nyasasaurus__time,-0.051762422215034666,-0.0015037430416596248,0.006200228868870622,NA,NA,NA
Nycteroleter__lat_range_z_trans,0.17406676553110526,0.000759724201659858,0.009422455989815389,0.3432069894361484,0.06489591673016548,0.845714470371604
Nycteroleter__Temperate_N,-0.12508139191212106,-0.0036706423789506165,0.005071663223987773,NA,NA,NA
Nycteroleter__Tropical,0.10805392363554595,-0.000181440585916003,0.009370837405764212,NA,NA,NA
Nycteroleter__Temperate_S,0.16806185061928008,0.00020681879721838278,0.015984412488734657,NA,NA,NA
Nycteroleter__Antarctic,0.03481043108287155,1.4696942420495829e-05,0.00259796824006381,NA,NA,NA
Nycteroleter__mat_z_trans,-0.03404061558719304,-0.006161139124190238,0.03933505609905755,NA,NA,NA
Nycteroleter__map_z_trans,0.09826059855121462,-0.0005100723785415791,0.011341603771981009,NA,NA,NA
Nycteroleter__wmm_z_trans,-0.11390546982741398,-0.007337013683702658,0.020026630120908735,NA,NA,NA
Nycteroleter__cmm_z_trans,-0.018490487350370958,-0.002963296737307054,0.015427585650668577,NA,NA,NA
Nycteroleter__wmmcmm_z_trans,-0.1474277849381716,-0.0055668944057495826,0.02006382138190383,NA,NA,NA
Nycteroleter__wetmon_z_trans,0.05894596443666289,-0.000633220424785797,0.010801890698319192,NA,NA,NA
Nycteroleter__drymon_z_trans,0.12062845947946527,-0.0022874235850025757,0.019194958865245547,NA,NA,NA
Nycteroleter__wetdry_z_trans,-0.015185584595042583,-0.002678880869180817,0.01197888595047892,NA,NA,NA
Nycteroleter__time,-0.19123933479420607,-0.003940686079375092,0.0035217703085358965,NA,NA,NA
Nyctiboetus__lat_range_z_trans,0.031057358172470503,0.0005204301249537462,0.007950320433832696,1.189313367196737,0.0030511505901813507,2.922539934515953
Nyctiboetus__Temperate_N,-0.020390898961046875,-0.0025916502444134496,0.0037694764703375423,NA,NA,NA
Nyctiboetus__Tropical,0.0236846230000195,-9.900615114680778e-05,0.007853750182398554,NA,NA,NA
Nyctiboetus__Temperate_S,0.029814517546559765,-2.228097091905687e-05,0.009314867134489415,NA,NA,NA
Nyctiboetus__Antarctic,0.0025064390139553994,-0.00036880085393187033,0.001944511304319507,NA,NA,NA
Nyctiboetus__mat_z_trans,0.035677372105470576,-0.0026269162770141265,0.029418183082467693,NA,NA,NA
Nyctiboetus__map_z_trans,0.1120135489062869,-0.0023367289845570784,0.04098698749995829,NA,NA,NA
Nyctiboetus__wmm_z_trans,0.011519745646955688,-0.0009715574445992511,0.010427186854409283,NA,NA,NA
Nyctiboetus__cmm_z_trans,-0.036687129016584115,-0.004828259386953787,0.010719201424593079,NA,NA,NA
Nyctiboetus__wmmcmm_z_trans,-0.020164239665499583,-0.003516166612871665,0.010590712493298253,NA,NA,NA
Nyctiboetus__wetmon_z_trans,0.010716248732541265,-0.00615131510718009,0.025639352036661418,NA,NA,NA
Nyctiboetus__drymon_z_trans,-0.018969554031368515,-0.005383381314010537,0.021244354603479145,NA,NA,NA
Nyctiboetus__wetdry_z_trans,-0.007486038235416307,-0.0036314231328832256,0.011531960100512611,NA,NA,NA
Nyctiboetus__time,-0.03583466888271795,-0.0029424139558760763,0.0027486765747076073,NA,NA,NA
Nyctiphruretus__lat_range_z_trans,-0.011815377341989518,-0.0005745735314729515,0.002936353886805222,0.41479639872472035,0.07298696041107178,0.8532142974436283
Nyctiphruretus__Temperate_N,-0.2535250607276543,-0.003912560186656542,0.0024622121791885304,NA,NA,NA
Nyctiphruretus__Tropical,0.09752357874703763,-0.00028378739987248487,0.007943810298223074,NA,NA,NA
Nyctiphruretus__Temperate_S,0.16553606051760614,4.206438468305197e-05,0.012477869099488533,NA,NA,NA
Nyctiphruretus__Antarctic,0.04398742449127878,2.7080896415204644e-05,0.0033184944313946934,NA,NA,NA
Nyctiphruretus__mat_z_trans,-0.2923946939574552,-0.0068796050253220635,0.031531349646619265,NA,NA,NA
Nyctiphruretus__map_z_trans,0.09320712025736115,-0.0003745134392750203,0.00927937074611223,NA,NA,NA
Nyctiphruretus__wmm_z_trans,-0.09023954500800277,-0.005793150834504223,0.0129870011727158,NA,NA,NA
Nyctiphruretus__cmm_z_trans,0.26470669890519,-0.003842136120617019,0.0374271963343697,NA,NA,NA
Nyctiphruretus__wmmcmm_z_trans,0.13482016008559758,-0.004670817471063464,0.027490129640825218,NA,NA,NA
Nyctiphruretus__wetmon_z_trans,0.027401843124991488,-0.0012865974270054523,0.009701717271615515,NA,NA,NA
Nyctiphruretus__drymon_z_trans,0.10608043610316557,-0.002309014979807124,0.017744122217121575,NA,NA,NA
Nyctiphruretus__wetdry_z_trans,-0.059751547258593524,-0.002883264247461585,0.016422511072152382,NA,NA,NA
Nyctiphruretus__time,-0.10807977360690668,-0.0022085949294436027,0.0024174021988333633,NA,NA,NA
Obirkovia__lat_range_z_trans,0.011141153262066394,-0.00037872077973238834,0.0037876891208207157,0.660130822310457,0.18868239037692547,1.3119509125244804
Obirkovia__Temperate_N,-0.1446904103616314,-0.004309925330349636,0.003291414738916801,NA,NA,NA
Obirkovia__Tropical,0.048986894507255276,-0.00040256311209323795,0.009339727889572097,NA,NA,NA
Obirkovia__Temperate_S,0.08820090816869955,0.00033298870030621096,0.014536551610351101,NA,NA,NA
Obirkovia__Antarctic,0.021694704899990747,5.759922208462935e-05,0.0038944970905474743,NA,NA,NA
Obirkovia__mat_z_trans,-0.11934039755946729,-0.007091666755980641,0.027747177715841648,NA,NA,NA
Obirkovia__map_z_trans,0.03780912283416638,-0.0007862469987203852,0.009084418612287436,NA,NA,NA
Obirkovia__wmm_z_trans,-0.0004595005793156151,-0.001050321517948869,0.00432947658091724,NA,NA,NA
Obirkovia__cmm_z_trans,0.1313072590656729,-0.004119856757814661,0.03769115951991094,NA,NA,NA
Obirkovia__wmmcmm_z_trans,0.062394286356439996,-0.006686639465572766,0.03081324740692688,NA,NA,NA
Obirkovia__wetmon_z_trans,0.011651375811479226,-0.001489396281357946,0.009848090643504481,NA,NA,NA
Obirkovia__drymon_z_trans,0.056184201033199925,-0.003112252076718289,0.018406334526552194,NA,NA,NA
Obirkovia__wetdry_z_trans,-0.02993965144789782,-0.0035901167023006724,0.01747332741250002,NA,NA,NA
Obirkovia__time,-0.05748262165903194,-0.0023223524552046233,0.0038964273268160556,NA,NA,NA
Odontochelys__lat_range_z_trans,0.13990987368308333,0.001172031624880693,0.013471158488374938,0.3989977760174952,0.1850963830947876,0.6363368555903435
Odontochelys__Temperate_N,-0.1733734841956583,-0.006463395219212656,0.009928518212260748,NA,NA,NA
Odontochelys__Tropical,0.08720446522314662,-0.0006332567044511841,0.017506447306246863,NA,NA,NA
Odontochelys__Temperate_S,0.12574114098450961,-0.0005148378005515928,0.02063482278172658,NA,NA,NA
Odontochelys__Antarctic,0.02872252652668144,8.555034760382427e-05,0.00352426363146272,NA,NA,NA
Odontochelys__mat_z_trans,0.030990328492405805,-0.0028998522215865183,0.019391477104804582,NA,NA,NA
Odontochelys__map_z_trans,-0.1774519790349705,-0.007519901863994192,0.007760061172210411,NA,NA,NA
Odontochelys__wmm_z_trans,0.007409538131798843,-0.0018544561013465544,0.008821466095767505,NA,NA,NA
Odontochelys__cmm_z_trans,-0.05371127335897035,-0.0031789147459149944,0.010138232957714072,NA,NA,NA
Odontochelys__wmmcmm_z_trans,-0.010638203426211431,-0.003033743672878661,0.012266682023988985,NA,NA,NA
Odontochelys__wetmon_z_trans,0.015835154444249,-0.0043037479064384696,0.02545030951477706,NA,NA,NA
Odontochelys__drymon_z_trans,0.0045174895946498445,-0.0010795377042252287,0.005886126053634614,NA,NA,NA
Odontochelys__wetdry_z_trans,0.053636431504728396,-0.004440867948818091,0.030950514410718163,NA,NA,NA
Odontochelys__time,0.03866531576218399,-0.0002845403944696482,0.008409460441777834,NA,NA,NA
Opisthodontosaurus__lat_range_z_trans,0.1592441317773808,0.0005653740021564195,0.009327719321345759,0.41111059762508373,0.18159436248242855,0.7237340258434415
Opisthodontosaurus__Temperate_N,0.12239274548706632,-0.0001674741526674842,0.008444577513922153,NA,NA,NA
Opisthodontosaurus__Tropical,-0.15024331341425443,-0.0026370629107270354,0.0036634533599837166,NA,NA,NA
Opisthodontosaurus__Temperate_S,0.15069358954452194,0.0001253126842600639,0.009721159375993787,NA,NA,NA
Opisthodontosaurus__Antarctic,0.040327273141478825,-2.8492985399784046e-05,0.0031862846759457466,NA,NA,NA
Opisthodontosaurus__mat_z_trans,0.15017521996041355,-0.002934674422120147,0.02820428318432023,NA,NA,NA
Opisthodontosaurus__map_z_trans,0.47839746226851426,-0.001974651378137705,0.039010663178176204,NA,NA,NA
Opisthodontosaurus__wmm_z_trans,0.0394199476867515,-0.0014216867160930127,0.008343226752510367,NA,NA,NA
Opisthodontosaurus__cmm_z_trans,-0.22635007389653602,-0.0045015207650290915,0.013439332604818879,NA,NA,NA
Opisthodontosaurus__wmmcmm_z_trans,-0.14860289790729936,-0.004611267028806196,0.009281170392180103,NA,NA,NA
Opisthodontosaurus__wetmon_z_trans,-0.007002204274994142,-0.004874248821884906,0.024901192538820498,NA,NA,NA
Opisthodontosaurus__drymon_z_trans,-0.15000234909111146,-0.005123335683060792,0.018618610101974496,NA,NA,NA
Opisthodontosaurus__wetdry_z_trans,-0.1016604675380984,-0.0031218589877983166,0.015312738461719256,NA,NA,NA
Opisthodontosaurus__time,-0.23933173941220712,-0.00424388314609529,0.0026851287337539033,NA,NA,NA
Orenburgia__lat_range_z_trans,-1.0193986582756043,-0.013416052887407905,-0.028907462080947178,0.1747567918201821,0.0052371881902217865,0.38104692311026156
Orenburgia__Temperate_N,-0.1212909537088126,-0.003659174752123568,0.0011650291260842788,NA,NA,NA
Orenburgia__Tropical,0.10908913766033948,0.0001492353880306068,0.011506006349062537,NA,NA,NA
Orenburgia__Temperate_S,0.18534058633027597,3.109373368153617e-05,0.018140541828352046,NA,NA,NA
Orenburgia__Antarctic,0.025447655892494366,-0.00015641476109142842,0.002977827177523257,NA,NA,NA
Orenburgia__mat_z_trans,0.01152354099904187,-0.0035978628298505917,0.015473095313983627,NA,NA,NA
Orenburgia__map_z_trans,0.36559566780924796,-0.0011535608260323474,0.0409578853820161,NA,NA,NA
Orenburgia__wmm_z_trans,0.009436958058504388,-0.002855026054599325,0.018272288386047112,NA,NA,NA
Orenburgia__cmm_z_trans,0.21609228642191738,-0.0009222915939750161,0.028242872436555124,NA,NA,NA
Orenburgia__wmmcmm_z_trans,0.1156073801612365,-0.0008270396861387037,0.021438140954509327,NA,NA,NA
Orenburgia__wetmon_z_trans,0.0867272518617392,-0.002763654985295203,0.026517711801080774,NA,NA,NA
Orenburgia__drymon_z_trans,0.051402644940535536,-0.00020459487311466588,0.008457605379675196,NA,NA,NA
Orenburgia__wetdry_z_trans,0.027934621645254083,-0.004300641636043509,0.0265741402214026,NA,NA,NA
Orenburgia__time,-0.032433422557878656,-0.0012734845474431556,0.0033238579201202963,NA,NA,NA
Orovenator__lat_range_z_trans,0.23702731430932567,0.0005337104335674068,0.009098135683512717,0.34182085220789304,0.13235586043447256,0.5480715297162533
Orovenator__Temperate_N,0.18356511038497697,-0.00014349046227940022,0.00823485448031187,NA,NA,NA
Orovenator__Tropical,-0.22462281709468673,-0.0026731232868701335,0.0034925398661454954,NA,NA,NA
Orovenator__Temperate_S,0.2250701467875821,0.00013765161039569013,0.009654947201281378,NA,NA,NA
Orovenator__Antarctic,0.06318179631719759,-6.9542189118877515e-06,0.0033239659035640217,NA,NA,NA
Orovenator__mat_z_trans,0.22123194474507668,-0.0025853989352796055,0.030668289521739493,NA,NA,NA
Orovenator__map_z_trans,0.7071549583154602,-0.0014640183167166105,0.042443154002309684,NA,NA,NA
Orovenator__wmm_z_trans,0.06092937530051412,-0.0015868029444166942,0.007854557554396614,NA,NA,NA
Orovenator__cmm_z_trans,-0.34755520673785895,-0.004697747004015864,0.012111668265528537,NA,NA,NA
Orovenator__wmmcmm_z_trans,-0.22548170710293075,-0.004607368635688952,0.009282546643074447,NA,NA,NA
Orovenator__wetmon_z_trans,-0.01732071407238658,-0.005075613992588379,0.022904513743811555,NA,NA,NA
Orovenator__drymon_z_trans,-0.22544325141116775,-0.0052012565990345195,0.01746879249804868,NA,NA,NA
Orovenator__wetdry_z_trans,-0.1562106443343598,-0.0031742518187428946,0.015069787465132168,NA,NA,NA
Orovenator__time,-0.3840689810751164,-0.004404806140821428,0.0025317873666084395,NA,NA,NA
Oryctorhynchus__lat_range_z_trans,0.13572026176885155,0.0009817869835576927,0.01699836682518705,0.4433493654659833,0.1381082572042942,1.0630597919225693
Oryctorhynchus__Temperate_N,0.11852599433448706,-0.0012176232278152072,0.022018434700549545,NA,NA,NA
Oryctorhynchus__Tropical,-0.12830429801917237,-0.005327092075430384,0.010498266176939549,NA,NA,NA
Oryctorhynchus__Temperate_S,0.12364615336205088,-0.000796927047261295,0.02125866514067897,NA,NA,NA
Oryctorhynchus__Antarctic,0.029217301474167304,6.898669697103809e-05,0.004412290579837685,NA,NA,NA
Oryctorhynchus__mat_z_trans,0.016261205716976913,-0.0025021030598306893,0.016976085005006854,NA,NA,NA
Oryctorhynchus__map_z_trans,-0.1829072971142957,-0.005657582748324745,0.00781401602369548,NA,NA,NA
Oryctorhynchus__wmm_z_trans,0.0006822358060708764,-0.002071433397715199,0.009120053844700262,NA,NA,NA
Oryctorhynchus__cmm_z_trans,-0.05232565705468937,-0.0031232292295240555,0.010427597960775026,NA,NA,NA
Oryctorhynchus__wmmcmm_z_trans,-0.032333385809623465,-0.003455371950520893,0.016133069239630333,NA,NA,NA
Oryctorhynchus__wetmon_z_trans,0.016597214391662715,-0.005281030739741304,0.02014258162384013,NA,NA,NA
Oryctorhynchus__drymon_z_trans,0.009825208849355295,-0.0010598976810792008,0.005935217870636431,NA,NA,NA
Oryctorhynchus__wetdry_z_trans,0.03988963855955867,-0.00454247740425886,0.024306366990354752,NA,NA,NA
Oryctorhynchus__time,0.02296274806622597,-0.0009654754304301732,0.008098528213633004,NA,NA,NA
Oryporan__lat_range_z_trans,0.016474755894086753,0.0012471026453847937,0.00947447096545052,2.8427388389094266,0.9726823270320892,3.9926954433321953
Oryporan__Temperate_N,0.016685291862160233,-4.2151984741669486e-06,0.013347336705307196,NA,NA,NA
Oryporan__Tropical,0.010612301275268339,-0.0006431233813636011,0.009126426981696087,NA,NA,NA
Oryporan__Temperate_S,-0.021474962119011058,-0.0072231011682161944,0.0009672171475772764,NA,NA,NA
Oryporan__Antarctic,-0.0018463017035169934,-0.0007480950756534375,0.0005074707972069166,NA,NA,NA
Oryporan__mat_z_trans,0.0026444168771650105,-0.00718169380036693,0.020639865760425657,NA,NA,NA
Oryporan__map_z_trans,0.03436726566603152,-0.0004003030138740295,0.027470220169881886,NA,NA,NA
Oryporan__wmm_z_trans,0.005300579550673745,-0.004446910299493789,0.016920213476949567,NA,NA,NA
Oryporan__cmm_z_trans,0.03163593775225315,-0.002446319439688829,0.02826108286138031,NA,NA,NA
Oryporan__wmmcmm_z_trans,0.019479694429349787,-0.0010326881769324352,0.020384930374245824,NA,NA,NA
Oryporan__wetmon_z_trans,0.007745027749900703,-0.0039430666148220685,0.02129568800375677,NA,NA,NA
Oryporan__drymon_z_trans,0.003998120177217764,-0.0007106298052934908,0.0056214603999468924,NA,NA,NA
Oryporan__wetdry_z_trans,0.002889534391426979,-0.004429797243762629,0.017257133911546096,NA,NA,NA
Oryporan__time,-0.011054337471379638,-0.0029866297388464686,0.0028660226400940964,NA,NA,NA
Osmolskina__lat_range_z_trans,0.02109985150844288,0.0010757552329876353,0.010107668395885039,2.3267862209422856,1.327155977487564,3.6162006482481956
Osmolskina__Temperate_N,-0.029657598247568414,-0.007484026592037489,-0.0005246119349290969,NA,NA,NA
Osmolskina__Tropical,0.013864042947438131,0.0001548400225242664,0.010431057053448455,NA,NA,NA
Osmolskina__Temperate_S,0.019817623011602545,0.0002029303785397839,0.013063805377152815,NA,NA,NA
Osmolskina__Antarctic,-0.0003154192791930259,-0.00037815823895626555,0.0013788483299471068,NA,NA,NA
Osmolskina__mat_z_trans,-0.004098071531203979,-0.0071100574909851826,0.020338150235665015,NA,NA,NA
Osmolskina__map_z_trans,0.037756846313257666,-0.0008754157839740552,0.03033644571768588,NA,NA,NA
Osmolskina__wmm_z_trans,0.005015106364702115,-0.0058091214615876045,0.014642273612535384,NA,NA,NA
Osmolskina__cmm_z_trans,0.03291339339107739,-0.0012032262664591886,0.028501463604991496,NA,NA,NA
Osmolskina__wmmcmm_z_trans,0.018877600032766548,-0.0018303468469241934,0.016951618326954406,NA,NA,NA
Osmolskina__wetmon_z_trans,0.006653697656638442,-0.003755132132748082,0.021201868492087772,NA,NA,NA
Osmolskina__drymon_z_trans,0.004859492102812334,-0.0005657659254426258,0.006574101253760403,NA,NA,NA
Osmolskina__wetdry_z_trans,0.004449933421705428,-0.004126355698197168,0.018176778441220766,NA,NA,NA
Osmolskina__time,-0.013779173360851805,-0.0032453895081431057,0.002960073289059664,NA,NA,NA
Owenetta__lat_range_z_trans,-0.20456778675018067,-0.005162848813428809,-0.00466135001886773,0.5613007559647667,0.07831639423966408,1.4976907521486282
Owenetta__Temperate_N,0.08729842920624994,0.00020410135591208178,0.014526434887085991,NA,NA,NA
Owenetta__Tropical,0.05931751008870568,-0.0001213475881449687,0.010773780154259834,NA,NA,NA
Owenetta__Temperate_S,-0.12190817589761205,-0.005696279008564279,0.0045386328142410694,NA,NA,NA
Owenetta__Antarctic,0.01651279460492908,-6.818665142685532e-05,0.002887930807008277,NA,NA,NA
Owenetta__mat_z_trans,-0.044047883613450335,-0.006517734820824051,0.017862027993748645,NA,NA,NA
Owenetta__map_z_trans,0.15171771598587305,-2.2144552659202602e-05,0.031751151220377326,NA,NA,NA
Owenetta__wmm_z_trans,0.004100750934982743,-0.003814900689806671,0.013416680407986959,NA,NA,NA
Owenetta__cmm_z_trans,0.12397850157789393,-0.0009232827834699797,0.03363751409470563,NA,NA,NA
Owenetta__wmmcmm_z_trans,0.07408443088798078,-0.0013386675031633538,0.017418691638408628,NA,NA,NA
Owenetta__wetmon_z_trans,0.013114220675601381,-0.004100387151099307,0.023682549742547344,NA,NA,NA
Owenetta__drymon_z_trans,0.028101191481749194,-0.000340968497094053,0.0060396192096369514,NA,NA,NA
Owenetta__wetdry_z_trans,-0.02912437403633993,-0.004738800064361702,0.01751782661346842,NA,NA,NA
Owenetta__time,-0.04112000081475647,-0.0023080235432721254,0.004748050630857744,NA,NA,NA
Ozimek__lat_range_z_trans,0.1563699664527866,0.0010587265915737167,0.01562647931766872,0.37586078960084707,0.1850963830947876,0.5488439514301717
Ozimek__Temperate_N,-0.19814442692941722,-0.006576806938272253,0.011703107057001267,NA,NA,NA
Ozimek__Tropical,0.0946497259409706,-0.0014384114643247743,0.016175830582113023,NA,NA,NA
Ozimek__Temperate_S,0.13837687306524507,-0.0005238715418001328,0.023403389503116816,NA,NA,NA
Ozimek__Antarctic,0.03270558169775716,8.705148000542258e-05,0.00388106010450241,NA,NA,NA
Ozimek__mat_z_trans,0.016093408568015957,-0.0024069681377911806,0.018549636512774043,NA,NA,NA
Ozimek__map_z_trans,-0.1962397465677414,-0.007296242574987745,0.008801225777527975,NA,NA,NA
Ozimek__wmm_z_trans,0.004647336705687641,-0.001886995818823384,0.010005039016405431,NA,NA,NA
Ozimek__cmm_z_trans,-0.04478332365243029,-0.0028943647500806317,0.009044225678951622,NA,NA,NA
Ozimek__wmmcmm_z_trans,0.00022580537957970242,-0.0022277108295311325,0.013912498321648998,NA,NA,NA
Ozimek__wetmon_z_trans,0.022931249723436107,-0.003971432835619238,0.021986123827773246,NA,NA,NA
Ozimek__drymon_z_trans,0.0015252857666528102,-0.0010984801056525622,0.007381232342105964,NA,NA,NA
Ozimek__wetdry_z_trans,0.050720257820555996,-0.005154431368541122,0.026688772395325924,NA,NA,NA
Ozimek__time,0.038379330360527604,-0.0006195320175582588,0.006980919758549656,NA,NA,NA
Pachagnathus__lat_range_z_trans,0.2500352530181408,0.0008393602431457096,0.010881406950195127,0.2532507443553186,0.029831983149051666,1.3699593106284738
Pachagnathus__Temperate_N,0.2207733649201691,0.0001487424274457954,0.016013099788942366,NA,NA,NA
Pachagnathus__Tropical,0.16972839663736522,-0.0002661740709565326,0.011677764403994399,NA,NA,NA
Pachagnathus__Temperate_S,-0.25469721730798484,-0.0048679844068883265,0.004043393033995767,NA,NA,NA
Pachagnathus__Antarctic,0.0586271374230273,1.0923036431051212e-05,0.0030124288185159457,NA,NA,NA
Pachagnathus__mat_z_trans,0.228089670779882,-0.0030476548527529792,0.03226091375105187,NA,NA,NA
Pachagnathus__map_z_trans,-0.3401925925910473,-0.00528971251465006,0.008142960412848487,NA,NA,NA
Pachagnathus__wmm_z_trans,0.061804409621399825,-0.0014654756329336265,0.015719907408358234,NA,NA,NA
Pachagnathus__cmm_z_trans,-0.38278624310623854,-0.005636508209647266,0.012325865859943975,NA,NA,NA
Pachagnathus__wmmcmm_z_trans,-0.29377674190793185,-0.0059642674495366905,0.01615967279987702,NA,NA,NA
Pachagnathus__wetmon_z_trans,0.009122666034381837,-0.005112772087553996,0.019725619913376093,NA,NA,NA
Pachagnathus__drymon_z_trans,0.027905507333634887,-0.0006891252064245078,0.004975007419223935,NA,NA,NA
Pachagnathus__wetdry_z_trans,0.1325308154709637,-0.0037884504945893223,0.027772938158366314,NA,NA,NA
Pachagnathus__time,0.18706328175961973,0.00017962890750747827,0.011428561476775564,NA,NA,NA
Pachystropheus__lat_range_z_trans,-0.6944324752688408,-0.008044793060703923,-0.01761820088715968,0.1959152383405308,0.08607972040772438,0.35398756712675095
Pachystropheus__Temperate_N,-0.19515818040352315,-0.005038084554543828,0.0075643879537847045,NA,NA,NA
Pachystropheus__Tropical,0.08791560959827621,-0.000760023855792488,0.011684388261397364,NA,NA,NA
Pachystropheus__Temperate_S,0.13504020301101263,-0.00036420134123379115,0.01838326166282928,NA,NA,NA
Pachystropheus__Antarctic,0.034829865087667715,-1.0256090991110584e-06,0.0030422435824795863,NA,NA,NA
Pachystropheus__mat_z_trans,0.15959413589327595,-0.0026283451459703107,0.03226416231564468,NA,NA,NA
Pachystropheus__map_z_trans,-0.1769159948034212,-0.004372679637120159,0.00656009276973872,NA,NA,NA
Pachystropheus__wmm_z_trans,0.14321905947290361,-0.00280330641839884,0.03264569358094454,NA,NA,NA
Pachystropheus__cmm_z_trans,-0.06816264679109736,-0.002740149628812689,0.007163312847065561,NA,NA,NA
Pachystropheus__wmmcmm_z_trans,0.13408505463041365,-0.0004587184148843465,0.01313337077150818,NA,NA,NA
Pachystropheus__wetmon_z_trans,0.028590748489950784,-0.004645762373424247,0.01860647458084458,NA,NA,NA
Pachystropheus__drymon_z_trans,0.025083551485440694,-0.0004555254691098957,0.00431824741391021,NA,NA,NA
Pachystropheus__wetdry_z_trans,0.09794244536431507,-0.0028711473243678105,0.025996705246655878,NA,NA,NA
Pachystropheus__time,0.3297347222082317,0.00023429252205816166,0.03039540009582148,NA,NA,NA
Palacrodon__lat_range_z_trans,-1.105150650590658,-0.015370104855017457,-0.00516406518295083,0.24704117723333183,0.0019964738748967648,0.7238555555231869
Palacrodon__Temperate_N,0.1505382139235735,8.270443455663213e-05,0.01097695265115809,NA,NA,NA
Palacrodon__Tropical,-0.08179008252453059,-0.0018777632484189414,0.0038965654529414134,NA,NA,NA
Palacrodon__Temperate_S,-0.04781728373316582,-0.001971961582277839,0.005476652428538319,NA,NA,NA
Palacrodon__Antarctic,0.42493871666491034,-0.0021415434166740833,0.044722371552378126,NA,NA,NA
Palacrodon__mat_z_trans,0.1892165562743321,-0.0018826290011793162,0.02529990331167613,NA,NA,NA
Palacrodon__map_z_trans,-0.10132580013480037,-0.0018007836642096378,0.004480075792420834,NA,NA,NA
Palacrodon__wmm_z_trans,0.16545465300325304,-0.0016660020660573488,0.021380480051489143,NA,NA,NA
Palacrodon__cmm_z_trans,-0.04169139484758489,-0.0017854183780307243,0.01219221145971171,NA,NA,NA
Palacrodon__wmmcmm_z_trans,0.06630226681241766,-0.002421628759638302,0.013386664228750829,NA,NA,NA
Palacrodon__wetmon_z_trans,0.07711757313460112,-0.0019017077926970025,0.01791975051907142,NA,NA,NA
Palacrodon__drymon_z_trans,0.028364953404525294,-0.00018185646869598582,0.004160362441665591,NA,NA,NA
Palacrodon__wetdry_z_trans,0.13854369811015205,-0.0017091681736344172,0.017054504811417705,NA,NA,NA
Palacrodon__time,0.24076550579629838,-0.00032160733942885336,0.018357110677196628,NA,NA,NA
Palaeagama__lat_range_z_trans,0.03341947938617857,0.0006943595670243344,0.009487307129163158,1.485777769354172,0.3958749966695905,3.2321422919631004
Palaeagama__Temperate_N,0.031955434830478684,3.7795359083534005e-05,0.012548785831142256,NA,NA,NA
Palaeagama__Tropical,0.01763814445719945,-0.0003078695390747804,0.009803615879671856,NA,NA,NA
Palaeagama__Temperate_S,-0.049784019841225886,-0.004790722354120468,0.001601927981191626,NA,NA,NA
Palaeagama__Antarctic,0.0037508432363608036,-0.00021961425499925804,0.00267013730386751,NA,NA,NA
Palaeagama__mat_z_trans,-0.02943683859987223,-0.007317735991712021,0.01941907672052268,NA,NA,NA
Palaeagama__map_z_trans,0.030246853538187488,-0.0008327864907723212,0.019228335159362016,NA,NA,NA
Palaeagama__wmm_z_trans,0.000980597547675859,-0.0026659322053663656,0.0058356127454635386,NA,NA,NA
Palaeagama__cmm_z_trans,0.05746442468559293,-0.003220932958690601,0.03384475224147415,NA,NA,NA
Palaeagama__wmmcmm_z_trans,0.026103054148312987,-0.005276106865913885,0.03154933348797444,NA,NA,NA
Palaeagama__wetmon_z_trans,0.006723421399222585,-0.0016688460642330244,0.013410108099800346,NA,NA,NA
Palaeagama__drymon_z_trans,0.018276215377065894,-0.003328105921972401,0.014235206660229177,NA,NA,NA
Palaeagama__wetdry_z_trans,-0.006432800351751631,-0.0035756443372207485,0.017910776793672468,NA,NA,NA
Palaeagama__time,-0.02344748548179921,-0.0024773282534352693,0.002594564161929873,NA,NA,NA
Palaeochersis__lat_range_z_trans,0.0240994037917892,0.0007686516675722224,0.010951930409467469,1.6609046496110387,0.05330426245927811,4.566640287637711
Palaeochersis__Temperate_N,0.023372093475544226,-0.00030631031399326814,0.01325922135375762,NA,NA,NA
Palaeochersis__Tropical,0.01547434762443566,-0.0005367531989245803,0.010443522693615424,NA,NA,NA
Palaeochersis__Temperate_S,-0.008285988928297187,-0.004287110946767258,0.011731052279340091,NA,NA,NA
Palaeochersis__Antarctic,0.0017080026563127165,-0.0005264988349623317,0.0016825429070545866,NA,NA,NA
Palaeochersis__mat_z_trans,0.025786116406920228,-0.004266516761202506,0.022546407924040446,NA,NA,NA
Palaeochersis__map_z_trans,-0.01803449340090838,-0.0032871706242631085,0.008592853831711733,NA,NA,NA
Palaeochersis__wmm_z_trans,0.020771490637225627,-0.0013274484357550006,0.02940860778889688,NA,NA,NA
Palaeochersis__cmm_z_trans,-0.01770859445907265,-0.007052265865990513,0.009368816095308452,NA,NA,NA
Palaeochersis__wmmcmm_z_trans,-0.002207572032681863,-0.004851728786116423,0.015989403802777177,NA,NA,NA
Palaeochersis__wetmon_z_trans,0.006138841315141949,-0.0039042398673950524,0.017772567064048533,NA,NA,NA
Palaeochersis__drymon_z_trans,0.0015569897119704552,-0.00094603574393113,0.003090953644174077,NA,NA,NA
Palaeochersis__wetdry_z_trans,0.016978396866597238,-0.003970107330885942,0.018879859488162554,NA,NA,NA
Palaeochersis__time,0.027808290666649083,-0.0004559352687883846,0.020421800913110036,NA,NA,NA
Palaeosaurus__lat_range_z_trans,0.16156738217160663,0.0010710995845274482,0.015722828214641018,0.37131915682330147,0.1850963830947876,0.5391088966280222
Palaeosaurus__Temperate_N,-0.20943633067581852,-0.006653667939547699,0.011775265438500283,NA,NA,NA
Palaeosaurus__Tropical,0.09672816224221219,-0.0014552217107607333,0.016275566639257714,NA,NA,NA
Palaeosaurus__Temperate_S,0.14169311471217771,-0.0005299938579362741,0.023547688850282546,NA,NA,NA
Palaeosaurus__Antarctic,0.03420436971518819,8.806882230823374e-05,0.0039049897339826223,NA,NA,NA
Palaeosaurus__mat_z_trans,0.013031265442527766,-0.002985219548209336,0.015172315057471936,NA,NA,NA
Palaeosaurus__map_z_trans,-0.20224801485042765,-0.007381511386300825,0.0088554918971337,NA,NA,NA
Palaeosaurus__wmm_z_trans,0.005475130837430653,-0.0019090485245510432,0.012361406311683469,NA,NA,NA
Palaeosaurus__cmm_z_trans,-0.0400629225507186,-0.0026861379848602406,0.00909999007414397,NA,NA,NA
Palaeosaurus__wmmcmm_z_trans,0.0015649359382336446,-0.0021803016352215875,0.013998279247740534,NA,NA,NA
Palaeosaurus__wetmon_z_trans,0.027004786936423376,-0.004017845678068293,0.022121684675257755,NA,NA,NA
Palaeosaurus__drymon_z_trans,0.002027308329054087,-0.0011113176849815662,0.007426743143355613,NA,NA,NA
Palaeosaurus__wetdry_z_trans,0.04827652318270217,-0.004571600481273881,0.02685332857778776,NA,NA,NA
Palaeosaurus__time,0.037631612901034645,-0.000626772286527479,0.00702396233422618,NA,NA,NA
Paleollanosaurus__lat_range_z_trans,-0.8101303496956825,-0.014947702294534316,-0.018143974170327027,0.2011241373931989,0.08660067734308541,0.3561457674950361
Paleollanosaurus__Temperate_N,-0.11671421914361417,-0.0035549875479249995,0.0035881488312823986,NA,NA,NA
Paleollanosaurus__Tropical,-0.06302261246368289,-0.002494484370837053,0.007648178445101969,NA,NA,NA
Paleollanosaurus__Temperate_S,0.12999192407820373,-0.0005576857278068268,0.01564349158816981,NA,NA,NA
Paleollanosaurus__Antarctic,0.02554427075316198,-8.411323754012156e-05,0.002808729381009619,NA,NA,NA
Paleollanosaurus__mat_z_trans,0.1737299015506869,-0.001733134044032315,0.03545643315246022,NA,NA,NA
Paleollanosaurus__map_z_trans,-0.09960507994983345,-0.002593824079514963,0.006267763993078935,NA,NA,NA
Paleollanosaurus__wmm_z_trans,0.16799373007612303,-0.001615588592667891,0.03469299981639808,NA,NA,NA
Paleollanosaurus__cmm_z_trans,-0.02012543784920126,-0.0018203061294447933,0.009052246212395906,NA,NA,NA
Paleollanosaurus__wmmcmm_z_trans,0.14192899937042966,-0.0001215296857034821,0.014358620587849593,NA,NA,NA
Paleollanosaurus__wetmon_z_trans,0.06863282209727913,-0.0026371423497257404,0.020432011630879803,NA,NA,NA
Paleollanosaurus__drymon_z_trans,0.028137829938787037,-0.0005416475781680045,0.003909843611466155,NA,NA,NA
Paleollanosaurus__wetdry_z_trans,0.1240172547136899,-0.0020187153540114373,0.0268299466149406,NA,NA,NA
Paleollanosaurus__time,0.307128778193146,-0.00022860931949132918,0.03159510050075902,NA,NA,NA
Paliguana__lat_range_z_trans,0.016474755894086753,0.0012471026453847937,0.00947447096545052,2.8427388389094266,0.9726823270320892,3.9926954433321953
Paliguana__Temperate_N,0.016685291862160233,-4.2151984741669486e-06,0.013347336705307196,NA,NA,NA
Paliguana__Tropical,0.010612301275268339,-0.0006431233813636011,0.009126426981696087,NA,NA,NA
Paliguana__Temperate_S,-0.021474962119011058,-0.0072231011682161944,0.0009672171475772764,NA,NA,NA
Paliguana__Antarctic,-0.0018463017035169934,-0.0007480950756534375,0.0005074707972069166,NA,NA,NA
Paliguana__mat_z_trans,0.0026444168771650105,-0.00718169380036693,0.020639865760425657,NA,NA,NA
Paliguana__map_z_trans,0.03436726566603152,-0.0004003030138740295,0.027470220169881886,NA,NA,NA
Paliguana__wmm_z_trans,0.005300579550673745,-0.004446910299493789,0.016920213476949567,NA,NA,NA
Paliguana__cmm_z_trans,0.03163593775225315,-0.002446319439688829,0.02826108286138031,NA,NA,NA
Paliguana__wmmcmm_z_trans,0.019479694429349787,-0.0010326881769324352,0.020384930374245824,NA,NA,NA
Paliguana__wetmon_z_trans,0.007745027749900703,-0.0039430666148220685,0.02129568800375677,NA,NA,NA
Paliguana__drymon_z_trans,0.003998120177217764,-0.0007106298052934908,0.0056214603999468924,NA,NA,NA
Paliguana__wetdry_z_trans,0.002889534391426979,-0.004429797243762629,0.017257133911546096,NA,NA,NA
Paliguana__time,-0.011054337471379638,-0.0029866297388464686,0.0028660226400940964,NA,NA,NA
Pamelaria__lat_range_z_trans,0.208504724110243,0.0009971888826181446,0.013495647777331829,0.38112043374523635,0.13009855523705482,0.6151680760085583
Pamelaria__Temperate_N,0.18732599579722387,-0.0001837271424617734,0.018459883004687115,NA,NA,NA
Pamelaria__Tropical,0.131086919948904,-0.0003292170849679447,0.01318773123062569,NA,NA,NA
Pamelaria__Temperate_S,-0.41038685573812683,-0.007874016888969184,0.0016300666503499203,NA,NA,NA
Pamelaria__Antarctic,0.051145171164495185,7.717114905180505e-05,0.003995990010936946,NA,NA,NA
Pamelaria__mat_z_trans,-0.12026539478672259,-0.004148505800192997,0.010620074766223456,NA,NA,NA
Pamelaria__map_z_trans,0.18698904080804715,-0.0003723760962977154,0.03174859395131697,NA,NA,NA
Pamelaria__wmm_z_trans,-0.059227253202307775,-0.0035590752489266944,0.014071341087537026,NA,NA,NA
Pamelaria__cmm_z_trans,0.07338321120958814,-0.0017129710832741124,0.017537178026289034,NA,NA,NA
Pamelaria__wmmcmm_z_trans,0.04227484770007085,-0.002594186492558109,0.015127629792631932,NA,NA,NA
Pamelaria__wetmon_z_trans,-0.04178550084946309,-0.005236115518003057,0.030920839342289563,NA,NA,NA
Pamelaria__drymon_z_trans,0.02035876161810416,-0.0007114331698687001,0.005260171407654049,NA,NA,NA
Pamelaria__wetdry_z_trans,-0.10505569948524257,-0.007265680610241368,0.014253690570547536,NA,NA,NA
Pamelaria__time,-0.04689064396318727,-0.0020365252073115685,0.0038307025770440138,NA,NA,NA
Pamelina__lat_range_z_trans,0.021110265589975592,0.0010709888996686318,0.010117912545720652,2.3353643135052518,1.327155977487564,3.6162006482481956
Pamelina__Temperate_N,-0.029890694473073957,-0.007450867222496827,-0.0005251436305740741,NA,NA,NA
Pamelina__Tropical,0.013775736484329155,0.00015415397505190318,0.010441628958581677,NA,NA,NA
Pamelina__Temperate_S,0.019800665319356467,0.00020203125781509455,0.013380804733378705,NA,NA,NA
Pamelina__Antarctic,-0.0002980264008555345,-0.000376482738657571,0.0013802457965377516,NA,NA,NA
Pamelina__mat_z_trans,-0.0032819605698672046,-0.007558513382948393,0.01963389798172645,NA,NA,NA
Pamelina__map_z_trans,0.03738128839350059,-0.0008715370917853599,0.03036719178920703,NA,NA,NA
Pamelina__wmm_z_trans,0.004956188365140324,-0.005387115829762289,0.014657113597282207,NA,NA,NA
Pamelina__cmm_z_trans,0.03303748559947035,-0.001197895149056025,0.02875469482887017,NA,NA,NA
Pamelina__wmmcmm_z_trans,0.018813858546212852,-0.0018222371553379398,0.016968798838947474,NA,NA,NA
Pamelina__wetmon_z_trans,0.00634077635895738,-0.0037384943225355575,0.021223356644361976,NA,NA,NA
Pamelina__drymon_z_trans,0.0051747257131247925,-0.0006344182310302313,0.00658076412353811,NA,NA,NA
Pamelina__wetdry_z_trans,0.004352023371449913,-0.004108073113044636,0.018195200656373416,NA,NA,NA
Pamelina__time,-0.013815007966094422,-0.003231010207284074,0.002963073331513557,NA,NA,NA
Pampadromaeus__lat_range_z_trans,-0.060942301026398325,-0.007767116702198493,-0.0017120897111187687,1.2396617621420591,0.002101786434650421,3.7170442640781403
Pampadromaeus__Temperate_N,0.030380362204912408,-0.000173571728750964,0.013357747904686544,NA,NA,NA
Pampadromaeus__Tropical,0.02016816422657913,-0.00044176791528280595,0.009898688361458095,NA,NA,NA
Pampadromaeus__Temperate_S,-0.00938451972528739,-0.0047989508148982615,0.010134945173190617,NA,NA,NA
Pampadromaeus__Antarctic,0.002465330515669869,-0.0002873638327234439,0.0023655712004985287,NA,NA,NA
Pampadromaeus__mat_z_trans,0.031235665617941905,-0.0018642675650943651,0.032378701053510046,NA,NA,NA
Pampadromaeus__map_z_trans,-0.019554966176500627,-0.0032669919701451317,0.006409247417681811,NA,NA,NA
Pampadromaeus__wmm_z_trans,0.034096736001550075,-0.002558622602404383,0.03021716016517107,NA,NA,NA
Pampadromaeus__cmm_z_trans,-0.007567925865593088,-0.004259021891676053,0.009160351321442193,NA,NA,NA
Pampadromaeus__wmmcmm_z_trans,0.014817326439726133,-0.0026815560705374664,0.01665942714342767,NA,NA,NA
Pampadromaeus__wetmon_z_trans,0.012623120270775601,-0.003777424982834698,0.014976946289894913,NA,NA,NA
Pampadromaeus__drymon_z_trans,0.003013099923133957,-0.0005151665332824817,0.003193260851004529,NA,NA,NA
Pampadromaeus__wetdry_z_trans,0.022365297676274813,-0.0023197197251986464,0.020423179697310032,NA,NA,NA
Pampadromaeus__time,0.04374193424884183,-0.0002379279763760813,0.026676403327307797,NA,NA,NA
Panguraptor__lat_range_z_trans,0.042108822904445196,0.0009675152980737376,0.012074934705997275,1.0179732221550513,0.6345027852803469,1.3735392354428768
Panguraptor__Temperate_N,-0.06834320671755903,-0.008450502114493467,0.0009509460156890441,NA,NA,NA
Panguraptor__Tropical,0.016461024945747606,-0.0018362430661910945,0.012181726922362184,NA,NA,NA
Panguraptor__Temperate_S,0.02186902596480381,-0.0017245519494403613,0.013602269291772238,NA,NA,NA
Panguraptor__Antarctic,0.006808563411021152,1.686377406975153e-05,0.002673167974534159,NA,NA,NA
Panguraptor__mat_z_trans,0.025222579190662096,-0.0032794412634682907,0.02873615482568852,NA,NA,NA
Panguraptor__map_z_trans,-0.03109528463431809,-0.004010587210546555,0.008183043661411609,NA,NA,NA
Panguraptor__wmm_z_trans,0.012757424335200046,-0.004742333122940596,0.02756609589133684,NA,NA,NA
Panguraptor__cmm_z_trans,-0.011540130773377472,-0.002713897527958255,0.005797242357432057,NA,NA,NA
Panguraptor__wmmcmm_z_trans,0.019417093434592334,-0.0011536448324816564,0.012931025247203073,NA,NA,NA
Panguraptor__wetmon_z_trans,0.006458353507550143,-0.00294519611490416,0.01950197490870314,NA,NA,NA
Panguraptor__drymon_z_trans,0.003826992769488224,-0.00034040800719159947,0.003830409627874386,NA,NA,NA
Panguraptor__wetdry_z_trans,0.016555357394354864,-0.003199616415434938,0.01888160466370094,NA,NA,NA
Panguraptor__time,0.05695070859901543,-0.0015374277584957886,0.027228944101759623,NA,NA,NA
Panphagia__lat_range_z_trans,0.061334572028280555,0.0014507623486947727,0.016513463723200564,0.7707543411350344,0.4275338576408103,1.1323013827204704
Panphagia__Temperate_N,0.05692337730747588,-8.824773504336077e-05,0.02346530248156809,NA,NA,NA
Panphagia__Tropical,0.04484823194787121,-0.00038238698413531065,0.01941858457272437,NA,NA,NA
Panphagia__Temperate_S,-0.04260997749301635,-0.00678505420203023,0.00936526443644142,NA,NA,NA
Panphagia__Antarctic,0.010017907278698801,-7.101981116553264e-05,0.0039268999306916,NA,NA,NA
Panphagia__mat_z_trans,0.01606088362798424,-0.002833101289861574,0.013423192003827494,NA,NA,NA
Panphagia__map_z_trans,-0.07204849345693472,-0.008509360177810683,0.010935763428984018,NA,NA,NA
Panphagia__wmm_z_trans,-0.0007979508455349328,-0.002241794867462987,0.011117153251300894,NA,NA,NA
Panphagia__cmm_z_trans,-0.009889275847144581,-0.002744638052665345,0.01485265505408988,NA,NA,NA
Panphagia__wmmcmm_z_trans,-0.0029999478686741875,-0.003227228075882849,0.010366285385521045,NA,NA,NA
Panphagia__wetmon_z_trans,0.015584580315893251,-0.0038741586851043,0.01989085991259942,NA,NA,NA
Panphagia__drymon_z_trans,0.0032296741697551462,-0.0013771826918917798,0.007690879588205166,NA,NA,NA
Panphagia__wetdry_z_trans,0.033559524438176794,-0.003183108510622744,0.027453170796459217,NA,NA,NA
Panphagia__time,0.0042442187287951945,-0.001082951576421352,0.005720065629851903,NA,NA,NA
Pantydraco__lat_range_z_trans,0.11767587432998516,0.0012183901647209669,0.01446197483347389,0.4385790328063013,0.19519781786948442,0.5817474573850632
Pantydraco__Temperate_N,-0.14240451986564803,-0.006531736508978575,0.010830977105664072,NA,NA,NA
Pantydraco__Tropical,0.07283176303145879,-0.0007920513546239912,0.018375641024557438,NA,NA,NA
Pantydraco__Temperate_S,0.10506729958959699,-0.0005202814842683734,0.021659340093924395,NA,NA,NA
Pantydraco__Antarctic,0.02275757698212695,-3.380812963653372e-05,0.0034602339689386837,NA,NA,NA
Pantydraco__mat_z_trans,0.02157527099643972,-0.002930514069459397,0.01963018592004452,NA,NA,NA
Pantydraco__map_z_trans,-0.14931560273866007,-0.007246241900166067,0.008145347593070014,NA,NA,NA
Pantydraco__wmm_z_trans,0.007667900734577398,-0.0017997848959589433,0.012176491925282093,NA,NA,NA
Pantydraco__cmm_z_trans,-0.034510811503944895,-0.0032236174651695884,0.008370238842562909,NA,NA,NA
Pantydraco__wmmcmm_z_trans,-0.004317718762232995,-0.0024275909640850126,0.012875721812202319,NA,NA,NA
Pantydraco__wetmon_z_trans,0.025940019151550114,-0.004164624016490427,0.021414484430440032,NA,NA,NA
Pantydraco__drymon_z_trans,0.0014816066609145031,-0.0010909522930837882,0.006831173817307773,NA,NA,NA
Pantydraco__wetdry_z_trans,0.043468068193703135,-0.005119108386321125,0.028025945877981212,NA,NA,NA
Pantydraco__time,0.02954059753175952,-0.00028754900788241863,0.00788178295001573,NA,NA,NA
Pappochelys__lat_range_z_trans,0.0650509730063611,0.0014588943203733128,0.01689348327691875,0.7929050746616849,0.2501865188096417,1.4244403466582298
Pappochelys__Temperate_N,-0.12084234001532668,-0.00996535111161173,0.012803537514715121,NA,NA,NA
Pappochelys__Tropical,0.03534610538021553,-0.0013097424559356914,0.013614557781370206,NA,NA,NA
Pappochelys__Temperate_S,0.0672860627645591,0.00025197100840155476,0.02174578473179347,NA,NA,NA
Pappochelys__Antarctic,0.013598535753000341,0.00011577221916845415,0.004099719341612631,NA,NA,NA
Pappochelys__mat_z_trans,-0.025097253854152943,-0.005540151096725073,0.013322399526684686,NA,NA,NA
Pappochelys__map_z_trans,0.0196181754896428,-0.0012614022093116245,0.017402720683655296,NA,NA,NA
Pappochelys__wmm_z_trans,3.216461004146238e-05,-0.00209656673048504,0.00805676946316154,NA,NA,NA
Pappochelys__cmm_z_trans,0.04195938732458697,-0.0012535082472580061,0.022976899558027904,NA,NA,NA
Pappochelys__wmmcmm_z_trans,0.03438085708797451,-0.0014006311789898922,0.017701113531868786,NA,NA,NA
Pappochelys__wetmon_z_trans,-0.0019850795372984794,-0.005706137264945228,0.018103763069862628,NA,NA,NA
Pappochelys__drymon_z_trans,0.0033970939726544985,-0.0011616552073576113,0.005269179725078028,NA,NA,NA
Pappochelys__wetdry_z_trans,-0.006507338940879628,-0.005167746834089267,0.01758440900638019,NA,NA,NA
Pappochelys__time,-0.008780018709752271,-0.0019132155226374305,0.004565202984335853,NA,NA,NA
Parahupehsuchus__lat_range_z_trans,0.01713384214080685,0.0014913080274418546,0.011410024264449096,3.013161021518172,1.0463879480957985,4.969516605138779
Parahupehsuchus__Temperate_N,0.01733730034727397,0.00012798157050924916,0.014271130287767463,NA,NA,NA
Parahupehsuchus__Tropical,-0.017454605204735147,-0.006793115330388385,0.0023092195446868012,NA,NA,NA
Parahupehsuchus__Temperate_S,0.016387654211460344,0.00023319832401483224,0.015012860821723522,NA,NA,NA
Parahupehsuchus__Antarctic,-0.0013478708279892962,-0.0006654473827112509,0.0013012295013346406,NA,NA,NA
Parahupehsuchus__mat_z_trans,-9.818476148271044e-06,-0.0063856233519900465,0.01971061543357805,NA,NA,NA
Parahupehsuchus__map_z_trans,0.030596272437533455,-0.0021903180985114673,0.026782560740191787,NA,NA,NA
Parahupehsuchus__wmm_z_trans,0.00041188255971535016,-0.004750462276033345,0.01397536096663409,NA,NA,NA
Parahupehsuchus__cmm_z_trans,0.032407730517227985,-0.0027155425910714193,0.027693781673356916,NA,NA,NA
Parahupehsuchus__wmmcmm_z_trans,0.01964467983498873,-0.0014058161665000868,0.01676618447577717,NA,NA,NA
Parahupehsuchus__wetmon_z_trans,0.007505113249218673,-0.0035254945420477037,0.020432769615243082,NA,NA,NA
Parahupehsuchus__drymon_z_trans,0.0030595849203481156,-0.0006838157818191722,0.006373466959799039,NA,NA,NA
Parahupehsuchus__wetdry_z_trans,0.002301213515546961,-0.004591934790671597,0.016915858334541293,NA,NA,NA
Parahupehsuchus__time,-0.010515654893621424,-0.003094387921624736,0.0011844775763821226,NA,NA,NA
Parasaurus__lat_range_z_trans,-0.3876634457334876,-0.002659569691690647,-0.002789181554280521,0.22599763531456118,0.08661433681845665,0.35906453896313906
Parasaurus__Temperate_N,-0.4401054134964943,-0.004248435127317671,0.0023524117564785556,NA,NA,NA
Parasaurus__Tropical,0.1754464601399377,-3.7166765083255474e-05,0.009976639222425861,NA,NA,NA
Parasaurus__Temperate_S,0.29182238535024224,5.213002620154599e-05,0.013902102771243603,NA,NA,NA
Parasaurus__Antarctic,0.08417206954210997,6.239258809817573e-05,0.003536607025742901,NA,NA,NA
Parasaurus__mat_z_trans,-0.479334766890388,-0.007842268415173563,0.024380295307227937,NA,NA,NA
Parasaurus__map_z_trans,0.15401985788019373,-0.00033385291368674984,0.010739542843400117,NA,NA,NA
Parasaurus__wmm_z_trans,-0.010200550102163107,-0.0010132570180979566,0.006321508917739501,NA,NA,NA
Parasaurus__cmm_z_trans,0.42240442713722587,-0.004366577778839409,0.04004811065316162,NA,NA,NA
Parasaurus__wmmcmm_z_trans,0.2297454235330224,-0.005194742778807077,0.03385723386873171,NA,NA,NA
Parasaurus__wetmon_z_trans,0.07187145109928679,-0.0014811211960959884,0.01329510715533386,NA,NA,NA
Parasaurus__drymon_z_trans,0.16389241995755582,-0.003051117503259621,0.018110424744994004,NA,NA,NA
Parasaurus__wetdry_z_trans,-0.1378153528831899,-0.0034642304107301487,0.016962911130583364,NA,NA,NA
Parasaurus__time,-0.1179562164536037,-0.0013716533269209125,0.0034458263526825853,NA,NA,NA
Parasuchus__lat_range_z_trans,-0.609606104940176,-0.012045694844005608,-0.006119054256415713,0.2276944822101359,0.00030579976737499237,0.778511825017631
Parasuchus__Temperate_N,-0.08621625949628652,-0.0023519950677855688,0.00854950021988983,NA,NA,NA
Parasuchus__Tropical,-0.051054767030291257,-0.001632169544319674,0.006341144091933426,NA,NA,NA
Parasuchus__Temperate_S,-0.027737604130525142,-0.0024666324114220053,0.006857178790043152,NA,NA,NA
Parasuchus__Antarctic,0.03229680453252513,-6.910402749415388e-05,0.0031042608795668314,NA,NA,NA
Parasuchus__mat_z_trans,0.22011918778531253,-0.001487542240347648,0.034051244571931226,NA,NA,NA
Parasuchus__map_z_trans,-0.08966728524188511,-0.003003084519423757,0.0032627141592396582,NA,NA,NA
Parasuchus__wmm_z_trans,0.17342999836138914,-0.0011932321525362618,0.03169977032497603,NA,NA,NA
Parasuchus__cmm_z_trans,-0.045755032038505304,-0.0034079058865557456,0.011609247640322992,NA,NA,NA
Parasuchus__wmmcmm_z_trans,0.04182465690071695,-0.00272916365580268,0.015343002692463732,NA,NA,NA
Parasuchus__wetmon_z_trans,0.09463088142685593,-0.002262706683770459,0.021389242512288235,NA,NA,NA
Parasuchus__drymon_z_trans,0.03488437871797942,-0.00026363819640962035,0.005583067559990086,NA,NA,NA
Parasuchus__wetdry_z_trans,0.14790640928782522,-0.0018877663862809431,0.02477443433892442,NA,NA,NA
Parasuchus__time,0.24257950447732582,-0.0001488346952491484,0.027693786670311197,NA,NA,NA
Paratypothorax__lat_range_z_trans,-0.7964381715655326,-0.015088360420588398,-0.014478989405910976,0.1867090746116446,0.0018830560147762299,0.34177276922855526
Paratypothorax__Temperate_N,-0.1127583787212643,-0.0028388630182290403,0.006117911391569827,NA,NA,NA
Paratypothorax__Tropical,-0.06276501284912228,-0.0023539089798340213,0.007826147067504202,NA,NA,NA
Paratypothorax__Temperate_S,0.13223932216875256,-0.00046469610785555517,0.014639288358194573,NA,NA,NA
Paratypothorax__Antarctic,0.026422133116284385,-9.772096634111344e-05,0.002667673540282938,NA,NA,NA
Paratypothorax__mat_z_trans,0.18320791231730255,-0.001801329659100286,0.034937952929989996,NA,NA,NA
Paratypothorax__map_z_trans,-0.10164892196306027,-0.0028237359102964723,0.005866305736168403,NA,NA,NA
Paratypothorax__wmm_z_trans,0.16859608465107156,-0.0015932824643469185,0.032356282058571315,NA,NA,NA
Paratypothorax__cmm_z_trans,-0.02540883141104132,-0.0023409142427112187,0.007635796868490637,NA,NA,NA
Paratypothorax__wmmcmm_z_trans,0.11877607817208627,-0.0001340455167434214,0.018253730663455967,NA,NA,NA
Paratypothorax__wetmon_z_trans,0.0661881682346575,-0.0026829688854270763,0.01910085819985633,NA,NA,NA
Paratypothorax__drymon_z_trans,0.0272783707556664,-0.0006785733969064598,0.00362024355056112,NA,NA,NA
Paratypothorax__wetdry_z_trans,0.12352940407930874,-0.0021147273619018473,0.025206843272736947,NA,NA,NA
Paratypothorax__time,0.2949327560700476,6.365661887855031e-05,0.030389495963993814,NA,NA,NA
Pareiasaurus__lat_range_z_trans,-1.1336244839429854,-0.013887496258004861,-0.01630246296320436,0.17949369868510984,0.027259723283350468,0.3491159067489207
Pareiasaurus__Temperate_N,0.16594935868866742,0.00010408685347828232,0.013609867702718449,NA,NA,NA
Pareiasaurus__Tropical,0.10147203686879948,-9.119238572221273e-05,0.008109649128775168,NA,NA,NA
Pareiasaurus__Temperate_S,-0.10984203762418474,-0.0025423574559591045,0.002168917754416612,NA,NA,NA
Pareiasaurus__Antarctic,0.024264424360590054,-0.00023482480990907382,0.001971276280769454,NA,NA,NA
Pareiasaurus__mat_z_trans,-0.05133245492121205,-0.005315137806323315,0.024955218114923794,NA,NA,NA
Pareiasaurus__map_z_trans,0.3062806690996513,-0.0005112371647816987,0.027274573582333744,NA,NA,NA
Pareiasaurus__wmm_z_trans,0.02786100351368077,-0.0018228093994260733,0.013751925084534346,NA,NA,NA
Pareiasaurus__cmm_z_trans,0.3515283108735457,-0.0009372136599861083,0.037686703586433584,NA,NA,NA
Pareiasaurus__wmmcmm_z_trans,0.21303081100224516,-0.00106347915877825,0.0366692111556453,NA,NA,NA
Pareiasaurus__wetmon_z_trans,0.08372905920259655,-0.002587774189086212,0.016385456774262796,NA,NA,NA
Pareiasaurus__drymon_z_trans,0.08664902671589517,-0.0014140022908633858,0.009458323293218822,NA,NA,NA
Pareiasaurus__wetdry_z_trans,0.022759581920690834,-0.0031937336191063346,0.016630396700159873,NA,NA,NA
Pareiasaurus__time,-0.05145883114484604,-0.0014522989669349276,0.001770484000477531,NA,NA,NA
Pareiasuchus__lat_range_z_trans,-0.958772620856762,-0.01030437021972509,-0.017926473051649575,0.12920620231279828,0.018378853797912598,0.3491159067489207
Pareiasuchus__Temperate_N,0.15947362766833975,-7.6080441813973905e-06,0.0120560651189482,NA,NA,NA
Pareiasuchus__Tropical,0.0888126084790565,-1.5161260321165704e-05,0.009262202325532138,NA,NA,NA
Pareiasuchus__Temperate_S,-0.12079962695483118,-0.0022880480869155056,0.002952154620567084,NA,NA,NA
Pareiasuchus__Antarctic,0.02269468045618851,-0.0001848322797267744,0.0025168090445620724,NA,NA,NA
Pareiasuchus__mat_z_trans,-0.147641058457084,-0.007828752105559588,0.02649676696382664,NA,NA,NA
Pareiasuchus__map_z_trans,0.1777855814062059,-0.0002562805689812147,0.01845815773283144,NA,NA,NA
Pareiasuchus__wmm_z_trans,-3.439232939854264e-05,-0.0016784381763456965,0.011041530856176263,NA,NA,NA
Pareiasuchus__cmm_z_trans,0.37692383942194285,-0.0021618684503575654,0.03796524094457962,NA,NA,NA
Pareiasuchus__wmmcmm_z_trans,0.27342375110632927,-0.002613253495250708,0.03733252233649681,NA,NA,NA
Pareiasuchus__wetmon_z_trans,0.07239776324015111,-0.001273761556813348,0.012841997149472624,NA,NA,NA
Pareiasuchus__drymon_z_trans,0.1178839352959767,-0.002240684393462761,0.019381270027488264,NA,NA,NA
Pareiasuchus__wetdry_z_trans,-0.003654849857557565,-0.0028166848466452403,0.019883828855785268,NA,NA,NA
Pareiasuchus__time,-0.06989679420483298,-0.0012797268271172188,0.001877467270848227,NA,NA,NA
Parringtonia__lat_range_z_trans,0.29964691177554714,0.0009009027875766517,0.012098574955629429,0.3178464588325733,0.10960966069251299,0.5986311053857207
Parringtonia__Temperate_N,0.2558018697123469,-0.0001693111730482545,0.0181527122275663,NA,NA,NA
Parringtonia__Tropical,0.19970613215867689,-0.0002203376295430274,0.013967843239812611,NA,NA,NA
Parringtonia__Temperate_S,-0.5513137332325376,-0.007447216326171887,0.0010820294836040294,NA,NA,NA
Parringtonia__Antarctic,0.07379452058324579,5.7220351562996804e-05,0.004142502028187384,NA,NA,NA
Parringtonia__mat_z_trans,-0.1755742509673794,-0.004082834544252007,0.010435332911608463,NA,NA,NA
Parringtonia__map_z_trans,0.41932586421654333,-0.0007179448735628051,0.039394357297785024,NA,NA,NA
Parringtonia__wmm_z_trans,-0.09536243490832115,-0.004190527238348964,0.013837195249457045,NA,NA,NA
Parringtonia__cmm_z_trans,0.06341679251675604,-0.0013606041797972327,0.012391415645255881,NA,NA,NA
Parringtonia__wmmcmm_z_trans,-0.028620903720690944,-0.0024755295134623813,0.009746072826865744,NA,NA,NA
Parringtonia__wetmon_z_trans,-0.07877734940552379,-0.006312576305863875,0.027154850817892255,NA,NA,NA
Parringtonia__drymon_z_trans,0.04439992897153753,-0.0005219864480275939,0.004874032793111709,NA,NA,NA
Parringtonia__wetdry_z_trans,-0.2358507603493037,-0.0064950791185211226,0.02326548968262666,NA,NA,NA
Parringtonia__time,-0.07313526301927069,-0.001913646099943771,0.003597131036062556,NA,NA,NA
Parvosuchus__lat_range_z_trans,0.13388164737501831,0.0013614400572425657,0.016948315754255393,0.49378296592258264,0.2472407128661871,0.7914545089006424
Parvosuchus__Temperate_N,0.12063398508814364,-5.96109765951192e-05,0.0247066132742901,NA,NA,NA
Parvosuchus__Tropical,0.08075231940164176,-0.00038103582725092347,0.017269835430238564,NA,NA,NA
Parvosuchus__Temperate_S,-0.2652229215534831,-0.009621962021764116,0.0018621595009025765,NA,NA,NA
Parvosuchus__Antarctic,0.031464737835894874,6.761712263062714e-05,0.0044394265888796506,NA,NA,NA
Parvosuchus__mat_z_trans,-0.06636088814036266,-0.004801480274286816,0.015741057845790215,NA,NA,NA
Parvosuchus__map_z_trans,0.02700732913808806,-0.002540910651582866,0.016160945366774253,NA,NA,NA
Parvosuchus__wmm_z_trans,-0.023033192990922064,-0.00225385249971007,0.010588552559312304,NA,NA,NA
Parvosuchus__cmm_z_trans,0.06734788132369474,-0.0029193882471720365,0.020631467027903524,NA,NA,NA
Parvosuchus__wmmcmm_z_trans,0.07417031738693265,-0.0010146900909368329,0.017946062211755407,NA,NA,NA
Parvosuchus__wetmon_z_trans,-0.015031272828073787,-0.004602706544957295,0.023054373083160214,NA,NA,NA
Parvosuchus__drymon_z_trans,0.010704475860957607,-0.0008234126926950394,0.007018172685262092,NA,NA,NA
Parvosuchus__wetdry_z_trans,-0.037312990993284285,-0.005495027497772324,0.013729886297191525,NA,NA,NA
Parvosuchus__time,-0.02154410257261944,-0.001864450166553031,0.004042672569749258,NA,NA,NA
Pectodens__lat_range_z_trans,0.04996948604924844,0.0010077965680991847,0.011961574134459306,0.9899926899018464,0.22334983851760626,4.524195824749768
Pectodens__Temperate_N,0.047255941425540425,-0.00037444788429829163,0.0141139882825607,NA,NA,NA
Pectodens__Tropical,-0.06369751142763008,-0.005774134734579735,0.006734173614024201,NA,NA,NA
Pectodens__Temperate_S,0.05364426612687433,0.0004566339252958191,0.01737479897724336,NA,NA,NA
Pectodens__Antarctic,0.008091449160364111,-0.0005548743729766361,0.003147867485735655,NA,NA,NA
Pectodens__mat_z_trans,-0.011873253833482103,-0.004323341545199922,0.009131295072385456,NA,NA,NA
Pectodens__map_z_trans,0.0823495440898251,-0.0016303178554673136,0.02830596083113173,NA,NA,NA
Pectodens__wmm_z_trans,-0.020328742238681086,-0.005016966625217726,0.012170420506167895,NA,NA,NA
Pectodens__cmm_z_trans,0.01767483603617551,-0.0015953988456115027,0.015459510482714624,NA,NA,NA
Pectodens__wmmcmm_z_trans,-0.008335156015745868,-0.0027225762556912798,0.017102041851745724,NA,NA,NA
Pectodens__wetmon_z_trans,-0.002993168250859394,-0.006355161565443981,0.027638957557899555,NA,NA,NA
Pectodens__drymon_z_trans,0.007508735539766906,-0.00035370278673403513,0.003990662363965721,NA,NA,NA
Pectodens__wetdry_z_trans,-0.024984526721507475,-0.005843884348809121,0.02300212874681465,NA,NA,NA
Pectodens__time,-0.01682457560826251,-0.0018690939847687328,0.004006160288616509,NA,NA,NA
Pelecymala__lat_range_z_trans,0.11939656560155612,0.0007772688005026842,0.01248593361792544,0.42740576059717567,0.16612686216831207,0.7195357466116548
Pelecymala__Temperate_N,-0.12853902162341307,-0.005473388998839672,0.011688380022215963,NA,NA,NA
Pelecymala__Tropical,0.07874875165351042,-0.0005362599937075792,0.016398700395658033,NA,NA,NA
Pelecymala__Temperate_S,0.11210989595437647,-0.000386999199803053,0.0196801190417785,NA,NA,NA
Pelecymala__Antarctic,0.02313635758027776,-1.0340483175008691e-05,0.003252873451315077,NA,NA,NA
Pelecymala__mat_z_trans,0.04059594277869782,-0.0036312239028384635,0.02102153820613197,NA,NA,NA
Pelecymala__map_z_trans,-0.15429982576623905,-0.006072121960948826,0.005665969168041323,NA,NA,NA
Pelecymala__wmm_z_trans,0.00889159590145031,-0.001508162926700783,0.010297105281038553,NA,NA,NA
Pelecymala__cmm_z_trans,-0.0668881044537038,-0.004201778865725617,0.01243469396315463,NA,NA,NA
Pelecymala__wmmcmm_z_trans,-0.031666026480407825,-0.004624102897153386,0.01165228713286069,NA,NA,NA
Pelecymala__wetmon_z_trans,0.021096309968743922,-0.00429926356436627,0.026059411363349456,NA,NA,NA
Pelecymala__drymon_z_trans,0.0038993115026836832,-0.0009141835821171986,0.005403305698610687,NA,NA,NA
Pelecymala__wetdry_z_trans,0.045560263673329306,-0.003760654725879747,0.027535619374706454,NA,NA,NA
Pelecymala__time,0.04541530804076427,-0.00030825801065035766,0.010563603478678317,NA,NA,NA
Pendraig__lat_range_z_trans,0.14952341911512157,0.0010378621287812548,0.014997934442749869,0.3871982505741471,0.1850963830947876,0.5817474573850632
Pendraig__Temperate_N,-0.18898091537030207,-0.006447196947601463,0.011232372234923496,NA,NA,NA
Pendraig__Tropical,0.09199395686041759,-0.0008331543977088188,0.01905664078407311,NA,NA,NA
Pendraig__Temperate_S,0.1330495678744434,-0.0005135475371147764,0.022462033473465204,NA,NA,NA
Pendraig__Antarctic,0.031302118362275665,8.533594515435013e-05,0.0038363366866099105,NA,NA,NA
Pendraig__mat_z_trans,0.0320061083922848,-0.003294781104025323,0.01899916154221098,NA,NA,NA
Pendraig__map_z_trans,-0.18790377843796668,-0.007152454572549527,0.008447213511360387,NA,NA,NA
Pendraig__wmm_z_trans,0.004560201605019353,-0.0018498085465240746,0.009602605693499851,NA,NA,NA
Pendraig__cmm_z_trans,-0.047027597338638746,-0.002837325127087781,0.01017708630047135,NA,NA,NA
Pendraig__wmmcmm_z_trans,-0.009866916726189655,-0.002682603263974098,0.013352895013723963,NA,NA,NA
Pendraig__wetmon_z_trans,0.0202530314425385,-0.004110721736879067,0.021101774565834713,NA,NA,NA
Pendraig__drymon_z_trans,0.004482276746143316,-0.0009351205387358395,0.007084336562519184,NA,NA,NA
Pendraig__wetdry_z_trans,0.048119496496248935,-0.005052852318424541,0.025615268199918943,NA,NA,NA
Pendraig__time,0.0359463553102303,-0.0003631022947135684,0.008173881184104123,NA,NA,NA
Pentaedrusaurus__lat_range_z_trans,0.023229404614644317,0.0011460987264008853,0.010233755709075974,2.003755107118486,0.6977589875459671,3.1184290815144777
Pentaedrusaurus__Temperate_N,-0.02278943980246057,-0.005736907860901724,0.0103642970105482,NA,NA,NA
Pentaedrusaurus__Tropical,0.016537202004909567,-0.00015423742338139374,0.011118355276213396,NA,NA,NA
Pentaedrusaurus__Temperate_S,0.024151351489381623,0.00019107370102711867,0.014112232304310602,NA,NA,NA
Pentaedrusaurus__Antarctic,4.372654882651395e-05,-0.00038349225916460284,0.0016217589006980984,NA,NA,NA
Pentaedrusaurus__mat_z_trans,-0.0029251073401508863,-0.006531532950598745,0.013006890943478904,NA,NA,NA
Pentaedrusaurus__map_z_trans,0.043643653835752555,-0.0008206607503738477,0.030589653153353265,NA,NA,NA
Pentaedrusaurus__wmm_z_trans,0.004909804544230368,-0.00407299324193248,0.01726653001649752,NA,NA,NA
Pentaedrusaurus__cmm_z_trans,0.022330463705969302,-0.0011329249842222467,0.020908507792200045,NA,NA,NA
Pentaedrusaurus__wmmcmm_z_trans,0.010936354467453491,-0.002416004462258839,0.013998910807046497,NA,NA,NA
Pentaedrusaurus__wetmon_z_trans,0.007183627438423041,-0.006078851889222302,0.02385253538246571,NA,NA,NA
Pentaedrusaurus__drymon_z_trans,0.0028102111425558703,-0.0006694948409998848,0.004900191428893649,NA,NA,NA
Pentaedrusaurus__wetdry_z_trans,-0.0003083718281827297,-0.005346018267291225,0.019870620435345102,NA,NA,NA
Pentaedrusaurus__time,-0.012295556489726153,-0.0029435238084839855,0.0022953010353381122,NA,NA,NA
Permotriturus__lat_range_z_trans,0.22794828056901273,0.0008609106664175654,0.012155344509666273,0.3023511446900375,0.028967794496566057,0.8131142891943455
Permotriturus__Temperate_N,-0.1638819061654518,-0.0038489494376946075,0.0069997363863306405,NA,NA,NA
Permotriturus__Tropical,0.14383245938824116,-0.00020560637056824343,0.012088754474868402,NA,NA,NA
Permotriturus__Temperate_S,0.22196792222740208,-0.00029415691215338864,0.01708572457432366,NA,NA,NA
Permotriturus__Antarctic,0.04698301051385728,6.401067300567508e-07,0.003351482778723566,NA,NA,NA
Permotriturus__mat_z_trans,-0.06767606168185193,-0.0025700240089485287,0.007767678661667567,NA,NA,NA
Permotriturus__map_z_trans,0.12567298256009207,-0.00031700630443281787,0.01583030879965272,NA,NA,NA
Permotriturus__wmm_z_trans,-0.08081237837104026,-0.00635586520360931,0.02828831299397085,NA,NA,NA
Permotriturus__cmm_z_trans,-0.06684158244685715,-0.0034958917271268363,0.023298205853956915,NA,NA,NA
Permotriturus__wmmcmm_z_trans,-0.21430726187494692,-0.007561182964816819,0.016043976949836655,NA,NA,NA
Permotriturus__wetmon_z_trans,0.06741308023012847,-0.0008796511832325959,0.010953796764271452,NA,NA,NA
Permotriturus__drymon_z_trans,0.1533266957463894,-0.0027318557599430525,0.021295927580520863,NA,NA,NA
Permotriturus__wetdry_z_trans,-0.02496628347976424,-0.003372087669199696,0.012975115735465345,NA,NA,NA
Permotriturus__time,-0.2512016328835847,-0.004178743542825001,0.006005174132210197,NA,NA,NA
Peteinosaurus__lat_range_z_trans,0.2116772620706832,0.00079383089500305,0.010570263380814793,0.321428577931656,0.08452045544981956,0.5151074826717377
Peteinosaurus__Temperate_N,0.18710280830647938,-1.9019134754197295e-05,0.012907597516742867,NA,NA,NA
Peteinosaurus__Tropical,-0.19618524289946362,-0.00441563283710669,0.0034322770894680147,NA,NA,NA
Peteinosaurus__Temperate_S,0.2024541482637085,0.0002425777606506517,0.014325041679397103,NA,NA,NA
Peteinosaurus__Antarctic,0.045432871704033116,7.883065704559435e-05,0.002681969335206883,NA,NA,NA
Peteinosaurus__mat_z_trans,0.20498292763026968,-0.004363318306544029,0.032026408901203736,NA,NA,NA
Peteinosaurus__map_z_trans,-0.29894555127938566,-0.004146562984059977,0.007305612550852432,NA,NA,NA
Peteinosaurus__wmm_z_trans,0.05135564852802412,-0.0017895243008800876,0.015972431651600817,NA,NA,NA
Peteinosaurus__cmm_z_trans,-0.33264500317879503,-0.0068835564748659945,0.013873784614013295,NA,NA,NA
Peteinosaurus__wmmcmm_z_trans,-0.24976528989140376,-0.0059124341562802355,0.013776839342042943,NA,NA,NA
Peteinosaurus__wetmon_z_trans,-0.018644917318866288,-0.004134386096010065,0.02027014616724746,NA,NA,NA
Peteinosaurus__drymon_z_trans,0.01833235545342925,-0.0009302947901644506,0.005559145744426924,NA,NA,NA
Peteinosaurus__wetdry_z_trans,0.10070430282093853,-0.0033526836621654674,0.02893308199479256,NA,NA,NA
Peteinosaurus__time,0.19160100412197484,-0.0001172968812713793,0.012504940227655255,NA,NA,NA
Phaanthosaurus__lat_range_z_trans,-0.9223010939359665,-0.007680754031689131,-0.0203047269859602,0.18325776084908285,0.07855322491377592,0.3623163946904242
Phaanthosaurus__Temperate_N,-0.25778020745143293,-0.005808273473556151,0.004389859748429409,NA,NA,NA
Phaanthosaurus__Tropical,0.154135948587209,0.0002215806657934576,0.01096948796626867,NA,NA,NA
Phaanthosaurus__Temperate_S,0.23224794656969608,0.00045165220905895535,0.018592412437223392,NA,NA,NA
Phaanthosaurus__Antarctic,0.05454001079779118,4.6640364739884414e-05,0.003332836553696353,NA,NA,NA
Phaanthosaurus__mat_z_trans,-0.17935484188608825,-0.00702022140239196,0.020170481770855772,NA,NA,NA
Phaanthosaurus__map_z_trans,0.384932525921613,-0.0009461230961497345,0.03326817513206265,NA,NA,NA
Phaanthosaurus__wmm_z_trans,-0.014058670534286648,-0.0030010199680082644,0.017406250840172714,NA,NA,NA
Phaanthosaurus__cmm_z_trans,0.3351088961726055,-0.002095999745411379,0.028671777057502065,NA,NA,NA
Phaanthosaurus__wmmcmm_z_trans,0.22115784086287021,-0.0006752994252749156,0.01672100396059351,NA,NA,NA
Phaanthosaurus__wetmon_z_trans,0.05058705526520498,-0.0027961700004141376,0.027599347847731645,NA,NA,NA
Phaanthosaurus__drymon_z_trans,0.08662368113175034,-0.00022742913351852988,0.007031026991306936,NA,NA,NA
Phaanthosaurus__wetdry_z_trans,-0.07402040580287576,-0.004274700183131088,0.019883237261079646,NA,NA,NA
Phaanthosaurus__time,-0.06384604133898392,-0.0011433530914502796,0.006408369614502553,NA,NA,NA
Phonodus__lat_range_z_trans,0.016474755894086753,0.0012471026453847937,0.00947447096545052,2.8427388389094266,0.9726823270320892,3.9926954433321953
Phonodus__Temperate_N,0.016685291862160233,-4.2151984741669486e-06,0.013347336705307196,NA,NA,NA
Phonodus__Tropical,0.010612301275268339,-0.0006431233813636011,0.009126426981696087,NA,NA,NA
Phonodus__Temperate_S,-0.021474962119011058,-0.0072231011682161944,0.0009672171475772764,NA,NA,NA
Phonodus__Antarctic,-0.0018463017035169934,-0.0007480950756534375,0.0005074707972069166,NA,NA,NA
Phonodus__mat_z_trans,0.0026444168771650105,-0.00718169380036693,0.020639865760425657,NA,NA,NA
Phonodus__map_z_trans,0.03436726566603152,-0.0004003030138740295,0.027470220169881886,NA,NA,NA
Phonodus__wmm_z_trans,0.005300579550673745,-0.004446910299493789,0.016920213476949567,NA,NA,NA
Phonodus__cmm_z_trans,0.03163593775225315,-0.002446319439688829,0.02826108286138031,NA,NA,NA
Phonodus__wmmcmm_z_trans,0.019479694429349787,-0.0010326881769324352,0.020384930374245824,NA,NA,NA
Phonodus__wetmon_z_trans,0.007745027749900703,-0.0039430666148220685,0.02129568800375677,NA,NA,NA
Phonodus__drymon_z_trans,0.003998120177217764,-0.0007106298052934908,0.0056214603999468924,NA,NA,NA
Phonodus__wetdry_z_trans,0.002889534391426979,-0.004429797243762629,0.017257133911546096,NA,NA,NA
Phonodus__time,-0.011054337471379638,-0.0029866297388464686,0.0028660226400940964,NA,NA,NA
Pinheirochampsa__lat_range_z_trans,0.1442925864722825,0.0013894958380029963,0.016919255182801747,0.47554241210207693,0.2738285092636943,0.7069516805931926
Pinheirochampsa__Temperate_N,0.1315013821691754,-6.130496002243918e-05,0.024664249873062177,NA,NA,NA
Pinheirochampsa__Tropical,0.08879923874680104,-0.000391863839362892,0.017240223562381602,NA,NA,NA
Pinheirochampsa__Temperate_S,-0.30245834514869346,-0.00989539227126124,0.0018589665335293746,NA,NA,NA
Pinheirochampsa__Antarctic,0.034764249761498105,6.953861916837594e-05,0.0044318144889241165,NA,NA,NA
Pinheirochampsa__mat_z_trans,-0.07200563667537223,-0.0050611808431709595,0.01571406730921323,NA,NA,NA
Pinheirochampsa__map_z_trans,0.03659623552078552,-0.0015438160614806532,0.01613323486654525,NA,NA,NA
Pinheirochampsa__wmm_z_trans,-0.024891067833288417,-0.0023179009183102975,0.010570396809047661,NA,NA,NA
Pinheirochampsa__cmm_z_trans,0.07313712848071934,-0.0030023493994814766,0.020596091110293105,NA,NA,NA
Pinheirochampsa__wmmcmm_z_trans,0.08230416023297378,-0.001043524850843342,0.017915290845987968,NA,NA,NA
Pinheirochampsa__wetmon_z_trans,-0.021373343209586535,-0.004733503070250479,0.023014842709404112,NA,NA,NA
Pinheirochampsa__drymon_z_trans,0.011986233290825658,-0.0008468118640379984,0.007006138916730085,NA,NA,NA
Pinheirochampsa__wetdry_z_trans,-0.042193798850707134,-0.005651181381596735,0.01370634423274245,NA,NA,NA
Pinheirochampsa__time,-0.023001698625787242,-0.0018596753087561377,0.004368623754802224,NA,NA,NA
Pintosaurus__lat_range_z_trans,0.0321982258461413,0.0008398308307261616,0.00888257070695181,1.525506453519338,0.3958749966695905,3.04292381554842
Pintosaurus__Temperate_N,0.030955156636731294,4.3720291234364934e-05,0.011814673211198296,NA,NA,NA
Pintosaurus__Tropical,0.017136459376853333,-0.00033606285724127984,0.008223938090018456,NA,NA,NA
Pintosaurus__Temperate_S,-0.04720600798880305,-0.005541732678930398,0.001508214090217755,NA,NA,NA
Pintosaurus__Antarctic,0.00327547761363732,-0.00021505432076356952,0.0023481242632220557,NA,NA,NA
Pintosaurus__mat_z_trans,-0.023267839220004315,-0.006439806140107346,0.02207607792652861,NA,NA,NA
Pintosaurus__map_z_trans,0.029046818299178642,-0.000257819435735418,0.018309793801280175,NA,NA,NA
Pintosaurus__wmm_z_trans,0.0012580187972917776,-0.0018935334527992523,0.012767670468765207,NA,NA,NA
Pintosaurus__cmm_z_trans,0.056574702761876504,-0.003725857629479905,0.029969788449760466,NA,NA,NA
Pintosaurus__wmmcmm_z_trans,0.02440917723920969,-0.0054351689125554815,0.029703675734627125,NA,NA,NA
Pintosaurus__wetmon_z_trans,0.005479977333308307,-0.0019734324101608617,0.014940335929849483,NA,NA,NA
Pintosaurus__drymon_z_trans,0.018116674528895205,-0.0029860705508202453,0.016511461976699733,NA,NA,NA
Pintosaurus__wetdry_z_trans,-0.008141270673827798,-0.004487336569802302,0.013934918464489559,NA,NA,NA
Pintosaurus__time,-0.02237824621886189,-0.002541146474967742,0.0031482970818563715,NA,NA,NA
Pisanosaurus__lat_range_z_trans,0.061334572028280555,0.0014507623486947727,0.016513463723200564,0.7707543411350344,0.4275338576408103,1.1323013827204704
Pisanosaurus__Temperate_N,0.05692337730747588,-8.824773504336077e-05,0.02346530248156809,NA,NA,NA
Pisanosaurus__Tropical,0.04484823194787121,-0.00038238698413531065,0.01941858457272437,NA,NA,NA
Pisanosaurus__Temperate_S,-0.04260997749301635,-0.00678505420203023,0.00936526443644142,NA,NA,NA
Pisanosaurus__Antarctic,0.010017907278698801,-7.101981116553264e-05,0.0039268999306916,NA,NA,NA
Pisanosaurus__mat_z_trans,0.01606088362798424,-0.002833101289861574,0.013423192003827494,NA,NA,NA
Pisanosaurus__map_z_trans,-0.07204849345693472,-0.008509360177810683,0.010935763428984018,NA,NA,NA
Pisanosaurus__wmm_z_trans,-0.0007979508455349328,-0.002241794867462987,0.011117153251300894,NA,NA,NA
Pisanosaurus__cmm_z_trans,-0.009889275847144581,-0.002744638052665345,0.01485265505408988,NA,NA,NA
Pisanosaurus__wmmcmm_z_trans,-0.0029999478686741875,-0.003227228075882849,0.010366285385521045,NA,NA,NA
Pisanosaurus__wetmon_z_trans,0.015584580315893251,-0.0038741586851043,0.01989085991259942,NA,NA,NA
Pisanosaurus__drymon_z_trans,0.0032296741697551462,-0.0013771826918917798,0.007690879588205166,NA,NA,NA
Pisanosaurus__wetdry_z_trans,0.033559524438176794,-0.003183108510622744,0.027453170796459217,NA,NA,NA
Pisanosaurus__time,0.0042442187287951945,-0.001082951576421352,0.005720065629851903,NA,NA,NA
Planocephalosaurus__lat_range_z_trans,-0.8097311314940453,-0.015339335482249772,-0.01767520248988232,0.2005128126719501,0.07539871730841696,0.3481075279414654
Planocephalosaurus__Temperate_N,-0.11561376767698675,-0.00294411561464632,0.006378207490250141,NA,NA,NA
Planocephalosaurus__Tropical,-0.06292321295943111,-0.0024112749577070262,0.008195346248702802,NA,NA,NA
Planocephalosaurus__Temperate_S,0.13024623124860227,-0.000473218732588896,0.015307747414731251,NA,NA,NA
Planocephalosaurus__Antarctic,0.02562256528646685,-9.19577690016854e-05,0.0027769013222388845,NA,NA,NA
Planocephalosaurus__mat_z_trans,0.17356019084749277,-0.0017798122291171994,0.034636038113259285,NA,NA,NA
Planocephalosaurus__map_z_trans,-0.10043034014292061,-0.002768733153690098,0.006132548711486918,NA,NA,NA
Planocephalosaurus__wmm_z_trans,0.16768572221219075,-0.0016817701508308775,0.033873402680767016,NA,NA,NA
Planocephalosaurus__cmm_z_trans,-0.02024509188486263,-0.0018958450989708553,0.008805910696767236,NA,NA,NA
Planocephalosaurus__wmmcmm_z_trans,0.14190090101212263,-0.00013040810895588312,0.014022377198776656,NA,NA,NA
Planocephalosaurus__wetmon_z_trans,0.06798514328198507,-0.0027804866815539387,0.019971918662287737,NA,NA,NA
Planocephalosaurus__drymon_z_trans,0.028180536992731504,-0.0005578919638301414,0.0038033255554885096,NA,NA,NA
Planocephalosaurus__wetdry_z_trans,0.12328673359705135,-0.002151120064047135,0.02580426350517567,NA,NA,NA
Planocephalosaurus__time,0.3072736750729382,5.649969578655465e-05,0.032106755085415294,NA,NA,NA
Plateosauravus__lat_range_z_trans,0.024797947314166624,0.0007256289064565195,0.010956157792431226,1.6053029241552577,0.06247802823781967,4.53721490316093
Plateosauravus__Temperate_N,0.023843267209930467,-0.00028728418539177806,0.014615660639165794,NA,NA,NA
Plateosauravus__Tropical,0.016383391243223515,-0.0005034133637199953,0.011212109090671872,NA,NA,NA
Plateosauravus__Temperate_S,-0.010111606938491806,-0.003910597041608941,0.008483211251817592,NA,NA,NA
Plateosauravus__Antarctic,0.0019822695890444374,-0.00034282847831759044,0.0023736331190378876,NA,NA,NA
Plateosauravus__mat_z_trans,0.025884005244289732,-0.0047966514603441385,0.024941568694998296,NA,NA,NA
Plateosauravus__map_z_trans,-0.01856864025446601,-0.003082991632648596,0.005529673206552505,NA,NA,NA
Plateosauravus__wmm_z_trans,0.018765513343297777,-0.0025582222703491734,0.02173566538014837,NA,NA,NA
Plateosauravus__cmm_z_trans,-0.01868816669955564,-0.006563107755715827,0.010364088639715606,NA,NA,NA
Plateosauravus__wmmcmm_z_trans,0.0006355050436308129,-0.004647351399529877,0.017687997781402977,NA,NA,NA
Plateosauravus__wetmon_z_trans,0.005822024103093264,-0.003742991479360595,0.017774057426388077,NA,NA,NA
Plateosauravus__drymon_z_trans,0.001211493634030117,-0.0009779728215476872,0.0033808865740937496,NA,NA,NA
Plateosauravus__wetdry_z_trans,0.016249528800479966,-0.003385598638315531,0.023176829090487423,NA,NA,NA
Plateosauravus__time,0.02925079269895306,-0.0008760886910100656,0.021908001508553723,NA,NA,NA
Plateosaurus__lat_range_z_trans,-0.8995926856994629,-0.016388826738678954,-0.020707533797393107,0.11130350052997529,0.014339682413265109,0.21105100214481354
Plateosaurus__Temperate_N,-0.12443338641780428,-0.0034082341529683914,0.0040623332978769735,NA,NA,NA
Plateosaurus__Tropical,0.09585667442530393,-0.00014102775261180185,0.013163238800058414,NA,NA,NA
Plateosaurus__Temperate_S,-0.05394564899674151,-0.002212686693567256,0.00916771934821068,NA,NA,NA
Plateosaurus__Antarctic,0.030745920759509316,-3.912858969732471e-05,0.0038272047867060175,NA,NA,NA
Plateosaurus__mat_z_trans,0.17106253350153566,-0.0018591154114287747,0.03816405674383092,NA,NA,NA
Plateosaurus__map_z_trans,-0.08428869300172664,-0.0021785483044470203,0.005203820878992141,NA,NA,NA
Plateosaurus__wmm_z_trans,0.15662386416923255,-0.0019140875558489223,0.031481860900189576,NA,NA,NA
Plateosaurus__cmm_z_trans,-0.008371983188262676,-0.002146000189033765,0.007000929445859325,NA,NA,NA
Plateosaurus__wmmcmm_z_trans,0.14006313351448627,-0.00017694385889533099,0.01482659405363662,NA,NA,NA
Plateosaurus__wetmon_z_trans,0.07677271873457357,-0.002270296170270742,0.021757707608759513,NA,NA,NA
Plateosaurus__drymon_z_trans,0.03232561301323585,-0.00041104602494205345,0.004828851722133756,NA,NA,NA
Plateosaurus__wetdry_z_trans,0.12835565000365023,-0.002024290756312663,0.026560792978684338,NA,NA,NA
Plateosaurus__time,0.3014182290993631,0.00022076188729972706,0.03480196342791992,NA,NA,NA
Polesinesuchus__lat_range_z_trans,0.06139222303810185,0.0015595293656188343,0.016894990209953446,0.7631719615787733,0.4275338576408103,1.202910989522934
Polesinesuchus__Temperate_N,0.05718798169080318,-8.660423522148846e-05,0.024007444007201405,NA,NA,NA
Polesinesuchus__Tropical,0.04487904964615463,-0.00039008086263963107,0.019867230869705446,NA,NA,NA
Polesinesuchus__Temperate_S,-0.0435413303721458,-0.006658691351278859,0.009581639177552044,NA,NA,NA
Polesinesuchus__Antarctic,0.009907500302867798,2.5837067681475106e-05,0.004318667173143264,NA,NA,NA
Polesinesuchus__mat_z_trans,0.0157368643582825,-0.0027803384459999625,0.013733320961148212,NA,NA,NA
Polesinesuchus__map_z_trans,-0.07256591646877755,-0.008350884360503786,0.011188422923742775,NA,NA,NA
Polesinesuchus__wmm_z_trans,-0.00045981212866141397,-0.0022000443402280458,0.011374003570153331,NA,NA,NA
Polesinesuchus__cmm_z_trans,-0.010455053389245093,-0.003273290492511055,0.011506765565156016,NA,NA,NA
Polesinesuchus__wmmcmm_z_trans,-0.003059571412610997,-0.0031671251308582693,0.010605787679534566,NA,NA,NA
Polesinesuchus__wetmon_z_trans,0.016633934961532905,-0.0038977166412738425,0.019821700299122877,NA,NA,NA
Polesinesuchus__drymon_z_trans,0.0031900931844581816,-0.0013515344471215582,0.007868569400500867,NA,NA,NA
Polesinesuchus__wetdry_z_trans,0.033709767080838005,-0.0033157434317945653,0.02808744789178988,NA,NA,NA
Polesinesuchus__time,0.004901593840028096,-0.0010627830052725251,0.005283550466760963,NA,NA,NA
Polonosuchus__lat_range_z_trans,0.1653445841671492,0.0010056635637020145,0.01527377508076812,0.3659841757772665,0.17213270161300898,0.5488439514301717
Polonosuchus__Temperate_N,-0.21115356984916514,-0.00624717954187938,0.011438956997349734,NA,NA,NA
Polonosuchus__Tropical,0.10100539376709189,-0.001366318755754011,0.015810726973954362,NA,NA,NA
Polonosuchus__Temperate_S,0.1445405473145873,-0.0004976152727643169,0.025890627057685512,NA,NA,NA
Polonosuchus__Antarctic,0.03524428363018003,8.268848851492403e-05,0.00390689423994012,NA,NA,NA
Polonosuchus__mat_z_trans,0.018389353751726734,-0.0025280396426478067,0.01813095388708344,NA,NA,NA
Polonosuchus__map_z_trans,-0.20515227600141933,-0.006930557301569052,0.008602573889374068,NA,NA,NA
Polonosuchus__wmm_z_trans,0.0061031307955054254,-0.0017924202102338467,0.009350264592785366,NA,NA,NA
Polonosuchus__cmm_z_trans,-0.046244774286811875,-0.0031977103368341937,0.008003109680017204,NA,NA,NA
Polonosuchus__wmmcmm_z_trans,-0.019268381364940537,-0.002599378360220955,0.013598480237078294,NA,NA,NA
Polonosuchus__wetmon_z_trans,0.026878766431785377,-0.004483956881183782,0.021489876472919053,NA,NA,NA
Polonosuchus__drymon_z_trans,0.003738702945630399,-0.0012235312403636824,0.0072146310323877305,NA,NA,NA
Polonosuchus__wetdry_z_trans,0.054919268464528555,-0.004896092966966527,0.02608638186895421,NA,NA,NA
Polonosuchus__time,0.04311229456577832,-0.00027502185320265964,0.009342288185167866,NA,NA,NA
Polymorphodon__lat_range_z_trans,0.06881580263105108,0.0012947929346055172,0.016555082536459337,0.7564495436759898,0.2588963331654668,1.4244403466582298
Polymorphodon__Temperate_N,-0.12897745508661476,-0.00965027670553866,0.012720351007048637,NA,NA,NA
Polymorphodon__Tropical,0.03795271462867148,-0.0012683323418523273,0.013526101953131009,NA,NA,NA
Polymorphodon__Temperate_S,0.07057672004602815,0.00024400444355796922,0.023623784777212508,NA,NA,NA
Polymorphodon__Antarctic,0.014613918529457384,0.0001270906762987314,0.004073082848842603,NA,NA,NA
Polymorphodon__mat_z_trans,-0.024503440405615366,-0.005453118585247885,0.013235841894538974,NA,NA,NA
Polymorphodon__map_z_trans,0.017186614687775003,-0.0021118085445858453,0.016102730062426365,NA,NA,NA
Polymorphodon__wmm_z_trans,-0.0004699689202702557,-0.0019440873026296916,0.008004423420988109,NA,NA,NA
Polymorphodon__cmm_z_trans,0.03940321409479896,-0.0012138760895859786,0.0240463884734073,NA,NA,NA
Polymorphodon__wmmcmm_z_trans,0.03445515941811756,-0.0013563474370619783,0.01758610673668958,NA,NA,NA
Polymorphodon__wetmon_z_trans,-0.0028521453431248163,-0.005548408222281503,0.01742499877988063,NA,NA,NA
Polymorphodon__drymon_z_trans,0.0039030520612294444,-0.0012120194961155583,0.005234945072421094,NA,NA,NA
Polymorphodon__wetdry_z_trans,-0.00327180489671196,-0.005004358234304817,0.017470160458044337,NA,NA,NA
Polymorphodon__time,-0.009375057113165592,-0.0018527254066612489,0.004535542174374617,NA,NA,NA
Poposaurus__lat_range_z_trans,-1.119432249367237,-0.014982662680504837,-0.02529672754554094,0.19315810480999063,0.0589308300986886,0.3070937937591225
Poposaurus__Temperate_N,0.15963865241748862,-9.755506808227466e-05,0.016116716115790682,NA,NA,NA
Poposaurus__Tropical,-0.08517683656420559,-0.002925894602488311,0.007874004146874917,NA,NA,NA
Poposaurus__Temperate_S,0.13308580622542648,-0.0003941516965655225,0.016500180376533193,NA,NA,NA
Poposaurus__Antarctic,0.035668353110086176,3.0113665421723685e-05,0.002986465664393521,NA,NA,NA
Poposaurus__mat_z_trans,0.1787974940892309,-0.0020650439102103345,0.03314777120374086,NA,NA,NA
Poposaurus__map_z_trans,-0.13184856948442758,-0.004004688508828633,0.004029028562482073,NA,NA,NA
Poposaurus__wmm_z_trans,0.19390929158311337,-0.0022931452264369017,0.031027724569811958,NA,NA,NA
Poposaurus__cmm_z_trans,-0.03593297006329522,-0.0024265010000406916,0.007807839278757106,NA,NA,NA
Poposaurus__wmmcmm_z_trans,0.15567089528776706,8.965591696783442e-05,0.015954420525538318,NA,NA,NA
Poposaurus__wetmon_z_trans,0.06715852048480883,-0.00307484895900169,0.021829906995302583,NA,NA,NA
Poposaurus__drymon_z_trans,0.03661317349935416,-0.00020803367306379975,0.004173761845664853,NA,NA,NA
Poposaurus__wetdry_z_trans,0.11475827828820911,-0.002472204194236458,0.026707147830468552,NA,NA,NA
Poposaurus__time,0.3355038168746978,-0.00012451037433337637,0.03128130062564743,NA,NA,NA
Postosuchus__lat_range_z_trans,-1.0545048823952674,-0.012712191759221454,-0.021313102107860325,0.2408043957108748,0.12919051572680473,0.3713348885066807
Postosuchus__Temperate_N,0.17045751568395645,-1.899076459946566e-05,0.016218057366468988,NA,NA,NA
Postosuchus__Tropical,-0.11148493639659136,-0.0040207126205318066,0.0067435212861690595,NA,NA,NA
Postosuchus__Temperate_S,0.14084443762694718,-0.0004037280789289932,0.015273721135216292,NA,NA,NA
Postosuchus__Antarctic,0.04261669871746562,1.3225994682017214e-05,0.0028505965331740274,NA,NA,NA
Postosuchus__mat_z_trans,0.18123156020999887,-0.002316253393271513,0.030879304850318257,NA,NA,NA
Postosuchus__map_z_trans,-0.17597027063369752,-0.004159201773513502,0.006895073425003448,NA,NA,NA
Postosuchus__wmm_z_trans,0.20803343207808211,-0.002601439094182927,0.02965426208811269,NA,NA,NA
Postosuchus__cmm_z_trans,-0.05402289492310956,-0.0024449174810358145,0.00854276072450773,NA,NA,NA
Postosuchus__wmmcmm_z_trans,0.16167665107175708,1.1742356106121066e-05,0.014856751890783738,NA,NA,NA
Postosuchus__wetmon_z_trans,0.05010631346842274,-0.004265868367388637,0.020572554801963076,NA,NA,NA
Postosuchus__drymon_z_trans,0.037662231788272035,-0.00010697904199364914,0.003967891405643318,NA,NA,NA
Postosuchus__wetdry_z_trans,0.12230720728868619,-0.0022159318233392743,0.026747955293718883,NA,NA,NA
Postosuchus__time,0.35952667927835136,0.0002917755358156264,0.03225019150224592,NA,NA,NA
Powellvenator__lat_range_z_trans,0.24731606170535086,0.0007976734943264327,0.012152684777575898,0.12883346377260751,0.013806082308292389,0.3357659913599491
Powellvenator__Temperate_N,0.2124010100401938,-5.325256065384815e-05,0.01477343437456862,NA,NA,NA
Powellvenator__Tropical,0.1736916309222579,-0.000247574281608044,0.01310269920514942,NA,NA,NA
Powellvenator__Temperate_S,-0.2629292741883546,-0.0045278179729660835,0.003482756095674816,NA,NA,NA
Powellvenator__Antarctic,0.06195257939398289,8.89201253142314e-05,0.0033954038874367876,NA,NA,NA
Powellvenator__mat_z_trans,0.23333345808903685,-0.004027960625945322,0.029427412355070275,NA,NA,NA
Powellvenator__map_z_trans,-0.3457645835913718,-0.004793226055545585,0.0083658273235374,NA,NA,NA
Powellvenator__wmm_z_trans,0.06035007049329579,-0.0013630706993127267,0.013212783762513823,NA,NA,NA
Powellvenator__cmm_z_trans,-0.42450120543595404,-0.006657948584714279,0.011651800974645993,NA,NA,NA
Powellvenator__wmmcmm_z_trans,-0.3474428017344326,-0.0059225670432866495,0.016654860451107645,NA,NA,NA
Powellvenator__wetmon_z_trans,-0.008785603130236267,-0.0042774917185333505,0.023791120341137912,NA,NA,NA
Powellvenator__drymon_z_trans,0.027329148326243738,-0.0004969905439971941,0.005763135120987759,NA,NA,NA
Powellvenator__wetdry_z_trans,0.1346302359807305,-0.0035935371053687905,0.026320519723390088,NA,NA,NA
Powellvenator__time,0.18483999045565724,0.0001253732608879347,0.01204510180266864,NA,NA,NA
Pravusuchus__lat_range_z_trans,0.25658118337392805,0.0007203778715039685,0.011300159702185703,0.27408586464822293,0.11081874370574951,0.5347217470407486
Pravusuchus__Temperate_N,0.2316875819955021,5.7338449740357334e-05,0.014097832806464681,NA,NA,NA
Pravusuchus__Tropical,-0.2444000744866207,-0.004462070458746641,0.003236572548577875,NA,NA,NA
Pravusuchus__Temperate_S,0.24903252444928511,0.00018778973608793176,0.016141403913221414,NA,NA,NA
Pravusuchus__Antarctic,0.05636597848497331,7.556717209287342e-05,0.0028671642997287784,NA,NA,NA
Pravusuchus__mat_z_trans,0.22672391443513334,-0.003719829918505876,0.034082554298686944,NA,NA,NA
Pravusuchus__map_z_trans,-0.37901669044978914,-0.004745404164365111,0.006401784378145672,NA,NA,NA
Pravusuchus__wmm_z_trans,0.03314559754508082,-0.0017645783073028103,0.012998473247090643,NA,NA,NA
Pravusuchus__cmm_z_trans,-0.34991617722669616,-0.006041327687519201,0.012144370511937468,NA,NA,NA
Pravusuchus__wmmcmm_z_trans,-0.2929146074131131,-0.005731624863744797,0.015234632338621799,NA,NA,NA
Pravusuchus__wetmon_z_trans,-0.019586230367422103,-0.004819638781991891,0.02174860533008488,NA,NA,NA
Pravusuchus__drymon_z_trans,0.025978133081807755,-0.0005254726962040779,0.006632651764996145,NA,NA,NA
Pravusuchus__wetdry_z_trans,0.12626702598528936,-0.004346883999543697,0.026481342083248365,NA,NA,NA
Pravusuchus__time,0.17743466716492548,0.00016628733709569726,0.010771992972474727,NA,NA,NA
Preondactylus__lat_range_z_trans,0.06708645410623411,0.0007827206782273466,0.01039997795660773,0.6206512104130525,0.29570092586800456,1.0400638971477747
Preondactylus__Temperate_N,-0.054823036914076625,-0.0038471446906442218,0.006612225272277063,NA,NA,NA
Preondactylus__Tropical,0.05098904031518747,-0.00037299892756021677,0.012162655045047469,NA,NA,NA
Preondactylus__Temperate_S,0.06304906369585132,-2.6190996808055435e-05,0.01490312619007264,NA,NA,NA
Preondactylus__Antarctic,0.010228143114975968,-6.014681314882259e-05,0.0021187592771541573,NA,NA,NA
Preondactylus__mat_z_trans,0.07724857749853029,-0.005113667242242644,0.03083711192905224,NA,NA,NA
Preondactylus__map_z_trans,-0.07979716598930184,-0.004624621824870581,0.006191609863648223,NA,NA,NA
Preondactylus__wmm_z_trans,0.020019926957963948,-0.0016528173512311416,0.015960547804753318,NA,NA,NA
Preondactylus__cmm_z_trans,-0.08858692809052741,-0.006406358451445992,0.014926448062721583,NA,NA,NA
Preondactylus__wmmcmm_z_trans,-0.056681896910244035,-0.004808229884265145,0.01732280769075528,NA,NA,NA
Preondactylus__wetmon_z_trans,0.006337064061280336,-0.0043474943916184125,0.020265056412185286,NA,NA,NA
Preondactylus__drymon_z_trans,0.003393506687593824,-0.0011414458587548763,0.005812392620844377,NA,NA,NA
Preondactylus__wetdry_z_trans,0.03979897875765618,-0.0033361343434280244,0.024846660922796852,NA,NA,NA
Preondactylus__time,0.05919559704050274,5.059786387515e-06,0.011780161147548877,NA,NA,NA
Prestosuchus__lat_range_z_trans,-0.5118089652035046,-0.008793835512153167,-0.029401777742394143,0.019918177313738853,0.0020107000455027446,0.05912489537149668
Prestosuchus__Temperate_N,0.14334938069517264,-0.00015608729733736408,0.025012337405395366,NA,NA,NA
Prestosuchus__Tropical,0.10343106789203134,-0.00016766245850612785,0.020400722021508808,NA,NA,NA
Prestosuchus__Temperate_S,-0.05908979676830146,-0.0028857735355240287,0.006571476182737887,NA,NA,NA
Prestosuchus__Antarctic,0.03305765815509441,0.00014360531564326662,0.004822461160749779,NA,NA,NA
Prestosuchus__mat_z_trans,0.08104486456162428,-0.0019404502036460764,0.026923448466822694,NA,NA,NA
Prestosuchus__map_z_trans,-0.15481265870874467,-0.006174830411757092,0.00822646941269022,NA,NA,NA
Prestosuchus__wmm_z_trans,0.010900162190821627,-0.0024388108915367273,0.015186406196067748,NA,NA,NA
Prestosuchus__cmm_z_trans,-0.022940140565748567,-0.0027774883748029207,0.011067765215239873,NA,NA,NA
Prestosuchus__wmmcmm_z_trans,0.006088764732659475,-0.002945042555934923,0.013933951535525164,NA,NA,NA
Prestosuchus__wetmon_z_trans,0.06811526629650677,-0.002878906711982327,0.03566113939698189,NA,NA,NA
Prestosuchus__drymon_z_trans,0.01981466904500365,-0.0009342163099523938,0.00816458027348196,NA,NA,NA
Prestosuchus__wetdry_z_trans,0.11210700951641818,-0.0029738879185492355,0.03628756183769456,NA,NA,NA
Prestosuchus__time,0.053285393829340555,-2.608344536416003e-05,0.011282998832963288,NA,NA,NA
Procerosuchus__lat_range_z_trans,0.1376913386169936,0.0013900850671100763,0.01631015976703852,0.4852879407482396,0.2472407128661871,0.7573453294462524
Procerosuchus__Temperate_N,0.12592100768141343,0.00015297017066833766,0.023776333628014252,NA,NA,NA
Procerosuchus__Tropical,0.08462663818799442,-0.0003890529081157133,0.016619573242664575,NA,NA,NA
Procerosuchus__Temperate_S,-0.27277305362732557,-0.009383922688132835,0.008507746142521548,NA,NA,NA
Procerosuchus__Antarctic,0.032694291764007746,0.00017404061027053263,0.004670759913550904,NA,NA,NA
Procerosuchus__mat_z_trans,-0.061416930280562526,-0.004902504516304617,0.015148358815687712,NA,NA,NA
Procerosuchus__map_z_trans,0.024624818977264953,-0.0026756941509112286,0.015552436285728704,NA,NA,NA
Procerosuchus__wmm_z_trans,-0.02531318932092319,-0.0023012740712663455,0.010189861131228124,NA,NA,NA
Procerosuchus__cmm_z_trans,0.06192419540801252,-0.0029808128429171564,0.019539344136434943,NA,NA,NA
Procerosuchus__wmmcmm_z_trans,0.0750241140205001,-0.0010360394022875068,0.017270338015118188,NA,NA,NA
Procerosuchus__wetmon_z_trans,-0.02371891704006761,-0.004699548542293992,0.022186305339564144,NA,NA,NA
Procerosuchus__drymon_z_trans,0.01092179860268039,-0.000840737483883463,0.006916434714031006,NA,NA,NA
Procerosuchus__wetdry_z_trans,-0.03120065836435691,-0.005610644131834595,0.013212914034495761,NA,NA,NA
Procerosuchus__time,-0.021548130294005034,-0.0018463354215047694,0.004238975029386708,NA,NA,NA
Procolina__lat_range_z_trans,0.021110265589975592,0.0010709888996686318,0.010117912545720652,2.3353643135052518,1.327155977487564,3.6162006482481956
Procolina__Temperate_N,-0.029890694473073957,-0.007450867222496827,-0.0005251436305740741,NA,NA,NA
Procolina__Tropical,0.013775736484329155,0.00015415397505190318,0.010441628958581677,NA,NA,NA
Procolina__Temperate_S,0.019800665319356467,0.00020203125781509455,0.013380804733378705,NA,NA,NA
Procolina__Antarctic,-0.0002980264008555345,-0.000376482738657571,0.0013802457965377516,NA,NA,NA
Procolina__mat_z_trans,-0.0032819605698672046,-0.007558513382948393,0.01963389798172645,NA,NA,NA
Procolina__map_z_trans,0.03738128839350059,-0.0008715370917853599,0.03036719178920703,NA,NA,NA
Procolina__wmm_z_trans,0.004956188365140324,-0.005387115829762289,0.014657113597282207,NA,NA,NA
Procolina__cmm_z_trans,0.03303748559947035,-0.001197895149056025,0.02875469482887017,NA,NA,NA
Procolina__wmmcmm_z_trans,0.018813858546212852,-0.0018222371553379398,0.016968798838947474,NA,NA,NA
Procolina__wetmon_z_trans,0.00634077635895738,-0.0037384943225355575,0.021223356644361976,NA,NA,NA
Procolina__drymon_z_trans,0.0051747257131247925,-0.0006344182310302313,0.00658076412353811,NA,NA,NA
Procolina__wetdry_z_trans,0.004352023371449913,-0.004108073113044636,0.018195200656373416,NA,NA,NA
Procolina__time,-0.013815007966094422,-0.003231010207284074,0.002963073331513557,NA,NA,NA
Procolophon__lat_range_z_trans,-1.1570286804268939,-0.01830809285624329,-0.009255338470806262,0.27316144530930614,0.010224570520222187,0.7333213705569506
Procolophon__Temperate_N,0.12951751173333892,-0.00024102488294409864,0.011462127260967117,NA,NA,NA
Procolophon__Tropical,0.08674811397413035,-0.00013612038653132582,0.007373750405599255,NA,NA,NA
Procolophon__Temperate_S,-0.08642163984159908,-0.002143122267156544,0.0032866116842464443,NA,NA,NA
Procolophon__Antarctic,0.41728079864759654,-0.0023900677314754146,0.05103791690730392,NA,NA,NA
Procolophon__mat_z_trans,0.004889121311925572,-0.0020890136721668996,0.011143498298094308,NA,NA,NA
Procolophon__map_z_trans,0.3191235019902365,-0.0003283460514439763,0.030990718735897708,NA,NA,NA
Procolophon__wmm_z_trans,-0.004346916973710635,-0.001955432576029209,0.011564928667400495,NA,NA,NA
Procolophon__cmm_z_trans,0.17890016096346056,-0.00023243391604598678,0.01916888330757143,NA,NA,NA
Procolophon__wmmcmm_z_trans,0.09050094470540482,-0.0007461271077388474,0.013677884874811029,NA,NA,NA
Procolophon__wetmon_z_trans,0.0865048369800384,-0.0019040448343150156,0.02363311695582784,NA,NA,NA
Procolophon__drymon_z_trans,0.03609729034479165,-0.00019511162156323375,0.004317134979764522,NA,NA,NA
Procolophon__wetdry_z_trans,0.043762710402021066,-0.003425648964366778,0.013538773724015933,NA,NA,NA
Procolophon__time,-0.028070429479114384,-0.0008548834433826569,0.0021995328647713658,NA,NA,NA
Procolophonichnium__lat_range_z_trans,0.016474755894086753,0.0012471026453847937,0.00947447096545052,2.8427388389094266,0.9726823270320892,3.9926954433321953
Procolophonichnium__Temperate_N,0.016685291862160233,-4.2151984741669486e-06,0.013347336705307196,NA,NA,NA
Procolophonichnium__Tropical,0.010612301275268339,-0.0006431233813636011,0.009126426981696087,NA,NA,NA
Procolophonichnium__Temperate_S,-0.021474962119011058,-0.0072231011682161944,0.0009672171475772764,NA,NA,NA
Procolophonichnium__Antarctic,-0.0018463017035169934,-0.0007480950756534375,0.0005074707972069166,NA,NA,NA
Procolophonichnium__mat_z_trans,0.0026444168771650105,-0.00718169380036693,0.020639865760425657,NA,NA,NA
Procolophonichnium__map_z_trans,0.03436726566603152,-0.0004003030138740295,0.027470220169881886,NA,NA,NA
Procolophonichnium__wmm_z_trans,0.005300579550673745,-0.004446910299493789,0.016920213476949567,NA,NA,NA
Procolophonichnium__cmm_z_trans,0.03163593775225315,-0.002446319439688829,0.02826108286138031,NA,NA,NA
Procolophonichnium__wmmcmm_z_trans,0.019479694429349787,-0.0010326881769324352,0.020384930374245824,NA,NA,NA
Procolophonichnium__wetmon_z_trans,0.007745027749900703,-0.0039430666148220685,0.02129568800375677,NA,NA,NA
Procolophonichnium__drymon_z_trans,0.003998120177217764,-0.0007106298052934908,0.0056214603999468924,NA,NA,NA
Procolophonichnium__wetdry_z_trans,0.002889534391426979,-0.004429797243762629,0.017257133911546096,NA,NA,NA
Procolophonichnium__time,-0.011054337471379638,-0.0029866297388464686,0.0028660226400940964,NA,NA,NA
Procompsognathus__lat_range_z_trans,0.06708645410623411,0.0007827206782273466,0.01039997795660773,0.6206512104130525,0.29570092586800456,1.0400638971477747
Procompsognathus__Temperate_N,-0.054823036914076625,-0.0038471446906442218,0.006612225272277063,NA,NA,NA
Procompsognathus__Tropical,0.05098904031518747,-0.00037299892756021677,0.012162655045047469,NA,NA,NA
Procompsognathus__Temperate_S,0.06304906369585132,-2.6190996808055435e-05,0.01490312619007264,NA,NA,NA
Procompsognathus__Antarctic,0.010228143114975968,-6.014681314882259e-05,0.0021187592771541573,NA,NA,NA
Procompsognathus__mat_z_trans,0.07724857749853029,-0.005113667242242644,0.03083711192905224,NA,NA,NA
Procompsognathus__map_z_trans,-0.07979716598930184,-0.004624621824870581,0.006191609863648223,NA,NA,NA
Procompsognathus__wmm_z_trans,0.020019926957963948,-0.0016528173512311416,0.015960547804753318,NA,NA,NA
Procompsognathus__cmm_z_trans,-0.08858692809052741,-0.006406358451445992,0.014926448062721583,NA,NA,NA
Procompsognathus__wmmcmm_z_trans,-0.056681896910244035,-0.004808229884265145,0.01732280769075528,NA,NA,NA
Procompsognathus__wetmon_z_trans,0.006337064061280336,-0.0043474943916184125,0.020265056412185286,NA,NA,NA
Procompsognathus__drymon_z_trans,0.003393506687593824,-0.0011414458587548763,0.005812392620844377,NA,NA,NA
Procompsognathus__wetdry_z_trans,0.03979897875765618,-0.0033361343434280244,0.024846660922796852,NA,NA,NA
Procompsognathus__time,0.05919559704050274,5.059786387515e-06,0.011780161147548877,NA,NA,NA
Proganochelys__lat_range_z_trans,-0.8107212308049202,-0.014898606742376782,-0.018254513365724336,0.20133597400679717,0.08523240825161338,0.35049789398908615
Proganochelys__Temperate_N,-0.11829444679897279,-0.0036426072595850283,0.0034123624453006093,NA,NA,NA
Proganochelys__Tropical,-0.06320108535001054,-0.0024866201016174364,0.0076372391194492436,NA,NA,NA
Proganochelys__Temperate_S,0.12971304425038396,-0.0007537786352181642,0.015615546790327195,NA,NA,NA
Proganochelys__Antarctic,0.025487472327658908,-9.157183804733802e-05,0.0028470753457845656,NA,NA,NA
Proganochelys__mat_z_trans,0.1740104327397421,-0.0017373486594119214,0.03549090879521267,NA,NA,NA
Proganochelys__map_z_trans,-0.09862015923252329,-0.002553062284250834,0.006262244882956902,NA,NA,NA
Proganochelys__wmm_z_trans,0.16823458676226438,-0.001583706736476403,0.034776435386298925,NA,NA,NA
Proganochelys__cmm_z_trans,-0.020022116845939308,-0.001782105330725632,0.009141433548295457,NA,NA,NA
Proganochelys__wmmcmm_z_trans,0.1419203328230651,-0.00011512240545632434,0.014390797595894069,NA,NA,NA
Proganochelys__wetmon_z_trans,0.06953905687783844,-0.0025301491919284638,0.0204875966463461,NA,NA,NA
Proganochelys__drymon_z_trans,0.028112111173104495,-0.0005367282383243613,0.003937740399593071,NA,NA,NA
Proganochelys__wetdry_z_trans,0.12483762637828477,-0.0020117231666569326,0.026793901486687203,NA,NA,NA
Proganochelys__time,0.3068036921531893,-0.0002263397213276516,0.031600771119043414,NA,NA,NA
Prolacerta__lat_range_z_trans,-0.8800221076756833,-0.015939642594612866,-0.004518585455672709,0.31837684158388585,0.029096688143908978,0.8700670022517443
Prolacerta__Temperate_N,0.10103754940237568,-0.0002861703158945823,0.011162759211858797,NA,NA,NA
Prolacerta__Tropical,0.06797031427358671,-0.0004077916709464177,0.005975217761331374,NA,NA,NA
Prolacerta__Temperate_S,-0.06602720425688599,-0.0023875899383450703,0.00241381090546166,NA,NA,NA
Prolacerta__Antarctic,0.32415032951263306,-0.002582457546194948,0.04593890613988405,NA,NA,NA
Prolacerta__mat_z_trans,-0.003904633469279323,-0.003350590094049441,0.018441760194354333,NA,NA,NA
Prolacerta__map_z_trans,0.2549010070957851,-0.00018254090157612829,0.029262411056810923,NA,NA,NA
Prolacerta__wmm_z_trans,0.003880620235768087,-0.0020400963786309737,0.010159763740679917,NA,NA,NA
Prolacerta__cmm_z_trans,0.14979368851423955,-0.0007401995203367989,0.019099903856894807,NA,NA,NA
Prolacerta__wmmcmm_z_trans,0.079215741953841,-0.0007425373082208949,0.012566322621943042,NA,NA,NA
Prolacerta__wetmon_z_trans,0.05777833049032883,-0.0025569537536122887,0.017893105650021016,NA,NA,NA
Prolacerta__drymon_z_trans,0.029554634504709364,-0.0002323549621880372,0.003801424779510477,NA,NA,NA
Prolacerta__wetdry_z_trans,0.02282081882635897,-0.0025652850791073605,0.01995977655262965,NA,NA,NA
Prolacerta__time,-0.02369176507615129,-0.0009352602476874665,0.0019829631797577377,NA,NA,NA
Prolacertoides__lat_range_z_trans,0.021110265589975592,0.0010709888996686318,0.010117912545720652,2.3353643135052518,1.327155977487564,3.6162006482481956
Prolacertoides__Temperate_N,-0.029890694473073957,-0.007450867222496827,-0.0005251436305740741,NA,NA,NA
Prolacertoides__Tropical,0.013775736484329155,0.00015415397505190318,0.010441628958581677,NA,NA,NA
Prolacertoides__Temperate_S,0.019800665319356467,0.00020203125781509455,0.013380804733378705,NA,NA,NA
Prolacertoides__Antarctic,-0.0002980264008555345,-0.000376482738657571,0.0013802457965377516,NA,NA,NA
Prolacertoides__mat_z_trans,-0.0032819605698672046,-0.007558513382948393,0.01963389798172645,NA,NA,NA
Prolacertoides__map_z_trans,0.03738128839350059,-0.0008715370917853599,0.03036719178920703,NA,NA,NA
Prolacertoides__wmm_z_trans,0.004956188365140324,-0.005387115829762289,0.014657113597282207,NA,NA,NA
Prolacertoides__cmm_z_trans,0.03303748559947035,-0.001197895149056025,0.02875469482887017,NA,NA,NA
Prolacertoides__wmmcmm_z_trans,0.018813858546212852,-0.0018222371553379398,0.016968798838947474,NA,NA,NA
Prolacertoides__wetmon_z_trans,0.00634077635895738,-0.0037384943225355575,0.021223356644361976,NA,NA,NA
Prolacertoides__drymon_z_trans,0.0051747257131247925,-0.0006344182310302313,0.00658076412353811,NA,NA,NA
Prolacertoides__wetdry_z_trans,0.004352023371449913,-0.004108073113044636,0.018195200656373416,NA,NA,NA
Prolacertoides__time,-0.013815007966094422,-0.003231010207284074,0.002963073331513557,NA,NA,NA
Prosaurosphargis__lat_range_z_trans,0.01713384214080685,0.0014913080274418546,0.011410024264449096,3.013161021518172,1.0463879480957985,4.969516605138779
Prosaurosphargis__Temperate_N,0.01733730034727397,0.00012798157050924916,0.014271130287767463,NA,NA,NA
Prosaurosphargis__Tropical,-0.017454605204735147,-0.006793115330388385,0.0023092195446868012,NA,NA,NA
Prosaurosphargis__Temperate_S,0.016387654211460344,0.00023319832401483224,0.015012860821723522,NA,NA,NA
Prosaurosphargis__Antarctic,-0.0013478708279892962,-0.0006654473827112509,0.0013012295013346406,NA,NA,NA
Prosaurosphargis__mat_z_trans,-9.818476148271044e-06,-0.0063856233519900465,0.01971061543357805,NA,NA,NA
Prosaurosphargis__map_z_trans,0.030596272437533455,-0.0021903180985114673,0.026782560740191787,NA,NA,NA
Prosaurosphargis__wmm_z_trans,0.00041188255971535016,-0.004750462276033345,0.01397536096663409,NA,NA,NA
Prosaurosphargis__cmm_z_trans,0.032407730517227985,-0.0027155425910714193,0.027693781673356916,NA,NA,NA
Prosaurosphargis__wmmcmm_z_trans,0.01964467983498873,-0.0014058161665000868,0.01676618447577717,NA,NA,NA
Prosaurosphargis__wetmon_z_trans,0.007505113249218673,-0.0035254945420477037,0.020432769615243082,NA,NA,NA
Prosaurosphargis__drymon_z_trans,0.0030595849203481156,-0.0006838157818191722,0.006373466959799039,NA,NA,NA
Prosaurosphargis__wetdry_z_trans,0.002301213515546961,-0.004591934790671597,0.016915858334541293,NA,NA,NA
Prosaurosphargis__time,-0.010515654893621424,-0.003094387921624736,0.0011844775763821226,NA,NA,NA
Protanystropheus__lat_range_z_trans,-0.5351722931861878,-0.0068166929050035175,-0.015526138960122192,0.20437305653002114,0.03938587196171284,0.4741863552480936
Protanystropheus__Temperate_N,-0.09231981433287728,-0.002908121712124337,0.005017090481562609,NA,NA,NA
Protanystropheus__Tropical,-0.07692702181637287,-0.002858311018471509,0.0074508734296687305,NA,NA,NA
Protanystropheus__Temperate_S,0.18226368569768966,-0.00013074870832138112,0.019801682233215347,NA,NA,NA
Protanystropheus__Antarctic,0.029327851785346866,-0.00010102188755395883,0.003390697392826868,NA,NA,NA
Protanystropheus__mat_z_trans,-0.0036457571689970793,-0.004359701750019652,0.012073850321370028,NA,NA,NA
Protanystropheus__map_z_trans,0.24400973070412874,-0.0022780771821644206,0.03983842326142283,NA,NA,NA
Protanystropheus__wmm_z_trans,-0.023246911766473203,-0.00274762232138792,0.013625727781207008,NA,NA,NA
Protanystropheus__cmm_z_trans,0.14168611119035632,-0.0005511646650214715,0.021352323777709417,NA,NA,NA
Protanystropheus__wmmcmm_z_trans,0.09099552939180285,-0.0015011895269627245,0.01564193312288988,NA,NA,NA
Protanystropheus__wetmon_z_trans,0.06974742843769491,-0.00408865088319811,0.02735592755825233,NA,NA,NA
Protanystropheus__drymon_z_trans,0.03554453265678603,-0.0003430700784292162,0.006808380401977505,NA,NA,NA
Protanystropheus__wetdry_z_trans,-0.003361836113035679,-0.005459531225456647,0.03360611202847094,NA,NA,NA
Protanystropheus__time,-0.0030927174177486447,-0.0008055664472884045,0.0037026573650137833,NA,NA,NA
Protecovasaurus__lat_range_z_trans,0.06591749331222815,0.0008194401856069474,0.011411250621915734,0.6558760801333119,0.0873938724398613,2.907928499393165
Protecovasaurus__Temperate_N,0.061003108317962934,-0.00021262589969172713,0.012278582371877417,NA,NA,NA
Protecovasaurus__Tropical,-0.054432292644352336,-0.0038689273839370305,0.005662011384514737,NA,NA,NA
Protecovasaurus__Temperate_S,0.05828023344782833,0.0002430037392715338,0.014363006134479285,NA,NA,NA
Protecovasaurus__Antarctic,0.011215800711653475,-1.9080882670159047e-05,0.002526501065470095,NA,NA,NA
Protecovasaurus__mat_z_trans,0.06469677783534675,-0.004567831259079818,0.02783788851893798,NA,NA,NA
Protecovasaurus__map_z_trans,-0.08175385056961289,-0.004464371320290355,0.006264723685683652,NA,NA,NA
Protecovasaurus__wmm_z_trans,0.02569774303991913,-0.002903211135275721,0.01562752107838488,NA,NA,NA
Protecovasaurus__cmm_z_trans,-0.07981469244818376,-0.0056047913203321875,0.016256593678802625,NA,NA,NA
Protecovasaurus__wmmcmm_z_trans,-0.05679367968711378,-0.00610317156072959,0.01310546416294533,NA,NA,NA
Protecovasaurus__wetmon_z_trans,-0.000977549361971799,-0.004385116800089783,0.01928233810216825,NA,NA,NA
Protecovasaurus__drymon_z_trans,0.005537527300132004,-0.0007343635203225306,0.004926757362036752,NA,NA,NA
Protecovasaurus__wetdry_z_trans,0.03493200893106944,-0.003136210987976077,0.026377383777708735,NA,NA,NA
Protecovasaurus__time,0.06394869614672063,-1.2212165886778919e-05,0.01821951825053963,NA,NA,NA
Proterochampsa__lat_range_z_trans,0.061334572028280555,0.0014507623486947727,0.016513463723200564,0.7707543411350344,0.4275338576408103,1.1323013827204704
Proterochampsa__Temperate_N,0.05692337730747588,-8.824773504336077e-05,0.02346530248156809,NA,NA,NA
Proterochampsa__Tropical,0.04484823194787121,-0.00038238698413531065,0.01941858457272437,NA,NA,NA
Proterochampsa__Temperate_S,-0.04260997749301635,-0.00678505420203023,0.00936526443644142,NA,NA,NA
Proterochampsa__Antarctic,0.010017907278698801,-7.101981116553264e-05,0.0039268999306916,NA,NA,NA
Proterochampsa__mat_z_trans,0.01606088362798424,-0.002833101289861574,0.013423192003827494,NA,NA,NA
Proterochampsa__map_z_trans,-0.07204849345693472,-0.008509360177810683,0.010935763428984018,NA,NA,NA
Proterochampsa__wmm_z_trans,-0.0007979508455349328,-0.002241794867462987,0.011117153251300894,NA,NA,NA
Proterochampsa__cmm_z_trans,-0.009889275847144581,-0.002744638052665345,0.01485265505408988,NA,NA,NA
Proterochampsa__wmmcmm_z_trans,-0.0029999478686741875,-0.003227228075882849,0.010366285385521045,NA,NA,NA
Proterochampsa__wetmon_z_trans,0.015584580315893251,-0.0038741586851043,0.01989085991259942,NA,NA,NA
Proterochampsa__drymon_z_trans,0.0032296741697551462,-0.0013771826918917798,0.007690879588205166,NA,NA,NA
Proterochampsa__wetdry_z_trans,0.033559524438176794,-0.003183108510622744,0.027453170796459217,NA,NA,NA
Proterochampsa__time,0.0042442187287951945,-0.001082951576421352,0.005720065629851903,NA,NA,NA
Proterochersis__lat_range_z_trans,-0.6384191080927849,-0.00669823508144168,-0.016035175997797437,0.19936016962106806,0.0011703912168741226,0.3360609048977494
Proterochersis__Temperate_N,-0.22772656299639493,-0.005927650313438942,0.002350990524540899,NA,NA,NA
Proterochersis__Tropical,0.09369360785465687,-0.000855148361262603,0.011927772953469305,NA,NA,NA
Proterochersis__Temperate_S,0.1392888642568141,-0.00034972070422264757,0.01813733891329406,NA,NA,NA
Proterochersis__Antarctic,0.040235907724127176,-4.2076151029027365e-06,0.002931644738515941,NA,NA,NA
Proterochersis__mat_z_trans,0.16799895307980478,-0.002318508614734634,0.031398343353121784,NA,NA,NA
Proterochersis__map_z_trans,-0.19228407373186202,-0.004268412409656566,0.005352688521091519,NA,NA,NA
Proterochersis__wmm_z_trans,0.1381891858112067,-0.002310156537872742,0.03255225587107709,NA,NA,NA
Proterochersis__cmm_z_trans,-0.08517091272457038,-0.0035280272744714577,0.007012268299938987,NA,NA,NA
Proterochersis__wmmcmm_z_trans,0.10374196171062067,-0.0017079536122762376,0.015844283692629853,NA,NA,NA
Proterochersis__wetmon_z_trans,0.031908292644657194,-0.0039315918464379795,0.020482221094851875,NA,NA,NA
Proterochersis__drymon_z_trans,0.02623360101832077,-0.0005059612691321932,0.004270198477361211,NA,NA,NA
Proterochersis__wetdry_z_trans,0.11243218103656545,-0.0026315546505417528,0.02929385372557074,NA,NA,NA
Proterochersis__time,0.3292910350952297,8.765797918906336e-05,0.02862085602779926,NA,NA,NA
Proterosuchus__lat_range_z_trans,-0.7088510057330132,-0.01167837250863661,-0.016993575875885618,0.09337103771606053,0.003048773854970932,0.28874319791793823
Proterosuchus__Temperate_N,-0.12366295490413905,-0.003132518949594549,0.002875753994209142,NA,NA,NA
Proterosuchus__Tropical,0.09384026002138852,-0.00012815752467606746,0.012233026376402095,NA,NA,NA
Proterosuchus__Temperate_S,-0.11281014038017019,-0.0028155167152173906,0.00028947962529930364,NA,NA,NA
Proterosuchus__Antarctic,0.019616655731806532,-0.00017280125655362428,0.0027151019342773384,NA,NA,NA
Proterosuchus__mat_z_trans,0.00223728880751878,-0.003022920590809626,0.01918995538315473,NA,NA,NA
Proterosuchus__map_z_trans,0.32139192601665856,-0.0011382469432209823,0.04126593154947445,NA,NA,NA
Proterosuchus__wmm_z_trans,0.004937098498921841,-0.0025602988846874526,0.015602168336509544,NA,NA,NA
Proterosuchus__cmm_z_trans,0.2202304633706808,-0.0014812971542785245,0.03327954842587496,NA,NA,NA
Proterosuchus__wmmcmm_z_trans,0.13952762847882696,-0.0009510134059535157,0.021408973031253557,NA,NA,NA
Proterosuchus__wetmon_z_trans,0.06344550094217993,-0.0030695589738817747,0.026404211890354506,NA,NA,NA
Proterosuchus__drymon_z_trans,0.04450740293832496,-0.0004515201018746569,0.00758847983748364,NA,NA,NA
Proterosuchus__wetdry_z_trans,0.027488309177570044,-0.003180985214334341,0.025134833575293072,NA,NA,NA
Proterosuchus__time,-0.035910271774337164,-0.0011662620876841576,0.0031456521117643617,NA,NA,NA
Protoavis__lat_range_z_trans,0.04723841449736098,0.0008931290080391611,0.010055743221519696,0.873575468697527,0.08924926072359085,3.2402304969727993
Protoavis__Temperate_N,0.04249806632946378,-0.00030951108569537717,0.012774051159818611,NA,NA,NA
Protoavis__Tropical,-0.03743597096578841,-0.003649096670717851,0.007459186846097686,NA,NA,NA
Protoavis__Temperate_S,0.03872212478197671,-0.0006129068051917625,0.011912842819125143,NA,NA,NA
Protoavis__Antarctic,0.006918624778259793,-0.00014279479402266445,0.002300513441762499,NA,NA,NA
Protoavis__mat_z_trans,0.042940457473559644,-0.004130938288257701,0.027471299988938165,NA,NA,NA
Protoavis__map_z_trans,-0.05487464857520431,-0.004781317328246497,0.005648980486613404,NA,NA,NA
Protoavis__wmm_z_trans,0.017902962474163602,-0.0027000712068671003,0.02197513351019559,NA,NA,NA
Protoavis__cmm_z_trans,-0.047818018344054365,-0.006077466300416405,0.00985008495446779,NA,NA,NA
Protoavis__wmmcmm_z_trans,-0.020694448941455553,-0.004473853826905508,0.01846145275785194,NA,NA,NA
Protoavis__wetmon_z_trans,0.005679424308467857,-0.004114302691668015,0.01607407275310843,NA,NA,NA
Protoavis__drymon_z_trans,0.0031270521173838452,-0.0008323758717609392,0.003917586111012108,NA,NA,NA
Protoavis__wetdry_z_trans,0.021925225761148127,-0.0039052882877769817,0.02481793627051385,NA,NA,NA
Protoavis__time,0.05132805863634459,-0.00011267616191563407,0.021420655874440184,NA,NA,NA
Protocaptorhinus__lat_range_z_trans,-0.20407315388321876,-0.0013166412578429765,-0.0014937927955722692,0.10653945265861693,0.0038724434562027454,0.4265865124762058
Protocaptorhinus__Temperate_N,0.19778086088655983,-8.335236409695277e-05,0.008643942251683127,NA,NA,NA
Protocaptorhinus__Tropical,-0.182012689045514,-0.0022929149088526555,0.004429608254896144,NA,NA,NA
Protocaptorhinus__Temperate_S,0.2274618509563152,-8.922066651532713e-06,0.009986898142521272,NA,NA,NA
Protocaptorhinus__Antarctic,0.0633546028402634,-2.0783374636109292e-05,0.003514605744398074,NA,NA,NA
Protocaptorhinus__mat_z_trans,0.22177409423165956,-0.002483593262136198,0.0332541161343685,NA,NA,NA
Protocaptorhinus__map_z_trans,0.6412748813140206,-0.001832889654836345,0.03956068487312741,NA,NA,NA
Protocaptorhinus__wmm_z_trans,0.03851400129962713,-0.0015173770774825953,0.012641326092920274,NA,NA,NA
Protocaptorhinus__cmm_z_trans,-0.31858385533385447,-0.0051397205877609,0.011323884607332153,NA,NA,NA
Protocaptorhinus__wmmcmm_z_trans,-0.21222210156731308,-0.003790775479467388,0.009984691561266247,NA,NA,NA
Protocaptorhinus__wetmon_z_trans,0.003976305746473372,-0.005871733913511082,0.025390934860909493,NA,NA,NA
Protocaptorhinus__drymon_z_trans,-0.15315619084984064,-0.004215741076294499,0.021010488650134995,NA,NA,NA
Protocaptorhinus__wetdry_z_trans,-0.13826199502218514,-0.003362579156417433,0.01352423262819079,NA,NA,NA
Protocaptorhinus__time,-0.2627948816912249,-0.0030124461314166066,0.0023679191892888676,NA,NA,NA
Protome__lat_range_z_trans,0.1765129358434757,0.000834293408267201,0.011235412607339046,0.3482553718914278,0.08452045544981956,0.736959807574749
Protome__Temperate_N,0.15463613302575846,-1.998856287435307e-05,0.013052222314679835,NA,NA,NA
Protome__Tropical,-0.15899514177451599,-0.004892031165030664,0.0030614390772079375,NA,NA,NA
Protome__Temperate_S,0.1668723995708014,0.0002549422401886739,0.01448554840852575,NA,NA,NA
Protome__Antarctic,0.03712268628246121,6.029138770829841e-05,0.002712019797554683,NA,NA,NA
Protome__mat_z_trans,0.16231916557757067,-0.004650628046395448,0.029312638125536163,NA,NA,NA
Protome__map_z_trans,-0.25471024926432273,-0.004313174472758108,0.00738746920447076,NA,NA,NA
Protome__wmm_z_trans,0.026341042208291022,-0.001880738501809623,0.01356634291530878,NA,NA,NA
Protome__cmm_z_trans,-0.2543132391313039,-0.005706384108808249,0.017280877250221788,NA,NA,NA
Protome__wmmcmm_z_trans,-0.18056061646832658,-0.00609194072315674,0.014114800653324234,NA,NA,NA
Protome__wetmon_z_trans,-0.008742242794018846,-0.004345120716320208,0.01894933658825579,NA,NA,NA
Protome__drymon_z_trans,0.015617771053058258,-0.0010328538703143794,0.005237178888588331,NA,NA,NA
Protome__wetdry_z_trans,0.08900309387961212,-0.0031537036557510298,0.029399684479041177,NA,NA,NA
Protome__time,0.14635358632308548,-1.2433524348648747e-05,0.014344569885410823,NA,NA,NA
Protorosaurus__lat_range_z_trans,-0.37282837729901075,-0.0024778904317044803,-0.0035383869785514436,0.2209869250759948,0.09169558063149452,0.3771682046353817
Protorosaurus__Temperate_N,-0.4339633233472705,-0.0040450103961204124,0.002451753374312021,NA,NA,NA
Protorosaurus__Tropical,0.17488712962251157,-4.3526973238362876e-05,0.010397949598114601,NA,NA,NA
Protorosaurus__Temperate_S,0.2926773985568434,4.9633922048003e-05,0.014489184253377418,NA,NA,NA
Protorosaurus__Antarctic,0.08602794874459505,5.940508915274964e-05,0.0036826193680545615,NA,NA,NA
Protorosaurus__mat_z_trans,-0.4925420920550823,-0.007466762776856175,0.025409867605703122,NA,NA,NA
Protorosaurus__map_z_trans,0.15043584742816166,-0.0004966024852489806,0.01081592210640859,NA,NA,NA
Protorosaurus__wmm_z_trans,0.016401416712906212,-0.0009647399687931572,0.005258880829127546,NA,NA,NA
Protorosaurus__cmm_z_trans,0.39641756696626546,-0.004157496108932127,0.041739329927381816,NA,NA,NA
Protorosaurus__wmmcmm_z_trans,0.20964790727943183,-0.006200167493573231,0.03051010343711763,NA,NA,NA
Protorosaurus__wetmon_z_trans,0.05994615755684208,-0.0016969589949242163,0.011163171263896543,NA,NA,NA
Protorosaurus__drymon_z_trans,0.1825487760314718,-0.00290502306157664,0.02001807034015531,NA,NA,NA
Protorosaurus__wetdry_z_trans,-0.1399965059943497,-0.003298355183972695,0.01767924959906645,NA,NA,NA
Protorosaurus__time,-0.11625165967794601,-0.0013059754476635488,0.00406182547130092,NA,NA,NA
Protorothyris__lat_range_z_trans,-0.05930683071259409,-0.0008450373450673097,0.0014920572954863856,0.17431182222499048,0.017603722866624594,0.43307123420527205
Protorothyris__Temperate_N,0.1805582598259207,-2.5817534751584644e-05,0.007772197266703043,NA,NA,NA
Protorothyris__Tropical,-0.0912922011478804,-0.0014450162058706286,0.004297875723101407,NA,NA,NA
Protorothyris__Temperate_S,0.19473626648075879,0.00015877799278493084,0.009119339621235945,NA,NA,NA
Protorothyris__Antarctic,0.06236638379050419,-2.8814315221263357e-05,0.003284820579973697,NA,NA,NA
Protorothyris__mat_z_trans,0.010556651991792024,-0.0016785478213400332,0.00900104882755716,NA,NA,NA
Protorothyris__map_z_trans,-0.551566011676332,-0.00854558060630457,0.008268039250847476,NA,NA,NA
Protorothyris__wmm_z_trans,-0.025231544356793166,-0.0035713153664529156,0.018981820862818684,NA,NA,NA
Protorothyris__cmm_z_trans,0.021240468889591285,-0.0003839980028686759,0.005687720657817042,NA,NA,NA
Protorothyris__wmmcmm_z_trans,-0.1272829218674451,-0.004142425561977668,0.012894545606700473,NA,NA,NA
Protorothyris__wetmon_z_trans,0.03033575791865587,-0.006974502718463869,0.04044749074095023,NA,NA,NA
Protorothyris__drymon_z_trans,0.3244905606657267,-0.001541421057333173,0.033965598762199005,NA,NA,NA
Protorothyris__wetdry_z_trans,0.23884351924061775,-0.0033787754629496457,0.03360023063359733,NA,NA,NA
Protorothyris__time,-0.2152677862904966,-0.00254699630558687,0.005326754366477201,NA,NA,NA
Protosuchus__lat_range_z_trans,-0.7868451383709908,-0.014126203909315469,-0.016349262849644802,0.20928108342130144,0.06923074484802783,0.3297299378900789
Protosuchus__Temperate_N,-0.10281904358649627,-0.0027825925076608257,0.006171082708621076,NA,NA,NA
Protosuchus__Tropical,-0.05322504948300775,-0.0020613786170387543,0.008784377209912283,NA,NA,NA
Protosuchus__Temperate_S,0.12921292142011226,-0.0005059155843905471,0.016656290256397383,NA,NA,NA
Protosuchus__Antarctic,0.0284148850501515,-0.0001229881771929032,0.0028695538417067685,NA,NA,NA
Protosuchus__mat_z_trans,0.16967892423621378,-0.0018723621512232694,0.033561037603015376,NA,NA,NA
Protosuchus__map_z_trans,-0.11680114224320277,-0.0031871885715089093,0.005850966543500007,NA,NA,NA
Protosuchus__wmm_z_trans,0.16722347862370954,-0.0018167390277781643,0.0340173265070817,NA,NA,NA
Protosuchus__cmm_z_trans,-0.029617461291200017,-0.0028544050250706794,0.007426678119394305,NA,NA,NA
Protosuchus__wmmcmm_z_trans,0.14488743836060167,-0.00019050674176801074,0.01213323909664983,NA,NA,NA
Protosuchus__wetmon_z_trans,0.06131851394718978,-0.0028181890157872726,0.023429276588975163,NA,NA,NA
Protosuchus__drymon_z_trans,0.030350895075243897,-0.000499224192202851,0.0037715359721969062,NA,NA,NA
Protosuchus__wetdry_z_trans,0.11110591261589434,-0.0022254426536452198,0.02456470895868453,NA,NA,NA
Protosuchus__time,0.30944225903600453,0.0001136658631796,0.03125272963897457,NA,NA,NA
Provelosaurus__lat_range_z_trans,-0.239126590564847,-0.0018892360265299298,-0.002741849600540906,0.14377652255207068,0.020269792526960373,0.30778417363762856
Provelosaurus__Temperate_N,0.20225488325580954,-0.00010030143122981706,0.01206540153285088,NA,NA,NA
Provelosaurus__Tropical,0.11775932709453628,-0.0001241987276536048,0.01058369639622495,NA,NA,NA
Provelosaurus__Temperate_S,-0.16005483596294653,-0.0022718621861219637,0.0049683497423024005,NA,NA,NA
Provelosaurus__Antarctic,0.04381295311730355,-1.8908398393059386e-05,0.0030496959188373897,NA,NA,NA
Provelosaurus__mat_z_trans,-0.38996505745104515,-0.010784138358123896,0.027706950238929422,NA,NA,NA
Provelosaurus__map_z_trans,0.20858980098259053,-0.00022547733138598476,0.014794463306713388,NA,NA,NA
Provelosaurus__wmm_z_trans,-0.29508418311670537,-0.007774703084575859,0.021860813054115934,NA,NA,NA
Provelosaurus__cmm_z_trans,0.30719431418576276,-0.0030734506774388005,0.03861902535120212,NA,NA,NA
Provelosaurus__wmmcmm_z_trans,0.1121395522612147,-0.0026319775232466892,0.01872260890493128,NA,NA,NA
Provelosaurus__wetmon_z_trans,0.05814237247221172,-0.0009338222771064824,0.009435537823427731,NA,NA,NA
Provelosaurus__drymon_z_trans,0.13279393504257314,-0.0018472549788242168,0.014300421073732453,NA,NA,NA
Provelosaurus__wetdry_z_trans,-0.001760579766705632,-0.0017073613726113805,0.017506554360722314,NA,NA,NA
Provelosaurus__time,-0.11641699137631804,-0.0015667779381615928,0.0032678720920157256,NA,NA,NA
Pseudhesperosuchus__lat_range_z_trans,0.24985403463244438,0.0007778630564255126,0.010797039740785493,0.2822649583758903,0.013806082308292389,1.7070516385138035
Pseudhesperosuchus__Temperate_N,0.21654569527134299,9.5198189742506e-05,0.016278198327556084,NA,NA,NA
Pseudhesperosuchus__Tropical,0.1743874134030193,-7.167580610211568e-05,0.014716746137320573,NA,NA,NA
Pseudhesperosuchus__Temperate_S,-0.24365795198827983,-0.004658806717389155,0.004833603104856431,NA,NA,NA
Pseudhesperosuchus__Antarctic,0.05688884071307257,1.0951301334239081e-05,0.0034480178543246135,NA,NA,NA
Pseudhesperosuchus__mat_z_trans,0.23156475362251513,-0.0032658952711666304,0.029352758381959155,NA,NA,NA
Pseudhesperosuchus__map_z_trans,-0.3276108432980254,-0.0049318929954492155,0.0075451030155113015,NA,NA,NA
Pseudhesperosuchus__wmm_z_trans,0.08332167591666803,-0.0014025040247089525,0.01522489267686949,NA,NA,NA
Pseudhesperosuchus__cmm_z_trans,-0.3834117693407461,-0.006725959122941541,0.010508708256814162,NA,NA,NA
Pseudhesperosuchus__wmmcmm_z_trans,-0.30789102336857466,-0.006093905561176179,0.012853014794487652,NA,NA,NA
Pseudhesperosuchus__wetmon_z_trans,0.01205485848709941,-0.004401238581334844,0.024395605138602477,NA,NA,NA
Pseudhesperosuchus__drymon_z_trans,0.028512559283117297,-0.0007131077427259937,0.004645487984688261,NA,NA,NA
Pseudhesperosuchus__wetdry_z_trans,0.1370416297391057,-0.0036974973167289704,0.027883136618646217,NA,NA,NA
Pseudhesperosuchus__time,0.17719900330528618,0.00012900028081806202,0.011657228163043184,NA,NA,NA
Pseudochampsa__lat_range_z_trans,0.062056175319107565,0.0014130455469955937,0.01633850150000296,0.7597227409423795,0.4275338576408103,1.202910989522934
Pseudochampsa__Temperate_N,0.05783966939211274,-8.595347759587005e-05,0.02321668465317081,NA,NA,NA
Pseudochampsa__Tropical,0.045616711321004914,-0.00037244571838220214,0.01921284222907413,NA,NA,NA
Pseudochampsa__Temperate_S,-0.04407062231596414,-0.006608656914020658,0.00926603828291609,NA,NA,NA
Pseudochampsa__Antarctic,0.010145059233473645,-6.917344388363189e-05,0.003885293932479182,NA,NA,NA
Pseudochampsa__mat_z_trans,0.017633430762950895,-0.0022256405113736406,0.01751272257445711,NA,NA,NA
Pseudochampsa__map_z_trans,-0.07268516715720277,-0.008288134523104299,0.00796115939849565,NA,NA,NA
Pseudochampsa__wmm_z_trans,-0.0007306343327142105,-0.002183512866594678,0.010999365615643129,NA,NA,NA
Pseudochampsa__cmm_z_trans,-0.011542447530977317,-0.0032486944812026228,0.014695289307435546,NA,NA,NA
Pseudochampsa__wmmcmm_z_trans,-0.004393906784899181,-0.0042668481033918,0.009695309074288177,NA,NA,NA
Pseudochampsa__wetmon_z_trans,0.01566729124498917,-0.0033264514988820353,0.020352060020332196,NA,NA,NA
Pseudochampsa__drymon_z_trans,0.00356957010233094,-0.0013413788081334537,0.0076093937525469005,NA,NA,NA
Pseudochampsa__wetdry_z_trans,0.03398455830811836,-0.003290828422530687,0.027162301002157753,NA,NA,NA
Pseudochampsa__time,0.004367636769295688,-0.0010547970893032893,0.006232578852465446,NA,NA,NA
Puercosuchus__lat_range_z_trans,0.2544767357409,0.0007968974580699184,0.010734045723499237,0.24043668408165103,0.1211069654673338,0.46884894743561745
Puercosuchus__Temperate_N,0.22606532728939782,4.512219775136377e-06,0.014105089852695856,NA,NA,NA
Puercosuchus__Tropical,-0.2379932293575257,-0.004607366046647982,0.0037116974161073317,NA,NA,NA
Puercosuchus__Temperate_S,0.24484905317192898,0.00020773703532517412,0.015748723916378625,NA,NA,NA
Puercosuchus__Antarctic,0.05736940464004874,9.099876427010377e-05,0.0028721485327589434,NA,NA,NA
Puercosuchus__mat_z_trans,0.21659540611392003,-0.00450280565052568,0.026168414854443583,NA,NA,NA
Puercosuchus__map_z_trans,-0.3856098139099777,-0.0045861805711090555,0.007900359592553507,NA,NA,NA
Puercosuchus__wmm_z_trans,0.041592376959160904,-0.0014003998896413806,0.012647738786094476,NA,NA,NA
Puercosuchus__cmm_z_trans,-0.3706980802747421,-0.005860781334019048,0.016181293591317994,NA,NA,NA
Puercosuchus__wmmcmm_z_trans,-0.2877228170679882,-0.00606205080734867,0.01541073769547697,NA,NA,NA
Puercosuchus__wetmon_z_trans,-0.014606863377557601,-0.00497679159931126,0.021832037959096655,NA,NA,NA
Puercosuchus__drymon_z_trans,0.028593806894496084,-0.0006973326157646171,0.004882567825813974,NA,NA,NA
Puercosuchus__wetdry_z_trans,0.10876170916948467,-0.0035552707488445178,0.03070928633077719,NA,NA,NA
Puercosuchus__time,0.1808720493502915,0.00019936347436860409,0.011235398118450746,NA,NA,NA
Pumiliopareia__lat_range_z_trans,0.047290130757737324,0.000775996550458244,0.010284215568766212,1.1058966762150522,0.33652590215206146,1.8532996270805597
Pumiliopareia__Temperate_N,0.044880115275722256,0.0001561507521549203,0.013602850298483956,NA,NA,NA
Pumiliopareia__Tropical,0.022980852158814447,-0.0006293900991788163,0.0090874278323258,NA,NA,NA
Pumiliopareia__Temperate_S,-0.07280998845312693,-0.0043672395759092285,0.0023435852147000546,NA,NA,NA
Pumiliopareia__Antarctic,0.00829830922327944,-7.767156822484871e-05,0.002703518096850344,NA,NA,NA
Pumiliopareia__mat_z_trans,-0.051328152585966715,-0.007821486217026047,0.020939704001869525,NA,NA,NA
Pumiliopareia__map_z_trans,0.02359049249565163,-0.0003306889541036542,0.011395278526510988,NA,NA,NA
Pumiliopareia__wmm_z_trans,0.0004981936285560007,-0.0007832326394987407,0.0038047339414530442,NA,NA,NA
Pumiliopareia__cmm_z_trans,0.07346531869810759,-0.0034426607861907242,0.03763439050605678,NA,NA,NA
Pumiliopareia__wmmcmm_z_trans,0.03537688282906652,-0.006450736626674162,0.034199393170677654,NA,NA,NA
Pumiliopareia__wetmon_z_trans,0.006590154702908089,-0.001473130525658833,0.009656758202383492,NA,NA,NA
Pumiliopareia__drymon_z_trans,0.029747013436135922,-0.003314308258908513,0.021136056171340248,NA,NA,NA
Pumiliopareia__wetdry_z_trans,-0.017290882667804434,-0.004410068252064481,0.014539128047696062,NA,NA,NA
Pumiliopareia__time,-0.03383111516745485,-0.0027810041105783916,0.002812500616350941,NA,NA,NA
Qianosuchus__lat_range_z_trans,0.09579025919417392,0.0010591220501875202,0.012053047552824393,0.6030515329173067,0.22334983851760626,1.060823604464531
Qianosuchus__Temperate_N,0.08438452110461095,-4.814340747878633e-05,0.01562677097326071,NA,NA,NA
Qianosuchus__Tropical,-0.12990378933644753,-0.005817143439580252,0.007455964016248926,NA,NA,NA
Qianosuchus__Temperate_S,0.09879220885606665,0.00047988956745175697,0.017391544333868685,NA,NA,NA
Qianosuchus__Antarctic,0.021011062520653233,-3.180636388643358e-05,0.0032802207729767567,NA,NA,NA
Qianosuchus__mat_z_trans,-0.038785820265672045,-0.004452966185023741,0.00790559739982805,NA,NA,NA
Qianosuchus__map_z_trans,0.15327154909934834,-0.0017133473601687486,0.031339884817158985,NA,NA,NA
Qianosuchus__wmm_z_trans,-0.050338421041727914,-0.004891831213219857,0.013474885347124311,NA,NA,NA
Qianosuchus__cmm_z_trans,0.013234373628368084,-0.0016766499804795523,0.009389564603375066,NA,NA,NA
Qianosuchus__wmmcmm_z_trans,-0.0373929630430879,-0.0030329962584426146,0.010635820207751164,NA,NA,NA
Qianosuchus__wetmon_z_trans,-0.011172613736305327,-0.006000677702804016,0.03060138998631849,NA,NA,NA
Qianosuchus__drymon_z_trans,0.015271066575254651,-0.0004555192507060378,0.003808306840423336,NA,NA,NA
Qianosuchus__wetdry_z_trans,-0.06648356283575195,-0.006403116787922076,0.02793785505308401,NA,NA,NA
Qianosuchus__time,-0.030220546387856925,-0.0019642839793304347,0.0032386882912222004,NA,NA,NA
Raibliania__lat_range_z_trans,0.16156738217160663,0.0010710995845274482,0.015722828214641018,0.37131915682330147,0.1850963830947876,0.5391088966280222
Raibliania__Temperate_N,-0.20943633067581852,-0.006653667939547699,0.011775265438500283,NA,NA,NA
Raibliania__Tropical,0.09672816224221219,-0.0014552217107607333,0.016275566639257714,NA,NA,NA
Raibliania__Temperate_S,0.14169311471217771,-0.0005299938579362741,0.023547688850282546,NA,NA,NA
Raibliania__Antarctic,0.03420436971518819,8.806882230823374e-05,0.0039049897339826223,NA,NA,NA
Raibliania__mat_z_trans,0.013031265442527766,-0.002985219548209336,0.015172315057471936,NA,NA,NA
Raibliania__map_z_trans,-0.20224801485042765,-0.007381511386300825,0.0088554918971337,NA,NA,NA
Raibliania__wmm_z_trans,0.005475130837430653,-0.0019090485245510432,0.012361406311683469,NA,NA,NA
Raibliania__cmm_z_trans,-0.0400629225507186,-0.0026861379848602406,0.00909999007414397,NA,NA,NA
Raibliania__wmmcmm_z_trans,0.0015649359382336446,-0.0021803016352215875,0.013998279247740534,NA,NA,NA
Raibliania__wetmon_z_trans,0.027004786936423376,-0.004017845678068293,0.022121684675257755,NA,NA,NA
Raibliania__drymon_z_trans,0.002027308329054087,-0.0011113176849815662,0.007426743143355613,NA,NA,NA
Raibliania__wetdry_z_trans,0.04827652318270217,-0.004571600481273881,0.02685332857778776,NA,NA,NA
Raibliania__time,0.037631612901034645,-0.000626772286527479,0.00702396233422618,NA,NA,NA
Rauisuchus__lat_range_z_trans,0.06215647834385088,0.0014381139487341294,0.016488473432985512,0.7632779691147152,0.39868240617215633,1.1323013827204704
Rauisuchus__Temperate_N,0.05765135982951317,-8.74783515192753e-05,0.02342979177776738,NA,NA,NA
Rauisuchus__Tropical,0.04553016936518622,-0.0003790531620800037,0.0193891978812239,NA,NA,NA
Rauisuchus__Temperate_S,-0.04340550481841925,-0.006725899041724937,0.009351091717735618,NA,NA,NA
Rauisuchus__Antarctic,0.010231960706827211,2.6097847098205008e-05,0.0042147540818536855,NA,NA,NA
Rauisuchus__mat_z_trans,0.016538775557870762,-0.0028084010360430057,0.013402878308929148,NA,NA,NA
Rauisuchus__map_z_trans,-0.07316761866518783,-0.008435171740927859,0.010919214029875852,NA,NA,NA
Rauisuchus__wmm_z_trans,-0.000725113226442457,-0.002222249889514738,0.011100329349860709,NA,NA,NA
Rauisuchus__cmm_z_trans,-0.011267872821086313,-0.0030252376088306878,0.014830178112456835,NA,NA,NA
Rauisuchus__wmmcmm_z_trans,-0.0036513465086170757,-0.003199091647125439,0.0103505977935913,NA,NA,NA
Rauisuchus__wetmon_z_trans,0.016091383354168806,-0.0039370571842805326,0.019860758513512298,NA,NA,NA
Rauisuchus__drymon_z_trans,0.003319317555714077,-0.0013651757925387642,0.007679240763295996,NA,NA,NA
Rauisuchus__wetdry_z_trans,0.03379284535634686,-0.0031553567361183215,0.027411625139107935,NA,NA,NA
Rauisuchus__time,0.00436249030190121,-0.0010735099165320463,0.0057114092932689054,NA,NA,NA
Rautiania__lat_range_z_trans,0.0456045174827236,0.0005860616715566375,0.008939089978969918,1.0636351500448655,0.0824403464794159,2.1871283566579223
Rautiania__Temperate_N,-0.0674085777914766,-0.004132589684193957,0.0023844645679532155,NA,NA,NA
Rautiania__Tropical,0.023844251997776542,-0.0005761271880659858,0.007868805955865407,NA,NA,NA
Rautiania__Temperate_S,0.04498441560898874,-9.503983060001574e-05,0.011213471187958856,NA,NA,NA
Rautiania__Antarctic,0.007606905329552741,-0.00015356156277771264,0.0026314198597785017,NA,NA,NA
Rautiania__mat_z_trans,-0.05449287239560618,-0.007498797687492499,0.026436797273801077,NA,NA,NA
Rautiania__map_z_trans,0.02623509616143585,-0.0007848709530577099,0.008834466594847736,NA,NA,NA
Rautiania__wmm_z_trans,-0.015749340741903716,-0.004296703728123644,0.013396907174310291,NA,NA,NA
Rautiania__cmm_z_trans,0.07220253247562906,-0.0036367036424699087,0.03301612541435311,NA,NA,NA
Rautiania__wmmcmm_z_trans,0.04165750409726805,-0.004875365596597108,0.03271572569203857,NA,NA,NA
Rautiania__wetmon_z_trans,0.006629061561041656,-0.0016531328111499773,0.008857037066597696,NA,NA,NA
Rautiania__drymon_z_trans,0.026864369142284586,-0.003051079522760234,0.016952651125036237,NA,NA,NA
Rautiania__wetdry_z_trans,-0.0071351749116496145,-0.0026873661928602426,0.01603826452448513,NA,NA,NA
Rautiania__time,-0.03338536368443839,-0.0020941935828109174,0.004854313779469346,NA,NA,NA
Redondasuchus__lat_range_z_trans,0.06396213941253903,0.0007802814689006698,0.011018652202783915,0.6771537924619042,0.09898536838591099,2.248129468644038
Redondasuchus__Temperate_N,0.058030172645967514,-0.0001184193752136876,0.013862255449821689,NA,NA,NA
Redondasuchus__Tropical,-0.05772611956253836,-0.004575322333285715,0.005066937821902475,NA,NA,NA
Redondasuchus__Temperate_S,0.05607445814254936,-0.00013322448565208895,0.013864228813929168,NA,NA,NA
Redondasuchus__Antarctic,0.01117627132471345,-1.8169061536523705e-05,0.002604458747813062,NA,NA,NA
Redondasuchus__mat_z_trans,0.05817347665089565,-0.004349547590084625,0.027526007788637962,NA,NA,NA
Redondasuchus__map_z_trans,-0.07745138706904024,-0.0040757877735144495,0.006373807316926048,NA,NA,NA
Redondasuchus__wmm_z_trans,0.021318094424977733,-0.002764474929288255,0.015899633119087164,NA,NA,NA
Redondasuchus__cmm_z_trans,-0.07090418402080939,-0.005944144264291025,0.01653965935880515,NA,NA,NA
Redondasuchus__wmmcmm_z_trans,-0.04123623420796541,-0.005811518343869835,0.0133336612378264,NA,NA,NA
Redondasuchus__wetmon_z_trans,0.00018771035527224118,-0.004063818725504309,0.018465173564315193,NA,NA,NA
Redondasuchus__drymon_z_trans,0.00659572792191797,-0.0008104963901609505,0.0053803172329729134,NA,NA,NA
Redondasuchus__wetdry_z_trans,0.029332491580327996,-0.002949533697141123,0.028002352666443395,NA,NA,NA
Redondasuchus__time,0.05992470673281877,-0.00011529481076136203,0.01620239487420056,NA,NA,NA
Redondavenator__lat_range_z_trans,0.255468198210001,0.0009097304961617657,0.010295247324129527,0.2670633622004243,0.12223027646541595,0.46636800467967987
Redondavenator__Temperate_N,0.22833662537974306,-2.0671365202364412e-05,0.013330102364120506,NA,NA,NA
Redondavenator__Tropical,-0.24509174399543554,-0.005078567258427159,0.003060317424225764,NA,NA,NA
Redondavenator__Temperate_S,0.24874664302682503,0.0002636509780906171,0.015869199325021722,NA,NA,NA
Redondavenator__Antarctic,0.05609686000272632,9.326824341683193e-05,0.002775484965113195,NA,NA,NA
Redondavenator__mat_z_trans,0.2333398396715347,-0.003343339112862882,0.03285506890022446,NA,NA,NA
Redondavenator__map_z_trans,-0.38740250988863406,-0.004870192487513306,0.006657006921836527,NA,NA,NA
Redondavenator__wmm_z_trans,0.027969354565721007,-0.0014353254006866517,0.012723855498206356,NA,NA,NA
Redondavenator__cmm_z_trans,-0.3557076590321958,-0.0059013121973613535,0.015125262331597668,NA,NA,NA
Redondavenator__wmmcmm_z_trans,-0.28336953882593663,-0.005933008525412042,0.01440499482022836,NA,NA,NA
Redondavenator__wetmon_z_trans,-0.011262651314027608,-0.0054645558728834,0.022192646316096094,NA,NA,NA
Redondavenator__drymon_z_trans,0.02611239426943939,-0.0007137480687745496,0.005235260085969558,NA,NA,NA
Redondavenator__wetdry_z_trans,0.12087377405609004,-0.0036439380279025702,0.02983875056480819,NA,NA,NA
Redondavenator__time,0.1764248077105731,0.0001885382879537886,0.009776343353887156,NA,NA,NA
Retymaijychampsa__lat_range_z_trans,0.12998657291695803,0.0013210105066293028,0.01709779038841454,0.49981005936846484,0.21293264254927635,0.9970734706148505
Retymaijychampsa__Temperate_N,0.1190909979131743,-5.784075910920238e-05,0.024924511738894695,NA,NA,NA
Retymaijychampsa__Tropical,0.07759482109422905,-0.0008430758773634163,0.01519830110792785,NA,NA,NA
Retymaijychampsa__Temperate_S,-0.2571126570127028,-0.009336226635554237,0.0022861701759195182,NA,NA,NA
Retymaijychampsa__Antarctic,0.030101190112164295,4.089081217815496e-05,0.004414426833836736,NA,NA,NA
Retymaijychampsa__mat_z_trans,-0.06909497344738587,-0.004775185268056777,0.015879885142667003,NA,NA,NA
Retymaijychampsa__map_z_trans,0.021644381186461493,-0.0028919535728038066,0.016303475835960143,NA,NA,NA
Retymaijychampsa__wmm_z_trans,-0.016724920675032864,-0.0021031525317371375,0.010783192537859681,NA,NA,NA
Retymaijychampsa__cmm_z_trans,0.05987541156263399,-0.002832693607719558,0.020813424989442456,NA,NA,NA
Retymaijychampsa__wmmcmm_z_trans,0.08086377847805913,-0.0008691115337806663,0.018104336409769804,NA,NA,NA
Retymaijychampsa__wetmon_z_trans,-0.019910040176638607,-0.00446602380506918,0.023257699716457608,NA,NA,NA
Retymaijychampsa__drymon_z_trans,0.007858439424160273,-0.0010151362830800796,0.006810626823355289,NA,NA,NA
Retymaijychampsa__wetdry_z_trans,-0.02559425285366596,-0.0055850498085184,0.013850976189607777,NA,NA,NA
Retymaijychampsa__time,-0.021121424190788145,-0.0015359219474182708,0.004414722305351977,NA,NA,NA
Revueltosaurus__lat_range_z_trans,-0.9807430961728096,-0.011840657593942832,-0.013263656571527456,0.19421131491253618,0.0005470160394906998,0.32422731368569657
Revueltosaurus__Temperate_N,0.1689095228369115,-4.0245954817873955e-06,0.015293061424471165,NA,NA,NA
Revueltosaurus__Tropical,-0.10554192457173485,-0.003263491692952124,0.006352089220036849,NA,NA,NA
Revueltosaurus__Temperate_S,0.14140781856141985,-0.0003267935011946702,0.015535607072528912,NA,NA,NA
Revueltosaurus__Antarctic,0.03951829496771097,2.5530489659508898e-05,0.0028842354211592045,NA,NA,NA
Revueltosaurus__mat_z_trans,0.18162145982205402,-0.0023236353267142205,0.030532047785496553,NA,NA,NA
Revueltosaurus__map_z_trans,-0.17387849943246692,-0.0038183741784263247,0.004766398164140178,NA,NA,NA
Revueltosaurus__wmm_z_trans,0.18859049873426556,-0.0018316039315921693,0.030719965583543916,NA,NA,NA
Revueltosaurus__cmm_z_trans,-0.07683793725213035,-0.0034057713608898676,0.008225343836023337,NA,NA,NA
Revueltosaurus__wmmcmm_z_trans,0.11955055942758917,-0.0021926624546911738,0.015256052079029216,NA,NA,NA
Revueltosaurus__wetmon_z_trans,0.0535035447916016,-0.003612502414968643,0.02019071733366957,NA,NA,NA
Revueltosaurus__drymon_z_trans,0.03436533796251751,-0.00024846644385445143,0.0038483498986067546,NA,NA,NA
Revueltosaurus__wetdry_z_trans,0.12718850288190878,-0.0020141319461012964,0.024822213920489566,NA,NA,NA
Revueltosaurus__time,0.31786853841040286,-9.288536025322177e-05,0.028977115027797325,NA,NA,NA
Rhipaeosaurus__lat_range_z_trans,-0.2520822238177061,-0.001779244114596668,-0.0025341861591773045,0.12042692116883699,0.008441921207122505,0.25183447264134884
Rhipaeosaurus__Temperate_N,-0.1945195858250372,-0.002900558167325946,0.006730581156573847,NA,NA,NA
Rhipaeosaurus__Tropical,0.1259641104505863,5.0011065787938175e-06,0.007111996332958193,NA,NA,NA
Rhipaeosaurus__Temperate_S,0.2096352855116129,0.0001270615730188031,0.011946652526556105,NA,NA,NA
Rhipaeosaurus__Antarctic,0.05141254785936326,-9.652190772234598e-05,0.0027324977587109512,NA,NA,NA
Rhipaeosaurus__mat_z_trans,-0.5723137496598065,-0.010774415340862598,0.02806233652497849,NA,NA,NA
Rhipaeosaurus__map_z_trans,0.22929283604724332,-0.00015191962632185634,0.017086732337384888,NA,NA,NA
Rhipaeosaurus__wmm_z_trans,-0.33021920976229013,-0.0076500891476251045,0.021186341001783442,NA,NA,NA
Rhipaeosaurus__cmm_z_trans,0.45023225941549755,-0.0034760927982542,0.03769264440841021,NA,NA,NA
Rhipaeosaurus__wmmcmm_z_trans,0.2154184528904443,-0.001115538470363339,0.01805839569698998,NA,NA,NA
Rhipaeosaurus__wetmon_z_trans,0.06020588435698301,-0.0011254177262723345,0.01164183564939614,NA,NA,NA
Rhipaeosaurus__drymon_z_trans,0.11205497139599174,-0.0017826044944911868,0.017326015264653175,NA,NA,NA
Rhipaeosaurus__wetdry_z_trans,-0.03372802542988211,-0.0027638751981819846,0.01372803761083651,NA,NA,NA
Rhipaeosaurus__time,-0.12225196663290262,-0.0014652559989833088,0.0033696600854104556,NA,NA,NA
Rhombopholis__lat_range_z_trans,-0.034898998997255584,-0.0021064088660344626,0.0010908022503767925,0.5187361805425701,0.05095637962222099,1.548896925873123
Rhombopholis__Temperate_N,-0.06022037863070032,-0.0053373076577433645,0.010941387140009829,NA,NA,NA
Rhombopholis__Tropical,-0.02809507013728324,-0.002709465586105357,0.009581715168257348,NA,NA,NA
Rhombopholis__Temperate_S,0.08234909671924517,0.00024635904195385286,0.016970850156370832,NA,NA,NA
Rhombopholis__Antarctic,0.014444441004260336,-9.147055423542752e-05,0.0037312120295476185,NA,NA,NA
Rhombopholis__mat_z_trans,-0.009578248077694038,-0.003514254544144548,0.016077350001481593,NA,NA,NA
Rhombopholis__map_z_trans,0.04644692200717919,-0.003034093901003717,0.028495389143959778,NA,NA,NA
Rhombopholis__wmm_z_trans,-0.00419545323042206,-0.0021924530811852434,0.014210962412560597,NA,NA,NA
Rhombopholis__cmm_z_trans,0.055601074954613465,-0.002019189318515323,0.017811610094633258,NA,NA,NA
Rhombopholis__wmmcmm_z_trans,0.04702835221240796,-0.0010750781317505308,0.016804209264226676,NA,NA,NA
Rhombopholis__wetmon_z_trans,0.004426473048307201,-0.006484709887708424,0.02047481213543336,NA,NA,NA
Rhombopholis__drymon_z_trans,0.009119393014473164,-0.0006097137810797747,0.006118842031197664,NA,NA,NA
Rhombopholis__wetdry_z_trans,-0.0024266190430534433,-0.004834721027249135,0.02795708405745623,NA,NA,NA
Rhombopholis__time,-0.0025436605124514967,-0.0011869630166018198,0.0038733143099535096,NA,NA,NA
Rioarribasuchus__lat_range_z_trans,-0.4790189261878468,-0.009455821443678803,-0.012628004655775677,0.3769556456982536,0.0015976391732692719,0.6794162029400468
Rioarribasuchus__Temperate_N,0.1099099312169094,-0.0005162936005740892,0.015426581110993261,NA,NA,NA
Rioarribasuchus__Tropical,-0.09842465178920456,-0.004277618358044524,0.009765499357870232,NA,NA,NA
Rioarribasuchus__Temperate_S,0.09070733342820629,-0.00033182091201739653,0.01396686262668231,NA,NA,NA
Rioarribasuchus__Antarctic,0.026160810619548978,6.044356872988387e-05,0.0032251705742792243,NA,NA,NA
Rioarribasuchus__mat_z_trans,0.1080638423910958,-0.0037060869842989864,0.028152164654582534,NA,NA,NA
Rioarribasuchus__map_z_trans,-0.12589536312749483,-0.0033034899175603868,0.00829266253868357,NA,NA,NA
Rioarribasuchus__wmm_z_trans,0.12383657139768564,-0.0023363746226958307,0.02905416066938155,NA,NA,NA
Rioarribasuchus__cmm_z_trans,-0.05321424421905069,-0.0027902560968852477,0.008656556110576192,NA,NA,NA
Rioarribasuchus__wmmcmm_z_trans,0.08257230066817263,-0.002033822074417096,0.014215368759918957,NA,NA,NA
Rioarribasuchus__wetmon_z_trans,0.025949268528032594,-0.0034478855105532476,0.01843091762804708,NA,NA,NA
Rioarribasuchus__drymon_z_trans,0.018853475032226185,-0.0003185175058655356,0.0038399825249645593,NA,NA,NA
Rioarribasuchus__wetdry_z_trans,0.07447952397367454,-0.0022223124271430286,0.02541315780688751,NA,NA,NA
Rioarribasuchus__time,0.21347745239967114,-0.0002696144263989868,0.028328460488373782,NA,NA,NA
Riojasaurus__lat_range_z_trans,0.02743410673431251,0.000792964320471135,0.012068757516910968,1.438574854930339,0.04687227122485638,4.390097977593541
Riojasaurus__Temperate_N,0.02708130045704223,9.718039429596171e-05,0.014563759167151644,NA,NA,NA
Riojasaurus__Tropical,0.01854022819209142,-0.000716437813942441,0.0106026104342765,NA,NA,NA
Riojasaurus__Temperate_S,-0.011653656020583823,-0.0042512063327061755,0.008990453454512269,NA,NA,NA
Riojasaurus__Antarctic,0.0024782907608318526,-0.0003624718241197749,0.0021744445283253416,NA,NA,NA
Riojasaurus__mat_z_trans,0.028754181582154092,-0.004230784623733185,0.02483915371739991,NA,NA,NA
Riojasaurus__map_z_trans,-0.0227582723061861,-0.003259640524370058,0.006294909066063136,NA,NA,NA
Riojasaurus__wmm_z_trans,0.02241309526627058,-0.0027048029889111995,0.018370187516968395,NA,NA,NA
Riojasaurus__cmm_z_trans,-0.02465375659329398,-0.006993203040857548,0.008184392546349156,NA,NA,NA
Riojasaurus__wmmcmm_z_trans,-0.01054889629064643,-0.005211449894175012,0.017619929101163365,NA,NA,NA
Riojasaurus__wetmon_z_trans,0.006574946249344529,-0.0038715418039716146,0.019584931087913076,NA,NA,NA
Riojasaurus__drymon_z_trans,0.001211491308964683,-0.001034008593176329,0.003367875916246407,NA,NA,NA
Riojasaurus__wetdry_z_trans,0.019969519712262945,-0.00335531400819501,0.021618622339131113,NA,NA,NA
Riojasaurus__time,0.0326147452790618,0.00015124642198797894,0.025859513803053805,NA,NA,NA
Riojasuchus__lat_range_z_trans,0.10961049188795315,0.0007480299706679431,0.011221590529470396,0.4539998882621876,0.029831983149051666,3.079451794968918
Riojasuchus__Temperate_N,0.0972569407730304,9.631115431062819e-05,0.016388295115911347,NA,NA,NA
Riojasuchus__Tropical,0.07523245096225589,-0.0005274970482600124,0.011055510837325528,NA,NA,NA
Riojasuchus__Temperate_S,-0.10138653463142393,-0.004694872238283572,0.00448168798534321,NA,NA,NA
Riojasuchus__Antarctic,0.02298098893552062,-7.13814273594734e-05,0.0029381954922808374,NA,NA,NA
Riojasuchus__mat_z_trans,0.10602956537030193,-0.004192941937552235,0.03018379979251657,NA,NA,NA
Riojasuchus__map_z_trans,-0.13184083508383554,-0.004277510203152951,0.007822238878358296,NA,NA,NA
Riojasuchus__wmm_z_trans,0.048762439388624734,-0.001317393172465495,0.016967567574078173,NA,NA,NA
Riojasuchus__cmm_z_trans,-0.16380854550635843,-0.006804592489928032,0.0118127129483352,NA,NA,NA
Riojasuchus__wmmcmm_z_trans,-0.1172113271539412,-0.005291556303368468,0.017292454841840277,NA,NA,NA
Riojasuchus__wetmon_z_trans,0.005108691065024546,-0.0038369124019684347,0.022185069298950668,NA,NA,NA
Riojasuchus__drymon_z_trans,0.00989238738559715,-0.00048789865537839306,0.005716592856162054,NA,NA,NA
Riojasuchus__wetdry_z_trans,0.059227758938097196,-0.004300396061961389,0.022278370866108205,NA,NA,NA
Riojasuchus__time,0.09760285200077974,9.14050329661266e-06,0.01379545317878432,NA,NA,NA
Romeria__lat_range_z_trans,0.08922916583398507,0.00033675466136294323,0.007539208687956437,0.4531531325425021,0.02391982078552246,1.421466127038002
Romeria__Temperate_N,0.07204628818708309,-8.309579176760503e-05,0.0077416814977851875,NA,NA,NA
Romeria__Tropical,-0.04523657563188376,-0.0015541211349397821,0.004353155308420148,NA,NA,NA
Romeria__Temperate_S,0.07864128104830417,5.816342098935835e-05,0.008784827182777654,NA,NA,NA
Romeria__Antarctic,0.017767359258841754,-9.60968357459517e-05,0.0028294807511179197,NA,NA,NA
Romeria__mat_z_trans,0.004982130021642846,-0.0015736828978942514,0.009618604198639562,NA,NA,NA
Romeria__map_z_trans,-0.22300759905400613,-0.008293766095249408,0.011170509094335241,NA,NA,NA
Romeria__wmm_z_trans,-0.005387504434125578,-0.0038463770787664896,0.01893930045598489,NA,NA,NA
Romeria__cmm_z_trans,0.007812201105553851,-0.00044929637078196434,0.00481466105526653,NA,NA,NA
Romeria__wmmcmm_z_trans,-0.052329985875566074,-0.0028670233150661236,0.019027103479458345,NA,NA,NA
Romeria__wetmon_z_trans,0.023939108723480037,-0.007688627499664558,0.031025009609581742,NA,NA,NA
Romeria__drymon_z_trans,0.13937122394032705,-0.002722917964149083,0.03139793030550798,NA,NA,NA
Romeria__wetdry_z_trans,0.10694335247387333,-0.003529599853584398,0.03167912173923367,NA,NA,NA
Romeria__time,-0.09731312126588337,-0.0026397835561459623,0.005218946829399775,NA,NA,NA
Rothianiscus__lat_range_z_trans,0.0596099800495317,0.0005664698522580682,0.009925790797954994,0.630079262743493,0.09679130464792252,2.1645577270537615
Rothianiscus__Temperate_N,0.05608172758338816,-0.0002949572545372714,0.012468119578780848,NA,NA,NA
Rothianiscus__Tropical,-0.034784204288025034,-0.002873441767221511,0.009157910818443981,NA,NA,NA
Rothianiscus__Temperate_S,0.05743235453595314,-0.00023740544334791442,0.012298040282701286,NA,NA,NA
Rothianiscus__Antarctic,0.007078294152889875,-0.00017182807655581505,0.0035720055900021145,NA,NA,NA
Rothianiscus__mat_z_trans,-0.021197742809190494,-0.007651207409980392,0.02171674145348665,NA,NA,NA
Rothianiscus__map_z_trans,0.05002402122675123,-0.0004784954011199257,0.016436862426213478,NA,NA,NA
Rothianiscus__wmm_z_trans,-0.04313189820787535,-0.007915579567522507,0.018325965464345506,NA,NA,NA
Rothianiscus__cmm_z_trans,0.008948220296570261,-0.0033111635142979976,0.031665173233335814,NA,NA,NA
Rothianiscus__wmmcmm_z_trans,-0.025466343490616862,-0.004130766396969808,0.01889584390487066,NA,NA,NA
Rothianiscus__wetmon_z_trans,0.01240824116185064,-0.0013245892488641649,0.008438581109085703,NA,NA,NA
Rothianiscus__drymon_z_trans,0.04049817421102285,-0.002357036484306944,0.016435360396054515,NA,NA,NA
Rothianiscus__wetdry_z_trans,0.0059941866320470435,-0.001737992242846235,0.010268376647427526,NA,NA,NA
Rothianiscus__time,-0.05603768672267085,-0.003031477356090857,0.004534768492762025,NA,NA,NA
Ruehleia__lat_range_z_trans,0.07358403644139373,0.0008575157978705761,0.010336883702160071,0.5785624819545774,0.2785586314275861,1.0481235270854086
Ruehleia__Temperate_N,-0.062284900745969624,-0.003961094490074854,0.0047701019444262175,NA,NA,NA
Ruehleia__Tropical,0.055622752764391444,-0.00038404690116170095,0.011211046165362868,NA,NA,NA
Ruehleia__Temperate_S,0.06916213246186663,0.00015078661350829953,0.016131014352711272,NA,NA,NA
Ruehleia__Antarctic,0.011759177587206886,-7.5039021747112e-05,0.0021059052559722026,NA,NA,NA
Ruehleia__mat_z_trans,0.07204605570717001,-0.004112579392884379,0.031079193967927195,NA,NA,NA
Ruehleia__map_z_trans,-0.08984950826785697,-0.005058980852760418,0.00532877894451412,NA,NA,NA
Ruehleia__wmm_z_trans,0.01932034990797118,-0.0015769835254271255,0.015857170191054103,NA,NA,NA
Ruehleia__cmm_z_trans,-0.08371094440483062,-0.00659611041538909,0.014835892763854748,NA,NA,NA
Ruehleia__wmmcmm_z_trans,-0.06224713439722724,-0.0049506463710327995,0.01534340583928335,NA,NA,NA
Ruehleia__wetmon_z_trans,0.00685316991643523,-0.004957338740176978,0.01917056035846992,NA,NA,NA
Ruehleia__drymon_z_trans,0.003907350290369214,-0.0008975022851747745,0.006202986241159486,NA,NA,NA
Ruehleia__wetdry_z_trans,0.04520217481544326,-0.0034349483652223564,0.028036440876576803,NA,NA,NA
Ruehleia__time,0.05809261225526315,4.749763826943746e-05,0.013730159591992726,NA,NA,NA
Rugarhynchos__lat_range_z_trans,0.15808522787066673,0.0007828887780397408,0.01008961635359007,0.3708748917879711,0.08452045544981956,1.014829859137535
Rugarhynchos__Temperate_N,0.14131685299296978,9.246541960134993e-05,0.01419430662333546,NA,NA,NA
Rugarhynchos__Tropical,-0.1484272326930332,-0.004284939423995073,0.004395751684485394,NA,NA,NA
Rugarhynchos__Temperate_S,0.14548116664328598,-1.4583521790283321e-05,0.014561205447644962,NA,NA,NA
Rugarhynchos__Antarctic,0.03340143013772979,2.7273129963569598e-05,0.0025959282070783032,NA,NA,NA
Rugarhynchos__mat_z_trans,0.14288897054000566,-0.0043031745913536925,0.029746434225622717,NA,NA,NA
Rugarhynchos__map_z_trans,-0.21894391927677853,-0.0042652365225034775,0.006087005653525983,NA,NA,NA
Rugarhynchos__wmm_z_trans,0.03172981627309129,-0.0027737124173424325,0.012794999178523976,NA,NA,NA
Rugarhynchos__cmm_z_trans,-0.21842708767945812,-0.006788673949449496,0.012384731983636633,NA,NA,NA
Rugarhynchos__wmmcmm_z_trans,-0.15212628624250604,-0.004979117951981585,0.018008010866215313,NA,NA,NA
Rugarhynchos__wetmon_z_trans,-0.004301514181907932,-0.004077397968540111,0.020604321397514124,NA,NA,NA
Rugarhynchos__drymon_z_trans,0.012879562981464854,-0.0008132046624056162,0.004642469073933565,NA,NA,NA
Rugarhynchos__wetdry_z_trans,0.06062080089681021,-0.0036251632142758083,0.028865623041997055,NA,NA,NA
Rugarhynchos__time,0.13327953606928583,7.310658462964007e-05,0.015169136458361541,NA,NA,NA
Ruhuhuaria__lat_range_z_trans,0.304790870398283,0.0009124507051179623,0.012549052898284665,0.30742338987336554,0.13497912883758545,0.5986311053857207
Ruhuhuaria__Temperate_N,0.25518700226210056,-0.00033832041406889357,0.017935520111504927,NA,NA,NA
Ruhuhuaria__Tropical,0.19944108762545512,-1.526941969590203e-05,0.014687967915757768,NA,NA,NA
Ruhuhuaria__Temperate_S,-0.5593903416651301,-0.007430823818191005,0.0031173262853004635,NA,NA,NA
Ruhuhuaria__Antarctic,0.07612991224043071,0.00014009710385808259,0.004180209382571782,NA,NA,NA
Ruhuhuaria__mat_z_trans,-0.14834326528020028,-0.0035906122553117556,0.013092961449535296,NA,NA,NA
Ruhuhuaria__map_z_trans,0.46202318573370577,-0.0005562722097779271,0.03643013465152744,NA,NA,NA
Ruhuhuaria__wmm_z_trans,-0.09863859715987928,-0.0038912702658422775,0.013671637084985066,NA,NA,NA
Ruhuhuaria__cmm_z_trans,0.03473899026867002,-0.0016468713135459924,0.009621965099882763,NA,NA,NA
Ruhuhuaria__wmmcmm_z_trans,-0.040173144943546506,-0.002582649337043928,0.01162324267407021,NA,NA,NA
Ruhuhuaria__wetmon_z_trans,-0.08643679341301322,-0.006585730819494952,0.025434713539814073,NA,NA,NA
Ruhuhuaria__drymon_z_trans,0.04844113212253433,-0.0003824318230892984,0.005551268183195804,NA,NA,NA
Ruhuhuaria__wetdry_z_trans,-0.2589331947546452,-0.006985314047171856,0.02298712461673308,NA,NA,NA
Ruhuhuaria__time,-0.08079093327294685,-0.0019964523971455306,0.003256416302301737,NA,NA,NA
Rutiodon__lat_range_z_trans,-1.0473100435733795,-0.013669889356661222,-0.017904446403961466,0.16433963233204849,0.00014613289386034012,0.3027157634496689
Rutiodon__Temperate_N,0.16300281912088393,1.8980047625797594e-05,0.015984974232778167,NA,NA,NA
Rutiodon__Tropical,-0.08293864355422556,-0.0025833909295920054,0.0060656682921328186,NA,NA,NA
Rutiodon__Temperate_S,0.13732961476314812,-0.00039120960722593913,0.01660580802159513,NA,NA,NA
Rutiodon__Antarctic,0.032192683909088374,5.260209194467646e-06,0.002718645355285824,NA,NA,NA
Rutiodon__mat_z_trans,0.18009476252365858,-0.001986281153588832,0.032611333425036027,NA,NA,NA
Rutiodon__map_z_trans,-0.12817373641417362,-0.003347536195980644,0.003932664094028584,NA,NA,NA
Rutiodon__wmm_z_trans,0.17905130201252178,-0.0021217965579035628,0.027211647106753084,NA,NA,NA
Rutiodon__cmm_z_trans,-0.044497107388451695,-0.0030382253122554523,0.00845818542528272,NA,NA,NA
Rutiodon__wmmcmm_z_trans,0.11017148061655462,-0.0019302656578790158,0.02044436192500246,NA,NA,NA
Rutiodon__wetmon_z_trans,0.07046413239091635,-0.003162164735633172,0.019702287238373934,NA,NA,NA
Rutiodon__drymon_z_trans,0.033712411198721384,-0.0002840970490213281,0.0037567870244419013,NA,NA,NA
Rutiodon__wetdry_z_trans,0.10916997849941254,-0.002356614081677074,0.025366837105604223,NA,NA,NA
Rutiodon__time,0.3009745144005865,-0.00010223993080529296,0.029184787353111676,NA,NA,NA
Sacisaurus__lat_range_z_trans,0.245842996686697,0.000823501499966362,0.01192016280412179,0.1029784193940577,0.029831983149051666,0.2161215227097273
Sacisaurus__Temperate_N,0.21071095602586865,0.000174218474685349,0.016773211024091985,NA,NA,NA
Sacisaurus__Tropical,0.17295732491649687,-0.0002521498499635283,0.012583040935348606,NA,NA,NA
Sacisaurus__Temperate_S,-0.2719067640602589,-0.004611499284699812,0.002215123056941547,NA,NA,NA
Sacisaurus__Antarctic,0.06258529169484973,3.439345935246064e-05,0.002916603068528372,NA,NA,NA
Sacisaurus__mat_z_trans,0.22277207386563533,-0.002887079538216089,0.0349201539988958,NA,NA,NA
Sacisaurus__map_z_trans,-0.34757505827583374,-0.005011007316099644,0.008034035279445196,NA,NA,NA
Sacisaurus__wmm_z_trans,0.04413746419362724,-0.001388262424065208,0.012269478503667792,NA,NA,NA
Sacisaurus__cmm_z_trans,-0.39539941485505553,-0.006657660977561914,0.009959696429873474,NA,NA,NA
Sacisaurus__wmmcmm_z_trans,-0.3422595992591232,-0.0061748023059746944,0.01425012262442709,NA,NA,NA
Sacisaurus__wetmon_z_trans,-0.004119733807165175,-0.004356546601056057,0.025477612011362533,NA,NA,NA
Sacisaurus__drymon_z_trans,0.027643507450411563,-0.0007058665544591912,0.005385093136715155,NA,NA,NA
Sacisaurus__wetdry_z_trans,0.12873800576664507,-0.004106873484904901,0.027573319825688267,NA,NA,NA
Sacisaurus__time,0.16576696068048477,0.00017016459159359577,0.009861887496357467,NA,NA,NA
Saltoposuchus__lat_range_z_trans,-0.18754429266788064,-0.0019515800149302398,-0.0012754737465839746,0.1933766542642843,0.008727256208658218,0.5320147257298231
Saltoposuchus__Temperate_N,-0.2282896903180517,-0.004138674198234679,0.007384625054699116,NA,NA,NA
Saltoposuchus__Tropical,0.164778974596411,-0.0003537323620291256,0.01090261009210285,NA,NA,NA
Saltoposuchus__Temperate_S,0.20528136407025158,-0.0004373201555872359,0.014338438365661678,NA,NA,NA
Saltoposuchus__Antarctic,0.056180011588148775,1.0310530330040094e-05,0.002680839763815925,NA,NA,NA
Saltoposuchus__mat_z_trans,0.26807326269336046,-0.0038141516163833706,0.034203441774676116,NA,NA,NA
Saltoposuchus__map_z_trans,-0.26902612746693194,-0.003965120132787799,0.0059162974781198086,NA,NA,NA
Saltoposuchus__wmm_z_trans,0.07698807845823467,-0.002491956236817908,0.01811721193631871,NA,NA,NA
Saltoposuchus__cmm_z_trans,-0.30652283877134323,-0.005919047337771142,0.008710891013978464,NA,NA,NA
Saltoposuchus__wmmcmm_z_trans,-0.1683458095858805,-0.004640200503641217,0.016051591652305398,NA,NA,NA
Saltoposuchus__wetmon_z_trans,0.009971222488675267,-0.0036533614987103737,0.022444061286417533,NA,NA,NA
Saltoposuchus__drymon_z_trans,0.024073912446619942,-0.0008436302435209983,0.0050254831330724175,NA,NA,NA
Saltoposuchus__wetdry_z_trans,0.1295387653261423,-0.002690686210493015,0.026517693296536977,NA,NA,NA
Saltoposuchus__time,0.24153254551813005,-6.032033082621062e-05,0.02312182909434406,NA,NA,NA
Sanchuansaurus__lat_range_z_trans,0.03425422166832952,0.0007034120313127839,0.008562669748898966,1.4289357465616195,0.23172526061534882,2.514987150207162
Sanchuansaurus__Temperate_N,-0.0514686035789484,-0.00456443178974537,0.002284056058431935,NA,NA,NA
Sanchuansaurus__Tropical,0.017729593252292862,-0.0006363305948816705,0.00815821223030179,NA,NA,NA
Sanchuansaurus__Temperate_S,0.033788738291604226,0.00030687862971066925,0.012419169511571501,NA,NA,NA
Sanchuansaurus__Antarctic,0.004211782257340797,-0.00020290519688806604,0.0025168043453322204,NA,NA,NA
Sanchuansaurus__mat_z_trans,-0.032149381231797856,-0.00741058625328425,0.02349342267965425,NA,NA,NA
Sanchuansaurus__map_z_trans,0.02288087924878192,-0.000866887400577516,0.01601133011848683,NA,NA,NA
Sanchuansaurus__wmm_z_trans,0.0034337023131468035,-0.0017972722252318964,0.008331303295156495,NA,NA,NA
Sanchuansaurus__cmm_z_trans,0.05667352095581476,-0.0040167272785539285,0.03162583428250858,NA,NA,NA
Sanchuansaurus__wmmcmm_z_trans,0.029736951882958523,-0.006036570869285769,0.0316255862734966,NA,NA,NA
Sanchuansaurus__wetmon_z_trans,0.006626004472737666,-0.001788146664315926,0.01089986822675471,NA,NA,NA
Sanchuansaurus__drymon_z_trans,0.021448926305236905,-0.0030063348974992076,0.018198480260271144,NA,NA,NA
Sanchuansaurus__wetdry_z_trans,-0.005766183942428263,-0.0033205378394202145,0.015362901905197436,NA,NA,NA
Sanchuansaurus__time,-0.023942827563443205,-0.002313029962742915,0.0046499012594026215,NA,NA,NA
Sanjuansaurus__lat_range_z_trans,0.061334572028280555,0.0014507623486947727,0.016513463723200564,0.7707543411350344,0.4275338576408103,1.1323013827204704
Sanjuansaurus__Temperate_N,0.05692337730747588,-8.824773504336077e-05,0.02346530248156809,NA,NA,NA
Sanjuansaurus__Tropical,0.04484823194787121,-0.00038238698413531065,0.01941858457272437,NA,NA,NA
Sanjuansaurus__Temperate_S,-0.04260997749301635,-0.00678505420203023,0.00936526443644142,NA,NA,NA
Sanjuansaurus__Antarctic,0.010017907278698801,-7.101981116553264e-05,0.0039268999306916,NA,NA,NA
Sanjuansaurus__mat_z_trans,0.01606088362798424,-0.002833101289861574,0.013423192003827494,NA,NA,NA
Sanjuansaurus__map_z_trans,-0.07204849345693472,-0.008509360177810683,0.010935763428984018,NA,NA,NA
Sanjuansaurus__wmm_z_trans,-0.0007979508455349328,-0.002241794867462987,0.011117153251300894,NA,NA,NA
Sanjuansaurus__cmm_z_trans,-0.009889275847144581,-0.002744638052665345,0.01485265505408988,NA,NA,NA
Sanjuansaurus__wmmcmm_z_trans,-0.0029999478686741875,-0.003227228075882849,0.010366285385521045,NA,NA,NA
Sanjuansaurus__wetmon_z_trans,0.015584580315893251,-0.0038741586851043,0.01989085991259942,NA,NA,NA
Sanjuansaurus__drymon_z_trans,0.0032296741697551462,-0.0013771826918917798,0.007690879588205166,NA,NA,NA
Sanjuansaurus__wetdry_z_trans,0.033559524438176794,-0.003183108510622744,0.027453170796459217,NA,NA,NA
Sanjuansaurus__time,0.0042442187287951945,-0.001082951576421352,0.005720065629851903,NA,NA,NA
Santaisaurus__lat_range_z_trans,0.021110265589975592,0.0010709888996686318,0.010117912545720652,2.3353643135052518,1.327155977487564,3.6162006482481956
Santaisaurus__Temperate_N,-0.029890694473073957,-0.007450867222496827,-0.0005251436305740741,NA,NA,NA
Santaisaurus__Tropical,0.013775736484329155,0.00015415397505190318,0.010441628958581677,NA,NA,NA
Santaisaurus__Temperate_S,0.019800665319356467,0.00020203125781509455,0.013380804733378705,NA,NA,NA
Santaisaurus__Antarctic,-0.0002980264008555345,-0.000376482738657571,0.0013802457965377516,NA,NA,NA
Santaisaurus__mat_z_trans,-0.0032819605698672046,-0.007558513382948393,0.01963389798172645,NA,NA,NA
Santaisaurus__map_z_trans,0.03738128839350059,-0.0008715370917853599,0.03036719178920703,NA,NA,NA
Santaisaurus__wmm_z_trans,0.004956188365140324,-0.005387115829762289,0.014657113597282207,NA,NA,NA
Santaisaurus__cmm_z_trans,0.03303748559947035,-0.001197895149056025,0.02875469482887017,NA,NA,NA
Santaisaurus__wmmcmm_z_trans,0.018813858546212852,-0.0018222371553379398,0.016968798838947474,NA,NA,NA
Santaisaurus__wetmon_z_trans,0.00634077635895738,-0.0037384943225355575,0.021223356644361976,NA,NA,NA
Santaisaurus__drymon_z_trans,0.0051747257131247925,-0.0006344182310302313,0.00658076412353811,NA,NA,NA
Santaisaurus__wetdry_z_trans,0.004352023371449913,-0.004108073113044636,0.018195200656373416,NA,NA,NA
Santaisaurus__time,-0.013815007966094422,-0.003231010207284074,0.002963073331513557,NA,NA,NA
Sarcosaurus__lat_range_z_trans,0.042108822904445196,0.0009675152980737376,0.012074934705997275,1.0179732221550513,0.6345027852803469,1.3735392354428768
Sarcosaurus__Temperate_N,-0.06834320671755903,-0.008450502114493467,0.0009509460156890441,NA,NA,NA
Sarcosaurus__Tropical,0.016461024945747606,-0.0018362430661910945,0.012181726922362184,NA,NA,NA
Sarcosaurus__Temperate_S,0.02186902596480381,-0.0017245519494403613,0.013602269291772238,NA,NA,NA
Sarcosaurus__Antarctic,0.006808563411021152,1.686377406975153e-05,0.002673167974534159,NA,NA,NA
Sarcosaurus__mat_z_trans,0.025222579190662096,-0.0032794412634682907,0.02873615482568852,NA,NA,NA
Sarcosaurus__map_z_trans,-0.03109528463431809,-0.004010587210546555,0.008183043661411609,NA,NA,NA
Sarcosaurus__wmm_z_trans,0.012757424335200046,-0.004742333122940596,0.02756609589133684,NA,NA,NA
Sarcosaurus__cmm_z_trans,-0.011540130773377472,-0.002713897527958255,0.005797242357432057,NA,NA,NA
Sarcosaurus__wmmcmm_z_trans,0.019417093434592334,-0.0011536448324816564,0.012931025247203073,NA,NA,NA
Sarcosaurus__wetmon_z_trans,0.006458353507550143,-0.00294519611490416,0.01950197490870314,NA,NA,NA
Sarcosaurus__drymon_z_trans,0.003826992769488224,-0.00034040800719159947,0.003830409627874386,NA,NA,NA
Sarcosaurus__wetdry_z_trans,0.016555357394354864,-0.003199616415434938,0.01888160466370094,NA,NA,NA
Sarcosaurus__time,0.05695070859901543,-0.0015374277584957886,0.027228944101759623,NA,NA,NA
Sarmatosuchus__lat_range_z_trans,0.030497622437676824,0.0011827615130887781,0.011541094376455115,1.5320412529828173,0.46744139678776264,2.6651551639661193
Sarmatosuchus__Temperate_N,-0.027361388328566907,-0.0066635744157785394,0.009873650553766855,NA,NA,NA
Sarmatosuchus__Tropical,0.0237110315691424,5.334068091192419e-05,0.010548919452453499,NA,NA,NA
Sarmatosuchus__Temperate_S,0.033006741467662415,0.0005749427573698671,0.016243181163133093,NA,NA,NA
Sarmatosuchus__Antarctic,0.0022141567127895475,-0.00021970583174819332,0.0028535765060455245,NA,NA,NA
Sarmatosuchus__mat_z_trans,-0.004373937139445804,-0.0031460493909504553,0.013392817591996878,NA,NA,NA
Sarmatosuchus__map_z_trans,0.05959599593434043,-0.0008793611583396372,0.03485580129606211,NA,NA,NA
Sarmatosuchus__wmm_z_trans,0.0007030318405051146,-0.004571280267128227,0.014994536336638244,NA,NA,NA
Sarmatosuchus__cmm_z_trans,0.013918785852155283,-0.0010190707462783223,0.01362175444529655,NA,NA,NA
Sarmatosuchus__wmmcmm_z_trans,0.0006249107188467167,-0.0028904585259960282,0.010004876310288862,NA,NA,NA
Sarmatosuchus__wetmon_z_trans,0.000941961997114001,-0.006402945271544184,0.028278097279323035,NA,NA,NA
Sarmatosuchus__drymon_z_trans,0.002638616574908047,-0.0005103267169676591,0.0035543763687289126,NA,NA,NA
Sarmatosuchus__wetdry_z_trans,-0.005841215288106345,-0.007760040807785146,0.022389222121521682,NA,NA,NA
Sarmatosuchus__time,-0.01281899001739542,-0.002697702130257451,0.001987636393754733,NA,NA,NA
Saturnalia__lat_range_z_trans,0.003837719738142583,-0.0008013939076119506,0.004370540476559754,0.9386629496637943,0.008756130933761597,3.3476641848683357
Saturnalia__Temperate_N,0.03907697608289617,9.675708351858165e-05,0.014660366513241917,NA,NA,NA
Saturnalia__Tropical,0.02567746185826707,-0.0002829179336272832,0.010318451775217454,NA,NA,NA
Saturnalia__Temperate_S,-0.020637954699456885,-0.003661813689172184,0.009226326523002929,NA,NA,NA
Saturnalia__Antarctic,0.0055310638390437305,-0.00027765539351286256,0.002104272800635859,NA,NA,NA
Saturnalia__mat_z_trans,0.041856527936972525,-0.004038172806138843,0.028189671677149447,NA,NA,NA
Saturnalia__map_z_trans,-0.03836217733664048,-0.0042081914387288874,0.005632953962791717,NA,NA,NA
Saturnalia__wmm_z_trans,0.030233069113249092,-0.0018995569058683035,0.029784703588274623,NA,NA,NA
Saturnalia__cmm_z_trans,-0.03808875913977568,-0.0054335865544482545,0.011622091376801473,NA,NA,NA
Saturnalia__wmmcmm_z_trans,-0.02043647826317239,-0.006467617625116019,0.013053807916024568,NA,NA,NA
Saturnalia__wetmon_z_trans,0.010555890954739702,-0.003911991997563299,0.018780889219568164,NA,NA,NA
Saturnalia__drymon_z_trans,0.00427311190004705,-0.0006398481893938817,0.003145119959148362,NA,NA,NA
Saturnalia__wetdry_z_trans,0.029905816779023632,-0.0028330575968719416,0.023647806041414643,NA,NA,NA
Saturnalia__time,0.04403505556829018,-0.0005904233568681454,0.01960253836563419,NA,NA,NA
Saurodektes__lat_range_z_trans,-0.9701233559846878,-0.008253429438633926,-0.012859754334279444,0.23814642241282855,0.0576109531102702,0.4875104185193777
Saurodektes__Temperate_N,0.21396869664080442,-8.59597802755724e-05,0.013815726310859361,NA,NA,NA
Saurodektes__Tropical,0.14324687382788398,-0.0004435718396218856,0.009452932759894348,NA,NA,NA
Saurodektes__Temperate_S,-0.1936736807320267,-0.003862105071427085,0.006602487080360047,NA,NA,NA
Saurodektes__Antarctic,0.045402399450540545,3.131590105055451e-05,0.0030446450897473835,NA,NA,NA
Saurodektes__mat_z_trans,-0.12313756464514881,-0.005987373058868209,0.021504268429444792,NA,NA,NA
Saurodektes__map_z_trans,0.4105535217770375,-0.00017491876888716217,0.032582005644687315,NA,NA,NA
Saurodektes__wmm_z_trans,0.005859827469103038,-0.002877681774868305,0.014575153553347873,NA,NA,NA
Saurodektes__cmm_z_trans,0.34133391112613026,-0.0006217903120254184,0.034706936920367214,NA,NA,NA
Saurodektes__wmmcmm_z_trans,0.2092871757314424,-0.000819873842551789,0.018621218018177753,NA,NA,NA
Saurodektes__wetmon_z_trans,0.04847850916674361,-0.00397538423036923,0.023306402111370403,NA,NA,NA
Saurodektes__drymon_z_trans,0.07755838399287313,-0.00010660154737914154,0.006584647043908554,NA,NA,NA
Saurodektes__wetdry_z_trans,-0.0753218818741152,-0.00581634184662619,0.01894482398186525,NA,NA,NA
Saurodektes__time,-0.061182492056686896,-0.001955754700919914,0.003258047585714232,NA,NA,NA
Sauropareion__lat_range_z_trans,-0.8955465678870678,-0.008134111313926952,-0.011790222891307512,0.22701666631997797,0.008231346379034221,0.4612804725766182
Sauropareion__Temperate_N,0.21174972630105912,-8.594732155070316e-05,0.015349653264485272,NA,NA,NA
Sauropareion__Tropical,0.13999931170372293,-0.00044350754979364414,0.010346221745332928,NA,NA,NA
Sauropareion__Temperate_S,-0.19971050980035215,-0.0038615453107535844,0.007226412917472643,NA,NA,NA
Sauropareion__Antarctic,0.04390255886595696,2.818516505125265e-05,0.0030675196302426197,NA,NA,NA
Sauropareion__mat_z_trans,-0.12740164461079984,-0.005986505268915852,0.013133682489208265,NA,NA,NA
Sauropareion__map_z_trans,0.4046082906992524,-0.0003432909904840137,0.03566095981744736,NA,NA,NA
Sauropareion__wmm_z_trans,0.014331095861271024,-0.0024619569771807464,0.016310780557763707,NA,NA,NA
Sauropareion__cmm_z_trans,0.3045471889182227,-0.00092296308328715,0.03133975337695762,NA,NA,NA
Sauropareion__wmmcmm_z_trans,0.18738406614837003,-0.001459123979161089,0.015483755026396536,NA,NA,NA
Sauropareion__wetmon_z_trans,0.0445739341317676,-0.003974808051390911,0.025508824663725716,NA,NA,NA
Sauropareion__drymon_z_trans,0.07347070904099383,-0.00022136088747024433,0.007206887022413379,NA,NA,NA
Sauropareion__wetdry_z_trans,-0.08345722639991436,-0.005338443537935884,0.02073508347317068,NA,NA,NA
Sauropareion__time,-0.055772622038202824,-0.0017440912046037525,0.004560229102155861,NA,NA,NA
Saurorictus__lat_range_z_trans,0.047290130757737324,0.000775996550458244,0.010284215568766212,1.1058966762150522,0.33652590215206146,1.8532996270805597
Saurorictus__Temperate_N,0.044880115275722256,0.0001561507521549203,0.013602850298483956,NA,NA,NA
Saurorictus__Tropical,0.022980852158814447,-0.0006293900991788163,0.0090874278323258,NA,NA,NA
Saurorictus__Temperate_S,-0.07280998845312693,-0.0043672395759092285,0.0023435852147000546,NA,NA,NA
Saurorictus__Antarctic,0.00829830922327944,-7.767156822484871e-05,0.002703518096850344,NA,NA,NA
Saurorictus__mat_z_trans,-0.051328152585966715,-0.007821486217026047,0.020939704001869525,NA,NA,NA
Saurorictus__map_z_trans,0.02359049249565163,-0.0003306889541036542,0.011395278526510988,NA,NA,NA
Saurorictus__wmm_z_trans,0.0004981936285560007,-0.0007832326394987407,0.0038047339414530442,NA,NA,NA
Saurorictus__cmm_z_trans,0.07346531869810759,-0.0034426607861907242,0.03763439050605678,NA,NA,NA
Saurorictus__wmmcmm_z_trans,0.03537688282906652,-0.006450736626674162,0.034199393170677654,NA,NA,NA
Saurorictus__wetmon_z_trans,0.006590154702908089,-0.001473130525658833,0.009656758202383492,NA,NA,NA
Saurorictus__drymon_z_trans,0.029747013436135922,-0.003314308258908513,0.021136056171340248,NA,NA,NA
Saurorictus__wetdry_z_trans,-0.017290882667804434,-0.004410068252064481,0.014539128047696062,NA,NA,NA
Saurorictus__time,-0.03383111516745485,-0.0027810041105783916,0.002812500616350941,NA,NA,NA
Saurosternon__lat_range_z_trans,0.04466115591258737,0.0007712895007110155,0.01025401526623348,1.157714976737916,0.3958749966695905,2.026292869821191
Saurosternon__Temperate_N,0.04267550722591725,0.0001552035709361039,0.013562904598048686,NA,NA,NA
Saurosternon__Tropical,0.022101964047311032,-0.0006255723367087403,0.0090607419788501,NA,NA,NA
Saurosternon__Temperate_S,-0.06850572617321331,-0.004340748718533985,0.0023367031163988353,NA,NA,NA
Saurosternon__Antarctic,0.007481817146306824,-8.915061512273916e-05,0.0028859220328847955,NA,NA,NA
Saurosternon__mat_z_trans,-0.046576704019735966,-0.007774042546433616,0.02087821312864017,NA,NA,NA
Saurosternon__map_z_trans,0.023794732738129116,-0.00032868305683915515,0.011864934092557677,NA,NA,NA
Saurosternon__wmm_z_trans,0.0012892652214933952,-0.0009129849706815096,0.00367020353747553,NA,NA,NA
Saurosternon__cmm_z_trans,0.07098371267690713,-0.00342177825059973,0.03752387454387005,NA,NA,NA
Saurosternon__wmmcmm_z_trans,0.03366728767454506,-0.006411607666384204,0.03409896431314504,NA,NA,NA
Saurosternon__wetmon_z_trans,0.006336793210331222,-0.0015297382716085738,0.009628400471329785,NA,NA,NA
Saurosternon__drymon_z_trans,0.027825188228265133,-0.003294204285710281,0.021073988696533333,NA,NA,NA
Saurosternon__wetdry_z_trans,-0.016681536095186307,-0.004383317603960591,0.014496432903602032,NA,NA,NA
Saurosternon__time,-0.03159613346203164,-0.002764135060467267,0.002804241515895554,NA,NA,NA
Saurosuchus__lat_range_z_trans,0.0616947075462653,0.0014608293667947234,0.016038788831737066,0.765468586893985,0.39868240617215633,1.1323013827204704
Saurosuchus__Temperate_N,0.05717468987065362,-8.886009691418024e-05,0.022790798931295497,NA,NA,NA
Saurosuchus__Tropical,0.04504393871348486,-0.0003850404143776512,0.01886040279578544,NA,NA,NA
Saurosuchus__Temperate_S,-0.0425190707629901,-0.006832136526383655,0.00909606253220075,NA,NA,NA
Saurosuchus__Antarctic,0.010085059948109291,-7.151262635687101e-05,0.0038140222915945873,NA,NA,NA
Saurosuchus__mat_z_trans,0.01728726766614903,-0.002300903198665809,0.017191470052529686,NA,NA,NA
Saurosuchus__map_z_trans,-0.07223756072000598,-0.008568407673085213,0.010621417970893932,NA,NA,NA
Saurosuchus__wmm_z_trans,-0.0010577051117115135,-0.0022573509573542297,0.010797593793551859,NA,NA,NA
Saurosuchus__cmm_z_trans,-0.011290331375219701,-0.003073022095642536,0.014425719642844826,NA,NA,NA
Saurosuchus__wmmcmm_z_trans,-0.004224541172764367,-0.003249622207824453,0.01149467219942356,NA,NA,NA
Saurosuchus__wetmon_z_trans,0.01592437602675125,-0.0039010419479902684,0.01931910271323829,NA,NA,NA
Saurosuchus__drymon_z_trans,0.0034151377359975628,-0.0013867391317171492,0.0074698074076509965,NA,NA,NA
Saurosuchus__wetdry_z_trans,0.033779178028073474,-0.0032051964914828596,0.026664037087955058,NA,NA,NA
Saurosuchus__time,0.0043821779388335935,-0.0010904663104031184,0.005555643944763549,NA,NA,NA
Scelidosaurus__lat_range_z_trans,0.042108822904445196,0.0009675152980737376,0.012074934705997275,1.0179732221550513,0.6345027852803469,1.3735392354428768
Scelidosaurus__Temperate_N,-0.06834320671755903,-0.008450502114493467,0.0009509460156890441,NA,NA,NA
Scelidosaurus__Tropical,0.016461024945747606,-0.0018362430661910945,0.012181726922362184,NA,NA,NA
Scelidosaurus__Temperate_S,0.02186902596480381,-0.0017245519494403613,0.013602269291772238,NA,NA,NA
Scelidosaurus__Antarctic,0.006808563411021152,1.686377406975153e-05,0.002673167974534159,NA,NA,NA
Scelidosaurus__mat_z_trans,0.025222579190662096,-0.0032794412634682907,0.02873615482568852,NA,NA,NA
Scelidosaurus__map_z_trans,-0.03109528463431809,-0.004010587210546555,0.008183043661411609,NA,NA,NA
Scelidosaurus__wmm_z_trans,0.012757424335200046,-0.004742333122940596,0.02756609589133684,NA,NA,NA
Scelidosaurus__cmm_z_trans,-0.011540130773377472,-0.002713897527958255,0.005797242357432057,NA,NA,NA
Scelidosaurus__wmmcmm_z_trans,0.019417093434592334,-0.0011536448324816564,0.012931025247203073,NA,NA,NA
Scelidosaurus__wetmon_z_trans,0.006458353507550143,-0.00294519611490416,0.01950197490870314,NA,NA,NA
Scelidosaurus__drymon_z_trans,0.003826992769488224,-0.00034040800719159947,0.003830409627874386,NA,NA,NA
Scelidosaurus__wetdry_z_trans,0.016555357394354864,-0.003199616415434938,0.01888160466370094,NA,NA,NA
Scelidosaurus__time,0.05695070859901543,-0.0015374277584957886,0.027228944101759623,NA,NA,NA
Scharschengia__lat_range_z_trans,0.021466138413223403,0.0010377070692021934,0.009978415831572291,2.2958177791979506,1.327155977487564,3.6434422489255667
Scharschengia__Temperate_N,-0.030497740610814034,-0.007219325607262713,-0.0005179034206404542,NA,NA,NA
Scharschengia__Tropical,0.014180718631837553,0.00014936351787256882,0.01029766913253094,NA,NA,NA
Scharschengia__Temperate_S,0.02024983730604982,0.0002956941681857952,0.013196322184776657,NA,NA,NA
Scharschengia__Antarctic,-0.00020479659574543091,-0.0003914033042940766,0.0013612162039746553,NA,NA,NA
Scharschengia__mat_z_trans,-0.003478487084796033,-0.007323626577802767,0.01936320338518802,NA,NA,NA
Scharschengia__map_z_trans,0.038115919587673554,-0.000844453384621833,0.029948516152966318,NA,NA,NA
Scharschengia__wmm_z_trans,0.005160544877818001,-0.005219706927760887,0.01445503444543335,NA,NA,NA
Scharschengia__cmm_z_trans,0.03329766015331441,-0.0011606696061210917,0.028358250856179105,NA,NA,NA
Scharschengia__wmmcmm_z_trans,0.017398578399905273,-0.0017656096888045642,0.0194114703041121,NA,NA,NA
Scharschengia__wetmon_z_trans,0.0057233739209868175,-0.004850669023647281,0.020930748015683974,NA,NA,NA
Scharschengia__drymon_z_trans,0.005505551644569328,-0.0005457554677331344,0.006490034443115318,NA,NA,NA
Scharschengia__wetdry_z_trans,0.004343338860276639,-0.003980411479077759,0.017944341529714164,NA,NA,NA
Scharschengia__time,-0.01380331317267299,-0.0031306039995377265,0.0029222211308586304,NA,NA,NA
Schleitheimia__lat_range_z_trans,0.06144736434464086,0.0007252868607018694,0.010006199623436412,0.6509095277830784,0.1357464985921979,1.6115245213732123
Schleitheimia__Temperate_N,-0.04523623213648754,-0.004009970197021634,0.0040930456246821845,NA,NA,NA
Schleitheimia__Tropical,0.047905361436318114,-0.00045082223474923657,0.01219720729234973,NA,NA,NA
Schleitheimia__Temperate_S,0.05975533261112395,-0.00030793994385024,0.015571371957412213,NA,NA,NA
Schleitheimia__Antarctic,0.008388268924323058,-0.0001386491951364003,0.002153931649050757,NA,NA,NA
Schleitheimia__mat_z_trans,0.06527843709539836,-0.004176242908978152,0.03368887415780843,NA,NA,NA
Schleitheimia__map_z_trans,-0.07401072753554694,-0.004997976153684731,0.0062943934158483554,NA,NA,NA
Schleitheimia__wmm_z_trans,0.013367271465908884,-0.0019381309613680279,0.013925904996243648,NA,NA,NA
Schleitheimia__cmm_z_trans,-0.07174172486594159,-0.005962748433962026,0.011215180367011702,NA,NA,NA
Schleitheimia__wmmcmm_z_trans,-0.04696579726054175,-0.004561361477333184,0.018006116702234745,NA,NA,NA
Schleitheimia__wetmon_z_trans,0.008196905803170831,-0.004581474882516587,0.020601465606151066,NA,NA,NA
Schleitheimia__drymon_z_trans,0.0034098339238553595,-0.0012028780397555128,0.004885187491128757,NA,NA,NA
Schleitheimia__wetdry_z_trans,0.04028338851895202,-0.0035156838220616157,0.03029877839046125,NA,NA,NA
Schleitheimia__time,0.04737964200645267,0.0001691210783122024,0.011201882921645841,NA,NA,NA
Schultzsuchus__lat_range_z_trans,0.14181700931598462,0.0014820712712009113,0.016047543153972905,0.4778647127792647,0.2738285092636943,0.7069516805931926
Schultzsuchus__Temperate_N,0.12846631460493496,-6.489284297892178e-05,0.02339350106857324,NA,NA,NA
Schultzsuchus__Tropical,0.08884294325690499,-0.0004105590581566667,0.01635197463554333,NA,NA,NA
Schultzsuchus__Temperate_S,-0.2831173024442918,-0.010474521745691572,0.0017631890615922518,NA,NA,NA
Schultzsuchus__Antarctic,0.03394475635586316,9.171886993563913e-05,0.004203479023929175,NA,NA,NA
Schultzsuchus__mat_z_trans,-0.06415247129847897,-0.0052269183177783415,0.014904448839176129,NA,NA,NA
Schultzsuchus__map_z_trans,0.031001381272810612,-0.000981596072989747,0.020734808526309607,NA,NA,NA
Schultzsuchus__wmm_z_trans,-0.02569730867934471,-0.002453556454119747,0.009685578545779347,NA,NA,NA
Schultzsuchus__cmm_z_trans,0.06529399336161035,-0.002523818269521259,0.019534941539953436,NA,NA,NA
Schultzsuchus__wmmcmm_z_trans,0.07242859716957253,-0.001413082128248302,0.016992261175846846,NA,NA,NA
Schultzsuchus__wetmon_z_trans,-0.026722351777453173,-0.0050105321227772795,0.021829074481746875,NA,NA,NA
Schultzsuchus__drymon_z_trans,0.012024639504647622,-0.0008963716688762547,0.006392277912557452,NA,NA,NA
Schultzsuchus__wetdry_z_trans,-0.03623774208422583,-0.0050377608780450105,0.01816291823453355,NA,NA,NA
Schultzsuchus__time,-0.020435134226908055,-0.0020296508933567233,0.004143543995950929,NA,NA,NA
Sclerocormus__lat_range_z_trans,0.021110265589975592,0.0010709888996686318,0.010117912545720652,2.3353643135052518,1.327155977487564,3.6162006482481956
Sclerocormus__Temperate_N,-0.029890694473073957,-0.007450867222496827,-0.0005251436305740741,NA,NA,NA
Sclerocormus__Tropical,0.013775736484329155,0.00015415397505190318,0.010441628958581677,NA,NA,NA
Sclerocormus__Temperate_S,0.019800665319356467,0.00020203125781509455,0.013380804733378705,NA,NA,NA
Sclerocormus__Antarctic,-0.0002980264008555345,-0.000376482738657571,0.0013802457965377516,NA,NA,NA
Sclerocormus__mat_z_trans,-0.0032819605698672046,-0.007558513382948393,0.01963389798172645,NA,NA,NA
Sclerocormus__map_z_trans,0.03738128839350059,-0.0008715370917853599,0.03036719178920703,NA,NA,NA
Sclerocormus__wmm_z_trans,0.004956188365140324,-0.005387115829762289,0.014657113597282207,NA,NA,NA
Sclerocormus__cmm_z_trans,0.03303748559947035,-0.001197895149056025,0.02875469482887017,NA,NA,NA
Sclerocormus__wmmcmm_z_trans,0.018813858546212852,-0.0018222371553379398,0.016968798838947474,NA,NA,NA
Sclerocormus__wetmon_z_trans,0.00634077635895738,-0.0037384943225355575,0.021223356644361976,NA,NA,NA
Sclerocormus__drymon_z_trans,0.0051747257131247925,-0.0006344182310302313,0.00658076412353811,NA,NA,NA
Sclerocormus__wetdry_z_trans,0.004352023371449913,-0.004108073113044636,0.018195200656373416,NA,NA,NA
Sclerocormus__time,-0.013815007966094422,-0.003231010207284074,0.002963073331513557,NA,NA,NA
Sclerosaurus__lat_range_z_trans,-0.7229602199792862,-0.012112187745989765,-0.020548994728271038,0.1245201014043414,0.0017746291123330593,0.30130155524238944
Sclerosaurus__Temperate_N,0.1528985019400716,-0.0001680846403645995,0.016991437832016554,NA,NA,NA
Sclerosaurus__Tropical,-0.1261014511459507,-0.003509104604852773,0.004575678112138616,NA,NA,NA
Sclerosaurus__Temperate_S,0.18104174681473523,0.00032705652434230893,0.019425891954580447,NA,NA,NA
Sclerosaurus__Antarctic,0.021541196501930246,-0.00015513119871956096,0.002792770505213308,NA,NA,NA
Sclerosaurus__mat_z_trans,-0.005151475805323571,-0.0017555297597618357,0.01527342784109367,NA,NA,NA
Sclerosaurus__map_z_trans,0.3251431254297495,-0.0010154058280179303,0.042339737472372595,NA,NA,NA
Sclerosaurus__wmm_z_trans,-0.019853362251014913,-0.0030863812685294322,0.013367156486265516,NA,NA,NA
Sclerosaurus__cmm_z_trans,0.09317031304351986,-0.001235657114637734,0.01374472504738801,NA,NA,NA
Sclerosaurus__wmmcmm_z_trans,0.01428255305509083,-0.002171396594843067,0.011070240811977081,NA,NA,NA
Sclerosaurus__wetmon_z_trans,0.0681666102737654,-0.004416099808614702,0.03091003550945541,NA,NA,NA
Sclerosaurus__drymon_z_trans,0.030635694924276324,-0.00034870972914753586,0.005383920404833379,NA,NA,NA
Sclerosaurus__wetdry_z_trans,-0.011803368302062155,-0.00421649652618081,0.035033742048801775,NA,NA,NA
Sclerosaurus__time,-0.016679069468518718,-0.0010863420160858346,0.0037797708975997667,NA,NA,NA
Sclerostropheus__lat_range_z_trans,0.25285677522420885,0.0007869885583703665,0.01144261940844568,0.237116529220948,0.08652764558792114,0.46066924929618835
Sclerostropheus__Temperate_N,0.22860142363992053,-1.991759209665702e-05,0.014275562429181675,NA,NA,NA
Sclerostropheus__Tropical,-0.24565435762051493,-0.0038207562904380224,0.006645240751244823,NA,NA,NA
Sclerostropheus__Temperate_S,0.24588367518037557,0.00023938071100249787,0.01634489658241408,NA,NA,NA
Sclerostropheus__Antarctic,0.056156423920765516,7.486654429021294e-05,0.0028504222129231357,NA,NA,NA
Sclerostropheus__mat_z_trans,0.20735741881653666,-0.003361287476349532,0.03152182162742463,NA,NA,NA
Sclerostropheus__map_z_trans,-0.3826218720385805,-0.005184194198527458,0.007129166401599643,NA,NA,NA
Sclerostropheus__wmm_z_trans,0.019830754613503813,-0.001927742360126355,0.008462654493928684,NA,NA,NA
Sclerostropheus__cmm_z_trans,-0.33896189195802434,-0.006599946993815348,0.01229747307875414,NA,NA,NA
Sclerostropheus__wmmcmm_z_trans,-0.28755893509835007,-0.006070310865446687,0.015426693451485455,NA,NA,NA
Sclerostropheus__wetmon_z_trans,-0.024189760689623654,-0.005430331272401543,0.020285915251413638,NA,NA,NA
Sclerostropheus__drymon_z_trans,0.03019096649310086,-0.0006886617398860902,0.004891124644369247,NA,NA,NA
Sclerostropheus__wetdry_z_trans,0.13468185585690662,-0.0031292206502930952,0.031955114436572715,NA,NA,NA
Sclerostropheus__time,0.1639596426137723,0.0001816633143144362,0.010610835425707527,NA,NA,NA
Scoloparia__lat_range_z_trans,-0.8047890821099282,-0.014307852490694576,-0.01817068242238904,0.19117831598228804,0.08556330855935812,0.31997417425736785
Scoloparia__Temperate_N,-0.10949513434054098,-0.002782136631452432,0.0066590526540948325,NA,NA,NA
Scoloparia__Tropical,-0.0612068501394242,-0.0020590104957856382,0.009128129876387826,NA,NA,NA
Scoloparia__Temperate_S,0.13184206667356194,-0.0005516164682715128,0.014746554598208372,NA,NA,NA
Scoloparia__Antarctic,0.02702385914821207,-5.2951471260570506e-05,0.0030668539336250705,NA,NA,NA
Scoloparia__mat_z_trans,0.17172176842112094,-0.001971247106527818,0.034385828269024026,NA,NA,NA
Scoloparia__map_z_trans,-0.10700686102733016,-0.0034536509217361873,0.004708732827692289,NA,NA,NA
Scoloparia__wmm_z_trans,0.16476314378902315,-0.0018221531178166492,0.03450985521309003,NA,NA,NA
Scoloparia__cmm_z_trans,-0.024530124189623165,-0.0022592985608601065,0.007323654771074081,NA,NA,NA
Scoloparia__wmmcmm_z_trans,0.14196616318862654,-0.00016993427665417936,0.013370963496166403,NA,NA,NA
Scoloparia__wetmon_z_trans,0.06443689652252943,-0.0033207565176793176,0.020284117197372335,NA,NA,NA
Scoloparia__drymon_z_trans,0.0292144383766572,-0.0001862954727050029,0.00554915250954854,NA,NA,NA
Scoloparia__wetdry_z_trans,0.11439798216102645,-0.002153975061050371,0.025696697057437344,NA,NA,NA
Scoloparia__time,0.30745555413886905,0.0001414082810910844,0.032880630214132976,NA,NA,NA
Scolotosuchus__lat_range_z_trans,0.021110265589975592,0.0010709888996686318,0.010117912545720652,2.3353643135052518,1.327155977487564,3.6162006482481956
Scolotosuchus__Temperate_N,-0.029890694473073957,-0.007450867222496827,-0.0005251436305740741,NA,NA,NA
Scolotosuchus__Tropical,0.013775736484329155,0.00015415397505190318,0.010441628958581677,NA,NA,NA
Scolotosuchus__Temperate_S,0.019800665319356467,0.00020203125781509455,0.013380804733378705,NA,NA,NA
Scolotosuchus__Antarctic,-0.0002980264008555345,-0.000376482738657571,0.0013802457965377516,NA,NA,NA
Scolotosuchus__mat_z_trans,-0.0032819605698672046,-0.007558513382948393,0.01963389798172645,NA,NA,NA
Scolotosuchus__map_z_trans,0.03738128839350059,-0.0008715370917853599,0.03036719178920703,NA,NA,NA
Scolotosuchus__wmm_z_trans,0.004956188365140324,-0.005387115829762289,0.014657113597282207,NA,NA,NA
Scolotosuchus__cmm_z_trans,0.03303748559947035,-0.001197895149056025,0.02875469482887017,NA,NA,NA
Scolotosuchus__wmmcmm_z_trans,0.018813858546212852,-0.0018222371553379398,0.016968798838947474,NA,NA,NA
Scolotosuchus__wetmon_z_trans,0.00634077635895738,-0.0037384943225355575,0.021223356644361976,NA,NA,NA
Scolotosuchus__drymon_z_trans,0.0051747257131247925,-0.0006344182310302313,0.00658076412353811,NA,NA,NA
Scolotosuchus__wetdry_z_trans,0.004352023371449913,-0.004108073113044636,0.018195200656373416,NA,NA,NA
Scolotosuchus__time,-0.013815007966094422,-0.003231010207284074,0.002963073331513557,NA,NA,NA
Scutarx__lat_range_z_trans,-0.04361979791753526,-0.005727175209008584,-0.0013077050328403439,1.2063908707423252,0.004070353228598833,2.814998997899238
Scutarx__Temperate_N,0.029825918821295316,5.4669716396471755e-05,0.018424933129004856,NA,NA,NA
Scutarx__Tropical,-0.023218744518035916,-0.004309532707797173,0.009162478063544408,NA,NA,NA
Scutarx__Temperate_S,0.021859747187094648,-0.0008834349950662736,0.012161551689928017,NA,NA,NA
Scutarx__Antarctic,0.002743604071923681,-0.0004016851658737943,0.0019266282824772865,NA,NA,NA
Scutarx__mat_z_trans,0.029393871965774934,-0.0037228635058642015,0.026936999619465392,NA,NA,NA
Scutarx__map_z_trans,-0.024275099462929307,-0.004215437308493068,0.004111900327065298,NA,NA,NA
Scutarx__wmm_z_trans,0.030736511629454323,-0.0028899990320588364,0.02809503468830362,NA,NA,NA
Scutarx__cmm_z_trans,-0.008115790175387773,-0.00340892781993487,0.00828374446073859,NA,NA,NA
Scutarx__wmmcmm_z_trans,0.01887031348448268,-0.0015735929537241144,0.01666030332111498,NA,NA,NA
Scutarx__wetmon_z_trans,0.007341853658943985,-0.003911340445537027,0.017020643584033043,NA,NA,NA
Scutarx__drymon_z_trans,0.003043699508432567,-0.00046787841769497146,0.00336504524817068,NA,NA,NA
Scutarx__wetdry_z_trans,0.019581329408800762,-0.0034091935989012533,0.019403003368622364,NA,NA,NA
Scutarx__time,0.05328990666931166,-8.307886784557724e-05,0.029894979445836883,NA,NA,NA
Scutosaurus__lat_range_z_trans,-0.6684793168306351,-0.0045608509179318945,-0.008124143665384696,0.1373376775003271,0.028357784263789654,0.26008647307753563
Scutosaurus__Temperate_N,-0.18819588055368514,-0.0028451153049566715,0.002914621342658083,NA,NA,NA
Scutosaurus__Tropical,0.1262417683051899,-0.00015778581255327545,0.007744891008668566,NA,NA,NA
Scutosaurus__Temperate_S,0.22245155327953398,6.567101753849197e-05,0.013390006578030939,NA,NA,NA
Scutosaurus__Antarctic,0.0540864486747887,5.076361507781864e-06,0.0031793216124329504,NA,NA,NA
Scutosaurus__mat_z_trans,-0.39790345713496206,-0.008848713834751753,0.02435407921836052,NA,NA,NA
Scutosaurus__map_z_trans,0.13645359936752358,-0.00016601398481813395,0.011066567846051137,NA,NA,NA
Scutosaurus__wmm_z_trans,0.029975938392453827,-0.0003742312709557335,0.004859882819458591,NA,NA,NA
Scutosaurus__cmm_z_trans,0.3894139746809378,-0.0040388813769769326,0.04153082070261144,NA,NA,NA
Scutosaurus__wmmcmm_z_trans,0.20614876825828105,-0.005773458433511847,0.03675762906879702,NA,NA,NA
Scutosaurus__wetmon_z_trans,0.06007990985410288,-0.0014393689912562768,0.013323794375101158,NA,NA,NA
Scutosaurus__drymon_z_trans,0.17028263174928726,-0.002369920202420353,0.021410641159912883,NA,NA,NA
Scutosaurus__wetdry_z_trans,-0.10783865210600198,-0.003364006335791035,0.018477530664500023,NA,NA,NA
Scutosaurus__time,-0.06957294919760898,-0.0010818712245256412,0.003253897464266469,NA,NA,NA
Scythosuchus__lat_range_z_trans,0.021535799269535083,0.0010627358666750884,0.009981970120075847,2.2864425003419275,1.2194351498619653,3.6434422489255667
Scythosuchus__Temperate_N,-0.02984611435529804,-0.006772440823855025,0.0036759681274130427,NA,NA,NA
Scythosuchus__Tropical,0.014222853300858122,0.00015183848931278233,0.01023885783555528,NA,NA,NA
Scythosuchus__Temperate_S,0.02025393896678773,0.00019899662639433498,0.013201022684036485,NA,NA,NA
Scythosuchus__Antarctic,-0.00017721729285511648,-0.00035434632245564385,0.0013617010660195233,NA,NA,NA
Scythosuchus__mat_z_trans,-0.0031193133523573042,-0.006972230891977756,0.02008522638442231,NA,NA,NA
Scythosuchus__map_z_trans,0.03782915566941163,-0.0022657929837014783,0.02570940356605029,NA,NA,NA
Scythosuchus__wmm_z_trans,0.0045963605470268915,-0.005306198098807853,0.01446018329507192,NA,NA,NA
Scythosuchus__cmm_z_trans,0.032550783064491794,-0.0011799020409725821,0.02836835199915614,NA,NA,NA
Scythosuchus__wmmcmm_z_trans,0.01716521329816161,-0.0017948660535219766,0.019418384624671953,NA,NA,NA
Scythosuchus__wetmon_z_trans,0.006765540432300828,-0.003682339881583252,0.020938203499429955,NA,NA,NA
Scythosuchus__drymon_z_trans,0.005091321380264992,-0.0006248888863208641,0.006492346178284327,NA,NA,NA
Scythosuchus__wetdry_z_trans,0.0044400889943018275,-0.004046367375613488,0.017950733262417976,NA,NA,NA
Scythosuchus__time,-0.013851085591003733,-0.003363667934975561,0.002257187552860026,NA,NA,NA
Shansisuchus__lat_range_z_trans,-0.46760187193751335,-0.005107174230007299,-0.008032275074591021,0.27051263309149365,0.02866135537624359,0.616819481831044
Shansisuchus__Temperate_N,-0.2731346032046713,-0.0058883971567333555,0.014899613511546672,NA,NA,NA
Shansisuchus__Tropical,0.14090510235517287,-0.00032571343402172496,0.011796937727455162,NA,NA,NA
Shansisuchus__Temperate_S,0.24953438002616168,0.0004735201668850415,0.022376822613534526,NA,NA,NA
Shansisuchus__Antarctic,0.0498554496030556,2.1149788808830812e-05,0.003172298499345006,NA,NA,NA
Shansisuchus__mat_z_trans,-0.08653252926422283,-0.004653485163293518,0.011575972245028144,NA,NA,NA
Shansisuchus__map_z_trans,0.23404942146444227,-0.0009360804503199786,0.030161080581917726,NA,NA,NA
Shansisuchus__wmm_z_trans,-0.001643635911459569,-0.002514419199825888,0.013462264435141959,NA,NA,NA
Shansisuchus__cmm_z_trans,0.16668570512229053,-0.0003453700940304377,0.02353227939627302,NA,NA,NA
Shansisuchus__wmmcmm_z_trans,0.1159680533153005,-0.0016244776780118375,0.015579050258783651,NA,NA,NA
Shansisuchus__wetmon_z_trans,0.011980101861408911,-0.005121267392492791,0.02774814013560861,NA,NA,NA
Shansisuchus__drymon_z_trans,0.04034240458975546,-0.0006732552941287875,0.0058715949009828725,NA,NA,NA
Shansisuchus__wetdry_z_trans,-0.07216798338340595,-0.007042817656300025,0.018553573215505315,NA,NA,NA
Shansisuchus__time,-0.008879031429969472,-0.001211682517931505,0.003442187748933434,NA,NA,NA
Shihtienfenia__lat_range_z_trans,-0.5958101549744605,-0.004425288891515045,-0.0051025705606748215,0.30091973800503186,0.14902540296316147,0.5570838153362274
Shihtienfenia__Temperate_N,-0.4946554685314186,-0.0051186724733941445,0.007237442801763988,NA,NA,NA
Shihtienfenia__Tropical,0.19916012723115273,0.00022478475692771995,0.010435898381037643,NA,NA,NA
Shihtienfenia__Temperate_S,0.2931246008188464,0.00027472264046396586,0.013437830021593558,NA,NA,NA
Shihtienfenia__Antarctic,0.08047730846563354,7.255854986543452e-05,0.0031258181572782467,NA,NA,NA
Shihtienfenia__mat_z_trans,-0.31225356927840037,-0.007387550879618132,0.017022730850924796,NA,NA,NA
Shihtienfenia__map_z_trans,0.39265685418620705,-0.0012666966540649514,0.02441731223061362,NA,NA,NA
Shihtienfenia__wmm_z_trans,-0.03519287754781544,-0.003165633368211997,0.01401075075588018,NA,NA,NA
Shihtienfenia__cmm_z_trans,0.39416829546215015,-0.0024554356108196494,0.031600946277749384,NA,NA,NA
Shihtienfenia__wmmcmm_z_trans,0.27495060946501326,-0.001454972591328436,0.027934755285289006,NA,NA,NA
Shihtienfenia__wetmon_z_trans,0.0523580260318704,-0.0028901090420345096,0.016848519920875306,NA,NA,NA
Shihtienfenia__drymon_z_trans,0.10139427062589675,-0.0011293993984412137,0.012647447944096933,NA,NA,NA
Shihtienfenia__wetdry_z_trans,-0.12156958546489477,-0.003917994011091564,0.017512563184314066,NA,NA,NA
Shihtienfenia__time,-0.13032581561245024,-0.002309783338140754,0.0030100949447231665,NA,NA,NA
Shringasaurus__lat_range_z_trans,0.20121582154627013,0.0009449084732918473,0.012927605870765586,0.38533743203006454,0.1634182073175907,0.6812507212162018
Shringasaurus__Temperate_N,0.17347181809589424,-0.00037819741355821945,0.018119991468942345,NA,NA,NA
Shringasaurus__Tropical,0.1310058224922767,-9.560530186555576e-05,0.01448108331357729,NA,NA,NA
Shringasaurus__Temperate_S,-0.385926291406454,-0.00739575779496797,0.003073417773782731,NA,NA,NA
Shringasaurus__Antarctic,0.04872416826233582,5.7288855191296065e-05,0.003766722236615999,NA,NA,NA
Shringasaurus__mat_z_trans,-0.0913416209824335,-0.004067174266834799,0.01319917442349239,NA,NA,NA
Shringasaurus__map_z_trans,0.16390232925404466,-0.0005673808011753995,0.0359170048599872,NA,NA,NA
Shringasaurus__wmm_z_trans,-0.054738270486737045,-0.0042782784336180026,0.01025750544498361,NA,NA,NA
Shringasaurus__cmm_z_trans,0.057857227744364845,-0.0016797588462769632,0.016127644224960352,NA,NA,NA
Shringasaurus__wmmcmm_z_trans,0.038402141642176396,-0.0026342240799555453,0.014082652077746347,NA,NA,NA
Shringasaurus__wetmon_z_trans,-0.03834193426609233,-0.006056073958170985,0.026452042425661505,NA,NA,NA
Shringasaurus__drymon_z_trans,0.027528898907819118,-0.0005410034906427782,0.005523512285603051,NA,NA,NA
Shringasaurus__wetdry_z_trans,-0.10970097894133647,-0.006386230291070945,0.016821326455237512,NA,NA,NA
Shringasaurus__time,-0.044601807530502205,-0.0018719829617492554,0.0033898573341091705,NA,NA,NA
Shuangbaisaurus__lat_range_z_trans,0.042108822904445196,0.0009675152980737376,0.012074934705997275,1.0179732221550513,0.6345027852803469,1.3735392354428768
Shuangbaisaurus__Temperate_N,-0.06834320671755903,-0.008450502114493467,0.0009509460156890441,NA,NA,NA
Shuangbaisaurus__Tropical,0.016461024945747606,-0.0018362430661910945,0.012181726922362184,NA,NA,NA
Shuangbaisaurus__Temperate_S,0.02186902596480381,-0.0017245519494403613,0.013602269291772238,NA,NA,NA
Shuangbaisaurus__Antarctic,0.006808563411021152,1.686377406975153e-05,0.002673167974534159,NA,NA,NA
Shuangbaisaurus__mat_z_trans,0.025222579190662096,-0.0032794412634682907,0.02873615482568852,NA,NA,NA
Shuangbaisaurus__map_z_trans,-0.03109528463431809,-0.004010587210546555,0.008183043661411609,NA,NA,NA
Shuangbaisaurus__wmm_z_trans,0.012757424335200046,-0.004742333122940596,0.02756609589133684,NA,NA,NA
Shuangbaisaurus__cmm_z_trans,-0.011540130773377472,-0.002713897527958255,0.005797242357432057,NA,NA,NA
Shuangbaisaurus__wmmcmm_z_trans,0.019417093434592334,-0.0011536448324816564,0.012931025247203073,NA,NA,NA
Shuangbaisaurus__wetmon_z_trans,0.006458353507550143,-0.00294519611490416,0.01950197490870314,NA,NA,NA
Shuangbaisaurus__drymon_z_trans,0.003826992769488224,-0.00034040800719159947,0.003830409627874386,NA,NA,NA
Shuangbaisaurus__wetdry_z_trans,0.016555357394354864,-0.003199616415434938,0.01888160466370094,NA,NA,NA
Shuangbaisaurus__time,0.05695070859901543,-0.0015374277584957886,0.027228944101759623,NA,NA,NA
Shuvosaurus__lat_range_z_trans,-1.0545048823952674,-0.012712191759221454,-0.021313102107860325,0.2408043957108748,0.12919051572680473,0.3713348885066807
Shuvosaurus__Temperate_N,0.17045751568395645,-1.899076459946566e-05,0.016218057366468988,NA,NA,NA
Shuvosaurus__Tropical,-0.11148493639659136,-0.0040207126205318066,0.0067435212861690595,NA,NA,NA
Shuvosaurus__Temperate_S,0.14084443762694718,-0.0004037280789289932,0.015273721135216292,NA,NA,NA
Shuvosaurus__Antarctic,0.04261669871746562,1.3225994682017214e-05,0.0028505965331740274,NA,NA,NA
Shuvosaurus__mat_z_trans,0.18123156020999887,-0.002316253393271513,0.030879304850318257,NA,NA,NA
Shuvosaurus__map_z_trans,-0.17597027063369752,-0.004159201773513502,0.006895073425003448,NA,NA,NA
Shuvosaurus__wmm_z_trans,0.20803343207808211,-0.002601439094182927,0.02965426208811269,NA,NA,NA
Shuvosaurus__cmm_z_trans,-0.05402289492310956,-0.0024449174810358145,0.00854276072450773,NA,NA,NA
Shuvosaurus__wmmcmm_z_trans,0.16167665107175708,1.1742356106121066e-05,0.014856751890783738,NA,NA,NA
Shuvosaurus__wetmon_z_trans,0.05010631346842274,-0.004265868367388637,0.020572554801963076,NA,NA,NA
Shuvosaurus__drymon_z_trans,0.037662231788272035,-0.00010697904199364914,0.003967891405643318,NA,NA,NA
Shuvosaurus__wetdry_z_trans,0.12230720728868619,-0.0022159318233392743,0.026747955293718883,NA,NA,NA
Shuvosaurus__time,0.35952667927835136,0.0002917755358156264,0.03225019150224592,NA,NA,NA
Sigmala__lat_range_z_trans,0.09021042907538271,0.000918422142996531,0.012186584834195031,0.5110631099365128,0.20557139813899994,1.42169452161761
Sigmala__Temperate_N,-0.0970643131034473,-0.005245487721137507,0.009126873947387006,NA,NA,NA
Sigmala__Tropical,0.059779227396714624,-0.0007372727322551647,0.015484490244731832,NA,NA,NA
Sigmala__Temperate_S,0.08155119747973906,-0.0004544470951275568,0.021955508876770675,NA,NA,NA
Sigmala__Antarctic,0.015602293958608215,-0.00010025537193396869,0.0029158144232854697,NA,NA,NA
Sigmala__mat_z_trans,0.029787275544483956,-0.002308731935791552,0.025592443393249027,NA,NA,NA
Sigmala__map_z_trans,-0.11466646447991428,-0.005930102273001237,0.006863790774770003,NA,NA,NA
Sigmala__wmm_z_trans,0.009425077815446749,-0.001232552737400417,0.007802605709463549,NA,NA,NA
Sigmala__cmm_z_trans,-0.031909090629448,-0.004401910015353975,0.0082694004323757,NA,NA,NA
Sigmala__wmmcmm_z_trans,-0.01723266640285701,-0.004422412517122552,0.01284398584865631,NA,NA,NA
Sigmala__wetmon_z_trans,0.023667593023343723,-0.004340985119257275,0.026721523774778155,NA,NA,NA
Sigmala__drymon_z_trans,0.0010817647132350873,-0.0011173897756237919,0.005027633532484863,NA,NA,NA
Sigmala__wetdry_z_trans,0.03530077551018451,-0.005255029661553553,0.029519729801361003,NA,NA,NA
Sigmala__time,0.03192422443015429,-0.0003213154988412528,0.009829154601956469,NA,NA,NA
Sikannisuchus__lat_range_z_trans,0.06533711685778885,0.0008400329955579375,0.010115522196673847,0.6368753689683218,0.29570092586800456,1.0400638971477747
Sikannisuchus__Temperate_N,-0.05529394530465166,-0.0038803367570002813,0.006431370507725898,NA,NA,NA
Sikannisuchus__Tropical,0.047938096218108676,-0.000125242227841608,0.014935474399704387,NA,NA,NA
Sikannisuchus__Temperate_S,0.06101681960951043,-2.641696525319825e-05,0.014495502240918577,NA,NA,NA
Sikannisuchus__Antarctic,0.009913759164369805,-6.066574268583642e-05,0.0020608078773709567,NA,NA,NA
Sikannisuchus__mat_z_trans,0.07456701245865982,-0.005157786503688696,0.02999366840017711,NA,NA,NA
Sikannisuchus__map_z_trans,-0.07657582496841163,-0.004664521742036702,0.006248617544091526,NA,NA,NA
Sikannisuchus__wmm_z_trans,0.019451217897696244,-0.0016670773875978328,0.01552400171074188,NA,NA,NA
Sikannisuchus__cmm_z_trans,-0.08410808436325463,-0.0064616306836909115,0.014518186223657067,NA,NA,NA
Sikannisuchus__wmmcmm_z_trans,-0.051398622804523675,-0.004849713919363132,0.016849001645548086,NA,NA,NA
Sikannisuchus__wetmon_z_trans,0.00653029808565972,-0.004385003332386905,0.019710775235255613,NA,NA,NA
Sikannisuchus__drymon_z_trans,0.003284309606303291,-0.001151293927837845,0.005653414537727778,NA,NA,NA
Sikannisuchus__wetdry_z_trans,0.0368473460364849,-0.003364917558358589,0.02416706565402774,NA,NA,NA
Sikannisuchus__time,0.05994782583788615,5.103440780324896e-06,0.013436132021844627,NA,NA,NA
Silesaurus__lat_range_z_trans,0.13392120705929944,0.0010867063363009276,0.014953436251549011,0.40945595644516286,0.19099099159939215,0.5817474573850632
Silesaurus__Temperate_N,-0.16707879298966324,-0.006750617042521623,0.011199046295991255,NA,NA,NA
Silesaurus__Tropical,0.0809126748324608,-0.000872364582924272,0.019000100595256267,NA,NA,NA
Silesaurus__Temperate_S,0.1188710033103019,-0.0005377162795502545,0.022395389639004018,NA,NA,NA
Silesaurus__Antarctic,0.02714726034762659,8.935205336219187e-05,0.0037139002126657587,NA,NA,NA
Silesaurus__mat_z_trans,0.017237111468478204,-0.0024705788514522236,0.01894279189169754,NA,NA,NA
Silesaurus__map_z_trans,-0.1656078241067608,-0.007489065732865093,0.00842215101202904,NA,NA,NA
Silesaurus__wmm_z_trans,0.005688307667821687,-0.001936864842358075,0.012590285757568962,NA,NA,NA
Silesaurus__cmm_z_trans,-0.03878021492781364,-0.0033316418947749622,0.008654684742833176,NA,NA,NA
Silesaurus__wmmcmm_z_trans,-0.0014300659912496218,-0.0022865841787342305,0.013313277579891739,NA,NA,NA
Silesaurus__wetmon_z_trans,0.02659220294590974,-0.00430418186997741,0.020202260049260443,NA,NA,NA
Silesaurus__drymon_z_trans,0.002316843061904102,-0.0011275104456749026,0.007063317657276362,NA,NA,NA
Silesaurus__wetdry_z_trans,0.0456488322674257,-0.00463821224636969,0.02553926886105183,NA,NA,NA
Silesaurus__time,0.032018779385885425,-0.00038019073386365607,0.008149629649389674,NA,NA,NA
Sillosuchus__lat_range_z_trans,0.061334572028280555,0.0014507623486947727,0.016513463723200564,0.7707543411350344,0.4275338576408103,1.1323013827204704
Sillosuchus__Temperate_N,0.05692337730747588,-8.824773504336077e-05,0.02346530248156809,NA,NA,NA
Sillosuchus__Tropical,0.04484823194787121,-0.00038238698413531065,0.01941858457272437,NA,NA,NA
Sillosuchus__Temperate_S,-0.04260997749301635,-0.00678505420203023,0.00936526443644142,NA,NA,NA
Sillosuchus__Antarctic,0.010017907278698801,-7.101981116553264e-05,0.0039268999306916,NA,NA,NA
Sillosuchus__mat_z_trans,0.01606088362798424,-0.002833101289861574,0.013423192003827494,NA,NA,NA
Sillosuchus__map_z_trans,-0.07204849345693472,-0.008509360177810683,0.010935763428984018,NA,NA,NA
Sillosuchus__wmm_z_trans,-0.0007979508455349328,-0.002241794867462987,0.011117153251300894,NA,NA,NA
Sillosuchus__cmm_z_trans,-0.009889275847144581,-0.002744638052665345,0.01485265505408988,NA,NA,NA
Sillosuchus__wmmcmm_z_trans,-0.0029999478686741875,-0.003227228075882849,0.010366285385521045,NA,NA,NA
Sillosuchus__wetmon_z_trans,0.015584580315893251,-0.0038741586851043,0.01989085991259942,NA,NA,NA
Sillosuchus__drymon_z_trans,0.0032296741697551462,-0.0013771826918917798,0.007690879588205166,NA,NA,NA
Sillosuchus__wetdry_z_trans,0.033559524438176794,-0.003183108510622744,0.027453170796459217,NA,NA,NA
Sillosuchus__time,0.0042442187287951945,-0.001082951576421352,0.005720065629851903,NA,NA,NA
Sinosaurosphargis__lat_range_z_trans,0.09011644213036575,0.0010848441396239395,0.011443856233659986,0.6291420588371693,0.18918634671717882,1.060823604464531
Sinosaurosphargis__Temperate_N,0.0808128293596568,1.5156280976554727e-06,0.014836954689722527,NA,NA,NA
Sinosaurosphargis__Tropical,-0.12206675593564813,-0.006215576066132592,0.00707912085398689,NA,NA,NA
Sinosaurosphargis__Temperate_S,0.09324969159929887,0.000531488253519584,0.016512531968852915,NA,NA,NA
Sinosaurosphargis__Antarctic,0.019587742623656618,5.935844587979741e-05,0.003905709445456639,NA,NA,NA
Sinosaurosphargis__mat_z_trans,-0.03491311226566332,-0.004427179541599118,0.007506028636187404,NA,NA,NA
Sinosaurosphargis__map_z_trans,0.1465352313924271,-0.0005750634344417836,0.03819949374135898,NA,NA,NA
Sinosaurosphargis__wmm_z_trans,-0.053408791864721375,-0.00556516348774418,0.011404820887300994,NA,NA,NA
Sinosaurosphargis__cmm_z_trans,0.014619337498828185,-0.0016134850083011456,0.010310146120248938,NA,NA,NA
Sinosaurosphargis__wmmcmm_z_trans,-0.02868453357518531,-0.0031066563252934304,0.010669530879674394,NA,NA,NA
Sinosaurosphargis__wetmon_z_trans,-0.011494892990300142,-0.006146411585431919,0.029054718818522302,NA,NA,NA
Sinosaurosphargis__drymon_z_trans,0.015959831166092023,-0.0004665820993216406,0.003615825440368071,NA,NA,NA
Sinosaurosphargis__wetdry_z_trans,-0.06317380132610068,-0.006558624401668395,0.026525805635721173,NA,NA,NA
Sinosaurosphargis__time,-0.029681893481080072,-0.0019519348285900462,0.0030749968444038693,NA,NA,NA
Sinosaurus__lat_range_z_trans,0.042108822904445196,0.0009675152980737376,0.012074934705997275,1.0179732221550513,0.6345027852803469,1.3735392354428768
Sinosaurus__Temperate_N,-0.06834320671755903,-0.008450502114493467,0.0009509460156890441,NA,NA,NA
Sinosaurus__Tropical,0.016461024945747606,-0.0018362430661910945,0.012181726922362184,NA,NA,NA
Sinosaurus__Temperate_S,0.02186902596480381,-0.0017245519494403613,0.013602269291772238,NA,NA,NA
Sinosaurus__Antarctic,0.006808563411021152,1.686377406975153e-05,0.002673167974534159,NA,NA,NA
Sinosaurus__mat_z_trans,0.025222579190662096,-0.0032794412634682907,0.02873615482568852,NA,NA,NA
Sinosaurus__map_z_trans,-0.03109528463431809,-0.004010587210546555,0.008183043661411609,NA,NA,NA
Sinosaurus__wmm_z_trans,0.012757424335200046,-0.004742333122940596,0.02756609589133684,NA,NA,NA
Sinosaurus__cmm_z_trans,-0.011540130773377472,-0.002713897527958255,0.005797242357432057,NA,NA,NA
Sinosaurus__wmmcmm_z_trans,0.019417093434592334,-0.0011536448324816564,0.012931025247203073,NA,NA,NA
Sinosaurus__wetmon_z_trans,0.006458353507550143,-0.00294519611490416,0.01950197490870314,NA,NA,NA
Sinosaurus__drymon_z_trans,0.003826992769488224,-0.00034040800719159947,0.003830409627874386,NA,NA,NA
Sinosaurus__wetdry_z_trans,0.016555357394354864,-0.003199616415434938,0.01888160466370094,NA,NA,NA
Sinosaurus__time,0.05695070859901543,-0.0015374277584957886,0.027228944101759623,NA,NA,NA
Skybalonyx__lat_range_z_trans,0.2535191339254379,0.0008421953746481822,0.01092122548846614,0.25901670941573685,0.08652764558792114,0.4566868096590042
Skybalonyx__Temperate_N,0.22739504914730788,6.046730005466231e-05,0.014140607711452393,NA,NA,NA
Skybalonyx__Tropical,-0.2409106320515275,-0.004603735011834254,0.003908646446927342,NA,NA,NA
Skybalonyx__Temperate_S,0.2431025867909193,0.00020757331913685107,0.01732471866168163,NA,NA,NA
Skybalonyx__Antarctic,0.056680176935624334,1.266638431797297e-05,0.002695026052638238,NA,NA,NA
Skybalonyx__mat_z_trans,0.21642605352288227,-0.0037125131916816126,0.02811251048143088,NA,NA,NA
Skybalonyx__map_z_trans,-0.37506298115942627,-0.004747942209274237,0.006632972725891286,NA,NA,NA
Skybalonyx__wmm_z_trans,0.02708699408045504,-0.0019504760151120397,0.009576689990585736,NA,NA,NA
Skybalonyx__cmm_z_trans,-0.34583779392531144,-0.005856162490878736,0.016044918135033528,NA,NA,NA
Skybalonyx__wmmcmm_z_trans,-0.27364637546706944,-0.005784079721286533,0.015280856461134336,NA,NA,NA
Skybalonyx__wetmon_z_trans,-0.010091347196139395,-0.005327386042814931,0.023542017687696058,NA,NA,NA
Skybalonyx__drymon_z_trans,0.02470421642123256,-0.0006161547911746147,0.004844886161715123,NA,NA,NA
Skybalonyx__wetdry_z_trans,0.11326522722141817,-0.0035524688634005178,0.0316530252215111,NA,NA,NA
Skybalonyx__time,0.16519670809619127,7.854564789653486e-05,0.009461438969301284,NA,NA,NA
Smilodonterpeton__lat_range_z_trans,0.04288419314055476,0.0009766375101080975,0.011811158662271745,0.9994278437771572,0.5105407489463687,1.3735392354428768
Smilodonterpeton__Temperate_N,-0.06827142897927196,-0.008530177621680478,0.000930172671242682,NA,NA,NA
Smilodonterpeton__Tropical,0.017159781472356903,-0.0018535560726415017,0.011915618010673448,NA,NA,NA
Smilodonterpeton__Temperate_S,0.023128834742091188,-0.0017408118768837666,0.013305128738482877,NA,NA,NA
Smilodonterpeton__Antarctic,0.0069199573385276955,1.702277405979829e-05,0.002614772820464614,NA,NA,NA
Smilodonterpeton__mat_z_trans,0.026673895612301376,-0.003310361455241121,0.029105952011763955,NA,NA,NA
Smilodonterpeton__map_z_trans,-0.03268104353977407,-0.004048401007382365,0.008004285685886625,NA,NA,NA
Smilodonterpeton__wmm_z_trans,0.012516171888396715,-0.004787046181608672,0.026963916592465435,NA,NA,NA
Smilodonterpeton__cmm_z_trans,-0.013169715967489387,-0.0022427779460175894,0.008688875802759602,NA,NA,NA
Smilodonterpeton__wmmcmm_z_trans,0.017980280474008164,-0.0013045329750706281,0.012648547969762551,NA,NA,NA
Smilodonterpeton__wetmon_z_trans,0.006467511314446646,-0.0029761780691241768,0.019301109329753832,NA,NA,NA
Smilodonterpeton__drymon_z_trans,0.00375087626900777,-0.0003675800241452615,0.0037467346166143198,NA,NA,NA
Smilodonterpeton__wetdry_z_trans,0.01700389769877367,-0.0032297839791192817,0.018469137424858905,NA,NA,NA
Smilodonterpeton__time,0.05709411286769684,-0.001551923386656327,0.0266341298584645,NA,NA,NA
Smilosuchus__lat_range_z_trans,-0.04029086833006093,-0.00557788185147133,-0.001448082520987416,1.3104685817635617,0.004574354737997055,3.008388935937546
Smilosuchus__Temperate_N,0.02712077046754382,-0.0006746401470848327,0.015658708474108694,NA,NA,NA
Smilosuchus__Tropical,-0.019430830680017278,-0.004214806809891359,0.013096627375629968,NA,NA,NA
Smilosuchus__Temperate_S,0.020850673088792317,-0.0009042716971741955,0.01162604731542472,NA,NA,NA
Smilosuchus__Antarctic,0.002265551264002929,-0.00041727165205936634,0.0018717711299609478,NA,NA,NA
Smilosuchus__mat_z_trans,0.026228434939591448,-0.00284755031751331,0.031148408475687714,NA,NA,NA
Smilosuchus__map_z_trans,-0.021916721978828935,-0.00426271989072226,0.005178017217374802,NA,NA,NA
Smilosuchus__wmm_z_trans,0.03152821359662708,-0.0029305999943054837,0.026920587617118186,NA,NA,NA
Smilosuchus__cmm_z_trans,-0.0060000745957695676,-0.003468387811310169,0.00854562622060772,NA,NA,NA
Smilosuchus__wmmcmm_z_trans,0.01883976926427356,-0.0014717171885093128,0.0158408554544209,NA,NA,NA
Smilosuchus__wetmon_z_trans,0.007956728004070041,-0.003937263306265555,0.016300744213979,NA,NA,NA
Smilosuchus__drymon_z_trans,0.002811679071302675,-0.0004340683395273784,0.0034715492845061994,NA,NA,NA
Smilosuchus__wetdry_z_trans,0.01675700260438781,-0.0032485823459354824,0.018000011478546712,NA,NA,NA
Smilosuchus__time,0.05073699761571133,-0.0005597089596332401,0.02792866845908694,NA,NA,NA
Sophineta__lat_range_z_trans,0.021110265589975592,0.0010709888996686318,0.010117912545720652,2.3353643135052518,1.327155977487564,3.6162006482481956
Sophineta__Temperate_N,-0.029890694473073957,-0.007450867222496827,-0.0005251436305740741,NA,NA,NA
Sophineta__Tropical,0.013775736484329155,0.00015415397505190318,0.010441628958581677,NA,NA,NA
Sophineta__Temperate_S,0.019800665319356467,0.00020203125781509455,0.013380804733378705,NA,NA,NA
Sophineta__Antarctic,-0.0002980264008555345,-0.000376482738657571,0.0013802457965377516,NA,NA,NA
Sophineta__mat_z_trans,-0.0032819605698672046,-0.007558513382948393,0.01963389798172645,NA,NA,NA
Sophineta__map_z_trans,0.03738128839350059,-0.0008715370917853599,0.03036719178920703,NA,NA,NA
Sophineta__wmm_z_trans,0.004956188365140324,-0.005387115829762289,0.014657113597282207,NA,NA,NA
Sophineta__cmm_z_trans,0.03303748559947035,-0.001197895149056025,0.02875469482887017,NA,NA,NA
Sophineta__wmmcmm_z_trans,0.018813858546212852,-0.0018222371553379398,0.016968798838947474,NA,NA,NA
Sophineta__wetmon_z_trans,0.00634077635895738,-0.0037384943225355575,0.021223356644361976,NA,NA,NA
Sophineta__drymon_z_trans,0.0051747257131247925,-0.0006344182310302313,0.00658076412353811,NA,NA,NA
Sophineta__wetdry_z_trans,0.004352023371449913,-0.004108073113044636,0.018195200656373416,NA,NA,NA
Sophineta__time,-0.013815007966094422,-0.003231010207284074,0.002963073331513557,NA,NA,NA
Soturnia__lat_range_z_trans,0.03000454376987623,0.0009278782612068614,0.009970348481993923,1.262816502987698,0.01414051465690136,4.370458018034697
Soturnia__Temperate_N,0.029666081944238046,0.0001337542537030271,0.01672149931859866,NA,NA,NA
Soturnia__Tropical,0.020156076550289028,-0.00021132349732198077,0.011043648022066824,NA,NA,NA
Soturnia__Temperate_S,-0.01563060193723988,-0.004838132779086815,0.007654643270707337,NA,NA,NA
Soturnia__Antarctic,0.0032385669349629122,-0.0003068355011026634,0.0023442277588178674,NA,NA,NA
Soturnia__mat_z_trans,0.031609586543279646,-0.0032918804352653286,0.025491521162817145,NA,NA,NA
Soturnia__map_z_trans,-0.02721455937013342,-0.003876124204192874,0.005461169767148366,NA,NA,NA
Soturnia__wmm_z_trans,0.017562969099463314,-0.002631038549689458,0.021794741771147243,NA,NA,NA
Soturnia__cmm_z_trans,-0.024426379780284443,-0.00547352541709739,0.01193797984816203,NA,NA,NA
Soturnia__wmmcmm_z_trans,-0.01130676306671266,-0.006098119349557561,0.01613975619884997,NA,NA,NA
Soturnia__wetmon_z_trans,0.00679208321210263,-0.004530241001416686,0.017553866463849554,NA,NA,NA
Soturnia__drymon_z_trans,0.0015513793889301083,-0.000576061755279408,0.0034605838684977973,NA,NA,NA
Soturnia__wetdry_z_trans,0.02131564235300413,-0.00418861252503961,0.022254162915539295,NA,NA,NA
Soturnia__time,0.03413869868985064,1.0792188736614197e-05,0.022311391347269078,NA,NA,NA
Soumyasaurus__lat_range_z_trans,0.25853680061150097,0.000843103217976612,0.00991133500727601,0.29493925945265803,0.08924926072359085,0.46636800467967987
Soumyasaurus__Temperate_N,0.22905355418267206,6.710676910294182e-05,0.012692901405737216,NA,NA,NA
Soumyasaurus__Tropical,-0.23401619296641918,-0.004134364110098754,0.00781754613772557,NA,NA,NA
Soumyasaurus__Temperate_S,0.24849139654668798,0.00021978205753067994,0.014308825714243082,NA,NA,NA
Soumyasaurus__Antarctic,0.056766087306914265,8.844098144197789e-05,0.0026719864448929626,NA,NA,NA
Soumyasaurus__mat_z_trans,0.2333250812533221,-0.0034511229500112737,0.03162989526186958,NA,NA,NA
Soumyasaurus__map_z_trans,-0.3804012050308396,-0.005027199604121936,0.005827436402867708,NA,NA,NA
Soumyasaurus__wmm_z_trans,0.02977916955350485,-0.0020076870016770896,0.01224937978238971,NA,NA,NA
Soumyasaurus__cmm_z_trans,-0.35125770174185295,-0.006390003859192223,0.01105481575617778,NA,NA,NA
Soumyasaurus__wmmcmm_z_trans,-0.28786266269851707,-0.005086979430654682,0.020923521285093276,NA,NA,NA
Soumyasaurus__wetmon_z_trans,0.0011360498732795998,-0.005265356251406372,0.021365077050775554,NA,NA,NA
Soumyasaurus__drymon_z_trans,0.023389835078772955,-0.0005774240657304944,0.005521999860168349,NA,NA,NA
Soumyasaurus__wetdry_z_trans,0.10171295701269872,-0.004425870409172367,0.028292993166393478,NA,NA,NA
Soumyasaurus__time,0.18880415534990164,0.00019810434460970392,0.009871826919854805,NA,NA,NA
Sphenotitan__lat_range_z_trans,0.023684825687244844,0.0008303830203990306,0.011388263381835411,1.6558146394812503,0.013806082308292389,4.390097977593541
Sphenotitan__Temperate_N,0.022167898790673355,-0.00023153866260565493,0.013751704514900055,NA,NA,NA
Sphenotitan__Tropical,0.015495270376675717,-0.00041210747663137276,0.010957580082714037,NA,NA,NA
Sphenotitan__Temperate_S,-0.007092248879023355,-0.0037534311010152927,0.015224945325091367,NA,NA,NA
Sphenotitan__Antarctic,0.001686308394429291,-0.00033471058085257475,0.00204651512172772,NA,NA,NA
Sphenotitan__mat_z_trans,0.023236799525210104,-0.00420879809659915,0.023627570191144007,NA,NA,NA
Sphenotitan__map_z_trans,-0.017775374546961722,-0.0045135522116218196,0.005924559778731509,NA,NA,NA
Sphenotitan__wmm_z_trans,0.018216093449208756,-0.0028964548739936497,0.02068986338411074,NA,NA,NA
Sphenotitan__cmm_z_trans,-0.012756070258573006,-0.005173702312224958,0.011332787272007124,NA,NA,NA
Sphenotitan__wmmcmm_z_trans,-0.0036587898858855966,-0.005031173850345067,0.016583293286894053,NA,NA,NA
Sphenotitan__wetmon_z_trans,0.007882166844929392,-0.003471909410954496,0.020854398226124473,NA,NA,NA
Sphenotitan__drymon_z_trans,0.0015212598690700493,-0.0006668711315592428,0.0037041112263517598,NA,NA,NA
Sphenotitan__wetdry_z_trans,0.017774466915238627,-0.00411694492144213,0.016873626850514956,NA,NA,NA
Sphenotitan__time,0.027074718049389827,-0.0009686587019568983,0.02118032155331789,NA,NA,NA
Sphodrosaurus__lat_range_z_trans,0.24786975951576964,0.0008537002233282314,0.010410083709922214,0.2986550332947809,0.12223027646541595,0.46884894743561745
Sphodrosaurus__Temperate_N,0.22130380962196172,-1.934986830646817e-05,0.013478790465488829,NA,NA,NA
Sphodrosaurus__Tropical,-0.2368343101780495,-0.004753900222558424,0.003094453155142377,NA,NA,NA
Sphodrosaurus__Temperate_S,0.23971298277294126,0.00024679607055374544,0.016046209302396235,NA,NA,NA
Sphodrosaurus__Antarctic,0.05347346665738797,6.300736992928304e-05,0.0026913296016714845,NA,NA,NA
Sphodrosaurus__mat_z_trans,0.22892616252758932,-0.0034691722768273054,0.03322154454172056,NA,NA,NA
Sphodrosaurus__map_z_trans,-0.3607519895248328,-0.004400057041879926,0.006731261244344046,NA,NA,NA
Sphodrosaurus__wmm_z_trans,0.053868250085726384,-0.0018727946940687587,0.012865781333765236,NA,NA,NA
Sphodrosaurus__cmm_z_trans,-0.35196535416249214,-0.006662925085087456,0.011611105601323654,NA,NA,NA
Sphodrosaurus__wmmcmm_z_trans,-0.2862829362119011,-0.0055537180299414695,0.015714966662739673,NA,NA,NA
Sphodrosaurus__wetmon_z_trans,-0.012363253464007873,-0.004774815684420997,0.02244018998492498,NA,NA,NA
Sphodrosaurus__drymon_z_trans,0.02345830861795671,-0.000668118965514857,0.005293655802753203,NA,NA,NA
Sphodrosaurus__wetdry_z_trans,0.11246950509917046,-0.004013539528552597,0.030171581254887968,NA,NA,NA
Sphodrosaurus__time,0.18457292297440625,7.541742194372676e-05,0.010368587534384636,NA,NA,NA
Spinosuchus__lat_range_z_trans,-0.03732676985977629,-0.004673374429046864,0.0011716815883037585,1.1602679866850667,0.0010403040796518326,3.275298754684627
Spinosuchus__Temperate_N,0.03079019927826473,-0.0006447582561859698,0.014410710937747592,NA,NA,NA
Spinosuchus__Tropical,-0.018956774384460494,-0.0041276574250171776,0.008842373698165202,NA,NA,NA
Spinosuchus__Temperate_S,0.024721712043406625,-0.0001942315312469782,0.0138006166314279,NA,NA,NA
Spinosuchus__Antarctic,0.002886281191882362,-0.0004189602321692834,0.0018987901655333804,NA,NA,NA
Spinosuchus__mat_z_trans,0.02905457984425046,-0.0036928225060907727,0.026126925363851732,NA,NA,NA
Spinosuchus__map_z_trans,-0.026785394655757647,-0.0033975276433012595,0.008524147608146787,NA,NA,NA
Spinosuchus__wmm_z_trans,0.033669475693320024,-0.0029286068407707146,0.02775558672659081,NA,NA,NA
Spinosuchus__cmm_z_trans,-0.015241834529803397,-0.0044184291423099075,0.009364264041428948,NA,NA,NA
Spinosuchus__wmmcmm_z_trans,0.014754466922796009,-0.002375135848393973,0.015502680388498887,NA,NA,NA
Spinosuchus__wetmon_z_trans,0.008005099035047796,-0.004274404228569937,0.015995536938828762,NA,NA,NA
Spinosuchus__drymon_z_trans,0.0034491537709244228,-0.00045039860278117406,0.003369705430839266,NA,NA,NA
Spinosuchus__wetdry_z_trans,0.018917703699074428,-0.003363365183909711,0.018135822391188956,NA,NA,NA
Spinosuchus__time,0.04951942628245728,1.0201558390449841e-05,0.029240698284913106,NA,NA,NA
Spondylolestes__lat_range_z_trans,0.031761126302057116,0.0008277577523580644,0.008716050271997134,1.546409370333422,0.3958749966695905,3.6082732379436493
Spondylolestes__Temperate_N,0.030488451130778988,4.3091785488877925e-05,0.011771705119228119,NA,NA,NA
Spondylolestes__Tropical,0.01686035874722629,-0.0003312317495185823,0.008639379045573053,NA,NA,NA
Spondylolestes__Temperate_S,-0.04772788479198152,-0.005350026073283217,0.0009155998918368736,NA,NA,NA
Spondylolestes__Antarctic,0.003009872574252974,-0.0003070081679521536,0.0022566209156602763,NA,NA,NA
Spondylolestes__mat_z_trans,-0.025512253804880397,-0.007558603903841991,0.022763499511265592,NA,NA,NA
Spondylolestes__map_z_trans,0.02630623296303509,-0.0004959851537267588,0.01873935572548793,NA,NA,NA
Spondylolestes__wmm_z_trans,0.004621554666407601,-0.000962822005912818,0.011864150349905305,NA,NA,NA
Spondylolestes__cmm_z_trans,0.05465894685310404,-0.0028044687899166656,0.031895795786602246,NA,NA,NA
Spondylolestes__wmmcmm_z_trans,0.026340608019973198,-0.004960597909043146,0.02898457623279699,NA,NA,NA
Spondylolestes__wetmon_z_trans,0.006946957715460303,-0.0019027086488303184,0.01549986378862204,NA,NA,NA
Spondylolestes__drymon_z_trans,0.02103731814646918,-0.003794487734775326,0.01611173420603563,NA,NA,NA
Spondylolestes__wetdry_z_trans,-0.008097124468090756,-0.004422828380665678,0.01359756651467089,NA,NA,NA
Spondylolestes__time,-0.023236839722185803,-0.0029295513317835623,0.0023836428357830153,NA,NA,NA
Spondylosoma__lat_range_z_trans,0.09853277473898013,0.0011806918519370393,0.016330522867489816,0.5905761101431563,0.2738285092636943,1.015882346779108
Spondylosoma__Temperate_N,0.08880542505793512,-0.0004270079005193756,0.02127841565753739,NA,NA,NA
Spondylosoma__Tropical,0.06258054059016456,-0.0006498310678830579,0.014485771548496605,NA,NA,NA
Spondylosoma__Temperate_S,-0.16339026591791658,-0.008717874308709656,0.0087051649852836,NA,NA,NA
Spondylosoma__Antarctic,0.021440225268646217,6.468260464353515e-05,0.004495003780461804,NA,NA,NA
Spondylosoma__mat_z_trans,-0.020991474038675063,-0.0042116096415011,0.016271335664673908,NA,NA,NA
Spondylosoma__map_z_trans,-0.007926421517825641,-0.004531253716236769,0.0159133243425918,NA,NA,NA
Spondylosoma__wmm_z_trans,-0.0137664095296415,-0.002156037472342199,0.01042631277878949,NA,NA,NA
Spondylosoma__cmm_z_trans,0.026602658172797538,-0.00279268960947001,0.0203153478356229,NA,NA,NA
Spondylosoma__wmmcmm_z_trans,0.0377878274306048,-0.001507494918611616,0.016537343573498942,NA,NA,NA
Spondylosoma__wetmon_z_trans,0.002162472787878442,-0.004402953514659532,0.018088023494035065,NA,NA,NA
Spondylosoma__drymon_z_trans,0.006716277606858653,-0.0009206375766356859,0.006689884834732967,NA,NA,NA
Spondylosoma__wetdry_z_trans,-0.011822517479374975,-0.004426880503004915,0.020294013354456943,NA,NA,NA
Spondylosoma__time,-0.009273788838805377,-0.0014505745384099339,0.00430907547779386,NA,NA,NA
Stagonolepis__lat_range_z_trans,-0.7938969391584396,-0.014818265246079428,-0.012103293577445249,0.18884075736008527,0.0035740146413445473,0.3424008507281542
Stagonolepis__Temperate_N,-0.10800815674941987,-0.0027957296379757138,0.004211362347628496,NA,NA,NA
Stagonolepis__Tropical,-0.06199035893660039,-0.002296701282996594,0.007818546152382373,NA,NA,NA
Stagonolepis__Temperate_S,0.13234221031190826,-0.00045587599616250454,0.014633194262322922,NA,NA,NA
Stagonolepis__Antarctic,0.026829727496951818,-9.881452674413601e-05,0.0026693022948371965,NA,NA,NA
Stagonolepis__mat_z_trans,0.17768077553715556,-0.0017893043408226017,0.03282663209409551,NA,NA,NA
Stagonolepis__map_z_trans,-0.10414860797289294,-0.0029260463260704856,0.0058680694751998535,NA,NA,NA
Stagonolepis__wmm_z_trans,0.16157395449699835,-0.0016867844105292538,0.03233760411092932,NA,NA,NA
Stagonolepis__cmm_z_trans,-0.028885849841462915,-0.0024798825932281178,0.006667519936327947,NA,NA,NA
Stagonolepis__wmmcmm_z_trans,0.12350430568214506,-0.0010061067416211097,0.016353303745066175,NA,NA,NA
Stagonolepis__wetmon_z_trans,0.0699273397482466,-0.0023588199761337162,0.022889976258455045,NA,NA,NA
Stagonolepis__drymon_z_trans,0.029156719625389085,-0.00022942449946477384,0.0052864097045017,NA,NA,NA
Stagonolepis__wetdry_z_trans,0.1213733688229695,-0.002074622090336401,0.024511443823567194,NA,NA,NA
Stagonolepis__time,0.2984034247882664,6.690735676155782e-05,0.030169469567596596,NA,NA,NA
Stagonosuchus__lat_range_z_trans,0.19233885837332323,0.0009935597051927072,0.01361893248138126,0.4044216106754902,0.1759338416159153,0.6812507212162018
Stagonosuchus__Temperate_N,0.17000854381243868,-5.2344508581428835e-05,0.02182483827256458,NA,NA,NA
Stagonosuchus__Tropical,0.12162449069774987,-0.00033458826324614946,0.013308203072265037,NA,NA,NA
Stagonosuchus__Temperate_S,-0.3874567074056966,-0.008326946824012648,0.00019900570953301357,NA,NA,NA
Stagonosuchus__Antarctic,0.04809560705622037,0.0001414625868575128,0.004287396926627829,NA,NA,NA
Stagonosuchus__mat_z_trans,-0.10305696106731417,-0.004502749843908638,0.013905023643242599,NA,NA,NA
Stagonosuchus__map_z_trans,0.1576874609792585,-0.0007490791315844349,0.03203862197174649,NA,NA,NA
Stagonosuchus__wmm_z_trans,-0.030804111707635137,-0.002823608405913375,0.013655246024449879,NA,NA,NA
Stagonosuchus__cmm_z_trans,0.07489938654793829,-0.0025635202086108947,0.017935609097746802,NA,NA,NA
Stagonosuchus__wmmcmm_z_trans,0.031220397114910262,-0.002730135157210022,0.01410411211463523,NA,NA,NA
Stagonosuchus__wetmon_z_trans,-0.054971736178394834,-0.006276573262569859,0.02185708572819874,NA,NA,NA
Stagonosuchus__drymon_z_trans,0.02482480981586345,-0.0006399631615588644,0.005818891883749313,NA,NA,NA
Stagonosuchus__wetdry_z_trans,-0.08930870154546525,-0.0054478067035011925,0.017720876667443236,NA,NA,NA
Stagonosuchus__time,-0.03764401216157041,-0.0016371771327559877,0.003865696601881081,NA,NA,NA
Staurikosaurus__lat_range_z_trans,0.061334572028280555,0.0014507623486947727,0.016513463723200564,0.7707543411350344,0.4275338576408103,1.1323013827204704
Staurikosaurus__Temperate_N,0.05692337730747588,-8.824773504336077e-05,0.02346530248156809,NA,NA,NA
Staurikosaurus__Tropical,0.04484823194787121,-0.00038238698413531065,0.01941858457272437,NA,NA,NA
Staurikosaurus__Temperate_S,-0.04260997749301635,-0.00678505420203023,0.00936526443644142,NA,NA,NA
Staurikosaurus__Antarctic,0.010017907278698801,-7.101981116553264e-05,0.0039268999306916,NA,NA,NA
Staurikosaurus__mat_z_trans,0.01606088362798424,-0.002833101289861574,0.013423192003827494,NA,NA,NA
Staurikosaurus__map_z_trans,-0.07204849345693472,-0.008509360177810683,0.010935763428984018,NA,NA,NA
Staurikosaurus__wmm_z_trans,-0.0007979508455349328,-0.002241794867462987,0.011117153251300894,NA,NA,NA
Staurikosaurus__cmm_z_trans,-0.009889275847144581,-0.002744638052665345,0.01485265505408988,NA,NA,NA
Staurikosaurus__wmmcmm_z_trans,-0.0029999478686741875,-0.003227228075882849,0.010366285385521045,NA,NA,NA
Staurikosaurus__wetmon_z_trans,0.015584580315893251,-0.0038741586851043,0.01989085991259942,NA,NA,NA
Staurikosaurus__drymon_z_trans,0.0032296741697551462,-0.0013771826918917798,0.007690879588205166,NA,NA,NA
Staurikosaurus__wetdry_z_trans,0.033559524438176794,-0.003183108510622744,0.027453170796459217,NA,NA,NA
Staurikosaurus__time,0.0042442187287951945,-0.001082951576421352,0.005720065629851903,NA,NA,NA
Stauromatodon__lat_range_z_trans,0.06748306387611089,0.001235387418715902,0.016185158135933266,0.7567280159034999,0.25043551065027714,1.4244403466582298
Stauromatodon__Temperate_N,-0.12129607051604308,-0.009477491409274773,0.012871977914262303,NA,NA,NA
Stauromatodon__Tropical,0.03623556513232038,-0.001208302477136121,0.014923804587057232,NA,NA,NA
Stauromatodon__Temperate_S,0.06876626528560646,0.00023245577192546464,0.022714850742359308,NA,NA,NA
Stauromatodon__Antarctic,0.013878388551188892,7.782550387403104e-05,0.00406162125293742,NA,NA,NA
Stauromatodon__mat_z_trans,-0.021810803913561355,-0.005096225628195581,0.013393613466229562,NA,NA,NA
Stauromatodon__map_z_trans,0.007284780398706931,-0.0025549666697514046,0.019138065647292146,NA,NA,NA
Stauromatodon__wmm_z_trans,0.0037139940339985713,-0.001761317141795603,0.008099836351549579,NA,NA,NA
Stauromatodon__cmm_z_trans,0.03899289254818076,-0.002463289026236164,0.02049297648991891,NA,NA,NA
Stauromatodon__wmmcmm_z_trans,0.03428872000443748,-0.001723120573104338,0.017795733575833885,NA,NA,NA
Stauromatodon__wetmon_z_trans,0.002186493374163513,-0.005319515168281048,0.016297652861394323,NA,NA,NA
Stauromatodon__drymon_z_trans,0.0028501614773012197,-0.0011546549048452896,0.005297345750698352,NA,NA,NA
Stauromatodon__wetdry_z_trans,-0.007465880902079528,-0.004047280757901971,0.017678405214601126,NA,NA,NA
Stauromatodon__time,-0.007650245018704867,-0.0016889752493963763,0.005188498205397695,NA,NA,NA
Stegomus__lat_range_z_trans,-0.0459822625124495,-0.0061018664040982966,-1.1668918458299418e-05,1.2727493619354209,0.006091432645916939,2.7973164278664626
Stegomus__Temperate_N,0.02888497895763232,-0.00012727032543990787,0.01695474485651914,NA,NA,NA
Stegomus__Tropical,-0.020922426966131565,-0.004224858777356089,0.01263568037667145,NA,NA,NA
Stegomus__Temperate_S,0.020873561995979374,-0.0008681117700352308,0.011853394499435326,NA,NA,NA
Stegomus__Antarctic,0.0024714615415480086,-0.0003783625606098006,0.0020431207108504066,NA,NA,NA
Stegomus__mat_z_trans,0.027565553997120833,-0.003954533811675665,0.025749881543456782,NA,NA,NA
Stegomus__map_z_trans,-0.02167900407404286,-0.004113701302942765,0.005707779714782958,NA,NA,NA
Stegomus__wmm_z_trans,0.03094991776325998,-0.0030644475645992125,0.026696543586193076,NA,NA,NA
Stegomus__cmm_z_trans,-0.0064149049447668,-0.0029901727373196595,0.009306758757877618,NA,NA,NA
Stegomus__wmmcmm_z_trans,0.021345192633920616,-0.0007297939058830058,0.016185592710973334,NA,NA,NA
Stegomus__wetmon_z_trans,0.007382225639294907,-0.004513907926696924,0.01638490509074579,NA,NA,NA
Stegomus__drymon_z_trans,0.0027362184605449927,-0.0006032493234364614,0.003017606178815086,NA,NA,NA
Stegomus__wetdry_z_trans,0.01777407619386274,-0.003212472099977889,0.019473814974897953,NA,NA,NA
Stegomus__time,0.05247273564585326,-6.672180133236666e-05,0.028141386112704482,NA,NA,NA
Stenaulorhynchus__lat_range_z_trans,0.104803509617609,0.0013287751986970923,0.015863684643536383,0.5646930419410637,0.26754816621541977,1.0302951745688915
Stenaulorhynchus__Temperate_N,0.0961901186977376,-6.543070565036295e-05,0.022559179790655307,NA,NA,NA
Stenaulorhynchus__Tropical,0.06784372482286476,-0.0006301957298033511,0.01636268939948533,NA,NA,NA
Stenaulorhynchus__Temperate_S,-0.1675876904104918,-0.008894730178100017,0.008376244418983074,NA,NA,NA
Stenaulorhynchus__Antarctic,0.023216809020812666,6.599479358702988e-05,0.0042062333876363356,NA,NA,NA
Stenaulorhynchus__mat_z_trans,-0.013393809553834197,-0.004013463506628062,0.01491421510010527,NA,NA,NA
Stenaulorhynchus__map_z_trans,-0.014741001351177875,-0.004048770537321131,0.020748395177689255,NA,NA,NA
Stenaulorhynchus__wmm_z_trans,-0.012216877575176087,-0.002115514531659605,0.010127456938802477,NA,NA,NA
Stenaulorhynchus__cmm_z_trans,0.020673402348127565,-0.003512303420748438,0.01363551091525855,NA,NA,NA
Stenaulorhynchus__wmmcmm_z_trans,0.03871802300557283,-0.001709719785558674,0.01700339549273505,NA,NA,NA
Stenaulorhynchus__wetmon_z_trans,-0.020691089616431985,-0.004090414463359373,0.02098233024292295,NA,NA,NA
Stenaulorhynchus__drymon_z_trans,0.007474907881984038,-0.0009889555465710403,0.006295033753095705,NA,NA,NA
Stenaulorhynchus__wetdry_z_trans,-0.0030860779100327614,-0.004455025248007432,0.01891891184781429,NA,NA,NA
Stenaulorhynchus__time,-0.009746624645937464,-0.0018197166502799103,0.004146259086745126,NA,NA,NA
Stenomyti__lat_range_z_trans,0.2524863635003567,0.0008984076767984293,0.010287384244855837,0.22631782769094572,0.08652764558792114,0.40785151720046997
Stenomyti__Temperate_N,0.22641487535845953,-2.1524655662550155e-05,0.01361281005732512,NA,NA,NA
Stenomyti__Tropical,-0.24537471672985703,-0.004129036437893725,0.006336731080169271,NA,NA,NA
Stenomyti__Temperate_S,0.244492825306952,0.00025869529567532475,0.016205756735582694,NA,NA,NA
Stenomyti__Antarctic,0.056771778594702484,8.090719895616124e-05,0.002834348050375257,NA,NA,NA
Stenomyti__mat_z_trans,0.19630219074038904,-0.002922539353031974,0.03189952810894087,NA,NA,NA
Stenomyti__map_z_trans,-0.3839192325761542,-0.004894592108949153,0.008519247242486141,NA,NA,NA
Stenomyti__wmm_z_trans,0.03504017454572022,-0.0013296003543940386,0.010404826023631844,NA,NA,NA
Stenomyti__cmm_z_trans,-0.3423429952957667,-0.006052255386516823,0.011726554805571006,NA,NA,NA
Stenomyti__wmmcmm_z_trans,-0.2887521083699539,-0.006177916373799129,0.014710499065057905,NA,NA,NA
Stenomyti__wetmon_z_trans,-0.016816117433772888,-0.005690126528224057,0.02266331275771448,NA,NA,NA
Stenomyti__drymon_z_trans,0.02953359339677263,-0.000622650204974995,0.0046640509668743856,NA,NA,NA
Stenomyti__wetdry_z_trans,0.12156198095530271,-0.004464632780536833,0.030471577238592056,NA,NA,NA
Stenomyti__time,0.1636289942264557,0.00011739370115008799,0.009802913818288232,NA,NA,NA
Stenoscelida__lat_range_z_trans,0.1918252615584142,0.0007261923690131139,0.010406123594165567,0.33497546161845093,0.031879985705018044,1.7718464426579885
Stenoscelida__Temperate_N,0.16496807712321257,0.0002180954410916493,0.017528010817057932,NA,NA,NA
Stenoscelida__Tropical,0.1354107624092285,-0.0001169755769753647,0.011532854684362439,NA,NA,NA
Stenoscelida__Temperate_S,-0.18299487046350807,-0.004050296624592239,0.00570751985514723,NA,NA,NA
Stenoscelida__Antarctic,0.04361789878978881,3.379348803362921e-05,0.003202602314450333,NA,NA,NA
Stenoscelida__mat_z_trans,0.1747236366417575,-0.0038344880685710074,0.03254258559780185,NA,NA,NA
Stenoscelida__map_z_trans,-0.23871810723998155,-0.004923593583235371,0.006653122520191161,NA,NA,NA
Stenoscelida__wmm_z_trans,0.059019198449576524,-0.0012702077248630613,0.015262044587199743,NA,NA,NA
Stenoscelida__cmm_z_trans,-0.2803340067217438,-0.006611218992529078,0.015505532502627054,NA,NA,NA
Stenoscelida__wmmcmm_z_trans,-0.24145132334705363,-0.005926800821101514,0.012944303192494273,NA,NA,NA
Stenoscelida__wetmon_z_trans,0.0010392017071515012,-0.0042494658816234114,0.019395019566073694,NA,NA,NA
Stenoscelida__drymon_z_trans,0.01322435214310983,-0.0009775606065068145,0.0048916265577934595,NA,NA,NA
Stenoscelida__wetdry_z_trans,0.10574181617540629,-0.004134139911551424,0.023240284197063407,NA,NA,NA
Stenoscelida__time,0.1713854271062677,0.00016719618200761687,0.015327910209036935,NA,NA,NA
Styracocephalus__lat_range_z_trans,0.07708174703596694,0.0005308937340827318,0.008387040122222883,0.6415384414562141,0.10054615885019302,1.5625792621867731
Styracocephalus__Temperate_N,0.07163580570878096,-0.00010671552768414292,0.010822814781792842,NA,NA,NA
Styracocephalus__Tropical,0.03751501299955281,-0.0006092501390956933,0.008085527506431784,NA,NA,NA
Styracocephalus__Temperate_S,-0.09008501993839427,-0.0042195362103152915,0.0023948333109666572,NA,NA,NA
Styracocephalus__Antarctic,0.01456234498615459,-7.30813704975142e-05,0.002224939721961241,NA,NA,NA
Styracocephalus__mat_z_trans,-0.14151834725234835,-0.007639429343269706,0.02650075669834087,NA,NA,NA
Styracocephalus__map_z_trans,0.06114640154474995,-0.00046230972010727166,0.013242939667151843,NA,NA,NA
Styracocephalus__wmm_z_trans,-0.09535229946924376,-0.0073381282365618935,0.01594061357301138,NA,NA,NA
Styracocephalus__cmm_z_trans,0.12649784739779704,-0.0026140564320806677,0.03422414544206397,NA,NA,NA
Styracocephalus__wmmcmm_z_trans,0.06876920943718681,-0.0028209241622101696,0.02703838305443354,NA,NA,NA
Styracocephalus__wetmon_z_trans,0.014651302359282426,-0.001237154369592101,0.009577939462747886,NA,NA,NA
Styracocephalus__drymon_z_trans,0.04353538431564496,-0.0026355953079820176,0.01858223415566363,NA,NA,NA
Styracocephalus__wetdry_z_trans,-0.01505788917656769,-0.002993536862866197,0.014327827793668816,NA,NA,NA
Styracocephalus__time,-0.05592417561693615,-0.0027306463632233414,0.0027895449050077256,NA,NA,NA
Suchonosaurus__lat_range_z_trans,0.043582234349542746,0.0005619555635777834,0.009202257707058376,1.071294355917271,0.076315987855196,2.2252634279429913
Suchonosaurus__Temperate_N,-0.054899062736228646,-0.0038113090828602843,0.002842868645437035,NA,NA,NA
Suchonosaurus__Tropical,0.023786744045788757,-0.00042832380387484753,0.007672914535459097,NA,NA,NA
Suchonosaurus__Temperate_S,0.04309140478480034,0.0001837906732218736,0.013658573347125282,NA,NA,NA
Suchonosaurus__Antarctic,0.006378470328434874,-0.00015570061088180019,0.0023194612311969306,NA,NA,NA
Suchonosaurus__mat_z_trans,-0.06314751514473614,-0.00799997604232279,0.02307736950366465,NA,NA,NA
Suchonosaurus__map_z_trans,0.026134948359345232,-0.0006963786129197361,0.008314491929632717,NA,NA,NA
Suchonosaurus__wmm_z_trans,-0.02432448235591275,-0.005979418219035438,0.009425038971212597,NA,NA,NA
Suchonosaurus__cmm_z_trans,0.08204014469130476,-0.003460778750412436,0.03797146935059465,NA,NA,NA
Suchonosaurus__wmmcmm_z_trans,0.04456421253961178,-0.003860582474527963,0.03446555114727241,NA,NA,NA
Suchonosaurus__wetmon_z_trans,0.008349327212192293,-0.001220470508369368,0.008843740419413819,NA,NA,NA
Suchonosaurus__drymon_z_trans,0.025892717789859174,-0.0027301169784975654,0.01785937655584353,NA,NA,NA
Suchonosaurus__wetdry_z_trans,-0.008875864303921531,-0.0027860158237358696,0.01689608329295424,NA,NA,NA
Suchonosaurus__time,-0.035115955228454586,-0.002566145640764834,0.0015903435585997742,NA,NA,NA
Sumidadectes__lat_range_z_trans,0.1425237476323428,0.0005634434517209301,0.00932995078046423,0.43565329816978193,0.18159436248242855,0.7237340258434415
Sumidadectes__Temperate_N,0.10938890594314515,-0.0001669022882076183,0.008332492538062676,NA,NA,NA
Sumidadectes__Tropical,-0.13441579414828175,-0.0026280582820541586,0.0036643297635421423,NA,NA,NA
Sumidadectes__Temperate_S,0.1349666481120795,0.00012488478616738918,0.00972348495730518,NA,NA,NA
Sumidadectes__Antarctic,0.035340213629941254,1.0018768103629559e-05,0.0032943650480532624,NA,NA,NA
Sumidadectes__mat_z_trans,0.13547038898307395,-0.0029246535563533555,0.028211030461197176,NA,NA,NA
Sumidadectes__map_z_trans,0.42943551315063927,-0.00196790864843407,0.03957199434932223,NA,NA,NA
Sumidadectes__wmm_z_trans,0.03490651276100173,-0.0014798570302792184,0.008337921751763911,NA,NA,NA
Sumidadectes__cmm_z_trans,-0.20179834854868828,-0.00448614967820843,0.013442547680257369,NA,NA,NA
Sumidadectes__wmmcmm_z_trans,-0.13184950418338762,-0.004595521197663157,0.009283390715454014,NA,NA,NA
Sumidadectes__wetmon_z_trans,-0.005366531573767927,-0.004948540806561149,0.02447654864560873,NA,NA,NA
Sumidadectes__drymon_z_trans,-0.13280422113446588,-0.005105202587645168,0.01862306420976376,NA,NA,NA
Sumidadectes__wetdry_z_trans,-0.09001317576319953,-0.0031156314421964277,0.015316401709796517,NA,NA,NA
Sumidadectes__time,-0.20832703052880647,-0.00422939179979247,0.0025320175848738856,NA,NA,NA
Syntarsus__lat_range_z_trans,0.020660241798536455,0.0014295644372246475,0.012249720158723285,2.1589462556348007,0.9567928425967693,4.330249695107341
Syntarsus__Temperate_N,0.019378434265926583,-0.0004396823307270603,0.016099580506739992,NA,NA,NA
Syntarsus__Tropical,-0.011625815914984418,-0.006745876237777405,0.010235912032101144,NA,NA,NA
Syntarsus__Temperate_S,0.010846530246207128,-0.0020377503480862734,0.011930211036504037,NA,NA,NA
Syntarsus__Antarctic,0.0013419502231925744,-0.00022151600947582355,0.0021338649790001423,NA,NA,NA
Syntarsus__mat_z_trans,0.01569209465847018,-0.0035802723143411814,0.02942722280166404,NA,NA,NA
Syntarsus__map_z_trans,-0.011800830420416714,-0.005277565710433615,0.004175904535797047,NA,NA,NA
Syntarsus__wmm_z_trans,0.017523128912579,-0.00467112707055129,0.025832975645772475,NA,NA,NA
Syntarsus__cmm_z_trans,-0.002262419943062616,-0.0025416542940954407,0.008624554191249958,NA,NA,NA
Syntarsus__wmmcmm_z_trans,0.013241741292361815,-0.0009020702667629723,0.014255640466518105,NA,NA,NA
Syntarsus__wetmon_z_trans,0.005024997592334285,-0.004282365313229021,0.014925950634877156,NA,NA,NA
Syntarsus__drymon_z_trans,0.0015042974258704684,-0.0005723665839133272,0.002857717799486838,NA,NA,NA
Syntarsus__wetdry_z_trans,0.010711289515471322,-0.004046811826905883,0.018021987309622973,NA,NA,NA
Syntarsus__time,0.02722168467914023,-0.0010599764423286273,0.023368298097407904,NA,NA,NA
Syntomiprosopus__lat_range_z_trans,0.25298600673675536,0.0008756739068272783,0.010402905778125249,0.22303312682590332,0.08652764558792114,0.40936709102243185
Syntomiprosopus__Temperate_N,0.22682392764545511,4.687889885204134e-06,0.01346949660759462,NA,NA,NA
Syntomiprosopus__Tropical,-0.24410663741175084,-0.004019485971707512,0.006270019006226473,NA,NA,NA
Syntomiprosopus__Temperate_S,0.2446194839454256,0.00021582467060876796,0.016035145165048077,NA,NA,NA
Syntomiprosopus__Antarctic,0.0575170467607677,6.82293686173408e-05,0.0026894738836136622,NA,NA,NA
Syntomiprosopus__mat_z_trans,0.1942978612620209,-0.0028449993377310857,0.033198637715267,NA,NA,NA
Syntomiprosopus__map_z_trans,-0.38392455004621295,-0.004764730128946802,0.00842955799344158,NA,NA,NA
Syntomiprosopus__wmm_z_trans,0.04023471079126466,-0.002028010368781177,0.010295285707928255,NA,NA,NA
Syntomiprosopus__cmm_z_trans,-0.3333259823569097,-0.006274945705731245,0.011603099544272048,NA,NA,NA
Syntomiprosopus__wmmcmm_z_trans,-0.2947982515068725,-0.006014005585171075,0.01570413092288974,NA,NA,NA
Syntomiprosopus__wetmon_z_trans,-0.017720116973796395,-0.005539157646451858,0.02242471708790407,NA,NA,NA
Syntomiprosopus__drymon_z_trans,0.027859858652227558,-0.00047348523972495457,0.004614948597050165,NA,NA,NA
Syntomiprosopus__wetdry_z_trans,0.11510344388429075,-0.004346178363915711,0.030150777430587524,NA,NA,NA
Syntomiprosopus__time,0.15946959597989918,0.00019111220081955487,0.008851344755516619,NA,NA,NA
Tachiraptor__lat_range_z_trans,0.020660241798536455,0.0014295644372246475,0.012249720158723285,2.1589462556348007,0.9567928425967693,4.330249695107341
Tachiraptor__Temperate_N,0.019378434265926583,-0.0004396823307270603,0.016099580506739992,NA,NA,NA
Tachiraptor__Tropical,-0.011625815914984418,-0.006745876237777405,0.010235912032101144,NA,NA,NA
Tachiraptor__Temperate_S,0.010846530246207128,-0.0020377503480862734,0.011930211036504037,NA,NA,NA
Tachiraptor__Antarctic,0.0013419502231925744,-0.00022151600947582355,0.0021338649790001423,NA,NA,NA
Tachiraptor__mat_z_trans,0.01569209465847018,-0.0035802723143411814,0.02942722280166404,NA,NA,NA
Tachiraptor__map_z_trans,-0.011800830420416714,-0.005277565710433615,0.004175904535797047,NA,NA,NA
Tachiraptor__wmm_z_trans,0.017523128912579,-0.00467112707055129,0.025832975645772475,NA,NA,NA
Tachiraptor__cmm_z_trans,-0.002262419943062616,-0.0025416542940954407,0.008624554191249958,NA,NA,NA
Tachiraptor__wmmcmm_z_trans,0.013241741292361815,-0.0009020702667629723,0.014255640466518105,NA,NA,NA
Tachiraptor__wetmon_z_trans,0.005024997592334285,-0.004282365313229021,0.014925950634877156,NA,NA,NA
Tachiraptor__drymon_z_trans,0.0015042974258704684,-0.0005723665839133272,0.002857717799486838,NA,NA,NA
Tachiraptor__wetdry_z_trans,0.010711289515471322,-0.004046811826905883,0.018021987309622973,NA,NA,NA
Tachiraptor__time,0.02722168467914023,-0.0010599764423286273,0.023368298097407904,NA,NA,NA
Tangasaurus__lat_range_z_trans,0.025544233382544097,0.0008408398963417056,0.008773092515582654,1.8868738925445359,0.6265301033854485,3.752898745238781
Tangasaurus__Temperate_N,0.02531848724891086,-2.718105555399902e-06,0.011487200304250038,NA,NA,NA
Tangasaurus__Tropical,0.014271605057383624,-0.0002441667673116975,0.009065589205520207,NA,NA,NA
Tangasaurus__Temperate_S,-0.036838955882663976,-0.0047321721599643965,0.00403011794516181,NA,NA,NA
Tangasaurus__Antarctic,0.0010645878526583485,-0.00034394641189712934,0.0022713893848561035,NA,NA,NA
Tangasaurus__mat_z_trans,-0.01342455954902765,-0.00832542904927455,0.018113272341326554,NA,NA,NA
Tangasaurus__map_z_trans,0.029217144451204623,-8.73475136751547e-05,0.023881592440702176,NA,NA,NA
Tangasaurus__wmm_z_trans,0.0031848595659306487,-0.0020286356459075926,0.013031584966755232,NA,NA,NA
Tangasaurus__cmm_z_trans,0.04318977356271004,-0.003579698414822937,0.029435635744666996,NA,NA,NA
Tangasaurus__wmmcmm_z_trans,0.026422834371130192,-0.005038996759318098,0.024332558707282143,NA,NA,NA
Tangasaurus__wetmon_z_trans,0.008000586292511184,-0.0019327796550299076,0.015601302740691134,NA,NA,NA
Tangasaurus__drymon_z_trans,0.014194722176224271,-0.0023960953100693127,0.01803040542721387,NA,NA,NA
Tangasaurus__wetdry_z_trans,-0.004022600688618106,-0.004209198406420822,0.013686555870754815,NA,NA,NA
Tangasaurus__time,-0.018665393509271867,-0.002869126008497981,0.0023992426007013582,NA,NA,NA
Tanystropheus__lat_range_z_trans,-0.8141695854067802,-0.014650942105405075,-0.018210329669618906,0.20004708916021627,0.03916706517338753,0.4654098432511091
Tanystropheus__Temperate_N,-0.12257265914551681,-0.0035484678680745307,0.0037818508886299936,NA,NA,NA
Tanystropheus__Tropical,-0.06456337429553968,-0.0023295817140514975,0.00873323915031486,NA,NA,NA
Tanystropheus__Temperate_S,0.12988118215929717,-0.0004662166758862709,0.01809089906116011,NA,NA,NA
Tanystropheus__Antarctic,0.025350992382736876,-5.335569539324674e-05,0.0030779480385934263,NA,NA,NA
Tanystropheus__mat_z_trans,0.17426224412978628,-0.001799706533631178,0.035970116677682865,NA,NA,NA
Tanystropheus__map_z_trans,-0.09456568977533607,-0.002822126539234133,0.004096671326000744,NA,NA,NA
Tanystropheus__wmm_z_trans,0.1673205594951287,-0.0025704329719707713,0.030724146355461293,NA,NA,NA
Tanystropheus__cmm_z_trans,-0.019886301568476483,-0.0016382745600196562,0.009844494440103779,NA,NA,NA
Tanystropheus__wmmcmm_z_trans,0.14140063990838825,-0.00018191296764779075,0.014758327169943868,NA,NA,NA
Tanystropheus__wetmon_z_trans,0.0734018859511707,-0.002343421960395251,0.021105608926471113,NA,NA,NA
Tanystropheus__drymon_z_trans,0.02845456842900603,-0.000447736163578568,0.004362728711902275,NA,NA,NA
Tanystropheus__wetdry_z_trans,0.12740188502764796,-0.002079460143960206,0.02539548000348413,NA,NA,NA
Tanystropheus__time,0.30500715244794263,-1.78344121551003e-05,0.03240835911533553,NA,NA,NA
Tanytrachelos__lat_range_z_trans,-0.5038944478960783,-0.009882338187844847,-0.00918379436020205,0.3700204067348386,0.0006352048367261887,0.6663581402972341
Tanytrachelos__Temperate_N,0.11165671586006162,-0.00027642921696973457,0.0150441184974893,NA,NA,NA
Tanytrachelos__Tropical,-0.09430967576387622,-0.0032665990804682807,0.012587980291976397,NA,NA,NA
Tanytrachelos__Temperate_S,0.09303445213474365,-0.00027975800583744084,0.014582138342930009,NA,NA,NA
Tanytrachelos__Antarctic,0.026917551195501786,2.304434655734193e-05,0.003086285991885418,NA,NA,NA
Tanytrachelos__mat_z_trans,0.11265531242181355,-0.002248253694181419,0.03204973818674004,NA,NA,NA
Tanytrachelos__map_z_trans,-0.1302645229404239,-0.004038038151501488,0.004535515235879492,NA,NA,NA
Tanytrachelos__wmm_z_trans,0.12848244034674489,-0.0025431689975985074,0.02587363969544131,NA,NA,NA
Tanytrachelos__cmm_z_trans,-0.05602067997638638,-0.00336363669680162,0.00978172382426579,NA,NA,NA
Tanytrachelos__wmmcmm_z_trans,0.08473613764071213,-0.0013205835844193028,0.016760344812179168,NA,NA,NA
Tanytrachelos__wetmon_z_trans,0.026571006686357774,-0.00388215627757612,0.017765022747258424,NA,NA,NA
Tanytrachelos__drymon_z_trans,0.020690651260989214,-0.0001640742691884583,0.004545714693164246,NA,NA,NA
Tanytrachelos__wetdry_z_trans,0.07732568616967177,-0.0034206667604748495,0.020987849953622056,NA,NA,NA
Tanytrachelos__time,0.21987669719179467,-0.00028681173509854653,0.025723262282835495,NA,NA,NA
Tarjadia__lat_range_z_trans,0.08178028674505107,0.0011336572937043503,0.016048581167123804,0.6470800580765353,0.26754816621541977,1.105268206447363
Tarjadia__Temperate_N,0.07476470698615244,0.00013750435612538612,0.020713056912778312,NA,NA,NA
Tarjadia__Tropical,0.052185661678974475,-0.0007278292569709879,0.01410089056152219,NA,NA,NA
Tarjadia__Temperate_S,-0.11725851723224433,-0.00874248375666808,0.006754731403200903,NA,NA,NA
Tarjadia__Antarctic,0.015633497869718852,6.43205800580957e-05,0.004375573380383638,NA,NA,NA
Tarjadia__mat_z_trans,-0.028952741337566052,-0.004567393351928083,0.014874729219540134,NA,NA,NA
Tarjadia__map_z_trans,-0.023590194966719734,-0.004831509306681371,0.015479137742443501,NA,NA,NA
Tarjadia__wmm_z_trans,-0.004735255172206451,-0.002005447378522715,0.010245495819607438,NA,NA,NA
Tarjadia__cmm_z_trans,0.020648532549717248,-0.0029752186445009174,0.01946154774133743,NA,NA,NA
Tarjadia__wmmcmm_z_trans,0.030359110858911163,-0.001439497545431138,0.017201575725539268,NA,NA,NA
Tarjadia__wetmon_z_trans,0.012194582857271673,-0.0043783104529022294,0.02122688628433798,NA,NA,NA
Tarjadia__drymon_z_trans,0.004812322448224948,-0.0009638668590308593,0.006512137348565796,NA,NA,NA
Tarjadia__wetdry_z_trans,0.005698590358278763,-0.004402103523356021,0.022021603274680508,NA,NA,NA
Tarjadia__time,-0.006083259311937809,-0.0012512924652987025,0.005123593614404208,NA,NA,NA
Tasmaniosaurus__lat_range_z_trans,-1.511496355831623,-0.016189907695057192,-0.011032318738910684,0.21899338990482192,0.039090790785849094,0.49438662454485893
Tasmaniosaurus__Temperate_N,0.16399543253821322,-0.00016031429133087966,0.013143905530706938,NA,NA,NA
Tasmaniosaurus__Tropical,0.10718989549437538,1.192212784805076e-05,0.00913970931878777,NA,NA,NA
Tasmaniosaurus__Temperate_S,-0.11100297869881615,-0.0019731850311536054,0.002407951723254441,NA,NA,NA
Tasmaniosaurus__Antarctic,0.45417371807154266,-0.003276292418750203,0.04336077392566491,NA,NA,NA
Tasmaniosaurus__mat_z_trans,-0.025386419132119045,-0.004765427284534984,0.013900358968675577,NA,NA,NA
Tasmaniosaurus__map_z_trans,0.3484387425146997,-0.0001816650556847235,0.026204316563936906,NA,NA,NA
Tasmaniosaurus__wmm_z_trans,0.0025027364469133316,-0.0015892628061298611,0.01600055269838538,NA,NA,NA
Tasmaniosaurus__cmm_z_trans,0.29964107818435876,-0.001621544739236595,0.02295990331333409,NA,NA,NA
Tasmaniosaurus__wmmcmm_z_trans,0.19521491408348082,-0.0003124382570124759,0.01487539166217899,NA,NA,NA
Tasmaniosaurus__wetmon_z_trans,0.091491354778409,-0.0015849729625189045,0.019960652487160044,NA,NA,NA
Tasmaniosaurus__drymon_z_trans,0.06365188050403958,-4.6674364783251884e-05,0.005385919482371941,NA,NA,NA
Tasmaniosaurus__wetdry_z_trans,0.03521012009587139,-0.002369720210698682,0.01601680123502378,NA,NA,NA
Tasmaniosaurus__time,-0.04177267874416429,-0.0008899873223599643,0.0018156220248950218,NA,NA,NA
Tawa__lat_range_z_trans,0.04628596820318237,0.0007757867718213648,0.013262499312757163,0.9080676369112917,0.1248213155195117,3.7626999597996473
Tawa__Temperate_N,0.04399037123557395,-0.00020129884184930534,0.01729498860011407,NA,NA,NA
Tawa__Tropical,-0.034178080449859524,-0.0048837169659374825,0.0037560784359191167,NA,NA,NA
Tawa__Temperate_S,0.03785627753072041,-0.0005269135335628891,0.013796960360570513,NA,NA,NA
Tawa__Antarctic,0.00696285377166831,-0.00010686023015196994,0.0022238984717759514,NA,NA,NA
Tawa__mat_z_trans,0.04345752155877333,-0.004324492658462329,0.02545971389596938,NA,NA,NA
Tawa__map_z_trans,-0.05115076294865304,-0.004052309795205811,0.005720079227919382,NA,NA,NA
Tawa__wmm_z_trans,0.025675599650649916,-0.0030115730647099163,0.023867000177925063,NA,NA,NA
Tawa__cmm_z_trans,-0.049933723034023623,-0.005566177947354561,0.010065593314552583,NA,NA,NA
Tawa__wmmcmm_z_trans,-0.030757847864656133,-0.004431144855229514,0.01869381080137387,NA,NA,NA
Tawa__wetmon_z_trans,0.0025324668695429083,-0.004151511807883253,0.015273608290007592,NA,NA,NA
Tawa__drymon_z_trans,0.0037226729120979443,-0.0007623493068136505,0.004483246947877551,NA,NA,NA
Tawa__wetdry_z_trans,0.025031608460016112,-0.0035922774041676608,0.022194704761870895,NA,NA,NA
Tawa__time,0.047962398436593376,-0.00011463067189629554,0.01804735759683195,NA,NA,NA
Taytalura__lat_range_z_trans,0.061334572028280555,0.0014507623486947727,0.016513463723200564,0.7707543411350344,0.4275338576408103,1.1323013827204704
Taytalura__Temperate_N,0.05692337730747588,-8.824773504336077e-05,0.02346530248156809,NA,NA,NA
Taytalura__Tropical,0.04484823194787121,-0.00038238698413531065,0.01941858457272437,NA,NA,NA
Taytalura__Temperate_S,-0.04260997749301635,-0.00678505420203023,0.00936526443644142,NA,NA,NA
Taytalura__Antarctic,0.010017907278698801,-7.101981116553264e-05,0.0039268999306916,NA,NA,NA
Taytalura__mat_z_trans,0.01606088362798424,-0.002833101289861574,0.013423192003827494,NA,NA,NA
Taytalura__map_z_trans,-0.07204849345693472,-0.008509360177810683,0.010935763428984018,NA,NA,NA
Taytalura__wmm_z_trans,-0.0007979508455349328,-0.002241794867462987,0.011117153251300894,NA,NA,NA
Taytalura__cmm_z_trans,-0.009889275847144581,-0.002744638052665345,0.01485265505408988,NA,NA,NA
Taytalura__wmmcmm_z_trans,-0.0029999478686741875,-0.003227228075882849,0.010366285385521045,NA,NA,NA
Taytalura__wetmon_z_trans,0.015584580315893251,-0.0038741586851043,0.01989085991259942,NA,NA,NA
Taytalura__drymon_z_trans,0.0032296741697551462,-0.0013771826918917798,0.007690879588205166,NA,NA,NA
Taytalura__wetdry_z_trans,0.033559524438176794,-0.003183108510622744,0.027453170796459217,NA,NA,NA
Taytalura__time,0.0042442187287951945,-0.001082951576421352,0.005720065629851903,NA,NA,NA
Technosaurus__lat_range_z_trans,0.09227694187515095,0.0008627437118952193,0.010358298563701913,0.511799760794529,0.08703449077438563,3.2402304969727993
Technosaurus__Temperate_N,0.08308468663108694,6.500724011339894e-05,0.014079783668574663,NA,NA,NA
Technosaurus__Tropical,-0.07689272992473245,-0.005078279612492117,0.002468932681904583,NA,NA,NA
Technosaurus__Temperate_S,0.08382385993714427,0.00021290586892354861,0.015018230922029866,NA,NA,NA
Technosaurus__Antarctic,0.017335605125074115,2.514216476179641e-05,0.0025959556943290084,NA,NA,NA
Technosaurus__mat_z_trans,0.08235802695952768,-0.004207485875382147,0.027667618337871368,NA,NA,NA
Technosaurus__map_z_trans,-0.11977626848750134,-0.004603519389235459,0.005848331997674215,NA,NA,NA
Technosaurus__wmm_z_trans,0.032289414113588676,-0.0019448737099883873,0.01604018039657518,NA,NA,NA
Technosaurus__cmm_z_trans,-0.11428194466863835,-0.00619008366447856,0.014146900945770272,NA,NA,NA
Technosaurus__wmmcmm_z_trans,-0.08690865534152298,-0.004927826174930445,0.018505704124196304,NA,NA,NA
Technosaurus__wetmon_z_trans,-0.004435272161739927,-0.004616849419462338,0.019234058732774346,NA,NA,NA
Technosaurus__drymon_z_trans,0.008176577955749257,-0.0006319837816918624,0.004880092149581744,NA,NA,NA
Technosaurus__wetdry_z_trans,0.04378671946097477,-0.0039949311517038415,0.027908662959454236,NA,NA,NA
Technosaurus__time,0.07662036285746464,8.056348226791928e-05,0.015386789021027388,NA,NA,NA
Tecovasaurus__lat_range_z_trans,-0.03971594495045165,-0.005986747815192549,0.0005607555860077585,1.3385963243093102,0.00344880111515522,2.968085309606977
Tecovasaurus__Temperate_N,0.02683693902744039,-0.0007386537198735694,0.01570086097636266,NA,NA,NA
Tecovasaurus__Tropical,-0.01826875056955698,-0.004529115113931364,0.008811134252938667,NA,NA,NA
Tecovasaurus__Temperate_S,0.02050226275399202,-0.0009600193967627994,0.011695205589671697,NA,NA,NA
Tecovasaurus__Antarctic,0.0021097247304378386,-0.00042201367334961933,0.0018527499148902856,NA,NA,NA
Tecovasaurus__mat_z_trans,0.026725573742341788,-0.003052441698258377,0.0306397173142683,NA,NA,NA
Tecovasaurus__map_z_trans,-0.021232920315506738,-0.0040015802985880495,0.005924544439828902,NA,NA,NA
Tecovasaurus__wmm_z_trans,0.030338784179611732,-0.003140531157240453,0.02644909521513029,NA,NA,NA
Tecovasaurus__cmm_z_trans,-0.006436200123996688,-0.00357119237354358,0.009472442600889131,NA,NA,NA
Tecovasaurus__wmmcmm_z_trans,0.019659194249637416,-0.0007231638023105396,0.01602144837225809,NA,NA,NA
Tecovasaurus__wetmon_z_trans,0.0070981365622730845,-0.004250411989596026,0.016367971049997748,NA,NA,NA
Tecovasaurus__drymon_z_trans,0.0024643601233734816,-0.0005084384915951439,0.0032360094336068112,NA,NA,NA
Tecovasaurus__wetdry_z_trans,0.017041069984631327,-0.002855648894254992,0.018658977015331354,NA,NA,NA
Tecovasaurus__time,0.050335094937399266,-0.00020951188690621392,0.02874862843428341,NA,NA,NA
Tecovasuchus__lat_range_z_trans,0.045024122288521054,0.0007993285989015082,0.00976786035451015,0.9324942253976769,0.09898536838591099,3.3408764712512493
Tecovasuchus__Temperate_N,0.040405947965026126,-0.00029207455074080574,0.012559777409853055,NA,NA,NA
Tecovasuchus__Tropical,-0.03659573432378427,-0.0044811870612217215,0.007080917434146581,NA,NA,NA
Tecovasuchus__Temperate_S,0.03842413962473603,-1.488976003572892e-05,0.011308720125749539,NA,NA,NA
Tecovasuchus__Antarctic,0.006414840844539393,-0.00014714984985309828,0.0020795063642209594,NA,NA,NA
Tecovasuchus__mat_z_trans,0.04057668173162819,-0.004868351422734874,0.025959861698612554,NA,NA,NA
Tecovasuchus__map_z_trans,-0.05045394203327971,-0.0041752801524470575,0.00594874903749578,NA,NA,NA
Tecovasuchus__wmm_z_trans,0.021235894154256068,-0.0031029614911484934,0.02423166401183999,NA,NA,NA
Tecovasuchus__cmm_z_trans,-0.051585454193448295,-0.006089244325048846,0.012184059921464596,NA,NA,NA
Tecovasuchus__wmmcmm_z_trans,-0.017612275816762613,-0.004565611244368849,0.015938091939882854,NA,NA,NA
Tecovasuchus__wetmon_z_trans,0.00398617797505538,-0.004086922912671408,0.016505393854789406,NA,NA,NA
Tecovasuchus__drymon_z_trans,0.0032216934785381382,-0.0007854833640153975,0.0050519312902845386,NA,NA,NA
Tecovasuchus__wetdry_z_trans,0.025281029444896897,-0.0030215335510533937,0.022578647143473716,NA,NA,NA
Tecovasuchus__time,0.04913420319170391,-0.00011810922496510788,0.022944359609141353,NA,NA,NA
Teleocrater__lat_range_z_trans,0.20656368016931592,0.0009907909689466057,0.013500565445705574,0.3799811039069755,0.15175181720405817,0.6812507212162018
Teleocrater__Temperate_N,0.18199647646763378,2.8114327305951394e-05,0.018871829836506312,NA,NA,NA
Teleocrater__Tropical,0.13255517821194351,-0.00020130080156677974,0.013405641866070257,NA,NA,NA
Teleocrater__Temperate_S,-0.3933957151144001,-0.007415455375118798,0.001038478131282289,NA,NA,NA
Teleocrater__Antarctic,0.05021268238578203,5.649160833327244e-05,0.003711163320661571,NA,NA,NA
Teleocrater__mat_z_trans,-0.1140043380699164,-0.004011459413271229,0.013004487431355304,NA,NA,NA
Teleocrater__map_z_trans,0.21251245400413132,-0.0006227938533027888,0.03538723129851972,NA,NA,NA
Teleocrater__wmm_z_trans,-0.05316369280236391,-0.003641277406879443,0.013280252416950692,NA,NA,NA
Teleocrater__cmm_z_trans,0.06239775257673588,-0.0016563828779850506,0.01655124052649091,NA,NA,NA
Teleocrater__wmmcmm_z_trans,0.016778929825582874,-0.0024700698974089623,0.013290555266924966,NA,NA,NA
Teleocrater__wetmon_z_trans,-0.036948978947692834,-0.006623766944450606,0.02470658150606792,NA,NA,NA
Teleocrater__drymon_z_trans,0.02715267101356194,-0.0005978457076255164,0.0049644453656193695,NA,NA,NA
Teleocrater__wetdry_z_trans,-0.1283472243709622,-0.006815266585670849,0.01881172672655294,NA,NA,NA
Teleocrater__time,-0.04685255101772549,-0.001969248352709082,0.0036153410567572636,NA,NA,NA
Teraterpeton__lat_range_z_trans,0.14308093808766448,0.001061486020486284,0.018070823981493594,0.43259942355536624,0.10315356496721506,1.0102755627594888
Teraterpeton__Temperate_N,0.12233509995222808,-0.0013669585268136029,0.021866294572374084,NA,NA,NA
Teraterpeton__Tropical,-0.13351815982264134,-0.005366960501809434,0.01042572661708883,NA,NA,NA
Teraterpeton__Temperate_S,0.12982007314060934,-0.00013383915082002147,0.02770988640844893,NA,NA,NA
Teraterpeton__Antarctic,0.03130156329829043,7.744756465468678e-05,0.0046085325395170814,NA,NA,NA
Teraterpeton__mat_z_trans,0.02260170778608575,-0.002345222418034385,0.015988000410025873,NA,NA,NA
Teraterpeton__map_z_trans,-0.19092743414259084,-0.006351456511594859,0.007760023747878504,NA,NA,NA
Teraterpeton__wmm_z_trans,-0.00403079817505767,-0.002334533814476714,0.009057037277911108,NA,NA,NA
Teraterpeton__cmm_z_trans,-0.05147245437949337,-0.0030143150798933884,0.008784849498399425,NA,NA,NA
Teraterpeton__wmmcmm_z_trans,-0.0328440233056854,-0.002755190760664006,0.010127527305282978,NA,NA,NA
Teraterpeton__wetmon_z_trans,0.011958209073134319,-0.005219102210972653,0.021207150951634397,NA,NA,NA
Teraterpeton__drymon_z_trans,0.010893982520055115,-0.0008971716703141265,0.008881741850515882,NA,NA,NA
Teraterpeton__wetdry_z_trans,0.037956616213221044,-0.005099589165813891,0.023493605601116577,NA,NA,NA
Teraterpeton__time,0.020302004085806392,-0.0012040640853371617,0.00615833943377781,NA,NA,NA
Teratophon__lat_range_z_trans,0.1952677929875618,0.0010093371503646887,0.014257426577673801,0.3942549562572094,0.1736489775357768,0.6606889655813575
Teratophon__Temperate_N,0.17501965791156232,0.00019951470154973576,0.021239702212688442,NA,NA,NA
Teratophon__Tropical,0.12219178926688717,-0.00032271083786360085,0.014846476841166441,NA,NA,NA
Teratophon__Temperate_S,-0.3977981277789133,-0.008149132453863547,5.203070847939839e-05,NA,NA,NA
Teratophon__Antarctic,0.04859040068994352,7.564603207585563e-05,0.0038617659495539104,NA,NA,NA
Teratophon__mat_z_trans,-0.10473341563447808,-0.00406651976398079,0.010429759527182536,NA,NA,NA
Teratophon__map_z_trans,0.19925247581222955,-0.0007636774842036113,0.030275622002227595,NA,NA,NA
Teratophon__wmm_z_trans,-0.06492249202301988,-0.0035615569985656347,0.013819178018853354,NA,NA,NA
Teratophon__cmm_z_trans,0.0782821753282427,-0.0010630100960440016,0.017736393532316794,NA,NA,NA
Teratophon__wmmcmm_z_trans,0.04188733964443036,-0.0025039734972755155,0.014437992200378877,NA,NA,NA
Teratophon__wetmon_z_trans,-0.0544741882648157,-0.006714683215415053,0.024170718262827042,NA,NA,NA
Teratophon__drymon_z_trans,0.025783842288567744,-0.0006172453452635471,0.005662884154061692,NA,NA,NA
Teratophon__wetdry_z_trans,-0.1081119843836456,-0.0069088113357796835,0.01724577010210509,NA,NA,NA
Teratophon__time,-0.038777941512926246,-0.0015626471671385722,0.00610382010595011,NA,NA,NA
Teratosaurus__lat_range_z_trans,-0.7936300891637802,-0.014377353831331279,-0.010920404537813993,0.1675931947337813,0.002266493160277605,0.42249815072864294
Teratosaurus__Temperate_N,-0.1145945971715264,-0.0036520388277096146,0.003327782014853617,NA,NA,NA
Teratosaurus__Tropical,0.09671989892987767,-5.813204348765438e-05,0.011574073175895119,NA,NA,NA
Teratosaurus__Temperate_S,-0.039644916549441404,-0.002059825768564055,0.008881772278628184,NA,NA,NA
Teratosaurus__Antarctic,0.031222058328567073,-4.335156968527371e-05,0.0029441265578070363,NA,NA,NA
Teratosaurus__mat_z_trans,0.188396837702021,-0.0023334975645705417,0.03360267425234821,NA,NA,NA
Teratosaurus__map_z_trans,-0.09004992824280635,-0.0020714952488931357,0.005315318111340504,NA,NA,NA
Teratosaurus__wmm_z_trans,0.1556217815907439,-0.0018920491523494354,0.028322212971559863,NA,NA,NA
Teratosaurus__cmm_z_trans,-0.028152612051926554,-0.0024495882229246682,0.010310900968420465,NA,NA,NA
Teratosaurus__wmmcmm_z_trans,0.09130850274115801,-0.0024151548916897638,0.015942816381121532,NA,NA,NA
Teratosaurus__wetmon_z_trans,0.0839581908506807,-0.0018844418008616235,0.022355937604242253,NA,NA,NA
Teratosaurus__drymon_z_trans,0.0309437900420744,-0.0003305296793760047,0.0050823726377710295,NA,NA,NA
Teratosaurus__wetdry_z_trans,0.13418225828092545,-0.0015074712098506941,0.026356888198363158,NA,NA,NA
Teratosaurus__time,0.2722052377834916,0.00012545949989047146,0.03104306958092811,NA,NA,NA
Termatosaurus__lat_range_z_trans,-0.6277166074514389,-0.0066613638132275105,-0.015962096784945347,0.227552274409627,0.0779665932059288,0.3917602524161339
Termatosaurus__Temperate_N,-0.27306717430474237,-0.0065307856094751855,0.0024176943512739693,NA,NA,NA
Termatosaurus__Tropical,0.0952845938707469,-0.0008708668778780539,0.012760421838000165,NA,NA,NA
Termatosaurus__Temperate_S,0.1422109927458223,-0.0004032337583721397,0.01894318282962242,NA,NA,NA
Termatosaurus__Antarctic,0.04219544349820353,5.832464349575088e-06,0.003098336055355936,NA,NA,NA
Termatosaurus__mat_z_trans,0.16485761573538185,-0.002479361817688247,0.03292173757774301,NA,NA,NA
Termatosaurus__map_z_trans,-0.19598513443372212,-0.004647445203323511,0.005548312427939891,NA,NA,NA
Termatosaurus__wmm_z_trans,0.13897947549354284,-0.0025623755123201533,0.033714363076312155,NA,NA,NA
Termatosaurus__cmm_z_trans,-0.07229170135098684,-0.002422718754982996,0.00738470513001526,NA,NA,NA
Termatosaurus__wmmcmm_z_trans,0.1387431537359953,-0.0006020203126573491,0.013566883466311564,NA,NA,NA
Termatosaurus__wetmon_z_trans,0.030735753832850606,-0.004159606068203401,0.020322501175827457,NA,NA,NA
Termatosaurus__drymon_z_trans,0.028287470525829122,-0.00047198705693921104,0.004483108388697845,NA,NA,NA
Termatosaurus__wetdry_z_trans,0.10647290412731308,-0.002850159958209795,0.02613180688542602,NA,NA,NA
Termatosaurus__time,0.3464888935256749,-0.00029337803247529525,0.028808583777884755,NA,NA,NA
Terrestrisuchus__lat_range_z_trans,0.08913270642046112,0.0009566617751351086,0.011963677106656969,0.5132855162779743,0.15320590464398265,1.6203013479243964
Terrestrisuchus__Temperate_N,-0.0978590960641061,-0.0066663241452172605,0.00295648281436743,NA,NA,NA
Terrestrisuchus__Tropical,0.05914942296236421,-0.0007679699865431072,0.015883964127755064,NA,NA,NA
Terrestrisuchus__Temperate_S,0.08181388589862662,-0.00047336855719882636,0.019123291618430124,NA,NA,NA
Terrestrisuchus__Antarctic,0.015317194396693216,-0.00016132889423398785,0.002667543820250272,NA,NA,NA
Terrestrisuchus__mat_z_trans,0.03425542275529573,-0.002404858821020177,0.02758462068970074,NA,NA,NA
Terrestrisuchus__map_z_trans,-0.1151826741536788,-0.006076832329167934,0.006738243541913788,NA,NA,NA
Terrestrisuchus__wmm_z_trans,0.006258779945003144,-0.00170508305361896,0.007659886388896253,NA,NA,NA
Terrestrisuchus__cmm_z_trans,-0.03733976605864354,-0.004173772311230995,0.010466079928355423,NA,NA,NA
Terrestrisuchus__wmmcmm_z_trans,-0.021184378198715558,-0.005043153829343776,0.012609053442489368,NA,NA,NA
Terrestrisuchus__wetmon_z_trans,0.02217268077734139,-0.004130846069081682,0.026232754015076763,NA,NA,NA
Terrestrisuchus__drymon_z_trans,0.0027722712716578713,-0.0010688578834917755,0.004935671889344634,NA,NA,NA
Terrestrisuchus__wetdry_z_trans,0.047837398587555924,-0.0029721150203569917,0.03801613861825635,NA,NA,NA
Terrestrisuchus__time,0.030313475791771072,-0.00026162118603290964,0.0073021321939718995,NA,NA,NA
Teyujagua__lat_range_z_trans,0.016474755894086753,0.0012471026453847937,0.00947447096545052,2.8427388389094266,0.9726823270320892,3.9926954433321953
Teyujagua__Temperate_N,0.016685291862160233,-4.2151984741669486e-06,0.013347336705307196,NA,NA,NA
Teyujagua__Tropical,0.010612301275268339,-0.0006431233813636011,0.009126426981696087,NA,NA,NA
Teyujagua__Temperate_S,-0.021474962119011058,-0.0072231011682161944,0.0009672171475772764,NA,NA,NA
Teyujagua__Antarctic,-0.0018463017035169934,-0.0007480950756534375,0.0005074707972069166,NA,NA,NA
Teyujagua__mat_z_trans,0.0026444168771650105,-0.00718169380036693,0.020639865760425657,NA,NA,NA
Teyujagua__map_z_trans,0.03436726566603152,-0.0004003030138740295,0.027470220169881886,NA,NA,NA
Teyujagua__wmm_z_trans,0.005300579550673745,-0.004446910299493789,0.016920213476949567,NA,NA,NA
Teyujagua__cmm_z_trans,0.03163593775225315,-0.002446319439688829,0.02826108286138031,NA,NA,NA
Teyujagua__wmmcmm_z_trans,0.019479694429349787,-0.0010326881769324352,0.020384930374245824,NA,NA,NA
Teyujagua__wetmon_z_trans,0.007745027749900703,-0.0039430666148220685,0.02129568800375677,NA,NA,NA
Teyujagua__drymon_z_trans,0.003998120177217764,-0.0007106298052934908,0.0056214603999468924,NA,NA,NA
Teyujagua__wetdry_z_trans,0.002889534391426979,-0.004429797243762629,0.017257133911546096,NA,NA,NA
Teyujagua__time,-0.011054337471379638,-0.0029866297388464686,0.0028660226400940964,NA,NA,NA
Teyumbaita__lat_range_z_trans,0.022807357327066447,0.0008238801028261553,0.010749939722505613,1.7468374932350708,0.05970051512122154,4.556787146255374
Teyumbaita__Temperate_N,0.022699588190925362,-0.0003283190340125993,0.015058141541894112,NA,NA,NA
Teyumbaita__Tropical,0.01488918606151104,-0.0005753194839464783,0.009971711050688123,NA,NA,NA
Teyumbaita__Temperate_S,-0.008480716934967563,-0.0051205053795723935,0.010069804199780706,NA,NA,NA
Teyumbaita__Antarctic,0.0013469706258190395,-0.0005643283330883552,0.0016736969775080954,NA,NA,NA
Teyumbaita__mat_z_trans,0.022944878960879288,-0.004573070502834442,0.022182277586322324,NA,NA,NA
Teyumbaita__map_z_trans,-0.01644319550181103,-0.0036642043458913203,0.004917924270496856,NA,NA,NA
Teyumbaita__wmm_z_trans,0.019263394008915125,-0.0021409843861257445,0.026220376789242827,NA,NA,NA
Teyumbaita__cmm_z_trans,-0.013058887444332128,-0.005817425258244115,0.010679328755854145,NA,NA,NA
Teyumbaita__wmmcmm_z_trans,-0.0025395175183964194,-0.0048821657106735035,0.016055521305693793,NA,NA,NA
Teyumbaita__wetmon_z_trans,0.007734038349957679,-0.0035420751047294196,0.01978280757586975,NA,NA,NA
Teyumbaita__drymon_z_trans,0.0014427876215711167,-0.0005321311342999536,0.0033690741129137475,NA,NA,NA
Teyumbaita__wetdry_z_trans,0.017073732075078635,-0.003254957288554847,0.02109446707948459,NA,NA,NA
Teyumbaita__time,0.02777770850940969,-0.0007778644522562584,0.022314469227210393,NA,NA,NA
Thadeosaurus__lat_range_z_trans,0.047290130757737324,0.000775996550458244,0.010284215568766212,1.1058966762150522,0.33652590215206146,1.8532996270805597
Thadeosaurus__Temperate_N,0.044880115275722256,0.0001561507521549203,0.013602850298483956,NA,NA,NA
Thadeosaurus__Tropical,0.022980852158814447,-0.0006293900991788163,0.0090874278323258,NA,NA,NA
Thadeosaurus__Temperate_S,-0.07280998845312693,-0.0043672395759092285,0.0023435852147000546,NA,NA,NA
Thadeosaurus__Antarctic,0.00829830922327944,-7.767156822484871e-05,0.002703518096850344,NA,NA,NA
Thadeosaurus__mat_z_trans,-0.051328152585966715,-0.007821486217026047,0.020939704001869525,NA,NA,NA
Thadeosaurus__map_z_trans,0.02359049249565163,-0.0003306889541036542,0.011395278526510988,NA,NA,NA
Thadeosaurus__wmm_z_trans,0.0004981936285560007,-0.0007832326394987407,0.0038047339414530442,NA,NA,NA
Thadeosaurus__cmm_z_trans,0.07346531869810759,-0.0034426607861907242,0.03763439050605678,NA,NA,NA
Thadeosaurus__wmmcmm_z_trans,0.03537688282906652,-0.006450736626674162,0.034199393170677654,NA,NA,NA
Thadeosaurus__wetmon_z_trans,0.006590154702908089,-0.001473130525658833,0.009656758202383492,NA,NA,NA
Thadeosaurus__drymon_z_trans,0.029747013436135922,-0.003314308258908513,0.021136056171340248,NA,NA,NA
Thadeosaurus__wetdry_z_trans,-0.017290882667804434,-0.004410068252064481,0.014539128047696062,NA,NA,NA
Thadeosaurus__time,-0.03383111516745485,-0.0027810041105783916,0.002812500616350941,NA,NA,NA
Thecodontosaurus__lat_range_z_trans,-0.7705930200219154,-0.01061000951605681,-0.024367902052234026,0.15948055756330176,0.052224552258849144,0.24195489659905434
Thecodontosaurus__Temperate_N,-0.14311188896244859,-0.0041029721095349435,0.0035739308508134587,NA,NA,NA
Thecodontosaurus__Tropical,0.07975466405972838,-0.0007458094359801673,0.011567479128269028,NA,NA,NA
Thecodontosaurus__Temperate_S,0.13036447250837227,-0.0005150035177094034,0.017525979058393718,NA,NA,NA
Thecodontosaurus__Antarctic,0.024776374081848188,-4.1442993525113024e-05,0.0030896568491668164,NA,NA,NA
Thecodontosaurus__mat_z_trans,0.15662828615284524,-0.0023484114057116326,0.03365555782922349,NA,NA,NA
Thecodontosaurus__map_z_trans,-0.13982800962170586,-0.0038246022272214685,0.005629048303722805,NA,NA,NA
Thecodontosaurus__wmm_z_trans,0.14362262670882045,-0.0022323707805015454,0.0357464214878275,NA,NA,NA
Thecodontosaurus__cmm_z_trans,-0.05200477346401385,-0.0027984317715996393,0.008505105090612527,NA,NA,NA
Thecodontosaurus__wmmcmm_z_trans,0.12701424260240857,-0.00012988896601494942,0.01363906890641481,NA,NA,NA
Thecodontosaurus__wetmon_z_trans,0.03797607034444809,-0.004276393797635593,0.023522028364612375,NA,NA,NA
Thecodontosaurus__drymon_z_trans,0.022201538504159544,-0.0006181366289867065,0.0034127756974214013,NA,NA,NA
Thecodontosaurus__wetdry_z_trans,0.09143213647301308,-0.002809060852773643,0.026854333699029356,NA,NA,NA
Thecodontosaurus__time,0.30742451739497484,0.00010306369184833929,0.03178605698219182,NA,NA,NA
Theledectes__lat_range_z_trans,0.3014028775691986,0.0009050253799806447,0.012966093705775684,0.2811955960494379,0.11314912512898445,0.4863966600969434
Theledectes__Temperate_N,0.2538676147069782,-0.0003355672362139554,0.016809660623882505,NA,NA,NA
Theledectes__Tropical,0.19970338345272468,9.216239939536508e-05,0.01425935924618821,NA,NA,NA
Theledectes__Temperate_S,-0.559100998591166,-0.006043344543422601,0.008006844851553483,NA,NA,NA
Theledectes__Antarctic,0.07539282586425543,0.00013273157215638903,0.0043265534336607,NA,NA,NA
Theledectes__mat_z_trans,-0.1537755806651694,-0.003561392634692053,0.008670039053372592,NA,NA,NA
Theledectes__map_z_trans,0.5109371462650597,-0.0007480729758917257,0.03845092725768262,NA,NA,NA
Theledectes__wmm_z_trans,-0.11510312921484,-0.004160381155011601,0.014125984565696196,NA,NA,NA
Theledectes__cmm_z_trans,0.02961184417363256,-0.0014172750972477996,0.007950664810951103,NA,NA,NA
Theledectes__wmmcmm_z_trans,-0.07536126830382273,-0.0027479454399161017,0.00989441741339444,NA,NA,NA
Theledectes__wetmon_z_trans,-0.10552615543827415,-0.007801736813351063,0.02627998158983534,NA,NA,NA
Theledectes__drymon_z_trans,0.04841071269649547,-0.0003549989822699993,0.004975756341292844,NA,NA,NA
Theledectes__wetdry_z_trans,-0.2492842243704945,-0.006928469082621341,0.023751052308309664,NA,NA,NA
Theledectes__time,-0.0789185146476666,-0.001980205702297433,0.0036722049938697128,NA,NA,NA
Thelephon__lat_range_z_trans,0.29859701961278917,0.0009035482233615554,0.012166279426251201,0.25918308377651555,0.11314912512898445,0.43030429375357926
Thelephon__Temperate_N,0.2506597473938018,2.7680157308005746e-05,0.018788980232207767,NA,NA,NA
Thelephon__Tropical,0.20022068665246479,-1.5120440984491954e-05,0.013326566718080305,NA,NA,NA
Thelephon__Temperate_S,-0.5577088776486926,-0.006432923696733497,0.007948875786344616,NA,NA,NA
Thelephon__Antarctic,0.07464986173436046,0.00010947139011076338,0.004211670914271695,NA,NA,NA
Thelephon__mat_z_trans,-0.1554212020664272,-0.00421794624460571,0.008439824416034861,NA,NA,NA
Thelephon__map_z_trans,0.47233753247186544,-0.0007468519925112112,0.03742994382041846,NA,NA,NA
Thelephon__wmm_z_trans,-0.11249538849224336,-0.004460691595183036,0.012712715606672096,NA,NA,NA
Thelephon__cmm_z_trans,0.022362668118439614,-0.0010531352479093284,0.008788935925727886,NA,NA,NA
Thelephon__wmmcmm_z_trans,-0.07509534093318507,-0.0024697486227988554,0.009438932312832202,NA,NA,NA
Thelephon__wetmon_z_trans,-0.1016060976870358,-0.007789003040984944,0.026985498017496837,NA,NA,NA
Thelephon__drymon_z_trans,0.04978412727999967,-0.0003557421504163937,0.004704056063007852,NA,NA,NA
Thelephon__wetdry_z_trans,-0.22527135610580445,-0.00647203338304192,0.025622563636170007,NA,NA,NA
Thelephon__time,-0.08006790977917262,-0.001976973667014213,0.003574697319949298,NA,NA,NA
Thelerpeton__lat_range_z_trans,0.2566740852022069,0.0008859804252447481,0.014369744721151384,0.34304920285692786,0.11314912512898445,0.5824944470077753
Thelerpeton__Temperate_N,0.22387448082734168,-4.808029660416827e-05,0.020472125372783607,NA,NA,NA
Thelerpeton__Tropical,0.16748581785290403,-9.101425541637442e-05,0.015110827392185104,NA,NA,NA
Thelerpeton__Temperate_S,-0.5040935977865034,-0.00735056446337275,0.0002099769014899305,NA,NA,NA
Thelerpeton__Antarctic,0.06311169742763023,0.000141331904019136,0.004588958736465972,NA,NA,NA
Thelerpeton__mat_z_trans,-0.1189035556802305,-0.003546651000663471,0.009195876595429442,NA,NA,NA
Thelerpeton__map_z_trans,0.27654733037274587,-0.0007323308582891123,0.039117313697127364,NA,NA,NA
Thelerpeton__wmm_z_trans,-0.08915686230709197,-0.004169038129959264,0.01385153981279978,NA,NA,NA
Thelerpeton__cmm_z_trans,0.07354988263661065,-0.0014922473898834768,0.0134137043777988,NA,NA,NA
Thelerpeton__wmmcmm_z_trans,0.018630923952138473,-0.002690118888663987,0.01299420239551207,NA,NA,NA
Thelerpeton__wetmon_z_trans,-0.056410982339726606,-0.006887044757508505,0.021488055641514348,NA,NA,NA
Thelerpeton__drymon_z_trans,0.03648806990326143,-0.0006641381965826722,0.005536951949925785,NA,NA,NA
Thelerpeton__wetdry_z_trans,-0.17615730074992375,-0.006579554613696717,0.018697829238400087,NA,NA,NA
Thelerpeton__time,-0.05418266497973677,-0.0017259997900266613,0.005092433362881415,NA,NA,NA
Threordatoth__lat_range_z_trans,0.14911487502599635,0.0010952990711595764,0.014939893389570491,0.3853777599490422,0.22111564874649048,0.5817474573850632
Threordatoth__Temperate_N,-0.191428284372747,-0.006803995089967368,0.0111889036681881,NA,NA,NA
Threordatoth__Tropical,0.09212568067989822,-0.0012779483777365487,0.015465107620964494,NA,NA,NA
Threordatoth__Temperate_S,0.13046317019192083,-0.0005419680753344606,0.02532466308987302,NA,NA,NA
Threordatoth__Antarctic,0.030976619710591125,9.00585722053879e-05,0.0038214903074307327,NA,NA,NA
Threordatoth__mat_z_trans,0.010196539801130144,-0.0024696157898493835,0.01773461483437158,NA,NA,NA
Threordatoth__map_z_trans,-0.18614222386998414,-0.007548282794578885,0.00841452333188921,NA,NA,NA
Threordatoth__wmm_z_trans,0.005607575890618333,-0.0019521798961968817,0.01174585703796875,NA,NA,NA
Threordatoth__cmm_z_trans,-0.037571195397498695,-0.002746826235696744,0.009640306461236151,NA,NA,NA
Threordatoth__wmmcmm_z_trans,0.003112316486817034,-0.0022612860741753416,0.013301220158593172,NA,NA,NA
Threordatoth__wetmon_z_trans,0.027897585531716697,-0.004338215621651309,0.02102011203927614,NA,NA,NA
Threordatoth__drymon_z_trans,0.001589114333964417,-0.0011364258241781879,0.007056920630229618,NA,NA,NA
Threordatoth__wetdry_z_trans,0.04313741541637761,-0.004674887221677974,0.02551613873982758,NA,NA,NA
Threordatoth__time,0.03837813490282536,-0.0003831969537251558,0.008969788886046062,NA,NA,NA
Thuringothyris__lat_range_z_trans,0.21580847420161867,0.000525486271041674,0.009097487600217037,0.35547519650746834,0.15435813181102276,0.6806528940796852
Thuringothyris__Temperate_N,0.16652358246952356,-0.00010347427196329778,0.00856517494877895,NA,NA,NA
Thuringothyris__Tropical,-0.2046177848633328,-0.002631932035997268,0.003714720327626429,NA,NA,NA
Thuringothyris__Temperate_S,0.20557483239536545,0.00012527387599208667,0.009859987740426008,NA,NA,NA
Thuringothyris__Antarctic,0.056940122089718735,3.835543612690506e-05,0.003655956326915547,NA,NA,NA
Thuringothyris__mat_z_trans,0.20159109248497037,-0.0025009359039975475,0.029808531059267947,NA,NA,NA
Thuringothyris__map_z_trans,0.6459216196986007,-0.0019740398454720625,0.04012752432505031,NA,NA,NA
Thuringothyris__wmm_z_trans,0.05401489900924076,-0.0013021947337103236,0.009372965284440144,NA,NA,NA
Thuringothyris__cmm_z_trans,-0.31250275304662367,-0.004625357497579655,0.012282814260020128,NA,NA,NA
Thuringothyris__wmmcmm_z_trans,-0.20411531229001198,-0.004625601921388041,0.008323354022125804,NA,NA,NA
Thuringothyris__wetmon_z_trans,-0.01568789736037505,-0.004963958432150485,0.023141742469485905,NA,NA,NA
Thuringothyris__drymon_z_trans,-0.20614462651932797,-0.005121749029759895,0.017934386191871425,NA,NA,NA
Thuringothyris__wetdry_z_trans,-0.13933468959985734,-0.0031208921747346513,0.015531420447416209,NA,NA,NA
Thuringothyris__time,-0.34651423433788336,-0.004668450047810715,0.002723475191823254,NA,NA,NA
Tichvinskia__lat_range_z_trans,-0.60037030428648,-0.0045151381926607885,-0.009765992001428496,0.28440650423726765,0.1057518613524735,0.5533523936755955
Tichvinskia__Temperate_N,-0.43140347085893155,-0.005950052412395706,0.0033495743209574743,NA,NA,NA
Tichvinskia__Tropical,0.20200823407620191,0.00032727523991022485,0.01260428673643472,NA,NA,NA
Tichvinskia__Temperate_S,0.28651209533330985,0.0003118659604014185,0.017526633591195852,NA,NA,NA
Tichvinskia__Antarctic,0.0727913359249942,0.00012677241496344548,0.00401866776686508,NA,NA,NA
Tichvinskia__mat_z_trans,-0.20932225511409341,-0.006900871273627759,0.012842423734287093,NA,NA,NA
Tichvinskia__map_z_trans,0.46620516791939737,-0.00152991924147639,0.03164726325640564,NA,NA,NA
Tichvinskia__wmm_z_trans,-0.03494229022413492,-0.0036696771737781925,0.014042107526264877,NA,NA,NA
Tichvinskia__cmm_z_trans,0.2754667819966562,-0.0006899485355747403,0.03139959228669913,NA,NA,NA
Tichvinskia__wmmcmm_z_trans,0.18670125959761208,-0.001174900860321153,0.015596107786251909,NA,NA,NA
Tichvinskia__wetmon_z_trans,0.018498973255045712,-0.004380048409887147,0.026191678295205766,NA,NA,NA
Tichvinskia__drymon_z_trans,0.08741147633176297,-0.0001648060140222565,0.007458151608765174,NA,NA,NA
Tichvinskia__wetdry_z_trans,-0.1340231017023325,-0.005160929587227058,0.022501072306090445,NA,NA,NA
Tichvinskia__time,-0.09626426362199708,-0.0015790922257071726,0.0047279729814704375,NA,NA,NA
Ticinosuchus__lat_range_z_trans,0.05435132760892704,0.0008021225821930047,0.01165838447132672,0.9215197040297789,0.18918634671717882,4.204534823074937
Ticinosuchus__Temperate_N,0.050703823988303635,-0.0003749172032034661,0.014806868627839413,NA,NA,NA
Ticinosuchus__Tropical,-0.06980120617392778,-0.0055421799849807414,0.007064765962936464,NA,NA,NA
Ticinosuchus__Temperate_S,0.05798822442734915,0.0004572062530959533,0.01822775821693436,NA,NA,NA
Ticinosuchus__Antarctic,0.009245779651099396,-0.0005555698316616886,0.0033024018006821347,NA,NA,NA
Ticinosuchus__mat_z_trans,-0.0139819927504781,-0.004328760259007028,0.010183882258593673,NA,NA,NA
Ticinosuchus__map_z_trans,0.08823002298890159,-0.0008000186570960954,0.02969554990556463,NA,NA,NA
Ticinosuchus__wmm_z_trans,-0.022812833344609967,-0.005176395398998798,0.012767887713429231,NA,NA,NA
Ticinosuchus__cmm_z_trans,0.017563055206938002,-0.0015007710719939795,0.0138144996662472,NA,NA,NA
Ticinosuchus__wmmcmm_z_trans,-0.01190443540648321,-0.0038253629317261764,0.010077782085305015,NA,NA,NA
Ticinosuchus__wetmon_z_trans,0.0011087757512252643,-0.005717038991082597,0.03001901540048657,NA,NA,NA
Ticinosuchus__drymon_z_trans,0.007918144371622514,-0.00041589250583758076,0.004186570952047224,NA,NA,NA
Ticinosuchus__wetdry_z_trans,-0.03285887263260691,-0.00610045567418165,0.024131343437174782,NA,NA,NA
Ticinosuchus__time,-0.018292489354634296,-0.001871436636922433,0.0042028296968976715,NA,NA,NA
Tikisuchus__lat_range_z_trans,0.06181276461270647,0.0014507623486947727,0.016513463723200564,0.7648155441088602,0.39868240617215633,1.1323013827204704
Tikisuchus__Temperate_N,0.05732719257677143,-8.824773504336077e-05,0.02346530248156809,NA,NA,NA
Tikisuchus__Tropical,0.0451404880208877,-0.00038238698413531065,0.01941858457272437,NA,NA,NA
Tikisuchus__Temperate_S,-0.04317663811060986,-0.00678505420203023,0.00936526443644142,NA,NA,NA
Tikisuchus__Antarctic,0.010123773117162534,-7.101981116553264e-05,0.0039268999306916,NA,NA,NA
Tikisuchus__mat_z_trans,0.01633401834258854,-0.002833101289861574,0.013423192003827494,NA,NA,NA
Tikisuchus__map_z_trans,-0.07315010968243232,-0.008509360177810683,0.010935763428984018,NA,NA,NA
Tikisuchus__wmm_z_trans,-0.0007948844373616636,-0.002241794867462987,0.011117153251300894,NA,NA,NA
Tikisuchus__cmm_z_trans,-0.009400056126109184,-0.002744638052665345,0.01485265505408988,NA,NA,NA
Tikisuchus__wmmcmm_z_trans,-0.0036706800005491176,-0.003227228075882849,0.010366285385521045,NA,NA,NA
Tikisuchus__wetmon_z_trans,0.015377072269742083,-0.0038741586851043,0.01989085991259942,NA,NA,NA
Tikisuchus__drymon_z_trans,0.0033938817790957502,-0.0013771826918917798,0.007690879588205166,NA,NA,NA
Tikisuchus__wetdry_z_trans,0.0338940262894278,-0.003183108510622744,0.027453170796459217,NA,NA,NA
Tikisuchus__time,0.004246475680306136,-0.001082951576421352,0.005720065629851903,NA,NA,NA
Timanophon__lat_range_z_trans,-0.14632206395594252,-0.0031737549250818163,-0.002991389164544038,0.5480632518672064,0.1863324362784624,1.144934006035328
Timanophon__Temperate_N,-0.17286595953369838,-0.00647870835838155,0.003911414218309351,NA,NA,NA
Timanophon__Tropical,0.07705061302484857,0.00038728540772318363,0.011606848119388414,NA,NA,NA
Timanophon__Temperate_S,0.10575069645930414,0.00039103119703593267,0.015646916651486546,NA,NA,NA
Timanophon__Antarctic,0.025132139946006857,8.146883352796133e-05,0.0031443345225327973,NA,NA,NA
Timanophon__mat_z_trans,-0.06560108463516318,-0.006937678096821417,0.019042698593308604,NA,NA,NA
Timanophon__map_z_trans,0.1699477907621139,-0.000692295250096431,0.03235468464797041,NA,NA,NA
Timanophon__wmm_z_trans,-0.01080108776168192,-0.0037245339798170703,0.013296099891003462,NA,NA,NA
Timanophon__cmm_z_trans,0.11466192340074803,-0.00213939934480082,0.028501940102406864,NA,NA,NA
Timanophon__wmmcmm_z_trans,0.07573747587407027,-0.0014564047093641621,0.018247075921772896,NA,NA,NA
Timanophon__wetmon_z_trans,0.011343113624236576,-0.003577646867823925,0.022641525114467993,NA,NA,NA
Timanophon__drymon_z_trans,0.029070597722023066,-0.0004674251483017398,0.006295292599162947,NA,NA,NA
Timanophon__wetdry_z_trans,-0.03336985693262336,-0.004459572208744949,0.019803382934819223,NA,NA,NA
Timanophon__time,-0.0622769736626157,-0.0027018368604564717,0.0026387160433796243,NA,NA,NA
Trachelosaurus__lat_range_z_trans,0.02745967875915698,0.0012877048274787541,0.011350342726132721,1.6760058177365136,0.5525967665016651,2.6651551639661193
Trachelosaurus__Temperate_N,-0.020093417322972703,-0.005182920276796058,0.009639813958663007,NA,NA,NA
Trachelosaurus__Tropical,0.02223426779037544,5.682698206743939e-05,0.010299090537266156,NA,NA,NA
Trachelosaurus__Temperate_S,0.030084715334788154,0.0006125205228783981,0.015858495665488765,NA,NA,NA
Trachelosaurus__Antarctic,0.001212474836099655,-0.00027536902063260443,0.0022775068656821613,NA,NA,NA
Trachelosaurus__mat_z_trans,-0.0019483709363295402,-0.0031219714720686275,0.013075636945638609,NA,NA,NA
Trachelosaurus__map_z_trans,0.05852986394973726,-0.0009368354494439588,0.03667325189987546,NA,NA,NA
Trachelosaurus__wmm_z_trans,0.002058101027758191,-0.00487005522472181,0.016327379658177054,NA,NA,NA
Trachelosaurus__cmm_z_trans,0.011945042510697923,-0.001256883669892197,0.011628778411829807,NA,NA,NA
Trachelosaurus__wmmcmm_z_trans,-0.0009756234018432868,-0.0028487008972228937,0.00976793190982691,NA,NA,NA
Trachelosaurus__wetmon_z_trans,0.0035857549215150696,-0.006821436282855869,0.02997156913903175,NA,NA,NA
Trachelosaurus__drymon_z_trans,0.002695887475682318,-0.000451098303049711,0.00347019845871932,NA,NA,NA
Trachelosaurus__wetdry_z_trans,-0.006526537782608073,-0.00826723041940067,0.02185898060249982,NA,NA,NA
Trachelosaurus__time,-0.012804512830431077,-0.002874021627743466,0.0019405634166335423,NA,NA,NA
Tramuntanasaurus__lat_range_z_trans,0.12255414364112337,0.0009188515051841048,0.013054523656086673,0.3650547091892076,0.002646886743605137,1.1091175312176347
Tramuntanasaurus__Temperate_N,0.1129610137975804,-2.0702213158448794e-05,0.02072708248729644,NA,NA,NA
Tramuntanasaurus__Tropical,0.07264687104785507,-0.00022448823890594964,0.012098048373236895,NA,NA,NA
Tramuntanasaurus__Temperate_S,-0.10313606126455942,-0.005362819640682886,0.004584451809936289,NA,NA,NA
Tramuntanasaurus__Antarctic,0.016909486657204955,-0.00011780927621157988,0.004155745634704868,NA,NA,NA
Tramuntanasaurus__mat_z_trans,0.0034092388230943095,-0.0020626640514130813,0.008600443869232302,NA,NA,NA
Tramuntanasaurus__map_z_trans,0.07879057752148749,-0.00021095948696160462,0.016613314155149824,NA,NA,NA
Tramuntanasaurus__wmm_z_trans,-0.03436736798657399,-0.006296950162785983,0.02982692646508567,NA,NA,NA
Tramuntanasaurus__cmm_z_trans,-0.050509954753154784,-0.0028757044259867643,0.006938972049915804,NA,NA,NA
Tramuntanasaurus__wmmcmm_z_trans,-0.1329353497417211,-0.007842729276430864,0.028825380098237294,NA,NA,NA
Tramuntanasaurus__wetmon_z_trans,0.03155774162939401,-0.0017675339037311459,0.011265631727614647,NA,NA,NA
Tramuntanasaurus__drymon_z_trans,0.1002509635365637,-0.0022277313978579165,0.021659890665833185,NA,NA,NA
Tramuntanasaurus__wetdry_z_trans,0.012210175502516822,-0.0030188550455798172,0.012883485479017983,NA,NA,NA
Tramuntanasaurus__time,-0.11288415407918448,-0.00383937469688134,0.002905643724117232,NA,NA,NA
Trialestes__lat_range_z_trans,0.06139222303810185,0.0015595293656188343,0.016894990209953446,0.7631719615787733,0.4275338576408103,1.202910989522934
Trialestes__Temperate_N,0.05718798169080318,-8.660423522148846e-05,0.024007444007201405,NA,NA,NA
Trialestes__Tropical,0.04487904964615463,-0.00039008086263963107,0.019867230869705446,NA,NA,NA
Trialestes__Temperate_S,-0.0435413303721458,-0.006658691351278859,0.009581639177552044,NA,NA,NA
Trialestes__Antarctic,0.009907500302867798,2.5837067681475106e-05,0.004318667173143264,NA,NA,NA
Trialestes__mat_z_trans,0.0157368643582825,-0.0027803384459999625,0.013733320961148212,NA,NA,NA
Trialestes__map_z_trans,-0.07256591646877755,-0.008350884360503786,0.011188422923742775,NA,NA,NA
Trialestes__wmm_z_trans,-0.00045981212866141397,-0.0022000443402280458,0.011374003570153331,NA,NA,NA
Trialestes__cmm_z_trans,-0.010455053389245093,-0.003273290492511055,0.011506765565156016,NA,NA,NA
Trialestes__wmmcmm_z_trans,-0.003059571412610997,-0.0031671251308582693,0.010605787679534566,NA,NA,NA
Trialestes__wetmon_z_trans,0.016633934961532905,-0.0038977166412738425,0.019821700299122877,NA,NA,NA
Trialestes__drymon_z_trans,0.0031900931844581816,-0.0013515344471215582,0.007868569400500867,NA,NA,NA
Trialestes__wetdry_z_trans,0.033709767080838005,-0.0033157434317945653,0.02808744789178988,NA,NA,NA
Trialestes__time,0.004901593840028096,-0.0010627830052725251,0.005283550466760963,NA,NA,NA
Tricuspisaurus__lat_range_z_trans,0.042108822904445196,0.0009675152980737376,0.012074934705997275,1.0179732221550513,0.6345027852803469,1.3735392354428768
Tricuspisaurus__Temperate_N,-0.06834320671755903,-0.008450502114493467,0.0009509460156890441,NA,NA,NA
Tricuspisaurus__Tropical,0.016461024945747606,-0.0018362430661910945,0.012181726922362184,NA,NA,NA
Tricuspisaurus__Temperate_S,0.02186902596480381,-0.0017245519494403613,0.013602269291772238,NA,NA,NA
Tricuspisaurus__Antarctic,0.006808563411021152,1.686377406975153e-05,0.002673167974534159,NA,NA,NA
Tricuspisaurus__mat_z_trans,0.025222579190662096,-0.0032794412634682907,0.02873615482568852,NA,NA,NA
Tricuspisaurus__map_z_trans,-0.03109528463431809,-0.004010587210546555,0.008183043661411609,NA,NA,NA
Tricuspisaurus__wmm_z_trans,0.012757424335200046,-0.004742333122940596,0.02756609589133684,NA,NA,NA
Tricuspisaurus__cmm_z_trans,-0.011540130773377472,-0.002713897527958255,0.005797242357432057,NA,NA,NA
Tricuspisaurus__wmmcmm_z_trans,0.019417093434592334,-0.0011536448324816564,0.012931025247203073,NA,NA,NA
Tricuspisaurus__wetmon_z_trans,0.006458353507550143,-0.00294519611490416,0.01950197490870314,NA,NA,NA
Tricuspisaurus__drymon_z_trans,0.003826992769488224,-0.00034040800719159947,0.003830409627874386,NA,NA,NA
Tricuspisaurus__wetdry_z_trans,0.016555357394354864,-0.003199616415434938,0.01888160466370094,NA,NA,NA
Tricuspisaurus__time,0.05695070859901543,-0.0015374277584957886,0.027228944101759623,NA,NA,NA
Trilophosaurus__lat_range_z_trans,-0.03968825233639944,-0.005657043910609853,0.0005568144051065223,1.3429542316807783,0.006620381027460098,2.968085309606977
Trilophosaurus__Temperate_N,0.027586206056321012,-0.000697974368897932,0.015590509987523558,NA,NA,NA
Trilophosaurus__Tropical,-0.02080505757401514,-0.004279686378420205,0.012990882375945409,NA,NA,NA
Trilophosaurus__Temperate_S,0.020352711916852326,-0.0009071489313016383,0.01161300770871219,NA,NA,NA
Trilophosaurus__Antarctic,0.0021357667633807864,-0.00039877241445817886,0.0018397281586001368,NA,NA,NA
Trilophosaurus__mat_z_trans,0.026194361772585217,-0.0028843367475415824,0.030424370964251553,NA,NA,NA
Trilophosaurus__map_z_trans,-0.020399216608988344,-0.0038669872729420675,0.005882904727309916,NA,NA,NA
Trilophosaurus__wmm_z_trans,0.03133847473362071,-0.0029675749183993676,0.026827814635036713,NA,NA,NA
Trilophosaurus__cmm_z_trans,-0.004974695517409257,-0.0035004332475038016,0.008484675001499216,NA,NA,NA
Trilophosaurus__wmmcmm_z_trans,0.018786782000004294,-0.0011547460736603629,0.015908844186208995,NA,NA,NA
Trilophosaurus__wetmon_z_trans,0.007975974801550994,-0.004016332073034543,0.015730774237756043,NA,NA,NA
Trilophosaurus__drymon_z_trans,0.0026600725916236943,-0.0004457744750799609,0.003482645944432875,NA,NA,NA
Trilophosaurus__wetdry_z_trans,0.01667320921594105,-0.0036152237101683693,0.0169984435041113,NA,NA,NA
Trilophosaurus__time,0.04962098651655839,-0.0005574357893854121,0.027808124358970662,NA,NA,NA
Tropidosuchus__lat_range_z_trans,0.07987882663230637,0.00120472099835738,0.015800023595923675,0.6594871851347852,0.27568321116268635,1.1323013827204704
Tropidosuchus__Temperate_N,0.07286690356494802,0.00014109249660561012,0.024274172712017435,NA,NA,NA
Tropidosuchus__Tropical,0.05310946853573712,-0.0003719174371083665,0.0175451575961465,NA,NA,NA
Tropidosuchus__Temperate_S,-0.10481616994951337,-0.008063326706086452,0.008461741372115769,NA,NA,NA
Tropidosuchus__Antarctic,0.01533910433261157,1.95215112331056e-05,0.0042211992047375985,NA,NA,NA
Tropidosuchus__mat_z_trans,-0.004493098022758081,-0.003565137154309201,0.015992609206016965,NA,NA,NA
Tropidosuchus__map_z_trans,-0.03901877340031661,-0.007217278678504774,0.010249136546695287,NA,NA,NA
Tropidosuchus__wmm_z_trans,-0.005296065564115887,-0.0021156496567570557,0.010334727245019874,NA,NA,NA
Tropidosuchus__cmm_z_trans,0.017160339883275734,-0.001867419798910545,0.019947809477142392,NA,NA,NA
Tropidosuchus__wmmcmm_z_trans,0.018521226347582957,-0.001709828991167607,0.01623815558224171,NA,NA,NA
Tropidosuchus__wetmon_z_trans,0.002196733791610359,-0.004382720236941686,0.017844679771231234,NA,NA,NA
Tropidosuchus__drymon_z_trans,0.003332629559902428,-0.0010211683158739295,0.006785614004760325,NA,NA,NA
Tropidosuchus__wetdry_z_trans,0.013075931544667596,-0.004455309805599343,0.02221339673052345,NA,NA,NA
Tropidosuchus__time,-0.0043997329243119065,-0.0015450485363404107,0.004231117150892862,NA,NA,NA
Tuebingosaurus__lat_range_z_trans,0.06863282727809718,0.0008744338295093505,0.010087629744994426,0.5991705569281476,0.1357464985921979,1.6203013479243964
Tuebingosaurus__Temperate_N,-0.05327996248900778,-0.0042611554307898205,0.00426282885137766,NA,NA,NA
Tuebingosaurus__Tropical,0.05381338703163377,-0.00013303927006070847,0.013470212266575068,NA,NA,NA
Tuebingosaurus__Temperate_S,0.06787475638672008,0.0003582572414688913,0.01923161157726554,NA,NA,NA
Tuebingosaurus__Antarctic,0.010055427916862909,-0.00014096491690706553,0.003027775113879929,NA,NA,NA
Tuebingosaurus__mat_z_trans,0.07053464126552325,-0.0033415265170234883,0.03310656685833912,NA,NA,NA
Tuebingosaurus__map_z_trans,-0.08430628614787808,-0.0053973072480506725,0.005323359391260322,NA,NA,NA
Tuebingosaurus__wmm_z_trans,0.01045630381604203,-0.0016665942451911154,0.01050598539260015,NA,NA,NA
Tuebingosaurus__cmm_z_trans,-0.07836918639498133,-0.006144428143351677,0.011680396170910993,NA,NA,NA
Tuebingosaurus__wmmcmm_z_trans,-0.053052197150475634,-0.00504096445252102,0.017475244416291235,NA,NA,NA
Tuebingosaurus__wetmon_z_trans,0.006803449589319937,-0.005559300331228816,0.02057617549361264,NA,NA,NA
Tuebingosaurus__drymon_z_trans,0.004377720175021082,-0.0011440410577248778,0.004006301717591623,NA,NA,NA
Tuebingosaurus__wetdry_z_trans,0.04836071832620494,-0.0034022657507730087,0.03155559906429947,NA,NA,NA
Tuebingosaurus__time,0.04555572472854396,4.942598124075231e-05,0.009829854136466917,NA,NA,NA
Turfanosuchus__lat_range_z_trans,0.02761445313071007,0.001260101269847651,0.01134320946152459,1.6649818225482158,0.5525967665016651,2.6651551639661193
Turfanosuchus__Temperate_N,-0.021032414760119383,-0.0051830662082271075,0.009633755697216681,NA,NA,NA
Turfanosuchus__Tropical,0.021676246158183657,5.682858210031129e-05,0.011498853258484161,NA,NA,NA
Turfanosuchus__Temperate_S,0.03016500881061089,0.0006125377691395167,0.015848529195876496,NA,NA,NA
Turfanosuchus__Antarctic,0.001275007435455875,-0.00027537677398266607,0.002276075538055169,NA,NA,NA
Turfanosuchus__mat_z_trans,-0.00191683512377102,-0.0031220593749766955,0.013067419398335974,NA,NA,NA
Turfanosuchus__map_z_trans,0.056313348595780896,-0.0009368618271867167,0.036650204136811866,NA,NA,NA
Turfanosuchus__wmm_z_trans,0.0020522744198874995,-0.004870192347056377,0.01631711851256503,NA,NA,NA
Turfanosuchus__cmm_z_trans,0.01291858223235497,-0.001256919058982288,0.011809811798425787,NA,NA,NA
Turfanosuchus__wmmcmm_z_trans,-0.0003416426998683561,-0.0028487811058651963,0.009761793131054478,NA,NA,NA
Turfanosuchus__wetmon_z_trans,0.004240825178884551,-0.006821628348700106,0.029952733132177313,NA,NA,NA
Turfanosuchus__drymon_z_trans,0.002700922140499255,-0.00045111100427168486,0.003468017569168577,NA,NA,NA
Turfanosuchus__wetdry_z_trans,-0.0059195889128638495,-0.0084711795829346,0.019960152298823607,NA,NA,NA
Turfanosuchus__time,-0.01228886227411879,-0.0026417623003073174,0.0025518670669453652,NA,NA,NA
Typothorax__lat_range_z_trans,-1.0545048823952674,-0.012712191759221454,-0.021313102107860325,0.2408043957108748,0.12919051572680473,0.3713348885066807
Typothorax__Temperate_N,0.17045751568395645,-1.899076459946566e-05,0.016218057366468988,NA,NA,NA
Typothorax__Tropical,-0.11148493639659136,-0.0040207126205318066,0.0067435212861690595,NA,NA,NA
Typothorax__Temperate_S,0.14084443762694718,-0.0004037280789289932,0.015273721135216292,NA,NA,NA
Typothorax__Antarctic,0.04261669871746562,1.3225994682017214e-05,0.0028505965331740274,NA,NA,NA
Typothorax__mat_z_trans,0.18123156020999887,-0.002316253393271513,0.030879304850318257,NA,NA,NA
Typothorax__map_z_trans,-0.17597027063369752,-0.004159201773513502,0.006895073425003448,NA,NA,NA
Typothorax__wmm_z_trans,0.20803343207808211,-0.002601439094182927,0.02965426208811269,NA,NA,NA
Typothorax__cmm_z_trans,-0.05402289492310956,-0.0024449174810358145,0.00854276072450773,NA,NA,NA
Typothorax__wmmcmm_z_trans,0.16167665107175708,1.1742356106121066e-05,0.014856751890783738,NA,NA,NA
Typothorax__wetmon_z_trans,0.05010631346842274,-0.004265868367388637,0.020572554801963076,NA,NA,NA
Typothorax__drymon_z_trans,0.037662231788272035,-0.00010697904199364914,0.003967891405643318,NA,NA,NA
Typothorax__wetdry_z_trans,0.12230720728868619,-0.0022159318233392743,0.026747955293718883,NA,NA,NA
Typothorax__time,0.35952667927835136,0.0002917755358156264,0.03225019150224592,NA,NA,NA
Uatchitodon__lat_range_z_trans,0.010680102561381338,-0.0004842234114264563,0.006325977600213266,1.2190274540744577,0.021137630566954613,3.922817296348512
Uatchitodon__Temperate_N,0.03319282679394499,-0.00017739810180011662,0.01628284663110856,NA,NA,NA
Uatchitodon__Tropical,-0.026062288156942677,-0.004950551439103597,0.005729794751960287,NA,NA,NA
Uatchitodon__Temperate_S,0.025765151424454718,-0.0005373913445673503,0.011471594157045668,NA,NA,NA
Uatchitodon__Antarctic,0.004146036895274672,-0.00017930247316918493,0.0023057000255933486,NA,NA,NA
Uatchitodon__mat_z_trans,0.030881013175524615,-0.004722407927733735,0.023863644085355983,NA,NA,NA
Uatchitodon__map_z_trans,-0.031568681750742206,-0.005036163876197406,0.004535055442464885,NA,NA,NA
Uatchitodon__wmm_z_trans,0.025266769253562575,-0.002606965481012182,0.02689443630076824,NA,NA,NA
Uatchitodon__cmm_z_trans,-0.025110393109413563,-0.004519486031506273,0.015457764656552183,NA,NA,NA
Uatchitodon__wmmcmm_z_trans,0.000354843471285328,-0.004060669734707647,0.016950443066031023,NA,NA,NA
Uatchitodon__wetmon_z_trans,0.005897946498477444,-0.0038760822503310596,0.016182214504271982,NA,NA,NA
Uatchitodon__drymon_z_trans,0.002917547557391103,-0.0005375409074223443,0.0032836691760354552,NA,NA,NA
Uatchitodon__wetdry_z_trans,0.01761567524328055,-0.0032535514611988195,0.018867801186336575,NA,NA,NA
Uatchitodon__time,0.04348077447414741,-7.735871227102158e-06,0.025988598611727642,NA,NA,NA
Unaysaurus__lat_range_z_trans,0.03166652993630548,0.0006869297206409746,0.009936370845035245,1.2373187269593473,0.06459024548530579,4.390097977593541
Unaysaurus__Temperate_N,0.029837926021722062,-0.00012063156178516528,0.014343959629322727,NA,NA,NA
Unaysaurus__Tropical,0.02137978075852212,-0.0004203776007308075,0.012208292931953732,NA,NA,NA
Unaysaurus__Temperate_S,-0.018721658747677183,-0.004208058167088849,0.009537128572219122,NA,NA,NA
Unaysaurus__Antarctic,0.0035193188826812653,-0.00031682076926184356,0.0023066641904907316,NA,NA,NA
Unaysaurus__mat_z_trans,0.03329140855235631,-0.0031262197577334766,0.030857414503625436,NA,NA,NA
Unaysaurus__map_z_trans,-0.027534398505227854,-0.0042723091697521405,0.005843337729260227,NA,NA,NA
Unaysaurus__wmm_z_trans,0.023063082912575274,-0.0027416434191396884,0.019626318045981875,NA,NA,NA
Unaysaurus__cmm_z_trans,-0.030321618749887917,-0.006868730034982486,0.008682054180578398,NA,NA,NA
Unaysaurus__wmmcmm_z_trans,-0.012768942370354749,-0.005014978755506765,0.01827443507028233,NA,NA,NA
Unaysaurus__wetmon_z_trans,0.005440636315038095,-0.003917290246008393,0.018938920306598977,NA,NA,NA
Unaysaurus__drymon_z_trans,0.001405708875337702,-0.0010235137899283974,0.003572663580433915,NA,NA,NA
Unaysaurus__wetdry_z_trans,0.02155350342765815,-0.003736176501195544,0.021940888508789162,NA,NA,NA
Unaysaurus__time,0.03564604702257755,0.00013034974106930454,0.018071092100893204,NA,NA,NA
Unguinychus__lat_range_z_trans,0.22681861591426333,0.0007904393776137537,0.011139068232506462,0.30976537232883855,0.08652764558792114,0.5151074826717377
Unguinychus__Temperate_N,0.1999193914930163,6.291499269887814e-05,0.013745124860016538,NA,NA,NA
Unguinychus__Tropical,-0.2066037605130442,-0.003876114008742585,0.008465609581857225,NA,NA,NA
Unguinychus__Temperate_S,0.21585774321425003,0.0002060535282763445,0.015911297211405145,NA,NA,NA
Unguinychus__Antarctic,0.048816502802051936,9.026130760599136e-05,0.00289349031677855,NA,NA,NA
Unguinychus__mat_z_trans,0.2099992648271049,-0.003685331260777921,0.030547727959060914,NA,NA,NA
Unguinychus__map_z_trans,-0.3341591001017919,-0.004713179171298672,0.006310522583514078,NA,NA,NA
Unguinychus__wmm_z_trans,0.03315567289110067,-0.0013890510077162047,0.013264835925583222,NA,NA,NA
Unguinychus__cmm_z_trans,-0.3093353376813954,-0.006360807800802598,0.0119712442424283,NA,NA,NA
Unguinychus__wmmcmm_z_trans,-0.2464562208477361,-0.0060129237691748565,0.015017452282929599,NA,NA,NA
Unguinychus__wetmon_z_trans,-0.006046216800365865,-0.004936459533703017,0.02127487955272048,NA,NA,NA
Unguinychus__drymon_z_trans,0.022535708387274696,-0.000541355683863463,0.005979765786307978,NA,NA,NA
Unguinychus__wetdry_z_trans,0.0990089590150586,-0.004769647179729585,0.026928334344433306,NA,NA,NA
Unguinychus__time,0.1639461017318393,0.0001857298982106587,0.010690187315923283,NA,NA,NA
Uralosaurus__lat_range_z_trans,-0.3123525930486177,-0.0041692888286006,-0.002807160970967377,0.32869177970773306,0.035885902121663094,0.6723417518660426
Uralosaurus__Temperate_N,-0.263891207068968,-0.0056159748643363865,0.009958814640081975,NA,NA,NA
Uralosaurus__Tropical,0.14847944891224424,-0.0002196737163831925,0.011290968968721615,NA,NA,NA
Uralosaurus__Temperate_S,0.23746649999572614,0.0005921281935043643,0.01934643632466489,NA,NA,NA
Uralosaurus__Antarctic,0.05314774560064867,5.6203923859499506e-05,0.003443759402957676,NA,NA,NA
Uralosaurus__mat_z_trans,-0.0923614452921427,-0.0041197652114144815,0.01320007955114707,NA,NA,NA
Uralosaurus__map_z_trans,0.2606804911690209,-0.0005771484109584624,0.03324179437569161,NA,NA,NA
Uralosaurus__wmm_z_trans,-0.010962439781000989,-0.0042854018396735905,0.012519559963955616,NA,NA,NA
Uralosaurus__cmm_z_trans,0.12271272408896208,-0.0004772001230390097,0.0189576445031485,NA,NA,NA
Uralosaurus__wmmcmm_z_trans,0.06808397080960099,-0.0018488051739232797,0.014228795990898945,NA,NA,NA
Uralosaurus__wetmon_z_trans,-0.008392086475053491,-0.005469353387908382,0.031245887865615336,NA,NA,NA
Uralosaurus__drymon_z_trans,0.04156466028538643,-0.0005635960721175552,0.005273987707686907,NA,NA,NA
Uralosaurus__wetdry_z_trans,-0.09529692397183136,-0.006709851013605229,0.02073495393146423,NA,NA,NA
Uralosaurus__time,-0.031421520892349016,-0.001541743786806968,0.0035040179403981065,NA,NA,NA
Vallesaurus__lat_range_z_trans,0.14215418327988658,0.000787593252886106,0.011014016879042583,0.3936819404308335,0.08596855401992798,0.5745396988932043
Vallesaurus__Temperate_N,0.12665698202627704,-1.8869689127027342e-05,0.012795026040164886,NA,NA,NA
Vallesaurus__Tropical,-0.12511148110194414,-0.004618196308765178,0.0030011128962458816,NA,NA,NA
Vallesaurus__Temperate_S,0.13442689421752882,0.00024067167049216442,0.014200108198026995,NA,NA,NA
Vallesaurus__Antarctic,0.029139941328590106,4.0850620949379626e-05,0.002632767036464601,NA,NA,NA
Vallesaurus__mat_z_trans,0.13632940068797703,-0.00432903289612494,0.031747095873754426,NA,NA,NA
Vallesaurus__map_z_trans,-0.19530881231018793,-0.004113980760222702,0.007241897859478664,NA,NA,NA
Vallesaurus__wmm_z_trans,0.03738593552706414,-0.0017754628525052146,0.015833130731098048,NA,NA,NA
Vallesaurus__cmm_z_trans,-0.2146703209285939,-0.006829467925211068,0.013752786696492356,NA,NA,NA
Vallesaurus__wmmcmm_z_trans,-0.14840548305721618,-0.005865976341978702,0.015240944603490748,NA,NA,NA
Vallesaurus__wetmon_z_trans,-0.012149784796099303,-0.0041018995538478565,0.02009336344052092,NA,NA,NA
Vallesaurus__drymon_z_trans,0.012093432711608681,-0.0009229848630743981,0.005510662574406277,NA,NA,NA
Vallesaurus__wetdry_z_trans,0.0666764382337985,-0.0033263394609665043,0.028680746906261892,NA,NA,NA
Vallesaurus__time,0.12823999851293685,-0.00011637520390733349,0.012395880460016813,NA,NA,NA
Vancleavea__lat_range_z_trans,-1.061315964460373,-0.012924244690588449,-0.021605342076493964,0.23437525162764358,0.1265901466831565,0.3669085428118706
Vancleavea__Temperate_N,0.16898617694852874,-1.8852763269209635e-05,0.016255573080358552,NA,NA,NA
Vancleavea__Tropical,-0.10833021713420748,-0.00397717964277264,0.006666529417223298,NA,NA,NA
Vancleavea__Temperate_S,0.13981363396393134,-0.0004169439416464729,0.015345144189890116,NA,NA,NA
Vancleavea__Antarctic,0.042061541556031444,-1.9102656028311965e-06,0.0028169335887129224,NA,NA,NA
Vancleavea__mat_z_trans,0.18101246943988372,-0.002274069383182204,0.030999520257592384,NA,NA,NA
Vancleavea__map_z_trans,-0.17179919720161707,-0.004123127194675149,0.006803793837485956,NA,NA,NA
Vancleavea__wmm_z_trans,0.20652800493873655,-0.0026042724091009366,0.02970450537005329,NA,NA,NA
Vancleavea__cmm_z_trans,-0.05276581825688481,-0.0024376027368929916,0.008502369580361317,NA,NA,NA
Vancleavea__wmmcmm_z_trans,0.16109033474233,3.0978600921549765e-05,0.014908266494121533,NA,NA,NA
Vancleavea__wetmon_z_trans,0.0509017868200317,-0.00425545053972713,0.0205882699688409,NA,NA,NA
Vancleavea__drymon_z_trans,0.03766475042095408,-0.00011143531397811755,0.0039776543550757645,NA,NA,NA
Vancleavea__wetdry_z_trans,0.12182388807297684,-0.0021258532141694058,0.026843507332816593,NA,NA,NA
Vancleavea__time,0.3569970296905376,0.00029049318328071305,0.032332814799426415,NA,NA,NA
Variodens__lat_range_z_trans,-0.46514272384613925,-0.004336495617775947,-0.008916767484000275,0.2961549601151637,0.07697567343711853,0.5044222390279174
Variodens__Temperate_N,-0.3922546301451013,-0.0070051318065683515,0.002716725082266337,NA,NA,NA
Variodens__Tropical,0.09704491635460066,-0.0011156822680883714,0.014449090655188434,NA,NA,NA
Variodens__Temperate_S,0.14685785397974574,-0.000853467750616659,0.014881851758077052,NA,NA,NA
Variodens__Antarctic,0.05198111524175184,7.633366043860328e-05,0.003561378605445105,NA,NA,NA
Variodens__mat_z_trans,0.16563683605774748,-0.002662713157719092,0.0333300826565286,NA,NA,NA
Variodens__map_z_trans,-0.2086923937407885,-0.004466593182941395,0.00609481105292222,NA,NA,NA
Variodens__wmm_z_trans,0.11439716136229326,-0.0034010928695256885,0.03239442872804908,NA,NA,NA
Variodens__cmm_z_trans,-0.07207308761234052,-0.0026508149155408172,0.0069134992192231666,NA,NA,NA
Variodens__wmmcmm_z_trans,0.14283494383365375,-0.0008721954029675961,0.013075245425897906,NA,NA,NA
Variodens__wetmon_z_trans,0.03361259970378394,-0.0039199575613232725,0.02020789339125337,NA,NA,NA
Variodens__drymon_z_trans,0.03296083088966483,-0.0004889685210697384,0.004329280709071354,NA,NA,NA
Variodens__wetdry_z_trans,0.11383247869283146,-0.0027253574764770643,0.022904438746638278,NA,NA,NA
Variodens__time,0.35646142355992283,-0.0005273334412278865,0.028197581648904478,NA,NA,NA
Vellbergia__lat_range_z_trans,0.06614132190900829,0.0014021354233223018,0.017259023676197513,0.7773204820259707,0.25043551065027714,1.4244403466582298
Vellbergia__Temperate_N,-0.11847850965798933,-0.009537604096642128,0.008576252698087955,NA,NA,NA
Vellbergia__Tropical,0.03674965921510311,-0.0008796266232637698,0.0162610872547422,NA,NA,NA
Vellbergia__Temperate_S,0.06775863578756275,0.00023393016430853952,0.023622346807383975,NA,NA,NA
Vellbergia__Antarctic,0.013833445139031685,0.00010748305697646134,0.004136236894299717,NA,NA,NA
Vellbergia__mat_z_trans,-0.021306478581532354,-0.005143482437017683,0.013782548749060463,NA,NA,NA
Vellbergia__map_z_trans,0.014716962627808918,-0.002571172003633583,0.01676785382046022,NA,NA,NA
Vellbergia__wmm_z_trans,-0.0015816492812346116,-0.0017724886113467024,0.011356637844148004,NA,NA,NA
Vellbergia__cmm_z_trans,0.035967462742054306,-0.002478912878238252,0.02039864119451103,NA,NA,NA
Vellbergia__wmmcmm_z_trans,0.034138974545492494,-0.0013003475436134625,0.0183125014136509,NA,NA,NA
Vellbergia__wetmon_z_trans,-0.00025600996125040265,-0.005227651510859432,0.01872905827152557,NA,NA,NA
Vellbergia__drymon_z_trans,0.003238161376740249,-0.0010784819858877057,0.005451174638846856,NA,NA,NA
Vellbergia__wetdry_z_trans,-0.006980216271225437,-0.004797741905596065,0.014763294049858508,NA,NA,NA
Vellbergia__time,-0.00648443525794339,-0.0019055093599117956,0.0047228828826921575,NA,NA,NA
Velocipes__lat_range_z_trans,0.08258977402393357,0.0008210825857957918,0.010845653096382453,0.5333219499836559,0.10977524891495705,1.0019293608202133
Velocipes__Temperate_N,-0.0683189494378627,-0.00468974613481769,0.0027766367143118374,NA,NA,NA
Velocipes__Tropical,0.06331521885540983,-0.00026428371083003,0.012683867013942965,NA,NA,NA
Velocipes__Temperate_S,0.07861028629244667,-2.634947001565133e-05,0.015895120078623527,NA,NA,NA
Velocipes__Antarctic,0.01395086370227305,5.8414968965013864e-05,0.002750011041971097,NA,NA,NA
Velocipes__mat_z_trans,0.08700766040035444,-0.004506385427896289,0.030331956522553407,NA,NA,NA
Velocipes__map_z_trans,-0.10536413526261577,-0.004652603908174864,0.006699638130147151,NA,NA,NA
Velocipes__wmm_z_trans,0.01487799781471543,-0.0015408853674220273,0.014285531986495612,NA,NA,NA
Velocipes__cmm_z_trans,-0.10378115055374812,-0.006445121243876154,0.015566098151832295,NA,NA,NA
Velocipes__wmmcmm_z_trans,-0.06773594981022307,-0.004834497411073663,0.01419630947510202,NA,NA,NA
Velocipes__wetmon_z_trans,0.004838490266024318,-0.004843862096799087,0.020114113044318965,NA,NA,NA
Velocipes__drymon_z_trans,0.0051339725588839735,-0.0008769578858340137,0.0065082900099950585,NA,NA,NA
Velocipes__wetdry_z_trans,0.05090181933083156,-0.003194685596480907,0.029416361890677683,NA,NA,NA
Velocipes__time,0.06143142615120316,4.6410387056299546e-05,0.01206995303911101,NA,NA,NA
Venaticosuchus__lat_range_z_trans,0.06198669343967158,0.0014341541265772625,0.016363123327825364,0.7641239173826762,0.39868240617215633,1.1323013827204704
Venaticosuchus__Temperate_N,0.05756680793659958,-8.723748137480789e-05,0.02325167177926296,NA,NA,NA
Venaticosuchus__Tropical,0.04521896132299792,-0.0003780094456824567,0.020817524305061022,NA,NA,NA
Venaticosuchus__Temperate_S,-0.043179406684911624,-0.0067073793937695615,0.009280002035907618,NA,NA,NA
Venaticosuchus__Antarctic,0.010180114662103652,-7.020678151967647e-05,0.003891149000536979,NA,NA,NA
Venaticosuchus__mat_z_trans,0.016463798949836496,-0.002800668151831932,0.013300985783080636,NA,NA,NA
Venaticosuchus__map_z_trans,-0.07290145983095968,-0.008411945639834755,0.010836203032376656,NA,NA,NA
Venaticosuchus__wmm_z_trans,-0.0007171137218960313,-0.002216130962458686,0.01101594146174162,NA,NA,NA
Venaticosuchus__cmm_z_trans,-0.011548134405975357,-0.0030169076688257397,0.014717434844045987,NA,NA,NA
Venaticosuchus__wmmcmm_z_trans,-0.0028076627903990715,-0.0031902830030000654,0.010271909579841839,NA,NA,NA
Venaticosuchus__wetmon_z_trans,0.015008607458167041,-0.003926216564672546,0.019709771329747383,NA,NA,NA
Venaticosuchus__drymon_z_trans,0.003182009642611557,-0.0013614168043472711,0.007620860972035056,NA,NA,NA
Venaticosuchus__wetdry_z_trans,0.03439744826302487,-0.003146668515322259,0.027203234101104146,NA,NA,NA
Venaticosuchus__time,0.004606660090755339,-0.0010705540253407805,0.005859728642897824,NA,NA,NA
Venetoraptor__lat_range_z_trans,-0.05452185824434664,-0.007650283873237189,-0.002134400114406362,1.290853248314088,0.0033411080949008465,3.7170442640781403
Venetoraptor__Temperate_N,0.028128719260687402,-0.00024399692369891088,0.012805258759503047,NA,NA,NA
Venetoraptor__Tropical,0.018224822394362357,-0.0007332713596338401,0.00948926920560316,NA,NA,NA
Venetoraptor__Temperate_S,-0.007242320217613356,-0.004626066696591619,0.01183106843891146,NA,NA,NA
Venetoraptor__Antarctic,0.0021216748612395203,-0.0003826479138345817,0.0022641245000147364,NA,NA,NA
Venetoraptor__mat_z_trans,0.029353726806777995,-0.002130684177391481,0.031039487213358932,NA,NA,NA
Venetoraptor__map_z_trans,-0.01868513585329974,-0.003685231325794007,0.004559194936965837,NA,NA,NA
Venetoraptor__wmm_z_trans,0.03464496301230672,-0.003045813877952873,0.028967349709946737,NA,NA,NA
Venetoraptor__cmm_z_trans,-0.006678037649345447,-0.0028196282296463855,0.013621841230126523,NA,NA,NA
Venetoraptor__wmmcmm_z_trans,0.010670688172997756,-0.0032481898964869227,0.016324694553874565,NA,NA,NA
Venetoraptor__wetmon_z_trans,0.013091364755782544,-0.003469617666545269,0.014357485561020096,NA,NA,NA
Venetoraptor__drymon_z_trans,0.0030457682234846894,-0.0004790518806255057,0.003061184548134609,NA,NA,NA
Venetoraptor__wetdry_z_trans,0.02195696437265734,-0.0023205097536441533,0.022379939713269053,NA,NA,NA
Venetoraptor__time,0.04334598443593514,-0.00011447673632053873,0.025573041939142695,NA,NA,NA
Vinitasaura__lat_range_z_trans,0.13474567656571346,0.0012060830025067083,0.01821537207102875,0.4512320911811548,0.1381082572042942,1.0630597919225693
Vinitasaura__Temperate_N,0.1151140316239861,-0.0014015909292771753,0.021866514778465396,NA,NA,NA
Vinitasaura__Tropical,-0.12636516557746383,-0.0055029344413685425,0.010425831610118163,NA,NA,NA
Vinitasaura__Temperate_S,0.12170321573779354,-0.00013723001546270115,0.027710165462851884,NA,NA,NA
Vinitasaura__Antarctic,0.029314019056306727,7.94097274974739e-05,0.0046085789500752965,NA,NA,NA
Vinitasaura__mat_z_trans,0.013276877881755527,-0.002010899593038362,0.016858955629266526,NA,NA,NA
Vinitasaura__map_z_trans,-0.17737296791019086,-0.006512373023562617,0.007760101895755473,NA,NA,NA
Vinitasaura__wmm_z_trans,-0.0032815201264463955,-0.002431368750027926,0.009057128487456064,NA,NA,NA
Vinitasaura__cmm_z_trans,-0.046596118347458075,-0.002770336358845438,0.010355650981288503,NA,NA,NA
Vinitasaura__wmmcmm_z_trans,-0.023096155118372597,-0.0028249945428677386,0.009315578118716696,NA,NA,NA
Vinitasaura__wetmon_z_trans,0.015174852850112039,-0.005088111510676774,0.021219622465829157,NA,NA,NA
Vinitasaura__drymon_z_trans,0.009534406100858006,-0.0012200350172590286,0.007093796097674832,NA,NA,NA
Vinitasaura__wetdry_z_trans,0.04033349749631533,-0.005228789153176363,0.023493842195160583,NA,NA,NA
Vinitasaura__time,0.014972674098717333,-0.001106299705844792,0.006158401451777759,NA,NA,NA
Vivaron__lat_range_z_trans,0.08075654164050498,0.0008444348428819602,0.011155613319881956,0.567817491885944,0.08452045544981956,1.9469367498531938
Vivaron__Temperate_N,0.0716178061290489,-0.0002072883579071888,0.013232833634126558,NA,NA,NA
Vivaron__Tropical,-0.07297428106487522,-0.004638898343326057,0.0033631569996801954,NA,NA,NA
Vivaron__Temperate_S,0.0733481198310997,-1.4881213651403695e-05,0.014036560259836756,NA,NA,NA
Vivaron__Antarctic,0.015189738390815655,-3.505129303855194e-05,0.0025023960303202663,NA,NA,NA
Vivaron__mat_z_trans,0.07664291476346137,-0.003905108160915061,0.031381452739119596,NA,NA,NA
Vivaron__map_z_trans,-0.10172083539299451,-0.004509368533661292,0.004594447315640369,NA,NA,NA
Vivaron__wmm_z_trans,0.024288681699980424,-0.002038682796326854,0.01822997748700585,NA,NA,NA
Vivaron__cmm_z_trans,-0.09606048234815379,-0.005731795950371561,0.014661817681947522,NA,NA,NA
Vivaron__wmmcmm_z_trans,-0.07545007801599456,-0.005949963822298712,0.013499397763903352,NA,NA,NA
Vivaron__wetmon_z_trans,-0.0008828223866815932,-0.004160629454544532,0.01836199068227421,NA,NA,NA
Vivaron__drymon_z_trans,0.005848016137582954,-0.00078503251439164,0.005074849428410187,NA,NA,NA
Vivaron__wetdry_z_trans,0.036583189959983525,-0.003699163280901821,0.027170254419008423,NA,NA,NA
Vivaron__time,0.08027081498784844,-0.00011804143295056337,0.01687479243430986,NA,NA,NA
Vjushkovisaurus__lat_range_z_trans,-0.2758664160141321,-0.00359711220467165,-0.0018762394971976602,0.3330466238872032,0.08723925426602364,0.6838323436677456
Vjushkovisaurus__Temperate_N,-0.26550073629329035,-0.005838792599130631,0.014503209053106814,NA,NA,NA
Vjushkovisaurus__Tropical,0.13646892896164395,-0.0002283894248863003,0.011405383064621267,NA,NA,NA
Vjushkovisaurus__Temperate_S,0.21958753010184218,0.00038932323859684054,0.01904165387451164,NA,NA,NA
Vjushkovisaurus__Antarctic,0.0463967040342285,5.11946898274956e-05,0.003546396902834522,NA,NA,NA
Vjushkovisaurus__mat_z_trans,-0.06647583674127353,-0.004111362811387879,0.010634235484404723,NA,NA,NA
Vjushkovisaurus__map_z_trans,0.21242010255368834,-0.0006000471782564637,0.035907042289398346,NA,NA,NA
Vjushkovisaurus__wmm_z_trans,-0.023640345453463586,-0.00325995224498911,0.01592595044724548,NA,NA,NA
Vjushkovisaurus__cmm_z_trans,0.1089812924870894,-0.0010966581107858617,0.01770755272259489,NA,NA,NA
Vjushkovisaurus__wmmcmm_z_trans,0.07556145708904222,-0.0018073486881918792,0.013407538632321801,NA,NA,NA
Vjushkovisaurus__wetmon_z_trans,0.03370986919230994,-0.005686353812967618,0.026423872190002886,NA,NA,NA
Vjushkovisaurus__drymon_z_trans,0.032877959577114174,-0.0005849885630480464,0.005491648041455216,NA,NA,NA
Vjushkovisaurus__wetdry_z_trans,-0.08719950583125613,-0.006976069050504341,0.01894163348749724,NA,NA,NA
Vjushkovisaurus__time,-0.02986367933191674,-0.001602913551007831,0.0030796635026678993,NA,NA,NA
Volcanosuchus__lat_range_z_trans,0.061846791140396436,0.0014487362278174396,0.016038788831737066,0.7656387344433461,0.39868240617215633,1.1323013827204704
Volcanosuchus__Temperate_N,0.057352472129801095,-8.812448909717973e-05,0.022790798931295497,NA,NA,NA
Volcanosuchus__Tropical,0.045188818370366465,-0.0003818529461155936,0.01886040279578544,NA,NA,NA
Volcanosuchus__Temperate_S,-0.04302529828742006,-0.006775578259960918,0.00909606253220075,NA,NA,NA
Volcanosuchus__Antarctic,0.010144829312665951,-7.092062557373934e-05,0.0038140222915945873,NA,NA,NA
Volcanosuchus__mat_z_trans,0.015228738592780249,-0.0022818557022317837,0.017191470052529686,NA,NA,NA
Volcanosuchus__map_z_trans,-0.07252987062207472,-0.008497476086440019,0.010621417970893932,NA,NA,NA
Volcanosuchus__wmm_z_trans,-0.0008979064605047466,-0.0022386639981047136,0.010797593793551859,NA,NA,NA
Volcanosuchus__cmm_z_trans,-0.008390699967300672,-0.003047582791006698,0.014425719642844826,NA,NA,NA
Volcanosuchus__wmmcmm_z_trans,-0.004794673486514301,-0.003222720959892181,0.01149467219942356,NA,NA,NA
Volcanosuchus__wetmon_z_trans,0.014795087023149406,-0.00386874807198696,0.01931910271323829,NA,NA,NA
Volcanosuchus__drymon_z_trans,0.0031291570377871424,-0.0013642659447948176,0.0074698074076509965,NA,NA,NA
Volcanosuchus__wetdry_z_trans,0.03436256714558497,-0.003178663011596669,0.026664037087955058,NA,NA,NA
Volcanosuchus__time,0.005047312402909092,-0.0013817536524194426,0.005555643944763549,NA,NA,NA
Vonhuenia__lat_range_z_trans,0.021110265589975592,0.0010709888996686318,0.010117912545720652,2.3353643135052518,1.327155977487564,3.6162006482481956
Vonhuenia__Temperate_N,-0.029890694473073957,-0.007450867222496827,-0.0005251436305740741,NA,NA,NA
Vonhuenia__Tropical,0.013775736484329155,0.00015415397505190318,0.010441628958581677,NA,NA,NA
Vonhuenia__Temperate_S,0.019800665319356467,0.00020203125781509455,0.013380804733378705,NA,NA,NA
Vonhuenia__Antarctic,-0.0002980264008555345,-0.000376482738657571,0.0013802457965377516,NA,NA,NA
Vonhuenia__mat_z_trans,-0.0032819605698672046,-0.007558513382948393,0.01963389798172645,NA,NA,NA
Vonhuenia__map_z_trans,0.03738128839350059,-0.0008715370917853599,0.03036719178920703,NA,NA,NA
Vonhuenia__wmm_z_trans,0.004956188365140324,-0.005387115829762289,0.014657113597282207,NA,NA,NA
Vonhuenia__cmm_z_trans,0.03303748559947035,-0.001197895149056025,0.02875469482887017,NA,NA,NA
Vonhuenia__wmmcmm_z_trans,0.018813858546212852,-0.0018222371553379398,0.016968798838947474,NA,NA,NA
Vonhuenia__wetmon_z_trans,0.00634077635895738,-0.0037384943225355575,0.021223356644361976,NA,NA,NA
Vonhuenia__drymon_z_trans,0.0051747257131247925,-0.0006344182310302313,0.00658076412353811,NA,NA,NA
Vonhuenia__wetdry_z_trans,0.004352023371449913,-0.004108073113044636,0.018195200656373416,NA,NA,NA
Vonhuenia__time,-0.013815007966094422,-0.003231010207284074,0.002963073331513557,NA,NA,NA
Vritramimosaurus__lat_range_z_trans,0.021110265589975592,0.0010709888996686318,0.010117912545720652,2.3353643135052518,1.327155977487564,3.6162006482481956
Vritramimosaurus__Temperate_N,-0.029890694473073957,-0.007450867222496827,-0.0005251436305740741,NA,NA,NA
Vritramimosaurus__Tropical,0.013775736484329155,0.00015415397505190318,0.010441628958581677,NA,NA,NA
Vritramimosaurus__Temperate_S,0.019800665319356467,0.00020203125781509455,0.013380804733378705,NA,NA,NA
Vritramimosaurus__Antarctic,-0.0002980264008555345,-0.000376482738657571,0.0013802457965377516,NA,NA,NA
Vritramimosaurus__mat_z_trans,-0.0032819605698672046,-0.007558513382948393,0.01963389798172645,NA,NA,NA
Vritramimosaurus__map_z_trans,0.03738128839350059,-0.0008715370917853599,0.03036719178920703,NA,NA,NA
Vritramimosaurus__wmm_z_trans,0.004956188365140324,-0.005387115829762289,0.014657113597282207,NA,NA,NA
Vritramimosaurus__cmm_z_trans,0.03303748559947035,-0.001197895149056025,0.02875469482887017,NA,NA,NA
Vritramimosaurus__wmmcmm_z_trans,0.018813858546212852,-0.0018222371553379398,0.016968798838947474,NA,NA,NA
Vritramimosaurus__wetmon_z_trans,0.00634077635895738,-0.0037384943225355575,0.021223356644361976,NA,NA,NA
Vritramimosaurus__drymon_z_trans,0.0051747257131247925,-0.0006344182310302313,0.00658076412353811,NA,NA,NA
Vritramimosaurus__wetdry_z_trans,0.004352023371449913,-0.004108073113044636,0.018195200656373416,NA,NA,NA
Vritramimosaurus__time,-0.013815007966094422,-0.003231010207284074,0.002963073331513557,NA,NA,NA
Vytshegdosuchus__lat_range_z_trans,0.021110265589975592,0.0010709888996686318,0.010117912545720652,2.3353643135052518,1.327155977487564,3.6162006482481956
Vytshegdosuchus__Temperate_N,-0.029890694473073957,-0.007450867222496827,-0.0005251436305740741,NA,NA,NA
Vytshegdosuchus__Tropical,0.013775736484329155,0.00015415397505190318,0.010441628958581677,NA,NA,NA
Vytshegdosuchus__Temperate_S,0.019800665319356467,0.00020203125781509455,0.013380804733378705,NA,NA,NA
Vytshegdosuchus__Antarctic,-0.0002980264008555345,-0.000376482738657571,0.0013802457965377516,NA,NA,NA
Vytshegdosuchus__mat_z_trans,-0.0032819605698672046,-0.007558513382948393,0.01963389798172645,NA,NA,NA
Vytshegdosuchus__map_z_trans,0.03738128839350059,-0.0008715370917853599,0.03036719178920703,NA,NA,NA
Vytshegdosuchus__wmm_z_trans,0.004956188365140324,-0.005387115829762289,0.014657113597282207,NA,NA,NA
Vytshegdosuchus__cmm_z_trans,0.03303748559947035,-0.001197895149056025,0.02875469482887017,NA,NA,NA
Vytshegdosuchus__wmmcmm_z_trans,0.018813858546212852,-0.0018222371553379398,0.016968798838947474,NA,NA,NA
Vytshegdosuchus__wetmon_z_trans,0.00634077635895738,-0.0037384943225355575,0.021223356644361976,NA,NA,NA
Vytshegdosuchus__drymon_z_trans,0.0051747257131247925,-0.0006344182310302313,0.00658076412353811,NA,NA,NA
Vytshegdosuchus__wetdry_z_trans,0.004352023371449913,-0.004108073113044636,0.018195200656373416,NA,NA,NA
Vytshegdosuchus__time,-0.013815007966094422,-0.003231010207284074,0.002963073331513557,NA,NA,NA
Waluchelys__lat_range_z_trans,0.07292491181240034,0.0007505556631769489,0.010221442323149057,0.5989607748380513,0.031879985705018044,3.682137368246913
Waluchelys__Temperate_N,0.06483564989665652,-5.507849536740066e-05,0.014908146697069476,NA,NA,NA
Waluchelys__Tropical,0.05241423975593999,-0.00041819216138571936,0.01037567258553635,NA,NA,NA
Waluchelys__Temperate_S,-0.05612001819753907,-0.004439505845771069,0.009004161666377207,NA,NA,NA
Waluchelys__Antarctic,0.01317690542815122,-0.00015996667162436232,0.002993944056218103,NA,NA,NA
Waluchelys__mat_z_trans,0.07130020981332864,-0.0039383248024736205,0.02853748290759876,NA,NA,NA
Waluchelys__map_z_trans,-0.0847438765882571,-0.005088777030390773,0.007172717027192693,NA,NA,NA
Waluchelys__wmm_z_trans,0.03461487862396644,-0.0014098079468054736,0.01630928162524329,NA,NA,NA
Waluchelys__cmm_z_trans,-0.09430282862285366,-0.006886237690301152,0.011086311949064294,NA,NA,NA
Waluchelys__wmmcmm_z_trans,-0.08132380450062737,-0.004788893977497373,0.020090325693114388,NA,NA,NA
Waluchelys__wetmon_z_trans,0.007624757937922034,-0.004230439534080044,0.02122851770051653,NA,NA,NA
Waluchelys__drymon_z_trans,0.005633932109440886,-0.0005140314576255653,0.00487400150087146,NA,NA,NA
Waluchelys__wetdry_z_trans,0.045084235637276475,-0.003989298896713107,0.022533495793180473,NA,NA,NA
Waluchelys__time,0.06633813122582097,0.0002185285354554378,0.014804038670332998,NA,NA,NA
Wannia__lat_range_z_trans,0.08024084911440245,0.0007608635524105811,0.011238903656391443,0.5762586301742704,0.09898536838591099,2.267209480982274
Wannia__Temperate_N,0.07189617439871518,-0.0001974266093065912,0.012374457130515642,NA,NA,NA
Wannia__Tropical,-0.06686583712250979,-0.00423225413338051,0.005706222023695735,NA,NA,NA
Wannia__Temperate_S,0.0718174920386559,-0.00012990908981105737,0.013733354632774497,NA,NA,NA
Wannia__Antarctic,0.015137878812476788,6.31904885257169e-06,0.002571192239363366,NA,NA,NA
Wannia__mat_z_trans,0.07505470954168653,-0.0042413056860536045,0.030703577755523,NA,NA,NA
Wannia__map_z_trans,-0.10238594412361043,-0.003974358597285348,0.007003858712313874,NA,NA,NA
Wannia__wmm_z_trans,0.029032666025095407,-0.0026956788019221996,0.015749545328915267,NA,NA,NA
Wannia__cmm_z_trans,-0.10345515824743899,-0.0065976863153773746,0.013300736463266892,NA,NA,NA
Wannia__wmmcmm_z_trans,-0.06889154235516903,-0.006089937339244418,0.013207795456201309,NA,NA,NA
Wannia__wetmon_z_trans,-0.005157814833391082,-0.003962687408424745,0.01943290023186168,NA,NA,NA
Wannia__drymon_z_trans,0.0065156746795087235,-0.0007903265516514739,0.00532952864446446,NA,NA,NA
Wannia__wetdry_z_trans,0.03759875700951305,-0.0028761322371570973,0.02773801881673492,NA,NA,NA
Wannia__time,0.07691941939369158,7.104985694799312e-05,0.016049449103442998,NA,NA,NA
Wapitisaurus__lat_range_z_trans,0.021110265589975592,0.0010709888996686318,0.010117912545720652,2.3353643135052518,1.327155977487564,3.6162006482481956
Wapitisaurus__Temperate_N,-0.029890694473073957,-0.007450867222496827,-0.0005251436305740741,NA,NA,NA
Wapitisaurus__Tropical,0.013775736484329155,0.00015415397505190318,0.010441628958581677,NA,NA,NA
Wapitisaurus__Temperate_S,0.019800665319356467,0.00020203125781509455,0.013380804733378705,NA,NA,NA
Wapitisaurus__Antarctic,-0.0002980264008555345,-0.000376482738657571,0.0013802457965377516,NA,NA,NA
Wapitisaurus__mat_z_trans,-0.0032819605698672046,-0.007558513382948393,0.01963389798172645,NA,NA,NA
Wapitisaurus__map_z_trans,0.03738128839350059,-0.0008715370917853599,0.03036719178920703,NA,NA,NA
Wapitisaurus__wmm_z_trans,0.004956188365140324,-0.005387115829762289,0.014657113597282207,NA,NA,NA
Wapitisaurus__cmm_z_trans,0.03303748559947035,-0.001197895149056025,0.02875469482887017,NA,NA,NA
Wapitisaurus__wmmcmm_z_trans,0.018813858546212852,-0.0018222371553379398,0.016968798838947474,NA,NA,NA
Wapitisaurus__wetmon_z_trans,0.00634077635895738,-0.0037384943225355575,0.021223356644361976,NA,NA,NA
Wapitisaurus__drymon_z_trans,0.0051747257131247925,-0.0006344182310302313,0.00658076412353811,NA,NA,NA
Wapitisaurus__wetdry_z_trans,0.004352023371449913,-0.004108073113044636,0.018195200656373416,NA,NA,NA
Wapitisaurus__time,-0.013815007966094422,-0.003231010207284074,0.002963073331513557,NA,NA,NA
Weigeltisaurus__lat_range_z_trans,-0.3678170732781291,-0.002282558355736613,-0.0014160413362556197,0.2224071492056828,0.08661433681845665,0.3853911682963371
Weigeltisaurus__Temperate_N,-0.4302867875620723,-0.004158820900144317,0.0023534364411875114,NA,NA,NA
Weigeltisaurus__Tropical,0.17444691482465713,-4.475164914219847e-05,0.009980984936831442,NA,NA,NA
Weigeltisaurus__Temperate_S,0.29121139832772314,5.10304232017168e-05,0.013908158374431606,NA,NA,NA
Weigeltisaurus__Antarctic,0.08494232267141343,6.107651208519598e-05,0.0035349438938712574,NA,NA,NA
Weigeltisaurus__mat_z_trans,-0.48470848590135573,-0.007676847783281864,0.024390915095933018,NA,NA,NA
Weigeltisaurus__map_z_trans,0.1499733400833793,-0.0003268107981893903,0.010694423199779654,NA,NA,NA
Weigeltisaurus__wmm_z_trans,0.020068113578017802,-0.0006730352310435338,0.0059550859653981795,NA,NA,NA
Weigeltisaurus__cmm_z_trans,0.41422856485471127,-0.0042744715135167016,0.04006555517004768,NA,NA,NA
Weigeltisaurus__wmmcmm_z_trans,0.16914613893255592,-0.006019168421592991,0.033871981707726005,NA,NA,NA
Weigeltisaurus__wetmon_z_trans,0.058968756016693075,-0.0017447046715992275,0.010715520707315606,NA,NA,NA
Weigeltisaurus__drymon_z_trans,0.18829099888447673,-0.0029867588561635233,0.01921533246956217,NA,NA,NA
Weigeltisaurus__wetdry_z_trans,-0.1361650370247662,-0.0033911577800544825,0.016970299988255503,NA,NA,NA
Weigeltisaurus__time,-0.11627059897931759,-0.0014824912862253447,0.003898943581381066,NA,NA,NA
Whitakersaurus__lat_range_z_trans,0.020660241798536455,0.0014295644372246475,0.012249720158723285,2.1589462556348007,0.9567928425967693,4.330249695107341
Whitakersaurus__Temperate_N,0.019378434265926583,-0.0004396823307270603,0.016099580506739992,NA,NA,NA
Whitakersaurus__Tropical,-0.011625815914984418,-0.006745876237777405,0.010235912032101144,NA,NA,NA
Whitakersaurus__Temperate_S,0.010846530246207128,-0.0020377503480862734,0.011930211036504037,NA,NA,NA
Whitakersaurus__Antarctic,0.0013419502231925744,-0.00022151600947582355,0.0021338649790001423,NA,NA,NA
Whitakersaurus__mat_z_trans,0.01569209465847018,-0.0035802723143411814,0.02942722280166404,NA,NA,NA
Whitakersaurus__map_z_trans,-0.011800830420416714,-0.005277565710433615,0.004175904535797047,NA,NA,NA
Whitakersaurus__wmm_z_trans,0.017523128912579,-0.00467112707055129,0.025832975645772475,NA,NA,NA
Whitakersaurus__cmm_z_trans,-0.002262419943062616,-0.0025416542940954407,0.008624554191249958,NA,NA,NA
Whitakersaurus__wmmcmm_z_trans,0.013241741292361815,-0.0009020702667629723,0.014255640466518105,NA,NA,NA
Whitakersaurus__wetmon_z_trans,0.005024997592334285,-0.004282365313229021,0.014925950634877156,NA,NA,NA
Whitakersaurus__drymon_z_trans,0.0015042974258704684,-0.0005723665839133272,0.002857717799486838,NA,NA,NA
Whitakersaurus__wetdry_z_trans,0.010711289515471322,-0.004046811826905883,0.018021987309622973,NA,NA,NA
Whitakersaurus__time,0.02722168467914023,-0.0010599764423286273,0.023368298097407904,NA,NA,NA
Xenodiphyodon__lat_range_z_trans,0.1414586764596802,0.001067435938906582,0.017590142805243788,0.43445837119972563,0.13077234476804733,1.1032541894819587
Xenodiphyodon__Temperate_N,0.12181691125316349,-0.00041259529240050835,0.025369065472652448,NA,NA,NA
Xenodiphyodon__Tropical,-0.1342537874970121,-0.005452693008479581,0.01014840387083811,NA,NA,NA
Xenodiphyodon__Temperate_S,0.1286539838141806,-0.0001359771143631733,0.026972807634055334,NA,NA,NA
Xenodiphyodon__Antarctic,0.030645691943940467,7.868472185960865e-05,0.004485946273160373,NA,NA,NA
Xenodiphyodon__mat_z_trans,0.021803084748675733,-0.0029823928279927316,0.016410344705768493,NA,NA,NA
Xenodiphyodon__map_z_trans,-0.18921175186812117,-0.006452915482191321,0.007553608293515346,NA,NA,NA
Xenodiphyodon__wmm_z_trans,-0.004513369512279676,-0.002409170511763531,0.008816121460428566,NA,NA,NA
Xenodiphyodon__cmm_z_trans,-0.05993000288380132,-0.003062466130680097,0.00981753263237306,NA,NA,NA
Xenodiphyodon__wmmcmm_z_trans,-0.02800037664210124,-0.0027992025267626233,0.010435652536275628,NA,NA,NA
Xenodiphyodon__wetmon_z_trans,0.012677038403299272,-0.005041657384115956,0.02065497572020572,NA,NA,NA
Xenodiphyodon__drymon_z_trans,0.01134214984896115,-0.0010642698270638446,0.0069050326601010235,NA,NA,NA
Xenodiphyodon__wetdry_z_trans,0.04699571300626079,-0.0051810506489058114,0.02286867925651498,NA,NA,NA
Xenodiphyodon__time,0.017973363256780072,-0.0011012002174502857,0.006111226874332229,NA,NA,NA
Xilousuchus__lat_range_z_trans,0.0256233216680306,0.0010810350362343165,0.01039488065212574,1.8512330387672955,1.0273961052298546,2.9715889431536198
Xilousuchus__Temperate_N,-0.027974257994699138,-0.005411225276166611,0.00699906774576372,NA,NA,NA
Xilousuchus__Tropical,0.018359662106927625,0.00013751650173100515,0.010327764243805906,NA,NA,NA
Xilousuchus__Temperate_S,0.02591909963290507,0.00025559904852195714,0.014227372496344995,NA,NA,NA
Xilousuchus__Antarctic,0.000935511508781652,-0.00027559316066765987,0.0014709059041746035,NA,NA,NA
Xilousuchus__mat_z_trans,-0.004602951282260308,-0.006314583383074475,0.014926409582310892,NA,NA,NA
Xilousuchus__map_z_trans,0.048767753390928745,-0.0008037294172569063,0.03291760137325647,NA,NA,NA
Xilousuchus__wmm_z_trans,0.003469663674041352,-0.004220041119926458,0.01558443001186536,NA,NA,NA
Xilousuchus__cmm_z_trans,0.024542814651664385,-0.0022236543145383197,0.023723548015763728,NA,NA,NA
Xilousuchus__wmmcmm_z_trans,0.009022013922642923,-0.003061017278270679,0.01344001615060038,NA,NA,NA
Xilousuchus__wetmon_z_trans,0.005400360921092869,-0.005852243328034772,0.02241016703294353,NA,NA,NA
Xilousuchus__drymon_z_trans,0.004976982842706916,-0.0004664347417999422,0.005938335794248662,NA,NA,NA
Xilousuchus__wetdry_z_trans,-0.0026775583618672523,-0.004580993713678624,0.019346362385679917,NA,NA,NA
Xilousuchus__time,-0.014305092349269145,-0.0032141051644761034,0.0024326788065811827,NA,NA,NA
Xingxiulong__lat_range_z_trans,0.042108822904445196,0.0009675152980737376,0.012074934705997275,1.0179732221550513,0.6345027852803469,1.3735392354428768
Xingxiulong__Temperate_N,-0.06834320671755903,-0.008450502114493467,0.0009509460156890441,NA,NA,NA
Xingxiulong__Tropical,0.016461024945747606,-0.0018362430661910945,0.012181726922362184,NA,NA,NA
Xingxiulong__Temperate_S,0.02186902596480381,-0.0017245519494403613,0.013602269291772238,NA,NA,NA
Xingxiulong__Antarctic,0.006808563411021152,1.686377406975153e-05,0.002673167974534159,NA,NA,NA
Xingxiulong__mat_z_trans,0.025222579190662096,-0.0032794412634682907,0.02873615482568852,NA,NA,NA
Xingxiulong__map_z_trans,-0.03109528463431809,-0.004010587210546555,0.008183043661411609,NA,NA,NA
Xingxiulong__wmm_z_trans,0.012757424335200046,-0.004742333122940596,0.02756609589133684,NA,NA,NA
Xingxiulong__cmm_z_trans,-0.011540130773377472,-0.002713897527958255,0.005797242357432057,NA,NA,NA
Xingxiulong__wmmcmm_z_trans,0.019417093434592334,-0.0011536448324816564,0.012931025247203073,NA,NA,NA
Xingxiulong__wetmon_z_trans,0.006458353507550143,-0.00294519611490416,0.01950197490870314,NA,NA,NA
Xingxiulong__drymon_z_trans,0.003826992769488224,-0.00034040800719159947,0.003830409627874386,NA,NA,NA
Xingxiulong__wetdry_z_trans,0.016555357394354864,-0.003199616415434938,0.01888160466370094,NA,NA,NA
Xingxiulong__time,0.05695070859901543,-0.0015374277584957886,0.027228944101759623,NA,NA,NA
Yarasuchus__lat_range_z_trans,0.27929109760527054,0.0008852877062217912,0.013440205626433164,0.32962308209789626,0.13497912883758545,0.5824944470077753
Yarasuchus__Temperate_N,0.24219602162280812,3.836949780296847e-05,0.021905203159253164,NA,NA,NA
Yarasuchus__Tropical,0.17493973026576473,-0.00021651858262886883,0.013860282109198237,NA,NA,NA
Yarasuchus__Temperate_S,-0.530653444675652,-0.0071304205113901595,5.5682022422393233e-05,NA,NA,NA
Yarasuchus__Antarctic,0.06962945836522545,0.00012604686802490474,0.004521837873186547,NA,NA,NA
Yarasuchus__mat_z_trans,-0.15784623592302252,-0.004456316287731461,0.008922643200805384,NA,NA,NA
Yarasuchus__map_z_trans,0.36377961734979253,-0.0007055009475770235,0.03605534462727053,NA,NA,NA
Yarasuchus__wmm_z_trans,-0.09212514664965463,-0.004117894070099376,0.013672398851303372,NA,NA,NA
Yarasuchus__cmm_z_trans,0.06782641135756518,-0.0011584779876613667,0.018981065052187295,NA,NA,NA
Yarasuchus__wmmcmm_z_trans,0.0039324773732214,-0.0026095518238617595,0.01035878867417789,NA,NA,NA
Yarasuchus__wetmon_z_trans,-0.07494531759013764,-0.006203162289241752,0.021912571880916075,NA,NA,NA
Yarasuchus__drymon_z_trans,0.03603537871790452,-0.0006332865792420167,0.005465342951253121,NA,NA,NA
Yarasuchus__wetdry_z_trans,-0.20517363029778113,-0.007324439750695183,0.018456011566651605,NA,NA,NA
Yarasuchus__time,-0.059429093189678345,-0.0014436055533239736,0.006532162600406292,NA,NA,NA
Yimenosaurus__lat_range_z_trans,0.042108822904445196,0.0009675152980737376,0.012074934705997275,1.0179732221550513,0.6345027852803469,1.3735392354428768
Yimenosaurus__Temperate_N,-0.06834320671755903,-0.008450502114493467,0.0009509460156890441,NA,NA,NA
Yimenosaurus__Tropical,0.016461024945747606,-0.0018362430661910945,0.012181726922362184,NA,NA,NA
Yimenosaurus__Temperate_S,0.02186902596480381,-0.0017245519494403613,0.013602269291772238,NA,NA,NA
Yimenosaurus__Antarctic,0.006808563411021152,1.686377406975153e-05,0.002673167974534159,NA,NA,NA
Yimenosaurus__mat_z_trans,0.025222579190662096,-0.0032794412634682907,0.02873615482568852,NA,NA,NA
Yimenosaurus__map_z_trans,-0.03109528463431809,-0.004010587210546555,0.008183043661411609,NA,NA,NA
Yimenosaurus__wmm_z_trans,0.012757424335200046,-0.004742333122940596,0.02756609589133684,NA,NA,NA
Yimenosaurus__cmm_z_trans,-0.011540130773377472,-0.002713897527958255,0.005797242357432057,NA,NA,NA
Yimenosaurus__wmmcmm_z_trans,0.019417093434592334,-0.0011536448324816564,0.012931025247203073,NA,NA,NA
Yimenosaurus__wetmon_z_trans,0.006458353507550143,-0.00294519611490416,0.01950197490870314,NA,NA,NA
Yimenosaurus__drymon_z_trans,0.003826992769488224,-0.00034040800719159947,0.003830409627874386,NA,NA,NA
Yimenosaurus__wetdry_z_trans,0.016555357394354864,-0.003199616415434938,0.01888160466370094,NA,NA,NA
Yimenosaurus__time,0.05695070859901543,-0.0015374277584957886,0.027228944101759623,NA,NA,NA
Youngetta__lat_range_z_trans,0.02110177877443817,0.0010709888996686318,0.010153221699864176,2.334956644296308,1.327155977487564,3.6162006482481956
Youngetta__Temperate_N,-0.029518408901090722,-0.007450867222496827,-0.0005269762593219151,NA,NA,NA
Youngetta__Tropical,0.013797783559638526,0.00015415397505190318,0.01047806780747882,NA,NA,NA
Youngetta__Temperate_S,0.019801935723260656,0.00020203125781509455,0.013427500619981823,NA,NA,NA
Youngetta__Antarctic,-0.0003063761567147223,-0.000376482738657571,0.0013850625323383106,NA,NA,NA
Youngetta__mat_z_trans,-0.0031416196304901852,-0.007558513382948393,0.019702415704838043,NA,NA,NA
Youngetta__map_z_trans,0.03747231831695647,-0.0008715370917853599,0.030473166203489204,NA,NA,NA
Youngetta__wmm_z_trans,0.004931876879232103,-0.005387115829762289,0.014708263504040834,NA,NA,NA
Youngetta__cmm_z_trans,0.03296312244573449,-0.001197895149056025,0.028855042004977356,NA,NA,NA
Youngetta__wmmcmm_z_trans,0.018427305099693467,-0.0018222371553379398,0.017028015987853178,NA,NA,NA
Youngetta__wetmon_z_trans,0.00636126788767294,-0.0037384943225355575,0.021297421207364716,NA,NA,NA
Youngetta__drymon_z_trans,0.005150693352248317,-0.0006344182310302313,0.006603729454951105,NA,NA,NA
Youngetta__wetdry_z_trans,0.004290171887815007,-0.004108073113044636,0.018258697661486387,NA,NA,NA
Youngetta__time,-0.01387452490676819,-0.003231010207284074,0.0022959120661230343,NA,NA,NA
Youngina__lat_range_z_trans,-0.22161772798984058,-0.005063484861178714,-0.007977977736898565,0.5446779265027363,0.09804483596235514,1.5481673888862133
Youngina__Temperate_N,0.09560066363180998,0.00032876630077341353,0.014787656500349702,NA,NA,NA
Youngina__Tropical,0.06513833971273068,6.634419595309338e-05,0.011149622734634336,NA,NA,NA
Youngina__Temperate_S,-0.13797652926908555,-0.004941564377321869,0.004365731339485537,NA,NA,NA
Youngina__Antarctic,0.01943185814036014,-7.048133193250708e-05,0.003214376787000975,NA,NA,NA
Youngina__mat_z_trans,-0.06210604428142634,-0.00713353656866611,0.01735301583393232,NA,NA,NA
Youngina__map_z_trans,0.14948128579726153,-2.363471034894155e-05,0.026910222391339684,NA,NA,NA
Youngina__wmm_z_trans,0.003792804829855607,-0.0033455558670410536,0.01366495509947614,NA,NA,NA
Youngina__cmm_z_trans,0.14517601162576677,-0.0018118742543121035,0.033806799425543106,NA,NA,NA
Youngina__wmmcmm_z_trans,0.09238240162167498,-0.002394884183838822,0.023991266162317403,NA,NA,NA
Youngina__wetmon_z_trans,0.01289696984687473,-0.0032665585782056666,0.02023381875684928,NA,NA,NA
Youngina__drymon_z_trans,0.03233429283903812,-0.0004341098644246242,0.01249821469729786,NA,NA,NA
Youngina__wetdry_z_trans,-0.030599629218815507,-0.004488233860552816,0.01710492067314611,NA,NA,NA
Youngina__time,-0.04647737295457825,-0.0023706623503065537,0.003036917530991196,NA,NA,NA
Youngosuchus__lat_range_z_trans,0.029955857356731952,0.0013102462453691353,0.011089636029391519,1.5395872840108495,0.5525967665016651,2.773977005854249
Youngosuchus__Temperate_N,-0.029368862442569105,-0.006988875355000986,0.007622085495111134,NA,NA,NA
Youngosuchus__Tropical,0.02294644643248573,6.034140453024638e-05,0.01217503356580496,NA,NA,NA
Youngosuchus__Temperate_S,0.032653235895619526,0.0006504013992898793,0.015635735531954926,NA,NA,NA
Youngosuchus__Antarctic,0.0020542324742802306,-0.00031569900928397063,0.001913031543555988,NA,NA,NA
Youngosuchus__mat_z_trans,-0.0031550638317963922,-0.0031083481956748022,0.012891966899406597,NA,NA,NA
Youngosuchus__map_z_trans,0.05719150292112775,-0.0009947733414047257,0.03525887599036886,NA,NA,NA
Youngosuchus__wmm_z_trans,0.0018513413376625499,-0.004360835866788605,0.016528323088556635,NA,NA,NA
Youngosuchus__cmm_z_trans,0.013785059677452312,-0.001334614706134141,0.011465432008331276,NA,NA,NA
Youngosuchus__wmmcmm_z_trans,0.001847031740474792,-0.0030005251678123074,0.009630724329582228,NA,NA,NA
Youngosuchus__wetmon_z_trans,0.0036817916634969915,-0.007243302938956398,0.028446297491270568,NA,NA,NA
Youngosuchus__drymon_z_trans,0.0027819329289581396,-0.0005773047952272049,0.0033404331187431653,NA,NA,NA
Youngosuchus__wetdry_z_trans,-0.0063987231303024965,-0.006241118838243517,0.02616454937173352,NA,NA,NA
Youngosuchus__time,-0.012368458691995677,-0.0028050611460658788,0.001977415731653717,NA,NA,NA
Yunnanosaurus__lat_range_z_trans,0.042108822904445196,0.0009675152980737376,0.012074934705997275,1.0179732221550513,0.6345027852803469,1.3735392354428768
Yunnanosaurus__Temperate_N,-0.06834320671755903,-0.008450502114493467,0.0009509460156890441,NA,NA,NA
Yunnanosaurus__Tropical,0.016461024945747606,-0.0018362430661910945,0.012181726922362184,NA,NA,NA
Yunnanosaurus__Temperate_S,0.02186902596480381,-0.0017245519494403613,0.013602269291772238,NA,NA,NA
Yunnanosaurus__Antarctic,0.006808563411021152,1.686377406975153e-05,0.002673167974534159,NA,NA,NA
Yunnanosaurus__mat_z_trans,0.025222579190662096,-0.0032794412634682907,0.02873615482568852,NA,NA,NA
Yunnanosaurus__map_z_trans,-0.03109528463431809,-0.004010587210546555,0.008183043661411609,NA,NA,NA
Yunnanosaurus__wmm_z_trans,0.012757424335200046,-0.004742333122940596,0.02756609589133684,NA,NA,NA
Yunnanosaurus__cmm_z_trans,-0.011540130773377472,-0.002713897527958255,0.005797242357432057,NA,NA,NA
Yunnanosaurus__wmmcmm_z_trans,0.019417093434592334,-0.0011536448324816564,0.012931025247203073,NA,NA,NA
Yunnanosaurus__wetmon_z_trans,0.006458353507550143,-0.00294519611490416,0.01950197490870314,NA,NA,NA
Yunnanosaurus__drymon_z_trans,0.003826992769488224,-0.00034040800719159947,0.003830409627874386,NA,NA,NA
Yunnanosaurus__wetdry_z_trans,0.016555357394354864,-0.003199616415434938,0.01888160466370094,NA,NA,NA
Yunnanosaurus__time,0.05695070859901543,-0.0015374277584957886,0.027228944101759623,NA,NA,NA
Zanclodon__lat_range_z_trans,-0.7519181421399117,-0.009986762327727338,-0.02380307941380138,0.1685171237138502,0.04779559466987848,0.2604221887886524
Zanclodon__Temperate_N,-0.1503500184044242,-0.003936303837415283,0.004382537125325048,NA,NA,NA
Zanclodon__Tropical,0.08035791096044705,-0.0008525440466785532,0.011592781344246943,NA,NA,NA
Zanclodon__Temperate_S,0.13124445414869115,-0.0004448715705353752,0.017741480938256535,NA,NA,NA
Zanclodon__Antarctic,0.027375797832064563,-2.4264469135529733e-05,0.0033161244173840003,NA,NA,NA
Zanclodon__mat_z_trans,0.1570500263082795,-0.00232485456927626,0.035040921751840655,NA,NA,NA
Zanclodon__map_z_trans,-0.15054359296686015,-0.0035922077052310867,0.006010367550503198,NA,NA,NA
Zanclodon__wmm_z_trans,0.14489998227450995,-0.002844312759688643,0.03419380898870189,NA,NA,NA
Zanclodon__cmm_z_trans,-0.056720261061855126,-0.002936884015608524,0.007751950319013461,NA,NA,NA
Zanclodon__wmmcmm_z_trans,0.12895434167548955,-7.620953332056969e-05,0.01387039744844585,NA,NA,NA
Zanclodon__wetmon_z_trans,0.03354970014343508,-0.005134925956489511,0.018842231731753624,NA,NA,NA
Zanclodon__drymon_z_trans,0.02292009897821117,-0.00045326893043441565,0.004383553403033387,NA,NA,NA
Zanclodon__wetdry_z_trans,0.09194382732734084,-0.0024505193051019203,0.028917809247983976,NA,NA,NA
Zanclodon__time,0.3131508386414498,0.00010845871523973477,0.03189865534277791,NA,NA,NA
Zhongjiania__lat_range_z_trans,0.03905487997805854,0.0007139516307345451,0.008769402735920863,1.2581465146967092,0.30272567458450794,2.2252634279429913
Zhongjiania__Temperate_N,-0.0610250813683215,-0.004765387173523887,0.0023938402625123287,NA,NA,NA
Zhongjiania__Tropical,0.019898729057591675,-0.0006433139778289802,0.007899746034480395,NA,NA,NA
Zhongjiania__Temperate_S,0.03864114998965899,0.00024531809444302514,0.013016102601341372,NA,NA,NA
Zhongjiania__Antarctic,0.005849312352863454,-0.0001826960027569457,0.0026417665804610597,NA,NA,NA
Zhongjiania__mat_z_trans,-0.04038922821814928,-0.0074919140305392635,0.026540746537586164,NA,NA,NA
Zhongjiania__map_z_trans,0.018867765595860782,-0.000876401091264012,0.008550550005946182,NA,NA,NA
Zhongjiania__wmm_z_trans,0.002221368418801016,-0.000716333390558695,0.00605653682464882,NA,NA,NA
Zhongjiania__cmm_z_trans,0.06382155651158,-0.004060809013822794,0.036185374817200494,NA,NA,NA
Zhongjiania__wmmcmm_z_trans,0.03425407424734327,-0.0061028194593785974,0.03314568461118594,NA,NA,NA
Zhongjiania__wetmon_z_trans,0.005751150226256308,-0.0018459179742248105,0.008891862861600574,NA,NA,NA
Zhongjiania__drymon_z_trans,0.028044732455157925,-0.0030393280408945,0.01907319857704409,NA,NA,NA
Zhongjiania__wetdry_z_trans,-0.009248342309245938,-0.003845405478575465,0.0161013268452513,NA,NA,NA
Zhongjiania__time,-0.028284742605828937,-0.002338414403212893,0.004873400900285516,NA,NA,NA
Zupaysaurus__lat_range_z_trans,0.0944477126535083,0.0006825866164112531,0.011338398243406662,0.5107182607370487,0.031879985705018044,3.5108447715174407
Zupaysaurus__Temperate_N,0.08463363749729813,-0.000217777651817455,0.015273454416489042,NA,NA,NA
Zupaysaurus__Tropical,0.06235787394304909,-0.00041771981595703766,0.010063432625459836,NA,NA,NA
Zupaysaurus__Temperate_S,-0.08257578447104616,-0.004181453245931814,0.007737331512162261,NA,NA,NA
Zupaysaurus__Antarctic,0.01965837303879529,1.0496202033441843e-05,0.0029038458997007123,NA,NA,NA
Zupaysaurus__mat_z_trans,0.08705200990074283,-0.0032461936450586676,0.03311627255376499,NA,NA,NA
Zupaysaurus__map_z_trans,-0.10959116162793334,-0.004302750785640291,0.00697850505135872,NA,NA,NA
Zupaysaurus__wmm_z_trans,0.04367719056540225,-0.0012947328957465855,0.024491047652626618,NA,NA,NA
Zupaysaurus__cmm_z_trans,-0.13162689690408017,-0.006878459727933203,0.009257535657663223,NA,NA,NA
Zupaysaurus__wmmcmm_z_trans,-0.09688509682276582,-0.007181010573422305,0.011295045903753366,NA,NA,NA
Zupaysaurus__wetmon_z_trans,-0.001543358893119199,-0.0038925236686451407,0.01810961280212943,NA,NA,NA
Zupaysaurus__drymon_z_trans,0.008849170686363471,-0.000618591383985011,0.005203607863586644,NA,NA,NA
Zupaysaurus__wetdry_z_trans,0.05134957386175562,-0.0036404255938348408,0.023395218862524676,NA,NA,NA
Zupaysaurus__time,0.08765408090365595,0.0002290858581243787,0.014976231150838898,NA,NA,NA
