feature,shap,lwr_shap,upr_shap,rate,rate_lwr,rate_upr
baseline,0.13575188137590885,0.06123090907931328,0.2193867564201355,NA,NA,NA
Abyssomedon__lat_range_z_trans,0.2372511629395502,0.0007008105626075231,0.006877421423926661,0.3986474458471639,0.1087137027643621,1.7207340151071548
Abyssomedon__Temperate_N,0.21184521822995434,-0.0004954410305634176,0.009817515342028633,NA,NA,NA
Abyssomedon__Tropical,-0.507142250566808,-0.006398755263425081,0.001738709648262789,NA,NA,NA
Abyssomedon__Temperate_S,0.332104667997933,0.00038537822498465875,0.01065532553732553,NA,NA,NA
Abyssomedon__Antarctic,0.07077812679503866,-0.0002902350320224319,0.0028119116599386244,NA,NA,NA
Abyssomedon__mat_z_trans,0.23448075080170813,-0.005052169646959137,0.02323904764855319,NA,NA,NA
Abyssomedon__map_z_trans,0.5389230168768135,-0.0044199826764612414,0.03700611815870884,NA,NA,NA
Abyssomedon__wmm_z_trans,-0.04489035899939551,-0.004628801708092493,0.01651144269393101,NA,NA,NA
Abyssomedon__cmm_z_trans,-0.27669652247903326,-0.007584695152872787,0.01749851907692065,NA,NA,NA
Abyssomedon__wmmcmm_z_trans,-0.12099125568334622,-0.00672727264266493,0.013598449685105526,NA,NA,NA
Abyssomedon__wetmon_z_trans,-0.309439144964563,-0.009696812676326263,0.01834811891771856,NA,NA,NA
Abyssomedon__drymon_z_trans,-0.09804812434184887,-0.007541968923685245,0.028043475422754486,NA,NA,NA
Abyssomedon__wetdry_z_trans,-0.03147930004599937,-0.0057802676072652645,0.021476769866754165,NA,NA,NA
Abyssomedon__time,-0.10094410518409463,-0.003700695506567171,0.011763931338206822,NA,NA,NA
Acadiella__lat_range_z_trans,0.0781448395297599,0.0014108817603939085,0.013939159830212489,0.8025230085127987,0.25438315235078335,1.9272470064461231
Acadiella__Temperate_N,0.12000064204714309,0.0016864503517190726,0.023171853943763643,NA,NA,NA
Acadiella__Tropical,-0.1638625305715605,-0.012983250803182161,0.004876759149990876,NA,NA,NA
Acadiella__Temperate_S,0.13144943229725298,0.001812038316867816,0.025240273470712504,NA,NA,NA
Acadiella__Antarctic,0.019392057438153417,7.790209358514334e-05,0.00592462324308506,NA,NA,NA
Acadiella__mat_z_trans,0.0078496236727039,-0.007170644268451555,0.022311417657390746,NA,NA,NA
Acadiella__map_z_trans,-0.1031386251633444,-0.011858239217818678,0.010332896005728655,NA,NA,NA
Acadiella__wmm_z_trans,-0.044924070835533944,-0.0079552977081617,0.011406590150886759,NA,NA,NA
Acadiella__cmm_z_trans,-0.032775304963368966,-0.006850082690646931,0.015371640707178941,NA,NA,NA
Acadiella__wmmcmm_z_trans,-0.00923824408904115,-0.0040708625170864125,0.014101505327996321,NA,NA,NA
Acadiella__wetmon_z_trans,0.05281631053065288,-0.004682802373495415,0.02421356983293423,NA,NA,NA
Acadiella__drymon_z_trans,0.0044877402728378995,-0.0029241559354372688,0.009840475086703509,NA,NA,NA
Acadiella__wetdry_z_trans,0.04973515263689676,-0.007074974119656871,0.03235803860363935,NA,NA,NA
Acadiella__time,0.025814858573357025,-0.000647871967942227,0.006297953409912407,NA,NA,NA
Acaenasuchus__lat_range_z_trans,0.19883764805683252,0.0010474759584756907,0.011509489126076435,0.43787479023485504,0.1693142969161272,0.8448917958885431
Acaenasuchus__Temperate_N,0.28391788698940934,0.0010323024227028444,0.01903845925611201,NA,NA,NA
Acaenasuchus__Tropical,-0.37959287718644785,-0.009509287456223559,0.0008239875892060344,NA,NA,NA
Acaenasuchus__Temperate_S,0.3265373760377916,0.0013694160454581134,0.021128310745236793,NA,NA,NA
Acaenasuchus__Antarctic,0.05745061584085788,0.00011486184069234863,0.0042982525431722405,NA,NA,NA
Acaenasuchus__mat_z_trans,0.04250956442700674,-0.006056371156297988,0.03065312439549428,NA,NA,NA
Acaenasuchus__map_z_trans,-0.28290396440403776,-0.0075062003223455515,0.012344500156481161,NA,NA,NA
Acaenasuchus__wmm_z_trans,-0.12778973111490124,-0.006012076139087233,0.00886090072279532,NA,NA,NA
Acaenasuchus__cmm_z_trans,-0.24861249694586124,-0.01138902910856426,0.01424047698391281,NA,NA,NA
Acaenasuchus__wmmcmm_z_trans,-0.11129495293791429,-0.00755480530865607,0.012190460396735383,NA,NA,NA
Acaenasuchus__wetmon_z_trans,0.14669383240092124,-0.006602213493684971,0.029886605652109374,NA,NA,NA
Acaenasuchus__drymon_z_trans,0.01338338045844819,-0.002445116893086396,0.006307736817656623,NA,NA,NA
Acaenasuchus__wetdry_z_trans,0.1450005943163406,-0.007090198684040166,0.03693351537075412,NA,NA,NA
Acaenasuchus__time,0.07161500543746313,-0.0006296667846560781,0.011170936664392908,NA,NA,NA
Acallosuchus__lat_range_z_trans,0.2872435565292835,0.0008595115318596779,0.009580027932840162,0.2448751689249184,0.12414933741092682,0.43880176171660423
Acallosuchus__Temperate_N,0.3461025246605277,-0.0003680868676190576,0.01605962579906326,NA,NA,NA
Acallosuchus__Tropical,-0.4543744660820812,-0.00806349752764885,0.0007099910289466423,NA,NA,NA
Acallosuchus__Temperate_S,0.45973201733548197,0.0006922857797730371,0.017732018188747756,NA,NA,NA
Acallosuchus__Antarctic,0.08551641278900206,5.72351447498521e-05,0.0034593959804341302,NA,NA,NA
Acallosuchus__mat_z_trans,0.05271947440225631,-0.009534249029008153,0.029721174860290762,NA,NA,NA
Acallosuchus__map_z_trans,-0.45979258194565775,-0.007273173195969582,0.008810396764575417,NA,NA,NA
Acallosuchus__wmm_z_trans,-0.19251955822808667,-0.003920175063979966,0.012943557379074547,NA,NA,NA
Acallosuchus__cmm_z_trans,-0.5630991929629817,-0.01188676948330075,0.016377068320614068,NA,NA,NA
Acallosuchus__wmmcmm_z_trans,-0.22097627295181155,-0.007397166875161774,0.02087566185762275,NA,NA,NA
Acallosuchus__wetmon_z_trans,0.2650535579957068,-0.0043574210212615925,0.030580685750543297,NA,NA,NA
Acallosuchus__drymon_z_trans,0.03668327700928785,-0.0014432480821654188,0.005435077678545995,NA,NA,NA
Acallosuchus__wetdry_z_trans,0.23718434877693653,-0.007065978050336535,0.03631191916713732,NA,NA,NA
Acallosuchus__time,0.14132864707149564,-0.0015301763392441693,0.010790155711699388,NA,NA,NA
Acerosodontosaurus__lat_range_z_trans,0.06897221793323072,0.0009442075064661266,0.00929259045988091,0.993037426469964,0.36534002237021923,1.6324196681380272
Acerosodontosaurus__Temperate_N,0.09424490017082873,0.0007146623089438076,0.01457177472978161,NA,NA,NA
Acerosodontosaurus__Tropical,0.04806495001078129,-0.0012231545430649575,0.011613985112257558,NA,NA,NA
Acerosodontosaurus__Temperate_S,-0.16212900023641283,-0.007978386670031418,-0.0017563919180743747,NA,NA,NA
Acerosodontosaurus__Antarctic,0.014846107143467503,-3.190179322821488e-05,0.0037549097735144676,NA,NA,NA
Acerosodontosaurus__mat_z_trans,-0.08998700169112785,-0.012325798556886723,0.03239674419666337,NA,NA,NA
Acerosodontosaurus__map_z_trans,0.018308925254828842,-0.0007843658008122517,0.006023340628108708,NA,NA,NA
Acerosodontosaurus__wmm_z_trans,0.0020796637188768164,-0.0015956092096798726,0.0044033116727551285,NA,NA,NA
Acerosodontosaurus__cmm_z_trans,0.10852408889403001,-0.010073965139412914,0.040011254436943984,NA,NA,NA
Acerosodontosaurus__wmmcmm_z_trans,0.05704909703338387,-0.009206983283990012,0.03583213002535173,NA,NA,NA
Acerosodontosaurus__wetmon_z_trans,0.0005924677920073916,-0.0028298291717749205,0.007613676742622295,NA,NA,NA
Acerosodontosaurus__drymon_z_trans,-0.0012036469228794502,-0.00895315451674892,0.02497723134943049,NA,NA,NA
Acerosodontosaurus__wetdry_z_trans,-0.01821801093667992,-0.005390388258589417,0.022643331152754277,NA,NA,NA
Acerosodontosaurus__time,-0.005392876788426308,-0.002496241950503591,0.008008868058145357,NA,NA,NA
Acleistorhinus__lat_range_z_trans,0.31025455668568613,0.0006678840380757807,0.00788032820968761,0.27903474146616647,0.10747067630290985,0.47357716015540063
Acleistorhinus__Temperate_N,0.2603256979817525,-0.0003754987786513671,0.010773690688837342,NA,NA,NA
Acleistorhinus__Tropical,-0.6825746853230521,-0.006428745664110244,0.002112682306596382,NA,NA,NA
Acleistorhinus__Temperate_S,0.4325539215654135,0.0004575956506216757,0.0119223141986145,NA,NA,NA
Acleistorhinus__Antarctic,0.10617672312073409,-4.057973802783326e-05,0.003193942086846091,NA,NA,NA
Acleistorhinus__mat_z_trans,0.24197901260573418,-0.006566660142473415,0.026114644943257048,NA,NA,NA
Acleistorhinus__map_z_trans,0.869733322225511,-0.0035944244949750828,0.038890515427447314,NA,NA,NA
Acleistorhinus__wmm_z_trans,-0.16270413088263014,-0.0046869522601907035,0.008500941482580819,NA,NA,NA
Acleistorhinus__cmm_z_trans,-0.37185533965239304,-0.007872020837085408,0.022532254554061232,NA,NA,NA
Acleistorhinus__wmmcmm_z_trans,-0.13939913521520794,-0.005933353733685173,0.016886386264511978,NA,NA,NA
Acleistorhinus__wetmon_z_trans,-0.3665685845934786,-0.009364286269518069,0.019371839374422852,NA,NA,NA
Acleistorhinus__drymon_z_trans,-0.16032998932758347,-0.0077035576177770446,0.028911471118029088,NA,NA,NA
Acleistorhinus__wetdry_z_trans,-0.21567721611820162,-0.005679273495378285,0.015516656596783234,NA,NA,NA
Acleistorhinus__time,-0.08768884479999542,-0.004111035736138109,0.006779089168460007,NA,NA,NA
Acrodenta__lat_range_z_trans,0.016488245041417753,0.0014942924111318316,0.008941274129591021,3.9808477045575272,1.768845234066248,6.205933503806591
Acrodenta__Temperate_N,0.022717691811729973,0.0005671288655502375,0.014090104568517295,NA,NA,NA
Acrodenta__Tropical,-0.010797518967916014,-0.0059572788665789075,0.01017397205272703,NA,NA,NA
Acrodenta__Temperate_S,0.023756669496509876,0.00037305836746197806,0.013952199607437337,NA,NA,NA
Acrodenta__Antarctic,-0.0020526633890431546,-0.0011281438255587625,0.0010045642703490898,NA,NA,NA
Acrodenta__mat_z_trans,-0.003087090056853727,-0.012899621831183792,0.02664399432539772,NA,NA,NA
Acrodenta__map_z_trans,0.010412358161644653,-0.0007587003074333139,0.010501610490166235,NA,NA,NA
Acrodenta__wmm_z_trans,0.0014841383557490614,-0.0010412982102514508,0.0038698616177195023,NA,NA,NA
Acrodenta__cmm_z_trans,0.0386719939513617,-0.010667681149561146,0.03936178405364195,NA,NA,NA
Acrodenta__wmmcmm_z_trans,0.028919005402349277,-0.010124980564010306,0.03782842054446038,NA,NA,NA
Acrodenta__wetmon_z_trans,0.005737882336620201,-0.0021190648754022107,0.008923212699542632,NA,NA,NA
Acrodenta__drymon_z_trans,0.004261777877524061,-0.008835460581156895,0.019872327181628062,NA,NA,NA
Acrodenta__wetdry_z_trans,0.0028854241748016525,-0.0073757056682540595,0.01855123300945792,NA,NA,NA
Acrodenta__time,-0.003646032819986455,-0.002757452844066477,0.005672197869499317,NA,NA,NA
Actiosaurus__lat_range_z_trans,0.05249805033995068,0.0014779860972644536,0.010412432005563152,0.9732347254171259,0.5656769722700119,1.4826388619840145
Actiosaurus__Temperate_N,-0.05741922248401621,-0.007584747967469767,0.0028927350713892864,NA,NA,NA
Actiosaurus__Tropical,0.05660133994408718,-0.00021904240742681778,0.014891843717856278,NA,NA,NA
Actiosaurus__Temperate_S,0.08182161560083043,0.0010454010550463454,0.020825445239195443,NA,NA,NA
Actiosaurus__Antarctic,0.007921162814621551,-9.698539512225895e-05,0.0025645268824028176,NA,NA,NA
Actiosaurus__mat_z_trans,0.030978097333620024,-0.007088408025905442,0.03438380154566336,NA,NA,NA
Actiosaurus__map_z_trans,-0.048753420344621004,-0.006400799518770504,0.007389954790420331,NA,NA,NA
Actiosaurus__wmm_z_trans,-0.0872000170633618,-0.013691858484306164,0.021657077311194747,NA,NA,NA
Actiosaurus__cmm_z_trans,-0.02893002030594663,-0.007495860252935533,0.011942740228745983,NA,NA,NA
Actiosaurus__wmmcmm_z_trans,0.020847121179480912,-0.003432666438748669,0.015440042870197776,NA,NA,NA
Actiosaurus__wetmon_z_trans,0.03800899456280493,-0.005359665375234291,0.022176486019058337,NA,NA,NA
Actiosaurus__drymon_z_trans,0.006717377281118396,-0.0007524156595515736,0.005664477482069459,NA,NA,NA
Actiosaurus__wetdry_z_trans,0.038343347757202724,-0.0055652297039396476,0.028589499614295556,NA,NA,NA
Actiosaurus__time,0.024317454760137653,-0.006066617002213407,0.02055569364208297,NA,NA,NA
Adamanasuchus__lat_range_z_trans,0.28710125789046287,0.0009136197539022241,0.00927532841860294,0.2730320364863292,0.12086490960791707,0.46214688976760954
Adamanasuchus__Temperate_N,0.35400250885635615,-0.0001740938677984414,0.014921766965062231,NA,NA,NA
Adamanasuchus__Tropical,-0.46348378707887605,-0.0080578443392451,0.0016828610506644708,NA,NA,NA
Adamanasuchus__Temperate_S,0.462232150179334,0.000997116523677028,0.017626232199879473,NA,NA,NA
Adamanasuchus__Antarctic,0.0836205575056374,9.793766905430335e-05,0.003349367462544414,NA,NA,NA
Adamanasuchus__mat_z_trans,0.07040860790759325,-0.009115942251267438,0.03318184530124333,NA,NA,NA
Adamanasuchus__map_z_trans,-0.43708407757803797,-0.006727090566587851,0.009528973818697925,NA,NA,NA
Adamanasuchus__wmm_z_trans,-0.24975952897919343,-0.006345398125616691,0.010409855012267112,NA,NA,NA
Adamanasuchus__cmm_z_trans,-0.4924842897959752,-0.010321530806417897,0.019272688292167207,NA,NA,NA
Adamanasuchus__wmmcmm_z_trans,-0.20051778874127194,-0.006686838691955316,0.020211696776102114,NA,NA,NA
Adamanasuchus__wetmon_z_trans,0.22542362058535217,-0.005754008628430673,0.028069783628976278,NA,NA,NA
Adamanasuchus__drymon_z_trans,0.034158210351597516,-0.001299114053761431,0.007190082010375952,NA,NA,NA
Adamanasuchus__wetdry_z_trans,0.22468754169065505,-0.0066528218269701804,0.03515699308458175,NA,NA,NA
Adamanasuchus__time,0.15231597518002674,-0.0021048998678958185,0.009509282398970325,NA,NA,NA
Adelosaurus__lat_range_z_trans,0.0986383458524245,0.000982679083114301,0.00947853755735364,0.7511702863685786,0.0897243544459343,1.8241144120693207
Adelosaurus__Temperate_N,-0.23878423835600934,-0.008446134248980594,-0.0010662618138622994,NA,NA,NA
Adelosaurus__Tropical,0.07116256990017483,-0.0005604857344035381,0.011700054946281789,NA,NA,NA
Adelosaurus__Temperate_S,0.14883432927573673,0.0011271135435306089,0.016029097544534635,NA,NA,NA
Adelosaurus__Antarctic,0.026471251246268784,-0.00011807162477997555,0.003653421331036111,NA,NA,NA
Adelosaurus__mat_z_trans,-0.17473219166729562,-0.012504527711663764,0.02989270322541158,NA,NA,NA
Adelosaurus__map_z_trans,0.021858210373526515,-0.000854528486374162,0.007119585623797671,NA,NA,NA
Adelosaurus__wmm_z_trans,0.005963682441864843,-0.001077760399586377,0.0048912970944043265,NA,NA,NA
Adelosaurus__cmm_z_trans,0.14766157651491035,-0.010493516644463479,0.03902083059759699,NA,NA,NA
Adelosaurus__wmmcmm_z_trans,0.07377352125914041,-0.010074219249508803,0.03885988308168344,NA,NA,NA
Adelosaurus__wetmon_z_trans,-0.0031535902615923814,-0.0026610506089263398,0.009379462851401994,NA,NA,NA
Adelosaurus__drymon_z_trans,0.006858200137211785,-0.00784847696960622,0.021217650801174055,NA,NA,NA
Adelosaurus__wetdry_z_trans,-0.04091527533536039,-0.006786126244447687,0.02115604303625482,NA,NA,NA
Adelosaurus__time,-0.007884510005092178,-0.0019158037832172458,0.00805445054306675,NA,NA,NA
Aenigmasaurus__lat_range_z_trans,0.016973166492686896,0.002706421730107614,0.011220619834192634,3.984427303589182,1.7347667180001736,5.604935571551323
Aenigmasaurus__Temperate_N,0.024633216156812823,0.0028006381949333445,0.017495010259362242,NA,NA,NA
Aenigmasaurus__Tropical,0.012748423301107663,-0.001372136806859874,0.014007013542594544,NA,NA,NA
Aenigmasaurus__Temperate_S,-0.034163609848435056,-0.01431831766772818,-0.005054522532803623,NA,NA,NA
Aenigmasaurus__Antarctic,-0.002406370506639033,-0.001471815031689878,0.000629759933485889,NA,NA,NA
Aenigmasaurus__mat_z_trans,0.012424698826805846,-0.011679482121020109,0.027336552362148797,NA,NA,NA
Aenigmasaurus__map_z_trans,0.03098998880433955,-0.0012772453050816457,0.02850236626344621,NA,NA,NA
Aenigmasaurus__wmm_z_trans,0.021627380884100978,-0.004278216550447577,0.021486746991594245,NA,NA,NA
Aenigmasaurus__cmm_z_trans,0.03336048843765941,-0.006344132528005539,0.03382814893699924,NA,NA,NA
Aenigmasaurus__wmmcmm_z_trans,0.01767252371805304,-0.004362041650957921,0.02154551150188994,NA,NA,NA
Aenigmasaurus__wetmon_z_trans,0.00021211649925689428,-0.008312112842896334,0.016361591540156734,NA,NA,NA
Aenigmasaurus__drymon_z_trans,0.0038864034814902,-0.0014336314546575224,0.0072176520966934525,NA,NA,NA
Aenigmasaurus__wetdry_z_trans,0.0010680294895589538,-0.008641541052824846,0.02036140818530629,NA,NA,NA
Aenigmasaurus__time,-0.003274574360889334,-0.0032472959921848146,0.00444889750506891,NA,NA,NA
Aenigmaspina__lat_range_z_trans,0.2695096826608651,0.001402939502501851,0.014077515845449357,0.3865615092722874,0.19125919789075851,0.6250064447522163
Aenigmaspina__Temperate_N,-0.7128280311007745,-0.013571163287495866,0.0017655333806890425,NA,NA,NA
Aenigmaspina__Tropical,0.32005989528020523,0.0008287338943973363,0.023505559058167397,NA,NA,NA
Aenigmaspina__Temperate_S,0.4417190940659773,0.0011770845222889774,0.028740691660820668,NA,NA,NA
Aenigmaspina__Antarctic,0.08250230675958055,0.00025790307729132235,0.005290980737765453,NA,NA,NA
Aenigmaspina__mat_z_trans,-0.011136693075197093,-0.005227711873906662,0.020177678993566713,NA,NA,NA
Aenigmaspina__map_z_trans,-0.41842885629414517,-0.011300783389764138,0.010152052567194992,NA,NA,NA
Aenigmaspina__wmm_z_trans,-0.1446548351537404,-0.007253193765131239,0.01679737838199495,NA,NA,NA
Aenigmaspina__cmm_z_trans,-0.10090148730195501,-0.0075333259714071,0.012696760724503634,NA,NA,NA
Aenigmaspina__wmmcmm_z_trans,-0.015575654313591258,-0.003937970300682343,0.009832041995252316,NA,NA,NA
Aenigmaspina__wetmon_z_trans,0.17080942293035503,-0.004967776211263598,0.027812985358503677,NA,NA,NA
Aenigmaspina__drymon_z_trans,0.03566603348193713,-0.0019739007551498027,0.008971121996921566,NA,NA,NA
Aenigmaspina__wetdry_z_trans,0.11866169943148214,-0.008620290509375836,0.03221369755899721,NA,NA,NA
Aenigmaspina__time,0.10034930400490992,-0.0005114540116161817,0.00735275816030853,NA,NA,NA
Aenigmastropheus__lat_range_z_trans,0.06897221793323072,0.0009442075064661266,0.00929259045988091,0.993037426469964,0.36534002237021923,1.6324196681380272
Aenigmastropheus__Temperate_N,0.09424490017082873,0.0007146623089438076,0.01457177472978161,NA,NA,NA
Aenigmastropheus__Tropical,0.04806495001078129,-0.0012231545430649575,0.011613985112257558,NA,NA,NA
Aenigmastropheus__Temperate_S,-0.16212900023641283,-0.007978386670031418,-0.0017563919180743747,NA,NA,NA
Aenigmastropheus__Antarctic,0.014846107143467503,-3.190179322821488e-05,0.0037549097735144676,NA,NA,NA
Aenigmastropheus__mat_z_trans,-0.08998700169112785,-0.012325798556886723,0.03239674419666337,NA,NA,NA
Aenigmastropheus__map_z_trans,0.018308925254828842,-0.0007843658008122517,0.006023340628108708,NA,NA,NA
Aenigmastropheus__wmm_z_trans,0.0020796637188768164,-0.0015956092096798726,0.0044033116727551285,NA,NA,NA
Aenigmastropheus__cmm_z_trans,0.10852408889403001,-0.010073965139412914,0.040011254436943984,NA,NA,NA
Aenigmastropheus__wmmcmm_z_trans,0.05704909703338387,-0.009206983283990012,0.03583213002535173,NA,NA,NA
Aenigmastropheus__wetmon_z_trans,0.0005924677920073916,-0.0028298291717749205,0.007613676742622295,NA,NA,NA
Aenigmastropheus__drymon_z_trans,-0.0012036469228794502,-0.00895315451674892,0.02497723134943049,NA,NA,NA
Aenigmastropheus__wetdry_z_trans,-0.01821801093667992,-0.005390388258589417,0.022643331152754277,NA,NA,NA
Aenigmastropheus__time,-0.005392876788426308,-0.002496241950503591,0.008008868058145357,NA,NA,NA
Aetobarbakinoides__lat_range_z_trans,0.062341382816249076,0.002090288370092843,0.014145816553141623,0.9270537118933863,0.49624259024858475,1.3613374028354883
Aetobarbakinoides__Temperate_N,0.0904700652859439,0.0012644663856577754,0.02682898597732705,NA,NA,NA
Aetobarbakinoides__Tropical,0.07370814630988015,0.0008766440693230898,0.022902981219060974,NA,NA,NA
Aetobarbakinoides__Temperate_S,-0.14091078178350777,-0.016482332104378338,-0.002124364893618846,NA,NA,NA
Aetobarbakinoides__Antarctic,0.012484248066182126,7.12581407216774e-05,0.004061434095033157,NA,NA,NA
Aetobarbakinoides__mat_z_trans,0.0217086605471136,-0.005835657282121482,0.024357600688061306,NA,NA,NA
Aetobarbakinoides__map_z_trans,-0.06903886692279379,-0.011201804592945312,0.008227091168285848,NA,NA,NA
Aetobarbakinoides__wmm_z_trans,-0.03423679896637371,-0.008320953516033762,0.01155881518364206,NA,NA,NA
Aetobarbakinoides__cmm_z_trans,-0.017219719299542306,-0.007548880856712855,0.013598945785206533,NA,NA,NA
Aetobarbakinoides__wmmcmm_z_trans,-0.0003348226073539167,-0.003206340702540851,0.008806458053422232,NA,NA,NA
Aetobarbakinoides__wetmon_z_trans,0.05505985360167753,-0.003764315460947201,0.03065811615379473,NA,NA,NA
Aetobarbakinoides__drymon_z_trans,0.006408047431517702,-0.0024066775465742757,0.011026147198705807,NA,NA,NA
Aetobarbakinoides__wetdry_z_trans,0.053455734882165706,-0.005993874410713015,0.03585667904126023,NA,NA,NA
Aetobarbakinoides__time,0.02185673201475055,-0.0007727295721415686,0.009482050196812796,NA,NA,NA
Aetosauroides__lat_range_z_trans,-0.7217754003405571,-0.014590551704651383,-0.025408662446820444,0.1669489142668317,0.014269604813307524,0.4684585640206933
Aetosauroides__Temperate_N,0.28970555463805797,0.0012281907542682016,0.027599258824672776,NA,NA,NA
Aetosauroides__Tropical,0.18465647705364974,8.736221736397484e-05,0.023950822019895172,NA,NA,NA
Aetosauroides__Temperate_S,-0.3128938209638,-0.007856665974755428,-0.0038211551987309125,NA,NA,NA
Aetosauroides__Antarctic,0.02936666662397329,-0.00022706543791523422,0.0041757951877929925,NA,NA,NA
Aetosauroides__mat_z_trans,0.11075714000209701,-0.005053639881594204,0.024369612625753996,NA,NA,NA
Aetosauroides__map_z_trans,0.025203972419840282,-0.007832256550002402,0.030012381007908893,NA,NA,NA
Aetosauroides__wmm_z_trans,0.0286529867410718,-0.004059982601835435,0.012237315893214688,NA,NA,NA
Aetosauroides__cmm_z_trans,0.12457763663958758,-0.0029786802067509085,0.0339725226496962,NA,NA,NA
Aetosauroides__wmmcmm_z_trans,0.08419462558973465,-0.002161538259324453,0.01755402173193385,NA,NA,NA
Aetosauroides__wetmon_z_trans,0.04187106564640999,-0.0063748796093954585,0.026182911315827787,NA,NA,NA
Aetosauroides__drymon_z_trans,0.01788038456084905,-0.002040940114798132,0.0068172581013765145,NA,NA,NA
Aetosauroides__wetdry_z_trans,0.04439353885594755,-0.00891899360010952,0.03372733375948804,NA,NA,NA
Aetosauroides__time,0.05434590837336145,-0.00045126810981289625,0.008017340948125945,NA,NA,NA
Aetosaurus__lat_range_z_trans,-0.49290777429938315,-0.012289602265489797,-0.010735781618161057,0.13751806938437994,0.008901016786694527,0.389549303567037
Aetosaurus__Temperate_N,-0.14141684530768545,-0.005386062767262292,0.0039047734792137744,NA,NA,NA
Aetosaurus__Tropical,-0.10358464828692376,-0.004542287480318787,0.005627546792194287,NA,NA,NA
Aetosaurus__Temperate_S,0.3126086977496743,0.0018587523957153845,0.023618173292531124,NA,NA,NA
Aetosaurus__Antarctic,0.034893223522085466,-8.022348163124489e-05,0.0038028826982225987,NA,NA,NA
Aetosaurus__mat_z_trans,0.10014439002282643,-0.007917543893497737,0.028188833562990116,NA,NA,NA
Aetosaurus__map_z_trans,-0.18131280136061834,-0.007350563640348141,0.014126489909246996,NA,NA,NA
Aetosaurus__wmm_z_trans,-0.036644043300766496,-0.0033676784910097357,0.012440891973644133,NA,NA,NA
Aetosaurus__cmm_z_trans,-0.05969500006409362,-0.007312140304672639,0.018733578527775258,NA,NA,NA
Aetosaurus__wmmcmm_z_trans,0.005221053510904312,-0.005655407487641664,0.021604388848845923,NA,NA,NA
Aetosaurus__wetmon_z_trans,0.20904598452965728,-0.0032083376118057037,0.03783182212010499,NA,NA,NA
Aetosaurus__drymon_z_trans,0.03127344398635614,-0.0016386078857266134,0.006849443947217432,NA,NA,NA
Aetosaurus__wetdry_z_trans,0.21589718827046453,-0.00330753959023984,0.04431652712468944,NA,NA,NA
Aetosaurus__time,0.07337358482007403,-0.001033666575384466,0.009077185761620485,NA,NA,NA
Agnosphitys__lat_range_z_trans,0.25023822277429664,0.001596900996336144,0.01495263660591502,0.3961142458538234,0.19125919789075851,0.6936268424615264
Agnosphitys__Temperate_N,-0.6668185001257722,-0.013963183684122039,0.0017826855758867782,NA,NA,NA
Agnosphitys__Tropical,0.2932648729813461,0.0008030790123374615,0.021206641676743635,NA,NA,NA
Agnosphitys__Temperate_S,0.4114390040766988,0.0014375036975547,0.02732032133355454,NA,NA,NA
Agnosphitys__Antarctic,0.07604742768932797,0.000249919244271437,0.005342382730723635,NA,NA,NA
Agnosphitys__mat_z_trans,0.00547889877463727,-0.0054788408956551096,0.01867679968299215,NA,NA,NA
Agnosphitys__map_z_trans,-0.3686257700731275,-0.010950948217088566,0.012045605598867387,NA,NA,NA
Agnosphitys__wmm_z_trans,-0.12095482357520483,-0.006653105664461548,0.01696056527835698,NA,NA,NA
Agnosphitys__cmm_z_trans,-0.10514072983464848,-0.007753605998410061,0.012820110031125431,NA,NA,NA
Agnosphitys__wmmcmm_z_trans,-0.024926289435097802,-0.0049898326571294815,0.009927560497105331,NA,NA,NA
Agnosphitys__wetmon_z_trans,0.16593438769935148,-0.004813990160443871,0.02934232606932215,NA,NA,NA
Agnosphitys__drymon_z_trans,0.03352708402150555,-0.001965267757174034,0.00905827664226384,NA,NA,NA
Agnosphitys__wetdry_z_trans,0.09469229369022919,-0.008353434600820631,0.032526654331503604,NA,NA,NA
Agnosphitys__time,0.09159580271236656,-0.0003961023945076849,0.007424190365775038,NA,NA,NA
Ahvaytum__lat_range_z_trans,0.06457824810981336,0.002012160012666525,0.014548761229007518,0.9077786297531566,0.4681917233392596,1.4532365929335356
Ahvaytum__Temperate_N,0.09335461165355742,0.000793262865269723,0.02655111654877564,NA,NA,NA
Ahvaytum__Tropical,0.07558310209950646,0.00016076377521234562,0.022493271933709494,NA,NA,NA
Ahvaytum__Temperate_S,-0.14946091243530404,-0.015866274744879682,0.0008286273695680277,NA,NA,NA
Ahvaytum__Antarctic,0.01309026237558516,6.859473716095682e-05,0.004323954309101044,NA,NA,NA
Ahvaytum__mat_z_trans,0.021939528405814653,-0.005991913995920727,0.024465837376660634,NA,NA,NA
Ahvaytum__map_z_trans,-0.06827418634039556,-0.010783116623582247,0.008263649494217208,NA,NA,NA
Ahvaytum__wmm_z_trans,-0.03604273687051964,-0.008009942633645515,0.011610178529959755,NA,NA,NA
Ahvaytum__cmm_z_trans,-0.009814376459825335,-0.006924456210954527,0.014986754285192925,NA,NA,NA
Ahvaytum__wmmcmm_z_trans,-0.0014393635963943225,-0.003258779492987029,0.008845590883876198,NA,NA,NA
Ahvaytum__wetmon_z_trans,0.053726765246444395,-0.003623617274033768,0.030794350137333462,NA,NA,NA
Ahvaytum__drymon_z_trans,0.006346733381870025,-0.0023167235640238694,0.01107514355413837,NA,NA,NA
Ahvaytum__wetdry_z_trans,0.04998388536004013,-0.006747018540921948,0.031075335645293575,NA,NA,NA
Ahvaytum__time,0.02218032044571619,-0.0007438473886735139,0.009524185123301622,NA,NA,NA
Alwalkeria__lat_range_z_trans,0.06291499871000368,0.002115888363757221,0.01394290657601084,0.9252582770161097,0.4681917233392596,1.3613374028354883
Alwalkeria__Temperate_N,0.09138006701662008,0.001279952445822871,0.02644414648003465,NA,NA,NA
Alwalkeria__Tropical,0.07397408124434365,0.0008873804265366108,0.022574456995808952,NA,NA,NA
Alwalkeria__Temperate_S,-0.14455453398947027,-0.016106844821606993,0.000813128140826354,NA,NA,NA
Alwalkeria__Antarctic,0.01276422915037054,7.213084707985766e-05,0.00424307602850522,NA,NA,NA
Alwalkeria__mat_z_trans,0.02225776120290123,-0.0059071272245405535,0.02400821115794771,NA,NA,NA
Alwalkeria__map_z_trans,-0.06886268127703356,-0.011338994337055241,0.008109080385766616,NA,NA,NA
Alwalkeria__wmm_z_trans,-0.03445753785262596,-0.008422861157266337,0.011393013590233803,NA,NA,NA
Alwalkeria__cmm_z_trans,-0.017645138962646495,-0.0076413328383963235,0.013403880214554397,NA,NA,NA
Alwalkeria__wmmcmm_z_trans,-3.483704445288159e-05,-0.0032456091129885616,0.008680136734641504,NA,NA,NA
Alwalkeria__wetmon_z_trans,0.05346165816929224,-0.00381041745018933,0.03021835096779295,NA,NA,NA
Alwalkeria__drymon_z_trans,0.006579400652655829,-0.0024361523935982608,0.010867986284662767,NA,NA,NA
Alwalkeria__wetdry_z_trans,0.05590439167201562,-0.005894728549893343,0.0353423447929038,NA,NA,NA
Alwalkeria__time,0.022070022683935105,-0.0007821932769748988,0.009346038070445943,NA,NA,NA
Amanasaurus__lat_range_z_trans,-0.5657697987556457,-0.009135043907417154,-0.012545626522845629,0.1696197762011434,0.007103383541107178,0.43858379824087024
Amanasaurus__Temperate_N,0.3319401276577264,0.0011412120952763577,0.02310210824749768,NA,NA,NA
Amanasaurus__Tropical,0.23272300347220154,0.00039233501607530347,0.019494211784473896,NA,NA,NA
Amanasaurus__Temperate_S,-0.5332518437504769,-0.014586397947559532,-0.0027684805462478753,NA,NA,NA
Amanasaurus__Antarctic,0.047813251166371626,-9.078244110421418e-05,0.003576789163998908,NA,NA,NA
Amanasaurus__mat_z_trans,0.06006803909549489,-0.0035947023894761553,0.025884396118260707,NA,NA,NA
Amanasaurus__map_z_trans,-0.027662721080705523,-0.012029537030690426,0.02230698621851893,NA,NA,NA
Amanasaurus__wmm_z_trans,0.03235530406469479,-0.0026566870304054542,0.016379274287751898,NA,NA,NA
Amanasaurus__cmm_z_trans,0.12354214263614267,-0.00287042141758079,0.029549707747668696,NA,NA,NA
Amanasaurus__wmmcmm_z_trans,0.08860242377617396,-0.0026531970930038745,0.01782590298227257,NA,NA,NA
Amanasaurus__wetmon_z_trans,0.026686674345983194,-0.006350792403494263,0.030812792858957036,NA,NA,NA
Amanasaurus__drymon_z_trans,0.03542980360100046,-0.0010384167311822405,0.006935864802629374,NA,NA,NA
Amanasaurus__wetdry_z_trans,0.05380932968109846,-0.007644818525220056,0.032155158755460336,NA,NA,NA
Amanasaurus__time,0.0762495798477903,-0.00011365927353077583,0.006677670521738987,NA,NA,NA
Ammorhynchus__lat_range_z_trans,-0.005569767795282309,-0.005164051179300533,0.0016767221170355651,4.036718353283941,0.04963327758014202,6.904994186013937
Ammorhynchus__Temperate_N,0.02274912524886212,0.0018216648941105263,0.016552020292592423,NA,NA,NA
Ammorhynchus__Tropical,-0.020442505832982034,-0.012684853760957845,0.00462043624763051,NA,NA,NA
Ammorhynchus__Temperate_S,0.025192826112776644,0.0016659104631439573,0.015990629060138102,NA,NA,NA
Ammorhynchus__Antarctic,-0.0019234929533616487,-0.001827762775426275,0.0014854211426428962,NA,NA,NA
Ammorhynchus__mat_z_trans,0.01584635339094216,-0.007544689643030308,0.032219990827048184,NA,NA,NA
Ammorhynchus__map_z_trans,0.030290906216578033,-0.0027975267262425672,0.02715183062826496,NA,NA,NA
Ammorhynchus__wmm_z_trans,0.020134861880117587,-0.003720665655578221,0.022835112886045204,NA,NA,NA
Ammorhynchus__cmm_z_trans,0.031203588864646522,-0.004702518665809363,0.03276035641963677,NA,NA,NA
Ammorhynchus__wmmcmm_z_trans,0.017761070990385996,-0.003994693707323384,0.02122153001397373,NA,NA,NA
Ammorhynchus__wetmon_z_trans,-0.00042011437379129243,-0.008505942372275782,0.016702551356259858,NA,NA,NA
Ammorhynchus__drymon_z_trans,0.003067997690770629,-0.001836321658659737,0.004668187004814601,NA,NA,NA
Ammorhynchus__wetdry_z_trans,0.0001515641432226086,-0.008728395417560236,0.018215923956488782,NA,NA,NA
Ammorhynchus__time,-0.002290532206976172,-0.0032110628744035103,0.0032860444675639113,NA,NA,NA
Ammosaurus__lat_range_z_trans,0.052008048647578124,0.001600046939548955,0.01103860584501337,0.9737578368904292,0.5875700861215591,1.493650644668378
Ammosaurus__Temperate_N,-0.060232918251690325,-0.007743521963472137,0.003066695873745197,NA,NA,NA
Ammosaurus__Tropical,0.056052588981120775,-0.00022362769338098466,0.015787396548580225,NA,NA,NA
Ammosaurus__Temperate_S,0.08117975052363641,0.0010672847753290342,0.02207782787148731,NA,NA,NA
Ammosaurus__Antarctic,0.007640611907977656,-0.0002387955505999956,0.002326936170115365,NA,NA,NA
Ammosaurus__mat_z_trans,0.02765376578944285,-0.007236791976485637,0.0364515448948866,NA,NA,NA
Ammosaurus__map_z_trans,-0.045459458531644195,-0.00722612593755886,0.0046062139042316675,NA,NA,NA
Ammosaurus__wmm_z_trans,-0.08977859072642168,-0.014519582494263349,0.022959471914489694,NA,NA,NA
Ammosaurus__cmm_z_trans,-0.02554188141387235,-0.006053296454290933,0.012660942421912284,NA,NA,NA
Ammosaurus__wmmcmm_z_trans,0.026924597864521026,-0.002645029701512954,0.01517578733304896,NA,NA,NA
Ammosaurus__wetmon_z_trans,0.035611545357091406,-0.005471860993666339,0.02259565248268629,NA,NA,NA
Ammosaurus__drymon_z_trans,0.0076036272432171235,-0.0005644683248369545,0.003642209916054854,NA,NA,NA
Ammosaurus__wetdry_z_trans,0.036779570324938136,-0.00578152823514714,0.02520561705798649,NA,NA,NA
Ammosaurus__time,0.025310623660013885,-0.006193611468975981,0.02179185418589719,NA,NA,NA
Amotosaurus__lat_range_z_trans,-0.11941762656923662,-0.014716520573362493,-0.008381099382036131,1.006137805420367,0.031307218596339226,3.4188356660306454
Amotosaurus__Temperate_N,-0.038236034548816425,-0.005536314999696742,0.005662741492709565,NA,NA,NA
Amotosaurus__Tropical,-0.008532372014377095,-0.00501273338911552,0.015064192433385344,NA,NA,NA
Amotosaurus__Temperate_S,0.05595507557874708,0.0011862030100463121,0.018726618066152896,NA,NA,NA
Amotosaurus__Antarctic,-0.00024254693699642222,-0.0011226146412280746,0.001977132642753444,NA,NA,NA
Amotosaurus__mat_z_trans,0.03276935718484266,-0.008664923845352555,0.027854838906242317,NA,NA,NA
Amotosaurus__map_z_trans,0.0644196680066957,-0.0016397330959653177,0.024682361106553533,NA,NA,NA
Amotosaurus__wmm_z_trans,0.05106410773716888,-0.003027992773551124,0.025045062398050093,NA,NA,NA
Amotosaurus__cmm_z_trans,0.0736290774739582,-0.000945694456157083,0.04478451647448394,NA,NA,NA
Amotosaurus__wmmcmm_z_trans,0.037358778632995214,-0.003491991798670809,0.02043707073925692,NA,NA,NA
Amotosaurus__wetmon_z_trans,-0.013639130022146576,-0.0074659384701238184,0.016461457661011352,NA,NA,NA
Amotosaurus__drymon_z_trans,0.007690152180017307,-0.0014635896163784255,0.004352247681258452,NA,NA,NA
Amotosaurus__wetdry_z_trans,-0.007677602685144927,-0.007866266378311764,0.01860438415284024,NA,NA,NA
Amotosaurus__time,0.0006109773582018886,-0.0014627980514458588,0.004115232047473526,NA,NA,NA
Ancistronychus__lat_range_z_trans,0.2882007935643196,0.0008872013752873524,0.009431200571117777,0.2650585636808682,0.09871987625956535,0.43880176171660423
Ancistronychus__Temperate_N,0.35246459702029825,-1.9946395190393835e-05,0.015172527674678095,NA,NA,NA
Ancistronychus__Tropical,-0.44816019719932226,-0.007824842391044383,0.0006989611976741812,NA,NA,NA
Ancistronychus__Temperate_S,0.4615898631932214,0.0006929836004987293,0.01694462816115581,NA,NA,NA
Ancistronychus__Antarctic,0.08446333272382617,0.00011702495401262893,0.0032672034709812724,NA,NA,NA
Ancistronychus__mat_z_trans,0.0833035226771608,-0.008852344170340804,0.0337394671360827,NA,NA,NA
Ancistronychus__map_z_trans,-0.4553606393840164,-0.008368867897122455,0.00611322345407401,NA,NA,NA
Ancistronychus__wmm_z_trans,-0.24363683834904803,-0.0060236248869223125,0.010584792915800004,NA,NA,NA
Ancistronychus__cmm_z_trans,-0.5366284921969054,-0.010325822704773994,0.0192142108767077,NA,NA,NA
Ancistronychus__wmmcmm_z_trans,-0.2140006857411936,-0.007051649039358182,0.018857853229169545,NA,NA,NA
Ancistronychus__wetmon_z_trans,0.2308893644157797,-0.005810368802074998,0.028541497124974873,NA,NA,NA
Ancistronychus__drymon_z_trans,0.03638475883170031,-0.001239025612953349,0.006492354816466128,NA,NA,NA
Ancistronychus__wetdry_z_trans,0.2472076786402613,-0.006460447740123334,0.038033738965676085,NA,NA,NA
Ancistronychus__time,0.15506808535581512,-0.0009511793692077797,0.012295096825577317,NA,NA,NA
Angistorhinus__lat_range_z_trans,-1.0428817427158357,-0.025846302446266057,-0.029971253334005125,0.28193988273880677,0.034505754709243774,0.70995809789747
Angistorhinus__Temperate_N,0.30689285434782504,0.0008399842003423201,0.02465826282573978,NA,NA,NA
Angistorhinus__Tropical,-0.17202382895164192,-0.007352625549958882,0.0094549547942457,NA,NA,NA
Angistorhinus__Temperate_S,0.3678861053660512,0.0017281178062929173,0.029996088913293032,NA,NA,NA
Angistorhinus__Antarctic,0.029306581621058286,-0.00031459534458665807,0.004018113919371655,NA,NA,NA
Angistorhinus__mat_z_trans,0.15267358003213302,-0.005089786708677044,0.024383625913261733,NA,NA,NA
Angistorhinus__map_z_trans,-0.018310593666974455,-0.006376563844245644,0.01626822088724005,NA,NA,NA
Angistorhinus__wmm_z_trans,0.0217473723841249,-0.002901909156374299,0.012501405805237004,NA,NA,NA
Angistorhinus__cmm_z_trans,0.14812727158656344,-0.0022723735905904457,0.03360864216896208,NA,NA,NA
Angistorhinus__wmmcmm_z_trans,0.10824842774367426,-0.002238785653618792,0.020129051202655752,NA,NA,NA
Angistorhinus__wetmon_z_trans,0.051581584163941444,-0.005803112066348112,0.026178664173775828,NA,NA,NA
Angistorhinus__drymon_z_trans,0.02180509408848593,-0.0015689239469946887,0.008047446522780635,NA,NA,NA
Angistorhinus__wetdry_z_trans,0.08605969826225192,-0.003989716170177014,0.031872428580997966,NA,NA,NA
Angistorhinus__time,0.0554734586388804,-4.431660811087497e-05,0.008241104046579408,NA,NA,NA
Anisodontosaurus__lat_range_z_trans,-0.005103009728750899,-0.004490714618340515,0.002521100978184968,4.18659976210969,0.03027041908353567,7.341646147891879
Anisodontosaurus__Temperate_N,0.02250112973311714,0.0015408388057993189,0.01658987635186993,NA,NA,NA
Anisodontosaurus__Tropical,-0.020057630165874668,-0.013006062478750663,0.0045552552186505155,NA,NA,NA
Anisodontosaurus__Temperate_S,0.024639978024869152,0.0020250219315244736,0.015694139963163205,NA,NA,NA
Anisodontosaurus__Antarctic,-0.0019439925078057142,-0.0015459966436622765,0.00175952877983466,NA,NA,NA
Anisodontosaurus__mat_z_trans,0.015663031113463313,-0.007948808965541308,0.029198714520810607,NA,NA,NA
Anisodontosaurus__map_z_trans,0.029716870697909906,-0.0023662627270203854,0.02653915311838993,NA,NA,NA
Anisodontosaurus__wmm_z_trans,0.019049433297617276,-0.0031470914568614665,0.024176408323623267,NA,NA,NA
Anisodontosaurus__cmm_z_trans,0.03317483112465806,-0.003977582961992941,0.036568529269005154,NA,NA,NA
Anisodontosaurus__wmmcmm_z_trans,0.01722903064820239,-0.003803226367687307,0.021872364071385972,NA,NA,NA
Anisodontosaurus__wetmon_z_trans,-0.0014783211056374173,-0.011050306209229322,0.015237513046791369,NA,NA,NA
Anisodontosaurus__drymon_z_trans,0.003343221590655976,-0.0014275107564899092,0.004656904511884276,NA,NA,NA
Anisodontosaurus__wetdry_z_trans,0.0011741693118275953,-0.008949643538521374,0.017541974533277035,NA,NA,NA
Anisodontosaurus__time,-0.002156860658343241,-0.003083563092539605,0.0024752937332646087,NA,NA,NA
Anomoepus__lat_range_z_trans,0.052008048647578124,0.001600046939548955,0.01103860584501337,0.9737578368904292,0.5875700861215591,1.493650644668378
Anomoepus__Temperate_N,-0.060232918251690325,-0.007743521963472137,0.003066695873745197,NA,NA,NA
Anomoepus__Tropical,0.056052588981120775,-0.00022362769338098466,0.015787396548580225,NA,NA,NA
Anomoepus__Temperate_S,0.08117975052363641,0.0010672847753290342,0.02207782787148731,NA,NA,NA
Anomoepus__Antarctic,0.007640611907977656,-0.0002387955505999956,0.002326936170115365,NA,NA,NA
Anomoepus__mat_z_trans,0.02765376578944285,-0.007236791976485637,0.0364515448948866,NA,NA,NA
Anomoepus__map_z_trans,-0.045459458531644195,-0.00722612593755886,0.0046062139042316675,NA,NA,NA
Anomoepus__wmm_z_trans,-0.08977859072642168,-0.014519582494263349,0.022959471914489694,NA,NA,NA
Anomoepus__cmm_z_trans,-0.02554188141387235,-0.006053296454290933,0.012660942421912284,NA,NA,NA
Anomoepus__wmmcmm_z_trans,0.026924597864521026,-0.002645029701512954,0.01517578733304896,NA,NA,NA
Anomoepus__wetmon_z_trans,0.035611545357091406,-0.005471860993666339,0.02259565248268629,NA,NA,NA
Anomoepus__drymon_z_trans,0.0076036272432171235,-0.0005644683248369545,0.003642209916054854,NA,NA,NA
Anomoepus__wetdry_z_trans,0.036779570324938136,-0.00578152823514714,0.02520561705798649,NA,NA,NA
Anomoepus__time,0.025310623660013885,-0.006193611468975981,0.02179185418589719,NA,NA,NA
Anomoiodon__lat_range_z_trans,-0.2440258388733382,-0.022631204937351008,-0.011721147621432578,0.6516486667337267,0.036676724441349506,2.0252942629158497
Anomoiodon__Temperate_N,-0.057172269011923564,-0.005575821014631199,0.0016708383448414794,NA,NA,NA
Anomoiodon__Tropical,-0.02471575240172454,-0.004786747016387147,0.0067072049564163225,NA,NA,NA
Anomoiodon__Temperate_S,0.08569272440766587,4.286048199053555e-05,0.016367023572421854,NA,NA,NA
Anomoiodon__Antarctic,0.0007466815952936295,-0.00052781169091427,0.0023915660956526506,NA,NA,NA
Anomoiodon__mat_z_trans,0.05761941418101605,-0.004614346701201356,0.03387808177035886,NA,NA,NA
Anomoiodon__map_z_trans,0.0915589332910495,-0.0008157156022912904,0.03213577403704545,NA,NA,NA
Anomoiodon__wmm_z_trans,0.06978680450116435,-0.001362191350467183,0.023802443870671205,NA,NA,NA
Anomoiodon__cmm_z_trans,0.11229727967565697,-0.0036856050177418477,0.04371838868159502,NA,NA,NA
Anomoiodon__wmmcmm_z_trans,0.04306028824055487,-0.0027653689635109653,0.01921436495711526,NA,NA,NA
Anomoiodon__wetmon_z_trans,-0.003945145953515544,-0.005426737644376728,0.018800655919299192,NA,NA,NA
Anomoiodon__drymon_z_trans,0.0114492114569516,-0.0011236476053882432,0.0059667653157707105,NA,NA,NA
Anomoiodon__wetdry_z_trans,-0.008819193448108902,-0.006723789616725428,0.021335861433862454,NA,NA,NA
Anomoiodon__time,0.002218743715166725,-0.0012347824003171503,0.005118935086517638,NA,NA,NA
Antarctanax__lat_range_z_trans,0.013704185396313165,0.0019378699536328862,0.010729315416128416,5.04520246133141,0.7070744186639786,8.220987908542156
Antarctanax__Temperate_N,0.016354349457415773,-0.00019259616797837314,0.015229435497891993,NA,NA,NA
Antarctanax__Tropical,0.007349937308756768,-0.0018052619601786864,0.01021707065085641,NA,NA,NA
Antarctanax__Temperate_S,0.016405509088625165,-0.0001153155925126258,0.014887334985486576,NA,NA,NA
Antarctanax__Antarctic,-0.0026342699594921145,-0.018287498323580453,0.023910265280937794,NA,NA,NA
Antarctanax__mat_z_trans,0.011887429632267686,-0.009225790558164328,0.023853071458993857,NA,NA,NA
Antarctanax__map_z_trans,0.01807530200113087,-0.0035018194980426724,0.02314904414933476,NA,NA,NA
Antarctanax__wmm_z_trans,0.013864077753518,-0.00419145742817532,0.01705762781771757,NA,NA,NA
Antarctanax__cmm_z_trans,0.0246536191861489,-0.001949077289215136,0.02902588654988931,NA,NA,NA
Antarctanax__wmmcmm_z_trans,0.009906426152385498,-0.004934229367136013,0.013475609503610536,NA,NA,NA
Antarctanax__wetmon_z_trans,0.002377479068076521,-0.007441811272254264,0.013853173359277583,NA,NA,NA
Antarctanax__drymon_z_trans,0.001998552216798767,-0.0010781498359749102,0.0036656656955109277,NA,NA,NA
Antarctanax__wetdry_z_trans,0.0023721669212098187,-0.008588341523275733,0.016737170130627494,NA,NA,NA
Antarctanax__time,-0.0005628828472459926,-0.0018574302164576543,0.0035960859238722627,NA,NA,NA
Anthodon__lat_range_z_trans,-0.9086775809526444,-0.011614009576091325,-0.013459471069346987,0.18701649358066788,0.006710109417326748,0.39767293632030487
Anthodon__Temperate_N,0.23230078941211105,0.0004641674784946584,0.012816001636509472,NA,NA,NA
Anthodon__Tropical,0.12099268981488422,-0.0007682773412284233,0.00943411618961054,NA,NA,NA
Anthodon__Temperate_S,-0.2942606000415981,-0.004657366126447235,-0.0013564938046252593,NA,NA,NA
Anthodon__Antarctic,-0.0027611289831111206,-0.0006165239424250562,0.0017677822955856296,NA,NA,NA
Anthodon__mat_z_trans,-0.21808722936548292,-0.011992603095030478,0.047996666319170156,NA,NA,NA
Anthodon__map_z_trans,0.12676810858829413,-0.0010011095787707,0.012311459838596503,NA,NA,NA
Anthodon__wmm_z_trans,0.35248831261415037,-0.006313707354039581,0.039707180965017394,NA,NA,NA
Anthodon__cmm_z_trans,0.3980684577021748,-0.004635555282306633,0.045788546002264,NA,NA,NA
Anthodon__wmmcmm_z_trans,0.19608452096123075,-0.005700941716195064,0.024174003521378454,NA,NA,NA
Anthodon__wetmon_z_trans,0.03145970185636543,-0.001251974581025527,0.007596505166789941,NA,NA,NA
Anthodon__drymon_z_trans,0.06844199589337223,-0.006055232760207121,0.014890422572795346,NA,NA,NA
Anthodon__wetdry_z_trans,-0.02920227382797748,-0.005010496143110857,0.011919468759680698,NA,NA,NA
Anthodon__time,-0.01987388076231582,-0.0020772790609299317,0.005800568026709615,NA,NA,NA
Apachesuchus__lat_range_z_trans,0.2984654745459557,0.0009301664559166568,0.01033257493699706,0.27707319012355586,0.06616644049063325,0.5707387952134013
Apachesuchus__Temperate_N,0.3720850475365296,0.0005459536600449006,0.018173246650035117,NA,NA,NA
Apachesuchus__Tropical,-0.5069438265264035,-0.007942917786014483,0.0017492825954849936,NA,NA,NA
Apachesuchus__Temperate_S,0.4798862141370773,0.00101517544799481,0.018245368070272733,NA,NA,NA
Apachesuchus__Antarctic,0.09182967822998762,0.00012269219791558698,0.0034815650441248737,NA,NA,NA
Apachesuchus__mat_z_trans,0.015159556600265205,-0.00991693104840499,0.025894996055386376,NA,NA,NA
Apachesuchus__map_z_trans,-0.466897141932277,-0.008578894325028272,0.005710248015761553,NA,NA,NA
Apachesuchus__wmm_z_trans,-0.1854549384699203,-0.0039871467687733015,0.012182051270904413,NA,NA,NA
Apachesuchus__cmm_z_trans,-0.4815547480405076,-0.010825878066986237,0.01964249195645056,NA,NA,NA
Apachesuchus__wmmcmm_z_trans,-0.23038729378720746,-0.007103544370629644,0.021009440667543778,NA,NA,NA
Apachesuchus__wetmon_z_trans,0.24619206046685577,-0.00609175132809542,0.028721235728807193,NA,NA,NA
Apachesuchus__drymon_z_trans,0.03681938383495435,-0.0012990287157946536,0.006637068161641318,NA,NA,NA
Apachesuchus__wetdry_z_trans,0.24376274649519472,-0.006542007054342463,0.038881503721429046,NA,NA,NA
Apachesuchus__time,0.13370811339271313,-0.001556797377115767,0.008725683545296497,NA,NA,NA
Apatopus__lat_range_z_trans,-0.4813341535627842,-0.013789483646227845,-0.010548999551680094,0.23852956348928273,0.020751746371388435,0.5506508024409413
Apatopus__Temperate_N,-0.18091381094185635,-0.008878780740673565,0.0009421287420502225,NA,NA,NA
Apatopus__Tropical,-0.11101706230663694,-0.006965944606971783,0.006557453085795483,NA,NA,NA
Apatopus__Temperate_S,0.3229612283781171,0.0015206908480610514,0.027724157683723893,NA,NA,NA
Apatopus__Antarctic,0.024199042033869772,-0.0006589796114441909,0.0035908354162503624,NA,NA,NA
Apatopus__mat_z_trans,0.15614254591724602,-0.003230565488165947,0.030443203558806788,NA,NA,NA
Apatopus__map_z_trans,-0.08456773411366157,-0.007568512309404717,0.017783344985735253,NA,NA,NA
Apatopus__wmm_z_trans,-0.01842764719403931,-0.003777273975563679,0.012529177907888512,NA,NA,NA
Apatopus__cmm_z_trans,0.04230719394283369,-0.0035793293454759434,0.025727691660095933,NA,NA,NA
Apatopus__wmmcmm_z_trans,0.0625538401119411,-0.0014114582044385752,0.019400285098728386,NA,NA,NA
Apatopus__wetmon_z_trans,0.1385618375329068,-0.006455214982778406,0.032428936745747476,NA,NA,NA
Apatopus__drymon_z_trans,0.021148739118361844,-0.0017119529595269489,0.0075736244576374255,NA,NA,NA
Apatopus__wetdry_z_trans,0.13270659131929277,-0.004230801109679564,0.03735889195532103,NA,NA,NA
Apatopus__time,0.054275552430190145,-0.0004933029470231596,0.007876024674034818,NA,NA,NA
Apatosuchus__lat_range_z_trans,0.09389931283970107,0.0009694806761150692,0.009505359238734976,0.6197100872773444,0.20057207625359297,1.041956976056099
Apatosuchus__Temperate_N,-0.11330401035233699,-0.0077072495044944915,0.0019467597325817,NA,NA,NA
Apatosuchus__Tropical,0.10228337125116876,-0.00015441296057189648,0.013601206810795147,NA,NA,NA
Apatosuchus__Temperate_S,0.1476966288868406,0.0006048930576100407,0.017415212728783002,NA,NA,NA
Apatosuchus__Antarctic,0.021243086875419658,-6.993040951326643e-05,0.00318647819458262,NA,NA,NA
Apatosuchus__mat_z_trans,0.09022326248944977,-0.007144666091636558,0.037606188600427935,NA,NA,NA
Apatosuchus__map_z_trans,-0.13904625016295075,-0.0074325686122798445,0.0054353476113876064,NA,NA,NA
Apatosuchus__wmm_z_trans,-0.09741309948458318,-0.0076435608162464235,0.012127194731650805,NA,NA,NA
Apatosuchus__cmm_z_trans,-0.13214806343502006,-0.010233015008873669,0.019514450435943565,NA,NA,NA
Apatosuchus__wmmcmm_z_trans,-0.04286395922994332,-0.005769789206169027,0.021193837522374852,NA,NA,NA
Apatosuchus__wetmon_z_trans,0.06490958373903917,-0.005808989772850287,0.0276429584022914,NA,NA,NA
Apatosuchus__drymon_z_trans,0.010736578100946267,-0.001668286682834243,0.007205359054828653,NA,NA,NA
Apatosuchus__wetdry_z_trans,0.07560481307684382,-0.007182790188727643,0.030896397517471075,NA,NA,NA
Apatosuchus__time,0.05393062678133399,-0.0019900235588410395,0.012110005838282176,NA,NA,NA
Aphelosaurus__lat_range_z_trans,0.029659188925563126,0.0005026424036907487,0.007687277022419473,1.5321670016867392,0.1279714610427618,3.5416124016046524
Aphelosaurus__Temperate_N,0.03413832156143889,-0.00020183655863132726,0.009563530225326368,NA,NA,NA
Aphelosaurus__Tropical,-0.03929319743415964,-0.004676482198343103,0.002363553412354297,NA,NA,NA
Aphelosaurus__Temperate_S,0.0409266517147582,0.000536856069209565,0.009901526092331294,NA,NA,NA
Aphelosaurus__Antarctic,0.002707802897455513,-0.0005924002222330895,0.0019942356344908358,NA,NA,NA
Aphelosaurus__mat_z_trans,0.004331910490894976,-0.0035331598392935714,0.01116967598928071,NA,NA,NA
Aphelosaurus__map_z_trans,-0.09607573285294625,-0.013449592944831274,0.019927958030811085,NA,NA,NA
Aphelosaurus__wmm_z_trans,0.07338476359100912,-0.005124891229995777,0.032540199286925975,NA,NA,NA
Aphelosaurus__cmm_z_trans,-0.00013907347969536863,-0.0011058362818788198,0.004412754893724269,NA,NA,NA
Aphelosaurus__wmmcmm_z_trans,-0.01821568528204295,-0.0055691738844361165,0.019973443756816762,NA,NA,NA
Aphelosaurus__wetmon_z_trans,0.04348078749335992,-0.00999205236623863,0.030355225270202436,NA,NA,NA
Aphelosaurus__drymon_z_trans,0.012779934852963014,-0.006622878653021615,0.025624106431630093,NA,NA,NA
Aphelosaurus__wetdry_z_trans,0.06021462275314523,-0.007832868070588202,0.03072725922937271,NA,NA,NA
Aphelosaurus__time,-0.012148413855834936,-0.003569235302722064,0.013146011144449176,NA,NA,NA
Araeoscelis__lat_range_z_trans,-0.20764052145183087,-0.001972073260793432,-0.0004575890472771848,0.23396784221578856,0.02709341049194336,0.7965353950858116
Araeoscelis__Temperate_N,0.28856806779280303,4.6026040746168066e-05,0.009248193894736259,NA,NA,NA
Araeoscelis__Tropical,-0.510907513856655,-0.005607917625293966,0.000761352100436889,NA,NA,NA
Araeoscelis__Temperate_S,0.3984481165744364,0.0005304656181300047,0.01056598642882978,NA,NA,NA
Araeoscelis__Antarctic,0.09730814104899764,2.3532502058275105e-05,0.0027396182733175236,NA,NA,NA
Araeoscelis__mat_z_trans,0.14460713040549308,-0.00474987777219929,0.018726863140137818,NA,NA,NA
Araeoscelis__map_z_trans,-0.08334491111338138,-0.012612518693979374,0.03065600280274662,NA,NA,NA
Araeoscelis__wmm_z_trans,0.13914372612722217,-0.0026736112278709814,0.024597482381026253,NA,NA,NA
Araeoscelis__cmm_z_trans,-0.17044563789619133,-0.005509487775240335,0.015920614743952566,NA,NA,NA
Araeoscelis__wmmcmm_z_trans,-0.13983887551818042,-0.004167128673579146,0.018761861096586282,NA,NA,NA
Araeoscelis__wetmon_z_trans,-0.11687460886314512,-0.008781012555153232,0.02813821032510005,NA,NA,NA
Araeoscelis__drymon_z_trans,-0.025699216816574336,-0.005662254966761404,0.023239844973989208,NA,NA,NA
Araeoscelis__wetdry_z_trans,0.2059967701137066,-0.006203994574466297,0.02885536438218135,NA,NA,NA
Araeoscelis__time,-0.020924737901077607,-0.0038910561149102705,0.007632950924372082,NA,NA,NA
Archeopelta__lat_range_z_trans,0.3460571205615997,0.0016309242909989595,0.01750376089630953,0.3507125788019039,0.1917789950966835,0.5347929447889328
Archeopelta__Temperate_N,0.5006147786322981,0.001114009220660336,0.031414180542942115,NA,NA,NA
Archeopelta__Tropical,0.337078273887746,-0.0003089539595370194,0.023279031270357874,NA,NA,NA
Archeopelta__Temperate_S,-1.228431377755478,-0.019794220332564887,-0.010788515998797587,NA,NA,NA
Archeopelta__Antarctic,0.10589812409132719,0.0004080310629438483,0.005865647434964022,NA,NA,NA
Archeopelta__mat_z_trans,0.004220161428675056,-0.007064433650216894,0.021006631963602473,NA,NA,NA
Archeopelta__map_z_trans,0.012334270151332021,-0.003929689870579814,0.02051696289084081,NA,NA,NA
Archeopelta__wmm_z_trans,0.014864693392300978,-0.003701376101533734,0.009485485488645985,NA,NA,NA
Archeopelta__cmm_z_trans,0.17583118341863155,-0.003830748477831513,0.026990701006512487,NA,NA,NA
Archeopelta__wmmcmm_z_trans,0.10125548205338418,-0.00599240763429395,0.021220817762924945,NA,NA,NA
Archeopelta__wetmon_z_trans,-0.1742441737902118,-0.008474667340494934,0.020894220436629543,NA,NA,NA
Archeopelta__drymon_z_trans,0.02485732943576295,-0.002119651153532123,0.008919039905972072,NA,NA,NA
Archeopelta__wetdry_z_trans,-0.2234734128508717,-0.00915390248153131,0.01529847862026043,NA,NA,NA
Archeopelta__time,0.10559646389447153,-1.382265180024569e-05,0.007780314198970785,NA,NA,NA
Archosaurus__lat_range_z_trans,-0.5417489384114742,-0.005064871813605168,-0.004925146043808,0.2198375761586067,0.021210093051195145,0.3114713467657566
Archosaurus__Temperate_N,-0.4057536940090358,-0.005394290494466876,0.002696563297143634,NA,NA,NA
Archosaurus__Tropical,0.18922365974023705,-0.0003349331511123748,0.011451603835986724,NA,NA,NA
Archosaurus__Temperate_S,0.37873644853010774,0.0006424343077411734,0.013679307244271384,NA,NA,NA
Archosaurus__Antarctic,0.04966939247795381,-9.319554255719373e-05,0.0032957159915960573,NA,NA,NA
Archosaurus__mat_z_trans,-0.6549121550132986,-0.016523511437109343,0.03302994809638312,NA,NA,NA
Archosaurus__map_z_trans,0.22272569709457457,-0.0007770557988133944,0.01271272515649744,NA,NA,NA
Archosaurus__wmm_z_trans,0.3442371606349479,-0.005706464765420631,0.032908741787379965,NA,NA,NA
Archosaurus__cmm_z_trans,0.25313228732906284,-0.010822382583018073,0.03621052335378046,NA,NA,NA
Archosaurus__wmmcmm_z_trans,0.08914929387625307,-0.00594716623870175,0.031681277768702554,NA,NA,NA
Archosaurus__wetmon_z_trans,0.021619288870715535,-0.0019952358475845288,0.007751549328969538,NA,NA,NA
Archosaurus__drymon_z_trans,0.14170429645106197,-0.003015831312390934,0.020033130580619844,NA,NA,NA
Archosaurus__wetdry_z_trans,-0.07139416688587516,-0.004528540698461182,0.013423603853176624,NA,NA,NA
Archosaurus__time,0.015685805075336248,-0.001669863703812999,0.005437212169436132,NA,NA,NA
Arcticodactylus__lat_range_z_trans,0.09138414071128177,0.0008955192938391562,0.009939486828644508,0.6420563597936416,0.180579274892807,1.3334746733307838
Arcticodactylus__Temperate_N,-0.11925139505384942,-0.007668136459333264,0.00201176522085102,NA,NA,NA
Arcticodactylus__Tropical,0.09878317042414433,-0.00023453010978888539,0.014254054290240159,NA,NA,NA
Arcticodactylus__Temperate_S,0.1439929417268158,0.0008422322521252579,0.017996735136403028,NA,NA,NA
Arcticodactylus__Antarctic,0.020982602373521026,-0.0001546751128828164,0.003292879907866307,NA,NA,NA
Arcticodactylus__mat_z_trans,0.07485022874410506,-0.00808196571655022,0.03573577954944009,NA,NA,NA
Arcticodactylus__map_z_trans,-0.14292930530054807,-0.0075997996384433416,0.005705176409229954,NA,NA,NA
Arcticodactylus__wmm_z_trans,-0.059920852753925447,-0.004051039276931157,0.011198828025802238,NA,NA,NA
Arcticodactylus__cmm_z_trans,-0.12448871016202664,-0.009976870669104892,0.020166069820536894,NA,NA,NA
Arcticodactylus__wmmcmm_z_trans,-0.0534355081022987,-0.008299642198424235,0.020979171733419292,NA,NA,NA
Arcticodactylus__wetmon_z_trans,0.07084115843727998,-0.007019604201638959,0.02506596968013556,NA,NA,NA
Arcticodactylus__drymon_z_trans,0.009676826259255955,-0.0016265275150279747,0.00647634593678881,NA,NA,NA
Arcticodactylus__wetdry_z_trans,0.08003953787405889,-0.007002996545408069,0.03239828201109194,NA,NA,NA
Arcticodactylus__time,0.0452270461980943,-0.0012528731817438798,0.014166211869685698,NA,NA,NA
Arganaceras__lat_range_z_trans,0.016488245041417753,0.0014942924111318316,0.008941274129591021,3.9808477045575272,1.768845234066248,6.205933503806591
Arganaceras__Temperate_N,0.022717691811729973,0.0005671288655502375,0.014090104568517295,NA,NA,NA
Arganaceras__Tropical,-0.010797518967916014,-0.0059572788665789075,0.01017397205272703,NA,NA,NA
Arganaceras__Temperate_S,0.023756669496509876,0.00037305836746197806,0.013952199607437337,NA,NA,NA
Arganaceras__Antarctic,-0.0020526633890431546,-0.0011281438255587625,0.0010045642703490898,NA,NA,NA
Arganaceras__mat_z_trans,-0.003087090056853727,-0.012899621831183792,0.02664399432539772,NA,NA,NA
Arganaceras__map_z_trans,0.010412358161644653,-0.0007587003074333139,0.010501610490166235,NA,NA,NA
Arganaceras__wmm_z_trans,0.0014841383557490614,-0.0010412982102514508,0.0038698616177195023,NA,NA,NA
Arganaceras__cmm_z_trans,0.0386719939513617,-0.010667681149561146,0.03936178405364195,NA,NA,NA
Arganaceras__wmmcmm_z_trans,0.028919005402349277,-0.010124980564010306,0.03782842054446038,NA,NA,NA
Arganaceras__wetmon_z_trans,0.005737882336620201,-0.0021190648754022107,0.008923212699542632,NA,NA,NA
Arganaceras__drymon_z_trans,0.004261777877524061,-0.008835460581156895,0.019872327181628062,NA,NA,NA
Arganaceras__wetdry_z_trans,0.0028854241748016525,-0.0073757056682540595,0.01855123300945792,NA,NA,NA
Arganaceras__time,-0.003646032819986455,-0.002757452844066477,0.005672197869499317,NA,NA,NA
Arganasuchus__lat_range_z_trans,0.07257021557969244,0.0017127061707722052,0.013875654788787217,0.8651324831089005,0.26142297498881817,1.9272470064461231
Arganasuchus__Temperate_N,0.11273441377435527,0.0013724776425225133,0.02345899569762234,NA,NA,NA
Arganasuchus__Tropical,-0.15843364765032392,-0.014099238530176568,0.0009521339146865304,NA,NA,NA
Arganasuchus__Temperate_S,0.1217796285356125,0.001820680514128639,0.025871798267420067,NA,NA,NA
Arganasuchus__Antarctic,0.01801104099173707,0.00012342016177884087,0.004651373711830241,NA,NA,NA
Arganasuchus__mat_z_trans,0.017116608812259015,-0.006168843561445562,0.02220767885756402,NA,NA,NA
Arganasuchus__map_z_trans,-0.06972735913323577,-0.01026575287900801,0.01569265443886292,NA,NA,NA
Arganasuchus__wmm_z_trans,-0.03623930317861411,-0.007993239097933934,0.011353554257312496,NA,NA,NA
Arganasuchus__cmm_z_trans,-0.029442642500529092,-0.006221008072181617,0.015464912270683402,NA,NA,NA
Arganasuchus__wmmcmm_z_trans,-0.00030605081037083504,-0.0040902777781031685,0.015748776832029115,NA,NA,NA
Arganasuchus__wetmon_z_trans,0.037460206041750786,-0.004338268954505877,0.027895974475295182,NA,NA,NA
Arganasuchus__drymon_z_trans,0.0023283772792267255,-0.002938102181595649,0.009794720975920627,NA,NA,NA
Arganasuchus__wetdry_z_trans,0.026186817756858688,-0.00949450063450201,0.025334671431557626,NA,NA,NA
Arganasuchus__time,0.021713575877490066,-0.000650961879063087,0.007083856500563719,NA,NA,NA
Arizonasaurus__lat_range_z_trans,-0.03125842576245818,-0.008799078565353254,-0.0017840572767988442,2.815402539202478,0.04668768495321274,5.814839120954275
Arizonasaurus__Temperate_N,0.030067914811238668,0.0009209067773507889,0.016296400328252535,NA,NA,NA
Arizonasaurus__Tropical,-0.034760153617415065,-0.012202215436477244,0.005764978197233152,NA,NA,NA
Arizonasaurus__Temperate_S,0.03467485466495293,0.002003385335782342,0.016501770299114087,NA,NA,NA
Arizonasaurus__Antarctic,-7.392599712411427e-05,-0.0010139652975037486,0.002046089505124896,NA,NA,NA
Arizonasaurus__mat_z_trans,0.014885049103703148,-0.00897621878361389,0.025783936390910284,NA,NA,NA
Arizonasaurus__map_z_trans,0.038721177439422425,-0.0018126529030799143,0.027619442354509655,NA,NA,NA
Arizonasaurus__wmm_z_trans,0.0259744472451692,-0.0027119091559003375,0.023270610796503586,NA,NA,NA
Arizonasaurus__cmm_z_trans,0.039883635147444585,-0.004062958928070343,0.0360159864411711,NA,NA,NA
Arizonasaurus__wmmcmm_z_trans,0.022444979923991255,-0.003283339358326375,0.022453217708586423,NA,NA,NA
Arizonasaurus__wetmon_z_trans,-0.005894426002989648,-0.00884969967001664,0.01752667780771308,NA,NA,NA
Arizonasaurus__drymon_z_trans,0.005653895505844171,-0.0010305921464662691,0.00676965785649531,NA,NA,NA
Arizonasaurus__wetdry_z_trans,-0.002534225584076134,-0.009062022140853679,0.016639379948131625,NA,NA,NA
Arizonasaurus__time,-0.0020329155017944013,-0.002350548806784716,0.004482666063188621,NA,NA,NA
Asilisaurus__lat_range_z_trans,0.02404209264314546,0.0016432055024649052,0.011635819623512471,2.5432382303263874,0.16145680844783783,5.283686373382807
Asilisaurus__Temperate_N,0.034561074166759256,0.0018761728773760687,0.017941939552904438,NA,NA,NA
Asilisaurus__Tropical,0.02093629555803714,-0.0011763393712772323,0.011999538238572954,NA,NA,NA
Asilisaurus__Temperate_S,-0.055279242311718824,-0.014628362743361,-0.005480667339065081,NA,NA,NA
Asilisaurus__Antarctic,-0.0003131162603300762,-0.001136214892644648,0.002724491080626966,NA,NA,NA
Asilisaurus__mat_z_trans,0.011848284248380163,-0.00788020316892666,0.027215249117252514,NA,NA,NA
Asilisaurus__map_z_trans,0.04415850293783427,-0.0022672956502688348,0.028181022565483462,NA,NA,NA
Asilisaurus__wmm_z_trans,0.0264716564698063,-0.003604897511436099,0.020038515643536377,NA,NA,NA
Asilisaurus__cmm_z_trans,0.032202926231824955,-0.0038759052657186006,0.035612563815646564,NA,NA,NA
Asilisaurus__wmmcmm_z_trans,0.013220779674835724,-0.004401981329652753,0.021137859327381818,NA,NA,NA
Asilisaurus__wetmon_z_trans,-0.00972209325667397,-0.011054090033914936,0.016617083735902132,NA,NA,NA
Asilisaurus__drymon_z_trans,0.004930802182049358,-0.001417276124100506,0.005973606088337149,NA,NA,NA
Asilisaurus__wetdry_z_trans,-0.010225933331044434,-0.010703661038334743,0.022078070499110425,NA,NA,NA
Asilisaurus__time,-0.0010801475769964476,-0.0026040603295182417,0.003711664470933302,NA,NA,NA
Asperoris__lat_range_z_trans,0.056234607616790076,0.001338424304713431,0.011158229471096475,1.054891330707469,0.16145680844783783,4.663123717531562
Asperoris__Temperate_N,0.07849873805995897,0.0002707138788353116,0.018554823051897505,NA,NA,NA
Asperoris__Tropical,0.05761910143633736,-0.00046531234317599875,0.013854568061668819,NA,NA,NA
Asperoris__Temperate_S,-0.15939228210449938,-0.01345303200489753,-0.0017587391800646648,NA,NA,NA
Asperoris__Antarctic,0.009390060402233651,-0.0008200779514850704,0.003285684764172998,NA,NA,NA
Asperoris__mat_z_trans,0.006914034437918288,-0.004812442247774454,0.023142683927487792,NA,NA,NA
Asperoris__map_z_trans,0.10017734554570554,-0.0020788886895318315,0.029707600608734626,NA,NA,NA
Asperoris__wmm_z_trans,0.05604882977870861,-0.0033053389673981695,0.01971789770616021,NA,NA,NA
Asperoris__cmm_z_trans,0.03240664987767017,-0.004642324243485114,0.034533476450756204,NA,NA,NA
Asperoris__wmmcmm_z_trans,-0.0034026342431736196,-0.005807933009960629,0.01654818941910486,NA,NA,NA
Asperoris__wetmon_z_trans,-0.06430254419935678,-0.010906501011056844,0.02232088840442884,NA,NA,NA
Asperoris__drymon_z_trans,0.00952620866570213,-0.0012995037960694285,0.005070676330499379,NA,NA,NA
Asperoris__wetdry_z_trans,-0.0522113458140415,-0.013168390858389315,0.019217369636703573,NA,NA,NA
Asperoris__time,0.00824511191595528,-0.0020803021396376365,0.004033407767488887,NA,NA,NA
Asylosaurus__lat_range_z_trans,0.07414846235234106,0.0011154426041737708,0.00945553559704806,0.7410213326991948,0.28000633046031,1.1963256485760212
Asylosaurus__Temperate_N,-0.08693313487639173,-0.0066157706369308796,0.0037281953843648057,NA,NA,NA
Asylosaurus__Tropical,0.08151453485923307,-0.00015950097490316747,0.01352732706170467,NA,NA,NA
Asylosaurus__Temperate_S,0.11521738672862329,0.0008235832641748531,0.017594796110615207,NA,NA,NA
Asylosaurus__Antarctic,0.014986531294724336,-1.9256741476251502e-05,0.003219336738387368,NA,NA,NA
Asylosaurus__mat_z_trans,0.06132231915376919,-0.007380087803206337,0.03493765676166754,NA,NA,NA
Asylosaurus__map_z_trans,-0.0945939159512814,-0.00805176337560079,0.0036319261960601587,NA,NA,NA
Asylosaurus__wmm_z_trans,-0.087734007711345,-0.010175398887133478,0.014105632455855473,NA,NA,NA
Asylosaurus__cmm_z_trans,-0.07577675696434548,-0.009445626420685884,0.019715680880754132,NA,NA,NA
Asylosaurus__wmmcmm_z_trans,-0.02170916038501345,-0.0059599077691489255,0.019798345380542065,NA,NA,NA
Asylosaurus__wetmon_z_trans,0.0510572838142043,-0.005515508505198586,0.02667775554411247,NA,NA,NA
Asylosaurus__drymon_z_trans,0.00998963146534617,-0.0017232578880976572,0.007279659769182994,NA,NA,NA
Asylosaurus__wetdry_z_trans,0.05747812404158906,-0.004724505854034829,0.0323357737747089,NA,NA,NA
Asylosaurus__time,0.0367845835544554,-0.0033993500912451176,0.01337913476513168,NA,NA,NA
Augustaburiania__lat_range_z_trans,-1.3835151606798173,-0.02322784877414354,-0.02915582310931504,0.27141749437745605,0.09317028662189841,0.4604743793606758
Augustaburiania__Temperate_N,-0.27782064270228146,-0.006611764830275025,0.0017665480611838852,NA,NA,NA
Augustaburiania__Tropical,0.11675069476477802,-0.0012772152247271242,0.012659893236128223,NA,NA,NA
Augustaburiania__Temperate_S,0.34247016423381865,0.0011012762778241194,0.018532212513634374,NA,NA,NA
Augustaburiania__Antarctic,0.017118053740705363,-0.0004023443071907837,0.0022006538786446764,NA,NA,NA
Augustaburiania__mat_z_trans,0.12404803971759976,-0.008106881134400208,0.030929688853677972,NA,NA,NA
Augustaburiania__map_z_trans,0.3106948736065533,-0.0009253793296097035,0.030109984209901415,NA,NA,NA
Augustaburiania__wmm_z_trans,0.24982945047318936,-0.0018493762401824816,0.024930648236453634,NA,NA,NA
Augustaburiania__cmm_z_trans,0.39924705219920725,-0.0035645896199304537,0.046471703704046255,NA,NA,NA
Augustaburiania__wmmcmm_z_trans,0.20762472440022975,-0.0014413824744071023,0.028472902861585617,NA,NA,NA
Augustaburiania__wetmon_z_trans,-0.020312415617518127,-0.0048392089991470995,0.018339938669779864,NA,NA,NA
Augustaburiania__drymon_z_trans,0.04623003093955049,-0.000756144933615966,0.007261953642087303,NA,NA,NA
Augustaburiania__wetdry_z_trans,-0.03167688257119153,-0.008419681561576863,0.020546461394303467,NA,NA,NA
Augustaburiania__time,0.01759573882969562,-0.0009103679279310475,0.006319990268023872,NA,NA,NA
Australothyris__lat_range_z_trans,0.0635491713773749,0.0008182219537447743,0.009472863573179523,0.8956783089863347,0.06812290288507938,4.292373728007078
Australothyris__Temperate_N,0.09147509397905147,0.0007011430806438065,0.01575556151760257,NA,NA,NA
Australothyris__Tropical,0.0603313301884817,-0.00018344143975912398,0.012149884343759123,NA,NA,NA
Australothyris__Temperate_S,-0.1520281879850374,-0.007953390201396331,-0.0003955058260129708,NA,NA,NA
Australothyris__Antarctic,0.011103733814230693,-0.0004401716151879771,0.0034664247366519092,NA,NA,NA
Australothyris__mat_z_trans,-0.1624571772912475,-0.01819856199083432,0.019986160504026813,NA,NA,NA
Australothyris__map_z_trans,0.053791686001461766,-0.0009494588385118611,0.011871699075612429,NA,NA,NA
Australothyris__wmm_z_trans,0.09018198967422297,-0.007128853016541587,0.04709168202736863,NA,NA,NA
Australothyris__cmm_z_trans,0.04118199326474569,-0.00783755681192903,0.03929782400679353,NA,NA,NA
Australothyris__wmmcmm_z_trans,0.004876743332286182,-0.0067910137727950105,0.012561480712450418,NA,NA,NA
Australothyris__wetmon_z_trans,0.008094564341990674,-0.0020268637939781764,0.00901402727204276,NA,NA,NA
Australothyris__drymon_z_trans,0.029722509015124805,-0.004417544178743527,0.020844292595170656,NA,NA,NA
Australothyris__wetdry_z_trans,-0.007272046548119148,-0.004371293846101421,0.009955907916013963,NA,NA,NA
Australothyris__time,0.0032004782113420733,-0.0024521246079234893,0.008314453965476155,NA,NA,NA
Austriadactylus__lat_range_z_trans,0.09380238412653877,0.0009694806761150692,0.009505359238734976,0.6210796337801731,0.2565733455121517,1.04928233101964
Austriadactylus__Temperate_N,-0.11248688897863018,-0.0077072495044944915,0.0019467597325817,NA,NA,NA
Austriadactylus__Tropical,0.10211483827878495,-0.00015441296057189648,0.013601206810795147,NA,NA,NA
Austriadactylus__Temperate_S,0.14742551262971546,0.0006048930576100407,0.017415212728783002,NA,NA,NA
Austriadactylus__Antarctic,0.021239225342315784,-6.993040951326643e-05,0.00318647819458262,NA,NA,NA
Austriadactylus__mat_z_trans,0.09085220862470049,-0.007144666091636558,0.037606188600427935,NA,NA,NA
Austriadactylus__map_z_trans,-0.1383828021866743,-0.0074325686122798445,0.0054353476113876064,NA,NA,NA
Austriadactylus__wmm_z_trans,-0.09714480047070866,-0.0076435608162464235,0.012127194731650805,NA,NA,NA
Austriadactylus__cmm_z_trans,-0.1323001809399235,-0.010233015008873669,0.019514450435943565,NA,NA,NA
Austriadactylus__wmmcmm_z_trans,-0.0424200446537581,-0.005769789206169027,0.021193837522374852,NA,NA,NA
Austriadactylus__wetmon_z_trans,0.06405173696330659,-0.005808989772850287,0.0276429584022914,NA,NA,NA
Austriadactylus__drymon_z_trans,0.010457649645354908,-0.001668286682834243,0.007205359054828653,NA,NA,NA
Austriadactylus__wetdry_z_trans,0.07534272380650162,-0.007182790188727643,0.030896397517471075,NA,NA,NA
Austriadactylus__time,0.053200319188385026,-0.0019900235588410395,0.012110005838282176,NA,NA,NA
Avicranium__lat_range_z_trans,0.04599022357021591,0.0012806181486688369,0.010019274195237291,1.1142341453709923,0.09871987625956535,2.168377353809774
Avicranium__Temperate_N,0.06180914285756038,5.5309196740245496e-05,0.016179824594522937,NA,NA,NA
Avicranium__Tropical,-0.0447763773052485,-0.0065058231241358734,0.010605587827457125,NA,NA,NA
Avicranium__Temperate_S,0.07146527090549486,0.000865292360767281,0.017333958653008227,NA,NA,NA
Avicranium__Antarctic,0.005718789087344407,-0.000329908333159102,0.0026237953706917234,NA,NA,NA
Avicranium__mat_z_trans,0.009907626689567343,-0.01123058585241765,0.03185911893253358,NA,NA,NA
Avicranium__map_z_trans,-0.0376004812474245,-0.006707833327926714,0.0057791648303678915,NA,NA,NA
Avicranium__wmm_z_trans,-0.07761373131406113,-0.0152978123279514,0.013346174102037613,NA,NA,NA
Avicranium__cmm_z_trans,-0.03027081614148473,-0.006784308723484349,0.012689083755868769,NA,NA,NA
Avicranium__wmmcmm_z_trans,0.029051872361463848,-0.002352482337555439,0.019127012260456704,NA,NA,NA
Avicranium__wetmon_z_trans,0.0364948492829179,-0.0032847564943978736,0.025461596770672407,NA,NA,NA
Avicranium__drymon_z_trans,0.004363481269724442,-0.0006148598684378221,0.004325361165821819,NA,NA,NA
Avicranium__wetdry_z_trans,0.03523872930371753,-0.005554544457957789,0.02729520726708156,NA,NA,NA
Avicranium__time,0.02597330205612109,-0.004769213938065633,0.02274159669437785,NA,NA,NA
Azendohsaurus__lat_range_z_trans,0.06981693513864437,0.0013848370217219394,0.013328510714767776,0.881284997414914,0.25438315235078335,2.5692309737205505
Azendohsaurus__Temperate_N,0.10747646338105075,0.001550687801637063,0.02376846884407496,NA,NA,NA
Azendohsaurus__Tropical,-0.15268627547539712,-0.012350598022249477,0.004663117244922525,NA,NA,NA
Azendohsaurus__Temperate_S,0.11783166303643319,0.0020799909508490665,0.028141708142427797,NA,NA,NA
Azendohsaurus__Antarctic,0.016393148224702263,-0.0002004175068099289,0.004468381644520132,NA,NA,NA
Azendohsaurus__mat_z_trans,-0.0022577700065587437,-0.00818558919434187,0.017518281895973896,NA,NA,NA
Azendohsaurus__map_z_trans,-0.07649546284184085,-0.011639337286978241,0.013996829631533104,NA,NA,NA
Azendohsaurus__wmm_z_trans,-0.03685971040777915,-0.007808443694109567,0.011043004323914208,NA,NA,NA
Azendohsaurus__cmm_z_trans,-0.01618464015833091,-0.006723630837226225,0.02075677245128405,NA,NA,NA
Azendohsaurus__wmmcmm_z_trans,-0.0030698726357125854,-0.004226297108196052,0.013483744153013897,NA,NA,NA
Azendohsaurus__wetmon_z_trans,0.03922604165105802,-0.0045487923153496755,0.026798504705046244,NA,NA,NA
Azendohsaurus__drymon_z_trans,0.003605063515478561,-0.0028701763041793756,0.009409381858672157,NA,NA,NA
Azendohsaurus__wetdry_z_trans,0.047230919728675595,-0.007057230269010854,0.025886807342976537,NA,NA,NA
Azendohsaurus__time,0.021725378225485432,-0.0006359123150700837,0.006123243467008217,NA,NA,NA
Baeotherates__lat_range_z_trans,0.30796484924852846,0.0006694895406175631,0.007767956022878554,0.23433829766407144,0.1124894767999649,0.3555551376193762
Baeotherates__Temperate_N,0.26080107504501937,-0.00035058638787856456,0.01066767711959497,NA,NA,NA
Baeotherates__Tropical,-0.6888889635214582,-0.006591333338173967,0.00197391535853776,NA,NA,NA
Baeotherates__Temperate_S,0.4320507691800594,0.0003789327208306759,0.011578038686606822,NA,NA,NA
Baeotherates__Antarctic,0.10819395182654262,8.966461990780238e-05,0.003635036475189138,NA,NA,NA
Baeotherates__mat_z_trans,0.24049835811601952,-0.0065400079320217805,0.025703100380319446,NA,NA,NA
Baeotherates__map_z_trans,0.8614032058045268,-0.003376904206875284,0.038801071384820605,NA,NA,NA
Baeotherates__wmm_z_trans,-0.15719427324831486,-0.004450936456528203,0.008492539085362776,NA,NA,NA
Baeotherates__cmm_z_trans,-0.37597302539274097,-0.007812965485142943,0.022524301072093807,NA,NA,NA
Baeotherates__wmmcmm_z_trans,-0.1440329022007063,-0.0057687495729608,0.016490692712361185,NA,NA,NA
Baeotherates__wetmon_z_trans,-0.3747701058071107,-0.009117593784480967,0.019937000508492102,NA,NA,NA
Baeotherates__drymon_z_trans,-0.15749211293645204,-0.0077689533597741145,0.02868356356939971,NA,NA,NA
Baeotherates__wetdry_z_trans,-0.21784117330797018,-0.005954231567678505,0.01534276035465481,NA,NA,NA
Baeotherates__time,-0.10725861202052328,-0.004636733869154197,0.007789103689823798,NA,NA,NA
Baisesaurus__lat_range_z_trans,0.012730703005909541,0.004163478481556319,0.010892022222945165,5.880478940707398,3.544663578271866,8.52806905284524
Baisesaurus__Temperate_N,0.017517468837028538,0.0016684534356277588,0.016539605432172727,NA,NA,NA
Baisesaurus__Tropical,-0.010612277479211004,-0.01528935802988786,0.004565505051356067,NA,NA,NA
Baisesaurus__Temperate_S,0.018649338071183123,0.0033817325697516366,0.01586514244991249,NA,NA,NA
Baisesaurus__Antarctic,-0.0027948927491432836,-0.0028460467316434247,-0.00022796445451250767,NA,NA,NA
Baisesaurus__mat_z_trans,0.014611472775062346,-0.009630778026566662,0.028314977109934043,NA,NA,NA
Baisesaurus__map_z_trans,0.022852608076509316,-0.0037615005775602046,0.028326754582157908,NA,NA,NA
Baisesaurus__wmm_z_trans,0.014651671406627223,-0.0035997547594641176,0.023635151075564582,NA,NA,NA
Baisesaurus__cmm_z_trans,0.028620539011208892,-0.00571101707412056,0.03409073116808028,NA,NA,NA
Baisesaurus__wmmcmm_z_trans,0.015369358827044032,-0.0033991167734887806,0.02084416042176704,NA,NA,NA
Baisesaurus__wetmon_z_trans,0.0022263675617674936,-0.009396904534149332,0.01398278588023374,NA,NA,NA
Baisesaurus__drymon_z_trans,0.001080112835368019,-0.0028057825070986267,0.0031021591949768777,NA,NA,NA
Baisesaurus__wetdry_z_trans,0.0031433281781250775,-0.009644070638772193,0.0183056166719582,NA,NA,NA
Baisesaurus__time,-0.0022939169815704833,-0.004360243913497231,0.0011501096135889057,NA,NA,NA
Barasaurus__lat_range_z_trans,-0.8640988966822625,-0.012541924803369546,-0.012949294623081465,0.2179757979697115,0.03712812811136246,0.4949526048731059
Barasaurus__Temperate_N,0.24617289964347036,0.0005779735451124611,0.013518327537203665,NA,NA,NA
Barasaurus__Tropical,0.12865549463080242,-0.0003416507311401911,0.009904313290534764,NA,NA,NA
Barasaurus__Temperate_S,-0.3043781415745616,-0.004338180417891674,-0.0011526197237476266,NA,NA,NA
Barasaurus__Antarctic,0.0021934231932027614,-0.00048195518103683483,0.0017667412274852737,NA,NA,NA
Barasaurus__mat_z_trans,-0.3243723879544996,-0.018670654054270888,0.03803080101840118,NA,NA,NA
Barasaurus__map_z_trans,0.15070498865679838,-0.0007047414861874686,0.01601362394016285,NA,NA,NA
Barasaurus__wmm_z_trans,0.4713443908339832,-0.005507612175052261,0.044615974014206104,NA,NA,NA
Barasaurus__cmm_z_trans,0.3587415184569545,-0.005249595079099979,0.04768467275829735,NA,NA,NA
Barasaurus__wmmcmm_z_trans,0.13828519673552364,-0.0036233320333116997,0.019496252553478862,NA,NA,NA
Barasaurus__wetmon_z_trans,0.03516603598342044,-0.0011444769182238344,0.0076627989550638025,NA,NA,NA
Barasaurus__drymon_z_trans,0.07858151999709662,-0.003770728742038392,0.018200415912438307,NA,NA,NA
Barasaurus__wetdry_z_trans,-0.021858744020573796,-0.003330335486866789,0.010734365915270595,NA,NA,NA
Barasaurus__time,-0.015503435079008341,-0.002103695515936181,0.005860383644421833,NA,NA,NA
Barberenasuchus__lat_range_z_trans,0.34643101125955583,0.0017950450601452324,0.01641652280455901,0.3558051173016429,0.1917789950966835,0.5347929447889328
Barberenasuchus__Temperate_N,0.502407745057717,0.001125260711707251,0.029462903105496322,NA,NA,NA
Barberenasuchus__Tropical,0.33833100370597097,-0.00031207439395099956,0.02183306490426561,NA,NA,NA
Barberenasuchus__Temperate_S,-1.233828597413376,-0.01999414192093424,-0.010118392268426833,NA,NA,NA
Barberenasuchus__Antarctic,0.10600270435214043,0.00037688668976930113,0.005310759096720749,NA,NA,NA
Barberenasuchus__mat_z_trans,0.005911957407370209,-0.0071357844168827445,0.0197018146397422,NA,NA,NA
Barberenasuchus__map_z_trans,0.00038302095839753747,-0.00396937973092924,0.01924256113717785,NA,NA,NA
Barberenasuchus__wmm_z_trans,0.032141503483289854,-0.0037387599932424457,0.01150038110468682,NA,NA,NA
Barberenasuchus__cmm_z_trans,0.17807344369590283,-0.0038694390302990737,0.025314185974619163,NA,NA,NA
Barberenasuchus__wmmcmm_z_trans,0.0928215394821018,-0.006052930940202279,0.021826427271671934,NA,NA,NA
Barberenasuchus__wetmon_z_trans,-0.18897038927942048,-0.008560261464797282,0.021407385053313924,NA,NA,NA
Barberenasuchus__drymon_z_trans,0.026453936000471003,-0.0021848236748118286,0.008365037826929713,NA,NA,NA
Barberenasuchus__wetdry_z_trans,-0.2027209428604692,-0.008696543714327338,0.020686447001638224,NA,NA,NA
Barberenasuchus__time,0.10403629475273192,-1.3962260557597716e-05,0.0084376587677408,NA,NA,NA
Bashkyroleter__lat_range_z_trans,-0.0006667612196561782,-0.0014869873451261047,0.001750109524823421,2.1053056864414246,0.03071024175733328,5.11256628902629
Bashkyroleter__Temperate_N,-0.02871561542286785,-0.010049720144247095,0.004997843299918837,NA,NA,NA
Bashkyroleter__Tropical,0.02837554618703789,0.00025943426323755595,0.009859113819898206,NA,NA,NA
Bashkyroleter__Temperate_S,0.03237869067754693,0.0006191987573159381,0.01170563109477819,NA,NA,NA
Bashkyroleter__Antarctic,0.00042395695880426083,-0.0010674101928328968,0.0022261953961818,NA,NA,NA
Bashkyroleter__mat_z_trans,0.03437607834320582,-0.0026159878671849477,0.028442775596540914,NA,NA,NA
Bashkyroleter__map_z_trans,0.06125261634283647,-0.001859336103347041,0.038285207833165066,NA,NA,NA
Bashkyroleter__wmm_z_trans,0.007818481067135553,-0.004849479634178397,0.020511139126869044,NA,NA,NA
Bashkyroleter__cmm_z_trans,-0.008295436832763858,-0.0089066380769307,0.01456474321641899,NA,NA,NA
Bashkyroleter__wmmcmm_z_trans,-0.012542634986904581,-0.01028679194108879,0.015587161696366154,NA,NA,NA
Bashkyroleter__wetmon_z_trans,0.010073538424123766,-0.005960420870044593,0.026716769545855,NA,NA,NA
Bashkyroleter__drymon_z_trans,0.01955986291327775,-0.006267909789119477,0.027890467059677185,NA,NA,NA
Bashkyroleter__wetdry_z_trans,-0.0017849519980395157,-0.005308501523537038,0.010644870788573272,NA,NA,NA
Bashkyroleter__time,-0.006501489077827593,-0.0034503586122296977,0.006204728421069425,NA,NA,NA
Batrachopus__lat_range_z_trans,0.04479669225664352,0.001209886056915406,0.01055954466442513,1.1292878406005729,0.1670951396226883,2.168377353809774
Batrachopus__Temperate_N,0.05991797364078342,-9.19812882234244e-05,0.017052291127998498,NA,NA,NA
Batrachopus__Tropical,-0.04330411721368697,-0.006644295692946477,0.005883030652529701,NA,NA,NA
Batrachopus__Temperate_S,0.06965493804937431,0.0008174998640585988,0.018268659689416142,NA,NA,NA
Batrachopus__Antarctic,0.005213111859559125,-0.0003185223434778231,0.0027634330648817866,NA,NA,NA
Batrachopus__mat_z_trans,0.013605456195423301,-0.012104209061305082,0.029225387071126683,NA,NA,NA
Batrachopus__map_z_trans,-0.03599172075825815,-0.0063373410911027874,0.006090795396971302,NA,NA,NA
Batrachopus__wmm_z_trans,-0.07532763346328154,-0.014452871729278659,0.016903892402754653,NA,NA,NA
Batrachopus__cmm_z_trans,-0.030513258623986492,-0.007308892377067296,0.015164075346475141,NA,NA,NA
Batrachopus__wmmcmm_z_trans,0.02636016437964995,-0.002280603078453354,0.01495981981788444,NA,NA,NA
Batrachopus__wetmon_z_trans,0.03617018736204743,-0.003103330283945573,0.026834565367549596,NA,NA,NA
Batrachopus__drymon_z_trans,0.004032708277564906,-0.0006503280669240009,0.0045585981110265175,NA,NA,NA
Batrachopus__wetdry_z_trans,0.032421511349499804,-0.005247751563715916,0.028767049852622878,NA,NA,NA
Batrachopus__time,0.02871586806457624,-0.004718168423846891,0.022355613854473027,NA,NA,NA
Batrachotomus__lat_range_z_trans,0.08129348596321366,0.0022759193189632898,0.018803310013432255,0.8396704190783203,0.3653787113726139,1.4592536193376873
Batrachotomus__Temperate_N,-0.24012608332078417,-0.020588418068909726,-0.007520842794851114,NA,NA,NA
Batrachotomus__Tropical,0.08952399480431632,0.0004637481374428497,0.025307935685861014,NA,NA,NA
Batrachotomus__Temperate_S,0.13464238070771467,0.0023643029060378064,0.03202721737572849,NA,NA,NA
Batrachotomus__Antarctic,0.01982375084590123,0.00010009208724982167,0.005523931366643527,NA,NA,NA
Batrachotomus__mat_z_trans,-0.00926423789799306,-0.008061796674329776,0.021131610946178315,NA,NA,NA
Batrachotomus__map_z_trans,-0.00063085638422472,-0.0033285237062212186,0.011733491150628978,NA,NA,NA
Batrachotomus__wmm_z_trans,0.008243899866703182,-0.0023991993913397183,0.012740903133247694,NA,NA,NA
Batrachotomus__cmm_z_trans,0.04800310024052762,-0.006015413839864038,0.028519609254663653,NA,NA,NA
Batrachotomus__wmmcmm_z_trans,0.03348875888056811,-0.006741963286862001,0.021726844034866744,NA,NA,NA
Batrachotomus__wetmon_z_trans,-0.026443968366693032,-0.00827361166259612,0.015209242696643279,NA,NA,NA
Batrachotomus__drymon_z_trans,0.00729590552404699,-0.0021743788932521075,0.009149491923135715,NA,NA,NA
Batrachotomus__wetdry_z_trans,-0.028736850610767233,-0.00828060211656617,0.017663370418809582,NA,NA,NA
Batrachotomus__time,0.018638601123379266,-0.0005710638890661709,0.007370641215147382,NA,NA,NA
Beesiiwo__lat_range_z_trans,0.10632344289208848,0.0017310723231053428,0.015056122310910372,0.6509597586782183,0.25438315235078335,1.4983944741543382
Beesiiwo__Temperate_N,0.16345192695767732,0.0017126644294880634,0.02502628768102395,NA,NA,NA
Beesiiwo__Tropical,-0.23418271819287803,-0.013953675841302578,0.0010331364461063587,NA,NA,NA
Beesiiwo__Temperate_S,0.17889935503601853,0.0018402045260362888,0.02716450032722631,NA,NA,NA
Beesiiwo__Antarctic,0.02975407347371418,0.00032189649017676713,0.005047088053506576,NA,NA,NA
Beesiiwo__mat_z_trans,0.0029262875807709613,-0.006234994967041141,0.02409699104009827,NA,NA,NA
Beesiiwo__map_z_trans,-0.1395462506221543,-0.012042562939381145,0.007563806348897793,NA,NA,NA
Beesiiwo__wmm_z_trans,-0.07066114054737517,-0.008078954353366018,0.012473199388955586,NA,NA,NA
Beesiiwo__cmm_z_trans,-0.053672871404380096,-0.006956559943412537,0.011296865688982851,NA,NA,NA
Beesiiwo__wmmcmm_z_trans,-0.02568870809662788,-0.004372710204292806,0.009468601496447312,NA,NA,NA
Beesiiwo__wetmon_z_trans,0.06485039951976279,-0.004384790249191616,0.028668241258793234,NA,NA,NA
Beesiiwo__drymon_z_trans,0.006569206917395576,-0.002969608830639355,0.010628004174179214,NA,NA,NA
Beesiiwo__wetdry_z_trans,0.07005775968982338,-0.007184947070593275,0.034947638840365766,NA,NA,NA
Beesiiwo__time,0.03667111817207316,-0.0006579424488992706,0.0069162733646419,NA,NA,NA
Belebey__lat_range_z_trans,-0.09073725420942809,-0.006310737290275176,-0.0035284715926499365,0.9726238050442771,0.0034223878756165504,4.568860445171595
Belebey__Temperate_N,-0.06249085132143379,-0.007373424752224235,0.009755254753035304,NA,NA,NA
Belebey__Tropical,0.0504989600857536,0.00047931254292773643,0.0100764879941503,NA,NA,NA
Belebey__Temperate_S,0.06516694858224752,0.0007155444043630162,0.013403380816559174,NA,NA,NA
Belebey__Antarctic,0.004245725606019823,-0.000787157491812648,0.002676750912288888,NA,NA,NA
Belebey__mat_z_trans,0.0301805301485931,-0.006427635324281695,0.029565726380488364,NA,NA,NA
Belebey__map_z_trans,0.0985840126704465,-0.0005707345721326372,0.04535928408815253,NA,NA,NA
Belebey__wmm_z_trans,0.043000658803737074,-0.0050629816231104055,0.02065046129880889,NA,NA,NA
Belebey__cmm_z_trans,-0.019311010887914693,-0.005563738322938442,0.019332875573503227,NA,NA,NA
Belebey__wmmcmm_z_trans,-0.023807624449916437,-0.009342637502495227,0.017492246312326265,NA,NA,NA
Belebey__wetmon_z_trans,0.018239268845173875,-0.004447000011945521,0.021378549188732485,NA,NA,NA
Belebey__drymon_z_trans,0.033105308986267054,-0.009225212433057557,0.017325410266925727,NA,NA,NA
Belebey__wetdry_z_trans,-0.007148836527243488,-0.0043734366785764135,0.009175051196170557,NA,NA,NA
Belebey__time,-0.0037739549563932297,-0.002941070023754069,0.006723749231643748,NA,NA,NA
Benggwigwishingasuchus__lat_range_z_trans,0.09066155060391753,0.0011446219928504396,0.014952436360192875,0.7664314977583127,0.11101508140563965,3.932182937860489
Benggwigwishingasuchus__Temperate_N,0.12710650308829083,0.0009155351438584436,0.02172051568186454,NA,NA,NA
Benggwigwishingasuchus__Tropical,-0.2261967687188089,-0.012909453672476489,0.000686621225459799,NA,NA,NA
Benggwigwishingasuchus__Temperate_S,0.14326832815859625,0.0011691006460305905,0.024026196680838125,NA,NA,NA
Benggwigwishingasuchus__Antarctic,0.020515000278925426,-0.0006405418058468224,0.005482655149211049,NA,NA,NA
Benggwigwishingasuchus__mat_z_trans,0.004892038965102286,-0.005883668593523319,0.011590223241436057,NA,NA,NA
Benggwigwishingasuchus__map_z_trans,0.15124637827484377,-0.002246611977646297,0.04072909558567957,NA,NA,NA
Benggwigwishingasuchus__wmm_z_trans,0.07917684177040843,-0.003402617568567316,0.026124851364346044,NA,NA,NA
Benggwigwishingasuchus__cmm_z_trans,0.009495216682248267,-0.004361392005305634,0.011483658406098564,NA,NA,NA
Benggwigwishingasuchus__wmmcmm_z_trans,-0.03845979026040266,-0.0059124744107550645,0.00785372669457463,NA,NA,NA
Benggwigwishingasuchus__wetmon_z_trans,-0.13002819266609897,-0.01399193892302044,0.020578491455361583,NA,NA,NA
Benggwigwishingasuchus__drymon_z_trans,0.012469380478718633,-0.0007076783847593899,0.004759834348350975,NA,NA,NA
Benggwigwishingasuchus__wetdry_z_trans,-0.12161685416424614,-0.013145111444179026,0.024509280254575497,NA,NA,NA
Benggwigwishingasuchus__time,0.013222248884414098,-0.0012586780759729567,0.004889169972146199,NA,NA,NA
Bentonyx__lat_range_z_trans,0.07918799908765765,0.0012976736264367502,0.012948863947978268,0.84384349998174,0.09145106002688408,4.875149693340063
Bentonyx__Temperate_N,0.10845841405486428,0.0010284958776165464,0.018645110118021595,NA,NA,NA
Bentonyx__Tropical,-0.19233406496208616,-0.012816139023509386,0.0025502815833466867,NA,NA,NA
Bentonyx__Temperate_S,0.12587325062058544,0.0013659481457179198,0.021086835013483535,NA,NA,NA
Bentonyx__Antarctic,0.01739898680728041,-0.000568882056702825,0.004811907856370982,NA,NA,NA
Bentonyx__mat_z_trans,0.0011019929988119054,-0.005629730254576904,0.011775520764332258,NA,NA,NA
Bentonyx__map_z_trans,0.13607428861139206,-0.002715762293987779,0.035746303514970885,NA,NA,NA
Bentonyx__wmm_z_trans,0.0707872242961182,-0.0035631349639639416,0.024607762439311124,NA,NA,NA
Bentonyx__cmm_z_trans,0.004579632008765354,-0.0035909536011818014,0.017015153076263827,NA,NA,NA
Bentonyx__wmmcmm_z_trans,-0.021739120624927683,-0.006191393499850112,0.021790845371348615,NA,NA,NA
Bentonyx__wetmon_z_trans,-0.11216173120740058,-0.013861622886856252,0.018060921581136955,NA,NA,NA
Bentonyx__drymon_z_trans,0.012215762836367923,-0.000902124465052743,0.004545403369755687,NA,NA,NA
Bentonyx__wetdry_z_trans,-0.10620225867404622,-0.013765227871811067,0.02151081820784606,NA,NA,NA
Bentonyx__time,0.012511505522526289,-0.0013180558115916804,0.004291029575969008,NA,NA,NA
Bergamodactylus__lat_range_z_trans,0.275574000030756,0.0009318513291621271,0.009598344103035662,0.22146300014028383,0.06579391285777092,0.3533331074286252
Bergamodactylus__Temperate_N,0.3363622364262119,-0.0001769408784489606,0.014785515132068817,NA,NA,NA
Bergamodactylus__Tropical,-0.42161955288844183,-0.007754025232680631,0.0017297063471218375,NA,NA,NA
Bergamodactylus__Temperate_S,0.4451916627772152,0.0008891402483929152,0.016647027053019632,NA,NA,NA
Bergamodactylus__Antarctic,0.0797362500987947,9.953927392649474e-05,0.0033026504968197276,NA,NA,NA
Bergamodactylus__mat_z_trans,0.11610679408535361,-0.00959652683636023,0.03410551833980196,NA,NA,NA
Bergamodactylus__map_z_trans,-0.428804913200438,-0.006837100750934243,0.009794228994278306,NA,NA,NA
Bergamodactylus__wmm_z_trans,-0.31865980277303607,-0.0064491663758937815,0.012880724577160085,NA,NA,NA
Bergamodactylus__cmm_z_trans,-0.505570460325107,-0.010048551032392057,0.019809176314289124,NA,NA,NA
Bergamodactylus__wmmcmm_z_trans,-0.18191821717424317,-0.006958656389687821,0.019062448632121722,NA,NA,NA
Bergamodactylus__wetmon_z_trans,0.21171410645358266,-0.0043358140424353325,0.02917118821095197,NA,NA,NA
Bergamodactylus__drymon_z_trans,0.029932009321637452,-0.0016788411372759841,0.006226125604992997,NA,NA,NA
Bergamodactylus__wetdry_z_trans,0.19997977190651,-0.007176495310826234,0.029845612010781983,NA,NA,NA
Bergamodactylus__time,0.16518535742921814,-0.002139321943859539,0.012428490603691677,NA,NA,NA
Blikanasaurus__lat_range_z_trans,0.0626903025971644,0.0011247412328681352,0.010721041358960437,0.7883684822798659,0.04141265619546175,2.6920015309005976
Blikanasaurus__Temperate_N,0.08437977240802118,-0.0007920767215000825,0.017375616450941583,NA,NA,NA
Blikanasaurus__Tropical,0.0680830752733491,0.00017374189552253006,0.015675215542442594,NA,NA,NA
Blikanasaurus__Temperate_S,-0.10057185964328698,-0.007823719467313346,0.0016983000675601613,NA,NA,NA
Blikanasaurus__Antarctic,0.009257072442510617,-0.00042803197479150695,0.002892329341867627,NA,NA,NA
Blikanasaurus__mat_z_trans,0.0281190707176611,-0.008434989069392558,0.04154113898252989,NA,NA,NA
Blikanasaurus__map_z_trans,-0.05174066798391353,-0.007948679027447045,0.003946071181267111,NA,NA,NA
Blikanasaurus__wmm_z_trans,-0.10309725249763796,-0.012356622413137222,0.014215725360577622,NA,NA,NA
Blikanasaurus__cmm_z_trans,-0.039198178866416626,-0.0064275606424714655,0.019403118404556215,NA,NA,NA
Blikanasaurus__wmmcmm_z_trans,0.032526462831460434,-0.002627926892264243,0.015419858899520193,NA,NA,NA
Blikanasaurus__wetmon_z_trans,0.05420623261152044,-0.003951902215383893,0.02622065159748209,NA,NA,NA
Blikanasaurus__drymon_z_trans,0.009038897401070285,-0.0006264899025399217,0.003576013652381878,NA,NA,NA
Blikanasaurus__wetdry_z_trans,0.05411253546381002,-0.005169903458301514,0.02606374048668552,NA,NA,NA
Blikanasaurus__time,0.02794641862059636,-0.0059414904231611465,0.020637935093362595,NA,NA,NA
Blomosaurus__lat_range_z_trans,0.024344521823567264,0.0022231815741524824,0.012106487994420486,2.749767784093856,1.3374657034873962,4.053047463297844
Blomosaurus__Temperate_N,-0.05660549698307512,-0.013078739251520328,-0.007254248088166335,NA,NA,NA
Blomosaurus__Tropical,0.0159045582151902,-0.0014487231337656605,0.013957471862304654,NA,NA,NA
Blomosaurus__Temperate_S,0.03524352030694688,0.0014292441890764414,0.017147457187535523,NA,NA,NA
Blomosaurus__Antarctic,0.000457357063827579,-0.0005820665203471682,0.0018876174643091058,NA,NA,NA
Blomosaurus__mat_z_trans,0.001323351491788247,-0.010972926299893849,0.023800870506931682,NA,NA,NA
Blomosaurus__map_z_trans,0.04060802203655958,-0.0023699625370936198,0.029104120137498395,NA,NA,NA
Blomosaurus__wmm_z_trans,0.023299667519177062,-0.005885292628328219,0.019986362038454664,NA,NA,NA
Blomosaurus__cmm_z_trans,0.03722695975899567,-0.005881737575532199,0.03725083419802262,NA,NA,NA
Blomosaurus__wmmcmm_z_trans,0.018915838740673898,-0.004786313555263608,0.020562587982969723,NA,NA,NA
Blomosaurus__wetmon_z_trans,-0.004134930236100997,-0.007335341218991348,0.01734124742425818,NA,NA,NA
Blomosaurus__drymon_z_trans,0.005194794341611222,-0.0015413191426014278,0.0066592392788425835,NA,NA,NA
Blomosaurus__wetdry_z_trans,-0.002266384842077163,-0.008531818776016754,0.021046120774119596,NA,NA,NA
Blomosaurus__time,-0.003759897861175433,-0.0024690942031880226,0.005790587658634638,NA,NA,NA
Bolosaurus__lat_range_z_trans,-0.4011869749426842,-0.0032547929818161725,-0.001895967107340252,0.29408107116003523,0.04403825104236603,0.7822279827669263
Bolosaurus__Temperate_N,0.3232585595548153,0.0002655125705680357,0.010169194139769038,NA,NA,NA
Bolosaurus__Tropical,-0.3735841397335753,-0.004794649368179023,0.0031928241553807486,NA,NA,NA
Bolosaurus__Temperate_S,0.38983065480366347,9.977372657379812e-05,0.010521428803498701,NA,NA,NA
Bolosaurus__Antarctic,0.1051776584557956,2.1133036499805132e-06,0.003751348904288332,NA,NA,NA
Bolosaurus__mat_z_trans,0.026501010654610583,-0.0032473592277932977,0.012276978031747108,NA,NA,NA
Bolosaurus__map_z_trans,-1.0825050770491362,-0.013901433120331192,0.01486637146860107,NA,NA,NA
Bolosaurus__wmm_z_trans,0.6022245347581339,-0.0028468626560499365,0.038235853246412495,NA,NA,NA
Bolosaurus__cmm_z_trans,0.002565538724884391,-0.0010893411410048607,0.005031529408552236,NA,NA,NA
Bolosaurus__wmmcmm_z_trans,-0.19003644106909634,-0.004107923198477115,0.019249975500258823,NA,NA,NA
Bolosaurus__wetmon_z_trans,0.21925837945658713,-0.012481810821281034,0.02889028861306505,NA,NA,NA
Bolosaurus__drymon_z_trans,0.046839277539402244,-0.005279070692868934,0.02449444547143144,NA,NA,NA
Bolosaurus__wetdry_z_trans,0.425904198102653,-0.007100715122982119,0.036623180309333904,NA,NA,NA
Bolosaurus__time,-0.04301002458203584,-0.0034943503493214045,0.013979305475136804,NA,NA,NA
Boreopricea__lat_range_z_trans,0.024344521823567264,0.0022231815741524824,0.012106487994420486,2.749767784093856,1.3374657034873962,4.053047463297844
Boreopricea__Temperate_N,-0.05660549698307512,-0.013078739251520328,-0.007254248088166335,NA,NA,NA
Boreopricea__Tropical,0.0159045582151902,-0.0014487231337656605,0.013957471862304654,NA,NA,NA
Boreopricea__Temperate_S,0.03524352030694688,0.0014292441890764414,0.017147457187535523,NA,NA,NA
Boreopricea__Antarctic,0.000457357063827579,-0.0005820665203471682,0.0018876174643091058,NA,NA,NA
Boreopricea__mat_z_trans,0.001323351491788247,-0.010972926299893849,0.023800870506931682,NA,NA,NA
Boreopricea__map_z_trans,0.04060802203655958,-0.0023699625370936198,0.029104120137498395,NA,NA,NA
Boreopricea__wmm_z_trans,0.023299667519177062,-0.005885292628328219,0.019986362038454664,NA,NA,NA
Boreopricea__cmm_z_trans,0.03722695975899567,-0.005881737575532199,0.03725083419802262,NA,NA,NA
Boreopricea__wmmcmm_z_trans,0.018915838740673898,-0.004786313555263608,0.020562587982969723,NA,NA,NA
Boreopricea__wetmon_z_trans,-0.004134930236100997,-0.007335341218991348,0.01734124742425818,NA,NA,NA
Boreopricea__drymon_z_trans,0.005194794341611222,-0.0015413191426014278,0.0066592392788425835,NA,NA,NA
Boreopricea__wetdry_z_trans,-0.002266384842077163,-0.008531818776016754,0.021046120774119596,NA,NA,NA
Boreopricea__time,-0.003759897861175433,-0.0024690942031880226,0.005790587658634638,NA,NA,NA
Bradysaurus__lat_range_z_trans,0.02372884406455238,0.0007495225324151278,0.00895190593036687,2.1613766631387987,0.10977471619844437,5.097193010151386
Bradysaurus__Temperate_N,0.03594893504707406,0.0006590221243123721,0.014014299937396273,NA,NA,NA
Bradysaurus__Tropical,0.028979461658126968,0.000505309987874323,0.01230447214166156,NA,NA,NA
Bradysaurus__Temperate_S,-0.04519641138657189,-0.010364297964731494,0.002549428928832827,NA,NA,NA
Bradysaurus__Antarctic,-0.0002743102553963983,-0.000830532974697299,0.002318764639156105,NA,NA,NA
Bradysaurus__mat_z_trans,-0.0006694543597840787,-0.013243958925927014,0.017225736199071244,NA,NA,NA
Bradysaurus__map_z_trans,0.014943183728456022,-0.0007486924001342538,0.011147727587983448,NA,NA,NA
Bradysaurus__wmm_z_trans,0.052697582235866534,-0.005321226364554449,0.0427225270870055,NA,NA,NA
Bradysaurus__cmm_z_trans,-0.001492714117920278,-0.007194903481400604,0.01698597807228711,NA,NA,NA
Bradysaurus__wmmcmm_z_trans,-0.0042908135719292315,-0.00997649267050967,0.026771552192614283,NA,NA,NA
Bradysaurus__wetmon_z_trans,0.008279422392973992,-0.002415837361346528,0.011753348187817257,NA,NA,NA
Bradysaurus__drymon_z_trans,0.022759865842430456,-0.00416320700224904,0.02487517586803775,NA,NA,NA
Bradysaurus__wetdry_z_trans,0.0014887677780154953,-0.0046096429683082415,0.01200477071713005,NA,NA,NA
Bradysaurus__time,-0.001150477679985189,-0.004275971610056504,0.01576106893077523,NA,NA,NA
Brasinorhynchus__lat_range_z_trans,0.34013216957449915,0.0016145651095985842,0.01562164005591297,0.36884359385352583,0.20098753459751606,0.5347929447889328
Brasinorhynchus__Temperate_N,0.48547720098868014,0.000842644473850055,0.026240376925434083,NA,NA,NA
Brasinorhynchus__Tropical,0.355458284704946,-6.982070205119492e-05,0.01976499125308706,NA,NA,NA
Brasinorhynchus__Temperate_S,-1.1725634097028523,-0.01678364316312898,-0.004907269291649753,NA,NA,NA
Brasinorhynchus__Antarctic,0.10205700483173132,0.0003764907221099758,0.0053724612144138584,NA,NA,NA
Brasinorhynchus__mat_z_trans,-0.012460325546562671,-0.006601628540555239,0.01766661355768043,NA,NA,NA
Brasinorhynchus__map_z_trans,0.1904051211476326,-0.0035356202469394157,0.034697242006261786,NA,NA,NA
Brasinorhynchus__wmm_z_trans,0.1000711681379471,-0.0034292108210641327,0.01656215659519664,NA,NA,NA
Brasinorhynchus__cmm_z_trans,0.1325626700464636,-0.0023782956822640438,0.01921037771356842,NA,NA,NA
Brasinorhynchus__wmmcmm_z_trans,0.04724260606337339,-0.004957250227424678,0.018853978873706073,NA,NA,NA
Brasinorhynchus__wetmon_z_trans,-0.2586997293744935,-0.012361895155685922,0.020279382135160284,NA,NA,NA
Brasinorhynchus__drymon_z_trans,0.030681457808823323,-0.001640863034618453,0.007924265305870135,NA,NA,NA
Brasinorhynchus__wetdry_z_trans,-0.31065713460557165,-0.011839058807725173,0.015187994047485427,NA,NA,NA
Brasinorhynchus__time,0.09502335242461413,-0.00046732300341466076,0.0069125460280081005,NA,NA,NA
Bromsgroveia__lat_range_z_trans,-0.03694266628880748,-0.004728600051475264,-0.0016244543327391617,1.1302404132593074,0.02511647529900074,3.8922451455146074
Bromsgroveia__Temperate_N,-0.10553360161903455,-0.011596021424067808,0.0014049263568768748,NA,NA,NA
Bromsgroveia__Tropical,-0.021287299767778912,-0.005765949929974665,0.010314101289634895,NA,NA,NA
Bromsgroveia__Temperate_S,0.06362367592796132,-0.00025900504456598895,0.01359204583265474,NA,NA,NA
Bromsgroveia__Antarctic,0.003339425058635918,-0.0005266345276423321,0.0026815387975171025,NA,NA,NA
Bromsgroveia__mat_z_trans,0.02825535427517041,-0.006642561710345889,0.029323713900072396,NA,NA,NA
Bromsgroveia__map_z_trans,0.0719748585716267,-0.0017914019380241026,0.02717168382526272,NA,NA,NA
Bromsgroveia__wmm_z_trans,0.05194506418850001,-0.002452497908178177,0.027522733788659753,NA,NA,NA
Bromsgroveia__cmm_z_trans,0.06609180717301677,-0.003156362075596328,0.039546155462678735,NA,NA,NA
Bromsgroveia__wmmcmm_z_trans,0.03402574749208181,-0.0029859243326318826,0.025766924852956438,NA,NA,NA
Bromsgroveia__wetmon_z_trans,-0.02144863963203537,-0.009836860251947827,0.014981190329708766,NA,NA,NA
Bromsgroveia__drymon_z_trans,0.01154381747854734,-0.00028237270549107796,0.007023846560864953,NA,NA,NA
Bromsgroveia__wetdry_z_trans,-0.012217777667050634,-0.009849342224365535,0.017061303440263877,NA,NA,NA
Bromsgroveia__time,0.0023821161850755327,-0.0013573749550063981,0.004621046315723401,NA,NA,NA
Broomia__lat_range_z_trans,-0.31552613748427577,-0.00748288301485293,-0.004727664140958612,0.4457820897756028,0.07435307279229164,1.1200434993952513
Broomia__Temperate_N,0.2068536562833977,0.0004984831800982358,0.01516779636045303,NA,NA,NA
Broomia__Tropical,0.1450219378686813,8.067883404565191e-05,0.013583441345861213,NA,NA,NA
Broomia__Temperate_S,-0.26675399938387345,-0.007902872819670682,0.0007966941091190115,NA,NA,NA
Broomia__Antarctic,0.02935840023518907,-0.00012459699536857864,0.0029788124152750972,NA,NA,NA
Broomia__mat_z_trans,-0.13188096012671047,-0.01419324102106142,0.02378826072465871,NA,NA,NA
Broomia__map_z_trans,0.0938781159329031,-0.0005257789394640824,0.012231775723328526,NA,NA,NA
Broomia__wmm_z_trans,0.2684942730315826,-0.005743499080273852,0.04197333426931637,NA,NA,NA
Broomia__cmm_z_trans,0.011413258729178364,-0.006960394386522591,0.03075989749823703,NA,NA,NA
Broomia__wmmcmm_z_trans,-0.015782072864814596,-0.007084793437845449,0.030115681939545585,NA,NA,NA
Broomia__wetmon_z_trans,0.0228339668218882,-0.0021245266842152533,0.009235951964528148,NA,NA,NA
Broomia__drymon_z_trans,0.1013981521849266,-0.0022425394056399526,0.02304526152802759,NA,NA,NA
Broomia__wetdry_z_trans,-0.020822833747635144,-0.004574175078207404,0.009642820461350097,NA,NA,NA
Broomia__time,0.007266123895471322,-0.002850770230334972,0.010794692221393693,NA,NA,NA
Bunostegos__lat_range_z_trans,0.016488245041417753,0.0014942924111318316,0.008941274129591021,3.9808477045575272,1.768845234066248,6.205933503806591
Bunostegos__Temperate_N,0.022717691811729973,0.0005671288655502375,0.014090104568517295,NA,NA,NA
Bunostegos__Tropical,-0.010797518967916014,-0.0059572788665789075,0.01017397205272703,NA,NA,NA
Bunostegos__Temperate_S,0.023756669496509876,0.00037305836746197806,0.013952199607437337,NA,NA,NA
Bunostegos__Antarctic,-0.0020526633890431546,-0.0011281438255587625,0.0010045642703490898,NA,NA,NA
Bunostegos__mat_z_trans,-0.003087090056853727,-0.012899621831183792,0.02664399432539772,NA,NA,NA
Bunostegos__map_z_trans,0.010412358161644653,-0.0007587003074333139,0.010501610490166235,NA,NA,NA
Bunostegos__wmm_z_trans,0.0014841383557490614,-0.0010412982102514508,0.0038698616177195023,NA,NA,NA
Bunostegos__cmm_z_trans,0.0386719939513617,-0.010667681149561146,0.03936178405364195,NA,NA,NA
Bunostegos__wmmcmm_z_trans,0.028919005402349277,-0.010124980564010306,0.03782842054446038,NA,NA,NA
Bunostegos__wetmon_z_trans,0.005737882336620201,-0.0021190648754022107,0.008923212699542632,NA,NA,NA
Bunostegos__drymon_z_trans,0.004261777877524061,-0.008835460581156895,0.019872327181628062,NA,NA,NA
Bunostegos__wetdry_z_trans,0.0028854241748016525,-0.0073757056682540595,0.01855123300945792,NA,NA,NA
Bunostegos__time,-0.003646032819986455,-0.002757452844066477,0.005672197869499317,NA,NA,NA
Buriolestes__lat_range_z_trans,-0.5702574354410171,-0.009655429243637275,-0.014830986768939526,0.15512316551001276,0.0037579312920570374,0.32901125587522984
Buriolestes__Temperate_N,0.33089415536262096,0.000850159258508214,0.0258488844760385,NA,NA,NA
Buriolestes__Tropical,0.22986167089547963,0.00010659329207839744,0.019671276457593173,NA,NA,NA
Buriolestes__Temperate_S,-0.5287642961461096,-0.015048965617978563,0.004095376683810522,NA,NA,NA
Buriolestes__Antarctic,0.05030145861906931,-2.4489788742557696e-05,0.004229609050836411,NA,NA,NA
Buriolestes__mat_z_trans,0.07697465900797397,-0.00424982099392954,0.025118461737842525,NA,NA,NA
Buriolestes__map_z_trans,-0.056765787024050954,-0.007893232555805605,0.015651884592846943,NA,NA,NA
Buriolestes__wmm_z_trans,0.023699736166745426,-0.00351441846531308,0.012205724494972713,NA,NA,NA
Buriolestes__cmm_z_trans,0.10533583989366889,-0.002233722540914648,0.033894680855663585,NA,NA,NA
Buriolestes__wmmcmm_z_trans,0.09332124667824246,-0.002206355778677329,0.01994535312246853,NA,NA,NA
Buriolestes__wetmon_z_trans,0.04545708898222074,-0.007921981234413901,0.028195496730119077,NA,NA,NA
Buriolestes__drymon_z_trans,0.03597471252840478,-0.0010713472744180695,0.008294387195945786,NA,NA,NA
Buriolestes__wetdry_z_trans,0.05379146594088525,-0.008315390121798256,0.029263957141491527,NA,NA,NA
Buriolestes__time,0.07657576341181993,-5.250801427106375e-05,0.0078026506494457215,NA,NA,NA
Bystrowisuchus__lat_range_z_trans,0.024344521823567264,0.0022231815741524824,0.012106487994420486,2.749767784093856,1.3374657034873962,4.053047463297844
Bystrowisuchus__Temperate_N,-0.05660549698307512,-0.013078739251520328,-0.007254248088166335,NA,NA,NA
Bystrowisuchus__Tropical,0.0159045582151902,-0.0014487231337656605,0.013957471862304654,NA,NA,NA
Bystrowisuchus__Temperate_S,0.03524352030694688,0.0014292441890764414,0.017147457187535523,NA,NA,NA
Bystrowisuchus__Antarctic,0.000457357063827579,-0.0005820665203471682,0.0018876174643091058,NA,NA,NA
Bystrowisuchus__mat_z_trans,0.001323351491788247,-0.010972926299893849,0.023800870506931682,NA,NA,NA
Bystrowisuchus__map_z_trans,0.04060802203655958,-0.0023699625370936198,0.029104120137498395,NA,NA,NA
Bystrowisuchus__wmm_z_trans,0.023299667519177062,-0.005885292628328219,0.019986362038454664,NA,NA,NA
Bystrowisuchus__cmm_z_trans,0.03722695975899567,-0.005881737575532199,0.03725083419802262,NA,NA,NA
Bystrowisuchus__wmmcmm_z_trans,0.018915838740673898,-0.004786313555263608,0.020562587982969723,NA,NA,NA
Bystrowisuchus__wetmon_z_trans,-0.004134930236100997,-0.007335341218991348,0.01734124742425818,NA,NA,NA
Bystrowisuchus__drymon_z_trans,0.005194794341611222,-0.0015413191426014278,0.0066592392788425835,NA,NA,NA
Bystrowisuchus__wetdry_z_trans,-0.002266384842077163,-0.008531818776016754,0.021046120774119596,NA,NA,NA
Bystrowisuchus__time,-0.003759897861175433,-0.0024690942031880226,0.005790587658634638,NA,NA,NA
Calyptosuchus__lat_range_z_trans,-0.6796474242210389,-0.012892688459818722,-0.012811196988264576,0.25795561529885164,0.06003400310873985,0.7053101151250303
Calyptosuchus__Temperate_N,0.3712539477646351,0.0007407999058389802,0.024101075832584282,NA,NA,NA
Calyptosuchus__Tropical,-0.4143905104836449,-0.012440587631869974,0.011760907040126839,NA,NA,NA
Calyptosuchus__Temperate_S,0.4306682837754488,0.001519426380696473,0.026535996249862675,NA,NA,NA
Calyptosuchus__Antarctic,0.06118271612562239,-7.148860900164728e-05,0.004672661818432399,NA,NA,NA
Calyptosuchus__mat_z_trans,0.1365309837483801,-0.002420557182199569,0.02562828949940861,NA,NA,NA
Calyptosuchus__map_z_trans,-0.21103251927765088,-0.007794251229346971,0.01341638537921256,NA,NA,NA
Calyptosuchus__wmm_z_trans,-0.06088268807856366,-0.006943605373127623,0.010374624388906649,NA,NA,NA
Calyptosuchus__cmm_z_trans,0.016563526642275974,-0.005317871163369382,0.021346778314902753,NA,NA,NA
Calyptosuchus__wmmcmm_z_trans,0.05231697406619787,-0.0030785389583724274,0.01338818366155784,NA,NA,NA
Calyptosuchus__wetmon_z_trans,0.16013516574166714,-0.005171361820600994,0.02961263483860158,NA,NA,NA
Calyptosuchus__drymon_z_trans,0.04278108152066125,-0.001543821134109738,0.008522865776751366,NA,NA,NA
Calyptosuchus__wetdry_z_trans,0.06369960215626634,-0.005819682568763257,0.03500814976230106,NA,NA,NA
Calyptosuchus__time,0.0885326610680204,3.3187647315712724e-06,0.007829400845751481,NA,NA,NA
Camelotia__lat_range_z_trans,-0.35897379256784917,-0.004188651193805558,-0.003224254466488241,0.22764177169417962,0.013103794306516647,0.662135424092412
Camelotia__Temperate_N,-0.3307628658413887,-0.006062167146417598,0.0024240215177718,NA,NA,NA
Camelotia__Tropical,0.27711198028409856,-0.00020054518394132284,0.01421432978523813,NA,NA,NA
Camelotia__Temperate_S,0.4189188264124095,0.001119466642184457,0.019263219008278543,NA,NA,NA
Camelotia__Antarctic,0.06968354978598654,6.544508126694786e-05,0.0035282163352796905,NA,NA,NA
Camelotia__mat_z_trans,0.15115779890678824,-0.007234663683032845,0.038657550318296714,NA,NA,NA
Camelotia__map_z_trans,-0.3194214858417399,-0.007475677726661505,0.005026585084992375,NA,NA,NA
Camelotia__wmm_z_trans,-0.30877456354908644,-0.011271803499965942,0.019225764928453862,NA,NA,NA
Camelotia__cmm_z_trans,-0.24803979443386198,-0.007584329956813292,0.020048330587603174,NA,NA,NA
Camelotia__wmmcmm_z_trans,0.05055507836281322,-0.003848682023583983,0.01837867881864307,NA,NA,NA
Camelotia__wetmon_z_trans,0.2083184087916743,-0.005007782252365548,0.02569226870828675,NA,NA,NA
Camelotia__drymon_z_trans,0.060372734502889214,-0.0005255615794066311,0.007576062805647248,NA,NA,NA
Camelotia__wetdry_z_trans,0.18912853376939892,-0.006253034006899281,0.03042160931271756,NA,NA,NA
Camelotia__time,0.1606981424242258,-0.002762922549871179,0.01815437367541483,NA,NA,NA
Camposaurus__lat_range_z_trans,0.2875667995214462,0.0008651584680143158,0.009582210129679471,0.26306885488971604,0.08302193880081177,0.415853668237105
Camposaurus__Temperate_N,0.3481755608180538,-0.0006676874552538173,0.0159823749760639,NA,NA,NA
Camposaurus__Tropical,-0.4557054554205388,-0.00785838701585186,0.0007053568314078973,NA,NA,NA
Camposaurus__Temperate_S,0.46089583445806054,0.0011374523330563119,0.018419396442545873,NA,NA,NA
Camposaurus__Antarctic,0.08403206753544509,5.761117601438275e-05,0.003318298566510362,NA,NA,NA
Camposaurus__mat_z_trans,0.06313361499924212,-0.009811392272635798,0.030005083930373728,NA,NA,NA
Camposaurus__map_z_trans,-0.45237200662959365,-0.00834158672299541,0.005607332777038299,NA,NA,NA
Camposaurus__wmm_z_trans,-0.24386969110229983,-0.006391568013659449,0.007162950782829506,NA,NA,NA
Camposaurus__cmm_z_trans,-0.5308079624938545,-0.01071066602081596,0.019390024721108096,NA,NA,NA
Camposaurus__wmmcmm_z_trans,-0.20658456353005022,-0.006672529478911604,0.02073940388131593,NA,NA,NA
Camposaurus__wetmon_z_trans,0.2642647192440927,-0.0036682042668165094,0.031921892740093244,NA,NA,NA
Camposaurus__drymon_z_trans,0.03358489505131729,-0.0011859927300793872,0.006551761152059023,NA,NA,NA
Camposaurus__wetdry_z_trans,0.2353245833190158,-0.007112401077185275,0.03838175522860692,NA,NA,NA
Camposaurus__time,0.1526595194451511,-0.0008707160021932164,0.011618914260503236,NA,NA,NA
Candelaria__lat_range_z_trans,0.3419934619963169,0.0015589942270274326,0.014218120350420551,0.35773496761568824,0.1917789950966835,0.5372345931828022
Candelaria__Temperate_N,0.48330590044148264,5.089923086710557e-05,0.024075912232038612,NA,NA,NA
Candelaria__Tropical,0.34430135394912215,3.1560029557615364e-05,0.01887226099587259,NA,NA,NA
Candelaria__Temperate_S,-1.186223275931552,-0.017860806984307295,-0.005842937543496997,NA,NA,NA
Candelaria__Antarctic,0.10159628577530384,0.0003366736340845908,0.004756501641408696,NA,NA,NA
Candelaria__mat_z_trans,-0.01282234319485724,-0.006374410497613157,0.016812289731261008,NA,NA,NA
Candelaria__map_z_trans,0.1246424952452071,-0.005413196799254605,0.029938318428452914,NA,NA,NA
Candelaria__wmm_z_trans,0.09255653128027916,-0.0031774860894970424,0.023153476823153874,NA,NA,NA
Candelaria__cmm_z_trans,0.12645247179549188,-0.0034565776281379763,0.02164031655638458,NA,NA,NA
Candelaria__wmmcmm_z_trans,0.0840797725552693,-0.0034961521517743784,0.01967647541380354,NA,NA,NA
Candelaria__wetmon_z_trans,-0.2551836653985083,-0.010878955282871023,0.020156682577591116,NA,NA,NA
Candelaria__drymon_z_trans,0.034258154837880285,-0.002014217726723491,0.006702285014507557,NA,NA,NA
Candelaria__wetdry_z_trans,-0.26428530682809653,-0.010524760525377822,0.01864878574767793,NA,NA,NA
Candelaria__time,0.09866482746438124,-1.2472515293229812e-05,0.006578268451059526,NA,NA,NA
Captorhinikos__lat_range_z_trans,-0.2244828991617144,-0.00236428374776463,-0.0015340313020522473,0.08804502811421117,0.011139285750687122,0.16673244535923004
Captorhinikos__Temperate_N,0.244764790031259,9.276196803914011e-05,0.009558922714900971,NA,NA,NA
Captorhinikos__Tropical,-0.5532408121641025,-0.007353899214634396,0.00047395385686480545,NA,NA,NA
Captorhinikos__Temperate_S,0.3732134602050364,0.0006830841644030521,0.011345474921125283,NA,NA,NA
Captorhinikos__Antarctic,0.08763887533037244,0.00010511868455967998,0.002955405327486101,NA,NA,NA
Captorhinikos__mat_z_trans,0.21038283998488044,-0.005809208357923796,0.030804035194998056,NA,NA,NA
Captorhinikos__map_z_trans,0.7712257089079418,-0.002969932168349185,0.03845776023948303,NA,NA,NA
Captorhinikos__wmm_z_trans,-0.10435428769005196,-0.0035890428741331515,0.00987967853892455,NA,NA,NA
Captorhinikos__cmm_z_trans,-0.30890481298645917,-0.00894420877622258,0.02353015755825814,NA,NA,NA
Captorhinikos__wmmcmm_z_trans,-0.08996803078833945,-0.006138228900797948,0.015060150221950478,NA,NA,NA
Captorhinikos__wetmon_z_trans,-0.29592063112336536,-0.009552410074932103,0.021536519951496358,NA,NA,NA
Captorhinikos__drymon_z_trans,-0.07740319837510483,-0.007103641637428806,0.028661403198596083,NA,NA,NA
Captorhinikos__wetdry_z_trans,-0.1640030807462756,-0.0060691103661440204,0.01705579004449203,NA,NA,NA
Captorhinikos__time,-0.004699802799985637,-0.0022179077779845373,0.011601535953611852,NA,NA,NA
Captorhinoides__lat_range_z_trans,0.3101511035859585,0.0006678840380757807,0.007885212786704149,0.27897577704978177,0.10747067630290985,0.47357716015540063
Captorhinoides__Temperate_N,0.26027301254216584,-0.0003754987786513671,0.010780368700275659,NA,NA,NA
Captorhinoides__Tropical,-0.6821665299264714,-0.006428745664110244,0.0019780061966090026,NA,NA,NA
Captorhinoides__Temperate_S,0.432424186244607,0.0004575956506216757,0.01192970417786015,NA,NA,NA
Captorhinoides__Antarctic,0.10613991216756404,-4.057973802783326e-05,0.0031959218338432254,NA,NA,NA
Captorhinoides__mat_z_trans,0.2420249493839219,-0.006566660142473415,0.026130831958707506,NA,NA,NA
Captorhinoides__map_z_trans,0.8693095188960434,-0.0035944244949750828,0.03891462149419523,NA,NA,NA
Captorhinoides__wmm_z_trans,-0.16216806749464013,-0.0046869522601907035,0.00850621074323594,NA,NA,NA
Captorhinoides__cmm_z_trans,-0.3726113230292685,-0.007872020837085408,0.022546221045024167,NA,NA,NA
Captorhinoides__wmmcmm_z_trans,-0.13850689078681172,-0.005933353733685173,0.016896853195843418,NA,NA,NA
Captorhinoides__wetmon_z_trans,-0.3671452070795931,-0.009364286269518069,0.019383846899853084,NA,NA,NA
Captorhinoides__drymon_z_trans,-0.1611354292393662,-0.0077035576177770446,0.028929391730417264,NA,NA,NA
Captorhinoides__wetdry_z_trans,-0.21541223554871977,-0.005679273495378285,0.015526274508901792,NA,NA,NA
Captorhinoides__time,-0.08697791046462953,-0.004111035736138109,0.006783291148664919,NA,NA,NA
Captorhinus__lat_range_z_trans,-0.18342396864418917,-0.013645394362978947,0.003724386900887715,0.6193249574762012,0.010461334139108658,2.1285008639097214
Captorhinus__Temperate_N,0.050729244688068914,-9.610178473191489e-05,0.008491933797000178,NA,NA,NA
Captorhinus__Tropical,-0.039032081439683314,-0.0032772412068696796,0.0035074013438548867,NA,NA,NA
Captorhinus__Temperate_S,-0.055928041650311525,-0.0028280147502077763,-0.0005690864342938147,NA,NA,NA
Captorhinus__Antarctic,0.00039570324849421865,-0.000568906749892121,0.002302130569066887,NA,NA,NA
Captorhinus__mat_z_trans,0.03662313435527982,-0.002005658862144633,0.012754545489184747,NA,NA,NA
Captorhinus__map_z_trans,-0.10214893659213585,-0.009698724474847332,0.019736250298312857,NA,NA,NA
Captorhinus__wmm_z_trans,0.1527648297289985,-0.004403793058467645,0.030839879646396933,NA,NA,NA
Captorhinus__cmm_z_trans,-0.0017069038537858025,-0.0012762745449162918,0.004184595360872969,NA,NA,NA
Captorhinus__wmmcmm_z_trans,-0.02193449249660171,-0.005071681881712272,0.01563542456461907,NA,NA,NA
Captorhinus__wetmon_z_trans,0.12390088835774883,-0.005610787552548848,0.0423136546307005,NA,NA,NA
Captorhinus__drymon_z_trans,0.04727006004818639,-0.00465438541527223,0.02769377993143796,NA,NA,NA
Captorhinus__wetdry_z_trans,0.13253166708831027,-0.004953475485417128,0.03954904049930864,NA,NA,NA
Captorhinus__time,-0.004289221462470739,-0.0031404689493064616,0.009222819822785989,NA,NA,NA
Cargninia__lat_range_z_trans,0.2607120229303837,0.0010853171326915929,0.010083742373052039,0.12730076519190334,0.034523097798228264,0.2250567115843296
Cargninia__Temperate_N,0.33607180857099594,-0.00010842293743659283,0.0158721226604835,NA,NA,NA
Cargninia__Tropical,0.2987662230618298,9.180392910776693e-05,0.014529562160591432,NA,NA,NA
Cargninia__Temperate_S,-0.5609377907775343,-0.00820134941897592,0.0023593699422146406,NA,NA,NA
Cargninia__Antarctic,0.07714621127583086,0.00014166734702799304,0.0034809206193477274,NA,NA,NA
Cargninia__mat_z_trans,0.10560354184242897,-0.007656407758335027,0.032777050395961176,NA,NA,NA
Cargninia__map_z_trans,-0.3819411197700538,-0.007834045109191163,0.008412109550599825,NA,NA,NA
Cargninia__wmm_z_trans,-0.19296531577594578,-0.00584092951691631,0.010738584703234915,NA,NA,NA
Cargninia__cmm_z_trans,-0.4967486263322644,-0.012436761548275993,0.018331434825913817,NA,NA,NA
Cargninia__wmmcmm_z_trans,-0.16400409277528524,-0.007803925858679485,0.01940030793053405,NA,NA,NA
Cargninia__wetmon_z_trans,0.2282498544640839,-0.004573698069919009,0.033332923391510526,NA,NA,NA
Cargninia__drymon_z_trans,0.048926837225444615,-0.0010517661864655498,0.006151189425521525,NA,NA,NA
Cargninia__wetdry_z_trans,0.21895768511109054,-0.005703013940214676,0.033698111655152074,NA,NA,NA
Cargninia__time,0.13386361665092408,-0.0013393771437309018,0.010219326786018234,NA,NA,NA
Carnufex__lat_range_z_trans,0.09113985618316985,0.001770945462151503,0.01404901053002505,0.722498438142502,0.25438315235078335,1.6734012700617313
Carnufex__Temperate_N,0.14087199651218665,0.0019944367578749005,0.02335226640018458,NA,NA,NA
Carnufex__Tropical,-0.19584505624372847,-0.013488763442679361,0.0029620011730600816,NA,NA,NA
Carnufex__Temperate_S,0.1535393875330923,0.0018825913922351503,0.02619502804173159,NA,NA,NA
Carnufex__Antarctic,0.02440622409461253,8.093527021768068e-05,0.004709485732478095,NA,NA,NA
Carnufex__mat_z_trans,0.007880198763167865,-0.006378610469383045,0.023658659440121875,NA,NA,NA
Carnufex__map_z_trans,-0.11788897219936355,-0.012319948684705005,0.010413346329421348,NA,NA,NA
Carnufex__wmm_z_trans,-0.058008661277381725,-0.008265043210532582,0.011495400090458392,NA,NA,NA
Carnufex__cmm_z_trans,-0.04681316171298166,-0.007116795814672409,0.012268750786307004,NA,NA,NA
Carnufex__wmmcmm_z_trans,-0.013563986643609539,-0.004473430249121182,0.011723049846963879,NA,NA,NA
Carnufex__wetmon_z_trans,0.04893307204297496,-0.004485788543116522,0.02824449333125752,NA,NA,NA
Carnufex__drymon_z_trans,0.005947184884171646,-0.0029870032286509344,0.009917091497589311,NA,NA,NA
Carnufex__wetdry_z_trans,0.06390277732852336,-0.00735044356069436,0.032609973267288365,NA,NA,NA
Carnufex__time,0.03125102211107464,-9.39907582371055e-05,0.0077881999532484125,NA,NA,NA
Cartorhynchus__lat_range_z_trans,0.024344521823567264,0.0022231815741524824,0.012106487994420486,2.749767784093856,1.3374657034873962,4.053047463297844
Cartorhynchus__Temperate_N,-0.05660549698307512,-0.013078739251520328,-0.007254248088166335,NA,NA,NA
Cartorhynchus__Tropical,0.0159045582151902,-0.0014487231337656605,0.013957471862304654,NA,NA,NA
Cartorhynchus__Temperate_S,0.03524352030694688,0.0014292441890764414,0.017147457187535523,NA,NA,NA
Cartorhynchus__Antarctic,0.000457357063827579,-0.0005820665203471682,0.0018876174643091058,NA,NA,NA
Cartorhynchus__mat_z_trans,0.001323351491788247,-0.010972926299893849,0.023800870506931682,NA,NA,NA
Cartorhynchus__map_z_trans,0.04060802203655958,-0.0023699625370936198,0.029104120137498395,NA,NA,NA
Cartorhynchus__wmm_z_trans,0.023299667519177062,-0.005885292628328219,0.019986362038454664,NA,NA,NA
Cartorhynchus__cmm_z_trans,0.03722695975899567,-0.005881737575532199,0.03725083419802262,NA,NA,NA
Cartorhynchus__wmmcmm_z_trans,0.018915838740673898,-0.004786313555263608,0.020562587982969723,NA,NA,NA
Cartorhynchus__wetmon_z_trans,-0.004134930236100997,-0.007335341218991348,0.01734124742425818,NA,NA,NA
Cartorhynchus__drymon_z_trans,0.005194794341611222,-0.0015413191426014278,0.0066592392788425835,NA,NA,NA
Cartorhynchus__wetdry_z_trans,-0.002266384842077163,-0.008531818776016754,0.021046120774119596,NA,NA,NA
Cartorhynchus__time,-0.003759897861175433,-0.0024690942031880226,0.005790587658634638,NA,NA,NA
Caseosaurus__lat_range_z_trans,0.2885249210894108,0.0008650137296062662,0.009893699665533719,0.2569907065024745,0.09871987625956535,0.43880176171660423
Caseosaurus__Temperate_N,0.3537428301014006,0.00035870869686700134,0.0159165772001467,NA,NA,NA
Caseosaurus__Tropical,-0.449846142702736,-0.007629154201960361,0.0007332377373913168,NA,NA,NA
Caseosaurus__Temperate_S,0.46149599094409494,0.0006756530653812772,0.017775580182656566,NA,NA,NA
Caseosaurus__Antarctic,0.08527141282334924,0.00011409832620545646,0.0034274247106004362,NA,NA,NA
Caseosaurus__mat_z_trans,0.06116670830640942,-0.009715530488339784,0.031191106219854593,NA,NA,NA
Caseosaurus__map_z_trans,-0.4558491179253906,-0.007713001930908601,0.007957175240403234,NA,NA,NA
Caseosaurus__wmm_z_trans,-0.21807014409685507,-0.00572262844271281,0.007446083444834507,NA,NA,NA
Caseosaurus__cmm_z_trans,-0.5410871754045365,-0.011191051217046432,0.017080168005915736,NA,NA,NA
Caseosaurus__wmmcmm_z_trans,-0.22534286529524253,-0.007016806904067166,0.019668225592952265,NA,NA,NA
Caseosaurus__wetmon_z_trans,0.24435281756334007,-0.005144068792754596,0.03318368145563297,NA,NA,NA
Caseosaurus__drymon_z_trans,0.03521287084906362,-0.0013655069816501887,0.005613034386470557,NA,NA,NA
Caseosaurus__wetdry_z_trans,0.2450667682942003,-0.00629888112245144,0.039898885369490995,NA,NA,NA
Caseosaurus__time,0.1483225835432677,-0.0014477528154819021,0.009601877208251897,NA,NA,NA
Chalishevia__lat_range_z_trans,0.06131711333694951,0.0023406460191363575,0.013925701063488076,1.0378089808418736,0.3653787113726139,1.9167708319146186
Chalishevia__Temperate_N,-0.1659758612055174,-0.017253579887309998,0.004441721611488638,NA,NA,NA
Chalishevia__Tropical,0.06789274132178819,0.0010203599824631347,0.020125264513685404,NA,NA,NA
Chalishevia__Temperate_S,0.1011221016474683,0.0024315432181360097,0.02406075727016279,NA,NA,NA
Chalishevia__Antarctic,0.01262711625842744,-2.171572708889008e-05,0.004153229885634246,NA,NA,NA
Chalishevia__mat_z_trans,-0.0025056367188451625,-0.006990022806619252,0.01743668304791251,NA,NA,NA
Chalishevia__map_z_trans,0.03156511026021258,-0.004556892944675678,0.030023584289716656,NA,NA,NA
Chalishevia__wmm_z_trans,0.016549381002048502,-0.0024674321526527996,0.018756741802141624,NA,NA,NA
Chalishevia__cmm_z_trans,0.03193648205942156,-0.006186491032621099,0.018958578438193322,NA,NA,NA
Chalishevia__wmmcmm_z_trans,0.016808086350452396,-0.005689747916558863,0.015722821979244746,NA,NA,NA
Chalishevia__wetmon_z_trans,-0.022716904570200896,-0.008508911559640446,0.022180848663032136,NA,NA,NA
Chalishevia__drymon_z_trans,0.006561620748051202,-0.0019061647961898201,0.006695227630085662,NA,NA,NA
Chalishevia__wetdry_z_trans,-0.031225077738587657,-0.01234153713268049,0.01723764572988586,NA,NA,NA
Chalishevia__time,0.011795608624240289,-0.0011009623430114442,0.005667950495463848,NA,NA,NA
Chanaresuchus__lat_range_z_trans,0.34142683804035184,0.0015590227572637584,0.015253342324616606,0.3436241453915136,0.1917789950966835,0.5347929447889328
Chanaresuchus__Temperate_N,0.49189992495812473,0.0010648965966086256,0.028494630068878635,NA,NA,NA
Chanaresuchus__Tropical,0.34053285168018194,-0.00029533330058499136,0.020246351157172465,NA,NA,NA
Chanaresuchus__Temperate_S,-1.2038245234359055,-0.018921564986845454,-0.010440266662678338,NA,NA,NA
Chanaresuchus__Antarctic,0.10362931597977877,0.00034185292795506865,0.005320509747032642,NA,NA,NA
Chanaresuchus__mat_z_trans,-0.007208209363743663,-0.006752988405808867,0.01905433140226914,NA,NA,NA
Chanaresuchus__map_z_trans,0.10858860877342522,-0.003756444104140645,0.032118128722905544,NA,NA,NA
Chanaresuchus__wmm_z_trans,0.05502422303718049,-0.0035381958606728386,0.016529325196615367,NA,NA,NA
Chanaresuchus__cmm_z_trans,0.14281435757642613,-0.0036618646783627075,0.024482256967644396,NA,NA,NA
Chanaresuchus__wmmcmm_z_trans,0.08263021303340792,-0.005260590401718396,0.01924861134248143,NA,NA,NA
Chanaresuchus__wetmon_z_trans,-0.22369344461709262,-0.010548453553380818,0.018952367103942377,NA,NA,NA
Chanaresuchus__drymon_z_trans,0.03222378723556176,-0.001981903002182101,0.008090128034466253,NA,NA,NA
Chanaresuchus__wetdry_z_trans,-0.2665824004728347,-0.009466129806202272,0.013876678664435507,NA,NA,NA
Chanaresuchus__time,0.10040420751087367,-1.3213261241646217e-05,0.00816036235035347,NA,NA,NA
Chasmatosuchus__lat_range_z_trans,-1.1450498992204665,-0.011737297956408864,-0.022133496958363544,0.28999062124988995,0.0892685279250145,0.5873254630714655
Chasmatosuchus__Temperate_N,-0.6782313233986497,-0.012431888567161662,-0.0009723026460450521,NA,NA,NA
Chasmatosuchus__Tropical,0.1693290828447789,-0.001960924613691388,0.015432469839792864,NA,NA,NA
Chasmatosuchus__Temperate_S,0.4351772328093648,0.0009786317930781893,0.019958357587936758,NA,NA,NA
Chasmatosuchus__Antarctic,0.06292687693377957,-3.123819016919184e-05,0.0034167248416349977,NA,NA,NA
Chasmatosuchus__mat_z_trans,-0.03317123185843229,-0.011285917418597214,0.024011017423664505,NA,NA,NA
Chasmatosuchus__map_z_trans,0.4026823582313955,-0.00024114876713316656,0.030719034612264207,NA,NA,NA
Chasmatosuchus__wmm_z_trans,0.2891789197735488,-0.001340378552257638,0.03054228545374276,NA,NA,NA
Chasmatosuchus__cmm_z_trans,0.4297930251271464,-0.004448786260052264,0.038479215932696306,NA,NA,NA
Chasmatosuchus__wmmcmm_z_trans,0.23322963058948518,-0.002145738756926014,0.022014953806075918,NA,NA,NA
Chasmatosuchus__wetmon_z_trans,-0.10390359956305474,-0.0064568977479987555,0.021060664370754878,NA,NA,NA
Chasmatosuchus__drymon_z_trans,0.09374867107486352,-0.0007781561604757324,0.006414965317822617,NA,NA,NA
Chasmatosuchus__wetdry_z_trans,-0.11879225280019455,-0.00862221101275074,0.022752905974715062,NA,NA,NA
Chasmatosuchus__time,0.050324058225378394,-0.0007289568687688384,0.007689960863443216,NA,NA,NA
Chindesaurus__lat_range_z_trans,-0.4803847748041153,-0.006818538667832589,-0.006173353720222475,0.1602114747991436,0.0016091791912913322,0.3368000539485365
Chindesaurus__Temperate_N,0.35729763373732565,0.000667700979851543,0.020151036672570222,NA,NA,NA
Chindesaurus__Tropical,-0.4933577938191593,-0.010704951218092734,0.011455751551682151,NA,NA,NA
Chindesaurus__Temperate_S,0.42906759947538375,0.001328569962319404,0.024858898963832827,NA,NA,NA
Chindesaurus__Antarctic,0.06722571549937129,0.00012871833199544472,0.004208148012646595,NA,NA,NA
Chindesaurus__mat_z_trans,0.08712621815735475,-0.006167436650737714,0.024073863915032887,NA,NA,NA
Chindesaurus__map_z_trans,-0.33005666916258636,-0.011955051245197634,0.006985887847767131,NA,NA,NA
Chindesaurus__wmm_z_trans,-0.09157368772517657,-0.005606296984953704,0.017830312825195475,NA,NA,NA
Chindesaurus__cmm_z_trans,-0.1295988058624789,-0.007621526262725035,0.013913286402486591,NA,NA,NA
Chindesaurus__wmmcmm_z_trans,0.016845803175237963,-0.002509046534499533,0.016340997589162413,NA,NA,NA
Chindesaurus__wetmon_z_trans,0.19693734170868993,-0.004063156097009434,0.03423751745860458,NA,NA,NA
Chindesaurus__drymon_z_trans,0.042359458524151704,-0.0016513784018114196,0.007557418669768803,NA,NA,NA
Chindesaurus__wetdry_z_trans,0.17718380904756487,-0.006308122381612051,0.036181230596807404,NA,NA,NA
Chindesaurus__time,0.10437006815336644,4.9606090992178e-05,0.007765759634800907,NA,NA,NA
Chinshakiangosaurus__lat_range_z_trans,0.052008048647578124,0.001600046939548955,0.01103860584501337,0.9737578368904292,0.5875700861215591,1.493650644668378
Chinshakiangosaurus__Temperate_N,-0.060232918251690325,-0.007743521963472137,0.003066695873745197,NA,NA,NA
Chinshakiangosaurus__Tropical,0.056052588981120775,-0.00022362769338098466,0.015787396548580225,NA,NA,NA
Chinshakiangosaurus__Temperate_S,0.08117975052363641,0.0010672847753290342,0.02207782787148731,NA,NA,NA
Chinshakiangosaurus__Antarctic,0.007640611907977656,-0.0002387955505999956,0.002326936170115365,NA,NA,NA
Chinshakiangosaurus__mat_z_trans,0.02765376578944285,-0.007236791976485637,0.0364515448948866,NA,NA,NA
Chinshakiangosaurus__map_z_trans,-0.045459458531644195,-0.00722612593755886,0.0046062139042316675,NA,NA,NA
Chinshakiangosaurus__wmm_z_trans,-0.08977859072642168,-0.014519582494263349,0.022959471914489694,NA,NA,NA
Chinshakiangosaurus__cmm_z_trans,-0.02554188141387235,-0.006053296454290933,0.012660942421912284,NA,NA,NA
Chinshakiangosaurus__wmmcmm_z_trans,0.026924597864521026,-0.002645029701512954,0.01517578733304896,NA,NA,NA
Chinshakiangosaurus__wetmon_z_trans,0.035611545357091406,-0.005471860993666339,0.02259565248268629,NA,NA,NA
Chinshakiangosaurus__drymon_z_trans,0.0076036272432171235,-0.0005644683248369545,0.003642209916054854,NA,NA,NA
Chinshakiangosaurus__wetdry_z_trans,0.036779570324938136,-0.00578152823514714,0.02520561705798649,NA,NA,NA
Chinshakiangosaurus__time,0.025310623660013885,-0.006193611468975981,0.02179185418589719,NA,NA,NA
Chirotherium__lat_range_z_trans,0.3010335573554039,0.0016504077005643312,0.014258282843678268,0.3646339735823858,0.19125919789075851,0.506915807723999
Chirotherium__Temperate_N,-0.8070195074472576,-0.013591691240073893,0.0017882042959985263,NA,NA,NA
Chirotherium__Tropical,0.3565013931877911,0.000829987450170235,0.023404630398685723,NA,NA,NA
Chirotherium__Temperate_S,0.4938958883052692,0.0011788649986373932,0.027404897777568177,NA,NA,NA
Chirotherium__Antarctic,0.09332009774632752,0.0002582931854956235,0.0053589213258744,NA,NA,NA
Chirotherium__mat_z_trans,0.010124081504618515,-0.004906481565110457,0.02043677715427471,NA,NA,NA
Chirotherium__map_z_trans,-0.48496161043643954,-0.011317877130411512,0.012082895588070103,NA,NA,NA
Chirotherium__wmm_z_trans,-0.17385930654359982,-0.00726416505878497,0.017013070674695156,NA,NA,NA
Chirotherium__cmm_z_trans,-0.15100213571917265,-0.008013402882381379,0.010349815046762047,NA,NA,NA
Chirotherium__wmmcmm_z_trans,-0.021869272165349684,-0.003943926935782339,0.009958293582354375,NA,NA,NA
Chirotherium__wetmon_z_trans,0.21176341989077627,-0.004975290546794218,0.028170127195901545,NA,NA,NA
Chirotherium__drymon_z_trans,0.03891242506913841,-0.002031117174798274,0.009086318656043289,NA,NA,NA
Chirotherium__wetdry_z_trans,0.14796781726181507,-0.008633329694819012,0.03262734819690264,NA,NA,NA
Chirotherium__time,0.11665554980514571,-0.0004711801852248107,0.007447173683326518,NA,NA,NA
Chromogisaurus__lat_range_z_trans,0.062341382816249076,0.002090288370092843,0.014145816553141623,0.9270537118933863,0.49624259024858475,1.3613374028354883
Chromogisaurus__Temperate_N,0.0904700652859439,0.0012644663856577754,0.02682898597732705,NA,NA,NA
Chromogisaurus__Tropical,0.07370814630988015,0.0008766440693230898,0.022902981219060974,NA,NA,NA
Chromogisaurus__Temperate_S,-0.14091078178350777,-0.016482332104378338,-0.002124364893618846,NA,NA,NA
Chromogisaurus__Antarctic,0.012484248066182126,7.12581407216774e-05,0.004061434095033157,NA,NA,NA
Chromogisaurus__mat_z_trans,0.0217086605471136,-0.005835657282121482,0.024357600688061306,NA,NA,NA
Chromogisaurus__map_z_trans,-0.06903886692279379,-0.011201804592945312,0.008227091168285848,NA,NA,NA
Chromogisaurus__wmm_z_trans,-0.03423679896637371,-0.008320953516033762,0.01155881518364206,NA,NA,NA
Chromogisaurus__cmm_z_trans,-0.017219719299542306,-0.007548880856712855,0.013598945785206533,NA,NA,NA
Chromogisaurus__wmmcmm_z_trans,-0.0003348226073539167,-0.003206340702540851,0.008806458053422232,NA,NA,NA
Chromogisaurus__wetmon_z_trans,0.05505985360167753,-0.003764315460947201,0.03065811615379473,NA,NA,NA
Chromogisaurus__drymon_z_trans,0.006408047431517702,-0.0024066775465742757,0.011026147198705807,NA,NA,NA
Chromogisaurus__wetdry_z_trans,0.053455734882165706,-0.005993874410713015,0.03585667904126023,NA,NA,NA
Chromogisaurus__time,0.02185673201475055,-0.0007727295721415686,0.009482050196812796,NA,NA,NA
Cladeiodon__lat_range_z_trans,0.03355130979083776,0.002261300616888192,0.01178530905999513,1.7670111631254075,0.8854637742042542,2.834851497784257
Cladeiodon__Temperate_N,-0.05813606811866566,-0.01562959197579833,0.003868211574315367,NA,NA,NA
Cladeiodon__Tropical,0.03920448785974529,0.0011646872199726317,0.01676856892819366,NA,NA,NA
Cladeiodon__Temperate_S,0.05305428900628214,0.002641660940698093,0.021114215103032997,NA,NA,NA
Cladeiodon__Antarctic,0.0026198421573396797,-0.00044694658880696124,0.0026132394421515682,NA,NA,NA
Cladeiodon__mat_z_trans,0.002731671070630627,-0.003910185418180154,0.01617303681683218,NA,NA,NA
Cladeiodon__map_z_trans,0.07161335492375721,-0.002284662124335149,0.03960522991990164,NA,NA,NA
Cladeiodon__wmm_z_trans,0.029000839391754,-0.004054366163064389,0.020054670306187492,NA,NA,NA
Cladeiodon__cmm_z_trans,0.008276648571578085,-0.0033864697088813464,0.01284246287233116,NA,NA,NA
Cladeiodon__wmmcmm_z_trans,-0.007451907712576767,-0.006273010375122434,0.006512417958013249,NA,NA,NA
Cladeiodon__wetmon_z_trans,-0.02215769829276324,-0.01442788809292911,0.02188392496134461,NA,NA,NA
Cladeiodon__drymon_z_trans,0.003922791422397033,-0.0010460418425498011,0.004129332100239788,NA,NA,NA
Cladeiodon__wetdry_z_trans,-0.022134769011580964,-0.014187357228399141,0.03809848699157459,NA,NA,NA
Cladeiodon__time,0.0016570903171736393,-0.0016520383388053755,0.0039376503860220685,NA,NA,NA
Claudiosaurus__lat_range_z_trans,0.07436809981374363,0.000694469039066607,0.008366420280908187,0.8698120754183037,0.11213956773281097,2.158145953901112
Claudiosaurus__Temperate_N,0.1045422347134477,0.0005416849178786175,0.012582188420999552,NA,NA,NA
Claudiosaurus__Tropical,0.05838708594489531,-0.00026198803781650936,0.010539727636306258,NA,NA,NA
Claudiosaurus__Temperate_S,-0.18761735726261436,-0.008714750182848143,-0.002421657811848621,NA,NA,NA
Claudiosaurus__Antarctic,0.01544617478331847,-0.00021142660842930332,0.003055602159843413,NA,NA,NA
Claudiosaurus__mat_z_trans,-0.16212625658704927,-0.01624534873209635,0.02409265172267134,NA,NA,NA
Claudiosaurus__map_z_trans,0.040433253886121026,-0.0008594451106441436,0.008613847954956552,NA,NA,NA
Claudiosaurus__wmm_z_trans,0.05989902551855269,-0.005625896742857309,0.03411996295809535,NA,NA,NA
Claudiosaurus__cmm_z_trans,0.10427733357305177,-0.007503444809007321,0.043514743592524815,NA,NA,NA
Claudiosaurus__wmmcmm_z_trans,0.04390279538913785,-0.008176839784375974,0.026398374887150664,NA,NA,NA
Claudiosaurus__wetmon_z_trans,-0.006368419026538196,-0.00238728197621688,0.006685960055119163,NA,NA,NA
Claudiosaurus__drymon_z_trans,0.008974651902635463,-0.005321317471630117,0.023421718217379907,NA,NA,NA
Claudiosaurus__wetdry_z_trans,-0.01431899291613469,-0.004466051149048233,0.01403690843857106,NA,NA,NA
Claudiosaurus__time,-0.004047748356658594,-0.0026932724312882226,0.006380307907457849,NA,NA,NA
Clevosaurus__lat_range_z_trans,-0.5668958279490471,-0.019502463654432076,-0.017589718319304275,0.09106686730518504,0.01032667513936758,0.2107869044771178
Clevosaurus__Temperate_N,-0.18232774076983332,-0.008252512827171097,0.002325392651810798,NA,NA,NA
Clevosaurus__Tropical,0.1699592787399888,0.000691159824752367,0.02473820619439762,NA,NA,NA
Clevosaurus__Temperate_S,-0.21153844741522335,-0.008867396243452993,-0.005552841446492268,NA,NA,NA
Clevosaurus__Antarctic,0.025207296982184744,-0.000227936743388628,0.0041809338984951285,NA,NA,NA
Clevosaurus__mat_z_trans,0.12907216421284828,-0.0027240109667257175,0.031513862178962675,NA,NA,NA
Clevosaurus__map_z_trans,0.008570867385715246,-0.007573587247224212,0.022123211060557996,NA,NA,NA
Clevosaurus__wmm_z_trans,0.039669760256283555,-0.002833661593167092,0.01461340599934891,NA,NA,NA
Clevosaurus__cmm_z_trans,0.1354615211865166,-0.0030708834111201223,0.033785320486557614,NA,NA,NA
Clevosaurus__wmmcmm_z_trans,0.10729900576290674,-0.0013985265519572024,0.025322791067420494,NA,NA,NA
Clevosaurus__wetmon_z_trans,0.10333703626994975,-0.002381225186900075,0.033471104115344964,NA,NA,NA
Clevosaurus__drymon_z_trans,0.02174763894145144,-0.0012785819755233747,0.008868832175498356,NA,NA,NA
Clevosaurus__wetdry_z_trans,0.09843857398620458,-0.003262175219047688,0.03479625118212469,NA,NA,NA
Clevosaurus__time,0.052296147841843776,-0.0005491072839553701,0.006790005175412815,NA,NA,NA
Coahomasuchus__lat_range_z_trans,-0.08474608355356157,-0.004102239283328257,0.0021326718444401797,0.611084834606736,0.02649623155593872,1.8966186866164207
Coahomasuchus__Temperate_N,0.18181611214740126,0.0013545334744439032,0.025590529801084224,NA,NA,NA
Coahomasuchus__Tropical,-0.2667834914701265,-0.013993868825912083,0.008576731838084698,NA,NA,NA
Coahomasuchus__Temperate_S,0.19872498635475827,0.0011711797920712457,0.025500162913454628,NA,NA,NA
Coahomasuchus__Antarctic,0.031742696326282606,0.00017501594915645926,0.00515504876574347,NA,NA,NA
Coahomasuchus__mat_z_trans,0.032581073346866045,-0.0050649320710169235,0.026079710180657596,NA,NA,NA
Coahomasuchus__map_z_trans,-0.0867689341963618,-0.008749792365944203,0.01448952623852134,NA,NA,NA
Coahomasuchus__wmm_z_trans,-0.023282327005814882,-0.0055653706387929595,0.012222656005812526,NA,NA,NA
Coahomasuchus__cmm_z_trans,0.012440661208512529,-0.005425556263780422,0.02084790014731442,NA,NA,NA
Coahomasuchus__wmmcmm_z_trans,0.03409854089812853,-0.005103831915198636,0.016665454417642715,NA,NA,NA
Coahomasuchus__wetmon_z_trans,0.03598929845581124,-0.006518884049544859,0.022799815911490263,NA,NA,NA
Coahomasuchus__drymon_z_trans,0.01341063743313773,-0.002442482563866942,0.00715403588669363,NA,NA,NA
Coahomasuchus__wetdry_z_trans,0.0181735144874044,-0.0069166583419391385,0.02328524731777215,NA,NA,NA
Coahomasuchus__time,0.03835519694347096,-4.8021975660462875e-05,0.008887265151423643,NA,NA,NA
Coartaredens__lat_range_z_trans,0.023889310099924163,0.00158983158701483,0.01118386590907189,2.622971729389101,0.09145106002688408,7.565850866958499
Coartaredens__Temperate_N,0.032261602413536636,0.0007475509228670339,0.01636785493727038,NA,NA,NA
Coartaredens__Tropical,-0.04097528152236912,-0.013499132157049383,0.003536219543588217,NA,NA,NA
Coartaredens__Temperate_S,0.03629296939634338,0.0020486803534312805,0.017491413648033978,NA,NA,NA
Coartaredens__Antarctic,0.0007812403024565315,-0.0016179907851438748,0.002284410180094432,NA,NA,NA
Coartaredens__mat_z_trans,0.016855470506644106,-0.0059297478418163345,0.028974763567867497,NA,NA,NA
Coartaredens__map_z_trans,0.041137596145272695,-0.002860489734577962,0.029161281383355036,NA,NA,NA
Coartaredens__wmm_z_trans,0.023637751195718527,-0.0024186014944793848,0.02157738833459665,NA,NA,NA
Coartaredens__cmm_z_trans,0.024910366921654686,-0.003549371987989633,0.029663073635307124,NA,NA,NA
Coartaredens__wmmcmm_z_trans,0.006019200101777437,-0.005422341965246651,0.019654614127624623,NA,NA,NA
Coartaredens__wetmon_z_trans,-0.01831244374274604,-0.013995935645228573,0.016254509265811175,NA,NA,NA
Coartaredens__drymon_z_trans,0.0030680373153755647,-0.0009462522529015531,0.0034168865812082773,NA,NA,NA
Coartaredens__wetdry_z_trans,-0.013660759063099218,-0.013721626504882931,0.017199851202636667,NA,NA,NA
Coartaredens__time,-0.00015317869458049768,-0.0016554815733101423,0.0026206241036695627,NA,NA,NA
Coburgosuchus__lat_range_z_trans,0.10312531786301131,0.0009556089406877913,0.010399721689042874,0.5952346686072997,0.16521186381578445,1.1992809399962425
Coburgosuchus__Temperate_N,-0.13923234850441232,-0.007596970951623493,0.0022979053708756633,NA,NA,NA
Coburgosuchus__Tropical,0.1106923826643836,3.110691210918831e-05,0.01577770170724965,NA,NA,NA
Coburgosuchus__Temperate_S,0.16221558001477676,0.0009631653660181163,0.01905381595645234,NA,NA,NA
Coburgosuchus__Antarctic,0.024710753804864125,-6.892981593467497e-05,0.0039624879859209315,NA,NA,NA
Coburgosuchus__mat_z_trans,0.07386224382971482,-0.008147923327749631,0.03285100011767763,NA,NA,NA
Coburgosuchus__map_z_trans,-0.1642446448178305,-0.008141509721532457,0.006139081631633943,NA,NA,NA
Coburgosuchus__wmm_z_trans,-0.0578563302890943,-0.004095592790806104,0.008314634387679081,NA,NA,NA
Coburgosuchus__cmm_z_trans,-0.15171096299540532,-0.010398793993351316,0.020845618731740616,NA,NA,NA
Coburgosuchus__wmmcmm_z_trans,-0.0719382281490764,-0.008390922040105926,0.02033519535611585,NA,NA,NA
Coburgosuchus__wetmon_z_trans,0.0915848816277867,-0.006225310948053868,0.02900441094989396,NA,NA,NA
Coburgosuchus__drymon_z_trans,0.013489373484285383,-0.0011463454848785713,0.0068567494389738205,NA,NA,NA
Coburgosuchus__wetdry_z_trans,0.08659719677365811,-0.007587303680214972,0.03430127176211624,NA,NA,NA
Coburgosuchus__time,0.05445666606924688,-0.0013811875438773623,0.009247161334762912,NA,NA,NA
Coelodontognathus__lat_range_z_trans,0.024344521823567264,0.0022231815741524824,0.012106487994420486,2.749767784093856,1.3374657034873962,4.053047463297844
Coelodontognathus__Temperate_N,-0.05660549698307512,-0.013078739251520328,-0.007254248088166335,NA,NA,NA
Coelodontognathus__Tropical,0.0159045582151902,-0.0014487231337656605,0.013957471862304654,NA,NA,NA
Coelodontognathus__Temperate_S,0.03524352030694688,0.0014292441890764414,0.017147457187535523,NA,NA,NA
Coelodontognathus__Antarctic,0.000457357063827579,-0.0005820665203471682,0.0018876174643091058,NA,NA,NA
Coelodontognathus__mat_z_trans,0.001323351491788247,-0.010972926299893849,0.023800870506931682,NA,NA,NA
Coelodontognathus__map_z_trans,0.04060802203655958,-0.0023699625370936198,0.029104120137498395,NA,NA,NA
Coelodontognathus__wmm_z_trans,0.023299667519177062,-0.005885292628328219,0.019986362038454664,NA,NA,NA
Coelodontognathus__cmm_z_trans,0.03722695975899567,-0.005881737575532199,0.03725083419802262,NA,NA,NA
Coelodontognathus__wmmcmm_z_trans,0.018915838740673898,-0.004786313555263608,0.020562587982969723,NA,NA,NA
Coelodontognathus__wetmon_z_trans,-0.004134930236100997,-0.007335341218991348,0.01734124742425818,NA,NA,NA
Coelodontognathus__drymon_z_trans,0.005194794341611222,-0.0015413191426014278,0.0066592392788425835,NA,NA,NA
Coelodontognathus__wetdry_z_trans,-0.002266384842077163,-0.008531818776016754,0.021046120774119596,NA,NA,NA
Coelodontognathus__time,-0.003759897861175433,-0.0024690942031880226,0.005790587658634638,NA,NA,NA
Coelophysis__lat_range_z_trans,-0.747186947464943,-0.015741562505450113,-0.02396208916637399,0.13454259674977948,0.0011349022388458252,0.6030706812161952
Coelophysis__Temperate_N,0.26330858648754657,0.00067275682453757,0.023487141141056503,NA,NA,NA
Coelophysis__Tropical,-0.16242950522806496,-0.005880953374436176,0.00438146871811545,NA,NA,NA
Coelophysis__Temperate_S,0.3329627959057689,0.00169701367483821,0.029110669756385456,NA,NA,NA
Coelophysis__Antarctic,0.02896578520314506,-0.0001337963946947281,0.0037016106453233426,NA,NA,NA
Coelophysis__mat_z_trans,0.0744163997960277,-0.0067645565647306,0.028618727089082596,NA,NA,NA
Coelophysis__map_z_trans,-0.18142214932478964,-0.008155602519549575,0.009273771214645716,NA,NA,NA
Coelophysis__wmm_z_trans,-0.06362797167384997,-0.004465289374637494,0.011636554170640747,NA,NA,NA
Coelophysis__cmm_z_trans,-0.07080579122295604,-0.006750411723322725,0.012970287818887921,NA,NA,NA
Coelophysis__wmmcmm_z_trans,0.02146650809678249,-0.005665871505969738,0.024147180438969067,NA,NA,NA
Coelophysis__wetmon_z_trans,0.19773376474156976,-0.003056278372171867,0.03851653000613825,NA,NA,NA
Coelophysis__drymon_z_trans,0.021650372180156408,-0.0016964539368647434,0.0080008606621745,NA,NA,NA
Coelophysis__wetdry_z_trans,0.19406708470080047,-0.004715341725526933,0.038594281284405785,NA,NA,NA
Coelophysis__time,0.06070205138879828,-0.0005745615813343656,0.010909762640684145,NA,NA,NA
Coelurosauravus__lat_range_z_trans,-0.6396986772119999,-0.011201908537891216,-0.004859057630975103,0.2536499749800714,0.03701652633026242,0.5528513994067907
Coelurosauravus__Temperate_N,-0.20514441362582148,-0.004229022184253186,0.0007925335759900856,NA,NA,NA
Coelurosauravus__Tropical,0.11123322416562587,-0.0005998009479067451,0.008526947713744269,NA,NA,NA
Coelurosauravus__Temperate_S,-0.24539586866274476,-0.004811169851492513,0.00031709546837518514,NA,NA,NA
Coelurosauravus__Antarctic,-0.006602026508917333,-0.0006935729935416166,0.0009949516158551876,NA,NA,NA
Coelurosauravus__mat_z_trans,-0.023946810405468567,-0.01050417887461251,0.037534701045046574,NA,NA,NA
Coelurosauravus__map_z_trans,0.09513349742162973,-0.0010400844675447175,0.015649770691561177,NA,NA,NA
Coelurosauravus__wmm_z_trans,0.17200981533387677,-0.004920080979003908,0.035065789516616916,NA,NA,NA
Coelurosauravus__cmm_z_trans,0.48008788412902503,-0.006221291795547108,0.04180370216540082,NA,NA,NA
Coelurosauravus__wmmcmm_z_trans,0.26674746815580874,-0.006231977817465214,0.03313924829568898,NA,NA,NA
Coelurosauravus__wetmon_z_trans,0.041896817114320584,-0.0015612147660230332,0.0073208344382515445,NA,NA,NA
Coelurosauravus__drymon_z_trans,0.12388485132949427,-0.003556980836344214,0.021540788395793327,NA,NA,NA
Coelurosauravus__wetdry_z_trans,-0.02773554195417091,-0.004235488512774009,0.014871467438804716,NA,NA,NA
Coelurosauravus__time,-0.01805573288118467,-0.0014241365149132914,0.006687983689981813,NA,NA,NA
Coletta__lat_range_z_trans,0.016973166492686896,0.002706421730107614,0.011220619834192634,3.984427303589182,1.7347667180001736,5.604935571551323
Coletta__Temperate_N,0.024633216156812823,0.0028006381949333445,0.017495010259362242,NA,NA,NA
Coletta__Tropical,0.012748423301107663,-0.001372136806859874,0.014007013542594544,NA,NA,NA
Coletta__Temperate_S,-0.034163609848435056,-0.01431831766772818,-0.005054522532803623,NA,NA,NA
Coletta__Antarctic,-0.002406370506639033,-0.001471815031689878,0.000629759933485889,NA,NA,NA
Coletta__mat_z_trans,0.012424698826805846,-0.011679482121020109,0.027336552362148797,NA,NA,NA
Coletta__map_z_trans,0.03098998880433955,-0.0012772453050816457,0.02850236626344621,NA,NA,NA
Coletta__wmm_z_trans,0.021627380884100978,-0.004278216550447577,0.021486746991594245,NA,NA,NA
Coletta__cmm_z_trans,0.03336048843765941,-0.006344132528005539,0.03382814893699924,NA,NA,NA
Coletta__wmmcmm_z_trans,0.01767252371805304,-0.004362041650957921,0.02154551150188994,NA,NA,NA
Coletta__wetmon_z_trans,0.00021211649925689428,-0.008312112842896334,0.016361591540156734,NA,NA,NA
Coletta__drymon_z_trans,0.0038864034814902,-0.0014336314546575224,0.0072176520966934525,NA,NA,NA
Coletta__wetdry_z_trans,0.0010680294895589538,-0.008641541052824846,0.02036140818530629,NA,NA,NA
Coletta__time,-0.003274574360889334,-0.0032472959921848146,0.00444889750506891,NA,NA,NA
Collilongus__lat_range_z_trans,0.024344521823567264,0.0022231815741524824,0.012106487994420486,2.749767784093856,1.3374657034873962,4.053047463297844
Collilongus__Temperate_N,-0.05660549698307512,-0.013078739251520328,-0.007254248088166335,NA,NA,NA
Collilongus__Tropical,0.0159045582151902,-0.0014487231337656605,0.013957471862304654,NA,NA,NA
Collilongus__Temperate_S,0.03524352030694688,0.0014292441890764414,0.017147457187535523,NA,NA,NA
Collilongus__Antarctic,0.000457357063827579,-0.0005820665203471682,0.0018876174643091058,NA,NA,NA
Collilongus__mat_z_trans,0.001323351491788247,-0.010972926299893849,0.023800870506931682,NA,NA,NA
Collilongus__map_z_trans,0.04060802203655958,-0.0023699625370936198,0.029104120137498395,NA,NA,NA
Collilongus__wmm_z_trans,0.023299667519177062,-0.005885292628328219,0.019986362038454664,NA,NA,NA
Collilongus__cmm_z_trans,0.03722695975899567,-0.005881737575532199,0.03725083419802262,NA,NA,NA
Collilongus__wmmcmm_z_trans,0.018915838740673898,-0.004786313555263608,0.020562587982969723,NA,NA,NA
Collilongus__wetmon_z_trans,-0.004134930236100997,-0.007335341218991348,0.01734124742425818,NA,NA,NA
Collilongus__drymon_z_trans,0.005194794341611222,-0.0015413191426014278,0.0066592392788425835,NA,NA,NA
Collilongus__wetdry_z_trans,-0.002266384842077163,-0.008531818776016754,0.021046120774119596,NA,NA,NA
Collilongus__time,-0.003759897861175433,-0.0024690942031880226,0.005790587658634638,NA,NA,NA
Colobomycter__lat_range_z_trans,0.045096544930566654,0.00033361905142056134,0.006718887990984941,1.102905047959066,0.11775757558643818,3.3217759653925896
Colobomycter__Temperate_N,0.04585690981852851,-0.0002951714027618482,0.00969077613534859,NA,NA,NA
Colobomycter__Tropical,-0.07461375652256945,-0.005579638427220905,0.001504111878358991,NA,NA,NA
Colobomycter__Temperate_S,0.06281611570700431,0.0005264655987028483,0.010033269148351643,NA,NA,NA
Colobomycter__Antarctic,0.007964420552836993,-0.0005063556514332864,0.0023123874564710168,NA,NA,NA
Colobomycter__mat_z_trans,0.021069947301194346,-0.00438162221994593,0.016034757011108316,NA,NA,NA
Colobomycter__map_z_trans,-0.051798267071390444,-0.010474715307934954,0.031167300415209227,NA,NA,NA
Colobomycter__wmm_z_trans,0.06022399523536853,-0.003747404927576217,0.0291394396637373,NA,NA,NA
Colobomycter__cmm_z_trans,-0.017068148239577363,-0.006222111609954803,0.005779632083854646,NA,NA,NA
Colobomycter__wmmcmm_z_trans,-0.028259211797750258,-0.006750340406852987,0.013128759789489207,NA,NA,NA
Colobomycter__wetmon_z_trans,0.03646305394214959,-0.008873432528429986,0.027901311548620477,NA,NA,NA
Colobomycter__drymon_z_trans,0.0018601387674671383,-0.007225241658859837,0.0232320155052705,NA,NA,NA
Colobomycter__wetdry_z_trans,0.042966297198561286,-0.004825437582294094,0.030352361852069024,NA,NA,NA
Colobomycter__time,-0.016826158446480978,-0.003209522006171842,0.012391745941261634,NA,NA,NA
Colobops__lat_range_z_trans,0.287992831915617,0.0008545516160870047,0.010843400176768082,0.28249687055766115,0.09871987625956535,0.5711591802537441
Colobops__Temperate_N,0.3588855885900557,-0.0003440476202908626,0.015866481437670457,NA,NA,NA
Colobops__Tropical,-0.4492869790317491,-0.007536881588723122,0.0005727752590177423,NA,NA,NA
Colobops__Temperate_S,0.46121101852972063,0.000862010722700261,0.019227734881735827,NA,NA,NA
Colobops__Antarctic,0.08360142358578741,5.349719612536958e-05,0.003527691532826397,NA,NA,NA
Colobops__mat_z_trans,0.06867616420611738,-0.0084242245579824,0.03619671618438348,NA,NA,NA
Colobops__map_z_trans,-0.4578387876972556,-0.007881501169022389,0.00599255313617824,NA,NA,NA
Colobops__wmm_z_trans,-0.23548301121918486,-0.0054531335032744765,0.011854138195553952,NA,NA,NA
Colobops__cmm_z_trans,-0.48277707522443963,-0.01111046090866821,0.017296861966900917,NA,NA,NA
Colobops__wmmcmm_z_trans,-0.2114849900174886,-0.006966699485089216,0.018869611032464477,NA,NA,NA
Colobops__wetmon_z_trans,0.21349715177901088,-0.005381995465183681,0.02529027081988245,NA,NA,NA
Colobops__drymon_z_trans,0.03845913648139685,-0.0013489915339013176,0.006880170861409325,NA,NA,NA
Colobops__wetdry_z_trans,0.23317311174236238,-0.006604508737219311,0.036595064188094314,NA,NA,NA
Colobops__time,0.15178754772641695,-0.0019485240448709285,0.010373286747249848,NA,NA,NA
Coloradisaurus__lat_range_z_trans,0.16665769382200954,0.0010719039069393345,0.011497223255733604,0.4593706435848435,0.03944012150168419,1.1360876839607954
Coloradisaurus__Temperate_N,0.22575385844340906,0.000511219368802908,0.022003127737955482,NA,NA,NA
Coloradisaurus__Tropical,0.19236261073398125,0.00037177642867676123,0.01852524192110501,NA,NA,NA
Coloradisaurus__Temperate_S,-0.36449457330385837,-0.010286898995435483,-0.001143735862223574,NA,NA,NA
Coloradisaurus__Antarctic,0.04337775124963879,5.5287548141813434e-05,0.0036753515575037627,NA,NA,NA
Coloradisaurus__mat_z_trans,0.04698658003789034,-0.007547239588160084,0.028176883946598758,NA,NA,NA
Coloradisaurus__map_z_trans,-0.21732583147817178,-0.007731071402351453,0.010893233661521583,NA,NA,NA
Coloradisaurus__wmm_z_trans,-0.07749378966487859,-0.005239057813700186,0.008550173348826417,NA,NA,NA
Coloradisaurus__cmm_z_trans,-0.20087081254363381,-0.012485699650143567,0.014272841531970273,NA,NA,NA
Coloradisaurus__wmmcmm_z_trans,-0.06694676907960705,-0.006141334145719162,0.018450426706083486,NA,NA,NA
Coloradisaurus__wetmon_z_trans,0.15107838331386494,-0.005929577952455971,0.03147120736065763,NA,NA,NA
Coloradisaurus__drymon_z_trans,0.023588420277455467,-0.0015851298240743576,0.006871310753371763,NA,NA,NA
Coloradisaurus__wetdry_z_trans,0.14698097212405323,-0.00549614796917891,0.03703360013356052,NA,NA,NA
Coloradisaurus__time,0.06609738744375586,-0.0007989389906549236,0.009109870367470805,NA,NA,NA
Coloradisuchus__lat_range_z_trans,0.2621499562263489,0.0010338864600432807,0.010458080554576775,0.10515724407625385,0.034523097798228264,0.21108673885464668
Coloradisuchus__Temperate_N,0.33575023896992207,0.0002324287133574163,0.015828728630282958,NA,NA,NA
Coloradisuchus__Tropical,0.29820790437981487,0.0003505781311280051,0.014659243920061581,NA,NA,NA
Coloradisuchus__Temperate_S,-0.5538153405673802,-0.008734940187537212,-0.0005504332625669395,NA,NA,NA
Coloradisuchus__Antarctic,0.07948126916307956,0.00017995685950642905,0.0038767628590883245,NA,NA,NA
Coloradisuchus__mat_z_trans,0.12513613423216158,-0.0072795600150219,0.03587164684069322,NA,NA,NA
Coloradisuchus__map_z_trans,-0.386174995910842,-0.008688226690825982,0.006252321228482789,NA,NA,NA
Coloradisuchus__wmm_z_trans,-0.20850376449525357,-0.005013736064177204,0.010981718215391718,NA,NA,NA
Coloradisuchus__cmm_z_trans,-0.5079167548683472,-0.012042866649595247,0.01901195161458251,NA,NA,NA
Coloradisuchus__wmmcmm_z_trans,-0.19686027933377773,-0.008140499677969565,0.02012050443328722,NA,NA,NA
Coloradisuchus__wetmon_z_trans,0.2401247809268534,-0.00571927233320771,0.029460604405521416,NA,NA,NA
Coloradisuchus__drymon_z_trans,0.04923555526416749,-0.0012157427000630628,0.006457533799171728,NA,NA,NA
Coloradisuchus__wetdry_z_trans,0.22047335373237728,-0.005422312075673365,0.034383151884154035,NA,NA,NA
Coloradisuchus__time,0.1299385921075009,-0.0007706028492771596,0.012574941297408163,NA,NA,NA
Cornualbus__lat_range_z_trans,0.062341382816249076,0.002090288370092843,0.014145816553141623,0.9270537118933863,0.49624259024858475,1.3613374028354883
Cornualbus__Temperate_N,0.0904700652859439,0.0012644663856577754,0.02682898597732705,NA,NA,NA
Cornualbus__Tropical,0.07370814630988015,0.0008766440693230898,0.022902981219060974,NA,NA,NA
Cornualbus__Temperate_S,-0.14091078178350777,-0.016482332104378338,-0.002124364893618846,NA,NA,NA
Cornualbus__Antarctic,0.012484248066182126,7.12581407216774e-05,0.004061434095033157,NA,NA,NA
Cornualbus__mat_z_trans,0.0217086605471136,-0.005835657282121482,0.024357600688061306,NA,NA,NA
Cornualbus__map_z_trans,-0.06903886692279379,-0.011201804592945312,0.008227091168285848,NA,NA,NA
Cornualbus__wmm_z_trans,-0.03423679896637371,-0.008320953516033762,0.01155881518364206,NA,NA,NA
Cornualbus__cmm_z_trans,-0.017219719299542306,-0.007548880856712855,0.013598945785206533,NA,NA,NA
Cornualbus__wmmcmm_z_trans,-0.0003348226073539167,-0.003206340702540851,0.008806458053422232,NA,NA,NA
Cornualbus__wetmon_z_trans,0.05505985360167753,-0.003764315460947201,0.03065811615379473,NA,NA,NA
Cornualbus__drymon_z_trans,0.006408047431517702,-0.0024066775465742757,0.011026147198705807,NA,NA,NA
Cornualbus__wetdry_z_trans,0.053455734882165706,-0.005993874410713015,0.03585667904126023,NA,NA,NA
Cornualbus__time,0.02185673201475055,-0.0007727295721415686,0.009482050196812796,NA,NA,NA
Cosesaurus__lat_range_z_trans,0.023063971167343007,0.0027678248068027664,0.013532002743347126,2.682935795533849,0.3402278907597065,5.713592316955328
Cosesaurus__Temperate_N,0.03732692892061983,0.0030578678201832006,0.02383590949643831,NA,NA,NA
Cosesaurus__Tropical,-0.04095430162152948,-0.024290919062676056,0.010820084045325739,NA,NA,NA
Cosesaurus__Temperate_S,0.038477358719823274,0.003317971148493415,0.02445765856819095,NA,NA,NA
Cosesaurus__Antarctic,4.048619217117903e-05,-0.0012788463440574632,0.002714325963950379,NA,NA,NA
Cosesaurus__mat_z_trans,0.013426313596736754,-0.00776758870285114,0.022141538964294934,NA,NA,NA
Cosesaurus__map_z_trans,0.010623844437775145,-0.0025783588247390403,0.017573766927668686,NA,NA,NA
Cosesaurus__wmm_z_trans,0.005551840707770778,-0.002704187074065164,0.009890079242402735,NA,NA,NA
Cosesaurus__cmm_z_trans,0.025317919551963795,-0.0049022734037460075,0.027110340577577774,NA,NA,NA
Cosesaurus__wmmcmm_z_trans,0.019911528973268686,-0.0043226137512426144,0.02572557729234366,NA,NA,NA
Cosesaurus__wetmon_z_trans,-0.0014960354680084182,-0.00798214110909046,0.0168815420764269,NA,NA,NA
Cosesaurus__drymon_z_trans,4.322378107803681e-06,-0.0031848510928095598,0.005882738539731889,NA,NA,NA
Cosesaurus__wetdry_z_trans,0.0021998914125177433,-0.01020263665055205,0.014991099394220626,NA,NA,NA
Cosesaurus__time,0.002257812407348735,-0.001160156838963107,0.0038300925882157836,NA,NA,NA
Crosbysaurus__lat_range_z_trans,-0.5118799620866775,-0.007165616003273901,-0.010886611227191156,0.15826271774916678,0.0011904798448085785,0.3005560003221035
Crosbysaurus__Temperate_N,0.34765508621931074,0.0006695908450922208,0.022325499006414822,NA,NA,NA
Crosbysaurus__Tropical,-0.43922062537632883,-0.013827524383227482,0.0020082890925220954,NA,NA,NA
Crosbysaurus__Temperate_S,0.41516059786081316,0.0013659027557429526,0.027949747159458086,NA,NA,NA
Crosbysaurus__Antarctic,0.062305015688762067,9.789708291319667e-05,0.0045580341446587345,NA,NA,NA
Crosbysaurus__mat_z_trans,0.08393488893518225,-0.005314562289957218,0.027271264595607962,NA,NA,NA
Crosbysaurus__map_z_trans,-0.32921271732077,-0.011543172594874841,0.00921921666000718,NA,NA,NA
Crosbysaurus__wmm_z_trans,-0.11318906606145901,-0.006680846925522974,0.015026491201061906,NA,NA,NA
Crosbysaurus__cmm_z_trans,-0.10888244384666905,-0.005766550871059734,0.011995752576938579,NA,NA,NA
Crosbysaurus__wmmcmm_z_trans,-0.004943020532955415,-0.003043059172321564,0.014638402899746545,NA,NA,NA
Crosbysaurus__wetmon_z_trans,0.21161437004804612,-0.004000295803068567,0.03174370217683507,NA,NA,NA
Crosbysaurus__drymon_z_trans,0.03896374417003244,-0.0016321675502827505,0.00853620436157794,NA,NA,NA
Crosbysaurus__wetdry_z_trans,0.2028912506159395,-0.004419536996868073,0.04617402252757076,NA,NA,NA
Crosbysaurus__time,0.10183129988610745,2.903282739545299e-05,0.008826741244926953,NA,NA,NA
Ctenosauriscus__lat_range_z_trans,0.024344521823567264,0.0022231815741524824,0.012106487994420486,2.749767784093856,1.3374657034873962,4.053047463297844
Ctenosauriscus__Temperate_N,-0.05660549698307512,-0.013078739251520328,-0.007254248088166335,NA,NA,NA
Ctenosauriscus__Tropical,0.0159045582151902,-0.0014487231337656605,0.013957471862304654,NA,NA,NA
Ctenosauriscus__Temperate_S,0.03524352030694688,0.0014292441890764414,0.017147457187535523,NA,NA,NA
Ctenosauriscus__Antarctic,0.000457357063827579,-0.0005820665203471682,0.0018876174643091058,NA,NA,NA
Ctenosauriscus__mat_z_trans,0.001323351491788247,-0.010972926299893849,0.023800870506931682,NA,NA,NA
Ctenosauriscus__map_z_trans,0.04060802203655958,-0.0023699625370936198,0.029104120137498395,NA,NA,NA
Ctenosauriscus__wmm_z_trans,0.023299667519177062,-0.005885292628328219,0.019986362038454664,NA,NA,NA
Ctenosauriscus__cmm_z_trans,0.03722695975899567,-0.005881737575532199,0.03725083419802262,NA,NA,NA
Ctenosauriscus__wmmcmm_z_trans,0.018915838740673898,-0.004786313555263608,0.020562587982969723,NA,NA,NA
Ctenosauriscus__wetmon_z_trans,-0.004134930236100997,-0.007335341218991348,0.01734124742425818,NA,NA,NA
Ctenosauriscus__drymon_z_trans,0.005194794341611222,-0.0015413191426014278,0.0066592392788425835,NA,NA,NA
Ctenosauriscus__wetdry_z_trans,-0.002266384842077163,-0.008531818776016754,0.021046120774119596,NA,NA,NA
Ctenosauriscus__time,-0.003759897861175433,-0.0024690942031880226,0.005790587658634638,NA,NA,NA
Czatkowiella__lat_range_z_trans,0.024344521823567264,0.0022231815741524824,0.012106487994420486,2.749767784093856,1.3374657034873962,4.053047463297844
Czatkowiella__Temperate_N,-0.05660549698307512,-0.013078739251520328,-0.007254248088166335,NA,NA,NA
Czatkowiella__Tropical,0.0159045582151902,-0.0014487231337656605,0.013957471862304654,NA,NA,NA
Czatkowiella__Temperate_S,0.03524352030694688,0.0014292441890764414,0.017147457187535523,NA,NA,NA
Czatkowiella__Antarctic,0.000457357063827579,-0.0005820665203471682,0.0018876174643091058,NA,NA,NA
Czatkowiella__mat_z_trans,0.001323351491788247,-0.010972926299893849,0.023800870506931682,NA,NA,NA
Czatkowiella__map_z_trans,0.04060802203655958,-0.0023699625370936198,0.029104120137498395,NA,NA,NA
Czatkowiella__wmm_z_trans,0.023299667519177062,-0.005885292628328219,0.019986362038454664,NA,NA,NA
Czatkowiella__cmm_z_trans,0.03722695975899567,-0.005881737575532199,0.03725083419802262,NA,NA,NA
Czatkowiella__wmmcmm_z_trans,0.018915838740673898,-0.004786313555263608,0.020562587982969723,NA,NA,NA
Czatkowiella__wetmon_z_trans,-0.004134930236100997,-0.007335341218991348,0.01734124742425818,NA,NA,NA
Czatkowiella__drymon_z_trans,0.005194794341611222,-0.0015413191426014278,0.0066592392788425835,NA,NA,NA
Czatkowiella__wetdry_z_trans,-0.002266384842077163,-0.008531818776016754,0.021046120774119596,NA,NA,NA
Czatkowiella__time,-0.003759897861175433,-0.0024690942031880226,0.005790587658634638,NA,NA,NA
Daemonosaurus__lat_range_z_trans,0.04480015980058952,0.0012313628362289498,0.01055954466442513,1.1303694227593768,0.1670951396226883,2.168377353809774
Daemonosaurus__Temperate_N,0.05999010742151335,-9.361405505866373e-05,0.017052291127998498,NA,NA,NA
Daemonosaurus__Tropical,-0.04374034973352985,-0.007873570765634861,0.005883030652529701,NA,NA,NA
Daemonosaurus__Temperate_S,0.0696575247338143,0.0008320113662524506,0.018268659689416142,NA,NA,NA
Daemonosaurus__Antarctic,0.005238652944855162,-0.00032417645779561817,0.0027634330648817866,NA,NA,NA
Daemonosaurus__mat_z_trans,0.012856396960547224,-0.011106750027067945,0.029225387071126683,NA,NA,NA
Daemonosaurus__map_z_trans,-0.03574901121567274,-0.006449835714270252,0.006090795396971302,NA,NA,NA
Daemonosaurus__wmm_z_trans,-0.07576627867834419,-0.014709425753355966,0.016903892402754653,NA,NA,NA
Daemonosaurus__cmm_z_trans,-0.028961784728890383,-0.00652336970258165,0.015164075346475141,NA,NA,NA
Daemonosaurus__wmmcmm_z_trans,0.026721437754227983,-0.0023210862369605323,0.01495981981788444,NA,NA,NA
Daemonosaurus__wetmon_z_trans,0.03585756874445154,-0.0031584177355815216,0.026834565367549596,NA,NA,NA
Daemonosaurus__drymon_z_trans,0.0038531933155910164,-0.0005912110430966123,0.0045585981110265175,NA,NA,NA
Daemonosaurus__wetdry_z_trans,0.032574603042225696,-0.005340904800404643,0.028767049852622878,NA,NA,NA
Daemonosaurus__time,0.028419661014530268,-0.004801920989986411,0.022355613854473027,NA,NA,NA
Dagasuchus__lat_range_z_trans,0.06396596900381962,0.0020990348415591406,0.013818456861242119,0.9127419444866246,0.5145800532773137,1.4532365929335356
Dagasuchus__Temperate_N,0.09290639429629029,0.0012697573394421836,0.026208114884412773,NA,NA,NA
Dagasuchus__Tropical,0.07544392705975468,0.0008803122437473164,0.02237296495260608,NA,NA,NA
Dagasuchus__Temperate_S,-0.1468885192491943,-0.015978550214296065,0.0008058704313491661,NA,NA,NA
Dagasuchus__Antarctic,0.013117122926815827,7.155630881344928e-05,0.004205203752835096,NA,NA,NA
Dagasuchus__mat_z_trans,0.02239933150479062,-0.0058600756401985055,0.023793921905242363,NA,NA,NA
Dagasuchus__map_z_trans,-0.06752899496319305,-0.011248676721042586,0.008036701449886661,NA,NA,NA
Dagasuchus__wmm_z_trans,-0.03239026471877762,-0.007635894104746748,0.013250609302578147,NA,NA,NA
Dagasuchus__cmm_z_trans,-0.01854521561914251,-0.00758046791999101,0.013284241668573931,NA,NA,NA
Dagasuchus__wmmcmm_z_trans,0.0021174369574377743,-0.0036433284571345875,0.008602660741032093,NA,NA,NA
Dagasuchus__wetmon_z_trans,0.05259641979630744,-0.004014603712682057,0.029948632086853645,NA,NA,NA
Dagasuchus__drymon_z_trans,0.0064310942886116095,-0.0024167478970535997,0.010769869059955401,NA,NA,NA
Dagasuchus__wetdry_z_trans,0.04974979904222113,-0.006397262212464597,0.035026890859051724,NA,NA,NA
Dagasuchus__time,0.022377381050167348,-0.0007759629332656128,0.009262618464516304,NA,NA,NA
Decuriasuchus__lat_range_z_trans,-0.2686326664686203,-0.0041351929352929934,-0.0034044708824908943,0.202072968709399,0.0613626423291862,0.44136149156838655
Decuriasuchus__Temperate_N,0.3999127748701721,0.0007885698374575031,0.021815116310683197,NA,NA,NA
Decuriasuchus__Tropical,0.2891795221529901,0.00021096557833768243,0.01902997401242208,NA,NA,NA
Decuriasuchus__Temperate_S,-0.8566501207044348,-0.018045310648876822,-0.0002495184463638498,NA,NA,NA
Decuriasuchus__Antarctic,0.0687057672382798,0.0002209448682902027,0.0038330806573924265,NA,NA,NA
Decuriasuchus__mat_z_trans,0.04365704366093268,-0.004140754899055914,0.01855667187156402,NA,NA,NA
Decuriasuchus__map_z_trans,0.39642837557476013,-0.003483216229250013,0.03717674345892563,NA,NA,NA
Decuriasuchus__wmm_z_trans,0.18345504832454027,-0.0015036430516000457,0.020470071916292888,NA,NA,NA
Decuriasuchus__cmm_z_trans,0.0856685567414388,-0.0035944929270689215,0.01462353445907607,NA,NA,NA
Decuriasuchus__wmmcmm_z_trans,0.04059432643232867,-0.0026207973250881034,0.011959168696183058,NA,NA,NA
Decuriasuchus__wetmon_z_trans,-0.2908629609551281,-0.011879784403470095,0.02661028794320545,NA,NA,NA
Decuriasuchus__drymon_z_trans,0.05323886344325729,-0.0008389628146091865,0.006096275563313259,NA,NA,NA
Decuriasuchus__wetdry_z_trans,-0.23762431945651769,-0.01189596123366869,0.03776650745359716,NA,NA,NA
Decuriasuchus__time,0.08486288050626171,-0.0003132728954178802,0.005103313406334998,NA,NA,NA
Delorhynchus__lat_range_z_trans,0.06891487577214057,0.0004965560883551538,0.006832216556249815,0.8537168951652712,0.1124894767999649,2.9448616057634354
Delorhynchus__Temperate_N,0.06537827741668602,-0.00030144412552076847,0.00831644044454369,NA,NA,NA
Delorhynchus__Tropical,-0.13177495252171603,-0.005647279840630348,0.0014534659405655392,NA,NA,NA
Delorhynchus__Temperate_S,0.0921366685582779,0.00034133177777005604,0.009232725533398949,NA,NA,NA
Delorhynchus__Antarctic,0.01723054420331238,-0.00025706288790787154,0.0031146542554730994,NA,NA,NA
Delorhynchus__mat_z_trans,0.026457152629605633,-0.004376740594207423,0.019774022947325665,NA,NA,NA
Delorhynchus__map_z_trans,0.0746537030616653,-0.008014035278377308,0.030935085906935642,NA,NA,NA
Delorhynchus__wmm_z_trans,0.04377264822650997,-0.0038270414775812417,0.02815826647457547,NA,NA,NA
Delorhynchus__cmm_z_trans,-0.04808257629441757,-0.0067178094467507995,0.010216916013822058,NA,NA,NA
Delorhynchus__wmmcmm_z_trans,-0.034142656694595916,-0.004960134593051602,0.017444854785627906,NA,NA,NA
Delorhynchus__wetmon_z_trans,-0.031434099212280193,-0.009474960123991898,0.023683692251647362,NA,NA,NA
Delorhynchus__drymon_z_trans,-0.002201347052736435,-0.008094848954429641,0.02206696607957359,NA,NA,NA
Delorhynchus__wetdry_z_trans,0.020909131507376544,-0.005706059961562884,0.0295813012019166,NA,NA,NA
Delorhynchus__time,-0.02606548822391935,-0.004691379661426698,0.008576148028480113,NA,NA,NA
Deltadectes__lat_range_z_trans,-0.6505587768554687,-0.00981659999482882,-0.01444687039047639,0.09325593499317619,0.015328675508499146,0.27003324776887894
Deltadectes__Temperate_N,-0.19337820360568003,-0.004813195709834773,0.006273758855986648,NA,NA,NA
Deltadectes__Tropical,0.19336886416189372,-0.00042835991289000356,0.016005599517637185,NA,NA,NA
Deltadectes__Temperate_S,0.33400425135158,0.0012651539609133925,0.02237775588149662,NA,NA,NA
Deltadectes__Antarctic,0.04261284201289527,-9.12313413738008e-05,0.003147928094999305,NA,NA,NA
Deltadectes__mat_z_trans,0.11054189196787774,-0.007222797650897942,0.03470405219570736,NA,NA,NA
Deltadectes__map_z_trans,-0.23466429039370268,-0.008225468450229756,0.012292759145371233,NA,NA,NA
Deltadectes__wmm_z_trans,-0.055954847271787005,-0.004146046538774071,0.009624917154430217,NA,NA,NA
Deltadectes__cmm_z_trans,-0.1742751563200727,-0.011219819860031491,0.01955740333745583,NA,NA,NA
Deltadectes__wmmcmm_z_trans,0.015171614032005891,-0.005085697614162438,0.019878634617770313,NA,NA,NA
Deltadectes__wetmon_z_trans,0.2094805423053913,-0.004323938121873767,0.03553854953468947,NA,NA,NA
Deltadectes__drymon_z_trans,0.03130197045189562,-0.0009622205763462714,0.007633514325388497,NA,NA,NA
Deltadectes__wetdry_z_trans,0.1946571215824224,-0.00534507581026755,0.03779727712644901,NA,NA,NA
Deltadectes__time,0.09188786735685425,-0.0008156114587159843,0.009001477023230203,NA,NA,NA
Deltavjatia__lat_range_z_trans,0.19325955192987201,0.0006221326415028961,0.010330353146512754,0.45770945401103746,0.07795340940356255,1.2206776924431324
Deltavjatia__Temperate_N,-0.5130291227021017,-0.008023284869235701,0.004379839533361178,NA,NA,NA
Deltavjatia__Tropical,0.20248007499695814,0.00022657596874891864,0.014908804807631728,NA,NA,NA
Deltavjatia__Temperate_S,0.29116959469691456,0.0007440013928976213,0.016376629079719294,NA,NA,NA
Deltavjatia__Antarctic,0.054356856179949356,3.774600732848623e-05,0.0030528564568297494,NA,NA,NA
Deltavjatia__mat_z_trans,-0.30613630489016913,-0.018470408034848968,0.013681276240988265,NA,NA,NA
Deltavjatia__map_z_trans,0.08794514392415108,-0.0010582054702886405,0.011564049544635765,NA,NA,NA
Deltavjatia__wmm_z_trans,0.2723184852735969,-0.007228980587172661,0.036217873940410074,NA,NA,NA
Deltavjatia__cmm_z_trans,0.02033739338275568,-0.005825917385582368,0.034532444775479364,NA,NA,NA
Deltavjatia__wmmcmm_z_trans,-0.1519009713573964,-0.008480670097957542,0.019115454555722538,NA,NA,NA
Deltavjatia__wetmon_z_trans,-0.015008778742567426,-0.0021634093813306665,0.006126262280821237,NA,NA,NA
Deltavjatia__drymon_z_trans,0.09507012458045179,-0.00341776284474087,0.0257306613028207,NA,NA,NA
Deltavjatia__wetdry_z_trans,-0.0512188211793685,-0.004285437848802334,0.009773270883027105,NA,NA,NA
Deltavjatia__time,-0.043891344717137584,-0.0039072885698314495,0.013596979872175723,NA,NA,NA
Desmatosuchus__lat_range_z_trans,-0.8759335324168205,-0.02595285661165945,-0.021022089935899047,0.2112218490257419,0.06838264688849449,0.4460124997422099
Desmatosuchus__Temperate_N,0.2822851664759219,0.0005514969724063799,0.023868096879521173,NA,NA,NA
Desmatosuchus__Tropical,-0.16240354055538775,-0.0061311839866449854,0.008650621916234986,NA,NA,NA
Desmatosuchus__Temperate_S,0.3551599548012018,0.0016906811834851696,0.027155667889135583,NA,NA,NA
Desmatosuchus__Antarctic,0.03019668766268296,-0.00016039411747341138,0.0036886385609856466,NA,NA,NA
Desmatosuchus__mat_z_trans,0.10770700806751847,-0.0038757602635749577,0.027791641819343668,NA,NA,NA
Desmatosuchus__map_z_trans,-0.13031165932305158,-0.006795468459390127,0.0168182543281992,NA,NA,NA
Desmatosuchus__wmm_z_trans,-0.04288981703110039,-0.004597067134410026,0.011651742302620867,NA,NA,NA
Desmatosuchus__cmm_z_trans,0.018719929589424283,-0.004425507287143098,0.027475346115325615,NA,NA,NA
Desmatosuchus__wmmcmm_z_trans,0.041818727191421205,-0.0023206621405857525,0.012825382624320071,NA,NA,NA
Desmatosuchus__wetmon_z_trans,0.17426985248923302,-0.0031410795088202895,0.03166199719563054,NA,NA,NA
Desmatosuchus__drymon_z_trans,0.023052995306197772,-0.0012590982097919659,0.008823094689880472,NA,NA,NA
Desmatosuchus__wetdry_z_trans,0.16350588164292276,-0.0042130197611723345,0.03321242045694571,NA,NA,NA
Desmatosuchus__time,0.059912614491768185,-0.0006009897545384284,0.006785941577891008,NA,NA,NA
Diandongosuchus__lat_range_z_trans,0.02315488686639049,0.002760223591170874,0.013555264623219408,2.6643093547331227,0.3402278907597065,5.713592316955328
Diandongosuchus__Temperate_N,0.03740391539483122,0.0030827336518913094,0.02387688407158945,NA,NA,NA
Diandongosuchus__Tropical,-0.04107986367681958,-0.024488446863407357,0.010838684063375107,NA,NA,NA
Diandongosuchus__Temperate_S,0.03861385834271818,0.003344952076722633,0.02449970194686601,NA,NA,NA
Diandongosuchus__Antarctic,3.775357849664315e-05,-0.001289245609114629,0.002718991963928739,NA,NA,NA
Diandongosuchus__mat_z_trans,0.013331936543312448,-0.007830752830544317,0.022179600870528886,NA,NA,NA
Diandongosuchus__map_z_trans,0.011258235168397175,-0.002599325406811655,0.017226844923049097,NA,NA,NA
Diandongosuchus__wmm_z_trans,0.005935211291221633,-0.0021981536254919625,0.009907080556962565,NA,NA,NA
Diandongosuchus__cmm_z_trans,0.024759988555938472,-0.004942137489642756,0.02715694398860075,NA,NA,NA
Diandongosuchus__wmmcmm_z_trans,0.019270986663797993,-0.004357764186905042,0.025769800257707292,NA,NA,NA
Diandongosuchus__wetmon_z_trans,-0.0018440786277097506,-0.008047049924369838,0.016910561905293973,NA,NA,NA
Diandongosuchus__drymon_z_trans,7.320645984400924e-05,-0.0032107495213702965,0.0058928511268948325,NA,NA,NA
Diandongosuchus__wetdry_z_trans,0.002546614356349103,-0.010285601991387618,0.015016869500824636,NA,NA,NA
Diandongosuchus__time,0.0022892304591407777,-0.0011695909500526243,0.003836676621294745,NA,NA,NA
Dimetropus__lat_range_z_trans,0.03924818474973968,0.00046910784211956854,0.0069212503659289186,1.2429381832282342,0.11689136177301407,3.3217759653925896
Dimetropus__Temperate_N,0.043514268504670446,1.1590087516859273e-05,0.009124643099498415,NA,NA,NA
Dimetropus__Tropical,-0.061751225911936866,-0.005387559342729423,0.0026906728914876457,NA,NA,NA
Dimetropus__Temperate_S,0.05431289755837788,0.0005297122371880566,0.009441395271051197,NA,NA,NA
Dimetropus__Antarctic,0.0064427996845291555,-0.0004888872620783107,0.0022484121054800964,NA,NA,NA
Dimetropus__mat_z_trans,0.018494583313539446,-0.004023886711960437,0.013576480356108561,NA,NA,NA
Dimetropus__map_z_trans,-0.06157866472534658,-0.013270622009666094,0.0241205014222702,NA,NA,NA
Dimetropus__wmm_z_trans,0.06477650332214246,-0.0039375518495542265,0.031046872638458112,NA,NA,NA
Dimetropus__cmm_z_trans,-0.0119351313386747,-0.005018878966082021,0.007382300032740726,NA,NA,NA
Dimetropus__wmmcmm_z_trans,-0.023652177764249396,-0.005103364375672261,0.019056827495166746,NA,NA,NA
Dimetropus__wetmon_z_trans,0.037780762208346544,-0.009859090204220749,0.027962801593954163,NA,NA,NA
Dimetropus__drymon_z_trans,-0.003029617976593995,-0.005873639119759762,0.02444817137849401,NA,NA,NA
Dimetropus__wetdry_z_trans,0.05045161200991998,-0.005870829225900987,0.02882371006495431,NA,NA,NA
Dimetropus__time,-0.017322912258555263,-0.003407010178513495,0.012542717704542402,NA,NA,NA
Dimorphodon__lat_range_z_trans,0.052008048647578124,0.001600046939548955,0.01103860584501337,0.9737578368904292,0.5875700861215591,1.493650644668378
Dimorphodon__Temperate_N,-0.060232918251690325,-0.007743521963472137,0.003066695873745197,NA,NA,NA
Dimorphodon__Tropical,0.056052588981120775,-0.00022362769338098466,0.015787396548580225,NA,NA,NA
Dimorphodon__Temperate_S,0.08117975052363641,0.0010672847753290342,0.02207782787148731,NA,NA,NA
Dimorphodon__Antarctic,0.007640611907977656,-0.0002387955505999956,0.002326936170115365,NA,NA,NA
Dimorphodon__mat_z_trans,0.02765376578944285,-0.007236791976485637,0.0364515448948866,NA,NA,NA
Dimorphodon__map_z_trans,-0.045459458531644195,-0.00722612593755886,0.0046062139042316675,NA,NA,NA
Dimorphodon__wmm_z_trans,-0.08977859072642168,-0.014519582494263349,0.022959471914489694,NA,NA,NA
Dimorphodon__cmm_z_trans,-0.02554188141387235,-0.006053296454290933,0.012660942421912284,NA,NA,NA
Dimorphodon__wmmcmm_z_trans,0.026924597864521026,-0.002645029701512954,0.01517578733304896,NA,NA,NA
Dimorphodon__wetmon_z_trans,0.035611545357091406,-0.005471860993666339,0.02259565248268629,NA,NA,NA
Dimorphodon__drymon_z_trans,0.0076036272432171235,-0.0005644683248369545,0.003642209916054854,NA,NA,NA
Dimorphodon__wetdry_z_trans,0.036779570324938136,-0.00578152823514714,0.02520561705798649,NA,NA,NA
Dimorphodon__time,0.025310623660013885,-0.006193611468975981,0.02179185418589719,NA,NA,NA
Diphydontosaurus__lat_range_z_trans,-0.5480856886133552,-0.016926451992901582,-0.01635205102873255,0.27268907691526695,0.024314702488482,0.7221434867242351
Diphydontosaurus__Temperate_N,-0.21336530288215727,-0.00873589910455846,0.0008125008646664401,NA,NA,NA
Diphydontosaurus__Tropical,-0.13786414882168174,-0.007944465241851,0.0066304509515713594,NA,NA,NA
Diphydontosaurus__Temperate_S,0.32325215101242066,0.00195939185319224,0.030368237806065027,NA,NA,NA
Diphydontosaurus__Antarctic,0.0132865438630688,-0.0006190225427889017,0.0035740711724912967,NA,NA,NA
Diphydontosaurus__mat_z_trans,0.12043754951213487,-0.0032481342940925946,0.02649803922558746,NA,NA,NA
Diphydontosaurus__map_z_trans,0.03540876225684769,-0.006185802838867396,0.020230616144523685,NA,NA,NA
Diphydontosaurus__wmm_z_trans,0.04190396779711591,-0.0038672418985240026,0.013331842089822793,NA,NA,NA
Diphydontosaurus__cmm_z_trans,0.17802772809518502,-0.004176247731173126,0.038246500836507734,NA,NA,NA
Diphydontosaurus__wmmcmm_z_trans,0.11801043128594756,-0.0018157661944031894,0.022352733049292008,NA,NA,NA
Diphydontosaurus__wetmon_z_trans,0.0525393420108594,-0.0035338187515601784,0.027234760083513505,NA,NA,NA
Diphydontosaurus__drymon_z_trans,0.015827444599708543,-0.0014901630169543549,0.00717785891322109,NA,NA,NA
Diphydontosaurus__wetdry_z_trans,0.08120736823417246,-0.0041723373611726846,0.0326830282691702,NA,NA,NA
Diphydontosaurus__time,0.04323667934688274,-0.00047494996365804085,0.006598168042435461,NA,NA,NA
Dolabrosaurus__lat_range_z_trans,0.28570978716015816,0.000833580972883681,0.009918283989797412,0.2555497457663296,0.08860311284661293,0.4658520470838994
Dolabrosaurus__Temperate_N,0.3479989618994296,-0.0008050754378066315,0.015553181246365637,NA,NA,NA
Dolabrosaurus__Tropical,-0.438920016833581,-0.007571563055962467,0.001722459642389532,NA,NA,NA
Dolabrosaurus__Temperate_S,0.45540289085824043,0.0009876705902217135,0.018848063242470944,NA,NA,NA
Dolabrosaurus__Antarctic,0.08362390535883606,9.504963034588849e-05,0.003973787409539095,NA,NA,NA
Dolabrosaurus__mat_z_trans,0.09239906285423785,-0.009402939765343704,0.03126861132869912,NA,NA,NA
Dolabrosaurus__map_z_trans,-0.44599381868727506,-0.008037126414432844,0.005503366889453132,NA,NA,NA
Dolabrosaurus__wmm_z_trans,-0.24240183364599943,-0.004998428492721125,0.010696930242851881,NA,NA,NA
Dolabrosaurus__cmm_z_trans,-0.5183511599310441,-0.010319736478284366,0.020608649861408312,NA,NA,NA
Dolabrosaurus__wmmcmm_z_trans,-0.24362219179514796,-0.007174002130069106,0.019831785185187106,NA,NA,NA
Dolabrosaurus__wetmon_z_trans,0.24340630011633038,-0.005101814240625439,0.027940637071051364,NA,NA,NA
Dolabrosaurus__drymon_z_trans,0.03378362599061802,-0.001399706805376948,0.006477404236838119,NA,NA,NA
Dolabrosaurus__wetdry_z_trans,0.22569901755079627,-0.006852804923780666,0.03587245655413451,NA,NA,NA
Dolabrosaurus__time,0.15444067296222783,-0.0014840125283612643,0.011171139519949322,NA,NA,NA
Dolerosaurus__lat_range_z_trans,0.2984476424753666,0.0016643088806259998,0.01443709698660635,0.34528604980019734,0.21876524481922388,0.506915807723999
Dolerosaurus__Temperate_N,-0.80070462689735,-0.01370617237537535,0.001810630293720339,NA,NA,NA
Dolerosaurus__Tropical,0.35482648061588407,0.0008369783318716452,0.023698149539186225,NA,NA,NA
Dolerosaurus__Temperate_S,0.490001419163309,0.0011887944328062073,0.02774858455681455,NA,NA,NA
Dolerosaurus__Antarctic,0.09337063363753259,0.00026046875707048283,0.005270162957133303,NA,NA,NA
Dolerosaurus__mat_z_trans,0.016388779115950457,-0.004947808252863148,0.020693076235385594,NA,NA,NA
Dolerosaurus__map_z_trans,-0.4950021566823125,-0.0114132062105242,0.012234428044141992,NA,NA,NA
Dolerosaurus__wmm_z_trans,-0.1774780132691376,-0.007325350223181213,0.017226432808454435,NA,NA,NA
Dolerosaurus__cmm_z_trans,-0.15857794507872314,-0.007619845850564568,0.010260589289888784,NA,NA,NA
Dolerosaurus__wmmcmm_z_trans,-0.03048243781493511,-0.003977146144869663,0.007706824790257429,NA,NA,NA
Dolerosaurus__wetmon_z_trans,0.21196721081621944,-0.005017196804094432,0.02852341077190688,NA,NA,NA
Dolerosaurus__drymon_z_trans,0.040501214815303686,-0.00199353757882305,0.009200270826908814,NA,NA,NA
Dolerosaurus__wetdry_z_trans,0.15239506401121616,-0.008706047163707696,0.03303653009964712,NA,NA,NA
Dolerosaurus__time,0.11640312070026994,-0.00047514887768429265,0.007540569220083668,NA,NA,NA
Dolichobrachium__lat_range_z_trans,0.08915865729517432,0.0017453448865175113,0.01412927995997784,0.7266476196271833,0.25438315235078335,1.6734012700617313
Dolichobrachium__Temperate_N,0.13809403507365653,0.0019656054188199085,0.023485690252920858,NA,NA,NA
Dolichobrachium__Tropical,-0.19193159506933943,-0.012883821622964314,0.004942809285469731,NA,NA,NA
Dolichobrachium__Temperate_S,0.15114199657107463,0.002012063905059986,0.02549227630929645,NA,NA,NA
Dolichobrachium__Antarctic,0.023442179308630132,-0.00010805907392499892,0.004736393516076727,NA,NA,NA
Dolichobrachium__mat_z_trans,-0.0024140790791056326,-0.006286402039902205,0.022613600339305377,NA,NA,NA
Dolichobrachium__map_z_trans,-0.11482289633563739,-0.012141852981110321,0.010472843286305053,NA,NA,NA
Dolichobrachium__wmm_z_trans,-0.051699048840231916,-0.008145564735135386,0.011561079392952209,NA,NA,NA
Dolichobrachium__cmm_z_trans,-0.03875476337730044,-0.007013916266194473,0.015579832032609344,NA,NA,NA
Dolichobrachium__wmmcmm_z_trans,-0.01315831122892093,-0.004408762876870835,0.011790029832957401,NA,NA,NA
Dolichobrachium__wetmon_z_trans,0.052774450675990646,-0.0047451814628974446,0.02690344820141043,NA,NA,NA
Dolichobrachium__drymon_z_trans,0.0046976471129542416,-0.0033128086665635886,0.008392669377508813,NA,NA,NA
Dolichobrachium__wetdry_z_trans,0.059486562782559475,-0.007244186428365548,0.03279629129725544,NA,NA,NA
Dolichobrachium__time,0.0297370464864046,-0.0006633671357815765,0.006490513336089823,NA,NA,NA
Dongusuchus__lat_range_z_trans,-0.6779703640937805,-0.007190860307504813,-0.010061645262502032,0.27928099056720385,0.035045549273490906,0.6024234322831035
Dongusuchus__Temperate_N,-0.8604314013756812,-0.01415935572424809,0.0005786285043018826,NA,NA,NA
Dongusuchus__Tropical,0.2921713125053793,-9.944766504487536e-05,0.017327002095078894,NA,NA,NA
Dongusuchus__Temperate_S,0.4993778996169567,0.0011641151388902518,0.021061843314406622,NA,NA,NA
Dongusuchus__Antarctic,0.09018535769544542,0.00015130176727992637,0.003956177123806809,NA,NA,NA
Dongusuchus__mat_z_trans,-0.05383333752164617,-0.0073693869471434265,0.025062001875787714,NA,NA,NA
Dongusuchus__map_z_trans,0.5319294712180271,-0.0019625701772857987,0.03322946889343362,NA,NA,NA
Dongusuchus__wmm_z_trans,0.2882014931635058,-0.003217405544958274,0.022384603788445045,NA,NA,NA
Dongusuchus__cmm_z_trans,0.2356735352205578,-0.003274724444806451,0.03062273679774553,NA,NA,NA
Dongusuchus__wmmcmm_z_trans,0.05443146924022585,-0.0035929258163560182,0.017317263558630436,NA,NA,NA
Dongusuchus__wetmon_z_trans,-0.23770054751075803,-0.010209098130320827,0.016826176852180182,NA,NA,NA
Dongusuchus__drymon_z_trans,0.09125366413034498,-9.267520574754148e-05,0.006859647996079281,NA,NA,NA
Dongusuchus__wetdry_z_trans,-0.28095654664561154,-0.010274025809697515,0.02763862455334749,NA,NA,NA
Dongusuchus__time,0.07561325537739322,-0.0011038502123698253,0.006584226329394034,NA,NA,NA
Dorosuchus__lat_range_z_trans,0.03338409984587626,0.0022352654683019373,0.0118338997799944,1.7783113241575301,0.8854637742042542,2.834851497784257
Dorosuchus__Temperate_N,-0.057825394096337926,-0.01544964299139819,0.0038841601747762167,NA,NA,NA
Dorosuchus__Tropical,0.03878848636738813,0.0011512777667570628,0.016837705582432465,NA,NA,NA
Dorosuchus__Temperate_S,0.052721420419031176,0.0026112465700514234,0.021201268816164583,NA,NA,NA
Dorosuchus__Antarctic,0.0025749893208127706,-0.0004418007356803116,0.0026240138041456603,NA,NA,NA
Dorosuchus__mat_z_trans,0.0026426553078877433,-0.003865166079485497,0.01623971809769669,NA,NA,NA
Dorosuchus__map_z_trans,0.0710753305236363,-0.0022583580065048065,0.039768521915703195,NA,NA,NA
Dorosuchus__wmm_z_trans,0.0287253724507319,-0.004136280900188977,0.020137355525944135,NA,NA,NA
Dorosuchus__cmm_z_trans,0.009228331691708306,-0.003923858985544398,0.011990882664791582,NA,NA,NA
Dorosuchus__wmmcmm_z_trans,-0.007520006423195098,-0.006200787002440489,0.006539268596881109,NA,NA,NA
Dorosuchus__wetmon_z_trans,-0.021521627692610925,-0.014261774747591518,0.02197415218108646,NA,NA,NA
Dorosuchus__drymon_z_trans,0.003959163039919429,-0.001033998395254545,0.00414635729820832,NA,NA,NA
Dorosuchus__wetdry_z_trans,-0.022019283013067808,-0.01402401319942349,0.03825556670025083,NA,NA,NA
Dorosuchus__time,0.001538343634128584,-0.0016330178409114798,0.003953885282059856,NA,NA,NA
Doswellia__lat_range_z_trans,-1.0596461391448975,-0.02449544945668622,-0.017782170016182788,0.2795500118245036,0.07521411497145891,0.8104602145031095
Doswellia__Temperate_N,0.3309682668745518,0.0011717227707659166,0.025230229129697187,NA,NA,NA
Doswellia__Tropical,-0.2264803335443139,-0.00826682194850785,0.01014841907714,NA,NA,NA
Doswellia__Temperate_S,0.3841514841467142,0.0015187385552802833,0.02699232997092432,NA,NA,NA
Doswellia__Antarctic,0.03634821882005781,-0.0002336478633443795,0.003944729250878605,NA,NA,NA
Doswellia__mat_z_trans,0.17230979723321072,-0.0028004511228476815,0.025216208104335273,NA,NA,NA
Doswellia__map_z_trans,0.0035401856928365307,-0.005496903432615467,0.01796840015128231,NA,NA,NA
Doswellia__wmm_z_trans,0.02259547005305649,-0.003105414751266785,0.011182309322080045,NA,NA,NA
Doswellia__cmm_z_trans,0.13778478966793045,-0.006243889639379323,0.02304945621201068,NA,NA,NA
Doswellia__wmmcmm_z_trans,0.12707730775000528,-0.0012578961133428686,0.019910671036954694,NA,NA,NA
Doswellia__wetmon_z_trans,0.08691100353375077,-0.004510293169863038,0.028844943064192437,NA,NA,NA
Doswellia__drymon_z_trans,0.031694922306924125,-0.0011649031999689892,0.0075084733534902855,NA,NA,NA
Doswellia__wetdry_z_trans,-0.006847556361462921,-0.0061984330981820265,0.031048276345394896,NA,NA,NA
Doswellia__time,0.06529649415519088,-0.0001472666093548496,0.0061244814179375546,NA,NA,NA
Dracoraptor__lat_range_z_trans,0.052008048647578124,0.001600046939548955,0.01103860584501337,0.9737578368904292,0.5875700861215591,1.493650644668378
Dracoraptor__Temperate_N,-0.060232918251690325,-0.007743521963472137,0.003066695873745197,NA,NA,NA
Dracoraptor__Tropical,0.056052588981120775,-0.00022362769338098466,0.015787396548580225,NA,NA,NA
Dracoraptor__Temperate_S,0.08117975052363641,0.0010672847753290342,0.02207782787148731,NA,NA,NA
Dracoraptor__Antarctic,0.007640611907977656,-0.0002387955505999956,0.002326936170115365,NA,NA,NA
Dracoraptor__mat_z_trans,0.02765376578944285,-0.007236791976485637,0.0364515448948866,NA,NA,NA
Dracoraptor__map_z_trans,-0.045459458531644195,-0.00722612593755886,0.0046062139042316675,NA,NA,NA
Dracoraptor__wmm_z_trans,-0.08977859072642168,-0.014519582494263349,0.022959471914489694,NA,NA,NA
Dracoraptor__cmm_z_trans,-0.02554188141387235,-0.006053296454290933,0.012660942421912284,NA,NA,NA
Dracoraptor__wmmcmm_z_trans,0.026924597864521026,-0.002645029701512954,0.01517578733304896,NA,NA,NA
Dracoraptor__wetmon_z_trans,0.035611545357091406,-0.005471860993666339,0.02259565248268629,NA,NA,NA
Dracoraptor__drymon_z_trans,0.0076036272432171235,-0.0005644683248369545,0.003642209916054854,NA,NA,NA
Dracoraptor__wetdry_z_trans,0.036779570324938136,-0.00578152823514714,0.02520561705798649,NA,NA,NA
Dracoraptor__time,0.025310623660013885,-0.006193611468975981,0.02179185418589719,NA,NA,NA
Drepanosaurus__lat_range_z_trans,-0.5057227465510369,-0.012339249355937037,-0.015902828837355755,0.15632983036804945,0.002878442406654358,0.5006093673873693
Drepanosaurus__Temperate_N,-0.15946990414056927,-0.005765148117209342,0.0008121582751164187,NA,NA,NA
Drepanosaurus__Tropical,-0.11046682531945408,-0.004843156532913736,0.006173390863486043,NA,NA,NA
Drepanosaurus__Temperate_S,0.3136903773248196,0.0013916545844823661,0.026506579841521667,NA,NA,NA
Drepanosaurus__Antarctic,0.03049295224947855,-0.0002817792425649794,0.0037979380547769506,NA,NA,NA
Drepanosaurus__mat_z_trans,0.1352315075160004,-0.00501658943900413,0.03349425184769973,NA,NA,NA
Drepanosaurus__map_z_trans,-0.1392204900542856,-0.006714100727616587,0.01458371737551375,NA,NA,NA
Drepanosaurus__wmm_z_trans,-0.025265565995359795,-0.004576142949576754,0.011972453954572335,NA,NA,NA
Drepanosaurus__cmm_z_trans,-0.021433145260671152,-0.006862954692192749,0.02540361963100772,NA,NA,NA
Drepanosaurus__wmmcmm_z_trans,0.029033518107025882,-0.005853427640920171,0.016958228676686674,NA,NA,NA
Drepanosaurus__wetmon_z_trans,0.20764772999566047,-0.0030174636726936314,0.043115537703504035,NA,NA,NA
Drepanosaurus__drymon_z_trans,0.028296936574624853,-0.001296079393969416,0.007958129475020522,NA,NA,NA
Drepanosaurus__wetdry_z_trans,0.14419804527657107,-0.005581561143077125,0.036590713080602244,NA,NA,NA
Drepanosaurus__time,0.06301991620450281,-0.0004749107561199883,0.00792286647798317,NA,NA,NA
Dromomeron__lat_range_z_trans,-0.5457808542251587,-0.014636999223849078,-0.01964809209333899,0.05503987369193055,0.0024126730859279633,0.15085594449192286
Dromomeron__Temperate_N,0.25937809389084576,0.001125184360540368,0.027294932353858575,NA,NA,NA
Dromomeron__Tropical,-0.13289272459223866,-0.005382837569109224,0.0034015540314125347,NA,NA,NA
Dromomeron__Temperate_S,-0.18905369650572537,-0.005862411997520259,-0.004692074907707224,NA,NA,NA
Dromomeron__Antarctic,0.03458153452476836,-6.633278251176165e-05,0.004368480402338199,NA,NA,NA
Dromomeron__mat_z_trans,0.10950376463995781,-0.004582084219720156,0.032897067137065396,NA,NA,NA
Dromomeron__map_z_trans,-0.12753969457931816,-0.006876842733406057,0.016504346601988754,NA,NA,NA
Dromomeron__wmm_z_trans,-0.022808105151925703,-0.004425479655708278,0.012778848496562516,NA,NA,NA
Dromomeron__cmm_z_trans,-0.010384041584766237,-0.006758819101835495,0.017804848495395282,NA,NA,NA
Dromomeron__wmmcmm_z_trans,0.038067950059776194,-0.004455644480294092,0.01874085730321271,NA,NA,NA
Dromomeron__wetmon_z_trans,0.20659448334365152,-0.0032064288297810177,0.045931874075693206,NA,NA,NA
Dromomeron__drymon_z_trans,0.029279835438283042,-0.0014283657481559415,0.009804527274999336,NA,NA,NA
Dromomeron__wetdry_z_trans,0.17025647626724094,-0.004452489691641133,0.04325086234917642,NA,NA,NA
Dromomeron__time,0.06562391678744461,-0.00022135740632115154,0.010948724899478774,NA,NA,NA
Dynamosuchus__lat_range_z_trans,0.062341382816249076,0.002090288370092843,0.014145816553141623,0.9270537118933863,0.49624259024858475,1.3613374028354883
Dynamosuchus__Temperate_N,0.0904700652859439,0.0012644663856577754,0.02682898597732705,NA,NA,NA
Dynamosuchus__Tropical,0.07370814630988015,0.0008766440693230898,0.022902981219060974,NA,NA,NA
Dynamosuchus__Temperate_S,-0.14091078178350777,-0.016482332104378338,-0.002124364893618846,NA,NA,NA
Dynamosuchus__Antarctic,0.012484248066182126,7.12581407216774e-05,0.004061434095033157,NA,NA,NA
Dynamosuchus__mat_z_trans,0.0217086605471136,-0.005835657282121482,0.024357600688061306,NA,NA,NA
Dynamosuchus__map_z_trans,-0.06903886692279379,-0.011201804592945312,0.008227091168285848,NA,NA,NA
Dynamosuchus__wmm_z_trans,-0.03423679896637371,-0.008320953516033762,0.01155881518364206,NA,NA,NA
Dynamosuchus__cmm_z_trans,-0.017219719299542306,-0.007548880856712855,0.013598945785206533,NA,NA,NA
Dynamosuchus__wmmcmm_z_trans,-0.0003348226073539167,-0.003206340702540851,0.008806458053422232,NA,NA,NA
Dynamosuchus__wetmon_z_trans,0.05505985360167753,-0.003764315460947201,0.03065811615379473,NA,NA,NA
Dynamosuchus__drymon_z_trans,0.006408047431517702,-0.0024066775465742757,0.011026147198705807,NA,NA,NA
Dynamosuchus__wetdry_z_trans,0.053455734882165706,-0.005993874410713015,0.03585667904126023,NA,NA,NA
Dynamosuchus__time,0.02185673201475055,-0.0007727295721415686,0.009482050196812796,NA,NA,NA
Dyoplax__lat_range_z_trans,0.23020650345844942,0.001718493984518626,0.013716459193626305,0.41276232103220534,0.2001250460743904,0.8715227274224162
Dyoplax__Temperate_N,-0.6258906247486207,-0.01344391291777721,0.0017361683470601217,NA,NA,NA
Dyoplax__Tropical,0.2704109729775524,0.0008141420928846535,0.02272356607338827,NA,NA,NA
Dyoplax__Temperate_S,0.37549910775338435,0.0011563591919639975,0.026607427452389566,NA,NA,NA
Dyoplax__Antarctic,0.06862683210842231,0.0002576590283759023,0.005202979100983135,NA,NA,NA
Dyoplax__mat_z_trans,-0.017233123784422797,-0.00599415781132837,0.019842076037156785,NA,NA,NA
Dyoplax__map_z_trans,-0.33361356057372604,-0.011101806626202202,0.011731288705536693,NA,NA,NA
Dyoplax__wmm_z_trans,-0.11765520715212721,-0.007125484298353862,0.016517997891962823,NA,NA,NA
Dyoplax__cmm_z_trans,-0.08515273195025788,-0.007411944864049884,0.012485583292385131,NA,NA,NA
Dyoplax__wmmcmm_z_trans,-0.006668367345545362,-0.004015841918541118,0.015249320795330172,NA,NA,NA
Dyoplax__wetmon_z_trans,0.1362022207772165,-0.004880306874092467,0.028576670187805263,NA,NA,NA
Dyoplax__drymon_z_trans,0.030838140295644103,-0.0019040242099583253,0.00882191082821178,NA,NA,NA
Dyoplax__wetdry_z_trans,0.12766463567861644,-0.008468510102004001,0.02894484426981513,NA,NA,NA
Dyoplax__time,0.08251708388132335,-0.0008315737547490208,0.0072304642444843414,NA,NA,NA
Ebrachosuchus__lat_range_z_trans,0.23957903214484588,0.0015074419211186085,0.01374141549874718,0.40818484246367004,0.19125919789075851,0.9613809203729033
Ebrachosuchus__Temperate_N,-0.6328634221058992,-0.013290689510572898,0.005584639754109318,NA,NA,NA
Ebrachosuchus__Tropical,0.2798069651885472,0.0008116065398366654,0.020501164367307152,NA,NA,NA
Ebrachosuchus__Temperate_S,0.3916839063251751,0.001452767889648857,0.026411461407445967,NA,NA,NA
Ebrachosuchus__Antarctic,0.07322080105587095,0.0002525730220384612,0.005164658701982957,NA,NA,NA
Ebrachosuchus__mat_z_trans,0.021121398123005605,-0.006195249623450487,0.018055482145303423,NA,NA,NA
Ebrachosuchus__map_z_trans,-0.35697920182623066,-0.011067231310817752,0.011644886731733356,NA,NA,NA
Ebrachosuchus__wmm_z_trans,-0.13040832353908105,-0.007103292787082079,0.01639634138371651,NA,NA,NA
Ebrachosuchus__cmm_z_trans,-0.084692397023051,-0.0073888612038930015,0.015514114032608151,NA,NA,NA
Ebrachosuchus__wmmcmm_z_trans,-0.02985476594454848,-0.003806416416886916,0.011844897149562108,NA,NA,NA
Ebrachosuchus__wetmon_z_trans,0.14169553547874686,-0.0055675699258107576,0.027148951012924347,NA,NA,NA
Ebrachosuchus__drymon_z_trans,0.030396297961510044,-0.0019331063598323384,0.00875693667853334,NA,NA,NA
Ebrachosuchus__wetdry_z_trans,0.10617169574937621,-0.008442135889457178,0.0314445963172012,NA,NA,NA
Ebrachosuchus__time,0.08687435978764131,-0.00046074542415246487,0.007177211238960485,NA,NA,NA
Effigia__lat_range_z_trans,0.0500912431938731,0.0010412581697110583,0.010688587610652835,1.0182488895485404,0.14333290979266167,2.168377353809774
Effigia__Temperate_N,0.06691801411239497,-0.00014889399797077913,0.017260678701233816,NA,NA,NA
Effigia__Tropical,-0.051968798778039324,-0.006308527987041208,0.005954924245698347,NA,NA,NA
Effigia__Temperate_S,0.07793511997269803,0.0007789294508861042,0.01849191189818758,NA,NA,NA
Effigia__Antarctic,0.006732112371980665,-0.0001852807186927957,0.0034897208478798653,NA,NA,NA
Effigia__mat_z_trans,0.018378310608257432,-0.011206929673796164,0.0295825359986755,NA,NA,NA
Effigia__map_z_trans,-0.04501142347482573,-0.005867556943798354,0.0049391909330751904,NA,NA,NA
Effigia__wmm_z_trans,-0.08108593116637322,-0.013381487070660258,0.014237733031047813,NA,NA,NA
Effigia__cmm_z_trans,-0.042450362180652866,-0.007375084945489468,0.01534938797327055,NA,NA,NA
Effigia__wmmcmm_z_trans,0.022337646674912608,-0.0035326233289238625,0.01777923630161586,NA,NA,NA
Effigia__wetmon_z_trans,0.04007774226404192,-0.004541349247483519,0.0271624972515289,NA,NA,NA
Effigia__drymon_z_trans,0.004647689878625888,-0.0007662385656193668,0.005150739341293406,NA,NA,NA
Effigia__wetdry_z_trans,0.03559879128341746,-0.005657352199294626,0.02667080158749221,NA,NA,NA
Effigia__time,0.033551726615597945,-0.0040797720211400434,0.022628810698483645,NA,NA,NA
Efraasia__lat_range_z_trans,0.08642852644230542,0.0010635476424104109,0.00962284743193025,0.6653054953523678,0.14483253471553326,1.1963256485760212
Efraasia__Temperate_N,-0.11352948533604572,-0.0074695617531362534,0.0031615434763702034,NA,NA,NA
Efraasia__Tropical,0.0930626943476772,-0.0002439491195738613,0.014205260332317452,NA,NA,NA
Efraasia__Temperate_S,0.1366435586898812,0.00039246752185158974,0.01668718579714597,NA,NA,NA
Efraasia__Antarctic,0.01938236304338377,-7.091815867691059e-05,0.0032104551776473565,NA,NA,NA
Efraasia__mat_z_trans,0.06589693679184788,-0.006817244391236431,0.04213508824358129,NA,NA,NA
Efraasia__map_z_trans,-0.13021232945221778,-0.007905016683806046,0.005144139938935665,NA,NA,NA
Efraasia__wmm_z_trans,-0.06446225095601427,-0.0059914049887015005,0.011675761910007436,NA,NA,NA
Efraasia__cmm_z_trans,-0.1123926992064192,-0.010377553730824891,0.019897047908448165,NA,NA,NA
Efraasia__wmmcmm_z_trans,-0.04826434770893838,-0.008230557382702196,0.0177064813730096,NA,NA,NA
Efraasia__wetmon_z_trans,0.07582557087173229,-0.00501173626864209,0.029065604624195218,NA,NA,NA
Efraasia__drymon_z_trans,0.011470644474820183,-0.0014596253971199161,0.005671807843967747,NA,NA,NA
Efraasia__wetdry_z_trans,0.06816476197257752,-0.0078061663015803065,0.028938369301659224,NA,NA,NA
Efraasia__time,0.04773793740131871,-0.0013031900675748807,0.012265163060919907,NA,NA,NA
Eifelosaurus__lat_range_z_trans,0.032285072907537224,0.002172952925299326,0.011742546677985992,1.8503957320564768,0.898163765668869,3.3989508226513863
Eifelosaurus__Temperate_N,-0.05692837430416577,-0.01607068046037212,-0.0004560541513164108,NA,NA,NA
Eifelosaurus__Tropical,0.03717626492277207,0.0011426545226279501,0.016707725046492834,NA,NA,NA
Eifelosaurus__Temperate_S,0.05101702131806877,0.0025916879393672845,0.02103760326982076,NA,NA,NA
Eifelosaurus__Antarctic,0.0023129959371189115,-0.00043849158152985465,0.0026037574385199486,NA,NA,NA
Eifelosaurus__mat_z_trans,0.003911182842844162,-0.004052577759263385,0.016334992642131584,NA,NA,NA
Eifelosaurus__map_z_trans,0.06845929779634348,-0.0022414425643905345,0.0394615243995141,NA,NA,NA
Eifelosaurus__wmm_z_trans,0.027937267327682345,-0.003977668641993097,0.01998190297625708,NA,NA,NA
Eifelosaurus__cmm_z_trans,0.009126413124178568,-0.004371655404904132,0.0118983177159909,NA,NA,NA
Eifelosaurus__wmmcmm_z_trans,-0.005089867744259776,-0.00520094597847716,0.012009427438195304,NA,NA,NA
Eifelosaurus__wetmon_z_trans,-0.019340074053981516,-0.014154951903518608,0.02180452027587625,NA,NA,NA
Eifelosaurus__drymon_z_trans,0.004084743593217873,-0.0010262535913081378,0.0043768812549510715,NA,NA,NA
Eifelosaurus__wetdry_z_trans,-0.02047752033959274,-0.013918971225209768,0.037960248609669595,NA,NA,NA
Eifelosaurus__time,0.0012774580481452775,-0.0016845653556410453,0.003923362826046482,NA,NA,NA
Elachistosuchus__lat_range_z_trans,0.05250848249800755,0.001483607104272468,0.011040298469849302,0.9597430314212329,0.40159205347299576,1.493650644668378
Elachistosuchus__Temperate_N,-0.058533113553737866,-0.0071800044818283,0.004235923576844258,NA,NA,NA
Elachistosuchus__Tropical,0.056158937953585536,-0.00018684418426956968,0.015789817337932433,NA,NA,NA
Elachistosuchus__Temperate_S,0.08177723009409534,-0.00010409284234666012,0.018853863924285112,NA,NA,NA
Elachistosuchus__Antarctic,0.007731008421526496,-0.0001806015069791427,0.0023290870973102116,NA,NA,NA
Elachistosuchus__mat_z_trans,0.029997140027414573,-0.009958839407622629,0.030649081818027286,NA,NA,NA
Elachistosuchus__map_z_trans,-0.046770146374163116,-0.005285723537595733,0.00783556680335033,NA,NA,NA
Elachistosuchus__wmm_z_trans,-0.0861899415129518,-0.013108547062570424,0.022962992447148257,NA,NA,NA
Elachistosuchus__cmm_z_trans,-0.032510807632692415,-0.007153606731938482,0.012168374466353382,NA,NA,NA
Elachistosuchus__wmmcmm_z_trans,0.02372014998016636,-0.0026666575181478573,0.01520545972445574,NA,NA,NA
Elachistosuchus__wetmon_z_trans,0.0373370515746562,-0.005073658555344154,0.024800868727788843,NA,NA,NA
Elachistosuchus__drymon_z_trans,0.009096736006362783,-0.0007122646435910896,0.004211118097955604,NA,NA,NA
Elachistosuchus__wetdry_z_trans,0.03698442373518433,-0.005360790456331311,0.027509108249080972,NA,NA,NA
Elachistosuchus__time,0.024444730158454924,-0.005742885255020394,0.02179519567975375,NA,NA,NA
Elessaurus__lat_range_z_trans,0.016973166492686896,0.002706421730107614,0.011220619834192634,3.984427303589182,1.7347667180001736,5.604935571551323
Elessaurus__Temperate_N,0.024633216156812823,0.0028006381949333445,0.017495010259362242,NA,NA,NA
Elessaurus__Tropical,0.012748423301107663,-0.001372136806859874,0.014007013542594544,NA,NA,NA
Elessaurus__Temperate_S,-0.034163609848435056,-0.01431831766772818,-0.005054522532803623,NA,NA,NA
Elessaurus__Antarctic,-0.002406370506639033,-0.001471815031689878,0.000629759933485889,NA,NA,NA
Elessaurus__mat_z_trans,0.012424698826805846,-0.011679482121020109,0.027336552362148797,NA,NA,NA
Elessaurus__map_z_trans,0.03098998880433955,-0.0012772453050816457,0.02850236626344621,NA,NA,NA
Elessaurus__wmm_z_trans,0.021627380884100978,-0.004278216550447577,0.021486746991594245,NA,NA,NA
Elessaurus__cmm_z_trans,0.03336048843765941,-0.006344132528005539,0.03382814893699924,NA,NA,NA
Elessaurus__wmmcmm_z_trans,0.01767252371805304,-0.004362041650957921,0.02154551150188994,NA,NA,NA
Elessaurus__wetmon_z_trans,0.00021211649925689428,-0.008312112842896334,0.016361591540156734,NA,NA,NA
Elessaurus__drymon_z_trans,0.0038864034814902,-0.0014336314546575224,0.0072176520966934525,NA,NA,NA
Elessaurus__wetdry_z_trans,0.0010680294895589538,-0.008641541052824846,0.02036140818530629,NA,NA,NA
Elessaurus__time,-0.003274574360889334,-0.0032472959921848146,0.00444889750506891,NA,NA,NA
Elginia__lat_range_z_trans,-0.8901241570711136,-0.011427136175185836,-0.010304677761144312,0.15426892793533625,0.02617262292187661,0.3373374096117914
Elginia__Temperate_N,-0.25438296103384345,-0.0043572370189188785,0.0006798694643014902,NA,NA,NA
Elginia__Tropical,0.12280953655252233,-0.00037535883669717195,0.008520066818349185,NA,NA,NA
Elginia__Temperate_S,0.31044907599687577,0.0006224015926565897,0.01159742298713909,NA,NA,NA
Elginia__Antarctic,0.014496127059173887,-0.00046832161092239986,0.0019464602784808878,NA,NA,NA
Elginia__mat_z_trans,-0.2078833389142528,-0.014326830266145103,0.03327761197140867,NA,NA,NA
Elginia__map_z_trans,0.1045756659473409,-0.0010683255584272825,0.009017925835828099,NA,NA,NA
Elginia__wmm_z_trans,0.1150047722790623,-0.0026301637655646555,0.029928068425505296,NA,NA,NA
Elginia__cmm_z_trans,0.41987885952927173,-0.006312509470499339,0.04817778453989383,NA,NA,NA
Elginia__wmmcmm_z_trans,0.20724445099942387,-0.008675735474604753,0.03578291808098638,NA,NA,NA
Elginia__wetmon_z_trans,0.012216452506690985,-0.0017929285733393806,0.006895886135384704,NA,NA,NA
Elginia__drymon_z_trans,0.10905839910497889,-0.004663105727478069,0.020334173015206423,NA,NA,NA
Elginia__wetdry_z_trans,-0.05974997010373045,-0.00462742155502153,0.018420713709674883,NA,NA,NA
Elginia__time,-0.000246541746892035,-0.0011282366391654663,0.005112532919120865,NA,NA,NA
Elorhynchus__lat_range_z_trans,0.3451078772544861,0.0016128234945705958,0.017154130878844712,0.34952019215328617,0.1917789950966835,0.5347929447889328
Elorhynchus__Temperate_N,0.49964641594327985,0.0011016454008105857,0.030786695937951452,NA,NA,NA
Elorhynchus__Tropical,0.33757385119330136,-0.0003055250372025,0.022814042736874464,NA,NA,NA
Elorhynchus__Temperate_S,-1.2338341279048473,-0.020226202020588425,-0.010573020079981971,NA,NA,NA
Elorhynchus__Antarctic,0.10527660805732011,0.00040350253439868104,0.005748483676427917,NA,NA,NA
Elorhynchus__mat_z_trans,-0.002557211006060243,-0.006986029106186261,0.020587033618777055,NA,NA,NA
Elorhynchus__map_z_trans,0.022837944412603974,-0.0038860762480673917,0.020107145472953086,NA,NA,NA
Elorhynchus__wmm_z_trans,0.01946961436071433,-0.003482362849716088,0.012017102828353174,NA,NA,NA
Elorhynchus__cmm_z_trans,0.1717135188705288,-0.0037882329553463948,0.026451573482993568,NA,NA,NA
Elorhynchus__wmmcmm_z_trans,0.11884562308900058,-0.005442129536386614,0.022807106869907192,NA,NA,NA
Elorhynchus__wetmon_z_trans,-0.19084132626652717,-0.009070219298079522,0.01893590705937553,NA,NA,NA
Elorhynchus__drymon_z_trans,0.03042829827638343,-0.0020961262270588464,0.00874088595971062,NA,NA,NA
Elorhynchus__wetdry_z_trans,-0.22492211083881558,-0.009052307989219344,0.014992898157931644,NA,NA,NA
Elorhynchus__time,0.10317140743718482,-1.3669241241756092e-05,0.008816769820017036,NA,NA,NA
Embrithosaurus__lat_range_z_trans,0.031113264585596673,0.0008807340060945172,0.009315255507846868,1.6673153154168632,0.06812290288507938,4.888716395944357
Embrithosaurus__Temperate_N,0.04711510857214481,0.0005339474935887347,0.014805902622569289,NA,NA,NA
Embrithosaurus__Tropical,0.034373796495392406,0.00036023831932884676,0.013869029693505909,NA,NA,NA
Embrithosaurus__Temperate_S,-0.06630836060164812,-0.0076924363119293595,0.0018525525236390127,NA,NA,NA
Embrithosaurus__Antarctic,0.0017911077063169846,-0.000804095792828781,0.0026556978508602124,NA,NA,NA
Embrithosaurus__mat_z_trans,-0.025231928315725582,-0.01617531257986938,0.024567906275598787,NA,NA,NA
Embrithosaurus__map_z_trans,0.021916913031332377,-0.0006065994080816839,0.011777410920839568,NA,NA,NA
Embrithosaurus__wmm_z_trans,0.05417008627203901,-0.008914047453091465,0.033558422868283,NA,NA,NA
Embrithosaurus__cmm_z_trans,0.0004071035086470352,-0.007081579364764892,0.026956989439645397,NA,NA,NA
Embrithosaurus__wmmcmm_z_trans,0.004445832477800513,-0.008503487726456435,0.020229947976208654,NA,NA,NA
Embrithosaurus__wetmon_z_trans,0.010495032261775424,-0.0018987769509164404,0.012417240214305318,NA,NA,NA
Embrithosaurus__drymon_z_trans,0.02185419577578821,-0.004130263636476114,0.025265348275755856,NA,NA,NA
Embrithosaurus__wetdry_z_trans,-0.0010015787468905452,-0.00373478707082143,0.011427968767232871,NA,NA,NA
Embrithosaurus__time,0.0006113083533396383,-0.003464442603089394,0.010687083483844739,NA,NA,NA
Emeroleter__lat_range_z_trans,0.1867931855478731,0.0009317214177576418,0.01115472470961528,0.46154899088431195,0.09051620215177536,1.2206776924431324
Emeroleter__Temperate_N,-0.4897624103423535,-0.008683718434408093,0.0026218947158590422,NA,NA,NA
Emeroleter__Tropical,0.20018060370655508,8.758492215669009e-06,0.013092711371353184,NA,NA,NA
Emeroleter__Temperate_S,0.2791956003179598,0.000808246374043291,0.016550123015560525,NA,NA,NA
Emeroleter__Antarctic,0.05051840667226043,1.2973382450734428e-05,0.002998621600573618,NA,NA,NA
Emeroleter__mat_z_trans,-0.2520758867368361,-0.016630970784811315,0.009650258595690688,NA,NA,NA
Emeroleter__map_z_trans,0.0946357154859633,-0.0011809876688799485,0.011792751671886183,NA,NA,NA
Emeroleter__wmm_z_trans,0.26105165026992116,-0.005903898409977601,0.04365841061451413,NA,NA,NA
Emeroleter__cmm_z_trans,-0.061026998056796344,-0.0066635021062917,0.03212301055436179,NA,NA,NA
Emeroleter__wmmcmm_z_trans,-0.08052249844140966,-0.00869382331889421,0.022476024639567445,NA,NA,NA
Emeroleter__wetmon_z_trans,-0.017306737763037996,-0.0024144269462090515,0.006646842318202203,NA,NA,NA
Emeroleter__drymon_z_trans,0.09350937726544764,-0.0038143214036628005,0.02600325181454893,NA,NA,NA
Emeroleter__wetdry_z_trans,-0.07524042635927365,-0.0051208422522975175,0.009660472326188002,NA,NA,NA
Emeroleter__time,-0.054197700190364344,-0.003886117420348384,0.010957658472214487,NA,NA,NA
Energosuchus__lat_range_z_trans,0.07266785577066633,0.002202739537916872,0.01741681391482175,0.9140149999951245,0.3653787113726139,1.6495712995529175
Energosuchus__Temperate_N,-0.20689804122591487,-0.01901688197767092,-0.0033952612765737558,NA,NA,NA
Energosuchus__Tropical,0.08047157690841877,0.0009372949255265125,0.023441809239652042,NA,NA,NA
Energosuchus__Temperate_S,0.1190383838198554,0.002408905300841827,0.029665632531938924,NA,NA,NA
Energosuchus__Antarctic,0.016775071215007164,-0.00010263519814396546,0.0052571698287225506,NA,NA,NA
Energosuchus__mat_z_trans,-0.007661658208937061,-0.007802578120072358,0.019573433363970636,NA,NA,NA
Energosuchus__map_z_trans,0.011385648123735067,-0.004385131400336759,0.013032822409823982,NA,NA,NA
Energosuchus__wmm_z_trans,0.01404740514720219,-0.0033255750612866957,0.015802161115715585,NA,NA,NA
Energosuchus__cmm_z_trans,0.041522658423588085,-0.005821994563514049,0.026416664244596808,NA,NA,NA
Energosuchus__wmmcmm_z_trans,0.026502677217460455,-0.00652518258068992,0.020124775863468076,NA,NA,NA
Energosuchus__wetmon_z_trans,-0.029991066401691132,-0.00800758242118713,0.019499888794673865,NA,NA,NA
Energosuchus__drymon_z_trans,0.005371657079852381,-0.0021044640373104554,0.00847483757522389,NA,NA,NA
Energosuchus__wetdry_z_trans,-0.02265631656701227,-0.008884409710568936,0.01724885517011859,NA,NA,NA
Energosuchus__time,0.015176030073678362,-0.0008034137728173014,0.00682715364398255,NA,NA,NA
Eodromaeus__lat_range_z_trans,0.06392055342509613,0.0020997084077563,0.013903477033723835,0.9156790953263407,0.49624259024858475,1.4532365929335356
Eodromaeus__Temperate_N,0.09271457846588985,0.0012701647960529602,0.026369364325668627,NA,NA,NA
Eodromaeus__Tropical,0.0747846799474787,0.0008805947300398705,0.02251061804645718,NA,NA,NA
Eodromaeus__Temperate_S,-0.1472335051072134,-0.01598367762385158,0.0008108286726172915,NA,NA,NA
Eodromaeus__Antarctic,0.013077018966363516,7.157927075283969e-05,0.00423107691305674,NA,NA,NA
Eodromaeus__mat_z_trans,0.02214642968404646,-0.0058619560991532045,0.02394031765439972,NA,NA,NA
Eodromaeus__map_z_trans,-0.07073086894050541,-0.011137288854516942,0.008086148486579296,NA,NA,NA
Eodromaeus__wmm_z_trans,-0.034661049712593726,-0.008358452502603461,0.011360794962884937,NA,NA,NA
Eodromaeus__cmm_z_trans,-0.016964801546911983,-0.007582900441285305,0.014664842763085764,NA,NA,NA
Eodromaeus__wmmcmm_z_trans,8.004179078293095e-05,-0.00340056787600156,0.008655589928954346,NA,NA,NA
Eodromaeus__wetmon_z_trans,0.05622968772933505,-0.003781279624326094,0.02945443792200603,NA,NA,NA
Eodromaeus__drymon_z_trans,0.006243471397799786,-0.0024629583814519142,0.010837252396972306,NA,NA,NA
Eodromaeus__wetdry_z_trans,0.05383164136512885,-0.006207662946160626,0.03524239917030806,NA,NA,NA
Eodromaeus__time,0.022314003911212067,-0.0007762119345645662,0.009319608143421356,NA,NA,NA
Eohupehsuchus__lat_range_z_trans,0.012730703005909541,0.004163478481556319,0.010892022222945165,5.880478940707398,3.544663578271866,8.52806905284524
Eohupehsuchus__Temperate_N,0.017517468837028538,0.0016684534356277588,0.016539605432172727,NA,NA,NA
Eohupehsuchus__Tropical,-0.010612277479211004,-0.01528935802988786,0.004565505051356067,NA,NA,NA
Eohupehsuchus__Temperate_S,0.018649338071183123,0.0033817325697516366,0.01586514244991249,NA,NA,NA
Eohupehsuchus__Antarctic,-0.0027948927491432836,-0.0028460467316434247,-0.00022796445451250767,NA,NA,NA
Eohupehsuchus__mat_z_trans,0.014611472775062346,-0.009630778026566662,0.028314977109934043,NA,NA,NA
Eohupehsuchus__map_z_trans,0.022852608076509316,-0.0037615005775602046,0.028326754582157908,NA,NA,NA
Eohupehsuchus__wmm_z_trans,0.014651671406627223,-0.0035997547594641176,0.023635151075564582,NA,NA,NA
Eohupehsuchus__cmm_z_trans,0.028620539011208892,-0.00571101707412056,0.03409073116808028,NA,NA,NA
Eohupehsuchus__wmmcmm_z_trans,0.015369358827044032,-0.0033991167734887806,0.02084416042176704,NA,NA,NA
Eohupehsuchus__wetmon_z_trans,0.0022263675617674936,-0.009396904534149332,0.01398278588023374,NA,NA,NA
Eohupehsuchus__drymon_z_trans,0.001080112835368019,-0.0028057825070986267,0.0031021591949768777,NA,NA,NA
Eohupehsuchus__wetdry_z_trans,0.0031433281781250775,-0.009644070638772193,0.0183056166719582,NA,NA,NA
Eohupehsuchus__time,-0.0022939169815704833,-0.004360243913497231,0.0011501096135889057,NA,NA,NA
Eohyosaurus__lat_range_z_trans,0.04355728423620051,0.0014168119941705196,0.01079167116425334,1.3358819058389053,0.09393199160695076,4.59526664763689
Eohyosaurus__Temperate_N,0.06066230573219088,0.0007394367624289159,0.01960564149805843,NA,NA,NA
Eohyosaurus__Tropical,0.04283626848321148,-0.00061916765688104,0.012360080616123271,NA,NA,NA
Eohyosaurus__Temperate_S,-0.11693702823303198,-0.014482242384637516,-0.0029418309544578473,NA,NA,NA
Eohyosaurus__Antarctic,0.005554609180128376,-0.0009052668964125351,0.0032577505923054046,NA,NA,NA
Eohyosaurus__mat_z_trans,-0.0014162445705452045,-0.00820473372073011,0.011935950734731826,NA,NA,NA
Eohyosaurus__map_z_trans,0.07798837843379233,-0.0018683893164117744,0.029786831526673177,NA,NA,NA
Eohyosaurus__wmm_z_trans,0.04821024163468632,-0.0022574595143451557,0.025306187457147775,NA,NA,NA
Eohyosaurus__cmm_z_trans,0.037192171269245025,-0.004986384044399598,0.03384193871369515,NA,NA,NA
Eohyosaurus__wmmcmm_z_trans,0.004928472829770667,-0.004272574932171094,0.022151232605525196,NA,NA,NA
Eohyosaurus__wetmon_z_trans,-0.04213995152286667,-0.010847801196204925,0.018551051977394487,NA,NA,NA
Eohyosaurus__drymon_z_trans,0.009416406069463526,-0.0012433053707392044,0.005096060540912163,NA,NA,NA
Eohyosaurus__wetdry_z_trans,-0.038292586870024715,-0.012006659277427605,0.025204555000812198,NA,NA,NA
Eohyosaurus__time,0.004191554703688269,-0.0016931735255521544,0.004439634946960922,NA,NA,NA
Eomurruna__lat_range_z_trans,-0.42526635534806234,-0.009560585201223522,-0.012071184103964305,0.5565537944389507,0.12707910686731339,1.2216064669191837
Eomurruna__Temperate_N,0.22062179949260252,0.0010802847780540816,0.019189871544871843,NA,NA,NA
Eomurruna__Tropical,0.1300671888328842,-0.0007864792534524768,0.01597673139497767,NA,NA,NA
Eomurruna__Temperate_S,-0.5128277942543188,-0.013241655108743138,-0.008603007928764525,NA,NA,NA
Eomurruna__Antarctic,0.04146447691523622,0.00024358848859844297,0.004045524267813647,NA,NA,NA
Eomurruna__mat_z_trans,0.013347189856144947,-0.007989620327499178,0.03403785110796037,NA,NA,NA
Eomurruna__map_z_trans,0.23153497463984984,-0.0010274849375537043,0.02896708886125182,NA,NA,NA
Eomurruna__wmm_z_trans,0.15939403773980163,-0.0031768557910935684,0.02489672941892383,NA,NA,NA
Eomurruna__cmm_z_trans,0.2234017934625481,-0.004770986720027828,0.03682201373978934,NA,NA,NA
Eomurruna__wmmcmm_z_trans,0.11384133057862131,-0.004319078083315353,0.02307589728857844,NA,NA,NA
Eomurruna__wetmon_z_trans,-0.07122572281119295,-0.007034860925776518,0.01860293583567496,NA,NA,NA
Eomurruna__drymon_z_trans,0.051688378176666265,-0.0008322655150142164,0.006378858211034772,NA,NA,NA
Eomurruna__wetdry_z_trans,-0.05682510336663773,-0.00801542874676226,0.021426615831683704,NA,NA,NA
Eomurruna__time,0.016535687461765702,-0.0017994817355040426,0.006640830950303934,NA,NA,NA
Eoraptor__lat_range_z_trans,0.06435407416074294,0.00213039262107361,0.01368159892357667,0.908815889567486,0.4681917233392596,1.4532365929335356
Eoraptor__Temperate_N,0.09304127613577307,0.0014310788467709991,0.02594854982666453,NA,NA,NA
Eoraptor__Tropical,0.07486484447217047,0.0011021054081446359,0.022151383203383192,NA,NA,NA
Eoraptor__Temperate_S,-0.14948015899971376,-0.016202117893348855,0.0007978890940430192,NA,NA,NA
Eoraptor__Antarctic,0.013091555652957054,7.25575058975686e-05,0.003928151629425907,NA,NA,NA
Eoraptor__mat_z_trans,0.02300995531272554,-0.005942068279854936,0.023558267004436636,NA,NA,NA
Eoraptor__map_z_trans,-0.067948628476904,-0.011406065252117738,0.007957105993092252,NA,NA,NA
Eoraptor__wmm_z_trans,-0.032427168671608816,-0.008472682948200305,0.011179494147986607,NA,NA,NA
Eoraptor__cmm_z_trans,-0.016559164429671164,-0.007686531836696684,0.014430814426865517,NA,NA,NA
Eoraptor__wmmcmm_z_trans,0.0025842034046657694,-0.002800193516251934,0.012253939048628525,NA,NA,NA
Eoraptor__wetmon_z_trans,0.05434951678423616,-0.004070774993700907,0.02898439039319508,NA,NA,NA
Eoraptor__drymon_z_trans,0.0054182777274906545,-0.0024966183003558144,0.010664306516226385,NA,NA,NA
Eoraptor__wetdry_z_trans,0.04922856081409766,-0.006103170437792441,0.03467998468176011,NA,NA,NA
Eoraptor__time,0.022224737488947245,-0.0007868200028804753,0.009170881530851074,NA,NA,NA
Eorasaurus__lat_range_z_trans,0.3011216405034065,0.0007007122057751047,0.010248334124922615,0.25677525340463037,0.03831814136356115,0.5326193869113922
Eorasaurus__Temperate_N,-0.8394472614116967,-0.007930605319243939,0.000347612902659254,NA,NA,NA
Eorasaurus__Tropical,0.25963409564923495,-0.00014481160834758217,0.012706638540985315,NA,NA,NA
Eorasaurus__Temperate_S,0.46648770228028297,0.0006465092851249889,0.01574883586956741,NA,NA,NA
Eorasaurus__Antarctic,0.09008402141334955,5.0186856752881846e-05,0.0039351969449206905,NA,NA,NA
Eorasaurus__mat_z_trans,-1.1437418178003282,-0.01727324714521914,0.020265165319261893,NA,NA,NA
Eorasaurus__map_z_trans,0.25083744420669973,-0.0008303317383128435,0.013740908804529276,NA,NA,NA
Eorasaurus__wmm_z_trans,0.36393436533398926,-0.009120769845294025,0.04237102821699274,NA,NA,NA
Eorasaurus__cmm_z_trans,0.23475895524024964,-0.008807190950983642,0.038706665401767426,NA,NA,NA
Eorasaurus__wmmcmm_z_trans,0.07218107669614256,-0.005311914221376946,0.01707425128796611,NA,NA,NA
Eorasaurus__wetmon_z_trans,-0.023619213942438363,-0.0025271224927058567,0.005520672768841711,NA,NA,NA
Eorasaurus__drymon_z_trans,0.09861631161300466,-0.0036579490462579573,0.01842014978454283,NA,NA,NA
Eorasaurus__wetdry_z_trans,-0.06904070306103677,-0.005071325801241537,0.011586305482770152,NA,NA,NA
Eorasaurus__time,-0.03495407991111279,-0.0019530492579827785,0.008714990970408058,NA,NA,NA
Eorhynchochelys__lat_range_z_trans,0.2775317931012775,0.0016019913453216364,0.014157152914074458,0.3799006718728924,0.19125919789075851,0.6250064447522163
Eorhynchochelys__Temperate_N,-0.7411568796296438,-0.014756046088084687,-0.0030145773494528335,NA,NA,NA
Eorhynchochelys__Tropical,0.32989959270570146,0.0008745828324373211,0.023638530943288143,NA,NA,NA
Eorhynchochelys__Temperate_S,0.45458079599821005,0.0011442818186524172,0.029649918315573676,NA,NA,NA
Eorhynchochelys__Antarctic,0.08507681736685148,0.0002507158973979933,0.0053209120268318914,NA,NA,NA
Eorhynchochelys__mat_z_trans,-0.007747242403843204,-0.005931552971864101,0.020291824928428178,NA,NA,NA
Eorhynchochelys__map_z_trans,-0.41926665292885285,-0.010985855921620614,0.011997195059217603,NA,NA,NA
Eorhynchochelys__wmm_z_trans,-0.15585960780423022,-0.007051063534896393,0.016892401821472103,NA,NA,NA
Eorhynchochelys__cmm_z_trans,-0.12467820897420161,-0.006958997821360932,0.01276858680633757,NA,NA,NA
Eorhynchochelys__wmmcmm_z_trans,-0.02057364638671085,-0.003828227907288484,0.009648253139076144,NA,NA,NA
Eorhynchochelys__wetmon_z_trans,0.18969479258755242,-0.004829335438570448,0.02922440108597973,NA,NA,NA
Eorhynchochelys__drymon_z_trans,0.037165247107732106,-0.0018841379917851492,0.009021871991874967,NA,NA,NA
Eorhynchochelys__wetdry_z_trans,0.12803414068069532,-0.008380062361366352,0.032395931730944766,NA,NA,NA
Eorhynchochelys__time,0.10305093995537107,-0.0004972009362854905,0.0073943530064891185,NA,NA,NA
Eretmorhipis__lat_range_z_trans,0.028475836848240222,0.0019731310901917633,0.012860294112150245,2.0988117859556223,0.2023971090093255,5.713592316955328
Eretmorhipis__Temperate_N,0.04432711370017539,0.0013444851600447824,0.022089023269559444,NA,NA,NA
Eretmorhipis__Tropical,-0.05587001448137136,-0.017522551285900398,0.00735237260428126,NA,NA,NA
Eretmorhipis__Temperate_S,0.046865136542211694,0.00178561436295142,0.021718509527911885,NA,NA,NA
Eretmorhipis__Antarctic,0.0016301176636251322,-0.0010636861889954234,0.003122877091272747,NA,NA,NA
Eretmorhipis__mat_z_trans,0.010821926713464217,-0.005738155881151528,0.01876366760184227,NA,NA,NA
Eretmorhipis__map_z_trans,0.027731445628853848,-0.001904712700411733,0.028831859892572108,NA,NA,NA
Eretmorhipis__wmm_z_trans,0.011681496204287033,-0.003155835315439304,0.013643695289008492,NA,NA,NA
Eretmorhipis__cmm_z_trans,0.022103382975054556,-0.004316218919357891,0.026435838687559155,NA,NA,NA
Eretmorhipis__wmmcmm_z_trans,0.014949454394475243,-0.004691848200678477,0.020163348021686,NA,NA,NA
Eretmorhipis__wetmon_z_trans,-0.013910854106522071,-0.014537199904161397,0.015644327555781365,NA,NA,NA
Eretmorhipis__drymon_z_trans,0.0019528055546486941,-0.0019526163658484677,0.004787192257043178,NA,NA,NA
Eretmorhipis__wetdry_z_trans,-0.00823642177614174,-0.010483214668597567,0.020391255977837953,NA,NA,NA
Eretmorhipis__time,0.003230455514907976,-0.0009681002619590524,0.003582494531629408,NA,NA,NA
Erpetosuchus__lat_range_z_trans,0.2899020837247372,0.0008862405295143849,0.009664903960994372,0.2557634544777829,0.1354242516681552,0.46214688976760954
Erpetosuchus__Temperate_N,0.35553427496924994,0.00036751114412661147,0.015548500078597444,NA,NA,NA
Erpetosuchus__Tropical,-0.45614416940603403,-0.007816368027788198,0.0007162813256957296,NA,NA,NA
Erpetosuchus__Temperate_S,0.46444314156193284,0.0006922330940389536,0.0173645128843784,NA,NA,NA
Erpetosuchus__Antarctic,0.08618042640388011,0.00011689821510585216,0.0033481641631887124,NA,NA,NA
Erpetosuchus__mat_z_trans,0.08552755719516426,-0.008240783513915982,0.03457552483445036,NA,NA,NA
Erpetosuchus__map_z_trans,-0.4685836388822645,-0.008359804350144894,0.006264707990270325,NA,NA,NA
Erpetosuchus__wmm_z_trans,-0.21730019750306384,-0.006017101255792157,0.008051166548216778,NA,NA,NA
Erpetosuchus__cmm_z_trans,-0.5539141486183508,-0.011465671372559895,0.016685182388333508,NA,NA,NA
Erpetosuchus__wmmcmm_z_trans,-0.2183989352057688,-0.00718899417815163,0.01921339012354189,NA,NA,NA
Erpetosuchus__wetmon_z_trans,0.2296736245881766,-0.005270300452715763,0.032416295742046,NA,NA,NA
Erpetosuchus__drymon_z_trans,0.03997926041600294,-0.0010660591376539753,0.006653234157059978,NA,NA,NA
Erpetosuchus__wetdry_z_trans,0.2486325647775084,-0.006453451026552455,0.03897620791848159,NA,NA,NA
Erpetosuchus__time,0.14522202668165846,-0.001415258746824132,0.009908684304880429,NA,NA,NA
Erythrosuchus__lat_range_z_trans,-0.5953592158455662,-0.010054710530570133,-0.0036462171764916258,0.37999476206859983,0.03020668774843216,0.8201548801735044
Erythrosuchus__Temperate_N,0.38271691243409567,0.0012519059536815666,0.018855838558718613,NA,NA,NA
Erythrosuchus__Tropical,0.2494233938748147,0.00012733237713203114,0.01609249109911075,NA,NA,NA
Erythrosuchus__Temperate_S,-0.8084649330771967,-0.014360684193907212,-0.0034643284422176887,NA,NA,NA
Erythrosuchus__Antarctic,0.06720784274150154,0.00012734841666450403,0.0034100116622232677,NA,NA,NA
Erythrosuchus__mat_z_trans,-0.005318841330911228,-0.009263678685518157,0.02339693040666715,NA,NA,NA
Erythrosuchus__map_z_trans,0.4473519129943604,-0.0011506064718594775,0.02937360186436174,NA,NA,NA
Erythrosuchus__wmm_z_trans,0.2862918954293507,-0.0018364539993797415,0.025652305305938865,NA,NA,NA
Erythrosuchus__cmm_z_trans,0.27251780847252405,-0.0031528557164966103,0.036433414563903525,NA,NA,NA
Erythrosuchus__wmmcmm_z_trans,0.128363950430403,-0.0030538002179015256,0.018173729965271907,NA,NA,NA
Erythrosuchus__wetmon_z_trans,-0.2083652926328481,-0.00886699484124941,0.017474030642666356,NA,NA,NA
Erythrosuchus__drymon_z_trans,0.07975783532550776,-0.00020567324892134604,0.006623456427933485,NA,NA,NA
Erythrosuchus__wetdry_z_trans,-0.20528569151394144,-0.009185954934048184,0.024536223878786543,NA,NA,NA
Erythrosuchus__time,0.04491430407381467,-0.0016060829869395839,0.006475267663262619,NA,NA,NA
Erythrovenator__lat_range_z_trans,0.06417909287658319,0.0020984780179333445,0.013720041175815314,0.9056259712699102,0.4681917233392596,1.4357458464801311
Erythrovenator__Temperate_N,0.09309436590307357,0.0012694205032584144,0.026021459484609898,NA,NA,NA
Erythrovenator__Tropical,0.07559125730163468,0.0008800787180117302,0.022213623667037767,NA,NA,NA
Erythrovenator__Temperate_S,-0.15085358414127278,-0.015974311487959022,0.0008001309850663563,NA,NA,NA
Erythrovenator__Antarctic,0.012966272352654747,7.153732664005549e-05,0.003939188862472536,NA,NA,NA
Erythrovenator__mat_z_trans,0.020671208726198303,-0.006248956209562973,0.02362446049889212,NA,NA,NA
Erythrovenator__map_z_trans,-0.06692278039856817,-0.011130762611724706,0.00962553225506484,NA,NA,NA
Erythrovenator__wmm_z_trans,-0.032767797525691054,-0.008353554605897009,0.011210906041898859,NA,NA,NA
Erythrovenator__cmm_z_trans,-0.018169293997826963,-0.007221502789717888,0.01500526693683864,NA,NA,NA
Erythrovenator__wmmcmm_z_trans,0.0008428785969158152,-0.003398575206880721,0.008822461712767727,NA,NA,NA
Erythrovenator__wetmon_z_trans,0.053421479347705324,-0.00401353873455441,0.02973533655146794,NA,NA,NA
Erythrovenator__drymon_z_trans,0.006272934581154511,-0.002416106791770339,0.010694270847393888,NA,NA,NA
Erythrovenator__wetdry_z_trans,0.0553027895031281,-0.006017358118189104,0.0347774277310861,NA,NA,NA
Erythrovenator__time,0.02212305825021956,-0.0007757570889006555,0.00919664966972351,NA,NA,NA
Eshanosaurus__lat_range_z_trans,0.052008048647578124,0.001600046939548955,0.01103860584501337,0.9737578368904292,0.5875700861215591,1.493650644668378
Eshanosaurus__Temperate_N,-0.060232918251690325,-0.007743521963472137,0.003066695873745197,NA,NA,NA
Eshanosaurus__Tropical,0.056052588981120775,-0.00022362769338098466,0.015787396548580225,NA,NA,NA
Eshanosaurus__Temperate_S,0.08117975052363641,0.0010672847753290342,0.02207782787148731,NA,NA,NA
Eshanosaurus__Antarctic,0.007640611907977656,-0.0002387955505999956,0.002326936170115365,NA,NA,NA
Eshanosaurus__mat_z_trans,0.02765376578944285,-0.007236791976485637,0.0364515448948866,NA,NA,NA
Eshanosaurus__map_z_trans,-0.045459458531644195,-0.00722612593755886,0.0046062139042316675,NA,NA,NA
Eshanosaurus__wmm_z_trans,-0.08977859072642168,-0.014519582494263349,0.022959471914489694,NA,NA,NA
Eshanosaurus__cmm_z_trans,-0.02554188141387235,-0.006053296454290933,0.012660942421912284,NA,NA,NA
Eshanosaurus__wmmcmm_z_trans,0.026924597864521026,-0.002645029701512954,0.01517578733304896,NA,NA,NA
Eshanosaurus__wetmon_z_trans,0.035611545357091406,-0.005471860993666339,0.02259565248268629,NA,NA,NA
Eshanosaurus__drymon_z_trans,0.0076036272432171235,-0.0005644683248369545,0.003642209916054854,NA,NA,NA
Eshanosaurus__wetdry_z_trans,0.036779570324938136,-0.00578152823514714,0.02520561705798649,NA,NA,NA
Eshanosaurus__time,0.025310623660013885,-0.006193611468975981,0.02179185418589719,NA,NA,NA
Eucoelophysis__lat_range_z_trans,-0.6751798310875893,-0.013510883897316863,-0.019948805607431543,0.15922999710965086,0.0021085281623527408,0.2906354144215584
Eucoelophysis__Temperate_N,0.29196112750913017,0.0006328657686277415,0.022091133803241993,NA,NA,NA
Eucoelophysis__Tropical,-0.21978445697110147,-0.007036648001909444,0.005859617924613467,NA,NA,NA
Eucoelophysis__Temperate_S,0.3638496094942093,0.0012702003118053504,0.025901635741484318,NA,NA,NA
Eucoelophysis__Antarctic,0.04271159374620766,8.204667194001197e-05,0.004401612259770949,NA,NA,NA
Eucoelophysis__mat_z_trans,0.08172181000933051,-0.005750969957089529,0.029477834687113326,NA,NA,NA
Eucoelophysis__map_z_trans,-0.24087056264688728,-0.009499705245762081,0.015370361087634832,NA,NA,NA
Eucoelophysis__wmm_z_trans,-0.08075499592276174,-0.006374285298950049,0.014675969022584057,NA,NA,NA
Eucoelophysis__cmm_z_trans,-0.07559356201614718,-0.006685751393309604,0.017089907067511283,NA,NA,NA
Eucoelophysis__wmmcmm_z_trans,0.011935559117409867,-0.0038206046583393947,0.013427840119488992,NA,NA,NA
Eucoelophysis__wetmon_z_trans,0.17780259805265813,-0.004861549836202027,0.034585515744732065,NA,NA,NA
Eucoelophysis__drymon_z_trans,0.027140149154583924,-0.0015536034903929556,0.009259128141744661,NA,NA,NA
Eucoelophysis__wetdry_z_trans,0.1974035577752511,-0.0040599678683220786,0.03947340431561465,NA,NA,NA
Eucoelophysis__time,0.07687455829931424,-6.205218409235872e-05,0.007721602112032453,NA,NA,NA
Eudibamus__lat_range_z_trans,0.3048224171251059,0.0005385730163114034,0.007481220589332132,0.2651912665704549,0.1087137027643621,0.3775476813316345
Eudibamus__Temperate_N,0.2717858087271452,-0.0004759461304868772,0.010679438322238827,NA,NA,NA
Eudibamus__Tropical,-0.6613488185830829,-0.0061469733423095635,0.0019760916166184383,NA,NA,NA
Eudibamus__Temperate_S,0.43519015327095983,0.0003533866691257785,0.01207254802425285,NA,NA,NA
Eudibamus__Antarctic,0.10675761099904775,8.3619808018126e-05,0.0036390441331003416,NA,NA,NA
Eudibamus__mat_z_trans,0.18177194974618033,-0.006099108079362916,0.025731438262011894,NA,NA,NA
Eudibamus__map_z_trans,0.7195469520241022,-0.0042226955668109144,0.04025504851818756,NA,NA,NA
Eudibamus__wmm_z_trans,-0.10781347077339888,-0.004446664942651884,0.012626578119896774,NA,NA,NA
Eudibamus__cmm_z_trans,-0.331848929701373,-0.0072275154829992165,0.022549134301141725,NA,NA,NA
Eudibamus__wmmcmm_z_trans,-0.14563301753718405,-0.005379844717923718,0.016508873838069555,NA,NA,NA
Eudibamus__wetmon_z_trans,-0.26283300827257333,-0.009251980782635729,0.02205467624696274,NA,NA,NA
Eudibamus__drymon_z_trans,-0.2023298365343362,-0.009092391263480062,0.020655297331571894,NA,NA,NA
Eudibamus__wetdry_z_trans,-0.19064958517439665,-0.005552822295981391,0.015359675875402599,NA,NA,NA
Eudibamus__time,-0.09763617674878333,-0.004310545968126317,0.0077976912413481834,NA,NA,NA
Eudimorphodon__lat_range_z_trans,-0.5430396050214767,-0.01487442782627145,-0.011210853820768562,0.10294278105800914,0.0014911331236362457,0.2984411882061977
Eudimorphodon__Temperate_N,-0.11562340640572075,-0.003500845264604207,0.004278794836483775,NA,NA,NA
Eudimorphodon__Tropical,-0.10635718423232902,-0.003500428863899439,0.004159251950088209,NA,NA,NA
Eudimorphodon__Temperate_S,0.3033556519076228,0.0013426267001568416,0.022498516875936486,NA,NA,NA
Eudimorphodon__Antarctic,0.035887275150598724,-0.00020221957625184744,0.0038297387593413386,NA,NA,NA
Eudimorphodon__mat_z_trans,0.12590483960695564,-0.006182690241124789,0.034860530450979726,NA,NA,NA
Eudimorphodon__map_z_trans,-0.1869126578347641,-0.0060369149937035205,0.011532178464822494,NA,NA,NA
Eudimorphodon__wmm_z_trans,-0.03726010415819474,-0.003022561786120723,0.0103652730329043,NA,NA,NA
Eudimorphodon__cmm_z_trans,-0.12909050880698486,-0.00956932047290264,0.017706490091391507,NA,NA,NA
Eudimorphodon__wmmcmm_z_trans,-0.005826385344844312,-0.006201070326999547,0.02510252924953095,NA,NA,NA
Eudimorphodon__wetmon_z_trans,0.23135921523906292,-0.0028059881351626555,0.037001786439439806,NA,NA,NA
Eudimorphodon__drymon_z_trans,0.033543147714517545,-0.0012183294660373543,0.0066712236990887986,NA,NA,NA
Eudimorphodon__wetdry_z_trans,0.240178776322864,-0.004727702826358059,0.04221288614090497,NA,NA,NA
Eudimorphodon__time,0.08504198619688395,-0.0007310360000338912,0.010378410249991676,NA,NA,NA
Eumetabolodon__lat_range_z_trans,-0.9790192469954491,-0.010303737527312862,-0.015387613647756461,0.2750066847562266,0.07940180413424969,0.563734132796526
Eumetabolodon__Temperate_N,-0.879724097084254,-0.012067964327203052,0.0012286132150028197,NA,NA,NA
Eumetabolodon__Tropical,0.20710596674587578,-0.0017265572604687719,0.014782951320826767,NA,NA,NA
Eumetabolodon__Temperate_S,0.4768368288874626,0.001043040466522524,0.019660569395284464,NA,NA,NA
Eumetabolodon__Antarctic,0.08114202350378036,0.0001428576146178364,0.0039078863144864535,NA,NA,NA
Eumetabolodon__mat_z_trans,-0.11985524529591203,-0.010441604729987388,0.027903391735937807,NA,NA,NA
Eumetabolodon__map_z_trans,0.4517622503452003,-0.0002204108655230095,0.030364378337098603,NA,NA,NA
Eumetabolodon__wmm_z_trans,0.2996210279036313,-0.0018611337598066998,0.02471253580967573,NA,NA,NA
Eumetabolodon__cmm_z_trans,0.4431502345649642,-0.005180811802412541,0.035976638547965414,NA,NA,NA
Eumetabolodon__wmmcmm_z_trans,0.19369431907311083,-0.0027313433783191354,0.025244356547740737,NA,NA,NA
Eumetabolodon__wetmon_z_trans,-0.14749309381470085,-0.007866248430706449,0.014071940929392379,NA,NA,NA
Eumetabolodon__drymon_z_trans,0.1049727226793766,-0.0009434896016798094,0.006188458414446141,NA,NA,NA
Eumetabolodon__wetdry_z_trans,-0.14238743965514003,-0.008433483806431843,0.023217829801495254,NA,NA,NA
Eumetabolodon__time,0.06293752981306171,-0.0006400216706020825,0.007514819698539386,NA,NA,NA
Eunotosaurus__lat_range_z_trans,-0.5805371739495293,-0.010029767576580854,-0.005949522463326522,0.36861854252384546,0.07270841673016548,0.9547224417328835
Eunotosaurus__Temperate_N,0.23678959552100382,0.00047410435179168783,0.014928917430479081,NA,NA,NA
Eunotosaurus__Tropical,0.166529794252887,-2.4789276281336062e-05,0.011972311069336097,NA,NA,NA
Eunotosaurus__Temperate_S,-0.24518797667032327,-0.006222394563943899,-0.0005189120897139399,NA,NA,NA
Eunotosaurus__Antarctic,0.028987147325360594,-0.0001483229121918626,0.0027161689219853047,NA,NA,NA
Eunotosaurus__mat_z_trans,-0.08786458057778618,-0.014675104017712288,0.034414736313815864,NA,NA,NA
Eunotosaurus__map_z_trans,0.10332813990036975,-0.0009153936221248041,0.011475727517432694,NA,NA,NA
Eunotosaurus__wmm_z_trans,0.3743051288103345,-0.005576944706237429,0.03986422792720245,NA,NA,NA
Eunotosaurus__cmm_z_trans,-0.013523599308937753,-0.006927056462898127,0.03294022354263477,NA,NA,NA
Eunotosaurus__wmmcmm_z_trans,-0.005572534869699438,-0.007172640568540087,0.02967077371579652,NA,NA,NA
Eunotosaurus__wetmon_z_trans,0.06882210889598477,-0.000939895871982671,0.009214563273301982,NA,NA,NA
Eunotosaurus__drymon_z_trans,0.09542089536954883,-0.002759994115628032,0.018308834727043286,NA,NA,NA
Eunotosaurus__wetdry_z_trans,-0.026519715773632446,-0.004307989548853442,0.01114149174216908,NA,NA,NA
Eunotosaurus__time,0.020774652450328064,-0.0020047201881301315,0.009207214791978838,NA,NA,NA
Euparkeria__lat_range_z_trans,0.023178715010714415,0.0016834409930373373,0.010843849541786264,2.597294812311593,0.09393199160695076,5.604935571551323
Euparkeria__Temperate_N,0.033359050534009234,0.001597356449302945,0.018558111022841092,NA,NA,NA
Euparkeria__Tropical,0.019349102825328243,-0.0009090255648458956,0.011423625277401539,NA,NA,NA
Euparkeria__Temperate_S,-0.054479000683587075,-0.01579696998737486,-0.005177533884053589,NA,NA,NA
Euparkeria__Antarctic,-0.0005548331552239684,-0.0016116092771227275,0.002012533414410181,NA,NA,NA
Euparkeria__mat_z_trans,0.01193436362798823,-0.00598467134450579,0.028001838988681676,NA,NA,NA
Euparkeria__map_z_trans,0.04330862491414241,-0.0007767296138883693,0.029196025172894813,NA,NA,NA
Euparkeria__wmm_z_trans,0.02847018117145286,-0.0018301420485212967,0.024046392103312404,NA,NA,NA
Euparkeria__cmm_z_trans,0.0293309767210215,-0.005855772078755616,0.03171972465294978,NA,NA,NA
Euparkeria__wmmcmm_z_trans,0.015154220915254615,-0.004293903023770688,0.020444089462085396,NA,NA,NA
Euparkeria__wetmon_z_trans,-0.008878996894897821,-0.011840348497522196,0.017877027713880327,NA,NA,NA
Euparkeria__drymon_z_trans,0.004865097692479432,-0.0009313546201731788,0.006204179314634878,NA,NA,NA
Euparkeria__wetdry_z_trans,-0.007801950133059731,-0.011877505002754666,0.020535335343722094,NA,NA,NA
Euparkeria__time,-0.0014836711697134594,-0.0028036754624182793,0.0037015582955886553,NA,NA,NA
Eusaurosphargis__lat_range_z_trans,-0.13881181958271724,-0.017440148050439648,-0.008612209011766406,0.9106450810755632,0.027318738400936127,3.123372256755829
Eusaurosphargis__Temperate_N,-0.033231089247729495,-0.005916451201007698,0.00661463646532204,NA,NA,NA
Eusaurosphargis__Tropical,-0.00973045548254012,-0.005014718935753578,0.014941411585625255,NA,NA,NA
Eusaurosphargis__Temperate_S,0.05856523314079876,0.0013065801786239317,0.01846380145335356,NA,NA,NA
Eusaurosphargis__Antarctic,-0.0009756688518207744,-0.001380578365911074,0.0014124674935857122,NA,NA,NA
Eusaurosphargis__mat_z_trans,0.03944161624163385,-0.004898303071940596,0.034023484251777675,NA,NA,NA
Eusaurosphargis__map_z_trans,0.06881602523410775,-0.0015178797250020633,0.024363414037987793,NA,NA,NA
Eusaurosphargis__wmm_z_trans,0.05373878315910331,-0.0035922641076902005,0.020193943496146376,NA,NA,NA
Eusaurosphargis__cmm_z_trans,0.0769822913404294,-0.0015562164495317927,0.045181786328296086,NA,NA,NA
Eusaurosphargis__wmmcmm_z_trans,0.032419793297152326,-0.003460969087030811,0.01894261168532633,NA,NA,NA
Eusaurosphargis__wetmon_z_trans,-0.011713333478540155,-0.007830017644992844,0.013716256489317588,NA,NA,NA
Eusaurosphargis__drymon_z_trans,0.007516528367211568,-0.0015571298302953225,0.004686534864594192,NA,NA,NA
Eusaurosphargis__wetdry_z_trans,-0.007660881567251124,-0.006968797557827137,0.020777779188939843,NA,NA,NA
Eusaurosphargis__time,0.0003948588060707645,-0.0014040152305144441,0.004680838091629452,NA,NA,NA
Euscolosuchus__lat_range_z_trans,0.10720453919179192,0.0017720573336320895,0.014269782757170967,0.6473793236399069,0.25438315235078335,1.4983944741543382
Euscolosuchus__Temperate_N,0.16435236721483445,0.0019653027361379023,0.023719234013388036,NA,NA,NA
Euscolosuchus__Tropical,-0.23761995338711414,-0.014365712526993374,0.0009791785919386565,NA,NA,NA
Euscolosuchus__Temperate_S,0.18058613884402777,0.0020117540682568717,0.026606668040759517,NA,NA,NA
Euscolosuchus__Antarctic,0.02995476914284415,0.00017867104759848208,0.004783492627956538,NA,NA,NA
Euscolosuchus__mat_z_trans,-0.0006435078006287359,-0.00628543399971907,0.022838471961304497,NA,NA,NA
Euscolosuchus__map_z_trans,-0.1418391236608268,-0.012139983262707198,0.00883479246165537,NA,NA,NA
Euscolosuchus__wmm_z_trans,-0.06355571605406898,-0.008144310403336704,0.011821758743172144,NA,NA,NA
Euscolosuchus__cmm_z_trans,-0.0582211183828593,-0.007012836196427423,0.012461547241943684,NA,NA,NA
Euscolosuchus__wmmcmm_z_trans,-0.016427234976595855,-0.004408083973486095,0.01190727092204426,NA,NA,NA
Euscolosuchus__wetmon_z_trans,0.06059279894179279,-0.004420261741924799,0.03141415003776288,NA,NA,NA
Euscolosuchus__drymon_z_trans,0.005822536438553293,-0.0029936319770317832,0.010072932962157473,NA,NA,NA
Euscolosuchus__wetdry_z_trans,0.06809492316877724,-0.006725175199133306,0.03312242048981708,NA,NA,NA
Euscolosuchus__time,0.037450462695381034,-0.0006632649841788741,0.006555055569064401,NA,NA,NA
Fasolasuchus__lat_range_z_trans,0.2718626697361469,0.0010532424064356417,0.010667470898889737,0.1551210332334449,0.05181340128183365,0.23569641262292862
Fasolasuchus__Temperate_N,0.35183033186942336,0.00023678013673866772,0.017181712145198393,NA,NA,NA
Fasolasuchus__Tropical,0.3086993142962456,0.00035714149352290847,0.015195986793496912,NA,NA,NA
Fasolasuchus__Temperate_S,-0.5835082529218926,-0.008521407939300547,0.002536290640572309,NA,NA,NA
Fasolasuchus__Antarctic,0.08208118190057576,0.0001298413637833805,0.003785552189846082,NA,NA,NA
Fasolasuchus__mat_z_trans,0.09078510543215089,-0.008186286848930127,0.032629117666974135,NA,NA,NA
Fasolasuchus__map_z_trans,-0.4002210160461254,-0.008577517476936667,0.006480582122239163,NA,NA,NA
Fasolasuchus__wmm_z_trans,-0.15742374172899873,-0.004352821856519636,0.007558481247267527,NA,NA,NA
Fasolasuchus__cmm_z_trans,-0.48826721230754627,-0.01226832765550702,0.017010121795810552,NA,NA,NA
Fasolasuchus__wmmcmm_z_trans,-0.20787634799722582,-0.007642717564215015,0.022282117205534885,NA,NA,NA
Fasolasuchus__wetmon_z_trans,0.24782272927463056,-0.006160797008116948,0.02939727905409614,NA,NA,NA
Fasolasuchus__drymon_z_trans,0.05316102197859436,-0.000870049814159729,0.006693286631215293,NA,NA,NA
Fasolasuchus__wetdry_z_trans,0.24142829293385148,-0.005642958595006264,0.036225012308030616,NA,NA,NA
Fasolasuchus__time,0.12418406295357272,-0.0007850297211019294,0.011743745720963759,NA,NA,NA
Faxinalipterus__lat_range_z_trans,0.23136319740312228,0.0011837711014983522,0.011880846639323832,0.3856045202862879,0.06032001972198486,1.0185039676725864
Faxinalipterus__Temperate_N,0.3133839116357299,0.00047577684561245177,0.023406225924189488,NA,NA,NA
Faxinalipterus__Tropical,0.267696873570782,0.0003712840041169672,0.01966359034647563,NA,NA,NA
Faxinalipterus__Temperate_S,-0.4941070957934071,-0.010508068303073917,-0.0011818984525847627,NA,NA,NA
Faxinalipterus__Antarctic,0.06201265962191231,2.9617453013712102e-05,0.0037979855856522613,NA,NA,NA
Faxinalipterus__mat_z_trans,0.0976460120144924,-0.006071275844962664,0.03503783532361529,NA,NA,NA
Faxinalipterus__map_z_trans,-0.2984502840652266,-0.007260758750130092,0.007188353317218819,NA,NA,NA
Faxinalipterus__wmm_z_trans,-0.12651141014842615,-0.005495055135139272,0.008481726486028627,NA,NA,NA
Faxinalipterus__cmm_z_trans,-0.3173046057334651,-0.012754143381167756,0.014589018279580642,NA,NA,NA
Faxinalipterus__wmmcmm_z_trans,-0.1459875307979189,-0.00776303479227829,0.012691409381409616,NA,NA,NA
Faxinalipterus__wetmon_z_trans,0.20728156705260314,-0.0050255691079679815,0.0315674187997528,NA,NA,NA
Faxinalipterus__drymon_z_trans,0.037379173693569634,-0.0015176178781744084,0.0076348333105635,NA,NA,NA
Faxinalipterus__wetdry_z_trans,0.21093913791166233,-0.006095312217886382,0.03448346190063141,NA,NA,NA
Faxinalipterus__time,0.09041027501047887,-0.0008005230727739963,0.010145949578278347,NA,NA,NA
Feeserpeton__lat_range_z_trans,0.30796484924852846,0.0006694895406175631,0.007767956022878554,0.23433829766407144,0.1124894767999649,0.3555551376193762
Feeserpeton__Temperate_N,0.26080107504501937,-0.00035058638787856456,0.01066767711959497,NA,NA,NA
Feeserpeton__Tropical,-0.6888889635214582,-0.006591333338173967,0.00197391535853776,NA,NA,NA
Feeserpeton__Temperate_S,0.4320507691800594,0.0003789327208306759,0.011578038686606822,NA,NA,NA
Feeserpeton__Antarctic,0.10819395182654262,8.966461990780238e-05,0.003635036475189138,NA,NA,NA
Feeserpeton__mat_z_trans,0.24049835811601952,-0.0065400079320217805,0.025703100380319446,NA,NA,NA
Feeserpeton__map_z_trans,0.8614032058045268,-0.003376904206875284,0.038801071384820605,NA,NA,NA
Feeserpeton__wmm_z_trans,-0.15719427324831486,-0.004450936456528203,0.008492539085362776,NA,NA,NA
Feeserpeton__cmm_z_trans,-0.37597302539274097,-0.007812965485142943,0.022524301072093807,NA,NA,NA
Feeserpeton__wmmcmm_z_trans,-0.1440329022007063,-0.0057687495729608,0.016490692712361185,NA,NA,NA
Feeserpeton__wetmon_z_trans,-0.3747701058071107,-0.009117593784480967,0.019937000508492102,NA,NA,NA
Feeserpeton__drymon_z_trans,-0.15749211293645204,-0.0077689533597741145,0.02868356356939971,NA,NA,NA
Feeserpeton__wetdry_z_trans,-0.21784117330797018,-0.005954231567678505,0.01534276035465481,NA,NA,NA
Feeserpeton__time,-0.10725861202052328,-0.004636733869154197,0.007789103689823798,NA,NA,NA
Feralisaurus__lat_range_z_trans,0.06180970183939168,0.0014667889546473988,0.015191889277887718,1.0423982402510592,0.09145106002688408,6.657640727236867
Feralisaurus__Temperate_N,0.08659873964114313,0.000931663972280163,0.017756998317901306,NA,NA,NA
Feralisaurus__Tropical,-0.14373827367377806,-0.013025938728127478,0.0025063825813389506,NA,NA,NA
Feralisaurus__Temperate_S,0.0952201868831055,0.0011896964951949173,0.019085636273926364,NA,NA,NA
Feralisaurus__Antarctic,0.01271763289170723,-0.0004367045798486315,0.004844521211420316,NA,NA,NA
Feralisaurus__mat_z_trans,0.00478632020376513,-0.0059873201921230865,0.010529846186891172,NA,NA,NA
Feralisaurus__map_z_trans,0.103741582302933,-0.0037506057352245385,0.032643021925814746,NA,NA,NA
Feralisaurus__wmm_z_trans,0.050565143276676994,-0.002345989278858652,0.02093820360191949,NA,NA,NA
Feralisaurus__cmm_z_trans,0.018112413700122523,-0.003274673663827205,0.03700503466128821,NA,NA,NA
Feralisaurus__wmmcmm_z_trans,-0.02055383541086772,-0.006016633476585113,0.013914107086828503,NA,NA,NA
Feralisaurus__wetmon_z_trans,-0.07950433877212819,-0.014603508757140251,0.016492979726604733,NA,NA,NA
Feralisaurus__drymon_z_trans,0.009356402670437051,-0.0007201454356662949,0.004150798467832233,NA,NA,NA
Feralisaurus__wetdry_z_trans,-0.07111114902880282,-0.01337668665840185,0.020408829205700064,NA,NA,NA
Feralisaurus__time,0.007751354852203382,-0.0012808519956326553,0.00391850789478169,NA,NA,NA
Fodonyx__lat_range_z_trans,0.015552296263444072,0.0020720409566828647,0.01020302122744152,4.343149191120173,0.11101508140563965,8.121631272137165
Fodonyx__Temperate_N,0.022158772303016216,0.000953867664294342,0.015259361769981435,NA,NA,NA
Fodonyx__Tropical,-0.018890846884455022,-0.013485371844506742,0.002609787530058157,NA,NA,NA
Fodonyx__Temperate_S,0.023685338887703196,0.00198822528421249,0.015949450549403606,NA,NA,NA
Fodonyx__Antarctic,-0.001993955681822281,-0.0021167844968002615,0.0024335271429903626,NA,NA,NA
Fodonyx__mat_z_trans,0.013566126962016076,-0.007163017174700097,0.023009518802189398,NA,NA,NA
Fodonyx__map_z_trans,0.028568920371698475,-0.0022493495704122603,0.029198873183611702,NA,NA,NA
Fodonyx__wmm_z_trans,0.01708446205139827,-0.0024775789388496645,0.024466209965639897,NA,NA,NA
Fodonyx__cmm_z_trans,0.02849495425805562,-0.004659575283039494,0.03301743205333655,NA,NA,NA
Fodonyx__wmmcmm_z_trans,0.013543847253772412,-0.004560640381864129,0.020708586910707746,NA,NA,NA
Fodonyx__wetmon_z_trans,-0.003998849649580088,-0.014823939674536744,0.01550706548418953,NA,NA,NA
Fodonyx__drymon_z_trans,0.001267539206759916,-0.0019382063254111844,0.0030819822914500417,NA,NA,NA
Fodonyx__wetdry_z_trans,-0.0016154221019512242,-0.01023526444863191,0.021824425352490427,NA,NA,NA
Fodonyx__time,-0.0016713018641467724,-0.002535314845750491,0.002117514156645138,NA,NA,NA
Fraserosphenodon__lat_range_z_trans,-0.509175179451704,-0.01517283121192717,-0.011012155608929436,0.2595327435840227,0.022306534461677074,0.5393975074402988
Fraserosphenodon__Temperate_N,-0.20083084950689226,-0.008505709535598212,0.0009191514969578971,NA,NA,NA
Fraserosphenodon__Tropical,-0.1199445219966583,-0.007185682121077531,0.003992079676571285,NA,NA,NA
Fraserosphenodon__Temperate_S,0.32206525871763003,0.0016701127534426066,0.03022882517813594,NA,NA,NA
Fraserosphenodon__Antarctic,0.019942824381869288,-0.0006430712035694969,0.0033180969226631546,NA,NA,NA
Fraserosphenodon__mat_z_trans,0.15664918027312524,-0.0025626075157288426,0.03094796680126691,NA,NA,NA
Fraserosphenodon__map_z_trans,-0.012596255465177819,-0.007055377348912751,0.01957210460369354,NA,NA,NA
Fraserosphenodon__wmm_z_trans,0.007703966824628879,-0.00360572780080148,0.013251044081667999,NA,NA,NA
Fraserosphenodon__cmm_z_trans,0.09381532089202665,-0.0036412289306616027,0.025907486591304044,NA,NA,NA
Fraserosphenodon__wmmcmm_z_trans,0.09108979113399983,-0.0016054911166741574,0.01969174474045394,NA,NA,NA
Fraserosphenodon__wetmon_z_trans,0.1151632228831295,-0.006769165730987293,0.029486936359829134,NA,NA,NA
Fraserosphenodon__drymon_z_trans,0.020967762152431534,-0.0013812864146322918,0.008202604880859719,NA,NA,NA
Fraserosphenodon__wetdry_z_trans,0.06916276451433077,-0.004320083932483047,0.03778737776962885,NA,NA,NA
Fraserosphenodon__time,0.049839802898350175,-0.00045275896970200954,0.007093492926032531,NA,NA,NA
Fraxinisaura__lat_range_z_trans,0.08129348596321366,0.0022759193189632898,0.018803310013432255,0.8396704190783203,0.3653787113726139,1.4592536193376873
Fraxinisaura__Temperate_N,-0.24012608332078417,-0.020588418068909726,-0.007520842794851114,NA,NA,NA
Fraxinisaura__Tropical,0.08952399480431632,0.0004637481374428497,0.025307935685861014,NA,NA,NA
Fraxinisaura__Temperate_S,0.13464238070771467,0.0023643029060378064,0.03202721737572849,NA,NA,NA
Fraxinisaura__Antarctic,0.01982375084590123,0.00010009208724982167,0.005523931366643527,NA,NA,NA
Fraxinisaura__mat_z_trans,-0.00926423789799306,-0.008061796674329776,0.021131610946178315,NA,NA,NA
Fraxinisaura__map_z_trans,-0.00063085638422472,-0.0033285237062212186,0.011733491150628978,NA,NA,NA
Fraxinisaura__wmm_z_trans,0.008243899866703182,-0.0023991993913397183,0.012740903133247694,NA,NA,NA
Fraxinisaura__cmm_z_trans,0.04800310024052762,-0.006015413839864038,0.028519609254663653,NA,NA,NA
Fraxinisaura__wmmcmm_z_trans,0.03348875888056811,-0.006741963286862001,0.021726844034866744,NA,NA,NA
Fraxinisaura__wetmon_z_trans,-0.026443968366693032,-0.00827361166259612,0.015209242696643279,NA,NA,NA
Fraxinisaura__drymon_z_trans,0.00729590552404699,-0.0021743788932521075,0.009149491923135715,NA,NA,NA
Fraxinisaura__wetdry_z_trans,-0.028736850610767233,-0.00828060211656617,0.017663370418809582,NA,NA,NA
Fraxinisaura__time,0.018638601123379266,-0.0005710638890661709,0.007370641215147382,NA,NA,NA
Fugusuchus__lat_range_z_trans,0.02564632383643746,0.00184207791327114,0.010894197073033405,2.506737923556284,1.256210207939148,4.053047463297844
Fugusuchus__Temperate_N,-0.05456310862766897,-0.013477715939213323,-0.0017828871650759864,NA,NA,NA
Fugusuchus__Tropical,0.021151207391810055,-0.0017327253652021709,0.01265387425587995,NA,NA,NA
Fugusuchus__Temperate_S,0.03844344433986244,0.0020546757350160313,0.017343865175439087,NA,NA,NA
Fugusuchus__Antarctic,0.0007284522403470995,-0.0005796599953145097,0.0020846900607565245,NA,NA,NA
Fugusuchus__mat_z_trans,0.0025171892712013955,-0.00952824657485028,0.023348952409060854,NA,NA,NA
Fugusuchus__map_z_trans,0.0469901389827232,-0.0022754814058693193,0.02915576269550334,NA,NA,NA
Fugusuchus__wmm_z_trans,0.022656729276045246,-0.0043658031004843315,0.021205694211174273,NA,NA,NA
Fugusuchus__cmm_z_trans,0.030092856007475487,-0.003920892580263418,0.03042279445614314,NA,NA,NA
Fugusuchus__wmmcmm_z_trans,0.013095931321792488,-0.005164791099432674,0.020556507888906086,NA,NA,NA
Fugusuchus__wetmon_z_trans,-0.005149308307841168,-0.010211987093916106,0.017336119839364315,NA,NA,NA
Fugusuchus__drymon_z_trans,0.0049749221759873485,-0.0012171271859359155,0.00628180576761758,NA,NA,NA
Fugusuchus__wetdry_z_trans,-0.008288808820352633,-0.010722171507498188,0.024096504296348933,NA,NA,NA
Fugusuchus__time,-0.0025440877119106207,-0.0019310608796202142,0.005788875455984009,NA,NA,NA
Fuyuansaurus__lat_range_z_trans,0.02373807742603191,0.002594498510770342,0.013511496564026806,2.5994101358334594,0.2660392774268985,5.713592316955328
Fuyuansaurus__Temperate_N,0.038122926405553495,0.002866378495524197,0.023207537821968105,NA,NA,NA
Fuyuansaurus__Tropical,-0.04188115960020644,-0.022769776894281193,0.010534840709824501,NA,NA,NA
Fuyuansaurus__Temperate_S,0.039427403164049024,0.00311019367352558,0.023812896098757544,NA,NA,NA
Fuyuansaurus__Antarctic,0.00021093405173278743,-0.0013497154777190948,0.002907839592797924,NA,NA,NA
Fuyuansaurus__mat_z_trans,0.013266814476237348,-0.008096260130969674,0.02155783495600357,NA,NA,NA
Fuyuansaurus__map_z_trans,0.012713502311617674,-0.00241689723806775,0.01711048033259505,NA,NA,NA
Fuyuansaurus__wmm_z_trans,0.005864667588507986,-0.0020438808516924905,0.01140194749290758,NA,NA,NA
Fuyuansaurus__cmm_z_trans,0.02431137189445278,-0.00459528399852022,0.026395647055741087,NA,NA,NA
Fuyuansaurus__wmmcmm_z_trans,0.020103175484564563,-0.004051923702927321,0.02504738944797724,NA,NA,NA
Fuyuansaurus__wetmon_z_trans,-0.003674132588825876,-0.010318453283163333,0.016436504186692142,NA,NA,NA
Fuyuansaurus__drymon_z_trans,0.00011876823250310268,-0.0029854098413348465,0.005727655459422573,NA,NA,NA
Fuyuansaurus__wetdry_z_trans,0.0011295282784982291,-0.010086872663236948,0.01800556452901426,NA,NA,NA
Fuyuansaurus__time,0.0023000042511922597,-0.001087505677220524,0.003729122172407119,NA,NA,NA
Galesphyrus__lat_range_z_trans,-0.5498380602896213,-0.00492276642971337,-0.0052075554190466515,0.1579763293684664,0.01003694161772728,0.368239289149642
Galesphyrus__Temperate_N,0.3588610428199172,0.0007965746297527319,0.013180220663178146,NA,NA,NA
Galesphyrus__Tropical,0.21945038369856776,-8.808479714732686e-05,0.00961803720105763,NA,NA,NA
Galesphyrus__Temperate_S,-0.5458005395298824,-0.00751749467702831,0.0002898329145617632,NA,NA,NA
Galesphyrus__Antarctic,0.06250218191038584,-9.167558115307661e-05,0.0027151530007901116,NA,NA,NA
Galesphyrus__mat_z_trans,-0.6608594455104321,-0.017219006303117547,0.030636139945132992,NA,NA,NA
Galesphyrus__map_z_trans,0.15183557168580591,-0.0006050856160832209,0.009545658255205166,NA,NA,NA
Galesphyrus__wmm_z_trans,0.31856407726183533,-0.0036481216142769937,0.03483602162848998,NA,NA,NA
Galesphyrus__cmm_z_trans,0.32197137519717217,-0.011200855632723671,0.03481217416512354,NA,NA,NA
Galesphyrus__wmmcmm_z_trans,0.26938126753550024,-0.004699754797371531,0.03465622312191896,NA,NA,NA
Galesphyrus__wetmon_z_trans,0.008596241648774594,-0.0023152905476032564,0.008698044336199797,NA,NA,NA
Galesphyrus__drymon_z_trans,0.0600709748105146,-0.004074431727457132,0.02208090864172157,NA,NA,NA
Galesphyrus__wetdry_z_trans,-0.08656862085685134,-0.004735563791222249,0.016353254729301634,NA,NA,NA
Galesphyrus__time,0.028716853980440646,-0.0009093521941683244,0.007172643236500865,NA,NA,NA
Gamatavus__lat_range_z_trans,0.3378496968746185,0.001434844416846537,0.012991030511337544,0.35229280845145694,0.2022004220634699,0.5372345931828022
Gamatavus__Temperate_N,0.4813998768944293,0.00098007609513314,0.025113653787492106,NA,NA,NA
Gamatavus__Tropical,0.3389168992434861,1.8012294496185827e-06,0.018610115614278482,NA,NA,NA
Gamatavus__Temperate_S,-1.140597857357934,-0.01741443590408149,-0.008624737331736467,NA,NA,NA
Gamatavus__Antarctic,0.10001474767923355,0.0003146238647085939,0.004689214755094847,NA,NA,NA
Gamatavus__mat_z_trans,-0.007043362921103835,-0.005174853090634224,0.018195081943546777,NA,NA,NA
Gamatavus__map_z_trans,0.13363325501792134,-0.003328609818865582,0.03527414662098541,NA,NA,NA
Gamatavus__wmm_z_trans,0.08208476377476473,-0.003322304823510118,0.018508420684827148,NA,NA,NA
Gamatavus__cmm_z_trans,0.10240525593981147,-0.003370192041467009,0.021577361205799776,NA,NA,NA
Gamatavus__wmmcmm_z_trans,0.058474376467056575,-0.006279019855277816,0.014875983156959502,NA,NA,NA
Gamatavus__wetmon_z_trans,-0.27116260955750476,-0.011510789330362392,0.016703609934620712,NA,NA,NA
Gamatavus__drymon_z_trans,0.036772261269507,-0.0019638790973839837,0.0063860656664211255,NA,NA,NA
Gamatavus__wetdry_z_trans,-0.23709850994870066,-0.011145882374566094,0.028866939933625508,NA,NA,NA
Gamatavus__time,0.09402184030623176,-0.0004522883493024546,0.0062198699368830246,NA,NA,NA
Gansurhinus__lat_range_z_trans,-0.01247092345406815,-0.002513739424225323,0.00033214339920770934,2.107792685308814,0.026508647948503494,4.8705776166170835
Gansurhinus__Temperate_N,-0.02502561941835107,-0.0068943542469455475,0.008800956030355236,NA,NA,NA
Gansurhinus__Tropical,0.0277025061168642,0.00011899045210719552,0.010442626734834,NA,NA,NA
Gansurhinus__Temperate_S,0.03135721230432523,6.529845625322244e-05,0.011632654154251612,NA,NA,NA
Gansurhinus__Antarctic,0.0002763354345303288,-0.0008681804583098872,0.0021519143863999186,NA,NA,NA
Gansurhinus__mat_z_trans,0.03139258152067689,-0.0073897390168041616,0.026620152399558842,NA,NA,NA
Gansurhinus__map_z_trans,0.06305001030916298,-0.002511019370613941,0.04055693947145713,NA,NA,NA
Gansurhinus__wmm_z_trans,0.006254248880731238,-0.0051948436790910475,0.01539526052660537,NA,NA,NA
Gansurhinus__cmm_z_trans,-0.008304830534813856,-0.0070258076223123625,0.017770392170844737,NA,NA,NA
Gansurhinus__wmmcmm_z_trans,-0.0056950382446760844,-0.008131805510827981,0.0180927975005654,NA,NA,NA
Gansurhinus__wetmon_z_trans,0.004483593026434701,-0.006460431857025111,0.01869066736785807,NA,NA,NA
Gansurhinus__drymon_z_trans,0.02582193875975738,-0.0070579575846688915,0.03123941347870826,NA,NA,NA
Gansurhinus__wetdry_z_trans,0.0013189025098034144,-0.004426902493821105,0.011556577358932136,NA,NA,NA
Gansurhinus__time,-0.0044090358344683715,-0.002940416723028336,0.00610426144055708,NA,NA,NA
Garjainia__lat_range_z_trans,-0.8143091890215873,-0.020804566079839867,-0.020707868942541723,0.1410839638173843,0.010693663731217384,0.3019565986469388
Garjainia__Temperate_N,-0.26555610230192545,-0.007278845000298823,-0.0025485629991053786,NA,NA,NA
Garjainia__Tropical,0.13934617975974106,-2.9424397116993144e-06,0.01698785196396898,NA,NA,NA
Garjainia__Temperate_S,-0.2756656448915601,-0.006656608159647281,-0.000548317803057144,NA,NA,NA
Garjainia__Antarctic,0.008291069557890296,-0.0004853148554420246,0.0020792785539013514,NA,NA,NA
Garjainia__mat_z_trans,0.12764796307572396,-0.004754282251849232,0.03276446454957452,NA,NA,NA
Garjainia__map_z_trans,0.27672100575175135,-0.001547515310312483,0.034934761788309114,NA,NA,NA
Garjainia__wmm_z_trans,0.2236092926794663,-0.0018624237057714877,0.028491813775871,NA,NA,NA
Garjainia__cmm_z_trans,0.36865843504667284,-0.0033953979995871406,0.04872298924097392,NA,NA,NA
Garjainia__wmmcmm_z_trans,0.1773333475945401,-0.002704294463470352,0.025613232605344944,NA,NA,NA
Garjainia__wetmon_z_trans,0.006156196808442474,-0.004055076817786991,0.017115748550123055,NA,NA,NA
Garjainia__drymon_z_trans,0.04015831904369407,-0.001284784231955978,0.0077333476416817076,NA,NA,NA
Garjainia__wetdry_z_trans,-0.025525032270234078,-0.005245515178849895,0.022414453806198133,NA,NA,NA
Garjainia__time,0.010434124710975538,-0.001153342584790022,0.0063335636888930255,NA,NA,NA
Garzapelta__lat_range_z_trans,0.2898641209304333,0.0008390681102726702,0.011001038254767576,0.2596987438420911,0.08860311284661293,0.46625104546546936
Garzapelta__Temperate_N,0.3609614971652627,0.0002537888854875335,0.01782022641401728,NA,NA,NA
Garzapelta__Tropical,-0.46906083944253624,-0.007444612376371159,0.00037974874028882206,NA,NA,NA
Garzapelta__Temperate_S,0.4654854382760823,0.0009041501453721647,0.020201088087175578,NA,NA,NA
Garzapelta__Antarctic,0.08597767889499665,0.00011196292946519398,0.0037062715830714654,NA,NA,NA
Garzapelta__mat_z_trans,0.055781646319665014,-0.009390836753542416,0.029307902251491172,NA,NA,NA
Garzapelta__map_z_trans,-0.45676118883304295,-0.007711367792313521,0.005898430935830916,NA,NA,NA
Garzapelta__wmm_z_trans,-0.21935937246773393,-0.005676707083290497,0.00800043769577345,NA,NA,NA
Garzapelta__cmm_z_trans,-0.5385549352056114,-0.009731129011079863,0.021657092084535225,NA,NA,NA
Garzapelta__wmmcmm_z_trans,-0.2068286078213714,-0.0068163133996854905,0.019824835165562802,NA,NA,NA
Garzapelta__wetmon_z_trans,0.24258445276878773,-0.005475733026948472,0.03166698239406181,NA,NA,NA
Garzapelta__drymon_z_trans,0.04113947771023959,-0.0010057509755384976,0.007853277267495396,NA,NA,NA
Garzapelta__wetdry_z_trans,0.23553673564456404,-0.009149527454252668,0.031171018602988487,NA,NA,NA
Garzapelta__time,0.14799148635742312,-0.0009379012768882584,0.010898406943075525,NA,NA,NA
Gecatogomphius__lat_range_z_trans,0.09036431719680697,0.0007931333640614658,0.010830651636727558,0.7249618914213898,0.0806568544358015,2.901576550444588
Gecatogomphius__Temperate_N,-0.22228200945910942,-0.011069805564255339,0.00237169118923182,NA,NA,NA
Gecatogomphius__Tropical,0.10837700349459303,0.0005038300685301528,0.01563083748457688,NA,NA,NA
Gecatogomphius__Temperate_S,0.13133693545772673,0.0005018276715975466,0.017941747051276758,NA,NA,NA
Gecatogomphius__Antarctic,0.022928175845191575,1.8598938152294772e-05,0.004420266808279106,NA,NA,NA
Gecatogomphius__mat_z_trans,0.025779693155743664,-0.0032319501970528553,0.014807438813034512,NA,NA,NA
Gecatogomphius__map_z_trans,0.047476833821431925,-0.0014861437985869879,0.010713121978753837,NA,NA,NA
Gecatogomphius__wmm_z_trans,0.1138969978995148,-0.006743345701082765,0.03867532981921436,NA,NA,NA
Gecatogomphius__cmm_z_trans,-0.06818849236903513,-0.006329613002695885,0.010100961219090411,NA,NA,NA
Gecatogomphius__wmmcmm_z_trans,-0.0993449404107632,-0.011047522720137757,0.03027853086309325,NA,NA,NA
Gecatogomphius__wetmon_z_trans,0.001825436684501371,-0.004152976608448025,0.016112909161635172,NA,NA,NA
Gecatogomphius__drymon_z_trans,0.048698808716854725,-0.007049080833911126,0.024053278922550443,NA,NA,NA
Gecatogomphius__wetdry_z_trans,-0.03286602286728433,-0.005264007267506712,0.009194510540071903,NA,NA,NA
Gecatogomphius__time,-0.03225085579026392,-0.006673853427977284,0.014255480932599483,NA,NA,NA
Gephyrosaurus__lat_range_z_trans,0.05896916475874607,0.0014004612332844698,0.00928230166203305,0.8830952695448582,0.28000633046031,1.4826388619840145
Gephyrosaurus__Temperate_N,-0.06564061750488118,-0.006440756667561472,0.005735356521876431,NA,NA,NA
Gephyrosaurus__Tropical,0.06381361021109588,3.6974866648296356e-05,0.01333119463960349,NA,NA,NA
Gephyrosaurus__Temperate_S,0.09123251333180417,0.0009587579813755934,0.018118324271184514,NA,NA,NA
Gephyrosaurus__Antarctic,0.009902526304233368,-8.666467001093114e-05,0.0030015983612184625,NA,NA,NA
Gephyrosaurus__mat_z_trans,0.04601612409864587,-0.006334093310580747,0.036308484826883716,NA,NA,NA
Gephyrosaurus__map_z_trans,-0.05986791726221278,-0.006378380518628034,0.006124540948440167,NA,NA,NA
Gephyrosaurus__wmm_z_trans,-0.09253334504663134,-0.01237390406998442,0.018642540125132,NA,NA,NA
Gephyrosaurus__cmm_z_trans,-0.05122815695286333,-0.01042547996614031,0.01449205482063514,NA,NA,NA
Gephyrosaurus__wmmcmm_z_trans,0.014437749528895417,-0.005149027797729617,0.012837826988941859,NA,NA,NA
Gephyrosaurus__wetmon_z_trans,0.03615939353457136,-0.004789315242033676,0.025865466259238638,NA,NA,NA
Gephyrosaurus__drymon_z_trans,0.0056553715903636375,-0.0016180715174123855,0.005894379669636038,NA,NA,NA
Gephyrosaurus__wetdry_z_trans,0.042880579777474274,-0.005549848477885776,0.031351208093691664,NA,NA,NA
Gephyrosaurus__time,0.035954885006667416,-0.004481560922654273,0.018401479231620332,NA,NA,NA
Glaurung__lat_range_z_trans,0.09905681857706494,0.0009529241611678458,0.009267884447952561,0.7500097508355975,0.15019507706165314,1.8241144120693207
Glaurung__Temperate_N,-0.24042573224389466,-0.008414934642068739,0.00030524952799103534,NA,NA,NA
Glaurung__Tropical,0.07083411488731094,-0.0005584153275076019,0.011440030344418435,NA,NA,NA
Glaurung__Temperate_S,0.1497571960244896,0.0011539334825916758,0.01567286334509004,NA,NA,NA
Glaurung__Antarctic,0.02664494570057202,-0.00011763547397157182,0.0035722268895225138,NA,NA,NA
Glaurung__mat_z_trans,-0.17999857633038516,-0.012857317723749649,0.029228361195353235,NA,NA,NA
Glaurung__map_z_trans,0.022831575718925128,-0.0008513718999307162,0.006961358382493273,NA,NA,NA
Glaurung__wmm_z_trans,0.0006112818234033501,-0.0022550755939417574,0.00467476704294598,NA,NA,NA
Glaurung__cmm_z_trans,0.14511441791197194,-0.01045475410709678,0.0381536230513844,NA,NA,NA
Glaurung__wmmcmm_z_trans,0.08330620360458936,-0.008687770533592992,0.04163196241625861,NA,NA,NA
Glaurung__wetmon_z_trans,-0.0022577427590015167,-0.002651220818098533,0.009171011600119367,NA,NA,NA
Glaurung__drymon_z_trans,0.010486300287155234,-0.007819485079459789,0.02074610504968985,NA,NA,NA
Glaurung__wetdry_z_trans,-0.04090546327934184,-0.0067610586259325605,0.0206858664693273,NA,NA,NA
Glaurung__time,-0.009303458546950534,-0.0019087268977221051,0.007875446657588882,NA,NA,NA
Gnathovorax__lat_range_z_trans,-0.5842339080572129,-0.008991537703095086,-0.015969271963335217,0.13701540031266632,0.00392839964479208,0.3381775924935937
Gnathovorax__Temperate_N,0.32858492058701816,0.0009044904965431934,0.0258093883219509,NA,NA,NA
Gnathovorax__Tropical,0.23610049976035952,0.00033577976520523834,0.022238921406025507,NA,NA,NA
Gnathovorax__Temperate_S,-0.5112961131054908,-0.014758548784901678,-0.0005091255332751485,NA,NA,NA
Gnathovorax__Antarctic,0.05216517871129327,-2.2517740738713272e-05,0.004448535271347153,NA,NA,NA
Gnathovorax__mat_z_trans,0.10797614484094083,-0.003762130634828329,0.024741286493507413,NA,NA,NA
Gnathovorax__map_z_trans,-0.0884540568702505,-0.010478076404545735,0.015726054014608196,NA,NA,NA
Gnathovorax__wmm_z_trans,0.0009550840174779296,-0.004009817612834704,0.015970486470658886,NA,NA,NA
Gnathovorax__cmm_z_trans,0.05895101421047002,-0.00532435044295834,0.01901921633706224,NA,NA,NA
Gnathovorax__wmmcmm_z_trans,0.07171020212350414,-0.0023689293919031415,0.015247725382111724,NA,NA,NA
Gnathovorax__wetmon_z_trans,0.08081070004729554,-0.0059582476733674285,0.037772902603881185,NA,NA,NA
Gnathovorax__drymon_z_trans,0.03733281661581714,-0.0010046769274158042,0.00845672394542438,NA,NA,NA
Gnathovorax__wetdry_z_trans,0.07321138143539428,-0.005806351832693311,0.038615419916748696,NA,NA,NA
Gnathovorax__time,0.08197293704841285,1.400580822055753e-05,0.007818493753419583,NA,NA,NA
Gojirasaurus__lat_range_z_trans,0.2824113829433918,0.0008712192070829728,0.009495896542892844,0.23363585236424114,0.05470803380012512,0.38300539553165436
Gojirasaurus__Temperate_N,0.34784441218245776,-0.0003731006938916613,0.01462770249954858,NA,NA,NA
Gojirasaurus__Tropical,-0.4397141469246708,-0.0064094166872204535,0.0059135904370252335,NA,NA,NA
Gojirasaurus__Temperate_S,0.4527188633568585,0.000701715620759291,0.016236054220738524,NA,NA,NA
Gojirasaurus__Antarctic,0.08301889478228987,6.37309071773767e-05,0.0032673997825536454,NA,NA,NA
Gojirasaurus__mat_z_trans,0.07466313356533646,-0.00988012452304209,0.029734807409527806,NA,NA,NA
Gojirasaurus__map_z_trans,-0.4458998600475024,-0.00854705390080645,0.004573720994143826,NA,NA,NA
Gojirasaurus__wmm_z_trans,-0.2650374240893871,-0.006436343193470466,0.011917152196029483,NA,NA,NA
Gojirasaurus__cmm_z_trans,-0.5094787334295688,-0.010462444233316485,0.019215365372282463,NA,NA,NA
Gojirasaurus__wmmcmm_z_trans,-0.1946736050932668,-0.0067984377542140316,0.01874992492960411,NA,NA,NA
Gojirasaurus__wetmon_z_trans,0.22641752691008152,-0.0040246145358814635,0.031634350198015054,NA,NA,NA
Gojirasaurus__drymon_z_trans,0.03178701266646385,-0.0017342710782080697,0.005975000997056863,NA,NA,NA
Gojirasaurus__wetdry_z_trans,0.21393601610325277,-0.007162225945893307,0.03574995525803087,NA,NA,NA
Gojirasaurus__time,0.15407498092390598,-0.0010395422683884378,0.012295835582686186,NA,NA,NA
Gomphiosauridion__lat_range_z_trans,0.09808423425561488,0.0017806893837990264,0.014253327204405624,0.683595565649448,0.25438315235078335,1.6104962937533855
Gomphiosauridion__Temperate_N,0.1510221764003106,0.0017349295395606434,0.023691881592296363,NA,NA,NA
Gomphiosauridion__Tropical,-0.21490985724374198,-0.013356471072513008,0.003005077959706202,NA,NA,NA
Gomphiosauridion__Temperate_S,0.1652607592369914,0.0018641276925497109,0.026050150344951045,NA,NA,NA
Gomphiosauridion__Antarctic,0.026649469165011073,0.0001563565278514108,0.0047583788067631074,NA,NA,NA
Gomphiosauridion__mat_z_trans,0.0013160787598207257,-0.006316051621720803,0.02289018052877022,NA,NA,NA
Gomphiosauridion__map_z_trans,-0.13199605139386283,-0.012199119579890953,0.00882460440231364,NA,NA,NA
Gomphiosauridion__wmm_z_trans,-0.0565038397808608,-0.008146558084847872,0.011808126189818823,NA,NA,NA
Gomphiosauridion__cmm_z_trans,-0.04755497982048632,-0.0069243976770740085,0.015716614320013034,NA,NA,NA
Gomphiosauridion__wmmcmm_z_trans,-0.013245465909297368,-0.004429556643290301,0.011893539758207833,NA,NA,NA
Gomphiosauridion__wetmon_z_trans,0.06425212565785016,-0.004441793732105434,0.027139645560684485,NA,NA,NA
Gomphiosauridion__drymon_z_trans,0.005947971821119636,-0.0030082145646922625,0.009723508755751236,NA,NA,NA
Gomphiosauridion__wetdry_z_trans,0.05377874778689024,-0.007278353364691552,0.03308422455177366,NA,NA,NA
Gomphiosauridion__time,0.03365051244054941,-0.0006664958822478828,0.0065474964446802335,NA,NA,NA
Gondwanax__lat_range_z_trans,0.34530047938227654,0.0016512507942777754,0.017790060877517746,0.3497298648790456,0.1917789950966835,0.5372345931828022
Gondwanax__Temperate_N,0.5019175910297782,0.0011278933182860534,0.03192800607748835,NA,NA,NA
Gondwanax__Tropical,0.3407862432440743,-0.0003128045083982948,0.022685875241425967,NA,NA,NA
Gondwanax__Temperate_S,-1.2383637062180788,-0.020040919266851434,-0.011698235655308893,NA,NA,NA
Gondwanax__Antarctic,0.10571097157895565,0.0004131164275953901,0.005961588802099486,NA,NA,NA
Gondwanax__mat_z_trans,0.002346173292025924,-0.007152478959583253,0.021350226598610043,NA,NA,NA
Gondwanax__map_z_trans,0.011764145018532872,-0.0039786663034405605,0.013561425728665628,NA,NA,NA
Gondwanax__wmm_z_trans,0.008214199483627454,-0.0029352953629772946,0.01246259530125443,NA,NA,NA
Gondwanax__cmm_z_trans,0.17851246966049075,-0.003878491786288381,0.027432173969765217,NA,NA,NA
Gondwanax__wmmcmm_z_trans,0.11151886812411249,-0.006067092090279256,0.023652601377553886,NA,NA,NA
Gondwanax__wetmon_z_trans,-0.17842091901868115,-0.008580288646421975,0.021235976414319378,NA,NA,NA
Gondwanax__drymon_z_trans,0.025284734375891276,-0.0021460687477515496,0.00906492403753682,NA,NA,NA
Gondwanax__wetdry_z_trans,-0.21803670437075198,-0.009317069021480464,0.015548707937687768,NA,NA,NA
Gondwanax__time,0.1051477298233658,-1.3994926000029378e-05,0.008410829711519657,NA,NA,NA
Gorgetosuchus__lat_range_z_trans,0.1149965941369757,0.0017776530558862242,0.014951984959145164,0.6165138412208762,0.25438315235078335,1.377526294440031
Gorgetosuchus__Temperate_N,0.17636501739792906,0.0019715086799569877,0.024853190566787073,NA,NA,NA
Gorgetosuchus__Tropical,-0.2533270024682979,-0.013333696395299239,0.0031523783752538553,NA,NA,NA
Gorgetosuchus__Temperate_S,0.19369744757175045,0.0018609490904883898,0.026976614026378944,NA,NA,NA
Gorgetosuchus__Antarctic,0.03269281408724205,0.00032552521861042676,0.005012179305213722,NA,NA,NA
Gorgetosuchus__mat_z_trans,0.0016243027214674411,-0.006305281858048255,0.02393032150988282,NA,NA,NA
Gorgetosuchus__map_z_trans,-0.1603218332979226,-0.012178318351092132,0.009257161531590756,NA,NA,NA
Gorgetosuchus__wmm_z_trans,-0.0756543299698322,-0.008170028137240451,0.012386927112098219,NA,NA,NA
Gorgetosuchus__cmm_z_trans,-0.0657199333183682,-0.007034981012412874,0.011218729655560393,NA,NA,NA
Gorgetosuchus__wmmcmm_z_trans,-0.02607423691663715,-0.004775632241628989,0.007048465036314662,NA,NA,NA
Gorgetosuchus__wetmon_z_trans,0.07662945329085234,-0.004434219843916732,0.028469954165821532,NA,NA,NA
Gorgetosuchus__drymon_z_trans,0.006822531122546077,-0.003003085132274922,0.01055449439613719,NA,NA,NA
Gorgetosuchus__wetdry_z_trans,0.07335420437173423,-0.007265942740086545,0.03470591959259868,NA,NA,NA
Gorgetosuchus__time,0.04066685264646958,-0.0006653594122551661,0.006868436187352491,NA,NA,NA
Gracilisuchus__lat_range_z_trans,0.2955642080530201,0.0014831651375837901,0.016241906895267767,0.40474072735756633,0.1917789950966835,0.5372345931828022
Gracilisuchus__Temperate_N,0.4199816439605273,4.842350500287732e-05,0.025899884723304137,NA,NA,NA
Gracilisuchus__Tropical,0.298213801500147,3.002495761015118e-05,0.02160083542873902,NA,NA,NA
Gracilisuchus__Temperate_S,-1.005846580296888,-0.01699206179791166,-0.010010767024789603,NA,NA,NA
Gracilisuchus__Antarctic,0.08777444388895285,0.000320297912693374,0.005675508183228719,NA,NA,NA
Gracilisuchus__mat_z_trans,-0.007729891048519503,-0.0060643607646544626,0.019566823780257682,NA,NA,NA
Gracilisuchus__map_z_trans,0.0933220243469574,-0.0032478768795515976,0.03207214677288246,NA,NA,NA
Gracilisuchus__wmm_z_trans,0.06560475963964078,-0.003537871823034201,0.01742381253101937,NA,NA,NA
Gracilisuchus__cmm_z_trans,0.1311011529584424,-0.0032884505564728444,0.02006322059162148,NA,NA,NA
Gracilisuchus__wmmcmm_z_trans,0.06691047140610766,-0.006126726929247751,0.019593268692780736,NA,NA,NA
Gracilisuchus__wetmon_z_trans,-0.19083256410735658,-0.010622359385757877,0.022121279570607146,NA,NA,NA
Gracilisuchus__drymon_z_trans,0.026956926045270155,-0.0019162466800635484,0.00827606230490264,NA,NA,NA
Gracilisuchus__wetdry_z_trans,-0.22682620960337102,-0.010875547341530194,0.013643346123681495,NA,NA,NA
Gracilisuchus__time,0.08155769463297828,-0.0004413184339793358,0.0072194278466324565,NA,NA,NA
Grallator__lat_range_z_trans,0.29436740949749945,0.0008877288195485674,0.009906791822264137,0.25011264575507086,0.10492435918422416,0.455780693795532
Grallator__Temperate_N,0.36157709328923376,-0.0003574049619469742,0.016607401424101522,NA,NA,NA
Grallator__Tropical,-0.495488206660375,-0.007580532478997225,0.0007342080178428275,NA,NA,NA
Grallator__Temperate_S,0.4739451621891931,0.0009715040974881227,0.019172804387460874,NA,NA,NA
Grallator__Antarctic,0.09033860974013805,0.00011709452574925175,0.0035773920545112536,NA,NA,NA
Grallator__mat_z_trans,0.03676616803277284,-0.009665152535827263,0.027940094142443337,NA,NA,NA
Grallator__map_z_trans,-0.47021515405736863,-0.00818749341448153,0.006421497630742882,NA,NA,NA
Grallator__wmm_z_trans,-0.1839633940020576,-0.0056648465424114615,0.007618531408998882,NA,NA,NA
Grallator__cmm_z_trans,-0.5172684331907658,-0.010331961441795443,0.019746728835210964,NA,NA,NA
Grallator__wmmcmm_z_trans,-0.22769484968623147,-0.007237175372000226,0.021292746828197255,NA,NA,NA
Grallator__wetmon_z_trans,0.24922855777665973,-0.005398545047105538,0.031623758264230355,NA,NA,NA
Grallator__drymon_z_trans,0.038859985647723076,-0.0010832723539111768,0.00681974761516294,NA,NA,NA
Grallator__wetdry_z_trans,0.2339625241421163,-0.006860922891746033,0.03583089167446638,NA,NA,NA
Grallator__time,0.13681216799457616,-0.000839929481876351,0.012094162314501873,NA,NA,NA
Graoullyodon__lat_range_z_trans,0.052981799714342886,0.001434975075911837,0.010760914876618103,0.9569411812555267,0.47934150509536266,1.493650644668378
Graoullyodon__Temperate_N,-0.061650875331392595,-0.0076871058740171985,0.0029702732600295247,NA,NA,NA
Graoullyodon__Tropical,0.05729008441587411,-0.00022199843475501364,0.01571585287813202,NA,NA,NA
Graoullyodon__Temperate_S,0.08304913015789846,0.0010595089811047925,0.021977777883093762,NA,NA,NA
Graoullyodon__Antarctic,0.007945436289630896,-9.829423518562911e-05,0.002950001231338598,NA,NA,NA
Graoullyodon__mat_z_trans,0.029015000041770784,-0.007184067711553208,0.036286357600878824,NA,NA,NA
Graoullyodon__map_z_trans,-0.04725994341153539,-0.0071734793809623875,0.004585339946415746,NA,NA,NA
Graoullyodon__wmm_z_trans,-0.08670537629513894,-0.014413798838104206,0.022855426583946403,NA,NA,NA
Graoullyodon__cmm_z_trans,-0.025232749267964986,-0.006009194646886824,0.012603566888878093,NA,NA,NA
Graoullyodon__wmmcmm_z_trans,0.021713923880310803,-0.0028549952473743766,0.01524545010045867,NA,NA,NA
Graoullyodon__wetmon_z_trans,0.03606077948949559,-0.0054319952838820995,0.022493255870945465,NA,NA,NA
Graoullyodon__drymon_z_trans,0.0076697789684465265,-0.0007625696807656623,0.004158046274200417,NA,NA,NA
Graoullyodon__wetdry_z_trans,0.03663520373559243,-0.005739406418273768,0.02509139288209459,NA,NA,NA
Graoullyodon__time,0.024239688988578232,-0.006148487384569536,0.021693100143105295,NA,NA,NA
Gresslyosaurus__lat_range_z_trans,-0.5081564423441887,-0.006657853120832323,-0.00853715359265372,0.1443552387895761,0.001565348356962204,0.31334428302943707
Gresslyosaurus__Temperate_N,-0.2994419923378155,-0.00877813174575512,0.007707532720868519,NA,NA,NA
Gresslyosaurus__Tropical,0.22584467514418066,-0.0001822390685514154,0.01618408678651352,NA,NA,NA
Gresslyosaurus__Temperate_S,0.37555559357628227,0.0012969645482429656,0.02321749757968778,NA,NA,NA
Gresslyosaurus__Antarctic,0.054754381232487506,8.52070787087022e-05,0.003637905446652016,NA,NA,NA
Gresslyosaurus__mat_z_trans,0.10000089230015874,-0.00705534703728399,0.028700167074337438,NA,NA,NA
Gresslyosaurus__map_z_trans,-0.30501059057191016,-0.009732794273659681,0.008910537916974066,NA,NA,NA
Gresslyosaurus__wmm_z_trans,-0.05990097047528252,-0.0032937677216700297,0.011620458323695213,NA,NA,NA
Gresslyosaurus__cmm_z_trans,-0.11274459012696753,-0.00948889817613187,0.01771444895416044,NA,NA,NA
Gresslyosaurus__wmmcmm_z_trans,-0.05597462822974194,-0.006536236177026007,0.022325835900230125,NA,NA,NA
Gresslyosaurus__wetmon_z_trans,0.1864626042940654,-0.003929785195482728,0.03508148452527642,NA,NA,NA
Gresslyosaurus__drymon_z_trans,0.036576024431269616,-0.001090767594312157,0.005839466142720171,NA,NA,NA
Gresslyosaurus__wetdry_z_trans,0.21852242690511048,-0.0056958714024633265,0.0387995782661613,NA,NA,NA
Gresslyosaurus__time,0.09566033819690346,-0.0001713891930963015,0.008184910375512205,NA,NA,NA
Guaibasaurus__lat_range_z_trans,0.15167378164013148,0.0012897401123493667,0.01131897471681348,0.4798028995095228,0.09094800055027008,1.3170970436185598
Guaibasaurus__Temperate_N,0.2082407048977587,0.0004800270742665064,0.021228992972715986,NA,NA,NA
Guaibasaurus__Tropical,0.17785984232041166,0.00038316223070167927,0.017873469410560467,NA,NA,NA
Guaibasaurus__Temperate_S,-0.3392891177065701,-0.010607868323280801,-0.0011034958698123536,NA,NA,NA
Guaibasaurus__Antarctic,0.0380066884417534,6.764710900179916e-05,0.00375162638281485,NA,NA,NA
Guaibasaurus__mat_z_trans,0.048648592855650805,-0.006125512007989289,0.03271356052816388,NA,NA,NA
Guaibasaurus__map_z_trans,-0.20411269017566522,-0.007967838560347398,0.008174961250923747,NA,NA,NA
Guaibasaurus__wmm_z_trans,-0.07763873728753766,-0.004019035015004437,0.010827517941551826,NA,NA,NA
Guaibasaurus__cmm_z_trans,-0.1745303021785322,-0.012440220165539867,0.01438442218110964,NA,NA,NA
Guaibasaurus__wmmcmm_z_trans,-0.06530432109296282,-0.007832383843668321,0.02016797430414779,NA,NA,NA
Guaibasaurus__wetmon_z_trans,0.13944691497506956,-0.005970015126248351,0.029473358045255436,NA,NA,NA
Guaibasaurus__drymon_z_trans,0.024778002371787903,-0.0015311751226078137,0.006710608591302341,NA,NA,NA
Guaibasaurus__wetdry_z_trans,0.14625172733955247,-0.0061497631035963025,0.03439187953132475,NA,NA,NA
Guaibasaurus__time,0.06172079497506082,-0.0008076743373500522,0.009472906433263647,NA,NA,NA
Gualosuchus__lat_range_z_trans,0.3441075140237808,0.001603086515842977,0.015307115990696498,0.35174105091718955,0.1917789950966835,0.5193379186093807
Gualosuchus__Temperate_N,0.4944315042439848,0.0010949945193786236,0.028780883742071068,NA,NA,NA
Gualosuchus__Tropical,0.3376398402405903,-0.0003036805137329385,0.020357615367195058,NA,NA,NA
Gualosuchus__Temperate_S,-1.2004130571801215,-0.019221632706596655,-0.006043364488491005,NA,NA,NA
Gualosuchus__Antarctic,0.10408000808209181,0.00036357777198141734,0.005129534514291502,NA,NA,NA
Gualosuchus__mat_z_trans,-0.0024362420570105316,-0.005781628386787908,0.020350445331244825,NA,NA,NA
Gualosuchus__map_z_trans,0.08535739879123866,-0.003862615130413342,0.026143566672730444,NA,NA,NA
Gualosuchus__wmm_z_trans,0.054748363867402075,-0.0037118603254521257,0.013023445500006735,NA,NA,NA
Gualosuchus__cmm_z_trans,0.14671875011175872,-0.004787246524123475,0.023603486897721696,NA,NA,NA
Gualosuchus__wmmcmm_z_trans,0.07757391760125756,-0.005890124961034917,0.018557698590536128,NA,NA,NA
Gualosuchus__wetmon_z_trans,-0.22149394026666414,-0.009639064013708485,0.016897045253652095,NA,NA,NA
Gualosuchus__drymon_z_trans,0.033415745639358646,-0.002083471440870535,0.007799739677382704,NA,NA,NA
Gualosuchus__wetdry_z_trans,-0.2522470443509519,-0.00899765716684256,0.022675624339455882,NA,NA,NA
Gualosuchus__time,0.10373484517098404,-1.3586716953362647e-05,0.006803919031641845,NA,NA,NA
Guchengosuchus__lat_range_z_trans,0.03360808987746,0.002155337250952439,0.012018387869109755,1.7726506463742226,0.898163765668869,2.834851497784257
Guchengosuchus__Temperate_N,-0.061837825360179566,-0.015504174257880551,-0.00046676720392465747,NA,NA,NA
Guchengosuchus__Tropical,0.038471847543116916,0.0008705793783959721,0.016553496928270788,NA,NA,NA
Guchengosuchus__Temperate_S,0.05327439197120325,0.0024939902152517433,0.021531792282091466,NA,NA,NA
Guchengosuchus__Antarctic,0.0027408694437536917,-0.0003981328843054186,0.002664921645308683,NA,NA,NA
Guchengosuchus__mat_z_trans,0.0008891008060886599,-0.00489626596158034,0.01649289199770563,NA,NA,NA
Guchengosuchus__map_z_trans,0.07055948846840131,-0.0027620068045340904,0.037408748161097786,NA,NA,NA
Guchengosuchus__wmm_z_trans,0.02960560511404031,-0.0037192525330780224,0.020471683134928673,NA,NA,NA
Guchengosuchus__cmm_z_trans,0.012348644648055221,-0.004931710600643769,0.013096449079832703,NA,NA,NA
Guchengosuchus__wmmcmm_z_trans,-0.007065851676091722,-0.005754514710645858,0.01021994087154901,NA,NA,NA
Guchengosuchus__wetmon_z_trans,-0.020457209451054108,-0.013235351021190096,0.02231672474137398,NA,NA,NA
Guchengosuchus__drymon_z_trans,0.004007653274918542,-0.0009595812554010711,0.004210998164613926,NA,NA,NA
Guchengosuchus__wetdry_z_trans,-0.021667873869223715,-0.013014701234958067,0.03885196319927184,NA,NA,NA
Guchengosuchus__time,0.0012749505854200529,-0.0015751246596961536,0.00401552554890593,NA,NA,NA
Gyposaurus__lat_range_z_trans,0.052008048647578124,0.001600046939548955,0.01103860584501337,0.9737578368904292,0.5875700861215591,1.493650644668378
Gyposaurus__Temperate_N,-0.060232918251690325,-0.007743521963472137,0.003066695873745197,NA,NA,NA
Gyposaurus__Tropical,0.056052588981120775,-0.00022362769338098466,0.015787396548580225,NA,NA,NA
Gyposaurus__Temperate_S,0.08117975052363641,0.0010672847753290342,0.02207782787148731,NA,NA,NA
Gyposaurus__Antarctic,0.007640611907977656,-0.0002387955505999956,0.002326936170115365,NA,NA,NA
Gyposaurus__mat_z_trans,0.02765376578944285,-0.007236791976485637,0.0364515448948866,NA,NA,NA
Gyposaurus__map_z_trans,-0.045459458531644195,-0.00722612593755886,0.0046062139042316675,NA,NA,NA
Gyposaurus__wmm_z_trans,-0.08977859072642168,-0.014519582494263349,0.022959471914489694,NA,NA,NA
Gyposaurus__cmm_z_trans,-0.02554188141387235,-0.006053296454290933,0.012660942421912284,NA,NA,NA
Gyposaurus__wmmcmm_z_trans,0.026924597864521026,-0.002645029701512954,0.01517578733304896,NA,NA,NA
Gyposaurus__wetmon_z_trans,0.035611545357091406,-0.005471860993666339,0.02259565248268629,NA,NA,NA
Gyposaurus__drymon_z_trans,0.0076036272432171235,-0.0005644683248369545,0.003642209916054854,NA,NA,NA
Gyposaurus__wetdry_z_trans,0.036779570324938136,-0.00578152823514714,0.02520561705798649,NA,NA,NA
Gyposaurus__time,0.025310623660013885,-0.006193611468975981,0.02179185418589719,NA,NA,NA
Halazhaisuchus__lat_range_z_trans,0.03239813386094461,0.00214305371628862,0.011960120572858455,1.834363108861853,0.772655788809061,2.834851497784257
Halazhaisuchus__Temperate_N,-0.056080066347539204,-0.013803683067657136,0.004446466921415952,NA,NA,NA
Halazhaisuchus__Tropical,0.03736887141947856,0.0010404887075888681,0.016910018150471374,NA,NA,NA
Halazhaisuchus__Temperate_S,0.05106956694601311,0.0025035244115079345,0.02109061272354939,NA,NA,NA
Halazhaisuchus__Antarctic,0.002267878824376352,-0.00042357506161359664,0.0027712706147052114,NA,NA,NA
Halazhaisuchus__mat_z_trans,0.003516407272533101,-0.005408825818858541,0.0163094625004672,NA,NA,NA
Halazhaisuchus__map_z_trans,0.06856554589127564,-0.00213048742265234,0.03993931501650646,NA,NA,NA
Halazhaisuchus__wmm_z_trans,0.027293373490694103,-0.003842357096645845,0.020953636615691645,NA,NA,NA
Halazhaisuchus__cmm_z_trans,0.01137256501351569,-0.005094946647600927,0.012950793904824183,NA,NA,NA
Halazhaisuchus__wmmcmm_z_trans,-0.0070943772042990055,-0.006476587992765952,0.0065673526670664215,NA,NA,NA
Halazhaisuchus__wetmon_z_trans,-0.021458021968722325,-0.013673431548564804,0.022068524146845857,NA,NA,NA
Halazhaisuchus__drymon_z_trans,0.004269754573161649,-0.0009913426995631458,0.00442987547722524,NA,NA,NA
Halazhaisuchus__wetdry_z_trans,-0.019263033865357257,-0.013445478414309524,0.03496187790761028,NA,NA,NA
Halazhaisuchus__time,0.0015252834698338603,-0.0016272601444668894,0.004027429200897834,NA,NA,NA
Haligonia__lat_range_z_trans,-0.5134686094522476,-0.014652177666408419,-0.01229513385087608,0.2581198061988289,0.02035857317969203,0.7487847597367363
Haligonia__Temperate_N,-0.18963263698387892,-0.00816924356349678,0.0005502943539627051,NA,NA,NA
Haligonia__Tropical,-0.1176645233319141,-0.006150276068208126,0.006682868464278005,NA,NA,NA
Haligonia__Temperate_S,0.3188883047318086,0.0012773174594174273,0.028180083896271975,NA,NA,NA
Haligonia__Antarctic,0.020871325259795414,-0.0006143910527285729,0.0036449380623309324,NA,NA,NA
Haligonia__mat_z_trans,0.12909530156162874,-0.004006297256844841,0.02838228692492726,NA,NA,NA
Haligonia__map_z_trans,-0.04134792910888791,-0.0067041473341036785,0.016765966393692253,NA,NA,NA
Haligonia__wmm_z_trans,0.012532785450166556,-0.0033497595515339425,0.01273134623145635,NA,NA,NA
Haligonia__cmm_z_trans,0.11433964888215996,-0.0031566948211565822,0.03460247402461276,NA,NA,NA
Haligonia__wmmcmm_z_trans,0.07366369352210313,-0.0013400610635636375,0.01978205737420816,NA,NA,NA
Haligonia__wetmon_z_trans,0.12041742653193069,-0.005984636901568366,0.03248869283887771,NA,NA,NA
Haligonia__drymon_z_trans,0.018885170767316595,-0.0015866272734404905,0.007219599957671831,NA,NA,NA
Haligonia__wetdry_z_trans,0.10682746518868953,-0.006307909988815883,0.032651060451098904,NA,NA,NA
Haligonia__time,0.04812838624813594,-0.0004860039968613836,0.008000221297622725,NA,NA,NA
Helveticosaurus__lat_range_z_trans,0.04918797985421477,0.00117107613254102,0.012218271504939999,1.2413175309883082,0.11101508140563965,6.239442527294159
Helveticosaurus__Temperate_N,0.06752330165556245,0.0007182166984905559,0.017181676229673034,NA,NA,NA
Helveticosaurus__Tropical,-0.11239730490479091,-0.013207812862596813,0.0005324744729155438,NA,NA,NA
Helveticosaurus__Temperate_S,0.07647576259046568,0.0006961714704209065,0.020354756751151122,NA,NA,NA
Helveticosaurus__Antarctic,0.00843522557936552,-0.0011518600418206205,0.003587184119502127,NA,NA,NA
Helveticosaurus__mat_z_trans,0.006755786652092002,-0.004887710128589249,0.017474161283425025,NA,NA,NA
Helveticosaurus__map_z_trans,0.0850848226211113,-0.0036000606027874827,0.032602198407825335,NA,NA,NA
Helveticosaurus__wmm_z_trans,0.04531853658478523,-0.004180626488125588,0.0202598112968495,NA,NA,NA
Helveticosaurus__cmm_z_trans,0.019107075921269534,-0.0032923559996197267,0.030453039091135312,NA,NA,NA
Helveticosaurus__wmmcmm_z_trans,-0.004435413961290614,-0.005029701074352923,0.020050693043367884,NA,NA,NA
Helveticosaurus__wetmon_z_trans,-0.06264061249046489,-0.01298246643287434,0.01595861150921008,NA,NA,NA
Helveticosaurus__drymon_z_trans,0.007878195749727281,-0.0007062350561323672,0.00477714350556438,NA,NA,NA
Helveticosaurus__wetdry_z_trans,-0.055544959547880995,-0.013448917081817158,0.019006936577521415,NA,NA,NA
Helveticosaurus__time,0.0050034850717424985,-0.00132862761204949,0.004929798627054731,NA,NA,NA
Hemilopas__lat_range_z_trans,0.02019365907900221,0.0013069078340263163,0.008583857644557458,2.480050469621201,1.182966724038124,3.7263264865614474
Hemilopas__Temperate_N,-0.06503546019981953,-0.013279792873789126,-0.007756717115541992,NA,NA,NA
Hemilopas__Tropical,0.01758796654098151,-0.001453722914952975,0.014082813406025612,NA,NA,NA
Hemilopas__Temperate_S,0.039008386015950205,0.0014236558350755426,0.0172602871221041,NA,NA,NA
Hemilopas__Antarctic,0.0013415345857813146,-0.00047382313317463485,0.002282151171365981,NA,NA,NA
Hemilopas__mat_z_trans,-0.00012483845551081234,-0.010927920949577882,0.023817567303442616,NA,NA,NA
Hemilopas__map_z_trans,0.044055238084641714,-0.0024353688051919975,0.028988289429909577,NA,NA,NA
Hemilopas__wmm_z_trans,0.02532042426714675,-0.006134360821269282,0.01938157714907723,NA,NA,NA
Hemilopas__cmm_z_trans,0.04011902611722895,-0.004137025854292486,0.04107615117099616,NA,NA,NA
Hemilopas__wmmcmm_z_trans,0.020348740106540072,-0.0049784845526405965,0.020842536223936028,NA,NA,NA
Hemilopas__wetmon_z_trans,-0.005657020013299926,-0.007605810897484044,0.016980650667152257,NA,NA,NA
Hemilopas__drymon_z_trans,0.0059217468296971195,-0.001387062616716714,0.0068378651925373206,NA,NA,NA
Hemilopas__wetdry_z_trans,-0.003484783945949651,-0.008625133325639004,0.02091253241824748,NA,NA,NA
Hemilopas__time,-0.003842737636481043,-0.0025229660036863947,0.006097194636325655,NA,NA,NA
Hemiprotosuchus__lat_range_z_trans,0.22150375871284192,0.0013077406768096165,0.011429121491198393,0.39702402176495527,0.07230173051357269,1.1134128384292126
Hemiprotosuchus__Temperate_N,0.2980420842364097,0.0004857869143596306,0.0178544469887319,NA,NA,NA
Hemiprotosuchus__Tropical,0.25712751071729906,0.00038775979049961086,0.016288122517765333,NA,NA,NA
Hemiprotosuchus__Temperate_S,-0.47924053815507994,-0.009592847403105925,0.0020578033922973157,NA,NA,NA
Hemiprotosuchus__Antarctic,0.059272458351142025,7.058734283344465e-05,0.0035037787491689577,NA,NA,NA
Hemiprotosuchus__mat_z_trans,0.09201649578216042,-0.0059664854657104,0.03303190147873341,NA,NA,NA
Hemiprotosuchus__map_z_trans,-0.30866289040964207,-0.008063444576040484,0.010540163412463764,NA,NA,NA
Hemiprotosuchus__wmm_z_trans,-0.11217337406250097,-0.005610667906503702,0.007531845675792156,NA,NA,NA
Hemiprotosuchus__cmm_z_trans,-0.297411167487072,-0.01203520586700209,0.013904685702026022,NA,NA,NA
Hemiprotosuchus__wmmcmm_z_trans,-0.10654234285484403,-0.008112528744564824,0.020364232125289476,NA,NA,NA
Hemiprotosuchus__wetmon_z_trans,0.19594298211168337,-0.005569932381148128,0.03065943428525019,NA,NA,NA
Hemiprotosuchus__drymon_z_trans,0.040340529499056324,-0.0014034367164918993,0.00677591060928403,NA,NA,NA
Hemiprotosuchus__wetdry_z_trans,0.1841784794755242,-0.005989841103212268,0.035880221173647954,NA,NA,NA
Hemiprotosuchus__time,0.09135789545893083,-0.0011383936400358638,0.009565088818486592,NA,NA,NA
Heptasuchus__lat_range_z_trans,0.1128460312577526,0.0017474018261680656,0.014951984959145164,0.6272169087303336,0.25438315235078335,1.397481325082481
Heptasuchus__Temperate_N,0.1732195264110458,0.0019679219419062896,0.024853190566787073,NA,NA,NA
Heptasuchus__Tropical,-0.25101443502719234,-0.013393817951115312,0.0031523783752538553,NA,NA,NA
Heptasuchus__Temperate_S,0.1897832314329119,0.0018575634919459514,0.026976614026378944,NA,NA,NA
Heptasuchus__Antarctic,0.032155217304610434,0.00032493299515236047,0.005012179305213722,NA,NA,NA
Heptasuchus__mat_z_trans,0.004137459790102468,-0.006293810747324496,0.02393032150988282,NA,NA,NA
Heptasuchus__map_z_trans,-0.1548041285675148,-0.012156162507566081,0.009257161531590756,NA,NA,NA
Heptasuchus__wmm_z_trans,-0.07363818889992078,-0.008155164519802178,0.012386927112098219,NA,NA,NA
Heptasuchus__cmm_z_trans,-0.06452001158757034,-0.00702218237026654,0.011218729655560393,NA,NA,NA
Heptasuchus__wmmcmm_z_trans,-0.0248211331988863,-0.004766944000967748,0.007048465036314662,NA,NA,NA
Heptasuchus__wetmon_z_trans,0.07328950146574421,-0.004426152730035355,0.028469954165821532,NA,NA,NA
Heptasuchus__drymon_z_trans,0.006052816867226651,-0.002997621661673488,0.01055449439613719,NA,NA,NA
Heptasuchus__wetdry_z_trans,0.07348337146761588,-0.007252723912513018,0.03470591959259868,NA,NA,NA
Heptasuchus__time,0.03958262265998341,-0.0006641489332217297,0.006868436187352491,NA,NA,NA
Herrerasaurus__lat_range_z_trans,0.07112057953342282,0.0020163759280628166,0.013723437581808773,0.859650934007368,0.31372179463505745,1.3613374028354883
Herrerasaurus__Temperate_N,0.10298510784900577,0.0013544887966870378,0.025419484072167084,NA,NA,NA
Herrerasaurus__Tropical,0.0822019788063922,0.0010431217200005053,0.02169973799214996,NA,NA,NA
Herrerasaurus__Temperate_S,-0.1715041859857416,-0.015334995146256492,0.0007816209095639247,NA,NA,NA
Herrerasaurus__Antarctic,0.015702103145890083,6.867429357617834e-05,0.003934798437887583,NA,NA,NA
Herrerasaurus__mat_z_trans,0.02171840837710998,-0.005998863438655853,0.024647556437496405,NA,NA,NA
Herrerasaurus__map_z_trans,-0.06609013695757328,-0.010685292493112645,0.008477109104792989,NA,NA,NA
Herrerasaurus__wmm_z_trans,-0.0369673298431207,-0.008019232593027788,0.010871048542701198,NA,NA,NA
Herrerasaurus__cmm_z_trans,-0.007470873702814693,-0.00693248721940069,0.017811044870687524,NA,NA,NA
Herrerasaurus__wmmcmm_z_trans,-0.0011136253791893683,-0.003496589080803438,0.010859357773368092,NA,NA,NA
Herrerasaurus__wetmon_z_trans,0.050246771051532045,-0.005383554445315791,0.02994099637464321,NA,NA,NA
Herrerasaurus__drymon_z_trans,0.007845117015220142,-0.0023630015390597925,0.010039644074724827,NA,NA,NA
Herrerasaurus__wetdry_z_trans,0.04286853784758748,-0.006754843756540012,0.032197024093698776,NA,NA,NA
Herrerasaurus__time,0.024209429618187988,-0.0007447101054673096,0.008983896154445161,NA,NA,NA
Hesperosuchus__lat_range_z_trans,-0.7280349284410477,-0.01609714084209766,-0.022978845829928058,0.15881051989243133,0.002403026446700096,0.25471608620136976
Hesperosuchus__Temperate_N,0.2774607963487506,0.0009190703729339326,0.0221351484408663,NA,NA,NA
Hesperosuchus__Tropical,-0.17754572728648782,-0.006248030253217224,0.009118525239190118,NA,NA,NA
Hesperosuchus__Temperate_S,0.34901159949600696,0.001795785350912644,0.026818812638302866,NA,NA,NA
Hesperosuchus__Antarctic,0.03565039993613027,-0.0002482366330804521,0.0038090505346059416,NA,NA,NA
Hesperosuchus__mat_z_trans,0.0897781724203378,-0.005420775804240476,0.02944421032583989,NA,NA,NA
Hesperosuchus__map_z_trans,-0.1943727299477905,-0.010573452100947863,0.008535923829827426,NA,NA,NA
Hesperosuchus__wmm_z_trans,-0.07487409084977116,-0.004947469719203176,0.019024779643010487,NA,NA,NA
Hesperosuchus__cmm_z_trans,-0.08505455124686705,-0.007536800639675542,0.01801578411187872,NA,NA,NA
Hesperosuchus__wmmcmm_z_trans,0.026862833875929935,-0.0022362962837459074,0.014034865145544162,NA,NA,NA
Hesperosuchus__wetmon_z_trans,0.19821232125745156,-0.002814799508442736,0.03995283617968136,NA,NA,NA
Hesperosuchus__drymon_z_trans,0.024289363072020932,-0.0015701265472090635,0.009651158953742115,NA,NA,NA
Hesperosuchus__wetdry_z_trans,0.17759869740577414,-0.005433385839247477,0.03409540527195192,NA,NA,NA
Hesperosuchus__time,0.06780117492133286,-0.0008192506320522794,0.007729101935622238,NA,NA,NA
Heterodontichnites__lat_range_z_trans,0.04137417805048564,-0.000690532858373093,0.006763053389827539,0.5081224795826711,0.10459217429161072,1.6322023496031761
Heterodontichnites__Temperate_N,0.24438046252814083,0.001541244234120216,0.02435784916136345,NA,NA,NA
Heterodontichnites__Tropical,-0.3693579048572268,-0.012420004379851114,-0.0002755077801329494,NA,NA,NA
Heterodontichnites__Temperate_S,0.27142784049636126,0.001770605280342268,0.027570156022495913,NA,NA,NA
Heterodontichnites__Antarctic,0.046951667493951466,4.818988776671327e-05,0.005440934999816778,NA,NA,NA
Heterodontichnites__mat_z_trans,0.001762186126163295,-0.007573078283409738,0.021342182269042023,NA,NA,NA
Heterodontichnites__map_z_trans,-0.2041851521815007,-0.011633691910333177,0.011423428357818434,NA,NA,NA
Heterodontichnites__wmm_z_trans,-0.07044368576159382,-0.006493892619068434,0.013859546186078027,NA,NA,NA
Heterodontichnites__cmm_z_trans,-0.07032554687064178,-0.006291852416003196,0.018105964384715355,NA,NA,NA
Heterodontichnites__wmmcmm_z_trans,-0.003814695469393764,-0.005454520326916517,0.013388523466518636,NA,NA,NA
Heterodontichnites__wetmon_z_trans,0.09753650012879758,-0.004317231522190204,0.027622833585622585,NA,NA,NA
Heterodontichnites__drymon_z_trans,0.01631159804088635,-0.0023265197480648236,0.010145476278161735,NA,NA,NA
Heterodontichnites__wetdry_z_trans,0.07409186886762097,-0.007115793925350825,0.03252940562183244,NA,NA,NA
Heterodontichnites__time,0.06004256478385834,-0.00027383049198135466,0.007112910476975518,NA,NA,NA
Heteropelta__lat_range_z_trans,0.03355130979083776,0.002261300616888192,0.01178530905999513,1.7670111631254075,0.8854637742042542,2.834851497784257
Heteropelta__Temperate_N,-0.05813606811866566,-0.01562959197579833,0.003868211574315367,NA,NA,NA
Heteropelta__Tropical,0.03920448785974529,0.0011646872199726317,0.01676856892819366,NA,NA,NA
Heteropelta__Temperate_S,0.05305428900628214,0.002641660940698093,0.021114215103032997,NA,NA,NA
Heteropelta__Antarctic,0.0026198421573396797,-0.00044694658880696124,0.0026132394421515682,NA,NA,NA
Heteropelta__mat_z_trans,0.002731671070630627,-0.003910185418180154,0.01617303681683218,NA,NA,NA
Heteropelta__map_z_trans,0.07161335492375721,-0.002284662124335149,0.03960522991990164,NA,NA,NA
Heteropelta__wmm_z_trans,0.029000839391754,-0.004054366163064389,0.020054670306187492,NA,NA,NA
Heteropelta__cmm_z_trans,0.008276648571578085,-0.0033864697088813464,0.01284246287233116,NA,NA,NA
Heteropelta__wmmcmm_z_trans,-0.007451907712576767,-0.006273010375122434,0.006512417958013249,NA,NA,NA
Heteropelta__wetmon_z_trans,-0.02215769829276324,-0.01442788809292911,0.02188392496134461,NA,NA,NA
Heteropelta__drymon_z_trans,0.003922791422397033,-0.0010460418425498011,0.004129332100239788,NA,NA,NA
Heteropelta__wetdry_z_trans,-0.022134769011580964,-0.014187357228399141,0.03809848699157459,NA,NA,NA
Heteropelta__time,0.0016570903171736393,-0.0016520383388053755,0.0039376503860220685,NA,NA,NA
Horaffia__lat_range_z_trans,-0.4776782397925854,-0.007528994343311596,-0.010229750561117362,0.2166975266454392,0.04546990990638733,0.4976811744272709
Horaffia__Temperate_N,-0.8041706770192831,-0.016143101678908065,0.005477138923906043,NA,NA,NA
Horaffia__Tropical,0.30803232261911034,-0.00025945479047088894,0.020759149180646756,NA,NA,NA
Horaffia__Temperate_S,0.47762394466437397,0.0015346104430601444,0.029524681777574318,NA,NA,NA
Horaffia__Antarctic,0.07606165389996022,0.00018281373109729364,0.005411074954274341,NA,NA,NA
Horaffia__mat_z_trans,-0.0031182906217873097,-0.007006882261898746,0.022386257367786315,NA,NA,NA
Horaffia__map_z_trans,0.1427304884651676,-0.0038385857330101485,0.03264173874953297,NA,NA,NA
Horaffia__wmm_z_trans,0.08050765768159181,-0.0017803514956511,0.018078895144723616,NA,NA,NA
Horaffia__cmm_z_trans,0.17706263937056066,-0.0031426251072806145,0.023160679619405527,NA,NA,NA
Horaffia__wmmcmm_z_trans,0.11474155514035374,-0.0045573642322991065,0.017984617426987298,NA,NA,NA
Horaffia__wetmon_z_trans,-0.12253901117946953,-0.008694362344685024,0.019801006132292746,NA,NA,NA
Horaffia__drymon_z_trans,0.05541110255318927,-0.0006263165116232394,0.008844269111664547,NA,NA,NA
Horaffia__wetdry_z_trans,-0.12209198505035601,-0.009243753152320965,0.019293995735353495,NA,NA,NA
Horaffia__time,0.09681216278811916,-0.00012654160201122161,0.006253002857104892,NA,NA,NA
Hovasaurus__lat_range_z_trans,-0.8137795957922935,-0.010211593601039135,-0.015642547830733423,0.1970296253043489,0.01943595428019762,0.39708584547042847
Hovasaurus__Temperate_N,0.22512239990901434,0.0003635556122302715,0.013398426416381774,NA,NA,NA
Hovasaurus__Tropical,0.10970789722399786,-0.0008430050318624311,0.008516620127930584,NA,NA,NA
Hovasaurus__Temperate_S,-0.31292056101374327,-0.005421087059641235,-0.002957230745619315,NA,NA,NA
Hovasaurus__Antarctic,-0.008784298984901398,-0.0006143894942835557,0.0012340231896033587,NA,NA,NA
Hovasaurus__mat_z_trans,-0.34815596910193564,-0.0187247144133795,0.044225995742792235,NA,NA,NA
Hovasaurus__map_z_trans,0.15635378663486335,-0.0009292423566655783,0.01604024644564881,NA,NA,NA
Hovasaurus__wmm_z_trans,0.47153669550083577,-0.007383447400002777,0.045666288691782395,NA,NA,NA
Hovasaurus__cmm_z_trans,0.4199482429982163,-0.004879717114803069,0.04878355732182638,NA,NA,NA
Hovasaurus__wmmcmm_z_trans,0.16561016091698547,-0.0025909064063633874,0.019595336520622942,NA,NA,NA
Hovasaurus__wetmon_z_trans,0.014449421785466257,-0.0010557068694413414,0.006808457410672127,NA,NA,NA
Hovasaurus__drymon_z_trans,0.06055181356612593,-0.003849476113080372,0.015566591138351292,NA,NA,NA
Hovasaurus__wetdry_z_trans,-0.03946783686580602,-0.003182110201149316,0.010858943253432517,NA,NA,NA
Hovasaurus__time,-0.030431204026099293,-0.0019090686298318515,0.007292048737443807,NA,NA,NA
Howesia__lat_range_z_trans,0.024098569157588755,0.0013506475199314058,0.01122324247238076,2.467325939077709,0.16875939071178436,5.548814281821251
Howesia__Temperate_N,0.03414516234957697,0.0007524230740770665,0.017605083500918974,NA,NA,NA
Howesia__Tropical,0.020962246664445766,-0.0008338769258472806,0.014721944567684095,NA,NA,NA
Howesia__Temperate_S,-0.0566661009474439,-0.014736585855948276,-0.0026416467731467754,NA,NA,NA
Howesia__Antarctic,-0.0003065389202201768,-0.0014266659522028814,0.002360594586782971,NA,NA,NA
Howesia__mat_z_trans,0.007865783025178404,-0.008974041827950996,0.025476089708679376,NA,NA,NA
Howesia__map_z_trans,0.04312606037403368,-0.0021534173172461524,0.02836763445000006,NA,NA,NA
Howesia__wmm_z_trans,0.029917020393982554,-0.001989216025023119,0.023883552543150787,NA,NA,NA
Howesia__cmm_z_trans,0.03068501916071148,-0.005000517455399537,0.03224694662094904,NA,NA,NA
Howesia__wmmcmm_z_trans,0.018573542401733284,-0.00326342706890421,0.021956124297623777,NA,NA,NA
Howesia__wetmon_z_trans,-0.011555732129906796,-0.010861513457817969,0.014615900333009368,NA,NA,NA
Howesia__drymon_z_trans,0.00499370032520048,-0.0011858544809001924,0.006732398036614706,NA,NA,NA
Howesia__wetdry_z_trans,-0.008411630178855994,-0.010571458424912049,0.01929365983941528,NA,NA,NA
Howesia__time,-0.0016752203001156416,-0.0023374048811690903,0.0035452322360730875,NA,NA,NA
Hupehsuchus__lat_range_z_trans,-0.936758618183909,-0.022605537795397795,-0.03415792750990725,0.4965084996802034,0.08598689976497553,1.0326476520858705
Hupehsuchus__Temperate_N,0.1447601988202067,0.00011865053483278285,0.016655930596458524,NA,NA,NA
Hupehsuchus__Tropical,-0.11342975855364208,-0.006203844973103311,0.01910031680068364,NA,NA,NA
Hupehsuchus__Temperate_S,0.21005130360335947,0.0013681055626907329,0.019669124645547167,NA,NA,NA
Hupehsuchus__Antarctic,0.02966612401710335,1.6380666271306317e-05,0.003612732564739994,NA,NA,NA
Hupehsuchus__mat_z_trans,0.07207935761476236,-0.007945544966909138,0.03254080882262412,NA,NA,NA
Hupehsuchus__map_z_trans,0.19342389904026727,-0.0021072301754408215,0.027854571570208313,NA,NA,NA
Hupehsuchus__wmm_z_trans,0.15592447426804118,-0.00238725863652839,0.024571675444723454,NA,NA,NA
Hupehsuchus__cmm_z_trans,0.2412656817830518,-0.003398640117466762,0.04031316496803601,NA,NA,NA
Hupehsuchus__wmmcmm_z_trans,0.13532224177500063,-0.002130520663877159,0.019656571278446562,NA,NA,NA
Hupehsuchus__wetmon_z_trans,-0.03296643049280763,-0.0069259871727237535,0.01570952640688114,NA,NA,NA
Hupehsuchus__drymon_z_trans,0.043236629068897435,-0.0003684495894433757,0.007844897388171313,NA,NA,NA
Hupehsuchus__wetdry_z_trans,-0.035839188123701037,-0.008010842822397037,0.01931153806173577,NA,NA,NA
Hupehsuchus__time,0.0290159667392784,-0.0006501889298205545,0.006703825381786737,NA,NA,NA
Hwiccewyrm__lat_range_z_trans,0.13734791975915256,0.0018702929964428629,0.015729904722894848,0.5564191108422528,0.19125919789075851,1.1347245499491692
Hwiccewyrm__Temperate_N,-0.40207150085039417,-0.016118650060728486,-0.0031931659678430153,NA,NA,NA
Hwiccewyrm__Tropical,0.1580254296543552,0.0010116767146427985,0.022695888748627234,NA,NA,NA
Hwiccewyrm__Temperate_S,0.22857263373784878,0.0019733821811156837,0.02798321429130538,NA,NA,NA
Hwiccewyrm__Antarctic,0.038756391859195376,0.00021102100143550415,0.00503407755221599,NA,NA,NA
Hwiccewyrm__mat_z_trans,0.011644828701370583,-0.004658199542655814,0.01919795325511486,NA,NA,NA
Hwiccewyrm__map_z_trans,-0.12511633455593305,-0.010351754039940661,0.010522470623175106,NA,NA,NA
Hwiccewyrm__wmm_z_trans,-0.04213639322128303,-0.006730920154169008,0.01208253723184559,NA,NA,NA
Hwiccewyrm__cmm_z_trans,-0.008332409178656793,-0.007018019081272655,0.02127798276714913,NA,NA,NA
Hwiccewyrm__wmmcmm_z_trans,0.01997883769869956,-0.005048193564279087,0.016832666180384658,NA,NA,NA
Hwiccewyrm__wetmon_z_trans,0.04007228560590694,-0.005694548260940579,0.02646252787389415,NA,NA,NA
Hwiccewyrm__drymon_z_trans,0.018384996504520787,-0.0019001179074249208,0.009809262111161813,NA,NA,NA
Hwiccewyrm__wetdry_z_trans,0.018278459639655763,-0.008376144167365176,0.028005223154467605,NA,NA,NA
Hwiccewyrm__time,0.04234673602147037,-0.0004007351941737358,0.006946213875742151,NA,NA,NA
Hyperodapedon__lat_range_z_trans,-0.5886028209328651,-0.018030879144223744,-0.02211421414568969,0.1001126804928208,0.011316706040815916,0.2249515876173973
Hyperodapedon__Temperate_N,0.26530011229217054,0.0017680541049724904,0.029554857529327266,NA,NA,NA
Hyperodapedon__Tropical,-0.1447978699672967,-0.006298336226945485,0.0033232358668300534,NA,NA,NA
Hyperodapedon__Temperate_S,-0.22018445525784044,-0.008388764354280783,-0.004122223396409883,NA,NA,NA
Hyperodapedon__Antarctic,0.02530081518303632,-0.0003449796785153234,0.004058371434648916,NA,NA,NA
Hyperodapedon__mat_z_trans,0.13589909100206568,-0.003457859353451815,0.03423450963641863,NA,NA,NA
Hyperodapedon__map_z_trans,-0.028757633668719793,-0.0068701770973520915,0.020336431409064586,NA,NA,NA
Hyperodapedon__wmm_z_trans,0.009601426446533879,-0.0035314690349826285,0.013107671573230518,NA,NA,NA
Hyperodapedon__cmm_z_trans,0.09458208373820526,-0.003412821634870095,0.028102296555318984,NA,NA,NA
Hyperodapedon__wmmcmm_z_trans,0.08057951280628912,-0.0020009698080386833,0.019548589687965582,NA,NA,NA
Hyperodapedon__wetmon_z_trans,0.1454367687890772,-0.004705595048704796,0.03368866385260454,NA,NA,NA
Hyperodapedon__drymon_z_trans,0.02319520015087619,-0.001719875591124828,0.008187922602234656,NA,NA,NA
Hyperodapedon__wetdry_z_trans,0.0883137999183964,-0.003771441870268891,0.04304846817189693,NA,NA,NA
Hyperodapedon__time,0.05343221165181603,-0.0004657943415265985,0.0084321756426944,NA,NA,NA
Hypselorhachis__lat_range_z_trans,0.3207237212359905,0.0015330204073796655,0.012995104917781044,0.34383121511142234,0.16145680844783783,0.5193379186093807
Hypselorhachis__Temperate_N,0.43846551708877085,0.0011313113900390688,0.023753927453789257,NA,NA,NA
Hypselorhachis__Tropical,0.3548667956684949,-6.629436029908308e-05,0.016604423776414287,NA,NA,NA
Hypselorhachis__Temperate_S,-1.0086487686913461,-0.015670091170611595,-0.002588455671448651,NA,NA,NA
Hypselorhachis__Antarctic,0.0893978641089052,0.00031731219015656865,0.00467000542184739,NA,NA,NA
Hypselorhachis__mat_z_trans,-0.03763291276991367,-0.005363439043031653,0.014968804461735468,NA,NA,NA
Hypselorhachis__map_z_trans,0.577078052549623,-0.0023811423436497056,0.038990759638910695,NA,NA,NA
Hypselorhachis__wmm_z_trans,0.3037005733588012,-0.0024426187232771254,0.02312589701028176,NA,NA,NA
Hypselorhachis__cmm_z_trans,-0.01601659630483482,-0.0040429823510550475,0.011123399610550908,NA,NA,NA
Hypselorhachis__wmmcmm_z_trans,-0.12073220449499786,-0.004188444218313262,0.008031170261019347,NA,NA,NA
Hypselorhachis__wetmon_z_trans,-0.4842824644595385,-0.013372260111974765,0.027561117100420456,NA,NA,NA
Hypselorhachis__drymon_z_trans,0.05633027677889913,-0.0008741458317946705,0.005337541886986677,NA,NA,NA
Hypselorhachis__wetdry_z_trans,-0.4418437297549099,-0.015082968717147557,0.028876820926686635,NA,NA,NA
Hypselorhachis__time,0.08095247931429185,-0.0007281661957341226,0.0059362396251602155,NA,NA,NA
Hypsognathus__lat_range_z_trans,-0.504124281257391,-0.01436336724677273,-0.010429184447225683,0.28604702312472,0.011210110038518906,0.7487847597367363
Hypsognathus__Temperate_N,-0.20069255497772245,-0.007886282655925315,0.0012461080738296224,NA,NA,NA
Hypsognathus__Tropical,-0.11955346265574918,-0.006337543042380319,0.007197557443871328,NA,NA,NA
Hypsognathus__Temperate_S,0.32311694556381554,0.0021223855874557035,0.031849127472988584,NA,NA,NA
Hypsognathus__Antarctic,0.0189140904834494,-0.0006703005659066409,0.003484502190717277,NA,NA,NA
Hypsognathus__mat_z_trans,0.1113531688081457,-0.005720480949246181,0.02548731240941379,NA,NA,NA
Hypsognathus__map_z_trans,-0.018356598278041928,-0.007231280527769499,0.01593191704879106,NA,NA,NA
Hypsognathus__wmm_z_trans,0.042460257612692655,-0.0028156121508390087,0.013751441860241376,NA,NA,NA
Hypsognathus__cmm_z_trans,0.14025838699075394,-0.004535132884686432,0.03413168251268714,NA,NA,NA
Hypsognathus__wmmcmm_z_trans,0.10050500864163041,-0.0015098159983192548,0.019512908275401575,NA,NA,NA
Hypsognathus__wetmon_z_trans,0.11787623206924763,-0.0036778178782182454,0.032493006894596374,NA,NA,NA
Hypsognathus__drymon_z_trans,0.023399838061304763,-0.0016292475218800972,0.007560459282186574,NA,NA,NA
Hypsognathus__wetdry_z_trans,0.04772428948432207,-0.006477354126930968,0.028994447970039968,NA,NA,NA
Hypsognathus__time,0.04867377063026652,-0.0004990591178942889,0.008175469432596519,NA,NA,NA
Hypuronector__lat_range_z_trans,0.2940577532351017,0.0008288070381629214,0.011006055790756114,0.28922227472277884,0.12086490960791707,0.6304143313318491
Hypuronector__Temperate_N,0.3675275941565633,0.0003436943050013144,0.017828354158443353,NA,NA,NA
Hypuronector__Tropical,-0.4923532264586538,-0.007817958042915274,0.0007881859559963514,NA,NA,NA
Hypuronector__Temperate_S,0.47169026572722944,0.0009045526754016635,0.020582361930153795,NA,NA,NA
Hypuronector__Antarctic,0.08692433273419738,9.443242255518251e-05,0.0038403968738220844,NA,NA,NA
Hypuronector__mat_z_trans,0.030175635521300138,-0.009308869642898818,0.02932126948564579,NA,NA,NA
Hypuronector__map_z_trans,-0.4711680133733898,-0.007818040873014073,0.00689359708150023,NA,NA,NA
Hypuronector__wmm_z_trans,-0.18243969552451744,-0.005411057274528179,0.008004086668091603,NA,NA,NA
Hypuronector__cmm_z_trans,-0.5157859928364633,-0.009646191688744084,0.01836014141363861,NA,NA,NA
Hypuronector__wmmcmm_z_trans,-0.20307831460377201,-0.006756817794631692,0.02234344605091978,NA,NA,NA
Hypuronector__wetmon_z_trans,0.2487655334547162,-0.005427938562338556,0.02942058903344095,NA,NA,NA
Hypuronector__drymon_z_trans,0.04083446966600604,-0.001401274985972192,0.006866209000384597,NA,NA,NA
Hypuronector__wetdry_z_trans,0.25522003559861334,-0.008925672564194392,0.03131760628970878,NA,NA,NA
Hypuronector__time,0.1330025623812253,-0.0008885740911970993,0.012814456687633459,NA,NA,NA
Icarosaurus__lat_range_z_trans,0.28073848798871043,0.0009246829768662538,0.009630456289401654,0.2354198711400386,0.08562631346285343,0.4512922391295433
Icarosaurus__Temperate_N,0.34670977694913746,-0.00019551869408599953,0.014992389653753236,NA,NA,NA
Icarosaurus__Tropical,-0.43548136837547646,-0.006372782963875966,0.006755502862833932,NA,NA,NA
Icarosaurus__Temperate_S,0.45217864150181414,0.0006977048882430767,0.017177233894838728,NA,NA,NA
Icarosaurus__Antarctic,0.0816154816094786,6.336664619451935e-05,0.0033120536885977996,NA,NA,NA
Icarosaurus__mat_z_trans,0.06280093597248197,-0.009083391956891356,0.0319277759749683,NA,NA,NA
Icarosaurus__map_z_trans,-0.44797559052705765,-0.0073301064966698574,0.008792590734323407,NA,NA,NA
Icarosaurus__wmm_z_trans,-0.2304514650441706,-0.0060957755553034225,0.010311237537807733,NA,NA,NA
Icarosaurus__cmm_z_trans,-0.5138597670337185,-0.010270183232468913,0.019865576313025976,NA,NA,NA
Icarosaurus__wmmcmm_z_trans,-0.21517542334273457,-0.007511820421379457,0.01783007545338951,NA,NA,NA
Icarosaurus__wetmon_z_trans,0.24294174005277455,-0.005301697097224044,0.026448248969292855,NA,NA,NA
Icarosaurus__drymon_z_trans,0.033908734783763064,-0.0017243586618394947,0.006243852413553119,NA,NA,NA
Icarosaurus__wetdry_z_trans,0.2065432198252529,-0.007121289458746868,0.036238531878406095,NA,NA,NA
Icarosaurus__time,0.15066917930729687,-0.00190973905213175,0.009861230755943138,NA,NA,NA
Idiosaura__lat_range_z_trans,0.08766524433713525,0.001749972981237272,0.013883330450608368,0.7405043880350423,0.25438315235078335,1.8826567074283957
Idiosaura__Temperate_N,0.13490939964155838,0.0017313641016186885,0.023076872959239155,NA,NA,NA
Idiosaura__Tropical,-0.18925266385152545,-0.013384234784447245,0.00292707027251473,NA,NA,NA
Idiosaura__Temperate_S,0.14726854190435132,0.0020173992530515277,0.025886109892869713,NA,NA,NA
Idiosaura__Antarctic,0.02290348509077189,7.997679157098861e-05,0.004653946734304441,NA,NA,NA
Idiosaura__mat_z_trans,0.006169813352573353,-0.007361613734563651,0.0222959829517399,NA,NA,NA
Idiosaura__map_z_trans,-0.11233763206514498,-0.010987470185169788,0.014578096665976408,NA,NA,NA
Idiosaura__wmm_z_trans,-0.04586374384705169,-0.007806189797931862,0.011501603488416801,NA,NA,NA
Idiosaura__cmm_z_trans,-0.042384397026066965,-0.006910167410287915,0.01516272784186183,NA,NA,NA
Idiosaura__wmmcmm_z_trans,-0.008545459891994359,-0.0047739581588157965,0.01158479983814655,NA,NA,NA
Idiosaura__wetmon_z_trans,0.04818955709633992,-0.00574703133682614,0.02411431887497609,NA,NA,NA
Idiosaura__drymon_z_trans,0.004204445556292852,-0.003002032410257788,0.009800139168214114,NA,NA,NA
Idiosaura__wetdry_z_trans,0.053724296545055096,-0.006744046718955031,0.03222540362452573,NA,NA,NA
Idiosaura__time,0.029100994533614283,-9.287766953653819e-05,0.007696353656741657,NA,NA,NA
Ignotosaurus__lat_range_z_trans,0.062341382816249076,0.002090288370092843,0.014145816553141623,0.9270537118933863,0.49624259024858475,1.3613374028354883
Ignotosaurus__Temperate_N,0.0904700652859439,0.0012644663856577754,0.02682898597732705,NA,NA,NA
Ignotosaurus__Tropical,0.07370814630988015,0.0008766440693230898,0.022902981219060974,NA,NA,NA
Ignotosaurus__Temperate_S,-0.14091078178350777,-0.016482332104378338,-0.002124364893618846,NA,NA,NA
Ignotosaurus__Antarctic,0.012484248066182126,7.12581407216774e-05,0.004061434095033157,NA,NA,NA
Ignotosaurus__mat_z_trans,0.0217086605471136,-0.005835657282121482,0.024357600688061306,NA,NA,NA
Ignotosaurus__map_z_trans,-0.06903886692279379,-0.011201804592945312,0.008227091168285848,NA,NA,NA
Ignotosaurus__wmm_z_trans,-0.03423679896637371,-0.008320953516033762,0.01155881518364206,NA,NA,NA
Ignotosaurus__cmm_z_trans,-0.017219719299542306,-0.007548880856712855,0.013598945785206533,NA,NA,NA
Ignotosaurus__wmmcmm_z_trans,-0.0003348226073539167,-0.003206340702540851,0.008806458053422232,NA,NA,NA
Ignotosaurus__wetmon_z_trans,0.05505985360167753,-0.003764315460947201,0.03065811615379473,NA,NA,NA
Ignotosaurus__drymon_z_trans,0.006408047431517702,-0.0024066775465742757,0.011026147198705807,NA,NA,NA
Ignotosaurus__wetdry_z_trans,0.053455734882165706,-0.005993874410713015,0.03585667904126023,NA,NA,NA
Ignotosaurus__time,0.02185673201475055,-0.0007727295721415686,0.009482050196812796,NA,NA,NA
Incertovenator__lat_range_z_trans,0.0627677388020722,0.002125933817038182,0.0138733210097331,0.9260080718429526,0.4681917233392596,1.3433645516633987
Incertovenator__Temperate_N,0.09113317853208563,0.001286029185369533,0.026312170345968694,NA,NA,NA
Incertovenator__Tropical,0.07415027491539977,0.0008915933797197285,0.022461793516002772,NA,NA,NA
Incertovenator__Temperate_S,-0.1441623276238587,-0.01618331414765018,0.0008090700212493989,NA,NA,NA
Incertovenator__Antarctic,0.012689667585404059,7.247329759230823e-05,0.003983197346621616,NA,NA,NA
Incertovenator__mat_z_trans,0.021474980939960846,-0.005935172073964199,0.02388839216901353,NA,NA,NA
Incertovenator__map_z_trans,-0.06894357637235216,-0.011392827677139264,0.008068609989758503,NA,NA,NA
Incertovenator__wmm_z_trans,-0.034133104179813065,-0.008462849778451008,0.011336153903341086,NA,NA,NA
Incertovenator__cmm_z_trans,-0.017887218421165068,-0.0076776110529501755,0.013336984794294354,NA,NA,NA
Incertovenator__wmmcmm_z_trans,0.00021623862479172264,-0.002796943686375786,0.009970423425268332,NA,NA,NA
Incertovenator__wetmon_z_trans,0.05583864508453802,-0.003828507899162198,0.030067538721249523,NA,NA,NA
Incertovenator__drymon_z_trans,0.0064897004875716984,-0.0024477183417240577,0.01081374687799428,NA,NA,NA
Incertovenator__wetdry_z_trans,0.05413532020175814,-0.006096087261035962,0.035165959972236024,NA,NA,NA
Incertovenator__time,0.021982362799515733,-0.0007859068405802019,0.009299394327404285,NA,NA,NA
Indosauriscus__lat_range_z_trans,0.07111017461364831,0.0009683633841556556,0.009153503506286896,0.9722637394984486,0.2734180651605129,1.6324196681380272
Indosauriscus__Temperate_N,0.09736291741996592,0.0007329456790779576,0.014353671525473441,NA,NA,NA
Indosauriscus__Tropical,0.05065317025427841,-0.0010221936357456755,0.011997099991938086,NA,NA,NA
Indosauriscus__Temperate_S,-0.16943178232160022,-0.007963237439753655,-0.0017301031020271387,NA,NA,NA
Indosauriscus__Antarctic,0.01566193645710939,-0.0001369402978007159,0.0033693808679238586,NA,NA,NA
Indosauriscus__mat_z_trans,-0.10028576089990354,-0.012731284490576426,0.0319118455587505,NA,NA,NA
Indosauriscus__map_z_trans,0.019965669256814735,-0.0010555613219833952,0.005933186208623677,NA,NA,NA
Indosauriscus__wmm_z_trans,0.00633569992281844,-0.001636430046885,0.005570265547458702,NA,NA,NA
Indosauriscus__cmm_z_trans,0.10871325574210775,-0.010331689705347582,0.039412385530245085,NA,NA,NA
Indosauriscus__wmmcmm_z_trans,0.056731253629661325,-0.009442527653818191,0.035295812210902965,NA,NA,NA
Indosauriscus__wetmon_z_trans,0.00016330835091005988,-0.0029022253419891298,0.007499718949221971,NA,NA,NA
Indosauriscus__drymon_z_trans,0.0032396853304074314,-0.007621732525959849,0.02642657755539784,NA,NA,NA
Indosauriscus__wetdry_z_trans,-0.019519514409284417,-0.0055282918005352885,0.022304416835712763,NA,NA,NA
Indosauriscus__time,-0.004948131971024694,-0.00256010388215198,0.007888995234226879,NA,NA,NA
Ingentia__lat_range_z_trans,0.17886558622496807,0.0012485012924313705,0.011109167176478488,0.4339907962223515,0.04168858006596565,1.2171846833080053
Ingentia__Temperate_N,0.24489858191314506,0.000259616600154655,0.02126047472588299,NA,NA,NA
Ingentia__Tropical,0.2095036577087636,0.0003915863112491879,0.017236315777578986,NA,NA,NA
Ingentia__Temperate_S,-0.39697052852538334,-0.011088861327983528,-0.0011051323103462446,NA,NA,NA
Ingentia__Antarctic,0.0465677191578735,0.00017372000554532972,0.0034751573949590464,NA,NA,NA
Ingentia__mat_z_trans,0.049003000315416,-0.006495411629776222,0.03190381194747822,NA,NA,NA
Ingentia__map_z_trans,-0.23495874083348456,-0.007622261576607774,0.010525563533606841,NA,NA,NA
Ingentia__wmm_z_trans,-0.12644960529134514,-0.006460735188082054,0.00773388732746532,NA,NA,NA
Ingentia__cmm_z_trans,-0.1881727696017955,-0.012821215939241834,0.013791102350123574,NA,NA,NA
Ingentia__wmmcmm_z_trans,-0.07796757800990413,-0.008038584235084262,0.013960657991762791,NA,NA,NA
Ingentia__wetmon_z_trans,0.16229982262310322,-0.0031980012111532947,0.035978448420896356,NA,NA,NA
Ingentia__drymon_z_trans,0.027702000242459047,-0.0017657851327387212,0.007942957119700774,NA,NA,NA
Ingentia__wetdry_z_trans,0.16551937922412038,-0.004627319249845277,0.03608739058739546,NA,NA,NA
Ingentia__time,0.07591135622797257,-0.001186157798180857,0.009486954377152901,NA,NA,NA
Issi__lat_range_z_trans,0.09222112893259275,0.0010750964920399125,0.009593413151571323,0.6325561469467357,0.20057207625359297,1.041956976056099
Issi__Temperate_N,-0.11179971608700397,-0.007900986024759844,0.00191179156452662,NA,NA,NA
Issi__Tropical,0.09961653942125279,-0.0002465981139271586,0.013356898652190976,NA,NA,NA
Issi__Temperate_S,0.14507211498868383,0.0006200982064826311,0.01710239647558906,NA,NA,NA
Issi__Antarctic,0.021044265910036553,-7.168824467766986e-05,0.0031292419043783604,NA,NA,NA
Issi__mat_z_trans,0.0836661334321338,-0.0073242609972178985,0.036930697166697245,NA,NA,NA
Issi__map_z_trans,-0.137209704857369,-0.007619400500716421,0.005510340201677833,NA,NA,NA
Issi__wmm_z_trans,-0.0887920229010469,-0.007835696399000378,0.011909363133680228,NA,NA,NA
Issi__cmm_z_trans,-0.12840351603343209,-0.010202733488249733,0.019836186994815787,NA,NA,NA
Issi__wmmcmm_z_trans,-0.045644112512370126,-0.005914823940391127,0.022130621315938737,NA,NA,NA
Issi__wetmon_z_trans,0.07080006884860918,-0.005795270015152314,0.027146428913431973,NA,NA,NA
Issi__drymon_z_trans,0.010435257533912438,-0.0015980148892513017,0.007170890339905486,NA,NA,NA
Issi__wetdry_z_trans,0.07148912944255315,-0.006980171350279405,0.031430840116776444,NA,NA,NA
Issi__time,0.05325631525735643,-0.0014364598142125751,0.012227646488955444,NA,NA,NA
Ixalerpeton__lat_range_z_trans,-0.5809811145067215,-0.009153125433765941,-0.01235999587289073,0.18754278800770408,0.007103383541107178,0.4330749623477459
Ixalerpeton__Temperate_N,0.33674315323121845,0.0006266550181860816,0.02346346268211085,NA,NA,NA
Ixalerpeton__Tropical,0.22789375077933072,0.00010104799571024373,0.018233279257895824,NA,NA,NA
Ixalerpeton__Temperate_S,-0.543880577320233,-0.016401718086108585,-0.000462848937041692,NA,NA,NA
Ixalerpeton__Antarctic,0.047558648532722146,-0.00010541167486323165,0.003920418847342037,NA,NA,NA
Ixalerpeton__mat_z_trans,0.07578814896754921,-0.003562060795255981,0.02131568818090074,NA,NA,NA
Ixalerpeton__map_z_trans,0.04983430069871247,-0.007482603397335583,0.024771603453850977,NA,NA,NA
Ixalerpeton__wmm_z_trans,0.05491001624148339,-0.0036191306200130707,0.015742143998376472,NA,NA,NA
Ixalerpeton__cmm_z_trans,0.13856183674302883,-0.0035447014066664418,0.022608330574820496,NA,NA,NA
Ixalerpeton__wmmcmm_z_trans,0.09960851591778919,-0.002799267932067926,0.020451936539534855,NA,NA,NA
Ixalerpeton__wetmon_z_trans,-0.016365576847456396,-0.006347031081044052,0.03288342898999591,NA,NA,NA
Ixalerpeton__drymon_z_trans,0.04300303440744756,-0.0009737382059667932,0.008732300119103637,NA,NA,NA
Ixalerpeton__wetdry_z_trans,-0.007515309099107981,-0.007867495391595375,0.032916063337228754,NA,NA,NA
Ixalerpeton__time,0.07564288469497114,-0.00010232806852662861,0.0071709452489073545,NA,NA,NA
Jaklapallisaurus__lat_range_z_trans,0.2645409607887268,0.0010649350028278295,0.010587603984775127,0.12994135083514266,0.03944012150168419,0.2250567115843296
Jaklapallisaurus__Temperate_N,0.33880654965527357,-0.00010618214625762104,0.016024767589552198,NA,NA,NA
Jaklapallisaurus__Tropical,0.2995616495236754,0.00019773792247609125,0.014319213547475907,NA,NA,NA
Jaklapallisaurus__Temperate_S,-0.5458575848676265,-0.009552868365174381,-0.0014021293974332747,NA,NA,NA
Jaklapallisaurus__Antarctic,0.07861877974588424,0.00018536112628783608,0.003924776605105508,NA,NA,NA
Jaklapallisaurus__mat_z_trans,0.12182266604038887,-0.00863304812153089,0.034695125980294464,NA,NA,NA
Jaklapallisaurus__map_z_trans,-0.3926405018870719,-0.007028965675752132,0.008579439946525177,NA,NA,NA
Jaklapallisaurus__wmm_z_trans,-0.1955339698214084,-0.005164303079720211,0.00771481110420699,NA,NA,NA
Jaklapallisaurus__cmm_z_trans,-0.5137687764200382,-0.012404524795696628,0.017951149180587333,NA,NA,NA
Jaklapallisaurus__wmmcmm_z_trans,-0.18770294746384025,-0.007642641091462166,0.021763534330044486,NA,NA,NA
Jaklapallisaurus__wetmon_z_trans,0.24156911414116622,-0.00488780741671167,0.030939003382360816,NA,NA,NA
Jaklapallisaurus__drymon_z_trans,0.048601686819456515,-0.0008797086934983376,0.008010044965299551,NA,NA,NA
Jaklapallisaurus__wetdry_z_trans,0.21990615203045308,-0.005585148997307557,0.03480898755732808,NA,NA,NA
Jaklapallisaurus__time,0.13464747507590802,-0.0007937447477934391,0.011470427644013124,NA,NA,NA
Jaxtasuchus__lat_range_z_trans,0.08129348596321366,0.0022759193189632898,0.018803310013432255,0.8396704190783203,0.3653787113726139,1.4592536193376873
Jaxtasuchus__Temperate_N,-0.24012608332078417,-0.020588418068909726,-0.007520842794851114,NA,NA,NA
Jaxtasuchus__Tropical,0.08952399480431632,0.0004637481374428497,0.025307935685861014,NA,NA,NA
Jaxtasuchus__Temperate_S,0.13464238070771467,0.0023643029060378064,0.03202721737572849,NA,NA,NA
Jaxtasuchus__Antarctic,0.01982375084590123,0.00010009208724982167,0.005523931366643527,NA,NA,NA
Jaxtasuchus__mat_z_trans,-0.00926423789799306,-0.008061796674329776,0.021131610946178315,NA,NA,NA
Jaxtasuchus__map_z_trans,-0.00063085638422472,-0.0033285237062212186,0.011733491150628978,NA,NA,NA
Jaxtasuchus__wmm_z_trans,0.008243899866703182,-0.0023991993913397183,0.012740903133247694,NA,NA,NA
Jaxtasuchus__cmm_z_trans,0.04800310024052762,-0.006015413839864038,0.028519609254663653,NA,NA,NA
Jaxtasuchus__wmmcmm_z_trans,0.03348875888056811,-0.006741963286862001,0.021726844034866744,NA,NA,NA
Jaxtasuchus__wetmon_z_trans,-0.026443968366693032,-0.00827361166259612,0.015209242696643279,NA,NA,NA
Jaxtasuchus__drymon_z_trans,0.00729590552404699,-0.0021743788932521075,0.009149491923135715,NA,NA,NA
Jaxtasuchus__wetdry_z_trans,-0.028736850610767233,-0.00828060211656617,0.017663370418809582,NA,NA,NA
Jaxtasuchus__time,0.018638601123379266,-0.0005710638890661709,0.007370641215147382,NA,NA,NA
Jesairosaurus__lat_range_z_trans,0.08820926641924862,0.0013093716728241186,0.011696870207239262,0.7800935885755461,0.09145106002688408,5.377534337341785
Jesairosaurus__Temperate_N,0.1226471429856108,0.001123528975955981,0.01844711588926317,NA,NA,NA
Jesairosaurus__Tropical,-0.22082780515624176,-0.013833256346830549,0.002419392195842872,NA,NA,NA
Jesairosaurus__Temperate_S,0.14097142369253035,0.0007783842377690327,0.02000458474851989,NA,NA,NA
Jesairosaurus__Antarctic,0.020298723012619847,-0.0007330315200304741,0.004564943883389347,NA,NA,NA
Jesairosaurus__mat_z_trans,-0.002529758256720432,-0.005341012442708221,0.00965019999492839,NA,NA,NA
Jesairosaurus__map_z_trans,0.1545066518753925,-0.0007011426065847155,0.03676022868398269,NA,NA,NA
Jesairosaurus__wmm_z_trans,0.07308479191539766,-0.0026371971410403226,0.021751957253282383,NA,NA,NA
Jesairosaurus__cmm_z_trans,0.01489474576355192,-0.003922757990621161,0.024961724827312858,NA,NA,NA
Jesairosaurus__wmmcmm_z_trans,-0.037939975499199335,-0.006763478736295521,0.011592878964103766,NA,NA,NA
Jesairosaurus__wetmon_z_trans,-0.12760631202870432,-0.014515600923153654,0.017133971796867552,NA,NA,NA
Jesairosaurus__drymon_z_trans,0.015002474727554524,-0.0007685347864455428,0.004764474369856889,NA,NA,NA
Jesairosaurus__wetdry_z_trans,-0.1181223695680795,-0.013786337202010661,0.031016616178549422,NA,NA,NA
Jesairosaurus__time,0.013162881492948014,-0.0014398442701415897,0.0046217974269970085,NA,NA,NA
Jingshanosaurus__lat_range_z_trans,0.052008048647578124,0.001600046939548955,0.01103860584501337,0.9737578368904292,0.5875700861215591,1.493650644668378
Jingshanosaurus__Temperate_N,-0.060232918251690325,-0.007743521963472137,0.003066695873745197,NA,NA,NA
Jingshanosaurus__Tropical,0.056052588981120775,-0.00022362769338098466,0.015787396548580225,NA,NA,NA
Jingshanosaurus__Temperate_S,0.08117975052363641,0.0010672847753290342,0.02207782787148731,NA,NA,NA
Jingshanosaurus__Antarctic,0.007640611907977656,-0.0002387955505999956,0.002326936170115365,NA,NA,NA
Jingshanosaurus__mat_z_trans,0.02765376578944285,-0.007236791976485637,0.0364515448948866,NA,NA,NA
Jingshanosaurus__map_z_trans,-0.045459458531644195,-0.00722612593755886,0.0046062139042316675,NA,NA,NA
Jingshanosaurus__wmm_z_trans,-0.08977859072642168,-0.014519582494263349,0.022959471914489694,NA,NA,NA
Jingshanosaurus__cmm_z_trans,-0.02554188141387235,-0.006053296454290933,0.012660942421912284,NA,NA,NA
Jingshanosaurus__wmmcmm_z_trans,0.026924597864521026,-0.002645029701512954,0.01517578733304896,NA,NA,NA
Jingshanosaurus__wetmon_z_trans,0.035611545357091406,-0.005471860993666339,0.02259565248268629,NA,NA,NA
Jingshanosaurus__drymon_z_trans,0.0076036272432171235,-0.0005644683248369545,0.003642209916054854,NA,NA,NA
Jingshanosaurus__wetdry_z_trans,0.036779570324938136,-0.00578152823514714,0.02520561705798649,NA,NA,NA
Jingshanosaurus__time,0.025310623660013885,-0.006193611468975981,0.02179185418589719,NA,NA,NA
Jupijkam__lat_range_z_trans,0.28387644097208975,0.000861589615553567,0.009440609744627603,0.2660338876041351,0.09871987625956535,0.4512922391295433
Jupijkam__Temperate_N,0.3499652302078903,-0.00036897680950951587,0.014704147127357412,NA,NA,NA
Jupijkam__Tropical,-0.4290256258822046,-0.006249389843128602,0.006625622086171353,NA,NA,NA
Jupijkam__Temperate_S,0.45365889245644214,0.0006939595534655726,0.016846985721686372,NA,NA,NA
Jupijkam__Antarctic,0.08150388932786883,0.00012088574340609973,0.00326926266055798,NA,NA,NA
Jupijkam__mat_z_trans,0.08660565795376897,-0.009144393304378632,0.03326637996562138,NA,NA,NA
Jupijkam__map_z_trans,-0.4456236805394292,-0.00845258325877348,0.00520294306074878,NA,NA,NA
Jupijkam__wmm_z_trans,-0.25675417193211614,-0.0062223512805354795,0.010985736994064396,NA,NA,NA
Jupijkam__cmm_z_trans,-0.5294780840788735,-0.0103468027695529,0.01910349009814362,NA,NA,NA
Jupijkam__wmmcmm_z_trans,-0.1885967823653482,-0.006723294577756332,0.018640759532488733,NA,NA,NA
Jupijkam__wetmon_z_trans,0.22391949306242168,-0.0055733359621625254,0.028377028399023056,NA,NA,NA
Jupijkam__drymon_z_trans,0.03258765537641011,-0.0017151021687664123,0.00515773132686784,NA,NA,NA
Jupijkam__wetdry_z_trans,0.22577644960023463,-0.007083061816200632,0.035541812661340356,NA,NA,NA
Jupijkam__time,0.15750835582613945,-0.0010280522009740044,0.012224247041436615,NA,NA,NA
Jushatyria__lat_range_z_trans,0.03355130979083776,0.002261300616888192,0.01178530905999513,1.7670111631254075,0.8854637742042542,2.834851497784257
Jushatyria__Temperate_N,-0.05813606811866566,-0.01562959197579833,0.003868211574315367,NA,NA,NA
Jushatyria__Tropical,0.03920448785974529,0.0011646872199726317,0.01676856892819366,NA,NA,NA
Jushatyria__Temperate_S,0.05305428900628214,0.002641660940698093,0.021114215103032997,NA,NA,NA
Jushatyria__Antarctic,0.0026198421573396797,-0.00044694658880696124,0.0026132394421515682,NA,NA,NA
Jushatyria__mat_z_trans,0.002731671070630627,-0.003910185418180154,0.01617303681683218,NA,NA,NA
Jushatyria__map_z_trans,0.07161335492375721,-0.002284662124335149,0.03960522991990164,NA,NA,NA
Jushatyria__wmm_z_trans,0.029000839391754,-0.004054366163064389,0.020054670306187492,NA,NA,NA
Jushatyria__cmm_z_trans,0.008276648571578085,-0.0033864697088813464,0.01284246287233116,NA,NA,NA
Jushatyria__wmmcmm_z_trans,-0.007451907712576767,-0.006273010375122434,0.006512417958013249,NA,NA,NA
Jushatyria__wetmon_z_trans,-0.02215769829276324,-0.01442788809292911,0.02188392496134461,NA,NA,NA
Jushatyria__drymon_z_trans,0.003922791422397033,-0.0010460418425498011,0.004129332100239788,NA,NA,NA
Jushatyria__wetdry_z_trans,-0.022134769011580964,-0.014187357228399141,0.03809848699157459,NA,NA,NA
Jushatyria__time,0.0016570903171736393,-0.0016520383388053755,0.0039376503860220685,NA,NA,NA
Kadimakara__lat_range_z_trans,0.016973166492686896,0.002706421730107614,0.011220619834192634,3.984427303589182,1.7347667180001736,5.604935571551323
Kadimakara__Temperate_N,0.024633216156812823,0.0028006381949333445,0.017495010259362242,NA,NA,NA
Kadimakara__Tropical,0.012748423301107663,-0.001372136806859874,0.014007013542594544,NA,NA,NA
Kadimakara__Temperate_S,-0.034163609848435056,-0.01431831766772818,-0.005054522532803623,NA,NA,NA
Kadimakara__Antarctic,-0.002406370506639033,-0.001471815031689878,0.000629759933485889,NA,NA,NA
Kadimakara__mat_z_trans,0.012424698826805846,-0.011679482121020109,0.027336552362148797,NA,NA,NA
Kadimakara__map_z_trans,0.03098998880433955,-0.0012772453050816457,0.02850236626344621,NA,NA,NA
Kadimakara__wmm_z_trans,0.021627380884100978,-0.004278216550447577,0.021486746991594245,NA,NA,NA
Kadimakara__cmm_z_trans,0.03336048843765941,-0.006344132528005539,0.03382814893699924,NA,NA,NA
Kadimakara__wmmcmm_z_trans,0.01767252371805304,-0.004362041650957921,0.02154551150188994,NA,NA,NA
Kadimakara__wetmon_z_trans,0.00021211649925689428,-0.008312112842896334,0.016361591540156734,NA,NA,NA
Kadimakara__drymon_z_trans,0.0038864034814902,-0.0014336314546575224,0.0072176520966934525,NA,NA,NA
Kadimakara__wetdry_z_trans,0.0010680294895589538,-0.008641541052824846,0.02036140818530629,NA,NA,NA
Kadimakara__time,-0.003274574360889334,-0.0032472959921848146,0.00444889750506891,NA,NA,NA
Kahneria__lat_range_z_trans,0.3121947237849236,0.0009483600195386106,0.011867218466155498,0.20838682096917183,0.044667589478194714,0.44388548738788813
Kahneria__Temperate_N,0.43278450427111237,1.0220519055906016e-05,0.017347465190798928,NA,NA,NA
Kahneria__Tropical,-0.9725362576544285,-0.011245860230418847,0.002542917585344502,NA,NA,NA
Kahneria__Temperate_S,0.47241909489035605,0.0008672828871393379,0.017853950928203525,NA,NA,NA
Kahneria__Antarctic,0.09913155719637871,0.0001424359824321622,0.003974728383949045,NA,NA,NA
Kahneria__mat_z_trans,-0.010568634965457022,-0.004905812731153256,0.014186227249181964,NA,NA,NA
Kahneria__map_z_trans,0.18538166085258126,-0.0016123236360404325,0.022437163622678027,NA,NA,NA
Kahneria__wmm_z_trans,0.4255624036991503,-0.0039059826972806483,0.04143110424431017,NA,NA,NA
Kahneria__cmm_z_trans,-0.3410459737665951,-0.007565942847760462,0.008091561822329759,NA,NA,NA
Kahneria__wmmcmm_z_trans,-0.5057991443388165,-0.013966017057475685,0.02121818814879556,NA,NA,NA
Kahneria__wetmon_z_trans,-0.11171975111588836,-0.006459332684155314,0.007411736951174797,NA,NA,NA
Kahneria__drymon_z_trans,0.2562242982164025,-0.0036722864540935755,0.022522585508023073,NA,NA,NA
Kahneria__wetdry_z_trans,-0.22328748461790382,-0.006099673069643519,0.010676756562992181,NA,NA,NA
Kahneria__time,-0.05031644389848225,-0.003765977079457556,0.01782515175619845,NA,NA,NA
Kalisuchus__lat_range_z_trans,0.01704399683587958,0.002686472703706053,0.011104542821031604,3.9618489918031266,1.6206369400024414,5.604935571551323
Kalisuchus__Temperate_N,0.024702612326391767,0.0027799946992540054,0.017314024844462077,NA,NA,NA
Kalisuchus__Tropical,0.012757744560760462,-0.001362022790599181,0.013862111360776043,NA,NA,NA
Kalisuchus__Temperate_S,-0.034186847473987085,-0.01466411023738736,-0.005002233631902171,NA,NA,NA
Kalisuchus__Antarctic,-0.002380232987904569,-0.0014609662875349053,0.0006232450837567526,NA,NA,NA
Kalisuchus__mat_z_trans,0.012382221645811304,-0.011593392693568043,0.027053756456467293,NA,NA,NA
Kalisuchus__map_z_trans,0.03092314367531775,-0.0012678307337940695,0.028207510044024123,NA,NA,NA
Kalisuchus__wmm_z_trans,0.021406291149326327,-0.004246681829170756,0.02126446716657685,NA,NA,NA
Kalisuchus__cmm_z_trans,0.03367846535329656,-0.006297369946295425,0.03347819763774859,NA,NA,NA
Kalisuchus__wmmcmm_z_trans,0.01719667669028672,-0.004329889055118318,0.023301823940801505,NA,NA,NA
Kalisuchus__wetmon_z_trans,0.00011183196036440288,-0.008250844284226766,0.01619233131170173,NA,NA,NA
Kalisuchus__drymon_z_trans,0.004133110055917111,-0.0014230641615335738,0.00743333564550108,NA,NA,NA
Kalisuchus__wetdry_z_trans,0.0012263154717720335,-0.008577844279814483,0.02015076996025025,NA,NA,NA
Kalisuchus__time,-0.0032434478873234977,-0.0032233601832304566,0.00440287377893978,NA,NA,NA
Kapes__lat_range_z_trans,-0.6975819857612635,-0.024535857729323124,-0.014287988760993693,0.36518651219754245,0.06527852173894644,0.742622144985944
Kapes__Temperate_N,-0.16501265355882863,-0.006265836630934793,0.0015744631200411859,NA,NA,NA
Kapes__Tropical,-0.08893322255965734,-0.005853586244253699,0.0068010170774354325,NA,NA,NA
Kapes__Temperate_S,0.20324047222669905,0.0015264782109253208,0.022213046295367224,NA,NA,NA
Kapes__Antarctic,0.01049105550632795,-0.00043221105111353045,0.002021959556500174,NA,NA,NA
Kapes__mat_z_trans,0.1012787912563456,-0.004812294242826498,0.032046004590783536,NA,NA,NA
Kapes__map_z_trans,0.18654963265719648,-0.001149617997086975,0.028137442129171186,NA,NA,NA
Kapes__wmm_z_trans,0.14997078156177193,-0.0017878859693799443,0.02427812850212463,NA,NA,NA
Kapes__cmm_z_trans,0.28049931073632695,-0.0012523973123676384,0.04871016356863261,NA,NA,NA
Kapes__wmmcmm_z_trans,0.14362508093792728,-0.0018278249913119232,0.023033153334206705,NA,NA,NA
Kapes__wetmon_z_trans,-0.008629089299128182,-0.005811525592796823,0.014717886419389441,NA,NA,NA
Kapes__drymon_z_trans,0.026534333367665246,-0.0010912552997692393,0.006212979049298875,NA,NA,NA
Kapes__wetdry_z_trans,-0.016447205597441967,-0.007081541642154962,0.01866533599499176,NA,NA,NA
Kapes__time,0.01016657990196788,-0.0008555525869194543,0.005263165543186457,NA,NA,NA
Kholumolumo__lat_range_z_trans,0.15411157465970637,0.0012628185262638294,0.01116713080441643,0.47544202381686773,0.06881141848862171,1.239557075779885
Kholumolumo__Temperate_N,0.20870498364344794,0.0005075472903894048,0.020357264585473298,NA,NA,NA
Kholumolumo__Tropical,0.1765872268038627,0.00040512913207938725,0.017587483429485937,NA,NA,NA
Kholumolumo__Temperate_S,-0.3328645365556027,-0.010022550140082685,0.0004232048681186389,NA,NA,NA
Kholumolumo__Antarctic,0.03942145368467903,5.02003396868552e-05,0.0035447963774475205,NA,NA,NA
Kholumolumo__mat_z_trans,0.056333406421297944,-0.005755619861471933,0.026892498657489612,NA,NA,NA
Kholumolumo__map_z_trans,-0.21492691521356613,-0.008424639126332524,0.008688378919498047,NA,NA,NA
Kholumolumo__wmm_z_trans,-0.07987712051261635,-0.004857784005004598,0.008092405472654732,NA,NA,NA
Kholumolumo__cmm_z_trans,-0.16513469494367833,-0.012968243697828365,0.014699252316634404,NA,NA,NA
Kholumolumo__wmmcmm_z_trans,-0.08031184544977195,-0.008022421877823878,0.02282873059856526,NA,NA,NA
Kholumolumo__wetmon_z_trans,0.1480791876312006,-0.005221183865331926,0.029831772614689916,NA,NA,NA
Kholumolumo__drymon_z_trans,0.03191441229114348,-0.0011297800696451986,0.009281431244451382,NA,NA,NA
Kholumolumo__wetdry_z_trans,0.13229770168450597,-0.006207299125853583,0.03631216772278083,NA,NA,NA
Kholumolumo__time,0.06141704723130021,-0.0008470825983580613,0.009680238808429496,NA,NA,NA
Kinelia__lat_range_z_trans,-0.33362323283094975,-0.009808014410859555,-0.006673819412436637,0.47962369156157364,0.027384042739868164,2.5964701883494854
Kinelia__Temperate_N,-0.10495251404472852,-0.004381381826348341,0.014597180311532109,NA,NA,NA
Kinelia__Tropical,0.09878757903773966,-6.385575403421672e-05,0.009191495240244082,NA,NA,NA
Kinelia__Temperate_S,0.14777826985399345,0.0006155886262678505,0.013763538157199367,NA,NA,NA
Kinelia__Antarctic,0.012798492959609012,-0.000298190770791723,0.0036211015813491696,NA,NA,NA
Kinelia__mat_z_trans,0.07045309738200321,-0.008627675832592777,0.030100751716427062,NA,NA,NA
Kinelia__map_z_trans,0.12519516428639885,-0.0010191236693350904,0.04094447523290324,NA,NA,NA
Kinelia__wmm_z_trans,0.1468623007352378,-0.0032460372177922714,0.028566666687529767,NA,NA,NA
Kinelia__cmm_z_trans,-0.06353662724499715,-0.010355085081844701,0.008243936344184084,NA,NA,NA
Kinelia__wmmcmm_z_trans,-0.05269806052617863,-0.007603169763340093,0.0199342090428834,NA,NA,NA
Kinelia__wetmon_z_trans,0.03663006127391112,-0.0033545500474535853,0.022457599298681602,NA,NA,NA
Kinelia__drymon_z_trans,0.06874311738044259,-0.005448397397505418,0.016052738920341186,NA,NA,NA
Kinelia__wetdry_z_trans,-0.016081928569317373,-0.005111173397968424,0.011587921319594236,NA,NA,NA
Kinelia__time,-0.0006038383172554338,-0.0025298425357149303,0.006998961979702826,NA,NA,NA
Kitchingnathus__lat_range_z_trans,0.016973166492686896,0.002706421730107614,0.011220619834192634,3.984427303589182,1.7347667180001736,5.604935571551323
Kitchingnathus__Temperate_N,0.024633216156812823,0.0028006381949333445,0.017495010259362242,NA,NA,NA
Kitchingnathus__Tropical,0.012748423301107663,-0.001372136806859874,0.014007013542594544,NA,NA,NA
Kitchingnathus__Temperate_S,-0.034163609848435056,-0.01431831766772818,-0.005054522532803623,NA,NA,NA
Kitchingnathus__Antarctic,-0.002406370506639033,-0.001471815031689878,0.000629759933485889,NA,NA,NA
Kitchingnathus__mat_z_trans,0.012424698826805846,-0.011679482121020109,0.027336552362148797,NA,NA,NA
Kitchingnathus__map_z_trans,0.03098998880433955,-0.0012772453050816457,0.02850236626344621,NA,NA,NA
Kitchingnathus__wmm_z_trans,0.021627380884100978,-0.004278216550447577,0.021486746991594245,NA,NA,NA
Kitchingnathus__cmm_z_trans,0.03336048843765941,-0.006344132528005539,0.03382814893699924,NA,NA,NA
Kitchingnathus__wmmcmm_z_trans,0.01767252371805304,-0.004362041650957921,0.02154551150188994,NA,NA,NA
Kitchingnathus__wetmon_z_trans,0.00021211649925689428,-0.008312112842896334,0.016361591540156734,NA,NA,NA
Kitchingnathus__drymon_z_trans,0.0038864034814902,-0.0014336314546575224,0.0072176520966934525,NA,NA,NA
Kitchingnathus__wetdry_z_trans,0.0010680294895589538,-0.008641541052824846,0.02036140818530629,NA,NA,NA
Kitchingnathus__time,-0.003274574360889334,-0.0032472959921848146,0.00444889750506891,NA,NA,NA
Kocurypelta__lat_range_z_trans,0.08070952215741795,0.0011163472984695884,0.009952587531972527,0.6951379323494621,0.16521186381578445,1.3334746733307838
Kocurypelta__Temperate_N,-0.1027138636560134,-0.007855848035101474,0.0036182523436584174,NA,NA,NA
Kocurypelta__Tropical,0.08663110476421378,-0.000137204117347348,0.014139895546298773,NA,NA,NA
Kocurypelta__Temperate_S,0.12794388227639011,0.000616555612388214,0.017075932374792102,NA,NA,NA
Kocurypelta__Antarctic,0.01748422278447264,-0.0001617049690454917,0.0031243997424454566,NA,NA,NA
Kocurypelta__mat_z_trans,0.06547291596832606,-0.009075948733391794,0.03390735876933518,NA,NA,NA
Kocurypelta__map_z_trans,-0.12650127026453292,-0.007945204256727888,0.005501813548776828,NA,NA,NA
Kocurypelta__wmm_z_trans,-0.049771722762681186,-0.004235155667056243,0.011622036482877008,NA,NA,NA
Kocurypelta__cmm_z_trans,-0.11298146196319414,-0.010753146995071277,0.018996884549440193,NA,NA,NA
Kocurypelta__wmmcmm_z_trans,-0.04485005803775954,-0.006414724905488934,0.02551011555235232,NA,NA,NA
Kocurypelta__wetmon_z_trans,0.07000041828438788,-0.005762161889509305,0.026358024963159633,NA,NA,NA
Kocurypelta__drymon_z_trans,0.010238476907763468,-0.001467045849780756,0.006630105223787977,NA,NA,NA
Kocurypelta__wetdry_z_trans,0.07168724570162928,-0.007845851338314948,0.030740624256996352,NA,NA,NA
Kocurypelta__time,0.042402469215488854,-0.001309815233335628,0.012208725534242742,NA,NA,NA
Koilamasuchus__lat_range_z_trans,0.34607762679457665,0.0016518664175244604,0.0176757057505954,0.35051498575368895,0.1917789950966835,0.5347929447889328
Koilamasuchus__Temperate_N,0.5012814951781184,0.0011283138221543474,0.0317227717495956,NA,NA,NA
Koilamasuchus__Tropical,0.33894536656793206,0.0008404886672562655,0.02786267965404208,NA,NA,NA
Koilamasuchus__Temperate_S,-1.2352385390270502,-0.02004839097001631,-0.01089449492654706,NA,NA,NA
Koilamasuchus__Antarctic,0.10598341405391692,0.0004132704466440388,0.005923267502986652,NA,NA,NA
Koilamasuchus__mat_z_trans,0.0028475697990506888,-0.0071551455637927424,0.021212986603237668,NA,NA,NA
Koilamasuchus__map_z_trans,-0.0017183259781450033,-0.003980149639270398,0.012868075424983728,NA,NA,NA
Koilamasuchus__wmm_z_trans,0.011371944934362546,-0.003748904173231842,0.009578664344883667,NA,NA,NA
Koilamasuchus__cmm_z_trans,0.17376458264887332,-0.0038799377748165863,0.027255839006233268,NA,NA,NA
Koilamasuchus__wmmcmm_z_trans,0.12608268496580421,-0.005372893484610542,0.026205143032635846,NA,NA,NA
Koilamasuchus__wetmon_z_trans,-0.17233106928586495,-0.009603230510886653,0.017503794552925337,NA,NA,NA
Koilamasuchus__drymon_z_trans,0.024416197098908014,-0.002190751641475226,0.008666798812453299,NA,NA,NA
Koilamasuchus__wetdry_z_trans,-0.22309120268560945,-0.009271444531170478,0.015448760305021722,NA,NA,NA
Koilamasuchus__time,0.10373891790397466,-1.4000143621611218e-05,0.00835676460708831,NA,NA,NA
Koiloskiosaurus__lat_range_z_trans,0.033271635325397377,0.0022360037420941815,0.011778069458684056,1.7819964330295444,0.772655788809061,2.834851497784257
Koiloskiosaurus__Temperate_N,-0.05758130555028222,-0.015454745770769064,0.0038658353693773067,NA,NA,NA
Koiloskiosaurus__Tropical,0.038695900930339686,0.0010856175121007172,0.01675826815856773,NA,NA,NA
Koiloskiosaurus__Temperate_S,0.05259542158354606,0.0026121090246167067,0.021101244845013963,NA,NA,NA
Koiloskiosaurus__Antarctic,0.0025385498406788214,-0.0004419466556657327,0.002746401315949752,NA,NA,NA
Koiloskiosaurus__mat_z_trans,0.0027153702986546296,-0.003866442684371861,0.016163101876819394,NA,NA,NA
Koiloskiosaurus__map_z_trans,0.07089664229836365,-0.0022591039074071157,0.03958090081041509,NA,NA,NA
Koiloskiosaurus__wmm_z_trans,0.02892248674115491,-0.004009010498085511,0.020042350916284122,NA,NA,NA
Koiloskiosaurus__cmm_z_trans,0.008147711725024057,-0.0033485857143432086,0.01283457387166307,NA,NA,NA
Koiloskiosaurus__wmmcmm_z_trans,-0.006355425122888944,-0.006757495100452519,0.00650841744268123,NA,NA,NA
Koiloskiosaurus__wetmon_z_trans,-0.021499666051925742,-0.014266485192358078,0.02187048187800797,NA,NA,NA
Koiloskiosaurus__drymon_z_trans,0.00378944783994899,-0.0010343399090153328,0.004126795491489472,NA,NA,NA
Koiloskiosaurus__wetdry_z_trans,-0.02194726127561692,-0.014028645115208906,0.0380750834596884,NA,NA,NA
Koiloskiosaurus__time,0.0015623727935144842,-0.0016978388104475553,0.003935231525493925,NA,NA,NA
Kranosaura__lat_range_z_trans,0.26153520211577413,0.0009573320811621324,0.00959763511095082,0.12356578282589908,0.034523097798228264,0.2250567115843296
Kranosaura__Temperate_N,0.33487060758110604,-3.996806447339149e-05,0.016184673379531445,NA,NA,NA
Kranosaura__Tropical,0.29779772594571113,0.0003620461417301183,0.014678557275507848,NA,NA,NA
Kranosaura__Temperate_S,-0.5472071780743135,-0.008052755139821687,0.001983327458354883,NA,NA,NA
Kranosaura__Antarctic,0.07756254876963795,0.00013910057950768592,0.003566565854401534,NA,NA,NA
Kranosaura__mat_z_trans,0.12763436239096337,-0.0075176868803867826,0.03358350319753601,NA,NA,NA
Kranosaura__map_z_trans,-0.3842245658510365,-0.007692105749411103,0.008619082698954613,NA,NA,NA
Kranosaura__wmm_z_trans,-0.19055462071672083,-0.005735101967470766,0.01100279889012037,NA,NA,NA
Kranosaura__cmm_z_trans,-0.518627042050939,-0.012413298574667905,0.018071810636337688,NA,NA,NA
Kranosaura__wmmcmm_z_trans,-0.18004800606984644,-0.007747675519757457,0.019877636808300347,NA,NA,NA
Kranosaura__wetmon_z_trans,0.225441138073802,-0.005769931877859203,0.03019162582986988,NA,NA,NA
Kranosaura__drymon_z_trans,0.05062632245011628,-0.0008254886369903268,0.007031547804552256,NA,NA,NA
Kranosaura__wetdry_z_trans,0.21385570808313786,-0.0055996851826943615,0.0345272264236801,NA,NA,NA
Kranosaura__time,0.1389241027040407,-0.0012956902881802324,0.010470765052037699,NA,NA,NA
Krzyzanowskisaurus__lat_range_z_trans,0.03067323756575938,-0.000755965449105397,0.006477368856236706,0.5621783161468921,0.13404630974400789,1.9857580124516971
Krzyzanowskisaurus__Temperate_N,0.20525306449467912,0.00126477087865004,0.02353138491427017,NA,NA,NA
Krzyzanowskisaurus__Tropical,-0.311405656076963,-0.012876256969479805,0.001733567656813403,NA,NA,NA
Krzyzanowskisaurus__Temperate_S,0.22826946644058532,0.0017807228307953537,0.026634220519726668,NA,NA,NA
Krzyzanowskisaurus__Antarctic,0.03811166445043991,5.678289811960783e-05,0.005213156835318288,NA,NA,NA
Krzyzanowskisaurus__mat_z_trans,0.002880640724119678,-0.008044699900040881,0.01882624901046866,NA,NA,NA
Krzyzanowskisaurus__map_z_trans,-0.15209473274027335,-0.011889214125958563,0.008957078089255601,NA,NA,NA
Krzyzanowskisaurus__wmm_z_trans,-0.04866933595425452,-0.005952014149240409,0.013395525830134368,NA,NA,NA
Krzyzanowskisaurus__cmm_z_trans,-0.0557248654737704,-0.0063113924745603345,0.017476281628144387,NA,NA,NA
Krzyzanowskisaurus__wmmcmm_z_trans,0.009865973715110424,-0.0041129948157032315,0.021373035703427787,NA,NA,NA
Krzyzanowskisaurus__wetmon_z_trans,0.07722391858502446,-0.004713474029637114,0.026693046052092006,NA,NA,NA
Krzyzanowskisaurus__drymon_z_trans,0.01303424319434595,-0.002372705002211278,0.009799240763641519,NA,NA,NA
Krzyzanowskisaurus__wetdry_z_trans,0.05129424920203942,-0.007145749116418786,0.03141327036425681,NA,NA,NA
Krzyzanowskisaurus__time,0.04704001324906644,-0.00015871965452247746,0.007863330196349121,NA,NA,NA
Kudnu__lat_range_z_trans,0.017014987592531134,0.002706421730107614,0.011205634584096269,3.9607194746204186,1.7718166173435748,5.980616137385368
Kudnu__Temperate_N,0.024706765181109147,0.0028006381949333445,0.017471645498052343,NA,NA,NA
Kudnu__Tropical,0.012678874839335212,-0.001372136806859874,0.01398830703581144,NA,NA,NA
Kudnu__Temperate_S,-0.03424833166857893,-0.01431831766772818,-0.00504777216737007,NA,NA,NA
Kudnu__Antarctic,-0.0023926808919574596,-0.001471815031689878,0.0006289188827914168,NA,NA,NA
Kudnu__mat_z_trans,0.012474676743123254,-0.011679482121020109,0.027300044122856092,NA,NA,NA
Kudnu__map_z_trans,0.03112205064995477,-0.0012772453050816457,0.02846430106801963,NA,NA,NA
Kudnu__wmm_z_trans,0.021338334289759845,-0.004278216550447577,0.02145805122592494,NA,NA,NA
Kudnu__cmm_z_trans,0.03353081594107156,-0.006344132528005539,0.03378297110550608,NA,NA,NA
Kudnu__wmmcmm_z_trans,0.017676465505180223,-0.004362041650957921,0.021516737255628957,NA,NA,NA
Kudnu__wetmon_z_trans,1.1894356073762958e-05,-0.008312112842896334,0.016339740470890787,NA,NA,NA
Kudnu__drymon_z_trans,0.004089705829794646,-0.0014336314546575224,0.007501006059129628,NA,NA,NA
Kudnu__wetdry_z_trans,0.0010400410458435872,-0.008641541052824846,0.02033421532087636,NA,NA,NA
Kudnu__time,-0.003291718037331906,-0.0032472959921848146,0.00444295595792163,NA,NA,NA
Kuehneosaurus__lat_range_z_trans,-0.8548152151703835,-0.022472741486315857,-0.027919317583199158,0.16379450753520358,0.044790808111429214,0.339567132294178
Kuehneosaurus__Temperate_N,-0.2764994036126882,-0.010464014628793135,0.0013503673251164974,NA,NA,NA
Kuehneosaurus__Tropical,0.1709495600068476,-0.0006607892060328997,0.01877529414275614,NA,NA,NA
Kuehneosaurus__Temperate_S,0.34253403162583707,0.0018678945392315075,0.02898376420057419,NA,NA,NA
Kuehneosaurus__Antarctic,0.020869561572326348,-0.0003272312505102504,0.003646434599958306,NA,NA,NA
Kuehneosaurus__mat_z_trans,0.09528143108822405,-0.0044950761265283535,0.024912707524006986,NA,NA,NA
Kuehneosaurus__map_z_trans,0.041084888485347616,-0.006206044303628359,0.019334151160627564,NA,NA,NA
Kuehneosaurus__wmm_z_trans,0.05198821166995913,-0.0032469325101493742,0.013160415323905553,NA,NA,NA
Kuehneosaurus__cmm_z_trans,0.1843671107769478,-0.0028951064328273284,0.03336700874705309,NA,NA,NA
Kuehneosaurus__wmmcmm_z_trans,0.0967747948539909,-0.0025970360945811867,0.019889564979600562,NA,NA,NA
Kuehneosaurus__wetmon_z_trans,0.04016983619134407,-0.003927530433587172,0.03291955162527304,NA,NA,NA
Kuehneosaurus__drymon_z_trans,0.015031208969594445,-0.0016782233349357974,0.005511351081888563,NA,NA,NA
Kuehneosaurus__wetdry_z_trans,0.0329104386200197,-0.0037134397797582153,0.03867678282388774,NA,NA,NA
Kuehneosaurus__time,0.04652065872796811,-0.00041463803089686086,0.006778680468686415,NA,NA,NA
Kuehneosuchus__lat_range_z_trans,0.05500779996661459,0.0013048122702187534,0.00998497779454774,0.9352414639551648,0.47934150509536266,1.493650644668378
Kuehneosuchus__Temperate_N,-0.060045097312954814,-0.006989828767941988,0.002756095823188461,NA,NA,NA
Kuehneosuchus__Tropical,0.059936076973700216,-0.00020186154205754014,0.014582630176872504,NA,NA,NA
Kuehneosuchus__Temperate_S,0.08603658083600009,0.0009634037149209965,0.02039302667592151,NA,NA,NA
Kuehneosuchus__Antarctic,0.008761264503071743,-0.00010378820599954087,0.0025700459763526554,NA,NA,NA
Kuehneosuchus__mat_z_trans,0.03636497590990629,-0.006532419870889036,0.03366985791115761,NA,NA,NA
Kuehneosuchus__map_z_trans,-0.05371877283926995,-0.0058987447975883765,0.007236510117500757,NA,NA,NA
Kuehneosuchus__wmm_z_trans,-0.0858921814876347,-0.012617920428029738,0.020392566124170872,NA,NA,NA
Kuehneosuchus__cmm_z_trans,-0.03629065090952533,-0.009094276678847841,0.013774551574324832,NA,NA,NA
Kuehneosuchus__wmmcmm_z_trans,0.01562555438256053,-0.005310248815795398,0.01511944654785587,NA,NA,NA
Kuehneosuchus__wetmon_z_trans,0.04092760305543778,-0.004939273313632957,0.022464226882806724,NA,NA,NA
Kuehneosuchus__drymon_z_trans,0.0069729556436524355,-0.0006933989956080367,0.007395152323438771,NA,NA,NA
Kuehneosuchus__wetdry_z_trans,0.03711283242817253,-0.005526589343098658,0.029910136133510064,NA,NA,NA
Kuehneosuchus__time,0.024952940226177434,-0.005590774304963915,0.019137532358487107,NA,NA,NA
Kuruxuchampsa__lat_range_z_trans,0.062341382816249076,0.002090288370092843,0.014145816553141623,0.9270537118933863,0.49624259024858475,1.3613374028354883
Kuruxuchampsa__Temperate_N,0.0904700652859439,0.0012644663856577754,0.02682898597732705,NA,NA,NA
Kuruxuchampsa__Tropical,0.07370814630988015,0.0008766440693230898,0.022902981219060974,NA,NA,NA
Kuruxuchampsa__Temperate_S,-0.14091078178350777,-0.016482332104378338,-0.002124364893618846,NA,NA,NA
Kuruxuchampsa__Antarctic,0.012484248066182126,7.12581407216774e-05,0.004061434095033157,NA,NA,NA
Kuruxuchampsa__mat_z_trans,0.0217086605471136,-0.005835657282121482,0.024357600688061306,NA,NA,NA
Kuruxuchampsa__map_z_trans,-0.06903886692279379,-0.011201804592945312,0.008227091168285848,NA,NA,NA
Kuruxuchampsa__wmm_z_trans,-0.03423679896637371,-0.008320953516033762,0.01155881518364206,NA,NA,NA
Kuruxuchampsa__cmm_z_trans,-0.017219719299542306,-0.007548880856712855,0.013598945785206533,NA,NA,NA
Kuruxuchampsa__wmmcmm_z_trans,-0.0003348226073539167,-0.003206340702540851,0.008806458053422232,NA,NA,NA
Kuruxuchampsa__wetmon_z_trans,0.05505985360167753,-0.003764315460947201,0.03065811615379473,NA,NA,NA
Kuruxuchampsa__drymon_z_trans,0.006408047431517702,-0.0024066775465742757,0.011026147198705807,NA,NA,NA
Kuruxuchampsa__wetdry_z_trans,0.053455734882165706,-0.005993874410713015,0.03585667904126023,NA,NA,NA
Kuruxuchampsa__time,0.02185673201475055,-0.0007727295721415686,0.009482050196812796,NA,NA,NA
Labidosaurikos__lat_range_z_trans,-0.3824642966769665,-0.003821206622836487,-0.004643014438517693,0.0704769301917986,0.008902501314878464,0.15903927385807037
Labidosaurikos__Temperate_N,0.22663262122421285,0.00013834578343632745,0.01084995099894105,NA,NA,NA
Labidosaurikos__Tropical,-0.41514180347451884,-0.006657097886656076,0.0011913914312800438,NA,NA,NA
Labidosaurikos__Temperate_S,0.33772219561886835,0.0006314433535157789,0.011299476705627339,NA,NA,NA
Labidosaurikos__Antarctic,0.07196655467182753,8.95296311651829e-05,0.0030767728908392706,NA,NA,NA
Labidosaurikos__mat_z_trans,0.18800686080836235,-0.004771329061595717,0.03275445146748688,NA,NA,NA
Labidosaurikos__map_z_trans,0.7253455417755041,-0.0026556970147397162,0.041850828003576535,NA,NA,NA
Labidosaurikos__wmm_z_trans,-0.10089615945625371,-0.003108841699015205,0.010446749497186287,NA,NA,NA
Labidosaurikos__cmm_z_trans,-0.28137054968721154,-0.010203110810308691,0.018639432128139528,NA,NA,NA
Labidosaurikos__wmmcmm_z_trans,-0.07569163000460956,-0.005088959233371981,0.016620187251873312,NA,NA,NA
Labidosaurikos__wetmon_z_trans,-0.2533048334333163,-0.009583705366308867,0.022015622986381805,NA,NA,NA
Labidosaurikos__drymon_z_trans,-0.04053682827646334,-0.00700563640475723,0.030488939754856417,NA,NA,NA
Labidosaurikos__wetdry_z_trans,-0.14023741091400554,-0.006097856662251678,0.017593090201111657,NA,NA,NA
Labidosaurikos__time,0.004217856448661145,-0.0030967870855889176,0.007202877541353065,NA,NA,NA
Labidosauriscus__lat_range_z_trans,0.03659258964535627,0.0006259268357264368,0.00720338984126897,1.2981131305533744,0.11689136177301407,3.5416124016046524
Labidosauriscus__Temperate_N,0.04121297111962705,0.00014752715485616234,0.008966021868987834,NA,NA,NA
Labidosauriscus__Tropical,-0.05483414046702152,-0.004890206385652848,0.0026438986954675633,NA,NA,NA
Labidosauriscus__Temperate_S,0.05141369501569736,0.0006572303440819561,0.009282900496836815,NA,NA,NA
Labidosauriscus__Antarctic,0.005329961206478467,-0.0004911550043260654,0.0022783655389457106,NA,NA,NA
Labidosauriscus__mat_z_trans,0.006886255527414802,-0.004128158426532289,0.014444615628814607,NA,NA,NA
Labidosauriscus__map_z_trans,-0.07220761687742147,-0.012895595390164818,0.028195760788890554,NA,NA,NA
Labidosauriscus__wmm_z_trans,0.06236167034839112,-0.0051877304433845025,0.030507159129916805,NA,NA,NA
Labidosauriscus__cmm_z_trans,-0.0034653435076221185,-0.0034155864841671807,0.005347384660917095,NA,NA,NA
Labidosauriscus__wmmcmm_z_trans,-0.017712076134330658,-0.005072199153367832,0.01872554687476885,NA,NA,NA
Labidosauriscus__wetmon_z_trans,0.03432960376449454,-0.010114570617388694,0.027476701047446206,NA,NA,NA
Labidosauriscus__drymon_z_trans,0.008455003347008147,-0.006704085544299423,0.024023168560794384,NA,NA,NA
Labidosauriscus__wetdry_z_trans,0.05355842951541909,-0.006022961100668653,0.02808236784548256,NA,NA,NA
Labidosauriscus__time,-0.01616912112758223,-0.0037393448640255264,0.01220947544159755,NA,NA,NA
Labidosaurus__lat_range_z_trans,-0.2304875708731529,-0.0023665940178722628,-0.0016349434023353205,0.0873635892150196,0.022036530077457428,0.17338025569915771
Labidosaurus__Temperate_N,0.2427827763849685,9.44305085826947e-05,0.009593888480566906,NA,NA,NA
Labidosaurus__Tropical,-0.5508099298857324,-0.007241889849601847,0.000630642974559353,NA,NA,NA
Labidosaurus__Temperate_S,0.37109579938581067,0.0006677349571974278,0.011336930982628009,NA,NA,NA
Labidosaurus__Antarctic,0.0871904734681408,0.00010463973962639764,0.002957643733719435,NA,NA,NA
Labidosaurus__mat_z_trans,0.20868069610479376,-0.00571578341050004,0.030868268681579606,NA,NA,NA
Labidosaurus__map_z_trans,0.7673123039706039,-0.0029062547087916396,0.038540343850784475,NA,NA,NA
Labidosaurus__wmm_z_trans,-0.10323824296654736,-0.003555474536286002,0.009894403867748498,NA,NA,NA
Labidosaurus__cmm_z_trans,-0.30544687798044157,-0.00886909683882081,0.023594478430433854,NA,NA,NA
Labidosaurus__wmmcmm_z_trans,-0.08919442201989287,-0.005936892057272502,0.01553212935242646,NA,NA,NA
Labidosaurus__wetmon_z_trans,-0.29541257464999765,-0.010162405114047146,0.02015773720615293,NA,NA,NA
Labidosaurus__drymon_z_trans,-0.07595731179293841,-0.007140674971675001,0.02902018328358212,NA,NA,NA
Labidosaurus__wetdry_z_trans,-0.1616797628073994,-0.006021437138246174,0.01726633086129379,NA,NA,NA
Labidosaurus__time,-0.0005872377141239268,-0.0021812116416063784,0.011628718116995392,NA,NA,NA
Lagerpeton__lat_range_z_trans,0.3386664129793644,0.0015537187239660403,0.013974319476366147,0.35952328163315544,0.19299215823411942,0.5193379186093807
Lagerpeton__Temperate_N,0.4741188128944486,0.0011804519639429525,0.027014502116594157,NA,NA,NA
Lagerpeton__Tropical,0.34007608897518365,-0.00027566795737774284,0.020018712207555394,NA,NA,NA
Lagerpeton__Temperate_S,-1.1525151507835836,-0.017661635717956627,-0.009277542283365631,NA,NA,NA
Lagerpeton__Antarctic,0.09992706093937159,0.00033004008231561757,0.00504414064948868,NA,NA,NA
Lagerpeton__mat_z_trans,-0.010047515090554952,-0.006303327516191091,0.018133678920204423,NA,NA,NA
Lagerpeton__map_z_trans,0.20829436715925112,-0.002749205790500613,0.034814297004344026,NA,NA,NA
Lagerpeton__wmm_z_trans,0.09121707868413069,-0.003369465302237751,0.01614762955662387,NA,NA,NA
Lagerpeton__cmm_z_trans,0.09812290564179421,-0.0034180322844678656,0.018593717835839095,NA,NA,NA
Lagerpeton__wmmcmm_z_trans,0.0494901977898553,-0.005346799163202407,0.02001262616983165,NA,NA,NA
Lagerpeton__wetmon_z_trans,-0.26394772742583883,-0.011803310866162544,0.017896918061859456,NA,NA,NA
Lagerpeton__drymon_z_trans,0.02939753209531773,-0.0015667190380180657,0.008024973681261524,NA,NA,NA
Lagerpeton__wetdry_z_trans,-0.2815034787543118,-0.011304099388521805,0.022298132153026853,NA,NA,NA
Lagerpeton__time,0.09556884510093369,-0.0004968568249013827,0.006690650870505859,NA,NA,NA
Lanceirosphenodon__lat_range_z_trans,0.26096138820052145,0.001007799551613036,0.01007712504544863,0.13208063378566293,0.0213768407702446,0.20380791556090117
Lanceirosphenodon__Temperate_N,0.33490103248506786,0.0004544232522391904,0.016230863287387844,NA,NA,NA
Lanceirosphenodon__Tropical,0.29766470633447173,0.0003772840857248061,0.014754710237809525,NA,NA,NA
Lanceirosphenodon__Temperate_S,-0.5645875394078029,-0.008829441044600532,0.002395930411144433,NA,NA,NA
Lanceirosphenodon__Antarctic,0.07682000617031008,0.00014171619349902804,0.003576056887778454,NA,NA,NA
Lanceirosphenodon__mat_z_trans,0.11526462702080607,-0.007829257855894696,0.037907589283074236,NA,NA,NA
Lanceirosphenodon__map_z_trans,-0.3814562930259854,-0.007731120688274114,0.007401899188245888,NA,NA,NA
Lanceirosphenodon__wmm_z_trans,-0.20611754116835074,-0.005370759046196545,0.010024612254231903,NA,NA,NA
Lanceirosphenodon__cmm_z_trans,-0.4928388251340948,-0.011858790265099332,0.018783914157098996,NA,NA,NA
Lanceirosphenodon__wmmcmm_z_trans,-0.15477448313497008,-0.007571928917525574,0.01900268525997141,NA,NA,NA
Lanceirosphenodon__wetmon_z_trans,0.22083030849695207,-0.006017421288619088,0.028846263671351912,NA,NA,NA
Lanceirosphenodon__drymon_z_trans,0.04415136172901839,-0.00140323908391469,0.006172851230638832,NA,NA,NA
Lanceirosphenodon__wetdry_z_trans,0.2260314821684733,-0.005474845845501287,0.03395194132318301,NA,NA,NA
Lanceirosphenodon__time,0.13988717363914474,-0.0011253281267634822,0.010260314182770413,NA,NA,NA
Langeronyx__lat_range_z_trans,-0.03742366748653396,-0.004641938250462888,-0.000392543142966841,1.16624986227951,0.004013990983366966,3.911653410643339
Langeronyx__Temperate_N,-0.10824471928012283,-0.013003413918451874,-0.002237446335865824,NA,NA,NA
Langeronyx__Tropical,-0.02104612619456052,-0.005930735832262404,0.015908847444053797,NA,NA,NA
Langeronyx__Temperate_S,0.062461266095551755,0.0012219609292964916,0.01636613300987678,NA,NA,NA
Langeronyx__Antarctic,0.003458971518178495,-0.0005518841854294656,0.002398765752484061,NA,NA,NA
Langeronyx__mat_z_trans,0.029301712134001866,-0.0069610414172633596,0.03006501721848888,NA,NA,NA
Langeronyx__map_z_trans,0.07112972073869839,-0.00042137407128774835,0.02668208804719075,NA,NA,NA
Langeronyx__wmm_z_trans,0.052679663160857676,-0.0022651126306181143,0.02350406252284734,NA,NA,NA
Langeronyx__cmm_z_trans,0.06511671630837552,-0.0033076948463849933,0.038802780972080134,NA,NA,NA
Langeronyx__wmmcmm_z_trans,0.04027857465952171,-0.0027200914842419603,0.023929406779248593,NA,NA,NA
Langeronyx__wetmon_z_trans,-0.018885371370914086,-0.009373001111772339,0.014377877157199424,NA,NA,NA
Langeronyx__drymon_z_trans,0.011065968496631636,-0.0013310721011434003,0.0050897074414533415,NA,NA,NA
Langeronyx__wetdry_z_trans,-0.015164502395981109,-0.010321572029932892,0.02011264082481895,NA,NA,NA
Langeronyx__time,0.001023674992204301,-0.0016239381293583284,0.004779418729226116,NA,NA,NA
Langobardisaurus__lat_range_z_trans,-0.5272848081588745,-0.009670923059475433,-0.009396221328905111,0.13709556592715672,0.002898026257753372,0.3873808088246733
Langobardisaurus__Temperate_N,-0.0969728243490681,-0.003521690789261213,0.007052434673735939,NA,NA,NA
Langobardisaurus__Tropical,-0.09376625621167477,-0.0035784355430516766,0.005556841367435585,NA,NA,NA
Langobardisaurus__Temperate_S,0.2989424040913582,0.0013188246361029762,0.019781795436342297,NA,NA,NA
Langobardisaurus__Antarctic,0.0371831889639725,-0.0001347210256911787,0.003518862297867282,NA,NA,NA
Langobardisaurus__mat_z_trans,0.13809772044536658,-0.00775723270751451,0.03614922579434001,NA,NA,NA
Langobardisaurus__map_z_trans,-0.20560766723006962,-0.0085263452719762,0.007980975692191663,NA,NA,NA
Langobardisaurus__wmm_z_trans,-0.056899035825335884,-0.004190233352105972,0.011387002487655663,NA,NA,NA
Langobardisaurus__cmm_z_trans,-0.15680926281900612,-0.010662002523241116,0.021441592675168156,NA,NA,NA
Langobardisaurus__wmmcmm_z_trans,-0.018806414268910884,-0.004796423751867303,0.027882900492768273,NA,NA,NA
Langobardisaurus__wetmon_z_trans,0.25936113360337915,-0.0035669866121239946,0.03199621087642752,NA,NA,NA
Langobardisaurus__drymon_z_trans,0.030563358017243445,-0.0013166175902435111,0.005849735609927716,NA,NA,NA
Langobardisaurus__wetdry_z_trans,0.2645048606907949,-0.004034786034024959,0.0381298625658409,NA,NA,NA
Langobardisaurus__time,0.09146296444232575,-0.0007933354548391898,0.012055537779339605,NA,NA,NA
Lanthaniscus__lat_range_z_trans,0.048175867986230726,0.0007509570625184797,0.00852019099096176,1.1442267799950605,0.1286540199071169,3.9600431760773063
Lanthaniscus__Temperate_N,-0.09912590645339064,-0.01005143054639104,0.007146945633026123,NA,NA,NA
Lanthaniscus__Tropical,0.05814756542731985,0.0007933323749849667,0.013195872551739698,NA,NA,NA
Lanthaniscus__Temperate_S,0.06862860881862956,0.00045566166072576224,0.014051404167728486,NA,NA,NA
Lanthaniscus__Antarctic,0.00926483621159985,-0.0005873173934570952,0.0033786516123352397,NA,NA,NA
Lanthaniscus__mat_z_trans,0.02318281786652403,-0.0029346245285435516,0.026108429008602285,NA,NA,NA
Lanthaniscus__map_z_trans,0.049010773573188886,-0.001349424891588123,0.03757736319796503,NA,NA,NA
Lanthaniscus__wmm_z_trans,0.054228411705364445,-0.005801386286451368,0.027469955851158922,NA,NA,NA
Lanthaniscus__cmm_z_trans,-0.03447659823413894,-0.006991930710757642,0.010427525432649236,NA,NA,NA
Lanthaniscus__wmmcmm_z_trans,-0.04465649722988072,-0.010922664673477045,0.018464504105193794,NA,NA,NA
Lanthaniscus__wetmon_z_trans,-0.0028599231462164533,-0.006664005458712362,0.012619116650177021,NA,NA,NA
Lanthaniscus__drymon_z_trans,0.02835568470984832,-0.006400595385951586,0.01883776104600749,NA,NA,NA
Lanthaniscus__wetdry_z_trans,-0.006131604958575133,-0.00546759299717129,0.013391745819987231,NA,NA,NA
Lanthaniscus__time,-0.01599215490059496,-0.006059887305041387,0.008197290352603168,NA,NA,NA
Lanthanolania__lat_range_z_trans,0.06634090157460479,0.0007573056282496383,0.009144913902281136,0.9134512655160324,0.0806568544358015,3.9600431760773063
Lanthanolania__Temperate_N,-0.1537870007409406,-0.01038990802865248,0.0063531950195108424,NA,NA,NA
Lanthanolania__Tropical,0.0807916582645569,0.0003952499539196355,0.014065262364278958,NA,NA,NA
Lanthanolania__Temperate_S,0.094727868830867,0.00018847049526778196,0.014977159367878879,NA,NA,NA
Lanthanolania__Antarctic,0.014680620549903428,-0.000395560365863237,0.003689888183516131,NA,NA,NA
Lanthanolania__mat_z_trans,0.019190587310708235,-0.0031580097601284986,0.018134708566792723,NA,NA,NA
Lanthanolania__map_z_trans,0.04865401364061842,-0.0014190111197629584,0.0377034465880718,NA,NA,NA
Lanthanolania__wmm_z_trans,0.08210241130733023,-0.006438732606723652,0.03090908927892767,NA,NA,NA
Lanthanolania__cmm_z_trans,-0.044893400704930815,-0.006639780791689377,0.009622711460949864,NA,NA,NA
Lanthanolania__wmmcmm_z_trans,-0.07312614878215218,-0.011372238671909795,0.025275486320576357,NA,NA,NA
Lanthanolania__wetmon_z_trans,-0.01287027294459247,-0.004144887287909343,0.00648742090777466,NA,NA,NA
Lanthanolania__drymon_z_trans,0.049781363458788135,-0.006494826675220242,0.022519310469855176,NA,NA,NA
Lanthanolania__wetdry_z_trans,-0.012176590798811168,-0.00574660038266941,0.008604174028704227,NA,NA,NA
Lanthanolania__time,-0.023664129590041053,-0.00637237946622134,0.011899989961017073,NA,NA,NA
Lanthanosuchus__lat_range_z_trans,0.16337389752617,0.000879062185948392,0.012702278936808887,0.5124291836676821,0.0806568544358015,1.2844088487327099
Lanthanosuchus__Temperate_N,-0.42302950518311117,-0.01143634057975381,0.002749950560884566,NA,NA,NA
Lanthanosuchus__Tropical,0.1931695788810709,0.0005205125080640146,0.018123788840203107,NA,NA,NA
Lanthanosuchus__Temperate_S,0.2376315997608893,0.0007334622648451255,0.020803263760021045,NA,NA,NA
Lanthanosuchus__Antarctic,0.04598154518155382,8.473952980752693e-05,0.004461242682372173,NA,NA,NA
Lanthanosuchus__mat_z_trans,0.0010253313712943947,-0.0028003926621232114,0.009108272908335525,NA,NA,NA
Lanthanosuchus__map_z_trans,0.04549210359178921,-0.0015353518661619925,0.009177887863183149,NA,NA,NA
Lanthanosuchus__wmm_z_trans,0.23369824222225938,-0.00696662625526332,0.04484363116565446,NA,NA,NA
Lanthanosuchus__cmm_z_trans,-0.1259634124932082,-0.006510337161026538,0.01076156399829256,NA,NA,NA
Lanthanosuchus__wmmcmm_z_trans,-0.19240000110580052,-0.012427615419297676,0.027336908433716625,NA,NA,NA
Lanthanosuchus__wetmon_z_trans,-0.006015684154721776,-0.0024528658558884394,0.009011023048613315,NA,NA,NA
Lanthanosuchus__drymon_z_trans,0.07431396191705986,-0.007693370668674857,0.022527145736423476,NA,NA,NA
Lanthanosuchus__wetdry_z_trans,-0.05752699972300148,-0.00473095209313125,0.01125072085348407,NA,NA,NA
Lanthanosuchus__time,-0.053998776416334875,-0.006894833006657241,0.01652907763214253,NA,NA,NA
Laquintasaura__lat_range_z_trans,0.04318795778514072,0.0012938898326068547,0.010482934029402148,1.1757340190175274,0.36568724177777767,2.168377353809774
Laquintasaura__Temperate_N,0.05800830373807114,-2.9631864609345732e-05,0.016928574917363593,NA,NA,NA
Laquintasaura__Tropical,-0.04052524837894803,-0.006296982918948195,0.011096380373651448,NA,NA,NA
Laquintasaura__Temperate_S,0.0670517579178267,0.0008742598166307028,0.018136118593724763,NA,NA,NA
Laquintasaura__Antarctic,0.00479355780165245,-0.00023188927976513295,0.0025765556326351304,NA,NA,NA
Laquintasaura__mat_z_trans,0.010223074439240087,-0.0116707362854478,0.029013353736975965,NA,NA,NA
Laquintasaura__map_z_trans,-0.03250653108708426,-0.006376001224573116,0.006046606019684129,NA,NA,NA
Laquintasaura__wmm_z_trans,-0.07433423612607519,-0.015456351179185646,0.01678125284087107,NA,NA,NA
Laquintasaura__cmm_z_trans,-0.025327377819558055,-0.006854617895043111,0.012490574202900605,NA,NA,NA
Laquintasaura__wmmcmm_z_trans,0.028475039661407225,-0.001884952815663628,0.014851284712205249,NA,NA,NA
Laquintasaura__wetmon_z_trans,0.0349576597423142,-0.0033187980625673666,0.026639877702625967,NA,NA,NA
Laquintasaura__drymon_z_trans,0.004254121474851809,-0.0006212319676061498,0.004391596400035997,NA,NA,NA
Laquintasaura__wetdry_z_trans,0.03229226919937806,-0.0056121089697073,0.026157642500333894,NA,NA,NA
Laquintasaura__time,0.025201533027692003,-0.005045756265434045,0.023794004757725553,NA,NA,NA
Largocephalosaurus__lat_range_z_trans,0.024284284714513,0.0012458085454578867,0.010824238165487166,2.577809722791426,0.17147763073444366,7.012827917933464
Largocephalosaurus__Temperate_N,0.034648270520155046,0.0009964700250477338,0.017860676252562057,NA,NA,NA
Largocephalosaurus__Tropical,-0.04265776619599902,-0.013320707631854294,0.003532600688513296,NA,NA,NA
Largocephalosaurus__Temperate_S,0.03677860786985408,0.0014197252273875185,0.016802327936250874,NA,NA,NA
Largocephalosaurus__Antarctic,0.0007758754407622473,-0.0012687779744378824,0.0025631337725364966,NA,NA,NA
Largocephalosaurus__mat_z_trans,0.01432730628091867,-0.005737590380841953,0.025993904093586612,NA,NA,NA
Largocephalosaurus__map_z_trans,0.0425509582147503,-0.004011495884912782,0.027242407083135144,NA,NA,NA
Largocephalosaurus__wmm_z_trans,0.023046696441197813,-0.00472655177929454,0.017956153737457563,NA,NA,NA
Largocephalosaurus__cmm_z_trans,0.02665492833019182,-0.0035024582305473013,0.02976778146901598,NA,NA,NA
Largocephalosaurus__wmmcmm_z_trans,0.005028859908472167,-0.005350672262384359,0.019634500218065374,NA,NA,NA
Largocephalosaurus__wetmon_z_trans,-0.016514851958897916,-0.012292942692489716,0.019146945868290993,NA,NA,NA
Largocephalosaurus__drymon_z_trans,0.0026324576543074645,-0.0016715607689281086,0.0028697577004967367,NA,NA,NA
Largocephalosaurus__wetdry_z_trans,-0.015476080597958316,-0.01133427865695036,0.02246432601634425,NA,NA,NA
Largocephalosaurus__time,-0.00032766524635849533,-0.0016758766145651201,0.002728003418392955,NA,NA,NA
Lasasaurus__lat_range_z_trans,0.016973166492686896,0.002706421730107614,0.011220619834192634,3.984427303589182,1.7347667180001736,5.604935571551323
Lasasaurus__Temperate_N,0.024633216156812823,0.0028006381949333445,0.017495010259362242,NA,NA,NA
Lasasaurus__Tropical,0.012748423301107663,-0.001372136806859874,0.014007013542594544,NA,NA,NA
Lasasaurus__Temperate_S,-0.034163609848435056,-0.01431831766772818,-0.005054522532803623,NA,NA,NA
Lasasaurus__Antarctic,-0.002406370506639033,-0.001471815031689878,0.000629759933485889,NA,NA,NA
Lasasaurus__mat_z_trans,0.012424698826805846,-0.011679482121020109,0.027336552362148797,NA,NA,NA
Lasasaurus__map_z_trans,0.03098998880433955,-0.0012772453050816457,0.02850236626344621,NA,NA,NA
Lasasaurus__wmm_z_trans,0.021627380884100978,-0.004278216550447577,0.021486746991594245,NA,NA,NA
Lasasaurus__cmm_z_trans,0.03336048843765941,-0.006344132528005539,0.03382814893699924,NA,NA,NA
Lasasaurus__wmmcmm_z_trans,0.01767252371805304,-0.004362041650957921,0.02154551150188994,NA,NA,NA
Lasasaurus__wetmon_z_trans,0.00021211649925689428,-0.008312112842896334,0.016361591540156734,NA,NA,NA
Lasasaurus__drymon_z_trans,0.0038864034814902,-0.0014336314546575224,0.0072176520966934525,NA,NA,NA
Lasasaurus__wetdry_z_trans,0.0010680294895589538,-0.008641541052824846,0.02036140818530629,NA,NA,NA
Lasasaurus__time,-0.003274574360889334,-0.0032472959921848146,0.00444889750506891,NA,NA,NA
Lepidus__lat_range_z_trans,0.2834502175450325,0.000857215379718612,0.009616665358030801,0.23340254408714828,0.09871987625956535,0.3663399890065193
Lepidus__Temperate_N,0.343527516243048,-2.0499842489943065e-05,0.015470895797686065,NA,NA,NA
Lepidus__Tropical,-0.43986419931519777,-0.007786238543362203,0.0007127062865003167,NA,NA,NA
Lepidus__Temperate_S,0.4554860793473199,0.000690436364824507,0.01679220675537138,NA,NA,NA
Lepidus__Antarctic,0.08399291462264954,0.00012027201415356877,0.0033528735294395926,NA,NA,NA
Lepidus__mat_z_trans,0.09012035498861223,-0.0094234993984621,0.03440295457183033,NA,NA,NA
Lepidus__map_z_trans,-0.4477277233544737,-0.008409670029643261,0.006233440140879893,NA,NA,NA
Lepidus__wmm_z_trans,-0.2755219490476884,-0.006332886522398067,0.01126669545802025,NA,NA,NA
Lepidus__cmm_z_trans,-0.531046628143522,-0.010612330549275817,0.019592058797455302,NA,NA,NA
Lepidus__wmmcmm_z_trans,-0.1978896087477915,-0.006689160837585747,0.019919673224082175,NA,NA,NA
Lepidus__wetmon_z_trans,0.22155432344414294,-0.003959923575546365,0.03225450243026958,NA,NA,NA
Lepidus__drymon_z_trans,0.0338046165369451,-0.0016399504895694352,0.00528963947940023,NA,NA,NA
Lepidus__wetdry_z_trans,0.23359147167764605,-0.007047101560577403,0.03194556438969695,NA,NA,NA
Lepidus__time,0.15729837747872807,-0.000977571489099624,0.012536880201472632,NA,NA,NA
Leptopleuron__lat_range_z_trans,0.30024336966022175,0.0016417329511187462,0.01408823389969789,0.3705310257557721,0.19125919789075851,0.5557447671890259
Leptopleuron__Temperate_N,-0.8134796209949209,-0.01435519096634178,0.001783225934430702,NA,NA,NA
Leptopleuron__Tropical,0.3568704237142175,0.000825624932247697,0.02333947189708348,NA,NA,NA
Leptopleuron__Temperate_S,0.4927083502984853,0.0011726687366532468,0.028439042198247347,NA,NA,NA
Leptopleuron__Antarctic,0.09323539120629029,0.0002612931080520867,0.005190397673357197,NA,NA,NA
Leptopleuron__mat_z_trans,0.013417896059342196,-0.004880692483890004,0.02037988115744554,NA,NA,NA
Leptopleuron__map_z_trans,-0.4830969767669379,-0.01125838895162474,0.01204925680129485,NA,NA,NA
Leptopleuron__wmm_z_trans,-0.17428782212663094,-0.007225983698024969,0.01696570627825169,NA,NA,NA
Leptopleuron__cmm_z_trans,-0.15433248257589952,-0.007516484566622021,0.010105292608728236,NA,NA,NA
Leptopleuron__wmmcmm_z_trans,-0.01758164116224627,-0.003923197162170699,0.009930569688522758,NA,NA,NA
Leptopleuron__wetmon_z_trans,0.20728814209847524,-0.004949139796953636,0.028091701549063194,NA,NA,NA
Leptopleuron__drymon_z_trans,0.04127375718028199,-0.0019664957451986076,0.009061022340800407,NA,NA,NA
Leptopleuron__wetdry_z_trans,0.1581000696043853,-0.008587951833362067,0.03253651364478409,NA,NA,NA
Leptopleuron__time,0.11539302518084496,-0.0004687036031965326,0.007426440748428112,NA,NA,NA
Leptosuchus__lat_range_z_trans,-0.6676251491904259,-0.014199915672167654,-0.021156680217789943,0.1550559398488258,0.0010708160698413849,0.2811340130865574
Leptosuchus__Temperate_N,0.2849721084535122,0.0006659375148794753,0.022470812028876744,NA,NA,NA
Leptosuchus__Tropical,-0.20840793213341385,-0.007174249729873653,0.006345934398596308,NA,NA,NA
Leptosuchus__Temperate_S,0.3582644415646791,0.0016356666221655533,0.026758976869233547,NA,NA,NA
Leptosuchus__Antarctic,0.040881304601207376,-6.596883277479738e-05,0.004077649583679183,NA,NA,NA
Leptosuchus__mat_z_trans,0.08350371407344938,-0.005865948210743879,0.026141325762027604,NA,NA,NA
Leptosuchus__map_z_trans,-0.23735074953117874,-0.00964176036229234,0.013013677082375136,NA,NA,NA
Leptosuchus__wmm_z_trans,-0.08738857449177885,-0.006612599397849797,0.016119361289935352,NA,NA,NA
Leptosuchus__cmm_z_trans,-0.09446513812144985,-0.0078024756702154575,0.01797766587987038,NA,NA,NA
Leptosuchus__wmmcmm_z_trans,0.014102109750383533,-0.0032336118442133897,0.011275631499846095,NA,NA,NA
Leptosuchus__wetmon_z_trans,0.20134911697357893,-0.0029404135932198476,0.04304368310613691,NA,NA,NA
Leptosuchus__drymon_z_trans,0.02591045522305649,-0.001536588310314556,0.00956695333155743,NA,NA,NA
Leptosuchus__wetdry_z_trans,0.18861224037333157,-0.0043507420439921896,0.03561064962706801,NA,NA,NA
Leptosuchus__time,0.07484708568779752,-0.00010823954870074305,0.008141116178722752,NA,NA,NA
Lessemsaurus__lat_range_z_trans,0.11108668421293484,0.0012084994550710976,0.011253358575678794,0.5841991149343084,0.0655961912125349,1.2174966633319855
Lessemsaurus__Temperate_N,0.15203398880322444,0.0006249794498763609,0.022504290145183473,NA,NA,NA
Lessemsaurus__Tropical,0.12736755270625896,0.000402002931312523,0.018995851925024055,NA,NA,NA
Lessemsaurus__Temperate_S,-0.24052739246237664,-0.011377474422348486,-0.001823838790129889,NA,NA,NA
Lessemsaurus__Antarctic,0.026441705228595472,3.206791242687711e-05,0.003573339603379932,NA,NA,NA
Lessemsaurus__mat_z_trans,0.040839799794979946,-0.004477675671474132,0.03368768697421266,NA,NA,NA
Lessemsaurus__map_z_trans,-0.14209959794045338,-0.008550688324696612,0.009336277668688265,NA,NA,NA
Lessemsaurus__wmm_z_trans,-0.05575046278400966,-0.004313028623643069,0.01150630928620311,NA,NA,NA
Lessemsaurus__cmm_z_trans,-0.09278725405562663,-0.01192747447064633,0.017342173410803404,NA,NA,NA
Lessemsaurus__wmmcmm_z_trans,-0.042404304710932386,-0.009042142595951127,0.010970373465335291,NA,NA,NA
Lessemsaurus__wetmon_z_trans,0.1110305989875144,-0.00529930306199633,0.03023323654607027,NA,NA,NA
Lessemsaurus__drymon_z_trans,0.01421709120977098,-0.001753178877085327,0.007340632555950275,NA,NA,NA
Lessemsaurus__wetdry_z_trans,0.08500602002356296,-0.005964107755309244,0.03541598203927232,NA,NA,NA
Lessemsaurus__time,0.04129745236246558,-0.0007933850248494832,0.009051083014463553,NA,NA,NA
Lewisuchus__lat_range_z_trans,-0.3559012340009213,-0.005105386327952109,-0.005984261795709293,0.2266485884852591,0.06653986405581236,0.4497225508093834
Lewisuchus__Temperate_N,0.3927653356641531,0.0006945819621883303,0.023211738855695684,NA,NA,NA
Lewisuchus__Tropical,0.27469776555895803,-0.0003853071123034897,0.01940584068321008,NA,NA,NA
Lewisuchus__Temperate_S,-0.8026487735146657,-0.017707481225354236,-0.0041792288481186995,NA,NA,NA
Lewisuchus__Antarctic,0.06245169645408168,5.043473619263445e-05,0.004167874202597789,NA,NA,NA
Lewisuchus__mat_z_trans,0.06426093203539494,-0.004417261212597171,0.02000517345069421,NA,NA,NA
Lewisuchus__map_z_trans,0.27006812796927987,-0.0029857865639628133,0.03385985480509921,NA,NA,NA
Lewisuchus__wmm_z_trans,0.1578510147659108,-0.001065582060892578,0.016312226453619075,NA,NA,NA
Lewisuchus__cmm_z_trans,0.1529947358276695,-0.0028948868847725115,0.020658623906822993,NA,NA,NA
Lewisuchus__wmmcmm_z_trans,0.056828539832495154,-0.004180355084444486,0.01980232236016112,NA,NA,NA
Lewisuchus__wetmon_z_trans,-0.1771660860348493,-0.010692189967491637,0.02531136880959416,NA,NA,NA
Lewisuchus__drymon_z_trans,0.04496292037569219,-0.0005956994270716838,0.006429305216517659,NA,NA,NA
Lewisuchus__wetdry_z_trans,-0.1978679790138267,-0.011627475091653348,0.034237760374858574,NA,NA,NA
Lewisuchus__time,0.07985610364004969,-0.0003185148191981814,0.0061481579450929314,NA,NA,NA
Leyesaurus__lat_range_z_trans,0.2754665537178516,0.0009624810187060929,0.010558102433177886,0.2219921478383185,0.0655961912125349,0.9575729370117188
Leyesaurus__Temperate_N,0.35782490160316227,0.00043398883640985165,0.017455912774088835,NA,NA,NA
Leyesaurus__Tropical,0.3167813900858164,0.00036031844883122006,0.015924550679347466,NA,NA,NA
Leyesaurus__Temperate_S,-0.5941633740732505,-0.00931904037524994,0.0006708477341797078,NA,NA,NA
Leyesaurus__Antarctic,0.07952505267225206,8.734657081442046e-05,0.00374674073783465,NA,NA,NA
Leyesaurus__mat_z_trans,0.114937350936234,-0.007477193321621571,0.034873637589592395,NA,NA,NA
Leyesaurus__map_z_trans,-0.4024611549917608,-0.007492803310348234,0.010375372838312826,NA,NA,NA
Leyesaurus__wmm_z_trans,-0.1413901147339493,-0.004491832928342603,0.008143700858968678,NA,NA,NA
Leyesaurus__cmm_z_trans,-0.4692246501031332,-0.012100896085651831,0.016625015774811562,NA,NA,NA
Leyesaurus__wmmcmm_z_trans,-0.18183039881754667,-0.007923455212360023,0.019909676279231445,NA,NA,NA
Leyesaurus__wetmon_z_trans,0.22915579833090305,-0.006793128063410009,0.029975076289061105,NA,NA,NA
Leyesaurus__drymon_z_trans,0.04999897581990808,-0.0007675605709504459,0.006624663571788728,NA,NA,NA
Leyesaurus__wetdry_z_trans,0.23763367669656874,-0.005448439884029086,0.03527303469932281,NA,NA,NA
Leyesaurus__time,0.13163160001160576,-0.0012606942021111181,0.00923042416041739,NA,NA,NA
Libognathus__lat_range_z_trans,0.2917241717875004,0.0010103311438271721,0.011082299461425799,0.3155965751409531,0.12414933741092682,0.7055329056456685
Libognathus__Temperate_N,0.3645616210065782,-0.0008044534199553888,0.016160927453948974,NA,NA,NA
Libognathus__Tropical,-0.4535167197487317,-0.00612778026700464,0.009573273878198438,NA,NA,NA
Libognathus__Temperate_S,0.4674456606479362,0.000670881508220749,0.01798791130038719,NA,NA,NA
Libognathus__Antarctic,0.08399397584609687,5.546553367830591e-05,0.0034812173193686526,NA,NA,NA
Libognathus__mat_z_trans,0.06149707735516131,-0.008734179448197326,0.030392728418737476,NA,NA,NA
Libognathus__map_z_trans,-0.4552960588783026,-0.007662399708912585,0.005331885032502998,NA,NA,NA
Libognathus__wmm_z_trans,-0.23458721383241937,-0.005259643599652045,0.01302520335258689,NA,NA,NA
Libognathus__cmm_z_trans,-0.4702785728732124,-0.009875344336560997,0.020031369213373153,NA,NA,NA
Libognathus__wmmcmm_z_trans,-0.19377671831985935,-0.00790513927992855,0.016845020055546576,NA,NA,NA
Libognathus__wetmon_z_trans,0.23363150024786591,-0.005097872473950705,0.027157975946554513,NA,NA,NA
Libognathus__drymon_z_trans,0.037578818418551235,-0.0011418221994986125,0.008279338392774959,NA,NA,NA
Libognathus__wetdry_z_trans,0.21210508573800324,-0.008876086581636931,0.0282685841697467,NA,NA,NA
Libognathus__time,0.14803400757722557,-0.0014828659497417211,0.01176902242498318,NA,NA,NA
Liliensternus__lat_range_z_trans,-0.7106917616724968,-0.013179095079935955,-0.019756592701758897,0.08046245795398135,0.0014828937128186226,0.2519967257976532
Liliensternus__Temperate_N,-0.201564231030643,-0.006192529250614912,0.001297801480018445,NA,NA,NA
Liliensternus__Tropical,0.17720068534486927,-0.00021230488170912104,0.016407238455963164,NA,NA,NA
Liliensternus__Temperate_S,0.32213171711191535,0.0015286451876146176,0.023085130964687176,NA,NA,NA
Liliensternus__Antarctic,0.030891090760123915,-0.00021314201540359546,0.003298799402363764,NA,NA,NA
Liliensternus__mat_z_trans,0.1041517738159746,-0.0063064390906337085,0.03595738950807862,NA,NA,NA
Liliensternus__map_z_trans,-0.1634965343400836,-0.0074412486391027466,0.01309300118790425,NA,NA,NA
Liliensternus__wmm_z_trans,-0.04015046316664666,-0.003629116911755911,0.00973091846046124,NA,NA,NA
Liliensternus__cmm_z_trans,-0.08128596211783588,-0.010155355594646238,0.019075485124339975,NA,NA,NA
Liliensternus__wmmcmm_z_trans,0.012488412634265842,-0.005729941609854673,0.026041377230423178,NA,NA,NA
Liliensternus__wetmon_z_trans,0.20025632164441048,-0.004275644669197076,0.03465693123614451,NA,NA,NA
Liliensternus__drymon_z_trans,0.01955360668944195,-0.0016198380742062414,0.005681125768115801,NA,NA,NA
Liliensternus__wetdry_z_trans,0.17597477344796061,-0.0030823075946994475,0.040698650343199354,NA,NA,NA
Liliensternus__time,0.06813169672095683,-0.0007225908551682745,0.010119499960194924,NA,NA,NA
Litorosuchus__lat_range_z_trans,0.023063971167343007,0.0027678248068027664,0.013532002743347126,2.682935795533849,0.3402278907597065,5.713592316955328
Litorosuchus__Temperate_N,0.03732692892061983,0.0030578678201832006,0.02383590949643831,NA,NA,NA
Litorosuchus__Tropical,-0.04095430162152948,-0.024290919062676056,0.010820084045325739,NA,NA,NA
Litorosuchus__Temperate_S,0.038477358719823274,0.003317971148493415,0.02445765856819095,NA,NA,NA
Litorosuchus__Antarctic,4.048619217117903e-05,-0.0012788463440574632,0.002714325963950379,NA,NA,NA
Litorosuchus__mat_z_trans,0.013426313596736754,-0.00776758870285114,0.022141538964294934,NA,NA,NA
Litorosuchus__map_z_trans,0.010623844437775145,-0.0025783588247390403,0.017573766927668686,NA,NA,NA
Litorosuchus__wmm_z_trans,0.005551840707770778,-0.002704187074065164,0.009890079242402735,NA,NA,NA
Litorosuchus__cmm_z_trans,0.025317919551963795,-0.0049022734037460075,0.027110340577577774,NA,NA,NA
Litorosuchus__wmmcmm_z_trans,0.019911528973268686,-0.0043226137512426144,0.02572557729234366,NA,NA,NA
Litorosuchus__wetmon_z_trans,-0.0014960354680084182,-0.00798214110909046,0.0168815420764269,NA,NA,NA
Litorosuchus__drymon_z_trans,4.322378107803681e-06,-0.0031848510928095598,0.005882738539731889,NA,NA,NA
Litorosuchus__wetdry_z_trans,0.0021998914125177433,-0.01020263665055205,0.014991099394220626,NA,NA,NA
Litorosuchus__time,0.002257812407348735,-0.001160156838963107,0.0038300925882157836,NA,NA,NA
Lophostropheus__lat_range_z_trans,0.053513229185672355,0.0015776316034670035,0.0099140216563618,0.9511334972381814,0.5180820673704147,1.493650644668378
Lophostropheus__Temperate_N,-0.06239016622099199,-0.007635041616440486,0.00275426894778744,NA,NA,NA
Lophostropheus__Tropical,0.057110146451975055,-0.00031749226064831554,0.014170275809185534,NA,NA,NA
Lophostropheus__Temperate_S,0.08367328018103963,0.001052332997138768,0.020400590470411598,NA,NA,NA
Lophostropheus__Antarctic,0.008141564949565356,-0.00011336862438412875,0.00266152406529025,NA,NA,NA
Lophostropheus__mat_z_trans,0.03164039922761769,-0.00707207537614587,0.033289906655637094,NA,NA,NA
Lophostropheus__map_z_trans,-0.048557802257428444,-0.006443242532765125,0.007036220912906632,NA,NA,NA
Lophostropheus__wmm_z_trans,-0.08718395259567319,-0.013939309175515812,0.020620421181331314,NA,NA,NA
Lophostropheus__cmm_z_trans,-0.025723445977419723,-0.007545564497020056,0.015413705381947172,NA,NA,NA
Lophostropheus__wmmcmm_z_trans,0.01667070930890196,-0.003939979092361626,0.016422471879916124,NA,NA,NA
Lophostropheus__wetmon_z_trans,0.036773691610557664,-0.004617232524993633,0.024708544688243704,NA,NA,NA
Lophostropheus__drymon_z_trans,0.00765703596213674,-0.00045782432146378535,0.005393336772735364,NA,NA,NA
Lophostropheus__wetdry_z_trans,0.039180700553073565,-0.005700533799762234,0.027029710716291316,NA,NA,NA
Lophostropheus__time,0.02524649099688217,-0.0060792098584179785,0.01957175728209015,NA,NA,NA
Lotosaurus__lat_range_z_trans,0.006993715931791807,0.00028827764175831867,0.0071618911599483,4.666725806962932,0.10837177187204361,8.078707515262067
Lotosaurus__Temperate_N,0.02072622678208076,0.0014027788979788214,0.016742192462414013,NA,NA,NA
Lotosaurus__Tropical,-0.016333898748933453,-0.017281035327951052,0.0024958228839220176,NA,NA,NA
Lotosaurus__Temperate_S,0.022343772538142178,0.0023766330082077296,0.01611328129592047,NA,NA,NA
Lotosaurus__Antarctic,-0.0021913715211431964,-0.0021975371020819447,0.0016592299720369899,NA,NA,NA
Lotosaurus__mat_z_trans,0.013976946021999746,-0.008201686698927924,0.026711520919911608,NA,NA,NA
Lotosaurus__map_z_trans,0.027148367998245646,-0.0029554439838346655,0.029116617193547353,NA,NA,NA
Lotosaurus__wmm_z_trans,0.01740897072012375,-0.002702868669638218,0.02399578228882486,NA,NA,NA
Lotosaurus__cmm_z_trans,0.02867614571812007,-0.004461721465536078,0.034189184050212984,NA,NA,NA
Lotosaurus__wmmcmm_z_trans,0.016772350650156632,-0.0030641603609409132,0.021817396780724082,NA,NA,NA
Lotosaurus__wetmon_z_trans,-0.0003252743109399679,-0.00924452493645421,0.014282692292452626,NA,NA,NA
Lotosaurus__drymon_z_trans,0.0019624045152965915,-0.001777554772877181,0.0036744446108797086,NA,NA,NA
Lotosaurus__wetdry_z_trans,0.0006001899988258237,-0.009907060844772718,0.019233518732041013,NA,NA,NA
Lotosaurus__time,-0.0020066649178575283,-0.0035050044642432466,0.002193181777299483,NA,NA,NA
Lucasuchus__lat_range_z_trans,0.04989983618423366,0.002011069699170071,0.013633379165285871,1.1808701952296543,0.26142297498881817,3.449022613465786
Lucasuchus__Temperate_N,0.0772390163678567,0.0020335072933595037,0.022017742364131333,NA,NA,NA
Lucasuchus__Tropical,-0.10170028313728552,-0.013809973795591448,0.00431099482759596,NA,NA,NA
Lucasuchus__Temperate_S,0.0840459005275334,0.002081570688842183,0.0231682508610497,NA,NA,NA
Lucasuchus__Antarctic,0.009516416829306077,-0.0005468713897181401,0.003715809246522136,NA,NA,NA
Lucasuchus__mat_z_trans,0.009893226228139717,-0.007595779243631127,0.019723017512055033,NA,NA,NA
Lucasuchus__map_z_trans,-0.045308505783177334,-0.01133697053143137,0.012925002176555274,NA,NA,NA
Lucasuchus__wmm_z_trans,-0.014408545109879687,-0.00650386640941135,0.011955196172447294,NA,NA,NA
Lucasuchus__cmm_z_trans,0.002085933955951566,-0.007256212129737774,0.017488753621865083,NA,NA,NA
Lucasuchus__wmmcmm_z_trans,0.00815147169175184,-0.003533872028127313,0.02283873033767194,NA,NA,NA
Lucasuchus__wetmon_z_trans,0.012637906510328301,-0.005958643174569466,0.02477488965059891,NA,NA,NA
Lucasuchus__drymon_z_trans,0.002638320751012959,-0.0030975240338245807,0.007939590692100429,NA,NA,NA
Lucasuchus__wetdry_z_trans,0.02897080159531513,-0.007031060859226332,0.02860410628474458,NA,NA,NA
Lucasuchus__time,0.012090384764822026,-0.0006862831654161378,0.0062912935075119586,NA,NA,NA
Lucianosaurus__lat_range_z_trans,0.2868263427913189,0.0008737769336269543,0.00959388752292605,0.2620275167550426,0.13118605129420757,0.46625104546546936
Lucianosaurus__Temperate_N,0.353234045766294,-0.0003741960434209029,0.016082859534086596,NA,NA,NA
Lucianosaurus__Tropical,-0.46805025598965583,-0.008197328229876275,0.0007110181850984657,NA,NA,NA
Lucianosaurus__Temperate_S,0.46248953354079275,0.0007037757184418843,0.017757671402414188,NA,NA,NA
Lucianosaurus__Antarctic,0.08507302132435143,5.8185082365346666e-05,0.0033387417003446795,NA,NA,NA
Lucianosaurus__mat_z_trans,0.03731662170263007,-0.009162427851764276,0.029764172991749497,NA,NA,NA
Lucianosaurus__map_z_trans,-0.4577632320392877,-0.007678979224523168,0.008823142916100974,NA,NA,NA
Lucianosaurus__wmm_z_trans,-0.19969383877003566,-0.004963065519109607,0.010347066659522336,NA,NA,NA
Lucianosaurus__cmm_z_trans,-0.5442293117614463,-0.010817362666808139,0.019934604511536617,NA,NA,NA
Lucianosaurus__wmmcmm_z_trans,-0.20321486484026535,-0.00737055495265877,0.020905863034294318,NA,NA,NA
Lucianosaurus__wetmon_z_trans,0.25643002105876805,-0.004429741588506315,0.030624927351091766,NA,NA,NA
Lucianosaurus__drymon_z_trans,0.0384861269837711,-0.0011341650842579807,0.007096768750160182,NA,NA,NA
Lucianosaurus__wetdry_z_trans,0.24883498396724463,-0.007183252818656064,0.03469917918315702,NA,NA,NA
Lucianosaurus__time,0.14241625799797475,-0.001555572834165964,0.009706852677652816,NA,NA,NA
Lucianovenator__lat_range_z_trans,0.26512151390314104,0.0011899193559046692,0.010789217114032966,0.15132821686318493,0.034605487482622266,0.23569641262292862
Lucianovenator__Temperate_N,0.3415200047660619,-4.046545357756984e-05,0.016375790308980284,NA,NA,NA
Lucianovenator__Tropical,0.3005076874792576,0.0002734663323869707,0.014886456539368657,NA,NA,NA
Lucianovenator__Temperate_S,-0.5510407585384383,-0.008774330063693811,0.002417323916362343,NA,NA,NA
Lucianovenator__Antarctic,0.07830708554480224,0.0001332625063675817,0.003829815049535885,NA,NA,NA
Lucianovenator__mat_z_trans,0.11244108177605085,-0.007780389747706367,0.03385566339037612,NA,NA,NA
Lucianovenator__map_z_trans,-0.3922041692608036,-0.00716821440692824,0.00837185693092669,NA,NA,NA
Lucianovenator__wmm_z_trans,-0.18523086986038834,-0.0052421792306766675,0.010314826856221433,NA,NA,NA
Lucianovenator__cmm_z_trans,-0.5090533458883875,-0.012591581331810138,0.018071089877664915,NA,NA,NA
Lucianovenator__wmmcmm_z_trans,-0.18893077893648297,-0.007844092732775169,0.019172362160591122,NA,NA,NA
Lucianovenator__wetmon_z_trans,0.2422961351647973,-0.005081876881965995,0.03010846325085543,NA,NA,NA
Lucianovenator__drymon_z_trans,0.04906756571959704,-0.0013944804454039906,0.0062207576571684286,NA,NA,NA
Lucianovenator__wetdry_z_trans,0.24160266927443444,-0.005791642846216595,0.033780237354935856,NA,NA,NA
Lucianovenator__time,0.13018191051203756,-0.0011183041332179582,0.011192896013115369,NA,NA,NA
Lufengosaurus__lat_range_z_trans,0.052008048647578124,0.001600046939548955,0.01103860584501337,0.9737578368904292,0.5875700861215591,1.493650644668378
Lufengosaurus__Temperate_N,-0.060232918251690325,-0.007743521963472137,0.003066695873745197,NA,NA,NA
Lufengosaurus__Tropical,0.056052588981120775,-0.00022362769338098466,0.015787396548580225,NA,NA,NA
Lufengosaurus__Temperate_S,0.08117975052363641,0.0010672847753290342,0.02207782787148731,NA,NA,NA
Lufengosaurus__Antarctic,0.007640611907977656,-0.0002387955505999956,0.002326936170115365,NA,NA,NA
Lufengosaurus__mat_z_trans,0.02765376578944285,-0.007236791976485637,0.0364515448948866,NA,NA,NA
Lufengosaurus__map_z_trans,-0.045459458531644195,-0.00722612593755886,0.0046062139042316675,NA,NA,NA
Lufengosaurus__wmm_z_trans,-0.08977859072642168,-0.014519582494263349,0.022959471914489694,NA,NA,NA
Lufengosaurus__cmm_z_trans,-0.02554188141387235,-0.006053296454290933,0.012660942421912284,NA,NA,NA
Lufengosaurus__wmmcmm_z_trans,0.026924597864521026,-0.002645029701512954,0.01517578733304896,NA,NA,NA
Lufengosaurus__wetmon_z_trans,0.035611545357091406,-0.005471860993666339,0.02259565248268629,NA,NA,NA
Lufengosaurus__drymon_z_trans,0.0076036272432171235,-0.0005644683248369545,0.003642209916054854,NA,NA,NA
Lufengosaurus__wetdry_z_trans,0.036779570324938136,-0.00578152823514714,0.02520561705798649,NA,NA,NA
Lufengosaurus__time,0.025310623660013885,-0.006193611468975981,0.02179185418589719,NA,NA,NA
Lukousaurus__lat_range_z_trans,0.052008048647578124,0.001600046939548955,0.01103860584501337,0.9737578368904292,0.5875700861215591,1.493650644668378
Lukousaurus__Temperate_N,-0.060232918251690325,-0.007743521963472137,0.003066695873745197,NA,NA,NA
Lukousaurus__Tropical,0.056052588981120775,-0.00022362769338098466,0.015787396548580225,NA,NA,NA
Lukousaurus__Temperate_S,0.08117975052363641,0.0010672847753290342,0.02207782787148731,NA,NA,NA
Lukousaurus__Antarctic,0.007640611907977656,-0.0002387955505999956,0.002326936170115365,NA,NA,NA
Lukousaurus__mat_z_trans,0.02765376578944285,-0.007236791976485637,0.0364515448948866,NA,NA,NA
Lukousaurus__map_z_trans,-0.045459458531644195,-0.00722612593755886,0.0046062139042316675,NA,NA,NA
Lukousaurus__wmm_z_trans,-0.08977859072642168,-0.014519582494263349,0.022959471914489694,NA,NA,NA
Lukousaurus__cmm_z_trans,-0.02554188141387235,-0.006053296454290933,0.012660942421912284,NA,NA,NA
Lukousaurus__wmmcmm_z_trans,0.026924597864521026,-0.002645029701512954,0.01517578733304896,NA,NA,NA
Lukousaurus__wetmon_z_trans,0.035611545357091406,-0.005471860993666339,0.02259565248268629,NA,NA,NA
Lukousaurus__drymon_z_trans,0.0076036272432171235,-0.0005644683248369545,0.003642209916054854,NA,NA,NA
Lukousaurus__wetdry_z_trans,0.036779570324938136,-0.00578152823514714,0.02520561705798649,NA,NA,NA
Lukousaurus__time,0.025310623660013885,-0.006193611468975981,0.02179185418589719,NA,NA,NA
Luperosuchus__lat_range_z_trans,0.3329478910565376,0.0014816693681898628,0.013682649333245993,0.3547733037825674,0.1917789950966835,0.5977147361263633
Luperosuchus__Temperate_N,0.4815140037238598,0.0008191966071814874,0.0232672134314368,NA,NA,NA
Luperosuchus__Tropical,0.35325041878502816,-0.00016702460290276387,0.017253286412493147,NA,NA,NA
Luperosuchus__Temperate_S,-1.1427905644755811,-0.01730014807770799,-0.006083529922804689,NA,NA,NA
Luperosuchus__Antarctic,0.09849054228514433,0.00037068987847593203,0.004714708562795592,NA,NA,NA
Luperosuchus__mat_z_trans,-0.002877270886674523,-0.006058391171522891,0.01768752994430143,NA,NA,NA
Luperosuchus__map_z_trans,0.16245709817623719,-0.003211746293650982,0.03738817089698847,NA,NA,NA
Luperosuchus__wmm_z_trans,0.10013511143275537,-0.003362642656106006,0.015695918960187596,NA,NA,NA
Luperosuchus__cmm_z_trans,0.11663605999900029,-0.003454512399317251,0.018205632222690855,NA,NA,NA
Luperosuchus__wmmcmm_z_trans,0.05544155344367027,-0.004819307185035409,0.019594925290083137,NA,NA,NA
Luperosuchus__wetmon_z_trans,-0.28484488534450064,-0.012298923459328637,0.017592879728461817,NA,NA,NA
Luperosuchus__drymon_z_trans,0.0252867661282653,-0.00202796865448125,0.006674507063393454,NA,NA,NA
Luperosuchus__wetdry_z_trans,-0.2807527475897223,-0.011189242768798492,0.026137859613140916,NA,NA,NA
Luperosuchus__time,0.09925949018914253,-1.2557664308889473e-05,0.007575004883720992,NA,NA,NA
Machaeroprosopus__lat_range_z_trans,-0.7372811087965965,-0.0171477223266507,-0.02817277951995464,0.15963249508960872,0.061024872586131096,0.26615956239402294
Machaeroprosopus__Temperate_N,0.2701621912047267,0.0009591721014634507,0.026655600044653456,NA,NA,NA
Machaeroprosopus__Tropical,-0.16767456369474532,-0.006488827645635684,0.008660908454245558,NA,NA,NA
Machaeroprosopus__Temperate_S,0.34301763743162156,0.001899992660945526,0.03056046054596824,NA,NA,NA
Machaeroprosopus__Antarctic,0.03177028844947927,-0.00018275950375978872,0.004302716432651981,NA,NA,NA
Machaeroprosopus__mat_z_trans,0.0754289733292535,-0.005541429260546907,0.026929357469880212,NA,NA,NA
Machaeroprosopus__map_z_trans,-0.1825260515953414,-0.009414673854641259,0.009794207972614537,NA,NA,NA
Machaeroprosopus__wmm_z_trans,-0.07699012966186274,-0.005297338020293012,0.019277899146206114,NA,NA,NA
Machaeroprosopus__cmm_z_trans,-0.04881857451982796,-0.006463774410532681,0.013227006752915634,NA,NA,NA
Machaeroprosopus__wmmcmm_z_trans,0.025093498955247925,-0.0026270906103203332,0.010462358147579101,NA,NA,NA
Machaeroprosopus__wetmon_z_trans,0.18916348539292813,-0.003864993223824152,0.03944936557660384,NA,NA,NA
Machaeroprosopus__drymon_z_trans,0.022796391764713916,-0.0016334718256038893,0.010346117794567717,NA,NA,NA
Machaeroprosopus__wetdry_z_trans,0.18501298219140153,-0.004789119545042166,0.03887906470446109,NA,NA,NA
Machaeroprosopus__time,0.06262814924062696,-0.0006388736148716778,0.009014472897742657,NA,NA,NA
Macrocnemus__lat_range_z_trans,-0.18828179033280104,-0.01828523300687106,-0.010930436290983336,0.6729811239796072,0.012772511690855026,2.6506727719679475
Macrocnemus__Temperate_N,-0.045327279512318464,-0.006036979548462045,0.005651191685290364,NA,NA,NA
Macrocnemus__Tropical,-0.023824210029710823,-0.005031030552278472,0.009749458628151686,NA,NA,NA
Macrocnemus__Temperate_S,0.0805087522927209,0.0013289832293807877,0.020286277005915364,NA,NA,NA
Macrocnemus__Antarctic,0.00020853014042323916,-0.0011298509765132326,0.002350453821799021,NA,NA,NA
Macrocnemus__mat_z_trans,0.051025863073243784,-0.0045896958178452225,0.03810796995359383,NA,NA,NA
Macrocnemus__map_z_trans,0.09636406736172737,-0.0016946928274517976,0.029220438607414346,NA,NA,NA
Macrocnemus__wmm_z_trans,0.07082790877146554,-0.0014160797493167083,0.022798985795942278,NA,NA,NA
Macrocnemus__cmm_z_trans,0.08553708340760528,-0.0040508886664492256,0.031788509612435636,NA,NA,NA
Macrocnemus__wmmcmm_z_trans,0.02906347741060653,-0.0033986279629894416,0.017974175787660803,NA,NA,NA
Macrocnemus__wetmon_z_trans,-0.01857785550974085,-0.0074650969205189745,0.01922986710122045,NA,NA,NA
Macrocnemus__drymon_z_trans,0.007827621379383455,-0.0008700870502353559,0.004648249543207493,NA,NA,NA
Macrocnemus__wetdry_z_trans,-0.013184922835195219,-0.007289820439924433,0.02443109652091331,NA,NA,NA
Macrocnemus__time,0.0035846357584991793,-0.001301808789838097,0.004080518647574261,NA,NA,NA
Macrocollum__lat_range_z_trans,0.1838048058135105,0.0011681101840862523,0.01122444688547513,0.4292855432105716,0.02663538232445717,1.3107854649424553
Macrocollum__Temperate_N,0.24805284452994347,0.0004694824683664666,0.021481094444768808,NA,NA,NA
Macrocollum__Tropical,0.20942027850508138,0.00020062137703742776,0.016840035817049945,NA,NA,NA
Macrocollum__Temperate_S,-0.4032146470552975,-0.01037484856896917,-0.0011166002565131945,NA,NA,NA
Macrocollum__Antarctic,0.047410384536493926,2.9225623474185923e-05,0.0038404201023247006,NA,NA,NA
Macrocollum__mat_z_trans,0.03877473367616856,-0.00839786644561839,0.03066763821208642,NA,NA,NA
Macrocollum__map_z_trans,-0.24700651545355617,-0.00779281152125302,0.006791207095973725,NA,NA,NA
Macrocollum__wmm_z_trans,-0.10006102890845116,-0.0049552034321794615,0.008347316954782706,NA,NA,NA
Macrocollum__cmm_z_trans,-0.2042998616075221,-0.011366577478447564,0.017040689295184763,NA,NA,NA
Macrocollum__wmmcmm_z_trans,-0.08780386049535356,-0.007660332296335245,0.020407475820632046,NA,NA,NA
Macrocollum__wetmon_z_trans,0.1854199609758397,-0.004390800752794727,0.03072453996797124,NA,NA,NA
Macrocollum__drymon_z_trans,0.03300013616805823,-0.001045049290680518,0.009189550130303958,NA,NA,NA
Macrocollum__wetdry_z_trans,0.15620449840197362,-0.006014673164335863,0.03436354154881751,NA,NA,NA
Macrocollum__time,0.07605015228901994,-0.001100185781663653,0.009585400401277753,NA,NA,NA
Macroleter__lat_range_z_trans,-0.6126951457560063,-0.014912781766796963,-0.006585021727400586,0.15031392831391713,0.003640870563685894,0.30220424849539995
Macroleter__Temperate_N,-0.1687885648710653,-0.005678140565163634,0.000530360595567109,NA,NA,NA
Macroleter__Tropical,-0.16545566198183223,-0.005017106233620004,0.0015442194137028934,NA,NA,NA
Macroleter__Temperate_S,0.2892352941073477,0.0011793362212805085,0.016608410235982914,NA,NA,NA
Macroleter__Antarctic,0.015440576554974541,-0.0006441796684813957,0.002552450562686703,NA,NA,NA
Macroleter__mat_z_trans,0.08858956987678539,-0.005307504414075795,0.02159111543529906,NA,NA,NA
Macroleter__map_z_trans,0.22102632007095963,-0.002275223957230532,0.0465085896725508,NA,NA,NA
Macroleter__wmm_z_trans,0.278179841786623,-0.0037617508779758564,0.03512424525806405,NA,NA,NA
Macroleter__cmm_z_trans,-0.08074372026218044,-0.005081060894007098,0.012390029240110404,NA,NA,NA
Macroleter__wmmcmm_z_trans,-0.07826785235898569,-0.007309787376775666,0.024712636963988472,NA,NA,NA
Macroleter__wetmon_z_trans,0.06528704003896564,-0.0025931635195012757,0.01653764863550552,NA,NA,NA
Macroleter__drymon_z_trans,0.13323655244283145,-0.0037690031085891554,0.021592597086905703,NA,NA,NA
Macroleter__wetdry_z_trans,0.018059655031975125,-0.002745804997224529,0.01618494868775847,NA,NA,NA
Macroleter__time,-0.004119837007019669,-0.0033147379211518873,0.010094526359413988,NA,NA,NA
Maehary__lat_range_z_trans,0.278689486682415,0.001067505712754812,0.01129761842026891,0.32543640821473674,0.038839973509311676,1.2174966633319855
Maehary__Temperate_N,0.37055138368159535,0.00040627366779853746,0.021131956483996964,NA,NA,NA
Maehary__Tropical,0.32069144343957307,-7.493780122155971e-05,0.0164593830398181,NA,NA,NA
Maehary__Temperate_S,-0.6037926697544753,-0.009594382137530085,0.00015950849202227125,NA,NA,NA
Maehary__Antarctic,0.07503888885490596,5.5166800540401066e-05,0.003529833126523347,NA,NA,NA
Maehary__mat_z_trans,0.12733685879968107,-0.007530756472012172,0.028447250450965134,NA,NA,NA
Maehary__map_z_trans,-0.36924038593657316,-0.007226017453360517,0.009024864623771098,NA,NA,NA
Maehary__wmm_z_trans,-0.16037129014497623,-0.004457980346512857,0.011626894399449996,NA,NA,NA
Maehary__cmm_z_trans,-0.4295217186072841,-0.012044192593653923,0.019844662323673042,NA,NA,NA
Maehary__wmmcmm_z_trans,-0.14701388541143387,-0.007583044208644904,0.017725056380838013,NA,NA,NA
Maehary__wetmon_z_trans,0.2482852790504694,-0.005328677891938288,0.030225165820268872,NA,NA,NA
Maehary__drymon_z_trans,0.04698070333804935,-0.0016354175299476824,0.006679934790820868,NA,NA,NA
Maehary__wetdry_z_trans,0.2283046725159511,-0.005730398805367764,0.03380502173726413,NA,NA,NA
Maehary__time,0.1263345228601247,-0.0015540500202172753,0.00942960633045476,NA,NA,NA
Malerisaurus__lat_range_z_trans,0.29704164788126947,0.0009171529323376723,0.010809928645625806,0.3207346756463085,0.10492435918422416,0.6104523153044283
Malerisaurus__Temperate_N,0.38367458766326307,-0.0001872999382334738,0.01818065364029208,NA,NA,NA
Malerisaurus__Tropical,-0.5014750392152928,-0.00778500970533464,0.0019263324553106676,NA,NA,NA
Malerisaurus__Temperate_S,0.48155203972477467,0.001178797292552476,0.020547778864864984,NA,NA,NA
Malerisaurus__Antarctic,0.08753060266375541,0.00011642923361591944,0.0037544669380389127,NA,NA,NA
Malerisaurus__mat_z_trans,0.09568712840788067,-0.006865691753981211,0.028545140793071726,NA,NA,NA
Malerisaurus__map_z_trans,-0.466662813401781,-0.00814097480120298,0.007708991058545591,NA,NA,NA
Malerisaurus__wmm_z_trans,-0.18181135582504793,-0.005082478902025951,0.011450775582130522,NA,NA,NA
Malerisaurus__cmm_z_trans,-0.455725878981757,-0.010369129491517325,0.018329292185966184,NA,NA,NA
Malerisaurus__wmmcmm_z_trans,-0.2610283386521041,-0.007196056149630696,0.016757993462347506,NA,NA,NA
Malerisaurus__wetmon_z_trans,0.23999377377331257,-0.005559180735068491,0.03162819357137099,NA,NA,NA
Malerisaurus__drymon_z_trans,0.03405541063984856,-0.001651874120603693,0.005840013464809419,NA,NA,NA
Malerisaurus__wetdry_z_trans,0.2160339293256402,-0.00965925558916169,0.033022138251309084,NA,NA,NA
Malerisaurus__time,0.12522693851766234,-0.0009463373510591958,0.010885057506452014,NA,NA,NA
Malutinisuchus__lat_range_z_trans,-0.8536488312482834,-0.016481568831640755,-0.02422155158125382,0.1851765069157409,0.013031870825216174,0.3826344199478626
Malutinisuchus__Temperate_N,-0.31729370906017723,-0.009481926371990705,0.00047803976968733045,NA,NA,NA
Malutinisuchus__Tropical,0.20682282923720777,-0.0003705741000821008,0.018757227574771364,NA,NA,NA
Malutinisuchus__Temperate_S,0.36412729570642116,0.0013406228118407308,0.027627035738162272,NA,NA,NA
Malutinisuchus__Antarctic,0.03255111430917168,-0.00010566077395149544,0.0036908418993604037,NA,NA,NA
Malutinisuchus__mat_z_trans,0.07534183277748525,-0.005835359550666486,0.02559742397917211,NA,NA,NA
Malutinisuchus__map_z_trans,0.15621537705213995,-0.002105198275853724,0.038746474094996965,NA,NA,NA
Malutinisuchus__wmm_z_trans,0.08739568001357839,-0.0012771275214251993,0.015029162565576161,NA,NA,NA
Malutinisuchus__cmm_z_trans,0.15285268695792184,-0.002113198473304126,0.02996286112443715,NA,NA,NA
Malutinisuchus__wmmcmm_z_trans,0.10909986808663234,-0.002669103380169188,0.01990372422249158,NA,NA,NA
Malutinisuchus__wetmon_z_trans,-0.030435826749744592,-0.011308828145542639,0.01959916824909944,NA,NA,NA
Malutinisuchus__drymon_z_trans,0.02748129883024376,-0.0009370122810220272,0.005680605344522755,NA,NA,NA
Malutinisuchus__wetdry_z_trans,-0.050994309370871634,-0.009380529382578688,0.0328948069463111,NA,NA,NA
Malutinisuchus__time,0.05553873247059528,-0.0005054448029268747,0.005640936492800688,NA,NA,NA
Mambawakale__lat_range_z_trans,0.1795449131483563,0.0015131338790028274,0.012319656498524137,0.4742700512200827,0.09393199160695076,1.7718166173435748
Mambawakale__Temperate_N,0.24400687560047374,0.0007897073297056639,0.021360427378651767,NA,NA,NA
Mambawakale__Tropical,0.19347000384287083,-0.00016101208427523293,0.014931324048641796,NA,NA,NA
Mambawakale__Temperate_S,-0.5582019139539156,-0.015344257588957294,-0.002327636956052848,NA,NA,NA
Mambawakale__Antarctic,0.046474895396147256,0.00011258417970310983,0.004398518474237827,NA,NA,NA
Mambawakale__mat_z_trans,-0.023558081849321108,-0.005293863855243382,0.01538688510366643,NA,NA,NA
Mambawakale__map_z_trans,0.3196062020828412,-0.0023502538736995767,0.03570590757395423,NA,NA,NA
Mambawakale__wmm_z_trans,0.1769121007389908,-0.001666006746776532,0.02545909597997082,NA,NA,NA
Mambawakale__cmm_z_trans,0.022972854055528902,-0.005325383087060518,0.020674497197344106,NA,NA,NA
Mambawakale__wmmcmm_z_trans,-0.05383635320084364,-0.004563045701932561,0.00886178347663408,NA,NA,NA
Mambawakale__wetmon_z_trans,-0.2430710992592605,-0.012330167737608547,0.025047081575809694,NA,NA,NA
Mambawakale__drymon_z_trans,0.028730888675756402,-0.0009091654491556517,0.004799718955077615,NA,NA,NA
Mambawakale__wetdry_z_trans,-0.23816626741768296,-0.014887310600688946,0.027431406574240348,NA,NA,NA
Mambawakale__time,0.04086686351596724,-0.000815867742326633,0.005338090539435506,NA,NA,NA
Mandaphon__lat_range_z_trans,0.32010573014616966,0.0015530759377108665,0.013006069103871408,0.32065173487353604,0.16784697957336903,0.5193379186093807
Mandaphon__Temperate_N,0.4357322550192475,0.0008105531629547742,0.02377396903734154,NA,NA,NA
Mandaphon__Tropical,0.35414281843055506,-6.716164722322677e-05,0.016618433204838277,NA,NA,NA
Mandaphon__Temperate_S,-1.0064038080256432,-0.015875093000497248,-0.002590639594537228,NA,NA,NA
Mandaphon__Antarctic,0.09061185055412352,0.00032146338359372733,0.004616898245277552,NA,NA,NA
Mandaphon__mat_z_trans,-0.04719138696789742,-0.005433605502583831,0.01384386253978224,NA,NA,NA
Mandaphon__map_z_trans,0.5742179037025198,-0.0024122933135037857,0.03974036315217893,NA,NA,NA
Mandaphon__wmm_z_trans,0.3038419915625127,-0.002474573949480524,0.023145408714106513,NA,NA,NA
Mandaphon__cmm_z_trans,-0.02596815086028073,-0.0034180634138206933,0.011132784607752485,NA,NA,NA
Mandaphon__wmmcmm_z_trans,-0.11673180031590163,-0.004243238968374355,0.00803794629290384,NA,NA,NA
Mandaphon__wetmon_z_trans,-0.48442604310810566,-0.013379103013382646,0.027877182946919685,NA,NA,NA
Mandaphon__drymon_z_trans,0.053590601575560864,-0.0007866976273759101,0.0053420452598247035,NA,NA,NA
Mandaphon__wetdry_z_trans,-0.44665119900368155,-0.01528028959763626,0.02890118478064099,NA,NA,NA
Mandaphon__time,0.08309437423595227,-0.0005458815296941656,0.005941248129234561,NA,NA,NA
Mandasuchus__lat_range_z_trans,0.030441910541256806,0.0015985581352312682,0.010389660862605248,1.9078692645134288,0.16145680844783783,5.455095402896404
Mandasuchus__Temperate_N,0.042594013607820475,0.0013866231730174051,0.01899096331091563,NA,NA,NA
Mandasuchus__Tropical,0.029065939282008065,-0.0009246068361597783,0.014377047755339874,NA,NA,NA
Mandasuchus__Temperate_S,-0.07631808212561236,-0.014047859916856557,-0.0003861481229380761,NA,NA,NA
Mandasuchus__Antarctic,0.0016065443629788,-0.001203041803120945,0.0027275007471807464,NA,NA,NA
Mandasuchus__mat_z_trans,0.009275442771014736,-0.005591750823606562,0.02724531301637974,NA,NA,NA
Mandasuchus__map_z_trans,0.05464971139435079,-0.0032031264324557333,0.02612076418702907,NA,NA,NA
Mandasuchus__wmm_z_trans,0.035653719079185124,-0.0022056525109699484,0.02332402312081686,NA,NA,NA
Mandasuchus__cmm_z_trans,0.028019083304145462,-0.0056260285855563,0.02876671379199018,NA,NA,NA
Mandasuchus__wmmcmm_z_trans,0.015330639771473345,-0.0034513519310307283,0.021161209709656327,NA,NA,NA
Mandasuchus__wetmon_z_trans,-0.02051715692649872,-0.012043299536002717,0.016267848216381307,NA,NA,NA
Mandasuchus__drymon_z_trans,0.005071310838370504,-0.0013459546951617098,0.005178035218916572,NA,NA,NA
Mandasuchus__wetdry_z_trans,-0.019121666744749573,-0.011721685089104733,0.02176164792618094,NA,NA,NA
Mandasuchus__time,4.722201653578621e-07,-0.0028517322275362334,0.0034621766796810605,NA,NA,NA
Marasuchus__lat_range_z_trans,0.34683954223990443,0.001844448732245671,0.01598617460968122,0.3594653856952209,0.1917789950966835,0.5347929447889328
Marasuchus__Temperate_N,0.5044086136482656,0.0010890543155868638,0.02992271181920666,NA,NA,NA
Marasuchus__Tropical,0.3413093411130831,-0.00030203308618217446,0.021165265925048207,NA,NA,NA
Marasuchus__Temperate_S,-1.2351140597928316,-0.019350810277924808,-0.00980890516444921,NA,NA,NA
Marasuchus__Antarctic,0.1060289442166686,0.0003988907647722084,0.005333039263608579,NA,NA,NA
Marasuchus__mat_z_trans,-0.0063416913431137804,-0.006695967774713802,0.01909920333606858,NA,NA,NA
Marasuchus__map_z_trans,0.04296735647134483,-0.003841660942389816,0.028796908084227624,NA,NA,NA
Marasuchus__wmm_z_trans,0.033290967210195956,-0.0036917239627676387,0.011148623676401043,NA,NA,NA
Marasuchus__cmm_z_trans,0.17055294988676906,-0.0037449359344057342,0.02453991137654075,NA,NA,NA
Marasuchus__wmmcmm_z_trans,0.10482147670350969,-0.00585817179413931,0.019293940795174176,NA,NA,NA
Marasuchus__wetmon_z_trans,-0.1846493849781109,-0.009269087576617397,0.017567404123246082,NA,NA,NA
Marasuchus__drymon_z_trans,0.02910476792429108,-0.002114524773765671,0.008109179854334797,NA,NA,NA
Marasuchus__wetdry_z_trans,-0.2440618975367397,-0.009680873758242345,0.020053719152758432,NA,NA,NA
Marasuchus__time,0.10199740511365235,-1.3513010769326463e-05,0.008179579568288542,NA,NA,NA
Marcianosuchus__lat_range_z_trans,0.028035730994125718,0.0012017772174415312,0.010983221469657169,2.160729970271059,0.09145106002688408,7.884381838142872
Marcianosuchus__Temperate_N,0.03823338373555944,0.0007115982810398911,0.017070316245021772,NA,NA,NA
Marcianosuchus__Tropical,-0.051510921826184344,-0.013554070610301736,0.0021968204737013554,NA,NA,NA
Marcianosuchus__Temperate_S,0.04213132548908138,0.001650485459856602,0.01755545488851742,NA,NA,NA
Marcianosuchus__Antarctic,0.0021208276331878264,-0.0009899907616066135,0.0025902267658620324,NA,NA,NA
Marcianosuchus__mat_z_trans,0.01545046061047865,-0.004915616408055549,0.029536594393008053,NA,NA,NA
Marcianosuchus__map_z_trans,0.04904354513203975,-0.0029768593739607193,0.027799095622565714,NA,NA,NA
Marcianosuchus__wmm_z_trans,0.02826578318150924,-0.0016562328712845735,0.026066971342487137,NA,NA,NA
Marcianosuchus__cmm_z_trans,0.0229359202447357,-0.004579172496288743,0.02610715734357761,NA,NA,NA
Marcianosuchus__wmmcmm_z_trans,0.0015477958413444258,-0.005161560374886052,0.02299220230276995,NA,NA,NA
Marcianosuchus__wetmon_z_trans,-0.023823136063270713,-0.014690608367260763,0.011635844168992219,NA,NA,NA
Marcianosuchus__drymon_z_trans,0.004196076827885039,-0.0008117766582660043,0.0041807822059655355,NA,NA,NA
Marcianosuchus__wetdry_z_trans,-0.021724956622028075,-0.013801495649235225,0.017533362348321688,NA,NA,NA
Marcianosuchus__time,0.0008500461974448115,-0.0016573864665053205,0.0031387068496878364,NA,NA,NA
Massospondylus__lat_range_z_trans,0.062341382816249076,0.002090288370092843,0.014145816553141623,0.9270537118933863,0.49624259024858475,1.3613374028354883
Massospondylus__Temperate_N,0.0904700652859439,0.0012644663856577754,0.02682898597732705,NA,NA,NA
Massospondylus__Tropical,0.07370814630988015,0.0008766440693230898,0.022902981219060974,NA,NA,NA
Massospondylus__Temperate_S,-0.14091078178350777,-0.016482332104378338,-0.002124364893618846,NA,NA,NA
Massospondylus__Antarctic,0.012484248066182126,7.12581407216774e-05,0.004061434095033157,NA,NA,NA
Massospondylus__mat_z_trans,0.0217086605471136,-0.005835657282121482,0.024357600688061306,NA,NA,NA
Massospondylus__map_z_trans,-0.06903886692279379,-0.011201804592945312,0.008227091168285848,NA,NA,NA
Massospondylus__wmm_z_trans,-0.03423679896637371,-0.008320953516033762,0.01155881518364206,NA,NA,NA
Massospondylus__cmm_z_trans,-0.017219719299542306,-0.007548880856712855,0.013598945785206533,NA,NA,NA
Massospondylus__wmmcmm_z_trans,-0.0003348226073539167,-0.003206340702540851,0.008806458053422232,NA,NA,NA
Massospondylus__wetmon_z_trans,0.05505985360167753,-0.003764315460947201,0.03065811615379473,NA,NA,NA
Massospondylus__drymon_z_trans,0.006408047431517702,-0.0024066775465742757,0.011026147198705807,NA,NA,NA
Massospondylus__wetdry_z_trans,0.053455734882165706,-0.005993874410713015,0.03585667904126023,NA,NA,NA
Massospondylus__time,0.02185673201475055,-0.0007727295721415686,0.009482050196812796,NA,NA,NA
Mbiresaurus__lat_range_z_trans,0.06329338860876488,0.002074777346033163,0.014116037561126997,0.9180503249628237,0.5145800532773137,1.4532365929335356
Mbiresaurus__Temperate_N,0.09122444118742191,0.0012550833891242761,0.026772507077280665,NA,NA,NA
Mbiresaurus__Tropical,0.07447476487393598,0.0008701389155626818,0.02285476712747627,NA,NA,NA
Mbiresaurus__Temperate_S,-0.1436008900617999,-0.01636002464982397,-0.002119892797931363,NA,NA,NA
Mbiresaurus__Antarctic,0.0127477720005519,7.072936835179959e-05,0.004052884188208792,NA,NA,NA
Mbiresaurus__mat_z_trans,0.02245639970915952,-0.005792353677794863,0.024306324411880263,NA,NA,NA
Mbiresaurus__map_z_trans,-0.06754961480013044,-0.011118681391841105,0.008209771950177538,NA,NA,NA
Mbiresaurus__wmm_z_trans,-0.035038712908413094,-0.008259207724384475,0.011534482204081696,NA,NA,NA
Mbiresaurus__cmm_z_trans,-0.01536426196128302,-0.007492864244714514,0.01357031803533973,NA,NA,NA
Mbiresaurus__wmmcmm_z_trans,-0.0013739525824250172,-0.0033601909516166612,0.009249760071368119,NA,NA,NA
Mbiresaurus__wetmon_z_trans,0.05337995559107021,-0.003968208946063214,0.030593576380307803,NA,NA,NA
Mbiresaurus__drymon_z_trans,0.006247600397916724,-0.002433714241073817,0.011002935562378639,NA,NA,NA
Mbiresaurus__wetdry_z_trans,0.052836967247827604,-0.005949396753215862,0.035781195540196195,NA,NA,NA
Mbiresaurus__time,0.02201802407331163,-0.0007669955178567132,0.009462089108244143,NA,NA,NA
Megachirella__lat_range_z_trans,0.03170264372774985,0.002097059416871249,0.011700957981704512,1.8888258958370534,0.772655788809061,3.2736890949308872
Megachirella__Temperate_N,-0.05606620984935004,-0.015509388814904844,-0.00045443893971818374,NA,NA,NA
Megachirella__Tropical,0.0357509700761499,0.0010395099871061205,0.016648551127787816,NA,NA,NA
Megachirella__Temperate_S,0.04981912439174716,0.002501169507891268,0.021334842707135745,NA,NA,NA
Megachirella__Antarctic,0.002091413562871153,-0.000423176631927855,0.0025945356844770838,NA,NA,NA
Megachirella__mat_z_trans,0.0033845705848149134,-0.005053570773661356,0.016277138833551252,NA,NA,NA
Megachirella__map_z_trans,0.06743257782876079,-0.002163156956740663,0.03932176311960944,NA,NA,NA
Megachirella__wmm_z_trans,0.027541636832696226,-0.003961916037451024,0.019911132868477698,NA,NA,NA
Megachirella__cmm_z_trans,0.011711050788498923,-0.005090154160564649,0.012750545419367156,NA,NA,NA
Megachirella__wmmcmm_z_trans,-0.004572300026803807,-0.005019295454503127,0.011966893527627344,NA,NA,NA
Megachirella__wetmon_z_trans,-0.018526173341898537,-0.013660569835190673,0.021499785062894846,NA,NA,NA
Megachirella__drymon_z_trans,0.00396468231822152,-0.00099041020755395,0.004099777201551758,NA,NA,NA
Megachirella__wetdry_z_trans,-0.01936292948018671,-0.01343283112171668,0.03782580441340708,NA,NA,NA
Megachirella__time,0.0008808239626375172,-0.0015641779969670926,0.003909467412261976,NA,NA,NA
Megalancosaurus__lat_range_z_trans,-0.5174177834391593,-0.009311427037090154,-0.010285855856245835,0.12945356536394684,0.0017096895026043057,0.3616331201046705
Megalancosaurus__Temperate_N,-0.0935712697263807,-0.003951565947800216,0.00410796981236005,NA,NA,NA
Megalancosaurus__Tropical,-0.09664435716345907,-0.0036108077005946658,0.005719249933203445,NA,NA,NA
Megalancosaurus__Temperate_S,0.2978811714053154,0.0014194691435826172,0.02035995356839856,NA,NA,NA
Megalancosaurus__Antarctic,0.037053112727589904,-0.00013593977344157377,0.0036217073029956104,NA,NA,NA
Megalancosaurus__mat_z_trans,0.12983681728830562,-0.00715525564804222,0.0356802466438366,NA,NA,NA
Megalancosaurus__map_z_trans,-0.20753831752575935,-0.008603478474206509,0.008214233892289459,NA,NA,NA
Megalancosaurus__wmm_z_trans,-0.05250455158326076,-0.004178274224524087,0.011936703070039701,NA,NA,NA
Megalancosaurus__cmm_z_trans,-0.1648149576591095,-0.009782921999697504,0.022068261331675037,NA,NA,NA
Megalancosaurus__wmmcmm_z_trans,-0.019044318061787635,-0.0051681527273239975,0.02818650743665403,NA,NA,NA
Megalancosaurus__wetmon_z_trans,0.26205657502170654,-0.0034682234697771008,0.035694586822036335,NA,NA,NA
Megalancosaurus__drymon_z_trans,0.02906671061529778,-0.0012630029884986664,0.006188460790800321,NA,NA,NA
Megalancosaurus__wetdry_z_trans,0.26548888503573836,-0.004500339423110511,0.03765826547706052,NA,NA,NA
Megalancosaurus__time,0.08656894824292977,-0.0015209888087886877,0.010236466195031654,NA,NA,NA
Megalosaurus__lat_range_z_trans,0.05752591219487046,0.0014246319532501817,0.009831556159130735,0.8943086399650133,0.30643129348754883,1.493650644668378
Megalosaurus__Temperate_N,-0.06693059880921724,-0.007820016414848934,0.0027023529867867637,NA,NA,NA
Megalosaurus__Tropical,0.062359480360596804,-0.0002972455199255159,0.013844785019134633,NA,NA,NA
Megalosaurus__Temperate_S,0.08974539980079423,0.0010371102613812378,0.01829657574967307,NA,NA,NA
Megalosaurus__Antarctic,0.009332353140264774,-0.00011172866762435158,0.0026839095061756205,NA,NA,NA
Megalosaurus__mat_z_trans,0.03679649651320937,-0.007032191774665605,0.034459468313734844,NA,NA,NA
Megalosaurus__map_z_trans,-0.056356278092153926,-0.006630563755600892,0.007095400880263081,NA,NA,NA
Megalosaurus__wmm_z_trans,-0.0898614690820232,-0.014109081609572792,0.02079385460070406,NA,NA,NA
Megalosaurus__cmm_z_trans,-0.04304844568469436,-0.008571878395628828,0.015543346362899365,NA,NA,NA
Megalosaurus__wmmcmm_z_trans,0.022879950424454766,-0.00312644992942705,0.014824623002364774,NA,NA,NA
Megalosaurus__wetmon_z_trans,0.03572421590667303,-0.005317159315454087,0.02521341528189708,NA,NA,NA
Megalosaurus__drymon_z_trans,0.0084396768820031,-0.0007464484539957485,0.00710404678308623,NA,NA,NA
Megalosaurus__wetdry_z_trans,0.03793294322873577,-0.00561807157540303,0.027257051133490293,NA,NA,NA
Megalosaurus__time,0.031212244592395313,-0.004311815881797861,0.019736370640794934,NA,NA,NA
Megapnosaurus__lat_range_z_trans,0.04318795778514072,0.0012938898326068547,0.010482934029402148,1.1757340190175274,0.36568724177777767,2.168377353809774
Megapnosaurus__Temperate_N,0.05800830373807114,-2.9631864609345732e-05,0.016928574917363593,NA,NA,NA
Megapnosaurus__Tropical,-0.04052524837894803,-0.006296982918948195,0.011096380373651448,NA,NA,NA
Megapnosaurus__Temperate_S,0.0670517579178267,0.0008742598166307028,0.018136118593724763,NA,NA,NA
Megapnosaurus__Antarctic,0.00479355780165245,-0.00023188927976513295,0.0025765556326351304,NA,NA,NA
Megapnosaurus__mat_z_trans,0.010223074439240087,-0.0116707362854478,0.029013353736975965,NA,NA,NA
Megapnosaurus__map_z_trans,-0.03250653108708426,-0.006376001224573116,0.006046606019684129,NA,NA,NA
Megapnosaurus__wmm_z_trans,-0.07433423612607519,-0.015456351179185646,0.01678125284087107,NA,NA,NA
Megapnosaurus__cmm_z_trans,-0.025327377819558055,-0.006854617895043111,0.012490574202900605,NA,NA,NA
Megapnosaurus__wmmcmm_z_trans,0.028475039661407225,-0.001884952815663628,0.014851284712205249,NA,NA,NA
Megapnosaurus__wetmon_z_trans,0.0349576597423142,-0.0033187980625673666,0.026639877702625967,NA,NA,NA
Megapnosaurus__drymon_z_trans,0.004254121474851809,-0.0006212319676061498,0.004391596400035997,NA,NA,NA
Megapnosaurus__wetdry_z_trans,0.03229226919937806,-0.0056121089697073,0.026157642500333894,NA,NA,NA
Megapnosaurus__time,0.025201533027692003,-0.005045756265434045,0.023794004757725553,NA,NA,NA
Melanorosaurus__lat_range_z_trans,0.2630986851453781,0.0009859503733672026,0.009873340498460644,0.16128776096738875,0.02306347480043769,0.5829240190796554
Melanorosaurus__Temperate_N,0.3437020778749138,-4.1162861733901226e-05,0.016622314197949968,NA,NA,NA
Melanorosaurus__Tropical,0.3025712124817073,0.0003813909558949277,0.014898936495718964,NA,NA,NA
Melanorosaurus__Temperate_S,-0.5749365512467921,-0.008805219391270496,0.0024537147153110977,NA,NA,NA
Melanorosaurus__Antarctic,0.07655925148166716,0.0001355592397699581,0.0035359079782762252,NA,NA,NA
Melanorosaurus__mat_z_trans,0.12363449078053236,-0.007184901038496428,0.03156678689986641,NA,NA,NA
Melanorosaurus__map_z_trans,-0.3904101510066539,-0.00792205200770605,0.008748486882790861,NA,NA,NA
Melanorosaurus__wmm_z_trans,-0.1939470348949544,-0.006270151469452603,0.011167991435547866,NA,NA,NA
Melanorosaurus__cmm_z_trans,-0.5060352365742438,-0.012576673813541297,0.019236938754159758,NA,NA,NA
Melanorosaurus__wmmcmm_z_trans,-0.15480157383251936,-0.006163953097751953,0.021834950738525035,NA,NA,NA
Melanorosaurus__wetmon_z_trans,0.22950465131551026,-0.005047024082211556,0.03064491335891025,NA,NA,NA
Melanorosaurus__drymon_z_trans,0.04855044138617814,-0.0012930437385755803,0.006475368255549016,NA,NA,NA
Melanorosaurus__wetdry_z_trans,0.24862502883188425,-0.0058914598160614284,0.03318627244247998,NA,NA,NA
Melanorosaurus__time,0.13046390124596655,-0.001538168331544071,0.009140833766589416,NA,NA,NA
Mesodapedon__lat_range_z_trans,0.05676174021917992,0.0012701940934187728,0.011229361321412164,1.0337807442244957,0.12259983085095882,4.844160687178373
Mesodapedon__Temperate_N,0.07859050724321039,0.00041758952265131443,0.019905159249915046,NA,NA,NA
Mesodapedon__Tropical,0.05763058242527379,0.00036842558975982385,0.01460851510157762,NA,NA,NA
Mesodapedon__Temperate_S,-0.16123052280602757,-0.013858778130607135,-0.0018243172724376874,NA,NA,NA
Mesodapedon__Antarctic,0.00954947960561378,-0.0007010898872929099,0.0034473989617761257,NA,NA,NA
Mesodapedon__mat_z_trans,0.0035933114786263257,-0.00785151782688903,0.011885217289378079,NA,NA,NA
Mesodapedon__map_z_trans,0.1018845848859001,-0.002025145655448785,0.030759105560224962,NA,NA,NA
Mesodapedon__wmm_z_trans,0.06443191318920889,-0.0021602753024852588,0.026627380675452048,NA,NA,NA
Mesodapedon__cmm_z_trans,0.020304834618189976,-0.0047717189306704984,0.029033616884902882,NA,NA,NA
Mesodapedon__wmmcmm_z_trans,0.0069893099649771685,-0.004088639484045971,0.023638534616090636,NA,NA,NA
Mesodapedon__wetmon_z_trans,-0.06398996364010616,-0.011679806867474706,0.019630992463872846,NA,NA,NA
Mesodapedon__drymon_z_trans,0.011399354051435362,-0.0011897807552195695,0.004762250396261308,NA,NA,NA
Mesodapedon__wetdry_z_trans,-0.058221743927637466,-0.013339521431366231,0.021499739764189917,NA,NA,NA
Mesodapedon__time,0.008058494068064304,-0.0016208440136430962,0.004183801407519541,NA,NA,NA
Mesosuchus__lat_range_z_trans,0.02254742637183755,0.0015227049858894087,0.011239327651600258,2.7386504292313476,0.09393199160695076,5.604935571551323
Mesosuchus__Temperate_N,0.031826275356368006,0.0018524231903703334,0.018323602367419447,NA,NA,NA
Mesosuchus__Tropical,0.01885150554517393,-0.0008969981574651073,0.012240683089551735,NA,NA,NA
Mesosuchus__Temperate_S,-0.053221278842517275,-0.013533621213588538,-0.00529391293147099,NA,NA,NA
Mesosuchus__Antarctic,-0.0007054463377350401,-0.0012765373689187962,0.002631653714977864,NA,NA,NA
Mesosuchus__mat_z_trans,0.012527897726351765,-0.007972279105916821,0.02782614052437328,NA,NA,NA
Mesosuchus__map_z_trans,0.04071280032238476,-0.0015532026111683404,0.027064470699937077,NA,NA,NA
Mesosuchus__wmm_z_trans,0.02766793214120773,-0.003710590788506048,0.02236741449030443,NA,NA,NA
Mesosuchus__cmm_z_trans,0.033585364654849466,-0.005197437940722108,0.03453636139844516,NA,NA,NA
Mesosuchus__wmmcmm_z_trans,0.012908952504600352,-0.003789460601213279,0.02008218891800799,NA,NA,NA
Mesosuchus__wetmon_z_trans,-0.007591997601292809,-0.01288168551919005,0.01592856860274892,NA,NA,NA
Mesosuchus__drymon_z_trans,0.005174922283882935,-0.0016248010907383445,0.0057507138733685825,NA,NA,NA
Mesosuchus__wetdry_z_trans,-0.006116956354761127,-0.009440472612132114,0.023714274585419023,NA,NA,NA
Mesosuchus__time,-0.002415516394441358,-0.002728950246013474,0.0029752694354527143,NA,NA,NA
Metamosaurus__lat_range_z_trans,0.30796484924852846,0.0006694895406175631,0.007767956022878554,0.23433829766407144,0.1124894767999649,0.3555551376193762
Metamosaurus__Temperate_N,0.26080107504501937,-0.00035058638787856456,0.01066767711959497,NA,NA,NA
Metamosaurus__Tropical,-0.6888889635214582,-0.006591333338173967,0.00197391535853776,NA,NA,NA
Metamosaurus__Temperate_S,0.4320507691800594,0.0003789327208306759,0.011578038686606822,NA,NA,NA
Metamosaurus__Antarctic,0.10819395182654262,8.966461990780238e-05,0.003635036475189138,NA,NA,NA
Metamosaurus__mat_z_trans,0.24049835811601952,-0.0065400079320217805,0.025703100380319446,NA,NA,NA
Metamosaurus__map_z_trans,0.8614032058045268,-0.003376904206875284,0.038801071384820605,NA,NA,NA
Metamosaurus__wmm_z_trans,-0.15719427324831486,-0.004450936456528203,0.008492539085362776,NA,NA,NA
Metamosaurus__cmm_z_trans,-0.37597302539274097,-0.007812965485142943,0.022524301072093807,NA,NA,NA
Metamosaurus__wmmcmm_z_trans,-0.1440329022007063,-0.0057687495729608,0.016490692712361185,NA,NA,NA
Metamosaurus__wetmon_z_trans,-0.3747701058071107,-0.009117593784480967,0.019937000508492102,NA,NA,NA
Metamosaurus__drymon_z_trans,-0.15749211293645204,-0.0077689533597741145,0.02868356356939971,NA,NA,NA
Metamosaurus__wetdry_z_trans,-0.21784117330797018,-0.005954231567678505,0.01534276035465481,NA,NA,NA
Metamosaurus__time,-0.10725861202052328,-0.004636733869154197,0.007789103689823798,NA,NA,NA
Microcnemus__lat_range_z_trans,-1.2659881955385208,-0.02024137478416091,-0.02243870708479418,0.2740447566952207,0.056641384959220886,0.5042814798653126
Microcnemus__Temperate_N,-0.2638262883387506,-0.005897219899009121,0.0034536481270724256,NA,NA,NA
Microcnemus__Tropical,0.1250766787613975,-0.000634760170417444,0.009729558390445378,NA,NA,NA
Microcnemus__Temperate_S,0.32709913794882595,0.001143771692923063,0.014992901688189066,NA,NA,NA
Microcnemus__Antarctic,0.01091394253046019,-0.0005311436743614771,0.002271542459374548,NA,NA,NA
Microcnemus__mat_z_trans,0.060755834579467774,-0.009306845950961398,0.031220167932646585,NA,NA,NA
Microcnemus__map_z_trans,0.24120247474638745,-0.001055147652655793,0.02372261761720775,NA,NA,NA
Microcnemus__wmm_z_trans,0.19261398473550798,-0.001618517635055056,0.020517712518250266,NA,NA,NA
Microcnemus__cmm_z_trans,0.43363559007644653,-0.003873461337359163,0.04665744856180725,NA,NA,NA
Microcnemus__wmmcmm_z_trans,0.23129813258768991,-0.002371709876719045,0.03483737743504553,NA,NA,NA
Microcnemus__wetmon_z_trans,-0.01048822034499608,-0.004267252609563483,0.0143339854206661,NA,NA,NA
Microcnemus__drymon_z_trans,0.07203994075884111,-0.0033258843911583794,0.01869306166719059,NA,NA,NA
Microcnemus__wetdry_z_trans,-0.03930377511307597,-0.008115946089446095,0.016992777362697373,NA,NA,NA
Microcnemus__time,0.012230437197140419,-0.001135416701368979,0.004402664324336815,NA,NA,NA
Microleter__lat_range_z_trans,0.30796484924852846,0.0006694895406175631,0.007767956022878554,0.23433829766407144,0.1124894767999649,0.3555551376193762
Microleter__Temperate_N,0.26080107504501937,-0.00035058638787856456,0.01066767711959497,NA,NA,NA
Microleter__Tropical,-0.6888889635214582,-0.006591333338173967,0.00197391535853776,NA,NA,NA
Microleter__Temperate_S,0.4320507691800594,0.0003789327208306759,0.011578038686606822,NA,NA,NA
Microleter__Antarctic,0.10819395182654262,8.966461990780238e-05,0.003635036475189138,NA,NA,NA
Microleter__mat_z_trans,0.24049835811601952,-0.0065400079320217805,0.025703100380319446,NA,NA,NA
Microleter__map_z_trans,0.8614032058045268,-0.003376904206875284,0.038801071384820605,NA,NA,NA
Microleter__wmm_z_trans,-0.15719427324831486,-0.004450936456528203,0.008492539085362776,NA,NA,NA
Microleter__cmm_z_trans,-0.37597302539274097,-0.007812965485142943,0.022524301072093807,NA,NA,NA
Microleter__wmmcmm_z_trans,-0.1440329022007063,-0.0057687495729608,0.016490692712361185,NA,NA,NA
Microleter__wetmon_z_trans,-0.3747701058071107,-0.009117593784480967,0.019937000508492102,NA,NA,NA
Microleter__drymon_z_trans,-0.15749211293645204,-0.0077689533597741145,0.02868356356939971,NA,NA,NA
Microleter__wetdry_z_trans,-0.21784117330797018,-0.005954231567678505,0.01534276035465481,NA,NA,NA
Microleter__time,-0.10725861202052328,-0.004636733869154197,0.007789103689823798,NA,NA,NA
Micromenodon__lat_range_z_trans,0.1149965941369757,0.0017776530558862242,0.014951984959145164,0.6165138412208762,0.25438315235078335,1.377526294440031
Micromenodon__Temperate_N,0.17636501739792906,0.0019715086799569877,0.024853190566787073,NA,NA,NA
Micromenodon__Tropical,-0.2533270024682979,-0.013333696395299239,0.0031523783752538553,NA,NA,NA
Micromenodon__Temperate_S,0.19369744757175045,0.0018609490904883898,0.026976614026378944,NA,NA,NA
Micromenodon__Antarctic,0.03269281408724205,0.00032552521861042676,0.005012179305213722,NA,NA,NA
Micromenodon__mat_z_trans,0.0016243027214674411,-0.006305281858048255,0.02393032150988282,NA,NA,NA
Micromenodon__map_z_trans,-0.1603218332979226,-0.012178318351092132,0.009257161531590756,NA,NA,NA
Micromenodon__wmm_z_trans,-0.0756543299698322,-0.008170028137240451,0.012386927112098219,NA,NA,NA
Micromenodon__cmm_z_trans,-0.0657199333183682,-0.007034981012412874,0.011218729655560393,NA,NA,NA
Micromenodon__wmmcmm_z_trans,-0.02607423691663715,-0.004775632241628989,0.007048465036314662,NA,NA,NA
Micromenodon__wetmon_z_trans,0.07662945329085234,-0.004434219843916732,0.028469954165821532,NA,NA,NA
Micromenodon__drymon_z_trans,0.006822531122546077,-0.003003085132274922,0.01055449439613719,NA,NA,NA
Micromenodon__wetdry_z_trans,0.07335420437173423,-0.007265942740086545,0.03470591959259868,NA,NA,NA
Micromenodon__time,0.04066685264646958,-0.0006653594122551661,0.006868436187352491,NA,NA,NA
Microsphenodon__lat_range_z_trans,0.28431133503276856,0.0012199388347823557,0.010263679997263988,0.35485919571481644,0.057499125599861145,1.0491447821259499
Microsphenodon__Temperate_N,0.3751192810124685,0.000625756651154087,0.018813625611848468,NA,NA,NA
Microsphenodon__Tropical,0.327636326920274,0.000391372751544555,0.014788832459186474,NA,NA,NA
Microsphenodon__Temperate_S,-0.6093965929658536,-0.00915937511223274,0.002401471317510953,NA,NA,NA
Microsphenodon__Antarctic,0.07743082863458907,3.052235442564519e-05,0.003650088487565156,NA,NA,NA
Microsphenodon__mat_z_trans,0.142814163270954,-0.006256771406711287,0.03520484492602387,NA,NA,NA
Microsphenodon__map_z_trans,-0.4045190027704658,-0.008129388608232117,0.009925621100570874,NA,NA,NA
Microsphenodon__wmm_z_trans,-0.1505438844399921,-0.004878964755610812,0.008992026160642869,NA,NA,NA
Microsphenodon__cmm_z_trans,-0.40892481004875336,-0.011605029725417102,0.016105930032840943,NA,NA,NA
Microsphenodon__wmmcmm_z_trans,-0.15390007761254015,-0.008000218629158729,0.0210976867187567,NA,NA,NA
Microsphenodon__wetmon_z_trans,0.26064541756115994,-0.007378598654593646,0.0286757164626681,NA,NA,NA
Microsphenodon__drymon_z_trans,0.0501722899581217,-0.0014165132713848047,0.006337497606786906,NA,NA,NA
Microsphenodon__wetdry_z_trans,0.22530172469790943,-0.005848658070690204,0.03429943187212444,NA,NA,NA
Microsphenodon__time,0.1196048821252686,-0.0008249814371884795,0.008830303666345766,NA,NA,NA
Milleretta__lat_range_z_trans,-0.5115267709642649,-0.005260980072997908,-0.002556374806217679,0.2677051048021531,0.012619338929653168,0.6552339028567076
Milleretta__Temperate_N,0.36121854696422817,0.0003988794721913281,0.013287770384303527,NA,NA,NA
Milleretta__Tropical,0.22631928715854882,-0.00018600153836247882,0.011934736721855407,NA,NA,NA
Milleretta__Temperate_S,-0.4847665010858327,-0.0060590420344921354,0.001908488181303039,NA,NA,NA
Milleretta__Antarctic,0.059762963734101504,-0.0001013571960354393,0.0024785294108323826,NA,NA,NA
Milleretta__mat_z_trans,-0.7881108384951949,-0.018800271739126115,0.028004260523284596,NA,NA,NA
Milleretta__map_z_trans,0.2024924801848829,-0.0007643553822652208,0.011697902444388687,NA,NA,NA
Milleretta__wmm_z_trans,0.4594402416725643,-0.007440902678612647,0.037092799762693904,NA,NA,NA
Milleretta__cmm_z_trans,0.27859360942034983,-0.00811469382165707,0.04156071136152599,NA,NA,NA
Milleretta__wmmcmm_z_trans,0.1314834793098271,-0.0040913415675804445,0.02976540668953924,NA,NA,NA
Milleretta__wetmon_z_trans,0.05715570145752281,-0.0011237716291799045,0.008359782137766723,NA,NA,NA
Milleretta__drymon_z_trans,0.11094783467066009,-0.00368547791313925,0.017665673463853938,NA,NA,NA
Milleretta__wetdry_z_trans,-0.04721550310729072,-0.00449784445533071,0.010699122278142792,NA,NA,NA
Milleretta__time,0.013869935078546405,-0.0015037485227252876,0.007487947866862948,NA,NA,NA
Millerinoides__lat_range_z_trans,0.04812266170242295,0.0009721913242858904,0.008886793771282415,1.3499616720876657,0.36534002237021923,3.7676701536402106
Millerinoides__Temperate_N,0.0673340854117028,0.0009156759862427093,0.014572515621878692,NA,NA,NA
Millerinoides__Tropical,0.03432270185183315,-0.00037535135164587795,0.010808449970857902,NA,NA,NA
Millerinoides__Temperate_S,-0.11210525725490506,-0.008214844988293899,-0.0015275077175990054,NA,NA,NA
Millerinoides__Antarctic,0.008194260624657486,-0.0003727458322911724,0.0032655887327354494,NA,NA,NA
Millerinoides__mat_z_trans,-0.05071349622478151,-0.012691102686473622,0.028174962704074907,NA,NA,NA
Millerinoides__map_z_trans,0.020194676973612394,-0.0014101691852797648,0.010774130632502845,NA,NA,NA
Millerinoides__wmm_z_trans,0.016124946052668333,-0.001615541279990246,0.019700887453957004,NA,NA,NA
Millerinoides__cmm_z_trans,0.08033083713639397,-0.010372530871260435,0.03375743105263807,NA,NA,NA
Millerinoides__wmmcmm_z_trans,0.039393581877435316,-0.00947985396244191,0.03116266625261145,NA,NA,NA
Millerinoides__wetmon_z_trans,0.0007826137841292205,-0.0029136978377849836,0.008421450895818344,NA,NA,NA
Millerinoides__drymon_z_trans,-0.0020335643109782187,-0.00765186123205862,0.02333202057050913,NA,NA,NA
Millerinoides__wetdry_z_trans,-0.009746851550827267,-0.005450853190388598,0.021092174005504193,NA,NA,NA
Millerinoides__time,-0.004449314697454708,-0.002570223971932744,0.006965192473364113,NA,NA,NA
Milleropsis__lat_range_z_trans,-0.48600540101528167,-0.005714678583379682,-0.0013823550937060974,0.29486197199268643,0.02589631825685501,0.7351417627651244
Milleropsis__Temperate_N,0.37864412415772675,0.000394585502697826,0.012215816592178819,NA,NA,NA
Milleropsis__Tropical,0.23114656957797705,-0.00013134677974986137,0.011194791385539237,NA,NA,NA
Milleropsis__Temperate_S,-0.5684944969112985,-0.007249723249336207,6.519050304202919e-05,NA,NA,NA
Milleropsis__Antarctic,0.06398447796120309,-9.752303888110674e-05,0.0026966891081575107,NA,NA,NA
Milleropsis__mat_z_trans,-0.6768292616494,-0.016627324614148627,0.030517347245361624,NA,NA,NA
Milleropsis__map_z_trans,0.2027696668053977,-0.0005658990832804891,0.01130934945669138,NA,NA,NA
Milleropsis__wmm_z_trans,0.404849764900282,-0.00727825835004525,0.034256421357539646,NA,NA,NA
Milleropsis__cmm_z_trans,0.2627626429195516,-0.008428114657982686,0.04153115660668944,NA,NA,NA
Milleropsis__wmmcmm_z_trans,0.14085591794457286,-0.005596211065027057,0.025126466127661277,NA,NA,NA
Milleropsis__wetmon_z_trans,0.02548498612410185,-0.0015530737804484661,0.0077735080992539785,NA,NA,NA
Milleropsis__drymon_z_trans,0.16365540794329717,-0.0029161231705306843,0.018530117998133394,NA,NA,NA
Milleropsis__wetdry_z_trans,-0.04927400938584469,-0.0035889381269877917,0.0167126245448462,NA,NA,NA
Milleropsis__time,-0.0014221154837287032,-0.0018782800822131933,0.008839632488747048,NA,NA,NA
Millerosaurus__lat_range_z_trans,-0.46259918585419657,-0.003974319743224377,-0.0034071612400371695,0.18858145163467271,0.015276459977030754,0.5404996792203747
Millerosaurus__Temperate_N,0.38741619160398844,0.0006371747457137157,0.01247300938282689,NA,NA,NA
Millerosaurus__Tropical,0.22784963151440024,-0.00011357610953650729,0.009537762057501807,NA,NA,NA
Millerosaurus__Temperate_S,-0.6315583789581433,-0.008232276130799842,0.00076061924557993,NA,NA,NA
Millerosaurus__Antarctic,0.07331018189783207,8.181651051796567e-06,0.0030812497772357843,NA,NA,NA
Millerosaurus__mat_z_trans,-0.7261984630487859,-0.016087443046145216,0.030198313332668404,NA,NA,NA
Millerosaurus__map_z_trans,0.16653356870403513,-0.0007679548143249515,0.008754573403081046,NA,NA,NA
Millerosaurus__wmm_z_trans,0.3233234000037191,-0.004642375766205211,0.0337910394752575,NA,NA,NA
Millerosaurus__cmm_z_trans,0.412011289652437,-0.007180745468405517,0.04513470196806897,NA,NA,NA
Millerosaurus__wmmcmm_z_trans,0.15898588090203702,-0.009163275843932369,0.028183883408698207,NA,NA,NA
Millerosaurus__wetmon_z_trans,0.010828088695707266,-0.0022285676773907016,0.008518069137438323,NA,NA,NA
Millerosaurus__drymon_z_trans,0.0789581379230367,-0.0035888366198907574,0.024448362912873712,NA,NA,NA
Millerosaurus__wetdry_z_trans,-0.06658043291419745,-0.004886102657182911,0.010802879417898821,NA,NA,NA
Millerosaurus__time,0.024155477638705635,-0.0010107915990404267,0.00710945414104325,NA,NA,NA
Moradisaurus__lat_range_z_trans,-0.9153418137179026,-0.007459986602866583,-0.006965908709755831,0.42043998679495415,0.03763539530336857,1.1445511751808226
Moradisaurus__Temperate_N,0.3885358011713074,0.0009111547147020596,0.01433698189498207,NA,NA,NA
Moradisaurus__Tropical,-0.3128785713176706,-0.006385798313141167,0.008329969047551084,NA,NA,NA
Moradisaurus__Temperate_S,0.4448160247742095,0.000928700356384295,0.01497940773168083,NA,NA,NA
Moradisaurus__Antarctic,0.09798222498358496,0.0002081662787811594,0.004039974390084859,NA,NA,NA
Moradisaurus__mat_z_trans,-0.5021977686178012,-0.012327363420043218,0.029364320792931116,NA,NA,NA
Moradisaurus__map_z_trans,0.09969810299595451,-0.0008988889526554802,0.007426786379360831,NA,NA,NA
Moradisaurus__wmm_z_trans,0.10840628993186033,-0.001923447679331524,0.005321394453698728,NA,NA,NA
Moradisaurus__cmm_z_trans,0.4270047216210589,-0.009501790056287776,0.04283255551980345,NA,NA,NA
Moradisaurus__wmmcmm_z_trans,0.26053199336988814,-0.009967666102472798,0.035495177326570544,NA,NA,NA
Moradisaurus__wetmon_z_trans,0.04653784625077489,-0.002226575768982004,0.009707776171051672,NA,NA,NA
Moradisaurus__drymon_z_trans,0.03757583796384543,-0.006043128902683928,0.025278283908468344,NA,NA,NA
Moradisaurus__wetdry_z_trans,-0.08080394417683952,-0.0055016918012711635,0.021060572585248225,NA,NA,NA
Moradisaurus__time,0.03588513614363866,-0.0010425928294451531,0.008179464928459569,NA,NA,NA
Mystriosuchus__lat_range_z_trans,-0.4978308406472206,-0.012005586807863244,-0.013786599546587454,0.14714309803850484,0.012539081275463104,0.37178802117705345
Mystriosuchus__Temperate_N,-0.15316582321189343,-0.005094243483828784,0.0030379006798998704,NA,NA,NA
Mystriosuchus__Tropical,-0.10760460522957147,-0.004544646023932388,0.00444598515310985,NA,NA,NA
Mystriosuchus__Temperate_S,0.3128002318926156,0.0018038004815698696,0.03225418994415469,NA,NA,NA
Mystriosuchus__Antarctic,0.03249216043521301,-6.671138853809114e-05,0.004593545669911147,NA,NA,NA
Mystriosuchus__mat_z_trans,0.1102185916970484,-0.005358729733809726,0.030473644089167858,NA,NA,NA
Mystriosuchus__map_z_trans,-0.1483881031748024,-0.007135797739682702,0.010415926519964685,NA,NA,NA
Mystriosuchus__wmm_z_trans,-0.03407421312876977,-0.0034650470080656724,0.013150995318147604,NA,NA,NA
Mystriosuchus__cmm_z_trans,-0.039014695994555953,-0.007102708144395453,0.020827857141685734,NA,NA,NA
Mystriosuchus__wmmcmm_z_trans,0.0412903639965225,-0.0052643347042792684,0.018415082669884186,NA,NA,NA
Mystriosuchus__wetmon_z_trans,0.18925026095297653,-0.004030793057829656,0.0380378506925488,NA,NA,NA
Mystriosuchus__drymon_z_trans,0.02754943073843606,-0.0013656361640618613,0.009123308443101084,NA,NA,NA
Mystriosuchus__wetdry_z_trans,0.1795068317442201,-0.007192807348270912,0.03766692098714235,NA,NA,NA
Mystriosuchus__time,0.06586100143380463,-0.000407667956325386,0.01073014865800509,NA,NA,NA
Nambalia__lat_range_z_trans,0.14956795495746697,0.0011355399827227578,0.012197099392882814,0.48324058229802175,0.043434196151793,1.1792748495936394
Nambalia__Temperate_N,0.20544742632710536,-0.0005968997384601448,0.020464383692841138,NA,NA,NA
Nambalia__Tropical,0.17455791389951766,0.00011220437658050671,0.018003511674057733,NA,NA,NA
Nambalia__Temperate_S,-0.32740029910475127,-0.010696572575412419,-0.0011891049446151655,NA,NA,NA
Nambalia__Antarctic,0.03771349024342352,0.00016757434259073527,0.0039048386440665313,NA,NA,NA
Nambalia__mat_z_trans,0.028838703423112514,-0.008017728118174156,0.029294589014293545,NA,NA,NA
Nambalia__map_z_trans,-0.18814706865798944,-0.007301247873257561,0.009489818934925787,NA,NA,NA
Nambalia__wmm_z_trans,-0.09074113324623087,-0.005294289304891771,0.01018466566891357,NA,NA,NA
Nambalia__cmm_z_trans,-0.15393704744784759,-0.009640586045994387,0.018147199754217035,NA,NA,NA
Nambalia__wmmcmm_z_trans,-0.04850522061143064,-0.007994541858643432,0.01918230804078338,NA,NA,NA
Nambalia__wetmon_z_trans,0.14649674921342962,-0.005112863540529471,0.028050563537831853,NA,NA,NA
Nambalia__drymon_z_trans,0.017586656793434546,-0.001787601564434402,0.00854649664793824,NA,NA,NA
Nambalia__wetdry_z_trans,0.12496056997090028,-0.0050695946237127015,0.034693720906237284,NA,NA,NA
Nambalia__time,0.059313185615768135,-0.001134302537696835,0.008416665455761748,NA,NA,NA
Nanchangosaurus__lat_range_z_trans,-0.9452755416031117,-0.02223044488155841,-0.03363264322735914,0.4921669986151392,0.08598689976497553,1.0326476520858705
Nanchangosaurus__Temperate_N,0.1455126564008081,0.0001166817705750225,0.016399793904588265,NA,NA,NA
Nanchangosaurus__Tropical,-0.11311632193536252,-0.006100904786099979,0.018806590074898575,NA,NA,NA
Nanchangosaurus__Temperate_S,0.21138832487467382,0.0013454046339805117,0.019366650731554906,NA,NA,NA
Nanchangosaurus__Antarctic,0.029715915782056592,1.6108862437310134e-05,0.003557175574850686,NA,NA,NA
Nanchangosaurus__mat_z_trans,0.06596050361782305,-0.007813704811604956,0.03204039276515197,NA,NA,NA
Nanchangosaurus__map_z_trans,0.19306299333588317,-0.0020722649773645655,0.027426220973155897,NA,NA,NA
Nanchangosaurus__wmm_z_trans,0.15134056564403892,-0.00234764693579522,0.024193809577327287,NA,NA,NA
Nanchangosaurus__cmm_z_trans,0.24855496462097168,-0.003342246598485251,0.03969322478193027,NA,NA,NA
Nanchangosaurus__wmmcmm_z_trans,0.1511206728887259,-0.0023522365120120835,0.02357232733015454,NA,NA,NA
Nanchangosaurus__wetmon_z_trans,-0.03562553112165415,-0.006811064504953379,0.015467943620413325,NA,NA,NA
Nanchangosaurus__drymon_z_trans,0.04383497422206433,-0.0009151379796995149,0.007724257712505572,NA,NA,NA
Nanchangosaurus__wetdry_z_trans,-0.039924480516566975,-0.007877919182014814,0.019014563152683774,NA,NA,NA
Nanchangosaurus__time,0.029202185165558614,-0.0008455331767179459,0.005756449448279568,NA,NA,NA
Nanoparia__lat_range_z_trans,-0.4702805857360363,-0.004272326215655427,-0.0040560046318285125,0.20236096617474686,0.012738782912492752,0.6276965290307999
Nanoparia__Temperate_N,0.382069284375757,0.0009777315797222345,0.012447620618619874,NA,NA,NA
Nanoparia__Tropical,0.2368829606845975,-6.807275076780512e-05,0.011683537649773956,NA,NA,NA
Nanoparia__Temperate_S,-0.588993987776339,-0.007052843455092038,-0.0001585281657047907,NA,NA,NA
Nanoparia__Antarctic,0.07367122204042971,-4.358979662027376e-05,0.0029534995471739676,NA,NA,NA
Nanoparia__mat_z_trans,-0.6897498837253079,-0.019247971778950268,0.024853492525611948,NA,NA,NA
Nanoparia__map_z_trans,0.16862901571119437,-0.0004887171688759086,0.010233757560638192,NA,NA,NA
Nanoparia__wmm_z_trans,0.35003251193731555,-0.003195144179629848,0.03434253849090296,NA,NA,NA
Nanoparia__cmm_z_trans,0.25128587790764867,-0.008427747011913922,0.04054173432611592,NA,NA,NA
Nanoparia__wmmcmm_z_trans,0.2044662938581314,-0.005812274977085239,0.041511371947902324,NA,NA,NA
Nanoparia__wetmon_z_trans,0.03149530300870538,-0.0016270844066828757,0.008475521738177927,NA,NA,NA
Nanoparia__drymon_z_trans,0.1108816750056576,-0.005011578885762232,0.01943489452936184,NA,NA,NA
Nanoparia__wetdry_z_trans,-0.09673087518080138,-0.005864083490370088,0.009353863048760727,NA,NA,NA
Nanoparia__time,0.02638537171500502,-0.0010972065416295876,0.0077694572346291724,NA,NA,NA
Neoaetosauroides__lat_range_z_trans,0.10611390515992167,0.001393361022652398,0.01201119453622239,0.6037387590708385,0.06032001972198486,1.2171846833080053
Neoaetosauroides__Temperate_N,0.1483185848898935,0.0004919164888487364,0.021570730884359512,NA,NA,NA
Neoaetosauroides__Tropical,0.12365346126410716,0.0004539378721850782,0.019973936309936206,NA,NA,NA
Neoaetosauroides__Temperate_S,-0.2353570762072191,-0.010276311341290404,0.002206715687618494,NA,NA,NA
Neoaetosauroides__Antarctic,0.025199877948520737,3.0622157487283955e-05,0.003757328596442673,NA,NA,NA
Neoaetosauroides__mat_z_trans,0.039666738478058045,-0.006686014682009786,0.024049990084534362,NA,NA,NA
Neoaetosauroides__map_z_trans,-0.13160726541678583,-0.0080336565120349,0.007338087992337292,NA,NA,NA
Neoaetosauroides__wmm_z_trans,-0.05662273551393386,-0.005016088492514514,0.008932399860980635,NA,NA,NA
Neoaetosauroides__cmm_z_trans,-0.09223240470469948,-0.01138973428652523,0.01823511093634816,NA,NA,NA
Neoaetosauroides__wmmcmm_z_trans,-0.0353981426603511,-0.009910324515390895,0.012298674340560188,NA,NA,NA
Neoaetosauroides__wetmon_z_trans,0.09104502942553054,-0.004858583180877176,0.03178992674810917,NA,NA,NA
Neoaetosauroides__drymon_z_trans,0.013472435552021185,-0.0018166859242924197,0.008587898772429946,NA,NA,NA
Neoaetosauroides__wetdry_z_trans,0.10146129376702785,-0.004785668695216239,0.03932595607377599,NA,NA,NA
Neoaetosauroides__time,0.038038179393817574,-0.0008276789903352112,0.009308805596480493,NA,NA,NA
Neoprocolophon__lat_range_z_trans,0.03355130979083776,0.002261300616888192,0.01178530905999513,1.7670111631254075,0.8854637742042542,2.834851497784257
Neoprocolophon__Temperate_N,-0.05813606811866566,-0.01562959197579833,0.003868211574315367,NA,NA,NA
Neoprocolophon__Tropical,0.03920448785974529,0.0011646872199726317,0.01676856892819366,NA,NA,NA
Neoprocolophon__Temperate_S,0.05305428900628214,0.002641660940698093,0.021114215103032997,NA,NA,NA
Neoprocolophon__Antarctic,0.0026198421573396797,-0.00044694658880696124,0.0026132394421515682,NA,NA,NA
Neoprocolophon__mat_z_trans,0.002731671070630627,-0.003910185418180154,0.01617303681683218,NA,NA,NA
Neoprocolophon__map_z_trans,0.07161335492375721,-0.002284662124335149,0.03960522991990164,NA,NA,NA
Neoprocolophon__wmm_z_trans,0.029000839391754,-0.004054366163064389,0.020054670306187492,NA,NA,NA
Neoprocolophon__cmm_z_trans,0.008276648571578085,-0.0033864697088813464,0.01284246287233116,NA,NA,NA
Neoprocolophon__wmmcmm_z_trans,-0.007451907712576767,-0.006273010375122434,0.006512417958013249,NA,NA,NA
Neoprocolophon__wetmon_z_trans,-0.02215769829276324,-0.01442788809292911,0.02188392496134461,NA,NA,NA
Neoprocolophon__drymon_z_trans,0.003922791422397033,-0.0010460418425498011,0.004129332100239788,NA,NA,NA
Neoprocolophon__wetdry_z_trans,-0.022134769011580964,-0.014187357228399141,0.03809848699157459,NA,NA,NA
Neoprocolophon__time,0.0016570903171736393,-0.0016520383388053755,0.0039376503860220685,NA,NA,NA
new_Neotheropoda__lat_range_z_trans,0.26421878933906556,0.0009444530028808014,0.010078471859698231,0.12654328677323065,0.034605487482622266,0.20489007234573364
new_Neotheropoda__Temperate_N,0.3381043713260442,-4.0036917706342946e-05,0.016393938784491024,NA,NA,NA
new_Neotheropoda__Tropical,0.2990356329083443,0.00027057027852769476,0.014902954460192562,NA,NA,NA
new_Neotheropoda__Temperate_S,-0.5530027592660918,-0.008681408451655794,0.002420002916463704,NA,NA,NA
new_Neotheropoda__Antarctic,0.07894561999011784,0.0001861637101841518,0.0038340594434445596,NA,NA,NA
new_Neotheropoda__mat_z_trans,0.10656702574226073,-0.008670427832893348,0.03361938123058778,NA,NA,NA
new_Neotheropoda__map_z_trans,-0.3928544068080373,-0.007601502308574553,0.008628290664309809,NA,NA,NA
new_Neotheropoda__wmm_z_trans,-0.18964726735837759,-0.005186663682347543,0.007536491205639105,NA,NA,NA
new_Neotheropoda__cmm_z_trans,-0.4993016940238886,-0.012458234395124805,0.01753622688918946,NA,NA,NA
new_Neotheropoda__wmmcmm_z_trans,-0.19138585860608145,-0.007675732499505314,0.021260492689518,NA,NA,NA
new_Neotheropoda__wetmon_z_trans,0.2410306518524885,-0.005028058962122184,0.030141830966102404,NA,NA,NA
new_Neotheropoda__drymon_z_trans,0.048777998168952764,-0.000883517690805326,0.007824901040653422,NA,NA,NA
new_Neotheropoda__wetdry_z_trans,0.22667185668833553,-0.005609331795144047,0.0340044137256903,NA,NA,NA
new_Neotheropoda__time,0.13179179324768484,-0.0007971815350266747,0.011205300544155127,NA,NA,NA
new_Rhynchocephalia__lat_range_z_trans,0.2665449158847332,0.0010608747118175086,0.01038584769238866,0.1740756945060275,0.02306347480043769,0.7652813084423542
new_Rhynchocephalia__Temperate_N,0.34911134326655885,0.00044403608650713135,0.01689392535538271,NA,NA,NA
new_Rhynchocephalia__Tropical,0.3078566948324442,0.0004291609794430832,0.015142387397797222,NA,NA,NA
new_Rhynchocephalia__Temperate_S,-0.5903122926982178,-0.00937711952595034,-0.001736939603396484,NA,NA,NA
new_Rhynchocephalia__Antarctic,0.07746990519575775,0.0001384768575241688,0.0037904357571596713,NA,NA,NA
new_Rhynchocephalia__mat_z_trans,0.13402911441400647,-0.006618417435779686,0.03655848440043608,NA,NA,NA
new_Rhynchocephalia__map_z_trans,-0.3687993133207783,-0.007657614624554351,0.00889143849709214,NA,NA,NA
new_Rhynchocephalia__wmm_z_trans,-0.19979492524871603,-0.0052479947201086825,0.01135047812445802,NA,NA,NA
new_Rhynchocephalia__cmm_z_trans,-0.48097414744319394,-0.01235763779139594,0.01651588285609864,NA,NA,NA
new_Rhynchocephalia__wmmcmm_z_trans,-0.15544414200354367,-0.007712935222053929,0.018584571078828476,NA,NA,NA
new_Rhynchocephalia__wetmon_z_trans,0.22355634684558026,-0.00621739948396356,0.031145655932279866,NA,NA,NA
new_Rhynchocephalia__drymon_z_trans,0.044488549157977106,-0.0012498820549364158,0.006719656294971006,NA,NA,NA
new_Rhynchocephalia__wetdry_z_trans,0.21375595157966018,-0.0055745763962206955,0.03533894360566069,NA,NA,NA
new_Rhynchocephalia__time,0.13671067361021413,-0.0012898804596415741,0.009805989030978787,NA,NA,NA
Nhandumirim__lat_range_z_trans,0.171526401955612,0.0013512867273472774,0.010892566601165945,0.4432844411575934,0.034605487482622266,1.1360876839607954
Nhandumirim__Temperate_N,0.23347083239306912,0.0004388084757149424,0.019170777723973482,NA,NA,NA
Nhandumirim__Tropical,0.19800964899697648,9.752841147912395e-05,0.016015449553391337,NA,NA,NA
Nhandumirim__Temperate_S,-0.373590953607579,-0.01012477179498419,0.0006539509456502567,NA,NA,NA
Nhandumirim__Antarctic,0.04370242764468947,3.124755895199599e-05,0.003559147137078596,NA,NA,NA
Nhandumirim__mat_z_trans,0.07020516601402946,-0.006070402121320792,0.03587316293031351,NA,NA,NA
Nhandumirim__map_z_trans,-0.23280083444382546,-0.008331946712008688,0.007559857410188368,NA,NA,NA
Nhandumirim__wmm_z_trans,-0.10454804289810868,-0.005118532910144019,0.009162728033945505,NA,NA,NA
Nhandumirim__cmm_z_trans,-0.2149203836633357,-0.011622348742525978,0.016411680080579968,NA,NA,NA
Nhandumirim__wmmcmm_z_trans,-0.04983306141929583,-0.008382665319012354,0.01940820691049108,NA,NA,NA
Nhandumirim__wetmon_z_trans,0.14736112604979643,-0.004742113050069215,0.029461849536996557,NA,NA,NA
Nhandumirim__drymon_z_trans,0.02880946281706584,-0.0018537884059985508,0.00679052694826509,NA,NA,NA
Nhandumirim__wetdry_z_trans,0.1454349720970773,-0.006058628379396671,0.033096269556797155,NA,NA,NA
Nhandumirim__time,0.07292511943973749,-0.0008445828173461581,0.011330583051298672,NA,NA,NA
Nicrosaurus__lat_range_z_trans,-0.5054613533616066,-0.014688787314623763,-0.01875865010467753,0.10241117180807123,0.002890065312385559,0.22293566027656198
Nicrosaurus__Temperate_N,-0.1641630158852786,-0.006508856295174673,-0.0009460349497397003,NA,NA,NA
Nicrosaurus__Tropical,-0.12115590162109584,-0.006371678619171065,0.003890926033427103,NA,NA,NA
Nicrosaurus__Temperate_S,0.3146278119087219,0.001865455590323949,0.02985815354559597,NA,NA,NA
Nicrosaurus__Antarctic,0.03233324949775124,-8.455286221713395e-05,0.004314767293298212,NA,NA,NA
Nicrosaurus__mat_z_trans,0.10362343090586364,-0.0049196370634102685,0.031547141042129016,NA,NA,NA
Nicrosaurus__map_z_trans,-0.14929370573721826,-0.009310736377869529,0.015590753776084581,NA,NA,NA
Nicrosaurus__wmm_z_trans,-0.035132863828912377,-0.004457274733915874,0.01695091663475435,NA,NA,NA
Nicrosaurus__cmm_z_trans,-0.011997038999106735,-0.004072828261088285,0.02351790676072796,NA,NA,NA
Nicrosaurus__wmmcmm_z_trans,0.022596103853884414,-0.0027873977465325667,0.014819148606261337,NA,NA,NA
Nicrosaurus__wetmon_z_trans,0.18779493542620912,-0.004114686093532477,0.03769357512735388,NA,NA,NA
Nicrosaurus__drymon_z_trans,0.025555935979355127,-0.0013182618270775233,0.01043142120636084,NA,NA,NA
Nicrosaurus__wetdry_z_trans,0.17083948063198476,-0.0038515550386886747,0.041510007582744,NA,NA,NA
Nicrosaurus__time,0.0642302756360732,-0.0006101124363353957,0.008966723865815485,NA,NA,NA
Nochelesaurus__lat_range_z_trans,0.030237116404139175,0.0008716305987331079,0.00946710818527458,1.7730197822478022,0.1207774356007576,4.732124071568251
Nochelesaurus__Temperate_N,0.045364477200477114,0.0006373354146916764,0.014574975994704894,NA,NA,NA
Nochelesaurus__Tropical,0.03295955498059947,0.00048771044878709964,0.01365271540720293,NA,NA,NA
Nochelesaurus__Temperate_S,-0.062329845882467344,-0.007818881501127885,0.0018236583914721894,NA,NA,NA
Nochelesaurus__Antarctic,0.0018438284418245037,-0.0007957845302806534,0.0024188782530673385,NA,NA,NA
Nochelesaurus__mat_z_trans,-0.033348825159630384,-0.018353180535583893,0.01628324226693872,NA,NA,NA
Nochelesaurus__map_z_trans,0.021389155600091966,-0.0010165759845064749,0.011593719466272185,NA,NA,NA
Nochelesaurus__wmm_z_trans,0.05598767001223703,-0.005945539277459578,0.039894133612904,NA,NA,NA
Nochelesaurus__cmm_z_trans,0.009771552603265994,-0.008055219784894239,0.02653654316039024,NA,NA,NA
Nochelesaurus__wmmcmm_z_trans,0.004001243406272095,-0.008415594319104148,0.02075628689870135,NA,NA,NA
Nochelesaurus__wetmon_z_trans,0.009375722434244883,-0.0018791508890713931,0.011544145523982856,NA,NA,NA
Nochelesaurus__drymon_z_trans,0.022790831591441116,-0.003822841433385854,0.025114416884039256,NA,NA,NA
Nochelesaurus__wetdry_z_trans,0.0007523979868645742,-0.003696183715122043,0.014210347840251976,NA,NA,NA
Nochelesaurus__time,-0.0030429982434513354,-0.003428633570989003,0.01151658453493297,NA,NA,NA
Notatesseraeraptor__lat_range_z_trans,0.14646598415219225,0.0010376222999695793,0.009715971831789131,0.4825742247281596,0.14483253471553326,1.0193364806473255
Notatesseraeraptor__Temperate_N,-0.21857838997068765,-0.007606252119315432,0.003514232416395402,NA,NA,NA
Notatesseraeraptor__Tropical,0.15562436709304825,-0.0001527768238103015,0.014959089971925533,NA,NA,NA
Notatesseraeraptor__Temperate_S,0.23097293823346174,0.0008547022827230681,0.01885777817671973,NA,NA,NA
Notatesseraeraptor__Antarctic,0.03843097757938598,3.8773829926756383e-05,0.00369206093721535,NA,NA,NA
Notatesseraeraptor__mat_z_trans,0.08072349528494432,-0.008178612151131059,0.02963716475266706,NA,NA,NA
Notatesseraeraptor__map_z_trans,-0.2354246696836387,-0.00805174599214137,0.006143844093425823,NA,NA,NA
Notatesseraeraptor__wmm_z_trans,-0.10144521693441087,-0.006629001098850465,0.009305193346835708,NA,NA,NA
Notatesseraeraptor__cmm_z_trans,-0.20972622750431097,-0.010437960629978215,0.01868261430737494,NA,NA,NA
Notatesseraeraptor__wmmcmm_z_trans,-0.09262902312519405,-0.0070753423529352644,0.02320596116012957,NA,NA,NA
Notatesseraeraptor__wetmon_z_trans,0.12684772031701516,-0.0056118311421293424,0.030267355704573274,NA,NA,NA
Notatesseraeraptor__drymon_z_trans,0.019928475592552196,-0.0015423135477117811,0.006244870453888248,NA,NA,NA
Notatesseraeraptor__wetdry_z_trans,0.11780052490719851,-0.007085000713880059,0.03382967336714852,NA,NA,NA
Notatesseraeraptor__time,0.07676092543435267,-0.0007911709200493954,0.011330945900047212,NA,NA,NA
Noteosuchus__lat_range_z_trans,0.016973166492686896,0.002706421730107614,0.011220619834192634,3.984427303589182,1.7347667180001736,5.604935571551323
Noteosuchus__Temperate_N,0.024633216156812823,0.0028006381949333445,0.017495010259362242,NA,NA,NA
Noteosuchus__Tropical,0.012748423301107663,-0.001372136806859874,0.014007013542594544,NA,NA,NA
Noteosuchus__Temperate_S,-0.034163609848435056,-0.01431831766772818,-0.005054522532803623,NA,NA,NA
Noteosuchus__Antarctic,-0.002406370506639033,-0.001471815031689878,0.000629759933485889,NA,NA,NA
Noteosuchus__mat_z_trans,0.012424698826805846,-0.011679482121020109,0.027336552362148797,NA,NA,NA
Noteosuchus__map_z_trans,0.03098998880433955,-0.0012772453050816457,0.02850236626344621,NA,NA,NA
Noteosuchus__wmm_z_trans,0.021627380884100978,-0.004278216550447577,0.021486746991594245,NA,NA,NA
Noteosuchus__cmm_z_trans,0.03336048843765941,-0.006344132528005539,0.03382814893699924,NA,NA,NA
Noteosuchus__wmmcmm_z_trans,0.01767252371805304,-0.004362041650957921,0.02154551150188994,NA,NA,NA
Noteosuchus__wetmon_z_trans,0.00021211649925689428,-0.008312112842896334,0.016361591540156734,NA,NA,NA
Noteosuchus__drymon_z_trans,0.0038864034814902,-0.0014336314546575224,0.0072176520966934525,NA,NA,NA
Noteosuchus__wetdry_z_trans,0.0010680294895589538,-0.008641541052824846,0.02036140818530629,NA,NA,NA
Noteosuchus__time,-0.003274574360889334,-0.0032472959921848146,0.00444889750506891,NA,NA,NA
Nundasuchus__lat_range_z_trans,0.09808941353083853,0.0013215217914303436,0.011473501568969471,0.6787165650975657,0.09393199160695076,4.060417518019676
Nundasuchus__Temperate_N,0.13587215496536287,0.00028531348731878996,0.019382637787693068,NA,NA,NA
Nundasuchus__Tropical,0.10573301775131333,-0.00015010208044514693,0.013548813448121264,NA,NA,NA
Nundasuchus__Temperate_S,-0.2909265025032036,-0.014304547372057129,-0.0021121180405552554,NA,NA,NA
Nundasuchus__Antarctic,0.02184767837432773,-0.0006617274998412921,0.003991253961230868,NA,NA,NA
Nundasuchus__mat_z_trans,-0.00493401027964662,-0.007318335232077415,0.012214187130151388,NA,NA,NA
Nundasuchus__map_z_trans,0.1779500266098559,-0.0021910032256556335,0.033494417438630054,NA,NA,NA
Nundasuchus__wmm_z_trans,0.09761569890507894,-0.0015531199403601209,0.023101805363457746,NA,NA,NA
Nundasuchus__cmm_z_trans,0.0271008803466119,-0.004964540917120093,0.02990902987435716,NA,NA,NA
Nundasuchus__wmmcmm_z_trans,-0.02056590357049593,-0.0038539883250898487,0.017564654208045472,NA,NA,NA
Nundasuchus__wetmon_z_trans,-0.13246851211845778,-0.01215178009017616,0.02272793990573059,NA,NA,NA
Nundasuchus__drymon_z_trans,0.01744357099358796,-0.0008475613864722908,0.004355306770779884,NA,NA,NA
Nundasuchus__wetdry_z_trans,-0.11736186495653411,-0.013878562615068464,0.02489149716951977,NA,NA,NA
Nundasuchus__time,0.020356233327269734,-0.0009624756736988147,0.00484382983400401,NA,NA,NA
Nyasasaurus__lat_range_z_trans,0.040555878412748166,0.001340776017749256,0.011767344591915608,1.4487975180111243,0.12259983085095882,4.857523030135781
Nyasasaurus__Temperate_N,0.056327899272385386,0.0007469238258216602,0.019279337588113923,NA,NA,NA
Nyasasaurus__Tropical,0.03876334702638285,-0.00015228902843690298,0.013605803288440129,NA,NA,NA
Nyasasaurus__Temperate_S,-0.10965594768148992,-0.014512960880087964,-0.002824464014121435,NA,NA,NA
Nyasasaurus__Antarctic,0.004607731958685599,-0.0010621926179384272,0.0032107734293701975,NA,NA,NA
Nyasasaurus__mat_z_trans,0.004114176412662758,-0.007725990701174851,0.017213252479387608,NA,NA,NA
Nyasasaurus__map_z_trans,0.07151001496001166,-0.0010735599463757232,0.0315257866752993,NA,NA,NA
Nyasasaurus__wmm_z_trans,0.04415896206020762,-0.003039667790515934,0.01858430046095018,NA,NA,NA
Nyasasaurus__cmm_z_trans,0.03523041980321934,-0.005036872977784997,0.03335393380848493,NA,NA,NA
Nyasasaurus__wmmcmm_z_trans,0.007731676631703063,-0.004315836291347148,0.019253340671561824,NA,NA,NA
Nyasasaurus__wetmon_z_trans,-0.03702609087134891,-0.01232882834284301,0.016326196197645904,NA,NA,NA
Nyasasaurus__drymon_z_trans,0.008563652280690623,-0.0012558942851673789,0.006571178026271363,NA,NA,NA
Nyasasaurus__wetdry_z_trans,-0.03218566373712532,-0.010494194613762175,0.027623343165589048,NA,NA,NA
Nyasasaurus__time,0.003055824847175954,-0.0023203214474496843,0.0038966300512269314,NA,NA,NA
Nycteroleter__lat_range_z_trans,0.03727497742981421,0.0007140906894911675,0.007522708837527876,1.4056123847016533,0.12066124007105827,4.589519828557968
Nycteroleter__Temperate_N,-0.07162812697581356,-0.009121864320191362,0.005257530912320694,NA,NA,NA
Nycteroleter__Tropical,0.04490705394692103,0.0003643706961943046,0.011664029432736485,NA,NA,NA
Nycteroleter__Temperate_S,0.05353456553921779,0.0001737460685112948,0.011964983694317994,NA,NA,NA
Nycteroleter__Antarctic,0.0054852702351276175,-0.00077489060973912,0.002980181986889236,NA,NA,NA
Nycteroleter__mat_z_trans,0.028253942369926465,-0.0025424361192666746,0.02816079355700636,NA,NA,NA
Nycteroleter__map_z_trans,0.050244951184289774,-0.0016739240300733633,0.03685421739269765,NA,NA,NA
Nycteroleter__wmm_z_trans,0.04268749579621119,-0.005623937430417605,0.026717043376736794,NA,NA,NA
Nycteroleter__cmm_z_trans,-0.021185081586301096,-0.008534697163779716,0.012909577281401909,NA,NA,NA
Nycteroleter__wmmcmm_z_trans,-0.031309816224352235,-0.010588569639040979,0.01770145914030461,NA,NA,NA
Nycteroleter__wetmon_z_trans,0.006419521272745298,-0.005287015339006909,0.023308689942682655,NA,NA,NA
Nycteroleter__drymon_z_trans,0.01312269999895141,-0.006204818329728904,0.016616083155088224,NA,NA,NA
Nycteroleter__wetdry_z_trans,-0.007394401911239122,-0.005432250532780929,0.010498935048384726,NA,NA,NA
Nycteroleter__time,-0.014661169699589898,-0.006698713019484485,0.007230522662040277,NA,NA,NA
Nyctiboetus__lat_range_z_trans,0.011858121478730612,0.0006906836159967574,0.006259479231668857,3.6827183114824584,1.1978908367455006,6.166492907330394
Nyctiboetus__Temperate_N,-0.004454213097592792,-0.005570659115353655,0.006547220333792576,NA,NA,NA
Nyctiboetus__Tropical,0.017255851537546548,0.0001786222819679181,0.010728375522634555,NA,NA,NA
Nyctiboetus__Temperate_S,0.017668156898208654,0.00016805087173186808,0.011281096837268237,NA,NA,NA
Nyctiboetus__Antarctic,-0.0025913664865768156,-0.0013938718102910596,0.0007992090374196087,NA,NA,NA
Nyctiboetus__mat_z_trans,0.0267711268995941,-0.008068138934770859,0.025873662660755203,NA,NA,NA
Nyctiboetus__map_z_trans,0.05514833040050329,-0.0030503093689066355,0.042993757538597854,NA,NA,NA
Nyctiboetus__wmm_z_trans,-0.005100087628579863,-0.0050070648367053164,0.006928652905131593,NA,NA,NA
Nyctiboetus__cmm_z_trans,-0.0009489312452511609,-0.008254939582977934,0.018163593109706538,NA,NA,NA
Nyctiboetus__wmmcmm_z_trans,0.000978003867730919,-0.007359252478425876,0.016552620917544607,NA,NA,NA
Nyctiboetus__wetmon_z_trans,0.005212929209568304,-0.007821653222881779,0.025168368317585916,NA,NA,NA
Nyctiboetus__drymon_z_trans,0.013751316094161277,-0.007333519407765121,0.027518933067986355,NA,NA,NA
Nyctiboetus__wetdry_z_trans,0.0033588662258577677,-0.005254187592972182,0.014976631643843398,NA,NA,NA
Nyctiboetus__time,-0.003156222777992025,-0.0031546694979594065,0.005595155296200189,NA,NA,NA
Nyctiphruretus__lat_range_z_trans,-0.0010730110675594387,-0.0011269338353252088,0.0025389720009767734,2.964298355639912,0.0727926716208458,5.780843518674374
Nyctiphruretus__Temperate_N,-0.010734681308097157,-0.007736520173445071,0.008497953789171791,NA,NA,NA
Nyctiphruretus__Tropical,0.020738304653483326,0.00016798120510319258,0.010055838592248258,NA,NA,NA
Nyctiphruretus__Temperate_S,0.022264967396999007,0.00034715142666116985,0.011606445278400195,NA,NA,NA
Nyctiphruretus__Antarctic,-0.0018939888490479113,-0.001075760543204575,0.0016887674274507134,NA,NA,NA
Nyctiphruretus__mat_z_trans,0.02961397796543563,-0.006175944062433436,0.02865411198540471,NA,NA,NA
Nyctiphruretus__map_z_trans,0.06121687342139675,-0.0033669160440112597,0.03772988883588021,NA,NA,NA
Nyctiphruretus__wmm_z_trans,-0.00024970291921465337,-0.004846470484038756,0.012831073937291366,NA,NA,NA
Nyctiphruretus__cmm_z_trans,-0.0037410346106494705,-0.00812589622407407,0.01828429384848478,NA,NA,NA
Nyctiphruretus__wmmcmm_z_trans,0.00024452078533753916,-0.006971971512808922,0.015022119958387864,NA,NA,NA
Nyctiphruretus__wetmon_z_trans,0.00680470174997319,-0.0067928466308544485,0.024111874015243593,NA,NA,NA
Nyctiphruretus__drymon_z_trans,0.013581596465236913,-0.007189895362144572,0.027556671041350768,NA,NA,NA
Nyctiphruretus__wetdry_z_trans,0.002639775561487771,-0.005336144448344361,0.014483557543058235,NA,NA,NA
Nyctiphruretus__time,-0.0036604178688726488,-0.0030007423903929626,0.006325188166786239,NA,NA,NA
Obirkovia__lat_range_z_trans,0.02895532602851745,-0.0004985370852873651,0.003983826037222999,0.28187670057377545,0.04688181634992361,0.47536934178788215
Obirkovia__Temperate_N,-0.8564654345158488,-0.008100136892952484,0.001809716590215495,NA,NA,NA
Obirkovia__Tropical,0.2709809141792357,-0.00020782990609992014,0.010463881759463263,NA,NA,NA
Obirkovia__Temperate_S,0.48865061402320864,0.0007028718559900195,0.013891319115970382,NA,NA,NA
Obirkovia__Antarctic,0.09585725522832945,5.357589960256552e-06,0.003560154348100981,NA,NA,NA
Obirkovia__mat_z_trans,-0.8354506817343644,-0.014490650794499606,0.028324556643624016,NA,NA,NA
Obirkovia__map_z_trans,0.18171553381020203,-0.0012832127323398358,0.012025386055092508,NA,NA,NA
Obirkovia__wmm_z_trans,0.4120848908647895,-0.007247267991745172,0.031572800738441195,NA,NA,NA
Obirkovia__cmm_z_trans,0.22925972403027117,-0.006798700381284978,0.03650926895622057,NA,NA,NA
Obirkovia__wmmcmm_z_trans,0.01874888500198722,-0.010164644434973414,0.028673409407180543,NA,NA,NA
Obirkovia__wetmon_z_trans,-0.025981353314127775,-0.002711298098877867,0.007431287471593991,NA,NA,NA
Obirkovia__drymon_z_trans,0.14602872530114838,-0.00297321946270252,0.018186437567493382,NA,NA,NA
Obirkovia__wetdry_z_trans,-0.09923856851964956,-0.0057074914123458045,0.015714221889526075,NA,NA,NA
Obirkovia__time,-0.009555834159255028,-0.0017561493321545853,0.007240489839990079,NA,NA,NA
Odontochelys__lat_range_z_trans,0.2984476424753666,0.0016643088806259998,0.01443709698660635,0.34528604980019734,0.21876524481922388,0.506915807723999
Odontochelys__Temperate_N,-0.80070462689735,-0.01370617237537535,0.001810630293720339,NA,NA,NA
Odontochelys__Tropical,0.35482648061588407,0.0008369783318716452,0.023698149539186225,NA,NA,NA
Odontochelys__Temperate_S,0.490001419163309,0.0011887944328062073,0.02774858455681455,NA,NA,NA
Odontochelys__Antarctic,0.09337063363753259,0.00026046875707048283,0.005270162957133303,NA,NA,NA
Odontochelys__mat_z_trans,0.016388779115950457,-0.004947808252863148,0.020693076235385594,NA,NA,NA
Odontochelys__map_z_trans,-0.4950021566823125,-0.0114132062105242,0.012234428044141992,NA,NA,NA
Odontochelys__wmm_z_trans,-0.1774780132691376,-0.007325350223181213,0.017226432808454435,NA,NA,NA
Odontochelys__cmm_z_trans,-0.15857794507872314,-0.007619845850564568,0.010260589289888784,NA,NA,NA
Odontochelys__wmmcmm_z_trans,-0.03048243781493511,-0.003977146144869663,0.007706824790257429,NA,NA,NA
Odontochelys__wetmon_z_trans,0.21196721081621944,-0.005017196804094432,0.02852341077190688,NA,NA,NA
Odontochelys__drymon_z_trans,0.040501214815303686,-0.00199353757882305,0.009200270826908814,NA,NA,NA
Odontochelys__wetdry_z_trans,0.15239506401121616,-0.008706047163707696,0.03303653009964712,NA,NA,NA
Odontochelys__time,0.11640312070026994,-0.00047514887768429265,0.007540569220083668,NA,NA,NA
Opisthodontosaurus__lat_range_z_trans,0.037570986296374544,0.00041553058801688513,0.0066862433040542285,1.2477024344954406,0.1279714610427618,3.3217759653925896
Opisthodontosaurus__Temperate_N,0.04168464528871755,-0.00019044892288544685,0.009164395680622472,NA,NA,NA
Opisthodontosaurus__Tropical,-0.05870852381957274,-0.00560658315734523,0.0010316936247213157,NA,NA,NA
Opisthodontosaurus__Temperate_S,0.05222538623788981,0.000506566604280218,0.009488285268532723,NA,NA,NA
Opisthodontosaurus__Antarctic,0.005146875779146214,-0.0004675254654140481,0.002258207577330203,NA,NA,NA
Opisthodontosaurus__mat_z_trans,0.02147865348474673,-0.0034139139423757154,0.01601043376918818,NA,NA,NA
Opisthodontosaurus__map_z_trans,-0.042797365710916475,-0.012258817230256458,0.025735528726336963,NA,NA,NA
Opisthodontosaurus__wmm_z_trans,0.0570342852615186,-0.0034743217224289993,0.03118213199159121,NA,NA,NA
Opisthodontosaurus__cmm_z_trans,-0.011309712060860448,-0.004988536578279281,0.007414461891317944,NA,NA,NA
Opisthodontosaurus__wmmcmm_z_trans,-0.02562245550277924,-0.0062472476091283745,0.017432698139554257,NA,NA,NA
Opisthodontosaurus__wetmon_z_trans,0.004752762630314603,-0.009428299924797491,0.026385777100678177,NA,NA,NA
Opisthodontosaurus__drymon_z_trans,0.011996540663530779,-0.005616992047340296,0.024554682713289325,NA,NA,NA
Opisthodontosaurus__wetdry_z_trans,0.055339566470527735,-0.007202177880941986,0.029444855103118617,NA,NA,NA
Opisthodontosaurus__time,-0.013039763642728838,-0.0032581417904170586,0.012597361529799893,NA,NA,NA
Orenburgia__lat_range_z_trans,-1.4037838059663772,-0.02285034030596537,-0.03474167711155786,0.2533445643621235,0.09317028662189841,0.4235991307068616
Orenburgia__Temperate_N,-0.28032279074192046,-0.006761052397509695,0.0016641904918269059,NA,NA,NA
Orenburgia__Tropical,0.11785211529582738,-0.0013060535695002947,0.01163092872999234,NA,NA,NA
Orenburgia__Temperate_S,0.3422293616645038,0.0011261420830349766,0.019948953482964663,NA,NA,NA
Orenburgia__Antarctic,0.018046781054581514,-0.0004114288715019939,0.0027340403701335636,NA,NA,NA
Orenburgia__mat_z_trans,0.1239933396782726,-0.008289927052318149,0.030151765226347292,NA,NA,NA
Orenburgia__map_z_trans,0.3233546416088939,-0.0009462735435499983,0.03265233425255811,NA,NA,NA
Orenburgia__wmm_z_trans,0.261570932972536,-0.001891133454313003,0.02683653350096591,NA,NA,NA
Orenburgia__cmm_z_trans,0.40988295172806827,-0.0019120170032410695,0.05002434840330504,NA,NA,NA
Orenburgia__wmmcmm_z_trans,0.19445454102475196,-0.002484858853818082,0.02311122424553063,NA,NA,NA
Orenburgia__wetmon_z_trans,-0.03138981845695525,-0.004948473886415139,0.019741980788030238,NA,NA,NA
Orenburgia__drymon_z_trans,0.04210899053105095,-0.0007732179905854853,0.007817111707242943,NA,NA,NA
Orenburgia__wetdry_z_trans,-0.03642013981065247,-0.008609790225373082,0.02211718661724471,NA,NA,NA
Orenburgia__time,0.017552688276045957,-0.0011724840082568925,0.005697835715551004,NA,NA,NA
Orovenator__lat_range_z_trans,0.20732182612968045,0.0007845793967131232,0.007818406154205997,0.4387853939406341,0.1087137027643621,2.414189662784338
Orovenator__Temperate_N,0.1789392448947518,-0.0004772042991932404,0.00924915574698399,NA,NA,NA
Orovenator__Tropical,-0.43389189083044777,-0.006248724781975632,0.0017338978765790072,NA,NA,NA
Orovenator__Temperate_S,0.2908438348140056,0.0003543208505800645,0.01017021150720893,NA,NA,NA
Orovenator__Antarctic,0.06444710824834667,-2.676155380936642e-05,0.003556274793440982,NA,NA,NA
Orovenator__mat_z_trans,0.1773718477526992,-0.0061152311370592394,0.02257774173455291,NA,NA,NA
Orovenator__map_z_trans,0.4551356448982892,-0.004525965819314401,0.03957510482998324,NA,NA,NA
Orovenator__wmm_z_trans,-0.06930941635425329,-0.004161845901556735,0.01663008259237242,NA,NA,NA
Orovenator__cmm_z_trans,-0.2265164715521284,-0.007305509458724025,0.01978546731064538,NA,NA,NA
Orovenator__wmmcmm_z_trans,-0.10962105586666564,-0.006904812349610074,0.014485513248380245,NA,NA,NA
Orovenator__wetmon_z_trans,-0.1431055140489336,-0.008074958211464011,0.02284724015384201,NA,NA,NA
Orovenator__drymon_z_trans,-0.08662139959738747,-0.007264355942969739,0.025195796643754483,NA,NA,NA
Orovenator__wetdry_z_trans,-0.09357398889981923,-0.006031625429907013,0.018919873218090123,NA,NA,NA
Orovenator__time,-0.07566788821222863,-0.005232814441022996,0.006841990610095777,NA,NA,NA
Oryctorhynchus__lat_range_z_trans,0.06830329869245601,0.0017557519775132909,0.014711379970633775,0.8970409659494181,0.25438315235078335,2.8517518881708384
Oryctorhynchus__Temperate_N,0.10584069893535257,0.0015921238142959822,0.02321550881212477,NA,NA,NA
Oryctorhynchus__Tropical,-0.14412940930499657,-0.013846832097551004,0.0009174369946172295,NA,NA,NA
Oryctorhynchus__Temperate_S,0.11453064710330066,0.00198032979431585,0.02492899841260207,NA,NA,NA
Oryctorhynchus__Antarctic,0.016176626975932487,7.144966873765562e-05,0.005279644605233082,NA,NA,NA
Oryctorhynchus__mat_z_trans,0.0009472731192186217,-0.007226345003721885,0.021471612610453515,NA,NA,NA
Oryctorhynchus__map_z_trans,-0.07481369417080592,-0.010785576795934834,0.012308514621056683,NA,NA,NA
Oryctorhynchus__wmm_z_trans,-0.027678290524878288,-0.007321564265044783,0.012093380997084506,NA,NA,NA
Oryctorhynchus__cmm_z_trans,-0.015310010160235902,-0.006131031887698192,0.01839984169609743,NA,NA,NA
Oryctorhynchus__wmmcmm_z_trans,0.0007688755994227971,-0.0057167357228047316,0.017048061628579445,NA,NA,NA
Oryctorhynchus__wetmon_z_trans,0.02821470253102034,-0.004872771858176236,0.023222717489924733,NA,NA,NA
Oryctorhynchus__drymon_z_trans,0.004433764309718708,-0.0029468704405153636,0.008614025158833956,NA,NA,NA
Oryctorhynchus__wetdry_z_trans,0.03788948445473056,-0.007129931700277245,0.031033903476649596,NA,NA,NA
Oryctorhynchus__time,0.020577913815672796,-0.000652904562451787,0.006141729946244711,NA,NA,NA
Oryporan__lat_range_z_trans,0.01698627496274229,0.0025697219073401367,0.011205634584096269,3.977963552229339,1.7735211806721054,5.980616137385368
Oryporan__Temperate_N,0.024718019609059314,0.002819129754357308,0.017471645498052343,NA,NA,NA
Oryporan__Tropical,0.012708953257160637,-0.001354516065525478,0.01398830703581144,NA,NA,NA
Oryporan__Temperate_S,-0.03404542373129323,-0.014134444331844031,-0.00504777216737007,NA,NA,NA
Oryporan__Antarctic,-0.0024018047064938274,-0.0014529142399934331,0.0006289188827914168,NA,NA,NA
Oryporan__mat_z_trans,0.012041382249347955,-0.011529496250554922,0.027300044122856092,NA,NA,NA
Oryporan__map_z_trans,0.030823754068148794,-0.0012608431438475044,0.02846430106801963,NA,NA,NA
Oryporan__wmm_z_trans,0.021406491699034115,-0.0042232764403717545,0.02145805122592494,NA,NA,NA
Oryporan__cmm_z_trans,0.033404224594253885,-0.006262662285600964,0.03378297110550608,NA,NA,NA
Oryporan__wmmcmm_z_trans,0.01767385302118441,-0.0050448541574766885,0.021516737255628957,NA,NA,NA
Oryporan__wetmon_z_trans,0.00032483070419380805,-0.008205370140845967,0.016339740470890787,NA,NA,NA
Oryporan__drymon_z_trans,0.004250638015097493,-0.0014152210097914707,0.007501006059129628,NA,NA,NA
Oryporan__wetdry_z_trans,0.0011556118362380527,-0.008530567891212149,0.02033421532087636,NA,NA,NA
Oryporan__time,-0.0032949242027648204,-0.0032055947839463614,0.00444295595792163,NA,NA,NA
Osmolskina__lat_range_z_trans,0.024344521823567264,0.0022231815741524824,0.012106487994420486,2.749767784093856,1.3374657034873962,4.053047463297844
Osmolskina__Temperate_N,-0.05660549698307512,-0.013078739251520328,-0.007254248088166335,NA,NA,NA
Osmolskina__Tropical,0.0159045582151902,-0.0014487231337656605,0.013957471862304654,NA,NA,NA
Osmolskina__Temperate_S,0.03524352030694688,0.0014292441890764414,0.017147457187535523,NA,NA,NA
Osmolskina__Antarctic,0.000457357063827579,-0.0005820665203471682,0.0018876174643091058,NA,NA,NA
Osmolskina__mat_z_trans,0.001323351491788247,-0.010972926299893849,0.023800870506931682,NA,NA,NA
Osmolskina__map_z_trans,0.04060802203655958,-0.0023699625370936198,0.029104120137498395,NA,NA,NA
Osmolskina__wmm_z_trans,0.023299667519177062,-0.005885292628328219,0.019986362038454664,NA,NA,NA
Osmolskina__cmm_z_trans,0.03722695975899567,-0.005881737575532199,0.03725083419802262,NA,NA,NA
Osmolskina__wmmcmm_z_trans,0.018915838740673898,-0.004786313555263608,0.020562587982969723,NA,NA,NA
Osmolskina__wetmon_z_trans,-0.004134930236100997,-0.007335341218991348,0.01734124742425818,NA,NA,NA
Osmolskina__drymon_z_trans,0.005194794341611222,-0.0015413191426014278,0.0066592392788425835,NA,NA,NA
Osmolskina__wetdry_z_trans,-0.002266384842077163,-0.008531818776016754,0.021046120774119596,NA,NA,NA
Osmolskina__time,-0.003759897861175433,-0.0024690942031880226,0.005790587658634638,NA,NA,NA
Owenetta__lat_range_z_trans,-0.4561185444891453,-0.004478144776624318,-0.0037429327172235245,0.2529445521588787,0.023458480834960938,0.653678297996521
Owenetta__Temperate_N,0.37025968441739676,0.0006787762063367227,0.013171097283126517,NA,NA,NA
Owenetta__Tropical,0.22933070251718163,-0.00011909641395275567,0.011017860950122329,NA,NA,NA
Owenetta__Temperate_S,-0.5611514825373888,-0.007483511971088051,0.0007625291258485003,NA,NA,NA
Owenetta__Antarctic,0.06260665397159755,-6.1816246200232e-05,0.0032625645494217775,NA,NA,NA
Owenetta__mat_z_trans,-0.755841926895082,-0.01965532436997147,0.029983098419422375,NA,NA,NA
Owenetta__map_z_trans,0.18446364604402332,-0.0008106359808355753,0.011192866212555797,NA,NA,NA
Owenetta__wmm_z_trans,0.4273308968078345,-0.005075081017623774,0.03573291812811941,NA,NA,NA
Owenetta__cmm_z_trans,0.3483564355506678,-0.009151941654289184,0.040149464741909356,NA,NA,NA
Owenetta__wmmcmm_z_trans,0.09319066273979842,-0.0051830628220165265,0.025727796341628462,NA,NA,NA
Owenetta__wetmon_z_trans,0.04222406916320324,-0.0018688959371859196,0.008052214415046907,NA,NA,NA
Owenetta__drymon_z_trans,0.11387863365001977,-0.002414149892330531,0.020790895195316343,NA,NA,NA
Owenetta__wetdry_z_trans,-0.06405848821625114,-0.004012469139369324,0.015223632005520944,NA,NA,NA
Owenetta__time,0.017526409762358527,-0.0015955550641623423,0.008062751769320321,NA,NA,NA
Ozimek__lat_range_z_trans,0.2421294437977884,0.0016334813429695195,0.013831725757781398,0.3983237916287908,0.19125919789075851,0.8526844084262848
Ozimek__Temperate_N,-0.6683426777112779,-0.013452296697641078,0.0017507582756514188,NA,NA,NA
Ozimek__Tropical,0.28876777053693625,0.0008214752114209953,0.02291452405676111,NA,NA,NA
Ozimek__Temperate_S,0.4003990251311498,0.0011667747190560991,0.026831023549614714,NA,NA,NA
Ozimek__Antarctic,0.07297316171455845,0.0002787385332611828,0.004965205774393148,NA,NA,NA
Ozimek__mat_z_trans,-0.0007095972944831933,-0.006048148226687275,0.02000881935613009,NA,NA,NA
Ozimek__map_z_trans,-0.3505855361454648,-0.010826510569716197,0.011829872846174608,NA,NA,NA
Ozimek__wmm_z_trans,-0.125288599595481,-0.00718966476690516,0.016656807247704745,NA,NA,NA
Ozimek__cmm_z_trans,-0.11291387098817471,-0.007931218508973463,0.010133084002273958,NA,NA,NA
Ozimek__wmmcmm_z_trans,0.0026428164894158794,-0.0038527002646477028,0.013516736266122759,NA,NA,NA
Ozimek__wetmon_z_trans,0.1461833984319255,-0.004924264641556179,0.028816814859330422,NA,NA,NA
Ozimek__drymon_z_trans,0.03353309609611553,-0.001956611828142887,0.008896045948368963,NA,NA,NA
Ozimek__wetdry_z_trans,0.11655292918667608,-0.008544787436079887,0.03194411287128166,NA,NA,NA
Ozimek__time,0.09041052172622464,-0.00040517594567124815,0.007291225608546522,NA,NA,NA
Pachagnathus__lat_range_z_trans,0.2671199990808964,0.001086414217899819,0.010382027934781261,0.152559795097186,0.039061546325683594,0.23506005108356476
Pachagnathus__Temperate_N,0.34636500569817147,-4.074672617698745e-05,0.016721959417520978,NA,NA,NA
Pachagnathus__Tropical,0.3044937624782324,0.0002753671781544903,0.014787849878818189,NA,NA,NA
Pachagnathus__Temperate_S,-0.5725907046081556,-0.009540126721087793,-0.0013971268878262386,NA,NA,NA
Pachagnathus__Antarctic,0.07922493443824351,0.00018113004908405035,0.003751852312153687,NA,NA,NA
Pachagnathus__mat_z_trans,0.12308475330471992,-0.007834470704555755,0.03618634980622696,NA,NA,NA
Pachagnathus__map_z_trans,-0.39087700949516146,-0.007184555004288575,0.011163204266863685,NA,NA,NA
Pachagnathus__wmm_z_trans,-0.1790399613068439,-0.004706462969881746,0.010532872785620739,NA,NA,NA
Pachagnathus__cmm_z_trans,-0.49857291135704146,-0.012655135659919584,0.015031887196824118,NA,NA,NA
Pachagnathus__wmmcmm_z_trans,-0.17049917357973754,-0.0078986164847156,0.01847434798451502,NA,NA,NA
Pachagnathus__wetmon_z_trans,0.22947445292025803,-0.005117200660501451,0.030828619375053285,NA,NA,NA
Pachagnathus__drymon_z_trans,0.05266858791001141,-0.0012064193262493106,0.006514185924613827,NA,NA,NA
Pachagnathus__wetdry_z_trans,0.21198287318460643,-0.005708778791839749,0.03497922291006438,NA,NA,NA
Pachagnathus__time,0.13201999299693853,-0.0008813074752350882,0.011429503514905619,NA,NA,NA
Pachystropheus__lat_range_z_trans,-0.7031277251243592,-0.010436933549616563,-0.013676419260901625,0.044703008706346734,0.0007765423506498337,0.12605657801032066
Pachystropheus__Temperate_N,-0.16636816574260593,-0.004128211240371891,0.0023284102721110147,NA,NA,NA
Pachystropheus__Tropical,0.19549301272258163,0.00011745974690286417,0.013418016449703063,NA,NA,NA
Pachystropheus__Temperate_S,0.32095900006592276,0.0011911648934941096,0.018325144782431243,NA,NA,NA
Pachystropheus__Antarctic,0.04219056078698486,-2.5265231130718663e-05,0.0027980539950022763,NA,NA,NA
Pachystropheus__mat_z_trans,0.1524702356941998,-0.00700967313079657,0.04134957673791891,NA,NA,NA
Pachystropheus__map_z_trans,-0.23295986419601833,-0.007251161743219114,0.012039667298231164,NA,NA,NA
Pachystropheus__wmm_z_trans,-0.1521671157691162,-0.00794328262023513,0.0120724667590199,NA,NA,NA
Pachystropheus__cmm_z_trans,-0.17797916970215738,-0.009926463679418181,0.02226771518019847,NA,NA,NA
Pachystropheus__wmmcmm_z_trans,0.03450877406874497,-0.0053575671028496035,0.019773999287816618,NA,NA,NA
Pachystropheus__wetmon_z_trans,0.19393614154309036,-0.0032410104957709533,0.030741206517161272,NA,NA,NA
Pachystropheus__drymon_z_trans,0.03852584390842821,-0.0009221619113018956,0.006445279119079541,NA,NA,NA
Pachystropheus__wetdry_z_trans,0.20566426287521608,-0.004774023590295899,0.03280022077384094,NA,NA,NA
Pachystropheus__time,0.114953925604932,-0.0015237794247037338,0.018703418508522692,NA,NA,NA
Palacrodon__lat_range_z_trans,-1.2942088517546653,-0.024661321150450357,-0.009014439932755363,0.23692123523096598,0.012255797162652016,0.5453548431396484
Palacrodon__Temperate_N,0.23853014931082725,0.0004421546853063201,0.011579520845414573,NA,NA,NA
Palacrodon__Tropical,-0.16824623464606703,-0.0039428376785928115,0.004315399644832671,NA,NA,NA
Palacrodon__Temperate_S,-0.2647305368632078,-0.00444612085577884,-0.000482046786712291,NA,NA,NA
Palacrodon__Antarctic,0.27551371512934564,-0.00549085393580971,0.035511149245813514,NA,NA,NA
Palacrodon__mat_z_trans,0.08864687659603078,-0.006101242106925013,0.02519209051391201,NA,NA,NA
Palacrodon__map_z_trans,0.1940337012661621,-0.0013854162280847405,0.017703025504906114,NA,NA,NA
Palacrodon__wmm_z_trans,0.13422350822249426,-0.0008587679940715185,0.01507811224908465,NA,NA,NA
Palacrodon__cmm_z_trans,0.48699237091932446,-0.0015686097168332242,0.043150723433832805,NA,NA,NA
Palacrodon__wmmcmm_z_trans,0.2723679960286245,-0.0045052307234797724,0.02614504284753447,NA,NA,NA
Palacrodon__wetmon_z_trans,0.034900698662968355,-0.0025496012334532176,0.007682011602483116,NA,NA,NA
Palacrodon__drymon_z_trans,0.09579927489510737,-0.002037233337496565,0.020230686885854013,NA,NA,NA
Palacrodon__wetdry_z_trans,-0.015233971048146486,-0.003279727665917313,0.01769125596321454,NA,NA,NA
Palacrodon__time,0.013276088276179508,-0.000846101137726513,0.004604224402720685,NA,NA,NA
Palaeagama__lat_range_z_trans,0.06034112571561039,0.0009368241175270683,0.009009415143568955,1.1045912841206882,0.36534002237021923,2.2333465069532394
Palaeagama__Temperate_N,0.08222646810807585,0.0007025986238998794,0.014127725577271629,NA,NA,NA
Palaeagama__Tropical,0.042605400826229184,-0.001202507377287609,0.011260069385313102,NA,NA,NA
Palaeagama__Temperate_S,-0.14365947026802528,-0.007843709434725446,-0.001702868969966873,NA,NA,NA
Palaeagama__Antarctic,0.011907109277994703,-0.00016791632675651797,0.003316342315822048,NA,NA,NA
Palaeagama__mat_z_trans,-0.07031268182298754,-0.012117735881908186,0.031409510515702774,NA,NA,NA
Palaeagama__map_z_trans,0.022359861314462468,-0.0007711255027556606,0.01041740101270382,NA,NA,NA
Palaeagama__wmm_z_trans,0.009014059365129364,-0.0030984954286829257,0.005884365714727932,NA,NA,NA
Palaeagama__cmm_z_trans,0.09419065529851545,-0.009903913996286314,0.0387919819767903,NA,NA,NA
Palaeagama__wmmcmm_z_trans,0.04840456524465865,-0.009689519023212264,0.03243502505829297,NA,NA,NA
Palaeagama__wetmon_z_trans,-0.0035704606807288905,-0.0031105525518915814,0.008709073274126023,NA,NA,NA
Palaeagama__drymon_z_trans,0.004011809518259776,-0.007306160520939194,0.02601058795211854,NA,NA,NA
Palaeagama__wetdry_z_trans,-0.016117534373513702,-0.005204591037040847,0.021953315544165873,NA,NA,NA
Palaeagama__time,-0.005649026147771574,-0.002454104739253677,0.007764811919498407,NA,NA,NA
Palaeochersis__lat_range_z_trans,0.28011886820197107,0.0011885310920758349,0.010982254243823064,0.2848837628623005,0.038839973509311676,0.9931090548634529
Palaeochersis__Temperate_N,0.37201382510364056,0.00024714624099581294,0.01972287186613396,NA,NA,NA
Palaeochersis__Tropical,0.32332577297464016,0.0003727769518320532,0.01637030584739639,NA,NA,NA
Palaeochersis__Temperate_S,-0.6027114626206458,-0.009861608800325427,-0.0005663089777141817,NA,NA,NA
Palaeochersis__Antarctic,0.07735208337195218,5.670332887481477e-05,0.0035107298816527957,NA,NA,NA
Palaeochersis__mat_z_trans,0.11033773864503019,-0.006492651048985925,0.03238779418324747,NA,NA,NA
Palaeochersis__map_z_trans,-0.40305570828961207,-0.007920094717023032,0.008976022598482134,NA,NA,NA
Palaeochersis__wmm_z_trans,-0.1534402173338458,-0.0037387766499470862,0.01156397034529917,NA,NA,NA
Palaeochersis__cmm_z_trans,-0.42870280691189694,-0.01280542829785594,0.016392531485769992,NA,NA,NA
Palaeochersis__wmmcmm_z_trans,-0.17265075512928887,-0.007794250263256711,0.018841888703768184,NA,NA,NA
Palaeochersis__wetmon_z_trans,0.27061355363577605,-0.006081420139387166,0.030061589038245094,NA,NA,NA
Palaeochersis__drymon_z_trans,0.044909861786291,-0.0016924346644073094,0.005807439587072961,NA,NA,NA
Palaeochersis__wetdry_z_trans,0.2320931110344827,-0.005890004221046887,0.035957093749599496,NA,NA,NA
Palaeochersis__time,0.11866522334283218,-0.0008193978908563111,0.009378573867358976,NA,NA,NA
Palaeosaurus__lat_range_z_trans,0.2997261215746403,0.001660355731711295,0.014005584341210502,0.35108295057361827,0.20490803942084312,0.506915807723999
Palaeosaurus__Temperate_N,-0.80715620146133,-0.014518027176425856,0.0017565120822404297,NA,NA,NA
Palaeosaurus__Tropical,0.35621334778144953,0.0008349902994680535,0.023295287563736854,NA,NA,NA
Palaeosaurus__Temperate_S,0.49186426696833224,0.0018849424410934418,0.03251488306607748,NA,NA,NA
Palaeosaurus__Antarctic,0.09373539364896714,0.00025985007877325447,0.0051126422338598106,NA,NA,NA
Palaeosaurus__mat_z_trans,0.015418937039648882,-0.004936055973552101,0.020074577649693944,NA,NA,NA
Palaeosaurus__map_z_trans,-0.4838861764594913,-0.011386096997643315,0.011868751314593758,NA,NA,NA
Palaeosaurus__wmm_z_trans,-0.1799146204511635,-0.0073079506883822936,0.01671154926927712,NA,NA,NA
Palaeosaurus__cmm_z_trans,-0.15387046113144606,-0.0076017468151601255,0.009953908934973403,NA,NA,NA
Palaeosaurus__wmmcmm_z_trans,-0.028057068120106124,-0.003967699430290876,0.008132623309185035,NA,NA,NA
Palaeosaurus__wetmon_z_trans,0.21150173739530145,-0.005005279709658509,0.02767087009497463,NA,NA,NA
Palaeosaurus__drymon_z_trans,0.04009544935077429,-0.001988802429592107,0.008925282496044183,NA,NA,NA
Palaeosaurus__wetdry_z_trans,0.14357374422252178,-0.008685368129126306,0.032049096094651265,NA,NA,NA
Palaeosaurus__time,0.11824405601248145,-0.00047402028052783546,0.007315187969617076,NA,NA,NA
Paleollanosaurus__lat_range_z_trans,-0.5238126656785608,-0.013786426829913299,-0.01794653205172439,0.16034550690368632,0.001339830458164215,0.624592637643218
Paleollanosaurus__Temperate_N,-0.17346585197374226,-0.006364866532502584,-0.001252181093154433,NA,NA,NA
Paleollanosaurus__Tropical,-0.12000727884471417,-0.005388965146451962,0.005182662929376663,NA,NA,NA
Paleollanosaurus__Temperate_S,0.3162072579562664,0.001526311254016621,0.025697584382011262,NA,NA,NA
Paleollanosaurus__Antarctic,0.026540407242137007,-0.00027055958382890587,0.0040868565425928195,NA,NA,NA
Paleollanosaurus__mat_z_trans,0.13279604619368912,-0.003854335887449416,0.037086716706331284,NA,NA,NA
Paleollanosaurus__map_z_trans,-0.11809511212399229,-0.005944922003041044,0.016906826396300194,NA,NA,NA
Paleollanosaurus__wmm_z_trans,-0.011661639017984272,-0.003789110919929634,0.012233740673488503,NA,NA,NA
Paleollanosaurus__cmm_z_trans,0.013805646083783358,-0.006606053182153564,0.03164923009343286,NA,NA,NA
Paleollanosaurus__wmmcmm_z_trans,0.05998091154338908,-0.005211323816931455,0.01880538050178694,NA,NA,NA
Paleollanosaurus__wetmon_z_trans,0.1719716788548976,-0.00530033709197447,0.03324310117766853,NA,NA,NA
Paleollanosaurus__drymon_z_trans,0.02514848003978841,-0.0016089493697979476,0.007605944777708841,NA,NA,NA
Paleollanosaurus__wetdry_z_trans,0.14575473517645152,-0.003617708931293402,0.03822207172945804,NA,NA,NA
Paleollanosaurus__time,0.053113901783071925,-0.0010136610380622182,0.007865353654858387,NA,NA,NA
Paliguana__lat_range_z_trans,0.016973166492686896,0.002706421730107614,0.011220619834192634,3.984427303589182,1.7347667180001736,5.604935571551323
Paliguana__Temperate_N,0.024633216156812823,0.0028006381949333445,0.017495010259362242,NA,NA,NA
Paliguana__Tropical,0.012748423301107663,-0.001372136806859874,0.014007013542594544,NA,NA,NA
Paliguana__Temperate_S,-0.034163609848435056,-0.01431831766772818,-0.005054522532803623,NA,NA,NA
Paliguana__Antarctic,-0.002406370506639033,-0.001471815031689878,0.000629759933485889,NA,NA,NA
Paliguana__mat_z_trans,0.012424698826805846,-0.011679482121020109,0.027336552362148797,NA,NA,NA
Paliguana__map_z_trans,0.03098998880433955,-0.0012772453050816457,0.02850236626344621,NA,NA,NA
Paliguana__wmm_z_trans,0.021627380884100978,-0.004278216550447577,0.021486746991594245,NA,NA,NA
Paliguana__cmm_z_trans,0.03336048843765941,-0.006344132528005539,0.03382814893699924,NA,NA,NA
Paliguana__wmmcmm_z_trans,0.01767252371805304,-0.004362041650957921,0.02154551150188994,NA,NA,NA
Paliguana__wetmon_z_trans,0.00021211649925689428,-0.008312112842896334,0.016361591540156734,NA,NA,NA
Paliguana__drymon_z_trans,0.0038864034814902,-0.0014336314546575224,0.0072176520966934525,NA,NA,NA
Paliguana__wetdry_z_trans,0.0010680294895589538,-0.008641541052824846,0.02036140818530629,NA,NA,NA
Paliguana__time,-0.003274574360889334,-0.0032472959921848146,0.00444889750506891,NA,NA,NA
Pamelaria__lat_range_z_trans,0.02637321013525726,0.0013783779581227678,0.010586582198577301,2.2063764368902774,0.1974657829850912,5.604935571551323
Pamelaria__Temperate_N,0.03721685428989143,0.0010171910799729423,0.01895474199752814,NA,NA,NA
Pamelaria__Tropical,0.02473737382362703,-0.0006023714184654413,0.012335260669113472,NA,NA,NA
Pamelaria__Temperate_S,-0.06373203437512633,-0.01397773636415765,-0.005590714727776487,NA,NA,NA
Pamelaria__Antarctic,0.00041473299413391626,-0.0011914780319369324,0.0027791966685493407,NA,NA,NA
Pamelaria__mat_z_trans,0.011924932832928723,-0.009454888061319784,0.025084922227615773,NA,NA,NA
Pamelaria__map_z_trans,0.048255820539358736,-0.0020588429958684515,0.026250022551872646,NA,NA,NA
Pamelaria__wmm_z_trans,0.03181074907519968,-0.0034633435085077656,0.023766097010805468,NA,NA,NA
Pamelaria__cmm_z_trans,0.02797006164708481,-0.0048511177811981845,0.02931194619046367,NA,NA,NA
Pamelaria__wmmcmm_z_trans,0.014748793673468324,-0.0041566722579733624,0.021848147552415622,NA,NA,NA
Pamelaria__wetmon_z_trans,-0.01556675376334113,-0.010549798985003,0.018097256506378563,NA,NA,NA
Pamelaria__drymon_z_trans,0.005303268013659498,-0.0013382956232123103,0.006073126090900176,NA,NA,NA
Pamelaria__wetdry_z_trans,-0.01318869198821568,-0.009884704817150727,0.02496932749842213,NA,NA,NA
Pamelaria__time,-0.0005164355220174637,-0.0020972282726153795,0.004920843985269688,NA,NA,NA
Pamelina__lat_range_z_trans,0.024344521823567264,0.0022231815741524824,0.012106487994420486,2.749767784093856,1.3374657034873962,4.053047463297844
Pamelina__Temperate_N,-0.05660549698307512,-0.013078739251520328,-0.007254248088166335,NA,NA,NA
Pamelina__Tropical,0.0159045582151902,-0.0014487231337656605,0.013957471862304654,NA,NA,NA
Pamelina__Temperate_S,0.03524352030694688,0.0014292441890764414,0.017147457187535523,NA,NA,NA
Pamelina__Antarctic,0.000457357063827579,-0.0005820665203471682,0.0018876174643091058,NA,NA,NA
Pamelina__mat_z_trans,0.001323351491788247,-0.010972926299893849,0.023800870506931682,NA,NA,NA
Pamelina__map_z_trans,0.04060802203655958,-0.0023699625370936198,0.029104120137498395,NA,NA,NA
Pamelina__wmm_z_trans,0.023299667519177062,-0.005885292628328219,0.019986362038454664,NA,NA,NA
Pamelina__cmm_z_trans,0.03722695975899567,-0.005881737575532199,0.03725083419802262,NA,NA,NA
Pamelina__wmmcmm_z_trans,0.018915838740673898,-0.004786313555263608,0.020562587982969723,NA,NA,NA
Pamelina__wetmon_z_trans,-0.004134930236100997,-0.007335341218991348,0.01734124742425818,NA,NA,NA
Pamelina__drymon_z_trans,0.005194794341611222,-0.0015413191426014278,0.0066592392788425835,NA,NA,NA
Pamelina__wetdry_z_trans,-0.002266384842077163,-0.008531818776016754,0.021046120774119596,NA,NA,NA
Pamelina__time,-0.003759897861175433,-0.0024690942031880226,0.005790587658634638,NA,NA,NA
Pampadromaeus__lat_range_z_trans,-0.582958770096302,-0.008334728948551605,-0.016288251167208525,0.15289019919291605,0.009248672518879175,0.38091355189681053
Pampadromaeus__Temperate_N,0.3356423590146005,0.0006828942819676516,0.025353433324774844,NA,NA,NA
Pampadromaeus__Tropical,0.2365057815471664,0.00032237420708676966,0.02278054608441877,NA,NA,NA
Pampadromaeus__Temperate_S,-0.4962644624803215,-0.013240064678332145,-0.0005192950925167059,NA,NA,NA
Pampadromaeus__Antarctic,0.052943011880852285,-9.816042432739116e-05,0.0048426808494213295,NA,NA,NA
Pampadromaeus__mat_z_trans,0.10453740480123087,-0.002891770206057671,0.02225732928188136,NA,NA,NA
Pampadromaeus__map_z_trans,-0.06084036038257182,-0.008737828518803283,0.02595603071983402,NA,NA,NA
Pampadromaeus__wmm_z_trans,0.0003414447931572795,-0.004739441367048947,0.012693189164278609,NA,NA,NA
Pampadromaeus__cmm_z_trans,0.07330227854079567,-0.0051803732489444955,0.021324036357306494,NA,NA,NA
Pampadromaeus__wmmcmm_z_trans,0.0630578039388638,-0.00241642681546654,0.017516862815163535,NA,NA,NA
Pampadromaeus__wetmon_z_trans,0.13981254591373726,-0.004818106462908103,0.03585324302334519,NA,NA,NA
Pampadromaeus__drymon_z_trans,0.03778106415935326,-0.0014687134407371377,0.008420582370977953,NA,NA,NA
Pampadromaeus__wetdry_z_trans,-0.0240271426923573,-0.010092654015860378,0.03043268294686544,NA,NA,NA
Pampadromaeus__time,0.08089247886324301,-0.00021790944133000232,0.008763685741593193,NA,NA,NA
Panguraptor__lat_range_z_trans,0.052008048647578124,0.001600046939548955,0.01103860584501337,0.9737578368904292,0.5875700861215591,1.493650644668378
Panguraptor__Temperate_N,-0.060232918251690325,-0.007743521963472137,0.003066695873745197,NA,NA,NA
Panguraptor__Tropical,0.056052588981120775,-0.00022362769338098466,0.015787396548580225,NA,NA,NA
Panguraptor__Temperate_S,0.08117975052363641,0.0010672847753290342,0.02207782787148731,NA,NA,NA
Panguraptor__Antarctic,0.007640611907977656,-0.0002387955505999956,0.002326936170115365,NA,NA,NA
Panguraptor__mat_z_trans,0.02765376578944285,-0.007236791976485637,0.0364515448948866,NA,NA,NA
Panguraptor__map_z_trans,-0.045459458531644195,-0.00722612593755886,0.0046062139042316675,NA,NA,NA
Panguraptor__wmm_z_trans,-0.08977859072642168,-0.014519582494263349,0.022959471914489694,NA,NA,NA
Panguraptor__cmm_z_trans,-0.02554188141387235,-0.006053296454290933,0.012660942421912284,NA,NA,NA
Panguraptor__wmmcmm_z_trans,0.026924597864521026,-0.002645029701512954,0.01517578733304896,NA,NA,NA
Panguraptor__wetmon_z_trans,0.035611545357091406,-0.005471860993666339,0.02259565248268629,NA,NA,NA
Panguraptor__drymon_z_trans,0.0076036272432171235,-0.0005644683248369545,0.003642209916054854,NA,NA,NA
Panguraptor__wetdry_z_trans,0.036779570324938136,-0.00578152823514714,0.02520561705798649,NA,NA,NA
Panguraptor__time,0.025310623660013885,-0.006193611468975981,0.02179185418589719,NA,NA,NA
Panphagia__lat_range_z_trans,0.062341382816249076,0.002090288370092843,0.014145816553141623,0.9270537118933863,0.49624259024858475,1.3613374028354883
Panphagia__Temperate_N,0.0904700652859439,0.0012644663856577754,0.02682898597732705,NA,NA,NA
Panphagia__Tropical,0.07370814630988015,0.0008766440693230898,0.022902981219060974,NA,NA,NA
Panphagia__Temperate_S,-0.14091078178350777,-0.016482332104378338,-0.002124364893618846,NA,NA,NA
Panphagia__Antarctic,0.012484248066182126,7.12581407216774e-05,0.004061434095033157,NA,NA,NA
Panphagia__mat_z_trans,0.0217086605471136,-0.005835657282121482,0.024357600688061306,NA,NA,NA
Panphagia__map_z_trans,-0.06903886692279379,-0.011201804592945312,0.008227091168285848,NA,NA,NA
Panphagia__wmm_z_trans,-0.03423679896637371,-0.008320953516033762,0.01155881518364206,NA,NA,NA
Panphagia__cmm_z_trans,-0.017219719299542306,-0.007548880856712855,0.013598945785206533,NA,NA,NA
Panphagia__wmmcmm_z_trans,-0.0003348226073539167,-0.003206340702540851,0.008806458053422232,NA,NA,NA
Panphagia__wetmon_z_trans,0.05505985360167753,-0.003764315460947201,0.03065811615379473,NA,NA,NA
Panphagia__drymon_z_trans,0.006408047431517702,-0.0024066775465742757,0.011026147198705807,NA,NA,NA
Panphagia__wetdry_z_trans,0.053455734882165706,-0.005993874410713015,0.03585667904126023,NA,NA,NA
Panphagia__time,0.02185673201475055,-0.0007727295721415686,0.009482050196812796,NA,NA,NA
Pantydraco__lat_range_z_trans,0.30010117202997205,0.0016643088806259998,0.014269356482749048,0.35465689082557217,0.2001250460743904,0.506915807723999
Pantydraco__Temperate_N,-0.8070913986954839,-0.01370617237537535,0.0018061516247413114,NA,NA,NA
Pantydraco__Tropical,0.3557259630598128,0.0008369783318716452,0.02363953118536236,NA,NA,NA
Pantydraco__Temperate_S,0.49255414051469415,0.0011887944328062073,0.027679947284314717,NA,NA,NA
Pantydraco__Antarctic,0.09346333759836853,0.00026046875707048283,0.005257126990910715,NA,NA,NA
Pantydraco__mat_z_trans,0.011738370881503216,-0.004947808252863148,0.020641891054767828,NA,NA,NA
Pantydraco__map_z_trans,-0.4887484569102526,-0.0114132062105242,0.012204165679954514,NA,NA,NA
Pantydraco__wmm_z_trans,-0.1701587086985819,-0.007325350223181213,0.017183822513848125,NA,NA,NA
Pantydraco__cmm_z_trans,-0.15197547889780252,-0.007619845850564568,0.010235209297563158,NA,NA,NA
Pantydraco__wmmcmm_z_trans,-0.03156872505263891,-0.003977146144869663,0.008362453610087398,NA,NA,NA
Pantydraco__wetmon_z_trans,0.20831332032568753,-0.005017196804094432,0.0284528569346916,NA,NA,NA
Pantydraco__drymon_z_trans,0.039502799464389685,-0.00199353757882305,0.009177513576191183,NA,NA,NA
Pantydraco__wetdry_z_trans,0.15433189529925584,-0.008706047163707696,0.032954812874962894,NA,NA,NA
Pantydraco__time,0.11514111933764071,-0.00047514887768429265,0.0075219173099906325,NA,NA,NA
Pappochelys__lat_range_z_trans,0.08129348596321366,0.0022759193189632898,0.018803310013432255,0.8396704190783203,0.3653787113726139,1.4592536193376873
Pappochelys__Temperate_N,-0.24012608332078417,-0.020588418068909726,-0.007520842794851114,NA,NA,NA
Pappochelys__Tropical,0.08952399480431632,0.0004637481374428497,0.025307935685861014,NA,NA,NA
Pappochelys__Temperate_S,0.13464238070771467,0.0023643029060378064,0.03202721737572849,NA,NA,NA
Pappochelys__Antarctic,0.01982375084590123,0.00010009208724982167,0.005523931366643527,NA,NA,NA
Pappochelys__mat_z_trans,-0.00926423789799306,-0.008061796674329776,0.021131610946178315,NA,NA,NA
Pappochelys__map_z_trans,-0.00063085638422472,-0.0033285237062212186,0.011733491150628978,NA,NA,NA
Pappochelys__wmm_z_trans,0.008243899866703182,-0.0023991993913397183,0.012740903133247694,NA,NA,NA
Pappochelys__cmm_z_trans,0.04800310024052762,-0.006015413839864038,0.028519609254663653,NA,NA,NA
Pappochelys__wmmcmm_z_trans,0.03348875888056811,-0.006741963286862001,0.021726844034866744,NA,NA,NA
Pappochelys__wetmon_z_trans,-0.026443968366693032,-0.00827361166259612,0.015209242696643279,NA,NA,NA
Pappochelys__drymon_z_trans,0.00729590552404699,-0.0021743788932521075,0.009149491923135715,NA,NA,NA
Pappochelys__wetdry_z_trans,-0.028736850610767233,-0.00828060211656617,0.017663370418809582,NA,NA,NA
Pappochelys__time,0.018638601123379266,-0.0005710638890661709,0.007370641215147382,NA,NA,NA
Parahupehsuchus__lat_range_z_trans,0.012730703005909541,0.004163478481556319,0.010892022222945165,5.880478940707398,3.544663578271866,8.52806905284524
Parahupehsuchus__Temperate_N,0.017517468837028538,0.0016684534356277588,0.016539605432172727,NA,NA,NA
Parahupehsuchus__Tropical,-0.010612277479211004,-0.01528935802988786,0.004565505051356067,NA,NA,NA
Parahupehsuchus__Temperate_S,0.018649338071183123,0.0033817325697516366,0.01586514244991249,NA,NA,NA
Parahupehsuchus__Antarctic,-0.0027948927491432836,-0.0028460467316434247,-0.00022796445451250767,NA,NA,NA
Parahupehsuchus__mat_z_trans,0.014611472775062346,-0.009630778026566662,0.028314977109934043,NA,NA,NA
Parahupehsuchus__map_z_trans,0.022852608076509316,-0.0037615005775602046,0.028326754582157908,NA,NA,NA
Parahupehsuchus__wmm_z_trans,0.014651671406627223,-0.0035997547594641176,0.023635151075564582,NA,NA,NA
Parahupehsuchus__cmm_z_trans,0.028620539011208892,-0.00571101707412056,0.03409073116808028,NA,NA,NA
Parahupehsuchus__wmmcmm_z_trans,0.015369358827044032,-0.0033991167734887806,0.02084416042176704,NA,NA,NA
Parahupehsuchus__wetmon_z_trans,0.0022263675617674936,-0.009396904534149332,0.01398278588023374,NA,NA,NA
Parahupehsuchus__drymon_z_trans,0.001080112835368019,-0.0028057825070986267,0.0031021591949768777,NA,NA,NA
Parahupehsuchus__wetdry_z_trans,0.0031433281781250775,-0.009644070638772193,0.0183056166719582,NA,NA,NA
Parahupehsuchus__time,-0.0022939169815704833,-0.004360243913497231,0.0011501096135889057,NA,NA,NA
Parasaurus__lat_range_z_trans,-0.34515701336087656,-0.003172299918915748,-0.003461044488036982,0.2451441973456167,0.03531163930892944,0.3109070744831115
Parasaurus__Temperate_N,-0.5867226464580745,-0.008122678132438891,0.0025313014933392892,NA,NA,NA
Parasaurus__Tropical,0.22444473377458052,-0.0005610757809834495,0.011873627613255517,NA,NA,NA
Parasaurus__Temperate_S,0.414713685028255,0.0007968382969634433,0.015164164350667954,NA,NA,NA
Parasaurus__Antarctic,0.06744390968582593,-0.00018607754629423024,0.00269403500475156,NA,NA,NA
Parasaurus__mat_z_trans,-0.7816759241279214,-0.01616064630213377,0.02519127245374572,NA,NA,NA
Parasaurus__map_z_trans,0.24078224007971585,-0.001118115617294992,0.014884740483872519,NA,NA,NA
Parasaurus__wmm_z_trans,0.4096503777045291,-0.006369215778785942,0.03719438698396024,NA,NA,NA
Parasaurus__cmm_z_trans,0.21540703590842894,-0.0070414324994263,0.03824915331987895,NA,NA,NA
Parasaurus__wmmcmm_z_trans,0.08315762819722294,-0.006834305606546848,0.029802786697906508,NA,NA,NA
Parasaurus__wetmon_z_trans,0.032929867146885956,-0.0018733328177186217,0.00891844807281131,NA,NA,NA
Parasaurus__drymon_z_trans,0.134776301990496,-0.0031217747059447943,0.01706003081498983,NA,NA,NA
Parasaurus__wetdry_z_trans,-0.08583547702175565,-0.006063854638490708,0.012255612457975665,NA,NA,NA
Parasaurus__time,0.01441647165451286,-0.0014029380313024327,0.007028241161017434,NA,NA,NA
Parasuchus__lat_range_z_trans,-0.7738590952754021,-0.023073791473719955,-0.016131598900214837,0.17759171130140203,0.012133238837122917,0.3507255893200636
Parasuchus__Temperate_N,-0.19996002092957496,-0.00569030313314315,-0.0009027257156078143,NA,NA,NA
Parasuchus__Tropical,-0.13199154324363918,-0.0043847906172910294,0.007450623633919169,NA,NA,NA
Parasuchus__Temperate_S,-0.2473264142125845,-0.006218473177615352,-0.002953455794466919,NA,NA,NA
Parasuchus__Antarctic,0.0204826111554803,-0.00037351196955863117,0.002409358947187944,NA,NA,NA
Parasuchus__mat_z_trans,0.16063052636105568,-0.0037025382000373586,0.04218947066224578,NA,NA,NA
Parasuchus__map_z_trans,0.2962330265622586,-0.0015097988667499352,0.032010901039609005,NA,NA,NA
Parasuchus__wmm_z_trans,0.2328215060592629,-0.001365662297712999,0.027824996257167858,NA,NA,NA
Parasuchus__cmm_z_trans,0.3914181099878624,-0.003768363361550496,0.04497940076598814,NA,NA,NA
Parasuchus__wmmcmm_z_trans,0.19385427375789732,-0.0020894649842771364,0.02447544864008229,NA,NA,NA
Parasuchus__wetmon_z_trans,0.0048995006288168955,-0.004313779412668527,0.016755626046419655,NA,NA,NA
Parasuchus__drymon_z_trans,0.053698921600880564,-0.0006824912319715094,0.007995864356214487,NA,NA,NA
Parasuchus__wetdry_z_trans,-0.00546370237134397,-0.003474299723936729,0.026411856581593795,NA,NA,NA
Parasuchus__time,0.026066960368771108,-0.0005836406290804727,0.006870989899996949,NA,NA,NA
Paratypothorax__lat_range_z_trans,-0.5181295618414878,-0.014538321802467113,-0.019208294399452944,0.08312877930795366,0.0012443345040082932,0.1751642320305109
Paratypothorax__Temperate_N,-0.16025235302746296,-0.0062742361523424025,-0.0010882608793675826,NA,NA,NA
Paratypothorax__Tropical,-0.12118032441474497,-0.006117798988400366,0.003826698032632182,NA,NA,NA
Paratypothorax__Temperate_S,0.3146134451404214,0.002025945065046496,0.030426851002413515,NA,NA,NA
Paratypothorax__Antarctic,0.03359844980179332,-0.0001009764003414574,0.004316194223814451,NA,NA,NA
Paratypothorax__mat_z_trans,0.09152149666100741,-0.003999174251441885,0.03137359375645152,NA,NA,NA
Paratypothorax__map_z_trans,-0.16074625932145864,-0.007856776127278637,0.016645199537816163,NA,NA,NA
Paratypothorax__wmm_z_trans,-0.03856653205351904,-0.004229535914308083,0.016659190320669745,NA,NA,NA
Paratypothorax__cmm_z_trans,-0.030931458524646585,-0.006011575976372274,0.01900229598919261,NA,NA,NA
Paratypothorax__wmmcmm_z_trans,0.02882660788251087,-0.0019591839747728833,0.016164135529830394,NA,NA,NA
Paratypothorax__wetmon_z_trans,0.19882953397464007,-0.003965657746085582,0.04064258949930978,NA,NA,NA
Paratypothorax__drymon_z_trans,0.026993713676929473,-0.0012530246444715572,0.010364118981636186,NA,NA,NA
Paratypothorax__wetdry_z_trans,0.18370348759694025,-0.006297902182044159,0.04134329500048056,NA,NA,NA
Paratypothorax__time,0.06555398314492777,-0.0006526899840333753,0.00891914982470892,NA,NA,NA
Pareiasaurus__lat_range_z_trans,-1.0597655704617501,-0.017805386011220524,-0.012620087283933809,0.27230667967000044,0.012159950099885464,0.6778781954199076
Pareiasaurus__Temperate_N,0.26479716702364386,0.0007015486992356941,0.017195872368645754,NA,NA,NA
Pareiasaurus__Tropical,0.17468026482965798,-0.0004278905314855742,0.012293611021987899,NA,NA,NA
Pareiasaurus__Temperate_S,-0.25245559100061654,-0.004716689428206611,-0.0005949090049818627,NA,NA,NA
Pareiasaurus__Antarctic,0.013975180059205741,-0.000525429005624022,0.0026625489956701304,NA,NA,NA
Pareiasaurus__mat_z_trans,0.0462211375462357,-0.010672306998050872,0.021793815817525878,NA,NA,NA
Pareiasaurus__map_z_trans,0.16285007203929125,-0.0017449424327009061,0.018794429527424616,NA,NA,NA
Pareiasaurus__wmm_z_trans,0.4279959246469662,-0.005687594080341228,0.0408626758135548,NA,NA,NA
Pareiasaurus__cmm_z_trans,0.11112211221829056,-0.0046005360398929844,0.038017999160046494,NA,NA,NA
Pareiasaurus__wmmcmm_z_trans,0.006051805876195431,-0.005773557584598015,0.023732458253359495,NA,NA,NA
Pareiasaurus__wetmon_z_trans,0.07589617920515593,-0.0011689912338652092,0.011875714262632623,NA,NA,NA
Pareiasaurus__drymon_z_trans,0.12393496489967219,-0.0026255786566322043,0.02372619329379112,NA,NA,NA
Pareiasaurus__wetdry_z_trans,0.01748911336704623,-0.003775994961197662,0.01255596930493023,NA,NA,NA
Pareiasaurus__time,0.009703660919331013,-0.00240756081473316,0.009090464889482126,NA,NA,NA
Pareiasuchus__lat_range_z_trans,-0.9486705243587494,-0.01590964917992746,-0.013427377941708007,0.2674446347266348,0.04746372438967228,0.6209859335795045
Pareiasuchus__Temperate_N,0.24805791086517273,0.0004306170960249036,0.014284968781820121,NA,NA,NA
Pareiasuchus__Tropical,0.1541426297626458,-8.382612680944076e-05,0.011729368954103491,NA,NA,NA
Pareiasuchus__Temperate_S,-0.27157590894028544,-0.005015033325694881,0.0006919263171746602,NA,NA,NA
Pareiasuchus__Antarctic,0.004390911266673356,-0.0007711527963954277,0.0019672461985541746,NA,NA,NA
Pareiasuchus__mat_z_trans,-0.013880332235712558,-0.012940099837023825,0.04299950751619406,NA,NA,NA
Pareiasuchus__map_z_trans,0.1398904717573896,-0.0013592083527005042,0.01562677887369039,NA,NA,NA
Pareiasuchus__wmm_z_trans,0.46286349155008794,-0.0068125329301424765,0.04388354807193125,NA,NA,NA
Pareiasuchus__cmm_z_trans,0.11555605417117476,-0.004901575572355255,0.033836677610899604,NA,NA,NA
Pareiasuchus__wmmcmm_z_trans,0.049778575135642315,-0.00522215668487707,0.01855939212277393,NA,NA,NA
Pareiasuchus__wetmon_z_trans,0.0660870082967449,-0.0006799303723600391,0.011106371256335939,NA,NA,NA
Pareiasuchus__drymon_z_trans,0.10778164951945655,-0.002929950725683275,0.01966832981781517,NA,NA,NA
Pareiasuchus__wetdry_z_trans,0.013556679682224057,-0.0024844245575094326,0.010740121413775948,NA,NA,NA
Pareiasuchus__time,-0.0007832082128152252,-0.0025519857138590917,0.00771989742677476,NA,NA,NA
Parringtonia__lat_range_z_trans,0.32010573014616966,0.0015530759377108665,0.013006069103871408,0.32065173487353604,0.16784697957336903,0.5193379186093807
Parringtonia__Temperate_N,0.4357322550192475,0.0008105531629547742,0.02377396903734154,NA,NA,NA
Parringtonia__Tropical,0.35414281843055506,-6.716164722322677e-05,0.016618433204838277,NA,NA,NA
Parringtonia__Temperate_S,-1.0064038080256432,-0.015875093000497248,-0.002590639594537228,NA,NA,NA
Parringtonia__Antarctic,0.09061185055412352,0.00032146338359372733,0.004616898245277552,NA,NA,NA
Parringtonia__mat_z_trans,-0.04719138696789742,-0.005433605502583831,0.01384386253978224,NA,NA,NA
Parringtonia__map_z_trans,0.5742179037025198,-0.0024122933135037857,0.03974036315217893,NA,NA,NA
Parringtonia__wmm_z_trans,0.3038419915625127,-0.002474573949480524,0.023145408714106513,NA,NA,NA
Parringtonia__cmm_z_trans,-0.02596815086028073,-0.0034180634138206933,0.011132784607752485,NA,NA,NA
Parringtonia__wmmcmm_z_trans,-0.11673180031590163,-0.004243238968374355,0.00803794629290384,NA,NA,NA
Parringtonia__wetmon_z_trans,-0.48442604310810566,-0.013379103013382646,0.027877182946919685,NA,NA,NA
Parringtonia__drymon_z_trans,0.053590601575560864,-0.0007866976273759101,0.0053420452598247035,NA,NA,NA
Parringtonia__wetdry_z_trans,-0.44665119900368155,-0.01528028959763626,0.02890118478064099,NA,NA,NA
Parringtonia__time,0.08309437423595227,-0.0005458815296941656,0.005941248129234561,NA,NA,NA
Parvosuchus__lat_range_z_trans,0.3471415178477764,0.001575637624453909,0.017440110617820775,0.3580378783517517,0.2022004220634699,0.5372345931828022
Parvosuchus__Temperate_N,0.5020629107300192,0.0010762454466760542,0.03129994673045466,NA,NA,NA
Parvosuchus__Tropical,0.3402310596359894,-0.00029848073608148185,0.02319437992987829,NA,NA,NA
Parvosuchus__Temperate_S,-1.2367874612379819,-0.01889250979072802,-0.010749284884303292,NA,NA,NA
Parvosuchus__Antarctic,0.10621455505490303,0.0003941992269466166,0.005844317727881984,NA,NA,NA
Parvosuchus__mat_z_trans,-0.007304094219580293,-0.007153365483091426,0.020930243924339665,NA,NA,NA
Parvosuchus__map_z_trans,0.022403211491182448,-0.0036552275676396653,0.020442355473070335,NA,NA,NA
Parvosuchus__wmm_z_trans,0.02132761722081341,-0.003981593852817341,0.00945099268469774,NA,NA,NA
Parvosuchus__cmm_z_trans,0.16903864741325378,-0.0031689975417921916,0.026001564320402588,NA,NA,NA
Parvosuchus__wmmcmm_z_trans,0.11218814981169999,-0.0057892711401552185,0.023187328433769624,NA,NA,NA
Parvosuchus__wetmon_z_trans,-0.16779463681101334,-0.008861092882272905,0.019251591123835687,NA,NA,NA
Parvosuchus__drymon_z_trans,0.026724761508521624,-0.002003024602243161,0.008886606911872664,NA,NA,NA
Parvosuchus__wetdry_z_trans,-0.23031903029419482,-0.010460073702536501,0.015242847580142695,NA,NA,NA
Parvosuchus__time,0.104338784115389,-1.3354078031943765e-05,0.00896375584627209,NA,NA,NA
Pectodens__lat_range_z_trans,0.23357240827866432,0.0013245675883713647,0.013355053419215482,0.43986338202521436,0.09145106002688408,0.7499300688505173
Pectodens__Temperate_N,0.3229044004741282,0.0008123524455950403,0.020098185248504638,NA,NA,NA
Pectodens__Tropical,-0.615085614916255,-0.014162832361083462,0.0029880537839348407,NA,NA,NA
Pectodens__Temperate_S,0.37336221755466353,0.001509479147054255,0.023985948940023934,NA,NA,NA
Pectodens__Antarctic,0.06392908254604912,6.454837196944546e-05,0.00475662318485253,NA,NA,NA
Pectodens__mat_z_trans,-0.03492932078717154,-0.0038844872293934277,0.011918413500762764,NA,NA,NA
Pectodens__map_z_trans,0.3976867276933789,-0.0025998010066420286,0.04188238592046954,NA,NA,NA
Pectodens__wmm_z_trans,0.19640167502926012,-0.002667803137693857,0.025783772840550345,NA,NA,NA
Pectodens__cmm_z_trans,-0.03211272091103354,-0.0037238809034676836,0.008315135436386031,NA,NA,NA
Pectodens__wmmcmm_z_trans,-0.12376595105712845,-0.005688937582417301,0.008076113834742792,NA,NA,NA
Pectodens__wetmon_z_trans,-0.3831538804823764,-0.015318173502876491,0.021161194679156493,NA,NA,NA
Pectodens__drymon_z_trans,0.04181365576036187,-0.0008189322390258908,0.005325651028968092,NA,NA,NA
Pectodens__wetdry_z_trans,-0.3496978746907266,-0.015211649499350565,0.025203288202058603,NA,NA,NA
Pectodens__time,0.04482707688409448,-0.0008653591703526742,0.006536936400509397,NA,NA,NA
Pelecymala__lat_range_z_trans,0.1711955540637437,0.0016518337129864367,0.014148207729228627,0.48583008567788055,0.21876524481922388,1.0426649488508701
Pelecymala__Temperate_N,-0.4643983206082736,-0.015196730435733455,-0.0030126725913572914,NA,NA,NA
Pelecymala__Tropical,0.19927820784400416,0.0008495305807413597,0.023623594957920536,NA,NA,NA
Pelecymala__Temperate_S,0.2779164589367622,0.0017665876156576772,0.03284599262001818,NA,NA,NA
Pelecymala__Antarctic,0.05003667442965771,0.00035877352531634007,0.005955479432879746,NA,NA,NA
Pelecymala__mat_z_trans,-0.011437036525567273,-0.005761644813954179,0.018589985294194852,NA,NA,NA
Pelecymala__map_z_trans,-0.22991672991448422,-0.0106711682586156,0.01198961464187751,NA,NA,NA
Pelecymala__wmm_z_trans,-0.07657908392923846,-0.006849087219047431,0.013100589896309784,NA,NA,NA
Pelecymala__cmm_z_trans,-0.03445625050014835,-0.007124435997757529,0.014399437807017513,NA,NA,NA
Pelecymala__wmmcmm_z_trans,0.007414742439097081,-0.004836953728727119,0.013805805669120463,NA,NA,NA
Pelecymala__wetmon_z_trans,0.08182666003219,-0.005484909958718711,0.027952651500605972,NA,NA,NA
Pelecymala__drymon_z_trans,0.023776232799307788,-0.0018639262746236542,0.009016171529846156,NA,NA,NA
Pelecymala__wetdry_z_trans,0.08194394084019341,-0.007682795241983605,0.029582217041547378,NA,NA,NA
Pelecymala__time,0.05915083146866473,-0.00038598258485380763,0.007389680890926065,NA,NA,NA
Pendraig__lat_range_z_trans,0.22977842222463424,0.0013275275890223652,0.013944175421384023,0.4126165856925945,0.19125919789075851,0.8845930825918913
Pendraig__Temperate_N,-0.6006989370669634,-0.013158743942668225,0.003467698653445346,NA,NA,NA
Pendraig__Tropical,0.2682927917780865,0.0007841871348040965,0.023407745686364424,NA,NA,NA
Pendraig__Temperate_S,0.3748257246755851,0.0014036874187194227,0.03116170349177996,NA,NA,NA
Pendraig__Antarctic,0.06860324241363483,9.41837670720602e-05,0.0050055720836177375,NA,NA,NA
Pendraig__mat_z_trans,-0.0014804307997672399,-0.00463573240742848,0.0201714877783562,NA,NA,NA
Pendraig__map_z_trans,-0.33000285975772864,-0.011839751534520965,0.007049740621217488,NA,NA,NA
Pendraig__wmm_z_trans,-0.11750440269268222,-0.00686331435857764,0.01679222436083283,NA,NA,NA
Pendraig__cmm_z_trans,-0.08979978847459931,-0.007139235100436826,0.012216414025786796,NA,NA,NA
Pendraig__wmmcmm_z_trans,0.008253875969933301,-0.003726293407223816,0.014408661471813166,NA,NA,NA
Pendraig__wetmon_z_trans,0.1274756048671093,-0.007041349936775921,0.025045289712603933,NA,NA,NA
Pendraig__drymon_z_trans,0.02831181094094398,-0.0018339689138470751,0.008968369344003439,NA,NA,NA
Pendraig__wetdry_z_trans,0.08892608957775779,-0.008156925837626403,0.02942537723077197,NA,NA,NA
Pendraig__time,0.08077073771996461,-0.0004451795498258711,0.008322296538158188,NA,NA,NA
Pentaedrusaurus__lat_range_z_trans,0.0271784297881821,0.002062052877992908,0.010195087984619797,2.2911660989239317,1.0222631990909576,4.053047463297844
Pentaedrusaurus__Temperate_N,-0.05212668193620005,-0.013591785854562971,0.007155856911218421,NA,NA,NA
Pentaedrusaurus__Tropical,0.026453482887823343,0.00032178783525979517,0.013274627718246813,NA,NA,NA
Pentaedrusaurus__Temperate_S,0.04205504756485363,0.0022972378205348446,0.016526350945951094,NA,NA,NA
Pentaedrusaurus__Antarctic,0.0009761305323943716,-0.0006901931975303341,0.002009773770168012,NA,NA,NA
Pentaedrusaurus__mat_z_trans,0.002168635976798304,-0.00737834361909056,0.022509874727182442,NA,NA,NA
Pentaedrusaurus__map_z_trans,0.05372359081971143,-0.0026907284252865463,0.03045934137170237,NA,NA,NA
Pentaedrusaurus__wmm_z_trans,0.024624710664975284,-0.003638883064222812,0.020443637548862106,NA,NA,NA
Pentaedrusaurus__cmm_z_trans,0.0214703610276052,-0.003756003114191437,0.027573779048622175,NA,NA,NA
Pentaedrusaurus__wmmcmm_z_trans,0.007576545637839661,-0.005942927025841244,0.016862731988255785,NA,NA,NA
Pentaedrusaurus__wetmon_z_trans,-0.008966410626307703,-0.01254676165547661,0.018929221787227085,NA,NA,NA
Pentaedrusaurus__drymon_z_trans,0.00429450225684156,-0.0011167724557173148,0.005307672478971618,NA,NA,NA
Pentaedrusaurus__wetdry_z_trans,-0.012581590439936953,-0.012337591511613195,0.024511084608325302,NA,NA,NA
Pentaedrusaurus__time,-0.0010948727786713624,-0.0022219976895677994,0.0036277155307824845,NA,NA,NA
Permotriturus__lat_range_z_trans,0.16337389752617,0.000879062185948392,0.012702278936808887,0.5124291836676821,0.0806568544358015,1.2844088487327099
Permotriturus__Temperate_N,-0.42302950518311117,-0.01143634057975381,0.002749950560884566,NA,NA,NA
Permotriturus__Tropical,0.1931695788810709,0.0005205125080640146,0.018123788840203107,NA,NA,NA
Permotriturus__Temperate_S,0.2376315997608893,0.0007334622648451255,0.020803263760021045,NA,NA,NA
Permotriturus__Antarctic,0.04598154518155382,8.473952980752693e-05,0.004461242682372173,NA,NA,NA
Permotriturus__mat_z_trans,0.0010253313712943947,-0.0028003926621232114,0.009108272908335525,NA,NA,NA
Permotriturus__map_z_trans,0.04549210359178921,-0.0015353518661619925,0.009177887863183149,NA,NA,NA
Permotriturus__wmm_z_trans,0.23369824222225938,-0.00696662625526332,0.04484363116565446,NA,NA,NA
Permotriturus__cmm_z_trans,-0.1259634124932082,-0.006510337161026538,0.01076156399829256,NA,NA,NA
Permotriturus__wmmcmm_z_trans,-0.19240000110580052,-0.012427615419297676,0.027336908433716625,NA,NA,NA
Permotriturus__wetmon_z_trans,-0.006015684154721776,-0.0024528658558884394,0.009011023048613315,NA,NA,NA
Permotriturus__drymon_z_trans,0.07431396191705986,-0.007693370668674857,0.022527145736423476,NA,NA,NA
Permotriturus__wetdry_z_trans,-0.05752699972300148,-0.00473095209313125,0.01125072085348407,NA,NA,NA
Permotriturus__time,-0.053998776416334875,-0.006894833006657241,0.01652907763214253,NA,NA,NA
Peteinosaurus__lat_range_z_trans,0.2812470833957195,0.000894508741370925,0.009594299434837637,0.24681638270711118,0.10492435918422416,0.3867389149963856
Peteinosaurus__Temperate_N,0.34131203342229127,-0.0003601345992501266,0.016083550048896014,NA,NA,NA
Peteinosaurus__Tropical,-0.42756559188710525,-0.007638427881791042,0.0007110487125420173,NA,NA,NA
Peteinosaurus__Temperate_S,0.4524687447817996,0.0006773294126949065,0.017237660800892417,NA,NA,NA
Peteinosaurus__Antarctic,0.08163215129636228,5.5998618073066436e-05,0.0033076315693229565,NA,NA,NA
Peteinosaurus__mat_z_trans,0.07459833115339279,-0.009328268012990597,0.03432294202996426,NA,NA,NA
Peteinosaurus__map_z_trans,-0.43132367346435785,-0.007975997852136967,0.006218942740977787,NA,NA,NA
Peteinosaurus__wmm_z_trans,-0.25029552888590845,-0.006005383479880162,0.011240491983544099,NA,NA,NA
Peteinosaurus__cmm_z_trans,-0.5274935614102287,-0.010105625990720629,0.019935460400354515,NA,NA,NA
Peteinosaurus__wmmcmm_z_trans,-0.19761866730405017,-0.006485762932136028,0.02090676062392993,NA,NA,NA
Peteinosaurus__wetmon_z_trans,0.2224164980184287,-0.0042632818807330705,0.03062624222708309,NA,NA,NA
Peteinosaurus__drymon_z_trans,0.029272925964323803,-0.0016740012279980031,0.005443174390005457,NA,NA,NA
Peteinosaurus__wetdry_z_trans,0.22410630695521833,-0.006913322363083369,0.03295232149976096,NA,NA,NA
Peteinosaurus__time,0.15382113201463654,-0.0021085396307321826,0.010806229958024358,NA,NA,NA
Phaanthosaurus__lat_range_z_trans,-1.1504534327983855,-0.012279570764712481,-0.024755636256512743,0.28557303487556057,0.08723310753703117,0.5830051694065332
Phaanthosaurus__Temperate_N,-0.6446674318797886,-0.011773169494160692,-0.0008619948599265736,NA,NA,NA
Phaanthosaurus__Tropical,0.15850456167012453,-0.0019290498497465658,0.016739409145010587,NA,NA,NA
Phaanthosaurus__Temperate_S,0.42364975441247227,0.0005943649200876502,0.021430124813174748,NA,NA,NA
Phaanthosaurus__Antarctic,0.057755563149985395,1.900632655843499e-06,0.003793235948396916,NA,NA,NA
Phaanthosaurus__mat_z_trans,-0.026603475324809552,-0.010739316457682231,0.025793531955736977,NA,NA,NA
Phaanthosaurus__map_z_trans,0.38774442931637165,-0.0007944228578506321,0.029050434619455612,NA,NA,NA
Phaanthosaurus__wmm_z_trans,0.29927170095033945,-0.0015898431428455898,0.028825439838416962,NA,NA,NA
Phaanthosaurus__cmm_z_trans,0.45302321467665024,-0.003615516718368255,0.041278790197445944,NA,NA,NA
Phaanthosaurus__wmmcmm_z_trans,0.21718652527313678,-0.0019464748521839594,0.02320748718684211,NA,NA,NA
Phaanthosaurus__wetmon_z_trans,-0.11903976685134694,-0.007827526897512987,0.01488440340001676,NA,NA,NA
Phaanthosaurus__drymon_z_trans,0.09499725844943896,-0.0009481514517251663,0.006875614606166974,NA,NA,NA
Phaanthosaurus__wetdry_z_trans,-0.111001092219376,-0.007689955963330358,0.02430285251018659,NA,NA,NA
Phaanthosaurus__time,0.047858126237115356,-0.0006941761819378564,0.008823063315724616,NA,NA,NA
Phonodus__lat_range_z_trans,0.016973166492686896,0.002706421730107614,0.011220619834192634,3.984427303589182,1.7347667180001736,5.604935571551323
Phonodus__Temperate_N,0.024633216156812823,0.0028006381949333445,0.017495010259362242,NA,NA,NA
Phonodus__Tropical,0.012748423301107663,-0.001372136806859874,0.014007013542594544,NA,NA,NA
Phonodus__Temperate_S,-0.034163609848435056,-0.01431831766772818,-0.005054522532803623,NA,NA,NA
Phonodus__Antarctic,-0.002406370506639033,-0.001471815031689878,0.000629759933485889,NA,NA,NA
Phonodus__mat_z_trans,0.012424698826805846,-0.011679482121020109,0.027336552362148797,NA,NA,NA
Phonodus__map_z_trans,0.03098998880433955,-0.0012772453050816457,0.02850236626344621,NA,NA,NA
Phonodus__wmm_z_trans,0.021627380884100978,-0.004278216550447577,0.021486746991594245,NA,NA,NA
Phonodus__cmm_z_trans,0.03336048843765941,-0.006344132528005539,0.03382814893699924,NA,NA,NA
Phonodus__wmmcmm_z_trans,0.01767252371805304,-0.004362041650957921,0.02154551150188994,NA,NA,NA
Phonodus__wetmon_z_trans,0.00021211649925689428,-0.008312112842896334,0.016361591540156734,NA,NA,NA
Phonodus__drymon_z_trans,0.0038864034814902,-0.0014336314546575224,0.0072176520966934525,NA,NA,NA
Phonodus__wetdry_z_trans,0.0010680294895589538,-0.008641541052824846,0.02036140818530629,NA,NA,NA
Phonodus__time,-0.003274574360889334,-0.0032472959921848146,0.00444889750506891,NA,NA,NA
Pinheirochampsa__lat_range_z_trans,0.34580680340528486,0.0018184306473657558,0.01703872157364537,0.351618153587915,0.1917789950966835,0.5347929447889328
Pinheirochampsa__Temperate_N,0.4999787996057421,0.0011399204453839806,0.030579569665412386,NA,NA,NA
Pinheirochampsa__Tropical,0.3392808459466323,0.0008491345201192516,0.02685858475013961,NA,NA,NA
Pinheirochampsa__Temperate_S,-1.231466658161953,-0.020254622707836435,-0.010501887073599569,NA,NA,NA
Pinheirochampsa__Antarctic,0.1052439172193408,0.0004175216348081446,0.005512040927972871,NA,NA,NA
Pinheirochampsa__mat_z_trans,0.00025292656384408475,-0.007228748383399753,0.02044852848186052,NA,NA,NA
Pinheirochampsa__map_z_trans,0.001752884068991989,-0.004021092235517572,0.01240434511915206,NA,NA,NA
Pinheirochampsa__wmm_z_trans,0.026175351456040517,-0.0038641521948380225,0.009233475433612002,NA,NA,NA
Pinheirochampsa__cmm_z_trans,0.15877123229205609,-0.0039198495219054715,0.026273612982478416,NA,NA,NA
Pinheirochampsa__wmmcmm_z_trans,0.12029221648350358,-0.00542816281580579,0.025260781223153974,NA,NA,NA
Pinheirochampsa__wetmon_z_trans,-0.1807516284537269,-0.009702016040354297,0.01839842350130196,NA,NA,NA
Pinheirochampsa__drymon_z_trans,0.022427307081525214,-0.0022132872414058853,0.008354471045390527,NA,NA,NA
Pinheirochampsa__wetdry_z_trans,-0.20772939142771066,-0.00880984102706,0.02147047916328546,NA,NA,NA
Pinheirochampsa__time,0.10353630534373223,-1.4144158867180516e-05,0.00805560962632993,NA,NA,NA
Pintosaurus__lat_range_z_trans,0.042103372340094154,0.0011978828459798955,0.010123337001294247,1.4908786604378839,0.36534002237021923,3.9784853011369705
Pintosaurus__Temperate_N,0.0584765918097555,0.0009978534163501249,0.014438609332704083,NA,NA,NA
Pintosaurus__Tropical,0.031001731585292278,-0.001163380194286953,0.010544326012368451,NA,NA,NA
Pintosaurus__Temperate_S,-0.09634303649540539,-0.008157218150779893,-0.001727016949217207,NA,NA,NA
Pintosaurus__Antarctic,0.005740386349981766,-0.00048606942649859566,0.0028927189412819225,NA,NA,NA
Pintosaurus__mat_z_trans,-0.03662141787365215,-0.010872167200048268,0.028210225183888545,NA,NA,NA
Pintosaurus__map_z_trans,0.02312689866131505,-0.0013026485523627502,0.0166718087516154,NA,NA,NA
Pintosaurus__wmm_z_trans,0.011489353998582684,-0.0022365114297515057,0.013560322264177667,NA,NA,NA
Pintosaurus__cmm_z_trans,0.06967368231762994,-0.010511194885905113,0.03554417346089523,NA,NA,NA
Pintosaurus__wmmcmm_z_trans,0.03727204445611047,-0.008704670034119389,0.03120166800396117,NA,NA,NA
Pintosaurus__wetmon_z_trans,-0.00012683851049590398,-0.004345300234177505,0.00808459235976156,NA,NA,NA
Pintosaurus__drymon_z_trans,0.005073163844942172,-0.008515622739769618,0.02174951027671739,NA,NA,NA
Pintosaurus__wetdry_z_trans,-0.010869785855588324,-0.005126965333297895,0.021118571994665943,NA,NA,NA
Pintosaurus__time,-0.004244265252653385,-0.00200489716064581,0.0069739097860210915,NA,NA,NA
Pisanosaurus__lat_range_z_trans,0.06634550904596713,0.0020776312824714845,0.014089276745503294,0.8956077785551315,0.4681917233392596,1.5238657761365175
Pisanosaurus__Temperate_N,0.09608290585784203,0.0012568098048402574,0.026097116242610643,NA,NA,NA
Pisanosaurus__Tropical,0.07704894554331883,0.0008713358252755596,0.022278209235387255,NA,NA,NA
Pisanosaurus__Temperate_S,-0.15541975816627832,-0.01638252849611342,0.0008024573463660316,NA,NA,NA
Pisanosaurus__Antarctic,0.01406741320948603,7.082665933195443e-05,0.004513041599369032,NA,NA,NA
Pisanosaurus__mat_z_trans,0.02608410813808534,-0.005800321284177451,0.023693148040877222,NA,NA,NA
Pisanosaurus__map_z_trans,-0.07022184123290771,-0.011133975567879286,0.00800266378829059,NA,NA,NA
Pisanosaurus__wmm_z_trans,-0.03346315380091087,-0.00827056858386241,0.01124350147744246,NA,NA,NA
Pisanosaurus__cmm_z_trans,-0.01775922524257431,-0.007503170969113772,0.013227979217455789,NA,NA,NA
Pisanosaurus__wmmcmm_z_trans,0.002321679714376537,-0.00257168005064002,0.010790276274766471,NA,NA,NA
Pisanosaurus__wetmon_z_trans,0.05302667757488541,-0.003973667370856455,0.02982179131634674,NA,NA,NA
Pisanosaurus__drymon_z_trans,0.0069160211985077515,-0.002392104663225174,0.01072536417872583,NA,NA,NA
Pisanosaurus__wetdry_z_trans,0.04780884357726606,-0.006711445115525419,0.03487854225294047,NA,NA,NA
Pisanosaurus__time,0.022913755958844925,-0.0007680505498391211,0.009223388704053672,NA,NA,NA
Planocephalosaurus__lat_range_z_trans,-0.4800764481324169,-0.015900322939289557,-0.01710379394839479,0.3001840932414052,0.022359853610396385,0.8398280085530132
Planocephalosaurus__Temperate_N,-0.18930200959529883,-0.009038237946812211,0.0010473965852006541,NA,NA,NA
Planocephalosaurus__Tropical,-0.11657083496061987,-0.008140359390560395,0.006025189099761218,NA,NA,NA
Planocephalosaurus__Temperate_S,0.29384313008637963,0.0019870550771388046,0.029373966495820053,NA,NA,NA
Planocephalosaurus__Antarctic,0.012752938541896009,-0.0006469446700696715,0.0032753095855167008,NA,NA,NA
Planocephalosaurus__mat_z_trans,0.11669011715592455,-0.0033545959859456564,0.026853212298705513,NA,NA,NA
Planocephalosaurus__map_z_trans,0.007391897097104778,-0.006922708365681488,0.019595908020027072,NA,NA,NA
Planocephalosaurus__wmm_z_trans,0.043231257273788584,-0.0031565513067261953,0.013219682604829306,NA,NA,NA
Planocephalosaurus__cmm_z_trans,0.15358876532608062,-0.0035387687567759933,0.03098708297117538,NA,NA,NA
Planocephalosaurus__wmmcmm_z_trans,0.12139282456312658,-0.0017010106757088497,0.02359572038542031,NA,NA,NA
Planocephalosaurus__wetmon_z_trans,0.06664760300507698,-0.00424512455753389,0.031535825596078065,NA,NA,NA
Planocephalosaurus__drymon_z_trans,0.016939845699518667,-0.0016116601633625331,0.006918568052643286,NA,NA,NA
Planocephalosaurus__wetdry_z_trans,0.05031462986118348,-0.004514459242952706,0.036286069180884596,NA,NA,NA
Planocephalosaurus__time,0.038908165454164666,-0.0004472201550329378,0.007776619492468142,NA,NA,NA
Plateosauravus__lat_range_z_trans,0.15559069479497048,0.001215463216181637,0.010559535822534619,0.47987661488470623,0.0655961912125349,1.058118922635913
Plateosauravus__Temperate_N,0.20910857352415615,0.00027324910653974386,0.019530522791763365,NA,NA,NA
Plateosauravus__Tropical,0.1776100545387573,0.0002256881129605634,0.01637966528063277,NA,NA,NA
Plateosauravus__Temperate_S,-0.3371960254208044,-0.01103307907916371,0.0006662225201612906,NA,NA,NA
Plateosauravus__Antarctic,0.040291959216141114,0.000182842068939595,0.00418433382112094,NA,NA,NA
Plateosauravus__mat_z_trans,0.054522631640102785,-0.005989167325183202,0.03207192931963448,NA,NA,NA
Plateosauravus__map_z_trans,-0.20517498820832422,-0.008766488162230197,0.006579868801398712,NA,NA,NA
Plateosauravus__wmm_z_trans,-0.07929491807773686,-0.005066098728762463,0.010615151164287375,NA,NA,NA
Plateosauravus__cmm_z_trans,-0.17609556622724531,-0.011280904363908063,0.01623266185424372,NA,NA,NA
Plateosauravus__wmmcmm_z_trans,-0.044633593939370234,-0.007591028870951616,0.02190161852985213,NA,NA,NA
Plateosauravus__wetmon_z_trans,0.13025126634224773,-0.005578697391875768,0.02878316419739939,NA,NA,NA
Plateosauravus__drymon_z_trans,0.02786843573978589,-0.0018711846802234927,0.006988554859111024,NA,NA,NA
Plateosauravus__wetdry_z_trans,0.12382719581229551,-0.005138094731408629,0.035606418972278245,NA,NA,NA
Plateosauravus__time,0.05907616164093293,-0.0008134082502276778,0.009287108485717456,NA,NA,NA
Plateosaurus__lat_range_z_trans,-0.5430554896593094,-0.016387642595266337,-0.019491799555478907,0.05077199433108035,0.0007137097418308258,0.12983844615519047
Plateosaurus__Temperate_N,-0.14710391011089086,-0.0054343864582647675,-0.0017778179680918039,NA,NA,NA
Plateosaurus__Tropical,0.18761703972122631,0.0004897727867053731,0.0237674384189252,NA,NA,NA
Plateosaurus__Temperate_S,-0.17138818447478116,-0.0056363976099185215,-0.002131042439020548,NA,NA,NA
Plateosaurus__Antarctic,0.03588926737313159,1.4401207030126595e-05,0.004685739979443144,NA,NA,NA
Plateosaurus__mat_z_trans,0.14390923982486128,-0.003939173600996979,0.03702722882078323,NA,NA,NA
Plateosaurus__map_z_trans,-0.14586281825089828,-0.0068365312338845245,0.009864795767352403,NA,NA,NA
Plateosaurus__wmm_z_trans,-0.01835129930404946,-0.0034227516241502214,0.015388834651200724,NA,NA,NA
Plateosaurus__cmm_z_trans,-0.01764939651009627,-0.005788315176847288,0.022076077340317024,NA,NA,NA
Plateosaurus__wmmcmm_z_trans,0.02825748211791506,-0.004306762323604823,0.017224670954755814,NA,NA,NA
Plateosaurus__wetmon_z_trans,0.21210581668186934,-0.0041498631738293296,0.04283009387003157,NA,NA,NA
Plateosaurus__drymon_z_trans,0.02920251903175085,-0.0008728749881556561,0.010302978022533802,NA,NA,NA
Plateosaurus__wetdry_z_trans,0.21458411371335387,-0.004612031556877197,0.04840562456480919,NA,NA,NA
Plateosaurus__time,0.07108672785543604,-0.0003483527312531344,0.011213933992574655,NA,NA,NA
Polesinesuchus__lat_range_z_trans,0.06401217880660313,0.002058280800766045,0.013801163295078325,0.913857647748082,0.4681917233392596,1.4532365929335356
Polesinesuchus__Temperate_N,0.09221704566010969,0.0008114452703896017,0.025789616474340388,NA,NA,NA
Polesinesuchus__Tropical,0.07499887396830196,0.0006546479321578617,0.022344965563559006,NA,NA,NA
Polesinesuchus__Temperate_S,-0.14819993875299553,-0.016229946168042304,0.000804861898069081,NA,NA,NA
Polesinesuchus__Antarctic,0.012906176251260304,7.01669994648629e-05,0.004199941011122172,NA,NA,NA
Polesinesuchus__mat_z_trans,0.019732627073362142,-0.005746298699976836,0.023764144212487206,NA,NA,NA
Polesinesuchus__map_z_trans,-0.06424442524005854,-0.011030276806528924,0.008026643653299251,NA,NA,NA
Polesinesuchus__wmm_z_trans,-0.03447475260921933,-0.008193538801231666,0.011277192465191847,NA,NA,NA
Polesinesuchus__cmm_z_trans,-0.013948932454025134,-0.0070831719073203535,0.014556926240758255,NA,NA,NA
Polesinesuchus__wmmcmm_z_trans,0.0023173377388478866,-0.003157243566571351,0.009918565404538972,NA,NA,NA
Polesinesuchus__wetmon_z_trans,0.05198894485661728,-0.0039366577347328645,0.02991115187790486,NA,NA,NA
Polesinesuchus__drymon_z_trans,0.006047704621098022,-0.0024143637901823693,0.010757502575636983,NA,NA,NA
Polesinesuchus__wetdry_z_trans,0.04936880045607514,-0.006273055467531648,0.034983055294728914,NA,NA,NA
Polesinesuchus__time,0.023030240999931846,-0.0007608971399733267,0.009251026453420233,NA,NA,NA
Polonosuchus__lat_range_z_trans,0.2984476424753666,0.0016643088806259998,0.01443709698660635,0.34528604980019734,0.21876524481922388,0.506915807723999
Polonosuchus__Temperate_N,-0.80070462689735,-0.01370617237537535,0.001810630293720339,NA,NA,NA
Polonosuchus__Tropical,0.35482648061588407,0.0008369783318716452,0.023698149539186225,NA,NA,NA
Polonosuchus__Temperate_S,0.490001419163309,0.0011887944328062073,0.02774858455681455,NA,NA,NA
Polonosuchus__Antarctic,0.09337063363753259,0.00026046875707048283,0.005270162957133303,NA,NA,NA
Polonosuchus__mat_z_trans,0.016388779115950457,-0.004947808252863148,0.020693076235385594,NA,NA,NA
Polonosuchus__map_z_trans,-0.4950021566823125,-0.0114132062105242,0.012234428044141992,NA,NA,NA
Polonosuchus__wmm_z_trans,-0.1774780132691376,-0.007325350223181213,0.017226432808454435,NA,NA,NA
Polonosuchus__cmm_z_trans,-0.15857794507872314,-0.007619845850564568,0.010260589289888784,NA,NA,NA
Polonosuchus__wmmcmm_z_trans,-0.03048243781493511,-0.003977146144869663,0.007706824790257429,NA,NA,NA
Polonosuchus__wetmon_z_trans,0.21196721081621944,-0.005017196804094432,0.02852341077190688,NA,NA,NA
Polonosuchus__drymon_z_trans,0.040501214815303686,-0.00199353757882305,0.009200270826908814,NA,NA,NA
Polonosuchus__wetdry_z_trans,0.15239506401121616,-0.008706047163707696,0.03303653009964712,NA,NA,NA
Polonosuchus__time,0.11640312070026994,-0.00047514887768429265,0.007540569220083668,NA,NA,NA
Polymorphodon__lat_range_z_trans,0.08129348596321366,0.0022759193189632898,0.018803310013432255,0.8396704190783203,0.3653787113726139,1.4592536193376873
Polymorphodon__Temperate_N,-0.24012608332078417,-0.020588418068909726,-0.007520842794851114,NA,NA,NA
Polymorphodon__Tropical,0.08952399480431632,0.0004637481374428497,0.025307935685861014,NA,NA,NA
Polymorphodon__Temperate_S,0.13464238070771467,0.0023643029060378064,0.03202721737572849,NA,NA,NA
Polymorphodon__Antarctic,0.01982375084590123,0.00010009208724982167,0.005523931366643527,NA,NA,NA
Polymorphodon__mat_z_trans,-0.00926423789799306,-0.008061796674329776,0.021131610946178315,NA,NA,NA
Polymorphodon__map_z_trans,-0.00063085638422472,-0.0033285237062212186,0.011733491150628978,NA,NA,NA
Polymorphodon__wmm_z_trans,0.008243899866703182,-0.0023991993913397183,0.012740903133247694,NA,NA,NA
Polymorphodon__cmm_z_trans,0.04800310024052762,-0.006015413839864038,0.028519609254663653,NA,NA,NA
Polymorphodon__wmmcmm_z_trans,0.03348875888056811,-0.006741963286862001,0.021726844034866744,NA,NA,NA
Polymorphodon__wetmon_z_trans,-0.026443968366693032,-0.00827361166259612,0.015209242696643279,NA,NA,NA
Polymorphodon__drymon_z_trans,0.00729590552404699,-0.0021743788932521075,0.009149491923135715,NA,NA,NA
Polymorphodon__wetdry_z_trans,-0.028736850610767233,-0.00828060211656617,0.017663370418809582,NA,NA,NA
Polymorphodon__time,0.018638601123379266,-0.0005710638890661709,0.007370641215147382,NA,NA,NA
Poposaurus__lat_range_z_trans,-0.9801654270291329,-0.028292261052243223,-0.019493718483837397,0.2820397514770229,0.07431759126484394,0.7524112183600664
Poposaurus__Temperate_N,0.2942938265763223,0.0007331275647542353,0.022994285369904468,NA,NA,NA
Poposaurus__Tropical,-0.15892994173336775,-0.005833782053833714,0.008005572525794705,NA,NA,NA
Poposaurus__Temperate_S,0.35876888945698737,0.0018443758354886504,0.02512667131495904,NA,NA,NA
Poposaurus__Antarctic,0.026846335673217255,-0.0002827778179652268,0.0034173810156032484,NA,NA,NA
Poposaurus__mat_z_trans,0.12272513000993059,-0.003665025536427968,0.027343257006743733,NA,NA,NA
Poposaurus__map_z_trans,-0.06763868486043066,-0.0060128629293684024,0.016922036361154923,NA,NA,NA
Poposaurus__wmm_z_trans,-0.008710639732889831,-0.004707568967163702,0.010159218437095661,NA,NA,NA
Poposaurus__cmm_z_trans,0.08400264093419536,-0.004846748057654737,0.025103847181171327,NA,NA,NA
Poposaurus__wmmcmm_z_trans,0.08892687131650746,-0.002130195132918331,0.019344904247206494,NA,NA,NA
Poposaurus__wetmon_z_trans,0.12534831004682928,-0.0042927174932131445,0.029283037551103945,NA,NA,NA
Poposaurus__drymon_z_trans,0.02828384317443124,-0.001354135460412567,0.008553339300738828,NA,NA,NA
Poposaurus__wetdry_z_trans,0.1453763493144652,-0.0022520959560562623,0.03550228652794926,NA,NA,NA
Poposaurus__time,0.06021494969492778,-0.00013824202229888418,0.007124638064547247,NA,NA,NA
Postosuchus__lat_range_z_trans,-0.8614741215109825,-0.021950154009826972,-0.021531754106522763,0.22391178840654902,0.0739168250001967,0.40369786880910397
Postosuchus__Temperate_N,0.29287277448922394,0.001104292978220244,0.02555987513072913,NA,NA,NA
Postosuchus__Tropical,-0.1790877233631909,-0.006326825918135856,0.00883522942893152,NA,NA,NA
Postosuchus__Temperate_S,0.3580313054472208,0.0016901982604770754,0.026772142529392643,NA,NA,NA
Postosuchus__Antarctic,0.032123586960369724,-0.0003014797882158797,0.003342120285203974,NA,NA,NA
Postosuchus__mat_z_trans,0.12349451198242604,-0.004066025956257638,0.028518950233290194,NA,NA,NA
Postosuchus__map_z_trans,-0.13852835190831683,-0.009089522439592754,0.012083513919145018,NA,NA,NA
Postosuchus__wmm_z_trans,-0.03715705566224642,-0.004525191364432908,0.010090695974886585,NA,NA,NA
Postosuchus__cmm_z_trans,0.01962491696001962,-0.004800849746339382,0.023967993490799963,NA,NA,NA
Postosuchus__wmmcmm_z_trans,0.05781184416729957,-0.0027297426970323744,0.016066519961285514,NA,NA,NA
Postosuchus__wetmon_z_trans,0.13759971104562282,-0.004497772371821256,0.03564469062747212,NA,NA,NA
Postosuchus__drymon_z_trans,0.02326953932293691,-0.001413817051729892,0.008490775200280099,NA,NA,NA
Postosuchus__wetdry_z_trans,0.16173165389627683,-0.004144876950565577,0.03397549338305554,NA,NA,NA
Postosuchus__time,0.06498418081493583,-0.00017914202406011168,0.007570510362185944,NA,NA,NA
Powellvenator__lat_range_z_trans,0.26393403604626653,0.0009038702575033915,0.010115765707537989,0.15481459644899587,0.0213768407702446,0.6265882104635239
Powellvenator__Temperate_N,0.3421696163510205,-8.71033886159758e-07,0.016635054073374424,NA,NA,NA
Powellvenator__Tropical,0.29842075612396,0.0003470860714654455,0.015264757748978473,NA,NA,NA
Powellvenator__Temperate_S,-0.5653655777605309,-0.008782860268427856,-0.0014229014444002979,NA,NA,NA
Powellvenator__Antarctic,0.07700652409810572,0.00012618564262793674,0.0036564531979220347,NA,NA,NA
Powellvenator__mat_z_trans,0.12827437640051356,-0.007207049337279831,0.03520912189800987,NA,NA,NA
Powellvenator__map_z_trans,-0.37813947959104555,-0.00860168448162261,0.005934423666330408,NA,NA,NA
Powellvenator__wmm_z_trans,-0.1982782040676102,-0.005498122426690623,0.011442204875179447,NA,NA,NA
Powellvenator__cmm_z_trans,-0.4822437876579352,-0.011900369979417676,0.016860370701944606,NA,NA,NA
Powellvenator__wmmcmm_z_trans,-0.17905515187419951,-0.00742753464044971,0.0217718891813029,NA,NA,NA
Powellvenator__wetmon_z_trans,0.24507418554276228,-0.0050996263937625646,0.0313973536833728,NA,NA,NA
Powellvenator__drymon_z_trans,0.05034238151274621,-0.0009900375001433129,0.007312358552835913,NA,NA,NA
Powellvenator__wetdry_z_trans,0.20946099667344242,-0.005484079463472542,0.0353246702936996,NA,NA,NA
Powellvenator__time,0.12764972752192988,-0.0016158155257571672,0.00988523428404733,NA,NA,NA
Pravusuchus__lat_range_z_trans,0.2884891423583031,0.0008564493947364436,0.00966716581159873,0.29238491709205844,0.12086490960791707,0.46214688976760954
Pravusuchus__Temperate_N,0.3563267172314227,-0.0006213851977836076,0.01654794197583022,NA,NA,NA
Pravusuchus__Tropical,-0.46211957203689963,-0.007553619410866533,0.0018180548350972428,NA,NA,NA
Pravusuchus__Temperate_S,0.46532247189898046,0.0006689635540941196,0.017785592106485663,NA,NA,NA
Pravusuchus__Antarctic,0.08316975846886634,0.0001146872626455804,0.0034871948442705223,NA,NA,NA
Pravusuchus__mat_z_trans,0.0740551757114008,-0.009619338886181068,0.027586928955418623,NA,NA,NA
Pravusuchus__map_z_trans,-0.44469387910328806,-0.008078788023517572,0.006495181699036959,NA,NA,NA
Pravusuchus__wmm_z_trans,-0.2301882703253068,-0.005948330649413456,0.007541490549775549,NA,NA,NA
Pravusuchus__cmm_z_trans,-0.5162311335484264,-0.009967911290483755,0.020414727481400816,NA,NA,NA
Pravusuchus__wmmcmm_z_trans,-0.21561936341691762,-0.00694733484601016,0.021537072420399622,NA,NA,NA
Pravusuchus__wetmon_z_trans,0.24794200487434864,-0.005178111948091716,0.03032478874393333,NA,NA,NA
Pravusuchus__drymon_z_trans,0.03537175735807978,-0.001351987359177542,0.005497287810323203,NA,NA,NA
Pravusuchus__wetdry_z_trans,0.2461611460754648,-0.00623651710972943,0.04041011213342397,NA,NA,NA
Pravusuchus__time,0.14230943340262456,-0.0013676845695345867,0.010273217053141052,NA,NA,NA
Preondactylus__lat_range_z_trans,0.09380238412653877,0.0009694806761150692,0.009505359238734976,0.6210796337801731,0.2565733455121517,1.04928233101964
Preondactylus__Temperate_N,-0.11248688897863018,-0.0077072495044944915,0.0019467597325817,NA,NA,NA
Preondactylus__Tropical,0.10211483827878495,-0.00015441296057189648,0.013601206810795147,NA,NA,NA
Preondactylus__Temperate_S,0.14742551262971546,0.0006048930576100407,0.017415212728783002,NA,NA,NA
Preondactylus__Antarctic,0.021239225342315784,-6.993040951326643e-05,0.00318647819458262,NA,NA,NA
Preondactylus__mat_z_trans,0.09085220862470049,-0.007144666091636558,0.037606188600427935,NA,NA,NA
Preondactylus__map_z_trans,-0.1383828021866743,-0.0074325686122798445,0.0054353476113876064,NA,NA,NA
Preondactylus__wmm_z_trans,-0.09714480047070866,-0.0076435608162464235,0.012127194731650805,NA,NA,NA
Preondactylus__cmm_z_trans,-0.1323001809399235,-0.010233015008873669,0.019514450435943565,NA,NA,NA
Preondactylus__wmmcmm_z_trans,-0.0424200446537581,-0.005769789206169027,0.021193837522374852,NA,NA,NA
Preondactylus__wetmon_z_trans,0.06405173696330659,-0.005808989772850287,0.0276429584022914,NA,NA,NA
Preondactylus__drymon_z_trans,0.010457649645354908,-0.001668286682834243,0.007205359054828653,NA,NA,NA
Preondactylus__wetdry_z_trans,0.07534272380650162,-0.007182790188727643,0.030896397517471075,NA,NA,NA
Preondactylus__time,0.053200319188385026,-0.0019900235588410395,0.012110005838282176,NA,NA,NA
Prestosuchus__lat_range_z_trans,-0.6677896976470947,-0.014976874343946654,-0.021520040451395585,0.26214056675231406,0.03328715078532696,0.6373203026887495
Prestosuchus__Temperate_N,0.2863928244262934,0.0010571190843806845,0.0249643321941647,NA,NA,NA
Prestosuchus__Tropical,0.18202352052321658,-0.0004882575883730568,0.018010021805812893,NA,NA,NA
Prestosuchus__Temperate_S,-0.3259550377726555,-0.009600567636726665,-0.004339248956009605,NA,NA,NA
Prestosuchus__Antarctic,0.017518512351089158,-0.00022775553114901318,0.0030837025940101377,NA,NA,NA
Prestosuchus__mat_z_trans,0.10200724641792476,-0.006968414086129329,0.022233689205276522,NA,NA,NA
Prestosuchus__map_z_trans,0.21192484679893822,-0.003711373841090396,0.039776139168608,NA,NA,NA
Prestosuchus__wmm_z_trans,0.13324046613182872,-0.00043694097935623443,0.023165552858702986,NA,NA,NA
Prestosuchus__cmm_z_trans,0.1457382171554491,-0.002545440826548645,0.0234574406743805,NA,NA,NA
Prestosuchus__wmmcmm_z_trans,0.07358012184966356,-0.003565089952451179,0.019377896886960976,NA,NA,NA
Prestosuchus__wetmon_z_trans,-0.05507362147793174,-0.008301038239648615,0.028286778980649775,NA,NA,NA
Prestosuchus__drymon_z_trans,0.01715131708770059,-0.0011562539961580427,0.005938775123401449,NA,NA,NA
Prestosuchus__wetdry_z_trans,-0.05196377752930857,-0.00966069842827267,0.029853569109733705,NA,NA,NA
Prestosuchus__time,0.039140602399675116,-0.0006493227138434594,0.007098147225839042,NA,NA,NA
Procerosuchus__lat_range_z_trans,0.3473658089339733,0.0016057366223359091,0.01758507105090311,0.3556480831303634,0.2022004220634699,0.5372345931828022
Procerosuchus__Temperate_N,0.5034038772527129,0.0010968046849915533,0.031560108717550335,NA,NA,NA
Procerosuchus__Tropical,0.3392807102156803,-0.00030418253635820986,0.023387169266677322,NA,NA,NA
Procerosuchus__Temperate_S,-1.2373578569758683,-0.019488522351406804,-0.010838631851550266,NA,NA,NA
Procerosuchus__Antarctic,0.10655685029923916,0.000401729512789508,0.005892895104910709,NA,NA,NA
Procerosuchus__mat_z_trans,0.0015926977153867482,-0.006955331949386393,0.02110421399197736,NA,NA,NA
Procerosuchus__map_z_trans,0.00923089143820107,-0.003869000525921097,0.020612270261315506,NA,NA,NA
Procerosuchus__wmm_z_trans,0.014242291931295767,-0.003644212789075091,0.009529548378675498,NA,NA,NA
Procerosuchus__cmm_z_trans,0.1772838022559881,-0.0037715871642600507,0.02711608080828362,NA,NA,NA
Procerosuchus__wmmcmm_z_trans,0.10584841332398355,-0.005899862088912392,0.02338005915924719,NA,NA,NA
Procerosuchus__wetmon_z_trans,-0.16673231902241242,-0.009335052011756237,0.017414041352393213,NA,NA,NA
Procerosuchus__drymon_z_trans,0.025691911138710565,-0.0020412878629858756,0.008960471488468938,NA,NA,NA
Procerosuchus__wetdry_z_trans,-0.22563605786301197,-0.00901253144183856,0.015369544585399512,NA,NA,NA
Procerosuchus__time,0.10593857721425592,-1.3609177529544838e-05,0.00831391410588345,NA,NA,NA
Procolina__lat_range_z_trans,0.024344521823567264,0.0022231815741524824,0.012106487994420486,2.749767784093856,1.3374657034873962,4.053047463297844
Procolina__Temperate_N,-0.05660549698307512,-0.013078739251520328,-0.007254248088166335,NA,NA,NA
Procolina__Tropical,0.0159045582151902,-0.0014487231337656605,0.013957471862304654,NA,NA,NA
Procolina__Temperate_S,0.03524352030694688,0.0014292441890764414,0.017147457187535523,NA,NA,NA
Procolina__Antarctic,0.000457357063827579,-0.0005820665203471682,0.0018876174643091058,NA,NA,NA
Procolina__mat_z_trans,0.001323351491788247,-0.010972926299893849,0.023800870506931682,NA,NA,NA
Procolina__map_z_trans,0.04060802203655958,-0.0023699625370936198,0.029104120137498395,NA,NA,NA
Procolina__wmm_z_trans,0.023299667519177062,-0.005885292628328219,0.019986362038454664,NA,NA,NA
Procolina__cmm_z_trans,0.03722695975899567,-0.005881737575532199,0.03725083419802262,NA,NA,NA
Procolina__wmmcmm_z_trans,0.018915838740673898,-0.004786313555263608,0.020562587982969723,NA,NA,NA
Procolina__wetmon_z_trans,-0.004134930236100997,-0.007335341218991348,0.01734124742425818,NA,NA,NA
Procolina__drymon_z_trans,0.005194794341611222,-0.0015413191426014278,0.0066592392788425835,NA,NA,NA
Procolina__wetdry_z_trans,-0.002266384842077163,-0.008531818776016754,0.021046120774119596,NA,NA,NA
Procolina__time,-0.003759897861175433,-0.0024690942031880226,0.005790587658634638,NA,NA,NA
Procolophon__lat_range_z_trans,-1.0361702570241413,-0.030521527554438776,-0.011686512797621515,0.3592570189896651,0.017812786158174276,0.7794996984302998
Procolophon__Temperate_N,0.16782002466930782,0.000784888784891045,0.015342650925642935,NA,NA,NA
Procolophon__Tropical,0.09391130903469515,-0.0009805460834407757,0.00992964410615797,NA,NA,NA
Procolophon__Temperate_S,-0.18351409318732756,-0.005032591489238033,-0.0006010202657831935,NA,NA,NA
Procolophon__Antarctic,0.19078865954213828,-0.006062394497775944,0.04365689989051746,NA,NA,NA
Procolophon__mat_z_trans,0.10510445740336773,-0.003587370333341449,0.025239562846229326,NA,NA,NA
Procolophon__map_z_trans,0.1754101053722449,-0.0013584427381350247,0.021823229582615778,NA,NA,NA
Procolophon__wmm_z_trans,0.14153131122350915,-0.0011660899955213033,0.017431775227320104,NA,NA,NA
Procolophon__cmm_z_trans,0.2791729440261783,-0.0024669779389984723,0.034557821451856416,NA,NA,NA
Procolophon__wmmcmm_z_trans,0.1471151777182215,-0.0016937947363405172,0.02348424661555176,NA,NA,NA
Procolophon__wetmon_z_trans,0.010963896046126255,-0.002963638333375334,0.013082860003561049,NA,NA,NA
Procolophon__drymon_z_trans,0.035700397308933235,-0.0018234695570128606,0.006400613704988366,NA,NA,NA
Procolophon__wetdry_z_trans,-0.0063976311324123155,-0.0037827780703385476,0.015317555652937756,NA,NA,NA
Procolophon__time,0.014315580375067595,-0.0005761765362472882,0.00540742947616128,NA,NA,NA
Procolophonichnium__lat_range_z_trans,0.016973166492686896,0.002706421730107614,0.011220619834192634,3.984427303589182,1.7347667180001736,5.604935571551323
Procolophonichnium__Temperate_N,0.024633216156812823,0.0028006381949333445,0.017495010259362242,NA,NA,NA
Procolophonichnium__Tropical,0.012748423301107663,-0.001372136806859874,0.014007013542594544,NA,NA,NA
Procolophonichnium__Temperate_S,-0.034163609848435056,-0.01431831766772818,-0.005054522532803623,NA,NA,NA
Procolophonichnium__Antarctic,-0.002406370506639033,-0.001471815031689878,0.000629759933485889,NA,NA,NA
Procolophonichnium__mat_z_trans,0.012424698826805846,-0.011679482121020109,0.027336552362148797,NA,NA,NA
Procolophonichnium__map_z_trans,0.03098998880433955,-0.0012772453050816457,0.02850236626344621,NA,NA,NA
Procolophonichnium__wmm_z_trans,0.021627380884100978,-0.004278216550447577,0.021486746991594245,NA,NA,NA
Procolophonichnium__cmm_z_trans,0.03336048843765941,-0.006344132528005539,0.03382814893699924,NA,NA,NA
Procolophonichnium__wmmcmm_z_trans,0.01767252371805304,-0.004362041650957921,0.02154551150188994,NA,NA,NA
Procolophonichnium__wetmon_z_trans,0.00021211649925689428,-0.008312112842896334,0.016361591540156734,NA,NA,NA
Procolophonichnium__drymon_z_trans,0.0038864034814902,-0.0014336314546575224,0.0072176520966934525,NA,NA,NA
Procolophonichnium__wetdry_z_trans,0.0010680294895589538,-0.008641541052824846,0.02036140818530629,NA,NA,NA
Procolophonichnium__time,-0.003274574360889334,-0.0032472959921848146,0.00444889750506891,NA,NA,NA
Procompsognathus__lat_range_z_trans,0.08836165951612691,0.000975024735040921,0.009652777362778276,0.6480483130406356,0.23889223486185074,1.04928233101964
Procompsognathus__Temperate_N,-0.10456595108828184,-0.0077513240760273515,0.0019537348474663293,NA,NA,NA
Procompsognathus__Tropical,0.0960382014049068,-0.00015529598441488458,0.01364993905981752,NA,NA,NA
Procompsognathus__Temperate_S,0.13885811024895264,0.0006083521907705562,0.0174776103156503,NA,NA,NA
Procompsognathus__Antarctic,0.019590600836501916,-0.000159553445302788,0.0031978951409641363,NA,NA,NA
Procompsognathus__mat_z_trans,0.08585010836694687,-0.007185523481364321,0.03774092915493549,NA,NA,NA
Procompsognathus__map_z_trans,-0.13166244046986136,-0.007475072397421845,0.0054548221122172735,NA,NA,NA
Procompsognathus__wmm_z_trans,-0.0878751677638544,-0.006738307720100148,0.012170645690218435,NA,NA,NA
Procompsognathus__cmm_z_trans,-0.12237812391116525,-0.010291533388451549,0.01958436945646933,NA,NA,NA
Procompsognathus__wmmcmm_z_trans,-0.038851259162578144,-0.0058027842437564986,0.021269773678794467,NA,NA,NA
Procompsognathus__wetmon_z_trans,0.06235065323892675,-0.006351795069335431,0.026500074940616868,NA,NA,NA
Procompsognathus__drymon_z_trans,0.009675766593475077,-0.0016778269242260675,0.007231175392793371,NA,NA,NA
Procompsognathus__wetdry_z_trans,0.07044750097556306,-0.007223865594395255,0.031007097322176685,NA,NA,NA
Procompsognathus__time,0.049912222590249765,-0.002001403680328617,0.012495911945237019,NA,NA,NA
Proganochelys__lat_range_z_trans,-0.522845800369978,-0.014365831372535862,-0.021375664254199806,0.1234984566305502,0.0006709927693009377,0.3862625118345022
Proganochelys__Temperate_N,-0.1705252187512815,-0.006499118477640688,-0.001513012590198156,NA,NA,NA
Proganochelys__Tropical,-0.12367978744616266,-0.006937264478420431,0.006270801371953349,NA,NA,NA
Proganochelys__Temperate_S,0.31767546344548464,0.0019668842152844772,0.030734855518887612,NA,NA,NA
Proganochelys__Antarctic,0.0299837847033632,-0.0002653122521466101,0.0038763775009862562,NA,NA,NA
Proganochelys__mat_z_trans,0.10961838516057469,-0.0030914820398851993,0.032118586414491335,NA,NA,NA
Proganochelys__map_z_trans,-0.11300447604153305,-0.008568636245887962,0.019458591731325976,NA,NA,NA
Proganochelys__wmm_z_trans,-0.0196741995139746,-0.0038947072460313575,0.016303517792911518,NA,NA,NA
Proganochelys__cmm_z_trans,-0.010568304936095957,-0.005252462012281603,0.018019875014115345,NA,NA,NA
Proganochelys__wmmcmm_z_trans,0.04516338968096534,-0.004232671104917901,0.017952101483686065,NA,NA,NA
Proganochelys__wetmon_z_trans,0.17065202065452467,-0.004649288060797828,0.03667040443330608,NA,NA,NA
Proganochelys__drymon_z_trans,0.02627621475607157,-0.0011927634703367818,0.010206468396150666,NA,NA,NA
Proganochelys__wetdry_z_trans,0.15986640208400785,-0.0036682124170964747,0.04036354552066838,NA,NA,NA
Proganochelys__time,0.058926860184874384,-0.0005800441166190595,0.01030030808605087,NA,NA,NA
Prolacerta__lat_range_z_trans,-1.047505972868972,-0.0272234545779325,-0.009542640528723632,0.35406613776665835,0.03740477189421654,0.9765603877604008
Prolacerta__Temperate_N,0.1755444615483293,-8.822639124883503e-05,0.0129778010772569,NA,NA,NA
Prolacerta__Tropical,0.09054889628563734,-0.0011548811608873707,0.010582168899847673,NA,NA,NA
Prolacerta__Temperate_S,-0.19610194897533698,-0.005143050041299527,-0.0011168459707591298,NA,NA,NA
Prolacerta__Antarctic,0.20926910196195697,-0.005565311459205443,0.040978010768872884,NA,NA,NA
Prolacerta__mat_z_trans,0.08464479957640851,-0.00401079482904387,0.024972998270446915,NA,NA,NA
Prolacerta__map_z_trans,0.18971210478611658,-0.0013943579124705468,0.020382908405272463,NA,NA,NA
Prolacerta__wmm_z_trans,0.14954756552751425,-0.0011146653057008738,0.01810498704773779,NA,NA,NA
Prolacerta__cmm_z_trans,0.2911723061162358,-0.0023241649351022024,0.03397170427073247,NA,NA,NA
Prolacerta__wmmcmm_z_trans,0.14553482485638927,-0.0027693852842938416,0.027035977092133717,NA,NA,NA
Prolacerta__wetmon_z_trans,0.003133324008254998,-0.0031633743557710346,0.013857819966078986,NA,NA,NA
Prolacerta__drymon_z_trans,0.04106424142332839,-0.0017893525456714437,0.0066232140718258765,NA,NA,NA
Prolacerta__wetdry_z_trans,-0.018971308190774517,-0.004836251944624812,0.016148397673989966,NA,NA,NA
Prolacerta__time,0.01815948532082101,-0.0006536383360609719,0.00441025537542261,NA,NA,NA
Prolacertoides__lat_range_z_trans,0.024518841417255088,0.002248286978005509,0.011947878371434842,2.728580004507094,1.270305530168116,4.053047463297844
Prolacertoides__Temperate_N,-0.05689027426073183,-0.012534978146273175,-0.004373255880773419,NA,NA,NA
Prolacertoides__Tropical,0.015922340146887915,-0.0014650829218132355,0.013774612113801772,NA,NA,NA
Prolacertoides__Temperate_S,0.03554899664952775,0.0014453840100377745,0.01692280477628868,NA,NA,NA
Prolacertoides__Antarctic,0.0005366660303354162,-0.0005886395394979825,0.001862887394408308,NA,NA,NA
Prolacertoides__mat_z_trans,0.0009065700710614275,-0.011096838691671091,0.023489050340788173,NA,NA,NA
Prolacertoides__map_z_trans,0.040650194885079434,-0.0023967254732847228,0.02872282099240652,NA,NA,NA
Prolacertoides__wmm_z_trans,0.02317770240511364,-0.005951752628692222,0.01972451654294557,NA,NA,NA
Prolacertoides__cmm_z_trans,0.03778382190738173,-0.005948157430261136,0.03676280325372464,NA,NA,NA
Prolacertoides__wmmcmm_z_trans,0.01912262535017903,-0.004840363272195935,0.02029319323123899,NA,NA,NA
Prolacertoides__wetmon_z_trans,-0.004352393456857702,-0.007418175975200018,0.017114056126721688,NA,NA,NA
Prolacertoides__drymon_z_trans,0.004880657645777018,-0.0015587245763236648,0.006660274036069093,NA,NA,NA
Prolacertoides__wetdry_z_trans,-0.002405730129228201,-0.0086281648228098,0.02077039115849268,NA,NA,NA
Prolacertoides__time,-0.0036481372858718627,-0.0024969765893335777,0.005714723962587968,NA,NA,NA
Prosaurosphargis__lat_range_z_trans,0.012730703005909541,0.004163478481556319,0.010892022222945165,5.880478940707398,3.544663578271866,8.52806905284524
Prosaurosphargis__Temperate_N,0.017517468837028538,0.0016684534356277588,0.016539605432172727,NA,NA,NA
Prosaurosphargis__Tropical,-0.010612277479211004,-0.01528935802988786,0.004565505051356067,NA,NA,NA
Prosaurosphargis__Temperate_S,0.018649338071183123,0.0033817325697516366,0.01586514244991249,NA,NA,NA
Prosaurosphargis__Antarctic,-0.0027948927491432836,-0.0028460467316434247,-0.00022796445451250767,NA,NA,NA
Prosaurosphargis__mat_z_trans,0.014611472775062346,-0.009630778026566662,0.028314977109934043,NA,NA,NA
Prosaurosphargis__map_z_trans,0.022852608076509316,-0.0037615005775602046,0.028326754582157908,NA,NA,NA
Prosaurosphargis__wmm_z_trans,0.014651671406627223,-0.0035997547594641176,0.023635151075564582,NA,NA,NA
Prosaurosphargis__cmm_z_trans,0.028620539011208892,-0.00571101707412056,0.03409073116808028,NA,NA,NA
Prosaurosphargis__wmmcmm_z_trans,0.015369358827044032,-0.0033991167734887806,0.02084416042176704,NA,NA,NA
Prosaurosphargis__wetmon_z_trans,0.0022263675617674936,-0.009396904534149332,0.01398278588023374,NA,NA,NA
Prosaurosphargis__drymon_z_trans,0.001080112835368019,-0.0028057825070986267,0.0031021591949768777,NA,NA,NA
Prosaurosphargis__wetdry_z_trans,0.0031433281781250775,-0.009644070638772193,0.0183056166719582,NA,NA,NA
Prosaurosphargis__time,-0.0022939169815704833,-0.004360243913497231,0.0011501096135889057,NA,NA,NA
Protanystropheus__lat_range_z_trans,-0.15646056749710538,-0.018088139422335787,-0.010627574363671337,0.8619939045551291,0.027030399069190025,2.924147181212902
Protanystropheus__Temperate_N,-0.037297650814231406,-0.0057019496436261086,0.006026435044516011,NA,NA,NA
Protanystropheus__Tropical,-0.012105727618223218,-0.004754390914840545,0.01598086793547959,NA,NA,NA
Protanystropheus__Temperate_S,0.0627725327652539,0.0012634408103262933,0.02053520752636567,NA,NA,NA
Protanystropheus__Antarctic,-0.0009427881378438004,-0.0014483077824568398,0.0016740192414455878,NA,NA,NA
Protanystropheus__mat_z_trans,0.04040377569840064,-0.00606489175375991,0.03748339288463764,NA,NA,NA
Protanystropheus__map_z_trans,0.07022979417348704,-0.0015283574591104538,0.02685897846835972,NA,NA,NA
Protanystropheus__wmm_z_trans,0.055562726666937505,-0.0013402613198360946,0.022458906328755017,NA,NA,NA
Protanystropheus__cmm_z_trans,0.08235069236563128,-0.004082792314128706,0.036287338260646,NA,NA,NA
Protanystropheus__wmmcmm_z_trans,0.03969892359534678,-0.002354181579515999,0.02133601237137303,NA,NA,NA
Protanystropheus__wetmon_z_trans,-0.009852950754497625,-0.007361972966848214,0.014563848682313273,NA,NA,NA
Protanystropheus__drymon_z_trans,0.007943508035733286,-0.0010928568368208994,0.005171594394325668,NA,NA,NA
Protanystropheus__wetdry_z_trans,-0.005944614339094468,-0.006787414856254682,0.017622680401977772,NA,NA,NA
Protanystropheus__time,-0.0006057727638856425,-0.0018888330401053324,0.004015049243611851,NA,NA,NA
Protecovasaurus__lat_range_z_trans,0.23471994329660567,0.0009469156043008678,0.010521159889632498,0.3980948052535678,0.12086490960791707,1.2179238386452198
Protecovasaurus__Temperate_N,0.3105564685395343,0.0003926722210714525,0.018730579458490052,NA,NA,NA
Protecovasaurus__Tropical,-0.4184505439494616,-0.009115866085481882,0.0008315797269671549,NA,NA,NA
Protecovasaurus__Temperate_S,0.3867085616686014,0.0010334553204910898,0.019637367296976252,NA,NA,NA
Protecovasaurus__Antarctic,0.06647210838656613,0.00012388751471317677,0.0036541727748989733,NA,NA,NA
Protecovasaurus__mat_z_trans,-0.003641293009125961,-0.008284827024802767,0.02780235949868212,NA,NA,NA
Protecovasaurus__map_z_trans,-0.3558893126397712,-0.007031709728450287,0.010616220002044515,NA,NA,NA
Protecovasaurus__wmm_z_trans,-0.1495660203607323,-0.005056410787198374,0.011144887696242544,NA,NA,NA
Protecovasaurus__cmm_z_trans,-0.3201892177620159,-0.01102081547521027,0.017839656493049645,NA,NA,NA
Protecovasaurus__wmmcmm_z_trans,-0.16068509071415762,-0.008448708460745472,0.01666334042616753,NA,NA,NA
Protecovasaurus__wetmon_z_trans,0.21955995774415135,-0.005725072648307131,0.027891658836808362,NA,NA,NA
Protecovasaurus__drymon_z_trans,0.02642401688654673,-0.0013224198245341686,0.007198457239590493,NA,NA,NA
Protecovasaurus__wetdry_z_trans,0.20248697205739993,-0.006659806450554569,0.03737469447847692,NA,NA,NA
Protecovasaurus__time,0.0972453312317679,-0.001062203254604941,0.009480622602108456,NA,NA,NA
Proterochampsa__lat_range_z_trans,0.06275697740786042,0.002084196499577302,0.014145816553141623,0.9223689532413846,0.4681917233392596,1.3613374028354883
Proterochampsa__Temperate_N,0.09110151161654725,0.0012607812646941354,0.02682898597732705,NA,NA,NA
Proterochampsa__Tropical,0.07408573856751384,0.0008740892054894951,0.022902981219060974,NA,NA,NA
Proterochampsa__Temperate_S,-0.14257724982602493,-0.01643429651540859,-0.002124364893618846,NA,NA,NA
Proterochampsa__Antarctic,0.012587611829579038,7.105046824324543e-05,0.004061434095033157,NA,NA,NA
Proterochampsa__mat_z_trans,0.020581181561138653,-0.005818650026546414,0.024357600688061306,NA,NA,NA
Proterochampsa__map_z_trans,-0.0688989526263711,-0.011169158406851098,0.008227091168285848,NA,NA,NA
Proterochampsa__wmm_z_trans,-0.033634752202909485,-0.00829670319148009,0.01155881518364206,NA,NA,NA
Proterochampsa__cmm_z_trans,-0.017836292886956904,-0.007526880636372777,0.013598945785206533,NA,NA,NA
Proterochampsa__wmmcmm_z_trans,0.0009710742198782449,-0.003375445675007302,0.008806458053422232,NA,NA,NA
Proterochampsa__wetmon_z_trans,0.05453998010973561,-0.0037533448586629225,0.03065811615379473,NA,NA,NA
Proterochampsa__drymon_z_trans,0.006641329217723896,-0.002399663601419072,0.011026147198705807,NA,NA,NA
Proterochampsa__wetdry_z_trans,0.05353155985805472,-0.005976406052127229,0.03585667904126023,NA,NA,NA
Proterochampsa__time,0.02190216453013961,-0.0007704775534419635,0.009482050196812796,NA,NA,NA
Proterochersis__lat_range_z_trans,-0.6248431995511055,-0.009580855400738001,-0.013964183265557815,0.10800940416345839,0.0044538713991642,0.30005919747054577
Proterochersis__Temperate_N,-0.19063273631036282,-0.005073737124206094,0.004047598004344271,NA,NA,NA
Proterochersis__Tropical,0.19092058434151113,-0.0003611681803580089,0.015378218550709763,NA,NA,NA
Proterochersis__Temperate_S,0.3343282815627754,0.0012949231753076034,0.020760149488780827,NA,NA,NA
Proterochersis__Antarctic,0.041800123453140256,-8.6304339750483e-05,0.002971722045172236,NA,NA,NA
Proterochersis__mat_z_trans,0.12520189016126096,-0.0060367561946416326,0.036807872165004744,NA,NA,NA
Proterochersis__map_z_trans,-0.2513980077533051,-0.008900779998232163,0.008386625942792521,NA,NA,NA
Proterochersis__wmm_z_trans,-0.04512376186379697,-0.004269528341118995,0.009792066122867945,NA,NA,NA
Proterochersis__cmm_z_trans,-0.17062431921774987,-0.011123613818123544,0.02285674283145413,NA,NA,NA
Proterochersis__wmmcmm_z_trans,-0.004720061249099672,-0.005271675673730894,0.023450995778773825,NA,NA,NA
Proterochersis__wetmon_z_trans,0.21731920657679438,-0.0033690558499522207,0.04045701636166593,NA,NA,NA
Proterochersis__drymon_z_trans,0.02900666068366263,-0.0012758149967262618,0.006172977459331803,NA,NA,NA
Proterochersis__wetdry_z_trans,0.1925613210722804,-0.006526024956516202,0.033948889393870994,NA,NA,NA
Proterochersis__time,0.08582077543484047,-0.0006505173805263849,0.008320065540924326,NA,NA,NA
Proterosuchus__lat_range_z_trans,-0.7780537964403629,-0.019717328735552677,-0.013904541666853032,0.20470565389048714,0.02169519104063511,0.3804527260363102
Proterosuchus__Temperate_N,-0.2536480847466737,-0.006357895741341953,-0.0018350196810434122,NA,NA,NA
Proterosuchus__Tropical,0.13523357089114144,-0.0007207416890518474,0.011629879435470343,NA,NA,NA
Proterosuchus__Temperate_S,-0.26884865801781416,-0.005790777401555306,-0.0005623635840302979,NA,NA,NA
Proterosuchus__Antarctic,0.002330824360396946,-0.0004246868278561957,0.0016605529765434716,NA,NA,NA
Proterosuchus__mat_z_trans,0.11768300549359992,-0.004884568945183206,0.03584816551158978,NA,NA,NA
Proterosuchus__map_z_trans,0.23205092191463336,-0.0013253418176445745,0.026800226163353216,NA,NA,NA
Proterosuchus__wmm_z_trans,0.18694262913311832,-0.0016121851883888257,0.020453340383034993,NA,NA,NA
Proterosuchus__cmm_z_trans,0.4056281036697328,-0.006429517862843387,0.04236559286210245,NA,NA,NA
Proterosuchus__wmmcmm_z_trans,0.21511791060991528,-0.003652278375762877,0.034146915640041374,NA,NA,NA
Proterosuchus__wetmon_z_trans,0.015174875790253282,-0.0030303374885497763,0.013327325483542941,NA,NA,NA
Proterosuchus__drymon_z_trans,0.08140111545100809,-0.001599465027106416,0.027192106907035177,NA,NA,NA
Proterosuchus__wetdry_z_trans,-0.027292405033949762,-0.004504559619950634,0.016734123096034167,NA,NA,NA
Proterosuchus__time,0.0031321946217212826,-0.0011812243585256005,0.005530452893314328,NA,NA,NA
Protoavis__lat_range_z_trans,0.304798948764801,0.001088122009866059,0.010685825499789577,0.35852361321507487,0.08302193880081177,0.7649660333991051
Protoavis__Temperate_N,0.41260536088142546,0.0009455321929655532,0.019708926831260888,NA,NA,NA
Protoavis__Tropical,-0.5859436083212495,-0.00930679127216975,0.0006027638822523553,NA,NA,NA
Protoavis__Temperate_S,0.49614988088607787,0.0011949025738786985,0.019157329923265375,NA,NA,NA
Protoavis__Antarctic,0.09236890219151973,0.00017671877909034857,0.003908685704209868,NA,NA,NA
Protoavis__mat_z_trans,0.08573514259885996,-0.007810662981111471,0.028514662411909576,NA,NA,NA
Protoavis__map_z_trans,-0.48297892887145283,-0.008593963051010832,0.007341058235601477,NA,NA,NA
Protoavis__wmm_z_trans,-0.2075019878568128,-0.006169090494776709,0.007280926431563763,NA,NA,NA
Protoavis__cmm_z_trans,-0.4235002646286739,-0.010775441736114541,0.014246692982556647,NA,NA,NA
Protoavis__wmmcmm_z_trans,-0.16746297726174816,-0.007348822331723603,0.022031642933621427,NA,NA,NA
Protoavis__wetmon_z_trans,0.24038335466757416,-0.0060886125467603126,0.02743881787469515,NA,NA,NA
Protoavis__drymon_z_trans,0.031554050636477766,-0.0016828072020336332,0.0068750315500501116,NA,NA,NA
Protoavis__wetdry_z_trans,0.20687881912570447,-0.005823530680137127,0.04077326094816715,NA,NA,NA
Protoavis__time,0.12428798242472112,-0.00103646233927596,0.010821131211192134,NA,NA,NA
Protocaptorhinus__lat_range_z_trans,-0.3095261550042778,-0.003266665571756306,-0.0013536924619241444,0.1704658815957373,0.02952689677476883,0.5169108128175139
Protocaptorhinus__Temperate_N,0.28510832546278836,7.029466720894447e-05,0.009410350876565929,NA,NA,NA
Protocaptorhinus__Tropical,-0.46666059602983295,-0.0057112476847696655,0.001261465104655528,NA,NA,NA
Protocaptorhinus__Temperate_S,0.38069459756836294,0.00048200798456894857,0.010436055834694594,NA,NA,NA
Protocaptorhinus__Antarctic,0.09165529016579967,2.275121594548211e-06,0.002993128233888764,NA,NA,NA
Protocaptorhinus__mat_z_trans,0.1918027705233544,-0.004483790597056058,0.019277526395058885,NA,NA,NA
Protocaptorhinus__map_z_trans,0.1803124514222145,-0.009289033387238558,0.03551368633525833,NA,NA,NA
Protocaptorhinus__wmm_z_trans,0.19669137625489383,-0.0026788640330947457,0.028635351981175384,NA,NA,NA
Protocaptorhinus__cmm_z_trans,-0.2263655989826657,-0.0061999336089911825,0.013981993584373914,NA,NA,NA
Protocaptorhinus__wmmcmm_z_trans,-0.13032647517044096,-0.005112964157524111,0.012381971269182786,NA,NA,NA
Protocaptorhinus__wetmon_z_trans,-0.2955701301037334,-0.009981718504151502,0.024853654209102558,NA,NA,NA
Protocaptorhinus__drymon_z_trans,-0.01825941480929032,-0.0058983057444527195,0.02461480972115403,NA,NA,NA
Protocaptorhinus__wetdry_z_trans,0.09593834706582129,-0.0056115819041912965,0.029810535343770306,NA,NA,NA
Protocaptorhinus__time,-0.03434065363137052,-0.0035513816594595687,0.007569919993178641,NA,NA,NA
Protome__lat_range_z_trans,0.28143198177218437,0.0008855165434583447,0.009318466864432705,0.2509556206694106,0.05470803380012512,0.38300539553165436
Protome__Temperate_N,0.3469185881363228,-0.00019986967407947248,0.015542471894672564,NA,NA,NA
Protome__Tropical,-0.436228816320654,-0.006422939637051451,0.005803095714905326,NA,NA,NA
Protome__Temperate_S,0.4524582807905972,0.001018579238608633,0.017515122644238483,NA,NA,NA
Protome__Antarctic,0.08114447361789644,0.00012424282247829217,0.0032269648462985327,NA,NA,NA
Protome__mat_z_trans,0.0888502369262278,-0.010042264501807549,0.030908794426991182,NA,NA,NA
Protome__map_z_trans,-0.4405465537309647,-0.008398765885057956,0.005452995078748774,NA,NA,NA
Protome__wmm_z_trans,-0.2810624685580842,-0.006541968233547915,0.011694481648519717,NA,NA,NA
Protome__cmm_z_trans,-0.5200323539617239,-0.010634140499073914,0.018856328594228065,NA,NA,NA
Protome__wmmcmm_z_trans,-0.18197509398451076,-0.006829541013279365,0.018399584849930293,NA,NA,NA
Protome__wetmon_z_trans,0.2352720728609711,-0.004090661366957845,0.029544865038405015,NA,NA,NA
Protome__drymon_z_trans,0.032723720706999304,-0.0017627317190773636,0.005975523769197608,NA,NA,NA
Protome__wetdry_z_trans,0.2142456863913685,-0.007279763246164396,0.035081971667672116,NA,NA,NA
Protome__time,0.15804809204302728,-0.001056601907761323,0.012066089381895108,NA,NA,NA
Protorosaurus__lat_range_z_trans,-0.35326096065342427,-0.0029536439828113637,-0.002722147119305445,0.15025449459961238,0.055234529078006744,0.3165951776318252
Protorosaurus__Temperate_N,-0.6272889754083008,-0.007185864202597096,0.0035110900471485404,NA,NA,NA
Protorosaurus__Tropical,0.21888486887328326,-0.0002501369575638082,0.011199969651658807,NA,NA,NA
Protorosaurus__Temperate_S,0.42935204625129697,0.0007526949655385721,0.013973574453088925,NA,NA,NA
Protorosaurus__Antarctic,0.07459168134722859,7.154911936694094e-05,0.0034248020130339474,NA,NA,NA
Protorosaurus__mat_z_trans,-0.7729470402095466,-0.01626345173113506,0.020584570537048544,NA,NA,NA
Protorosaurus__map_z_trans,0.1919058851536829,-0.0008419889991555136,0.011387510228702241,NA,NA,NA
Protorosaurus__wmm_z_trans,0.3975165512703825,-0.005634634158481943,0.03913980320371077,NA,NA,NA
Protorosaurus__cmm_z_trans,0.2940607081714552,-0.008715238618517022,0.037447178850272086,NA,NA,NA
Protorosaurus__wmmcmm_z_trans,0.049550789662171156,-0.010078085818934964,0.028111906270226618,NA,NA,NA
Protorosaurus__wetmon_z_trans,0.011903411144739948,-0.00209018922735862,0.0073637269491952624,NA,NA,NA
Protorosaurus__drymon_z_trans,0.10201050468371249,-0.003003073631823733,0.018372483040196327,NA,NA,NA
Protorosaurus__wetdry_z_trans,-0.10233023814740591,-0.0038953584131568284,0.020147695657670404,NA,NA,NA
Protorosaurus__time,0.022113852710426728,-0.0011434874226828407,0.007444592637488476,NA,NA,NA
Protorothyris__lat_range_z_trans,-0.1851927821223879,-0.002277593664647647,-0.0003019319729432828,0.42363938803577184,0.1213800311088562,0.9128792397677898
Protorothyris__Temperate_N,0.2511137549194232,0.0002814314735855146,0.010376100929034798,NA,NA,NA
Protorothyris__Tropical,-0.30366175797930933,-0.004420118014454389,0.004054278890499872,NA,NA,NA
Protorothyris__Temperate_S,0.302620484589719,0.0005380828980173624,0.011894458837323728,NA,NA,NA
Protorothyris__Antarctic,0.07684086418481474,-7.805748205939536e-08,0.0032993721391581703,NA,NA,NA
Protorothyris__mat_z_trans,0.004583838658900564,-0.0034164683572921344,0.011898369499374919,NA,NA,NA
Protorothyris__map_z_trans,-0.8050703336432902,-0.01394390741117975,0.015330316542433622,NA,NA,NA
Protorothyris__wmm_z_trans,0.4637902040123886,-0.004000189003313063,0.035005025396852574,NA,NA,NA
Protorothyris__cmm_z_trans,-0.0078050018259722045,-0.0011368844565226833,0.005198205063426695,NA,NA,NA
Protorothyris__wmmcmm_z_trans,-0.15953394090183057,-0.005056724402650754,0.01881551545982212,NA,NA,NA
Protorothyris__wetmon_z_trans,0.19183912454122037,-0.011045697025873245,0.032616212178199995,NA,NA,NA
Protorothyris__drymon_z_trans,0.03675290919262942,-0.006084604045843234,0.023719629479398947,NA,NA,NA
Protorothyris__wetdry_z_trans,0.3353279498819314,-0.007176288339081838,0.03368829622661643,NA,NA,NA
Protorothyris__time,-0.0658534321323283,-0.0034918706725753576,0.013792907750936917,NA,NA,NA
Protosuchus__lat_range_z_trans,-0.5579334730750323,-0.01109181556293635,-0.01354560635103642,0.03260512329183257,0.0017220990266650915,0.09395851468434557
Protosuchus__Temperate_N,-0.12942276814080333,-0.004233979680824804,0.0037476669842549048,NA,NA,NA
Protosuchus__Tropical,-0.12210588328175186,-0.0041928682767692505,0.004564045003751217,NA,NA,NA
Protosuchus__Temperate_S,0.2891593732590336,0.001382124078874664,0.019604985221895726,NA,NA,NA
Protosuchus__Antarctic,0.03491405835084602,-0.00034870806927287263,0.0030546727911265493,NA,NA,NA
Protosuchus__mat_z_trans,0.1151479099747214,-0.007437614026303029,0.04175588813269371,NA,NA,NA
Protosuchus__map_z_trans,-0.1481219375341452,-0.004362205057072152,0.009349405424056371,NA,NA,NA
Protosuchus__wmm_z_trans,-0.15898617758810027,-0.00793749404231665,0.017567693772825934,NA,NA,NA
Protosuchus__cmm_z_trans,-0.09317665145953048,-0.00847359312639457,0.018610249212436786,NA,NA,NA
Protosuchus__wmmcmm_z_trans,0.08109037108237008,-0.004034172053801532,0.02176081348518974,NA,NA,NA
Protosuchus__wetmon_z_trans,0.1995984904421214,-0.0027128921068126912,0.029003038112661337,NA,NA,NA
Protosuchus__drymon_z_trans,0.0291266166661976,-0.0013163711065903958,0.005829108793939273,NA,NA,NA
Protosuchus__wetdry_z_trans,0.19946217085765416,-0.003253008500323226,0.03677326682161822,NA,NA,NA
Protosuchus__time,0.12549601907051045,-0.0032183115487704203,0.02131152901472215,NA,NA,NA
Provelosaurus__lat_range_z_trans,-0.3477738181088773,-0.010225616537180918,-0.005535739108194458,0.49487107662498603,0.05261543020606041,1.1257821732433513
Provelosaurus__Temperate_N,0.19147617648736676,0.0008527816796992834,0.02064322496539286,NA,NA,NA
Provelosaurus__Tropical,0.15240750480744455,0.0006011451900246671,0.015668757188522512,NA,NA,NA
Provelosaurus__Temperate_S,-0.24032351761786988,-0.012006528206803709,0.002572880319788559,NA,NA,NA
Provelosaurus__Antarctic,0.03058797750344814,-9.60061027748025e-05,0.004250837096885881,NA,NA,NA
Provelosaurus__mat_z_trans,0.05027755036841434,-0.002106460686654518,0.01393921443113442,NA,NA,NA
Provelosaurus__map_z_trans,0.06273166647329737,-0.0011404601651853533,0.012270135621879452,NA,NA,NA
Provelosaurus__wmm_z_trans,0.25363163026165203,-0.004761397689141508,0.04458429183365024,NA,NA,NA
Provelosaurus__cmm_z_trans,-0.047509113979579645,-0.00488620960402285,0.012636470257181764,NA,NA,NA
Provelosaurus__wmmcmm_z_trans,-0.07758069239084481,-0.013141829491608293,0.034624938458995086,NA,NA,NA
Provelosaurus__wetmon_z_trans,0.0329146547057649,-0.0021457813520891498,0.011223937908002284,NA,NA,NA
Provelosaurus__drymon_z_trans,0.10030035580456367,-0.002307238175870382,0.026605077252959665,NA,NA,NA
Provelosaurus__wetdry_z_trans,-0.03149362444988077,-0.006086695158721926,0.011112746840199283,NA,NA,NA
Provelosaurus__time,0.006105131511009517,-0.003780612778983823,0.01478998335373794,NA,NA,NA
Pseudhesperosuchus__lat_range_z_trans,0.2680098055303097,0.0009570619148978076,0.010709705329673486,0.15221571486545143,0.023099365644156933,0.23569641262292862
Pseudhesperosuchus__Temperate_N,0.342136164419353,-0.0001029998898712277,0.017249737625578958,NA,NA,NA
Pseudhesperosuchus__Tropical,0.3061150413006544,0.00035828973030035315,0.016523182020064104,NA,NA,NA
Pseudhesperosuchus__Temperate_S,-0.5765652763577236,-0.008384923113031257,0.0025463322701696173,NA,NA,NA
Pseudhesperosuchus__Antarctic,0.08021549582947046,2.794227777007423e-05,0.0038005398700052995,NA,NA,NA
Pseudhesperosuchus__mat_z_trans,0.11135135227814316,-0.007435094115489738,0.028297185456891916,NA,NA,NA
Pseudhesperosuchus__map_z_trans,-0.39659555767662824,-0.007341897660485097,0.0105243519360688,NA,NA,NA
Pseudhesperosuchus__wmm_z_trans,-0.15531142436666415,-0.005548780647451243,0.007212492762505923,NA,NA,NA
Pseudhesperosuchus__cmm_z_trans,-0.4998335930914618,-0.012032763820405109,0.019035512370174354,NA,NA,NA
Pseudhesperosuchus__wmmcmm_z_trans,-0.19308780826162547,-0.007878843396145922,0.020195557630669776,NA,NA,NA
Pseudhesperosuchus__wetmon_z_trans,0.24221739217638968,-0.0055824790077963595,0.030657055696830502,NA,NA,NA
Pseudhesperosuchus__drymon_z_trans,0.05023929265793413,-0.0011449198767433477,0.007066004549455508,NA,NA,NA
Pseudhesperosuchus__wetdry_z_trans,0.22842281872406603,-0.005489636152010641,0.0360832365681403,NA,NA,NA
Pseudhesperosuchus__time,0.12638213464291767,-0.0016318653228515685,0.009485862333906936,NA,NA,NA
Pseudochampsa__lat_range_z_trans,0.06440732886746957,0.0021283346386984413,0.014067012974222484,0.9089543898048578,0.49624259024858475,1.4532365929335356
Pseudochampsa__Temperate_N,0.09336804259164828,0.0012874815009116332,0.026055877771849565,NA,NA,NA
Pseudochampsa__Tropical,0.07574448819011324,0.00089260025805292,0.022243005373335144,NA,NA,NA
Pseudochampsa__Temperate_S,-0.1495073022949461,-0.016201589999339013,0.0008011893091810993,NA,NA,NA
Pseudochampsa__Antarctic,0.013188789431588454,7.25551418441168e-05,0.0041807766591698305,NA,NA,NA
Pseudochampsa__mat_z_trans,0.0261915365804445,-0.004988088554772371,0.025264624415149258,NA,NA,NA
Pseudochampsa__map_z_trans,-0.0720632950868928,-0.01140569362208998,0.007990018037948821,NA,NA,NA
Pseudochampsa__wmm_z_trans,-0.0343982705197876,-0.008472406893020045,0.011225734579267994,NA,NA,NA
Pseudochampsa__cmm_z_trans,-0.01596767229893641,-0.00768628139572719,0.014490502913124986,NA,NA,NA
Pseudochampsa__wmmcmm_z_trans,-0.0009369931157863043,-0.0034469292855159738,0.00855268979740064,NA,NA,NA
Pseudochampsa__wetmon_z_trans,0.055185528800436,-0.0040706423605631455,0.029774667141483534,NA,NA,NA
Pseudochampsa__drymon_z_trans,0.006292521542663537,-0.00245048255534441,0.010708416037292329,NA,NA,NA
Pseudochampsa__wetdry_z_trans,0.05249248938264461,-0.006102971585572233,0.03482342743751353,NA,NA,NA
Pseudochampsa__time,0.021754689305249857,-0.0007867943668760296,0.009208813973196278,NA,NA,NA
Puercosuchus__lat_range_z_trans,0.29019368335604667,0.0008299797803170936,0.01063645030004284,0.2590249843398487,0.08562631346285343,0.4692375659942627
Puercosuchus__Temperate_N,0.3641791796684265,0.0002510399821480666,0.019913395738485815,NA,NA,NA
Puercosuchus__Tropical,-0.48105235731229185,-0.00721548235789605,0.001916782248826792,NA,NA,NA
Puercosuchus__Temperate_S,0.46667361782863737,0.0009212490259779604,0.02044590884216798,NA,NA,NA
Puercosuchus__Antarctic,0.0862987169623375,0.00011075020783590697,0.00368337964892568,NA,NA,NA
Puercosuchus__mat_z_trans,0.03645070147234947,-0.00862476947601652,0.0327757782944543,NA,NA,NA
Puercosuchus__map_z_trans,-0.4550588028493803,-0.0074966238280881605,0.005861999042074602,NA,NA,NA
Puercosuchus__wmm_z_trans,-0.22259641722077503,-0.005615220075975516,0.007157072962418864,NA,NA,NA
Puercosuchus__cmm_z_trans,-0.5260577173344791,-0.010699881111982397,0.018238420787004557,NA,NA,NA
Puercosuchus__wmmcmm_z_trans,-0.17207101735984906,-0.006742482795830425,0.021001981618316252,NA,NA,NA
Puercosuchus__wetmon_z_trans,0.23030877964571117,-0.005416422861434752,0.02922554192283246,NA,NA,NA
Puercosuchus__drymon_z_trans,0.03937750546028838,-0.0013055755065246725,0.006899510462266881,NA,NA,NA
Puercosuchus__wetdry_z_trans,0.2247642968269065,-0.00890673620844274,0.0307337900002255,NA,NA,NA
Puercosuchus__time,0.15226858038258798,-0.001320733853401074,0.010896744552092993,NA,NA,NA
Pumiliopareia__lat_range_z_trans,0.07440236703557261,0.0009099238134962772,0.008587649554243374,0.9420279943430796,0.07427728921175003,1.6324196681380272
Pumiliopareia__Temperate_N,0.10166341080666308,0.00068871328501722,0.01346635206867253,NA,NA,NA
Pumiliopareia__Tropical,0.053820688459566605,-0.00024828005043612986,0.011255459762179409,NA,NA,NA
Pumiliopareia__Temperate_S,-0.1786093215349852,-0.0076886955193924775,-0.001623151083376311,NA,NA,NA
Pumiliopareia__Antarctic,0.016689819067414555,-3.07434553875032e-05,0.003470060300403991,NA,NA,NA
Pumiliopareia__mat_z_trans,-0.11588987429495286,-0.013362759090171594,0.033460342862221715,NA,NA,NA
Pumiliopareia__map_z_trans,0.02045867602541027,-0.001018452843862565,0.005869277697502427,NA,NA,NA
Pumiliopareia__wmm_z_trans,0.01579120145081953,-0.0030372603826835124,0.01735743715355975,NA,NA,NA
Pumiliopareia__cmm_z_trans,0.11468247421980347,-0.009708184603393644,0.036975979175406785,NA,NA,NA
Pumiliopareia__wmmcmm_z_trans,0.06309526324664143,-0.0088726824169399,0.03212189772990188,NA,NA,NA
Pumiliopareia__wetmon_z_trans,-0.0009456672343111644,-0.002727079517892842,0.007036099133736217,NA,NA,NA
Pumiliopareia__drymon_z_trans,-0.003057192157899238,-0.008628070042772804,0.023082445157807944,NA,NA,NA
Pumiliopareia__wetdry_z_trans,-0.019720270517682482,-0.005101733576412996,0.020925595884167203,NA,NA,NA
Pumiliopareia__time,-0.006629693196151727,-0.002405604678480809,0.0074013110237086035,NA,NA,NA
Qianosuchus__lat_range_z_trans,0.018096278059558737,0.0015532510823681445,0.010732220257384741,3.73032231545134,0.09145106002688408,8.182142034173012
Qianosuchus__Temperate_N,0.0251263198525089,0.0008495096748698895,0.015908578490938012,NA,NA,NA
Qianosuchus__Tropical,-0.02515898379548054,-0.013844315763069659,0.0031302859546501615,NA,NA,NA
Qianosuchus__Temperate_S,0.026229762201938088,0.00232013644961444,0.015674679052694443,NA,NA,NA
Qianosuchus__Antarctic,-0.001138546267812135,-0.0018526126882676419,0.0019152993101286774,NA,NA,NA
Qianosuchus__mat_z_trans,0.014543268425892536,-0.006738508383940309,0.025648660757010538,NA,NA,NA
Qianosuchus__map_z_trans,0.03185598293980112,-0.0032506330071405782,0.026463528192637142,NA,NA,NA
Qianosuchus__wmm_z_trans,0.018448019445491,-0.0012834722379489552,0.025507136371839597,NA,NA,NA
Qianosuchus__cmm_z_trans,0.026792244214898696,-0.003918210149601115,0.03244040982737174,NA,NA,NA
Qianosuchus__wmmcmm_z_trans,0.011494379179102857,-0.004157567557507501,0.021589643477323922,NA,NA,NA
Qianosuchus__wetmon_z_trans,-0.007000885599168282,-0.013674242782529843,0.015855892721009318,NA,NA,NA
Qianosuchus__drymon_z_trans,0.002234597602457911,-0.0017878853016268649,0.003503820645323042,NA,NA,NA
Qianosuchus__wetdry_z_trans,-0.004543184575730288,-0.013237406666343801,0.018291045865067045,NA,NA,NA
Qianosuchus__time,-0.0012273703075497402,-0.0022089517481894898,0.0027255554967571182,NA,NA,NA
Raibliania__lat_range_z_trans,0.29923043355345724,0.0016643088806259998,0.014378414015248982,0.34725022850951065,0.20490803942084312,0.506915807723999
Raibliania__Temperate_N,-0.7984704773221165,-0.01370617237537535,0.0018032705616520604,NA,NA,NA
Raibliania__Tropical,0.35491425113752484,0.0008369783318716452,0.02360182284470458,NA,NA,NA
Raibliania__Temperate_S,0.49081886825617405,0.0011887944328062073,0.027635793917930165,NA,NA,NA
Raibliania__Antarctic,0.09341043076477945,0.00026046875707048283,0.005248741142058635,NA,NA,NA
Raibliania__mat_z_trans,0.0074785868647450114,-0.004947808252863148,0.020608964367110166,NA,NA,NA
Raibliania__map_z_trans,-0.49829525273293257,-0.0114132062105242,0.012184698338013797,NA,NA,NA
Raibliania__wmm_z_trans,-0.1809074052493088,-0.007325350223181213,0.01715641192655373,NA,NA,NA
Raibliania__cmm_z_trans,-0.1470080445660278,-0.007619845850564568,0.010437015968551797,NA,NA,NA
Raibliania__wmmcmm_z_trans,-0.02763607296103146,-0.003977146144869663,0.008349114333305999,NA,NA,NA
Raibliania__wetmon_z_trans,0.21060053457506,-0.005017196804094432,0.028407470669897787,NA,NA,NA
Raibliania__drymon_z_trans,0.040349947987124324,-0.00199353757882305,0.009162874165383549,NA,NA,NA
Raibliania__wetdry_z_trans,0.15310678340494632,-0.008706047163707696,0.032902245364192124,NA,NA,NA
Raibliania__time,0.116388183478266,-0.00047514887768429265,0.007509918805532117,NA,NA,NA
Rauisuchus__lat_range_z_trans,0.062341382816249076,0.002090288370092843,0.014145816553141623,0.9270537118933863,0.49624259024858475,1.3613374028354883
Rauisuchus__Temperate_N,0.0904700652859439,0.0012644663856577754,0.02682898597732705,NA,NA,NA
Rauisuchus__Tropical,0.07370814630988015,0.0008766440693230898,0.022902981219060974,NA,NA,NA
Rauisuchus__Temperate_S,-0.14091078178350777,-0.016482332104378338,-0.002124364893618846,NA,NA,NA
Rauisuchus__Antarctic,0.012484248066182126,7.12581407216774e-05,0.004061434095033157,NA,NA,NA
Rauisuchus__mat_z_trans,0.0217086605471136,-0.005835657282121482,0.024357600688061306,NA,NA,NA
Rauisuchus__map_z_trans,-0.06903886692279379,-0.011201804592945312,0.008227091168285848,NA,NA,NA
Rauisuchus__wmm_z_trans,-0.03423679896637371,-0.008320953516033762,0.01155881518364206,NA,NA,NA
Rauisuchus__cmm_z_trans,-0.017219719299542306,-0.007548880856712855,0.013598945785206533,NA,NA,NA
Rauisuchus__wmmcmm_z_trans,-0.0003348226073539167,-0.003206340702540851,0.008806458053422232,NA,NA,NA
Rauisuchus__wetmon_z_trans,0.05505985360167753,-0.003764315460947201,0.03065811615379473,NA,NA,NA
Rauisuchus__drymon_z_trans,0.006408047431517702,-0.0024066775465742757,0.011026147198705807,NA,NA,NA
Rauisuchus__wetdry_z_trans,0.053455734882165706,-0.005993874410713015,0.03585667904126023,NA,NA,NA
Rauisuchus__time,0.02185673201475055,-0.0007727295721415686,0.009482050196812796,NA,NA,NA
Rautiania__lat_range_z_trans,0.2413376792030556,0.0007586631896785669,0.0090141503480466,0.40769790092423136,0.04409782588481903,1.245991725474596
Rautiania__Temperate_N,-0.6641735986454151,-0.007636309564681303,-0.0004380320173999338,NA,NA,NA
Rautiania__Tropical,0.2137684249311597,-0.0001309407274379955,0.012052626029746395,NA,NA,NA
Rautiania__Temperate_S,0.37212632720130073,0.0007107576740708162,0.013791196747082974,NA,NA,NA
Rautiania__Antarctic,0.06783525591397382,3.704453717412587e-05,0.003364626967433632,NA,NA,NA
Rautiania__mat_z_trans,-0.6996908203949265,-0.017150351107841858,0.01732688927315264,NA,NA,NA
Rautiania__map_z_trans,0.161704553838338,-0.0010385398259695354,0.01174859428076152,NA,NA,NA
Rautiania__wmm_z_trans,0.27407472957768597,-0.005741915184925859,0.0362275906827983,NA,NA,NA
Rautiania__cmm_z_trans,0.12613458398573862,-0.0077762236981602706,0.03805831282200163,NA,NA,NA
Rautiania__wmmcmm_z_trans,0.09460862511603477,-0.006033404908899749,0.0386162245355854,NA,NA,NA
Rautiania__wetmon_z_trans,-0.009583064611128438,-0.002205051007913402,0.00630072329742662,NA,NA,NA
Rautiania__drymon_z_trans,0.10369136902043138,-0.006391473629871576,0.01574938524722012,NA,NA,NA
Rautiania__wetdry_z_trans,-0.09623843396354843,-0.005758016057163383,0.00990639005515854,NA,NA,NA
Rautiania__time,-0.04984374979679124,-0.002875148767371858,0.007668078151121048,NA,NA,NA
Redondasuchus__lat_range_z_trans,0.3004597288370132,0.0008387925328269879,0.0116008706876475,0.32273017600273307,0.12086490960791707,0.7436629049479961
Redondasuchus__Temperate_N,0.3881126440130174,-0.00017798623802284643,0.01714309143945267,NA,NA,NA
Redondasuchus__Tropical,-0.5003838429111056,-0.008163905454911672,0.00036633913063673643,NA,NA,NA
Redondasuchus__Temperate_S,0.4835726182581857,0.0009154507560135403,0.020426439482642562,NA,NA,NA
Redondasuchus__Antarctic,0.08924057509750127,0.00011063965894825425,0.00406742694705423,NA,NA,NA
Redondasuchus__mat_z_trans,0.05878301214426756,-0.007338828310151888,0.02909914511926584,NA,NA,NA
Redondasuchus__map_z_trans,-0.4689251039177179,-0.0077361556675940735,0.006841374380687206,NA,NA,NA
Redondasuchus__wmm_z_trans,-0.18079071392305196,-0.005002314084481018,0.008116677541147985,NA,NA,NA
Redondasuchus__cmm_z_trans,-0.500140215025167,-0.010851816421012935,0.014872388664701714,NA,NA,NA
Redondasuchus__wmmcmm_z_trans,-0.20432465018704535,-0.006651748362630501,0.022999243195029953,NA,NA,NA
Redondasuchus__wetmon_z_trans,0.23244063772261142,-0.005493334546030067,0.02973307540295922,NA,NA,NA
Redondasuchus__drymon_z_trans,0.03800208754139021,-0.001460076486454852,0.007265664382364784,NA,NA,NA
Redondasuchus__wetdry_z_trans,0.22960829587653278,-0.00881575943099837,0.036250400989732805,NA,NA,NA
Redondasuchus__time,0.12919467216161137,-0.0014038670248138344,0.010604619056812302,NA,NA,NA
Redondavenator__lat_range_z_trans,0.29471086665987967,0.0009977049226385076,0.010195482302647073,0.29602496092069486,0.10492435918422416,0.4795599835924804
Redondavenator__Temperate_N,0.3643457570485771,-0.00035687661344327253,0.01594809705341833,NA,NA,NA
Redondavenator__Tropical,-0.4696759926318191,-0.006245196801985571,0.009447199200882274,NA,NA,NA
Redondavenator__Temperate_S,0.47203431439120325,0.0006712018992104492,0.017608875235662288,NA,NA,NA
Redondavenator__Antarctic,0.08700258151628076,0.00011692142597712142,0.0038116087370175227,NA,NA,NA
Redondavenator__mat_z_trans,0.042068166295066475,-0.009650864628763706,0.026228918683727873,NA,NA,NA
Redondavenator__map_z_trans,-0.47044449459761384,-0.008175389917453835,0.006166567834914839,NA,NA,NA
Redondavenator__wmm_z_trans,-0.19039189119823277,-0.006018295988855752,0.007159940276721658,NA,NA,NA
Redondavenator__cmm_z_trans,-0.5185855651058955,-0.010412963897787446,0.01938187531597828,NA,NA,NA
Redondavenator__wmmcmm_z_trans,-0.21828218569979072,-0.007226476721489072,0.020447436915515316,NA,NA,NA
Redondavenator__wetmon_z_trans,0.23524620421230794,-0.0055826815879674125,0.028340162289528223,NA,NA,NA
Redondavenator__drymon_z_trans,0.043151670289225875,-0.0010816709622456203,0.007875625897819729,NA,NA,NA
Redondavenator__wetdry_z_trans,0.2598304134653881,-0.006850780451853427,0.03605974499774246,NA,NA,NA
Redondavenator__time,0.13918834263262397,-0.0014155397552942399,0.010715221678559617,NA,NA,NA
Retymaijychampsa__lat_range_z_trans,0.34455782294273374,0.0016461730268289452,0.0156777471371101,0.3482865327585023,0.1917789950966835,0.5372345931828022
Retymaijychampsa__Temperate_N,0.4997545897308737,0.0011244249293549517,0.030307488957524664,NA,NA,NA
Retymaijychampsa__Tropical,0.338741924460046,-0.0003118426020930282,0.02245893322615271,NA,NA,NA
Retymaijychampsa__Temperate_S,-1.2234890577662736,-0.01883710915482459,-0.006667161996146065,NA,NA,NA
Retymaijychampsa__Antarctic,0.10504140742123128,0.00041184605173492705,0.005900968957063069,NA,NA,NA
Retymaijychampsa__mat_z_trans,0.0007640779670327902,-0.00691344130801075,0.02034412003084076,NA,NA,NA
Retymaijychampsa__map_z_trans,0.025875305654481054,-0.003966431491917454,0.021519360697898504,NA,NA,NA
Retymaijychampsa__wmm_z_trans,0.008746367167914286,-0.0038116248167072175,0.009151320891879436,NA,NA,NA
Retymaijychampsa__cmm_z_trans,0.1679068150743842,-0.003866565021794933,0.026039844381505386,NA,NA,NA
Retymaijychampsa__wmmcmm_z_trans,0.11265315458178521,-0.006048435152864398,0.02245210531867134,NA,NA,NA
Retymaijychampsa__wetmon_z_trans,-0.185647829665686,-0.008555967216562557,0.020158137001014657,NA,NA,NA
Retymaijychampsa__drymon_z_trans,0.027310007427004165,-0.0020926925208645413,0.00860483064622554,NA,NA,NA
Retymaijychampsa__wetdry_z_trans,-0.22622002215124667,-0.009995291911441514,0.014759527825870386,NA,NA,NA
Retymaijychampsa__time,0.10487086981185711,-1.3951890151121388e-05,0.008679533344525033,NA,NA,NA
Revueltosaurus__lat_range_z_trans,-0.8233125633001328,-0.02243254693034745,-0.021356579094267872,0.20992950820946135,0.07186201517470181,0.39500681310892105
Revueltosaurus__Temperate_N,0.2873228239826858,0.0006994762435931277,0.021340010082536373,NA,NA,NA
Revueltosaurus__Tropical,-0.1725343678612262,-0.006549252674831023,0.010332938720991605,NA,NA,NA
Revueltosaurus__Temperate_S,0.3562875171005726,0.002099908700486635,0.02498693976922423,NA,NA,NA
Revueltosaurus__Antarctic,0.032132803677814084,-0.0002480258995665236,0.0035013580411923997,NA,NA,NA
Revueltosaurus__mat_z_trans,0.11623896702891216,-0.004562512966518632,0.02692483170033972,NA,NA,NA
Revueltosaurus__map_z_trans,-0.12312008026055991,-0.007197231018378548,0.01628791534104334,NA,NA,NA
Revueltosaurus__wmm_z_trans,-0.06728426932590083,-0.0052592017286677535,0.017442588239042413,NA,NA,NA
Revueltosaurus__cmm_z_trans,0.012563851072918623,-0.005648810000371114,0.02219777785428467,NA,NA,NA
Revueltosaurus__wmmcmm_z_trans,0.03688328712945804,-0.002418456244368658,0.013116135875101893,NA,NA,NA
Revueltosaurus__wetmon_z_trans,0.14674853724427522,-0.0029571037910825285,0.035775010659501554,NA,NA,NA
Revueltosaurus__drymon_z_trans,0.025268106596777216,-0.0014789727417406499,0.008957272233461268,NA,NA,NA
Revueltosaurus__wetdry_z_trans,0.1492580254469067,-0.004646223456006419,0.03269633233287917,NA,NA,NA
Revueltosaurus__time,0.06504884225782007,-0.0006319565715137408,0.007184224664804727,NA,NA,NA
Rhipaeosaurus__lat_range_z_trans,-0.21458494218114013,-0.005856161353498756,-0.004578306836161889,0.48904106467438396,0.005017830990254879,3.4188485704362392
Rhipaeosaurus__Temperate_N,-0.24302796660034728,-0.01280927986381665,0.0035210119843264707,NA,NA,NA
Rhipaeosaurus__Tropical,0.13742358827223072,0.000586564400239692,0.013832266589487944,NA,NA,NA
Rhipaeosaurus__Temperate_S,0.18501202244271142,0.0007512213033844047,0.01768627638179399,NA,NA,NA
Rhipaeosaurus__Antarctic,0.024575088613951968,-0.0005636445021838423,0.0035168978117302288,NA,NA,NA
Rhipaeosaurus__mat_z_trans,0.07187073674451229,-0.003240997549059743,0.024339986435855613,NA,NA,NA
Rhipaeosaurus__map_z_trans,0.14795694513084243,-0.0007976906855404782,0.04468015226394906,NA,NA,NA
Rhipaeosaurus__wmm_z_trans,0.14505756876047152,-0.006274542982721785,0.02833436887163311,NA,NA,NA
Rhipaeosaurus__cmm_z_trans,-0.08631154709248536,-0.006291392160386036,0.007981235778491764,NA,NA,NA
Rhipaeosaurus__wmmcmm_z_trans,-0.08797451407206829,-0.009308327559868181,0.028972021194540964,NA,NA,NA
Rhipaeosaurus__wetmon_z_trans,0.01774611375502015,-0.006223217458307158,0.00879913862216586,NA,NA,NA
Rhipaeosaurus__drymon_z_trans,0.07343835268950823,-0.0030473283247313184,0.018934716895465234,NA,NA,NA
Rhipaeosaurus__wetdry_z_trans,-0.03412283110888968,-0.005198148445087984,0.012190388413463057,NA,NA,NA
Rhipaeosaurus__time,-0.0013067339784090836,-0.002957963897735444,0.011176602013394096,NA,NA,NA
Rhombopholis__lat_range_z_trans,-0.03804026723637049,-0.0037128530805761507,-0.00042023136568824354,1.1020296548053738,0.005520829930901527,3.911653410643339
Rhombopholis__Temperate_N,-0.10608557843245413,-0.011342705934783225,-0.0010852503227118716,NA,NA,NA
Rhombopholis__Tropical,-0.022897059549452436,-0.005639992554225908,0.014686363637241254,NA,NA,NA
Rhombopholis__Temperate_S,0.0649940791400606,-0.00013591502221744584,0.013964787988436506,NA,NA,NA
Rhombopholis__Antarctic,0.003599481270158557,-0.0005386060779886982,0.002755076112245517,NA,NA,NA
Rhombopholis__mat_z_trans,0.027331062708837908,-0.0077257674402916995,0.032185667923470475,NA,NA,NA
Rhombopholis__map_z_trans,0.07330108628881107,-0.0016477249531066452,0.031367672255338895,NA,NA,NA
Rhombopholis__wmm_z_trans,0.05314594592754035,-0.0051998310170886545,0.019558881645344063,NA,NA,NA
Rhombopholis__cmm_z_trans,0.06684378247732008,-0.00322185536764417,0.03332258922920568,NA,NA,NA
Rhombopholis__wmmcmm_z_trans,0.03424014526558042,-0.002920696712258786,0.02647354541882322,NA,NA,NA
Rhombopholis__wetmon_z_trans,-0.02117747981162793,-0.008426982013497303,0.016740680434887047,NA,NA,NA
Rhombopholis__drymon_z_trans,0.011527077609135765,-0.0002633553822515864,0.007142045673865627,NA,NA,NA
Rhombopholis__wetdry_z_trans,-0.013735989654766778,-0.009047564728767606,0.01794050682906401,NA,NA,NA
Rhombopholis__time,0.00270559537313583,-0.0014070587946154016,0.004754420960613324,NA,NA,NA
Rioarribasuchus__lat_range_z_trans,-0.6997434344887733,-0.014687205153091533,-0.019839846829934008,0.18302037364999704,0.006414738483726978,0.3139763052458875
Rioarribasuchus__Temperate_N,0.2951586121693254,0.0006487737037674577,0.023749751348784712,NA,NA,NA
Rioarribasuchus__Tropical,-0.21336464484687895,-0.0069934487384745135,0.009871780681253304,NA,NA,NA
Rioarribasuchus__Temperate_S,0.36111722655594347,0.0017023987112363948,0.026770181120608562,NA,NA,NA
Rioarribasuchus__Antarctic,0.039783391475793906,-0.00013216201257169364,0.004081210584306177,NA,NA,NA
Rioarribasuchus__mat_z_trans,0.09337125099496917,-0.005720493110903137,0.02329216015820249,NA,NA,NA
Rioarribasuchus__map_z_trans,-0.22243949039257133,-0.009403410017169177,0.0134046905396716,NA,NA,NA
Rioarribasuchus__wmm_z_trans,-0.07554035187757108,-0.006441243552272139,0.014807064439728115,NA,NA,NA
Rioarribasuchus__cmm_z_trans,-0.061565650808333885,-0.006694770437392417,0.01970658810703717,NA,NA,NA
Rioarribasuchus__wmmcmm_z_trans,0.01780840987310512,-0.002879955142992614,0.011266646613477583,NA,NA,NA
Rioarribasuchus__wetmon_z_trans,0.18148479621857405,-0.004861203524499216,0.03578698187361144,NA,NA,NA
Rioarribasuchus__drymon_z_trans,0.026027755709728807,-0.0015547615552711379,0.009569900927144808,NA,NA,NA
Rioarribasuchus__wetdry_z_trans,0.19207671109514193,-0.004108191837860983,0.03898041782892433,NA,NA,NA
Rioarribasuchus__time,0.0717578325397335,-0.00010523641181856899,0.007939229027319201,NA,NA,NA
Riojasaurus__lat_range_z_trans,0.28302450299263,0.0011000337429995686,0.011547245030817438,0.34950057983398436,0.03944012150168419,1.020741619169712
Riojasaurus__Temperate_N,0.3723247266188264,-0.0006995570729502428,0.01796506663795466,NA,NA,NA
Riojasaurus__Tropical,0.32346947759389877,0.00011080072103879677,0.01609870693794997,NA,NA,NA
Riojasaurus__Temperate_S,-0.6117079752869904,-0.009641144614587625,0.00043761019692435476,NA,NA,NA
Riojasaurus__Antarctic,0.07571695953141898,0.00015518166168457964,0.00401043355267504,NA,NA,NA
Riojasaurus__mat_z_trans,0.11342268724809401,-0.008549970746213978,0.029236796354889346,NA,NA,NA
Riojasaurus__map_z_trans,-0.3943617905699648,-0.007818185505449897,0.008300993465599059,NA,NA,NA
Riojasaurus__wmm_z_trans,-0.17407401812262832,-0.005044953341545282,0.008951036174989315,NA,NA,NA
Riojasaurus__cmm_z_trans,-0.4017202920792624,-0.01221292511026703,0.01519959524454217,NA,NA,NA
Riojasaurus__wmmcmm_z_trans,-0.08585945083759725,-0.006071780330604369,0.02360579011574749,NA,NA,NA
Riojasaurus__wetmon_z_trans,0.24806702862377278,-0.004515597844594373,0.03208469977111875,NA,NA,NA
Riojasaurus__drymon_z_trans,0.04436145916115493,-0.0012210861286821447,0.00959735877491279,NA,NA,NA
Riojasaurus__wetdry_z_trans,0.21828941776882857,-0.005701611882780712,0.03306396809639552,NA,NA,NA
Riojasaurus__time,0.12397907318547369,-0.0011201126273605708,0.009287456065619603,NA,NA,NA
Riojasuchus__lat_range_z_trans,0.2728067979216576,0.0010561602348769295,0.010621123129668866,0.2739699273061706,0.019466551020741463,1.1134128384292126
Riojasuchus__Temperate_N,0.3609479369019391,0.00041015946578400143,0.016718326094423214,NA,NA,NA
Riojasuchus__Tropical,0.31562595451250675,0.00047484262503298203,0.01626444469013082,NA,NA,NA
Riojasuchus__Temperate_S,-0.5818511828035117,-0.008646416922729027,0.002038858090196518,NA,NA,NA
Riojasuchus__Antarctic,0.0745945164002478,4.6963421785525774e-05,0.003391404715052216,NA,NA,NA
Riojasuchus__mat_z_trans,0.14849433938856238,-0.007771744098326087,0.03643088958539949,NA,NA,NA
Riojasuchus__map_z_trans,-0.3819488980434835,-0.008397835674920707,0.006349795573614762,NA,NA,NA
Riojasuchus__wmm_z_trans,-0.22683387925848364,-0.005418987803117573,0.010230464256597007,NA,NA,NA
Riojasuchus__cmm_z_trans,-0.40626044877106327,-0.012349853020227362,0.016666835486125443,NA,NA,NA
Riojasuchus__wmmcmm_z_trans,-0.14311148992972447,-0.007292197603137609,0.02211428454916117,NA,NA,NA
Riojasuchus__wetmon_z_trans,0.2165975329093635,-0.004956000809828585,0.03103695273319907,NA,NA,NA
Riojasuchus__drymon_z_trans,0.05284600231330842,-0.0013929308843421977,0.006696203645986025,NA,NA,NA
Riojasuchus__wetdry_z_trans,0.22930414810776711,-0.005663071515262688,0.030580079598176758,NA,NA,NA
Riojasuchus__time,0.1295604400150478,-0.0013299964949008787,0.010247094272404129,NA,NA,NA
Romeria__lat_range_z_trans,0.029659188925563126,0.0005026424036907487,0.007687277022419473,1.5321670016867392,0.1279714610427618,3.5416124016046524
Romeria__Temperate_N,0.03413832156143889,-0.00020183655863132726,0.009563530225326368,NA,NA,NA
Romeria__Tropical,-0.03929319743415964,-0.004676482198343103,0.002363553412354297,NA,NA,NA
Romeria__Temperate_S,0.0409266517147582,0.000536856069209565,0.009901526092331294,NA,NA,NA
Romeria__Antarctic,0.002707802897455513,-0.0005924002222330895,0.0019942356344908358,NA,NA,NA
Romeria__mat_z_trans,0.004331910490894976,-0.0035331598392935714,0.01116967598928071,NA,NA,NA
Romeria__map_z_trans,-0.09607573285294625,-0.013449592944831274,0.019927958030811085,NA,NA,NA
Romeria__wmm_z_trans,0.07338476359100912,-0.005124891229995777,0.032540199286925975,NA,NA,NA
Romeria__cmm_z_trans,-0.00013907347969536863,-0.0011058362818788198,0.004412754893724269,NA,NA,NA
Romeria__wmmcmm_z_trans,-0.01821568528204295,-0.0055691738844361165,0.019973443756816762,NA,NA,NA
Romeria__wetmon_z_trans,0.04348078749335992,-0.00999205236623863,0.030355225270202436,NA,NA,NA
Romeria__drymon_z_trans,0.012779934852963014,-0.006622878653021615,0.025624106431630093,NA,NA,NA
Romeria__wetdry_z_trans,0.06021462275314523,-0.007832868070588202,0.03072725922937271,NA,NA,NA
Romeria__time,-0.012148413855834936,-0.003569235302722064,0.013146011144449176,NA,NA,NA
Rothianiscus__lat_range_z_trans,0.31193519741296766,0.0009180009417271508,0.00951159125367227,0.23958479321561754,0.045229263603687286,0.47357716015540063
Rothianiscus__Temperate_N,0.39109903495758774,0.00020314596299095318,0.013382569467727073,NA,NA,NA
Rothianiscus__Tropical,-0.8674624873697758,-0.010527984993610934,0.0022620588992115697,NA,NA,NA
Rothianiscus__Temperate_S,0.4703694100677967,0.0008495941606217452,0.014614472086465059,NA,NA,NA
Rothianiscus__Antarctic,0.10231661623343825,0.00014973879255662068,0.0033655354029830664,NA,NA,NA
Rothianiscus__mat_z_trans,0.034099661852233114,-0.004712699168061745,0.022581660632634896,NA,NA,NA
Rothianiscus__map_z_trans,0.33830711715156214,-0.002388155318033783,0.028177802344953227,NA,NA,NA
Rothianiscus__wmm_z_trans,0.26663143386482263,-0.0049329212790476685,0.02965790555362225,NA,NA,NA
Rothianiscus__cmm_z_trans,-0.3013816568511538,-0.007472390745698893,0.008078880955920359,NA,NA,NA
Rothianiscus__wmmcmm_z_trans,-0.41178286742419007,-0.00988681035250367,0.02379066018008948,NA,NA,NA
Rothianiscus__wetmon_z_trans,-0.11878893744433298,-0.005144036604932871,0.02148176641923535,NA,NA,NA
Rothianiscus__drymon_z_trans,0.04012825721642002,-0.007145209112053325,0.01932371428861266,NA,NA,NA
Rothianiscus__wetdry_z_trans,-0.1938339615985751,-0.006581075980631641,0.011473261502409482,NA,NA,NA
Rothianiscus__time,-0.06468556097592228,-0.00456010538263522,0.011684877432598764,NA,NA,NA
Ruehleia__lat_range_z_trans,0.12007125896395633,0.0009475101151757079,0.00997027426541552,0.544923374686332,0.16947664320468903,1.04928233101964
Ruehleia__Temperate_N,-0.17913534233053688,-0.007644430836238541,0.002041977370367085,NA,NA,NA
Ruehleia__Tropical,0.1290057082624419,-0.00023380507282371084,0.014468117847440272,NA,NA,NA
Ruehleia__Temperate_S,0.18994092275844654,0.0008396285373331457,0.018615266077536802,NA,NA,NA
Ruehleia__Antarctic,0.030707341662435876,-6.796919489991546e-05,0.00334233149351049,NA,NA,NA
Ruehleia__mat_z_trans,0.07945543107261978,-0.008056980763014629,0.030441730873286665,NA,NA,NA
Ruehleia__map_z_trans,-0.18269037678994515,-0.007202135803534903,0.005885573617768446,NA,NA,NA
Ruehleia__wmm_z_trans,-0.09455208658811258,-0.007863734714578387,0.010395131672907098,NA,NA,NA
Ruehleia__cmm_z_trans,-0.1649972755182448,-0.00967343508120167,0.021186956627153652,NA,NA,NA
Ruehleia__wmmcmm_z_trans,-0.06423735093543424,-0.00773948781375165,0.022230445744084667,NA,NA,NA
Ruehleia__wetmon_z_trans,0.10225055365185909,-0.004379087190324488,0.03055795373480847,NA,NA,NA
Ruehleia__drymon_z_trans,0.015216828949011496,-0.0016214991944667881,0.006573605959843216,NA,NA,NA
Ruehleia__wetdry_z_trans,0.0900329853653896,-0.00748156535183716,0.030975074839388307,NA,NA,NA
Ruehleia__time,0.06468328285202192,-0.001053916715150293,0.01270231629662481,NA,NA,NA
Rugarhynchos__lat_range_z_trans,0.28026081815361975,0.000887348722299095,0.009940058361788814,0.22873055703857972,0.05470803380012512,0.3867389149963856
Rugarhynchos__Temperate_N,0.3474788975343108,0.0002683920894072493,0.015482059375395511,NA,NA,NA
Rugarhynchos__Tropical,-0.4433047330309637,-0.007798503615108485,0.0001491537764759134,NA,NA,NA
Rugarhynchos__Temperate_S,0.4516222463734448,0.0008919330439393507,0.017738263292694876,NA,NA,NA
Rugarhynchos__Antarctic,0.08194996893405915,0.00011840536088723233,0.0034202293994227877,NA,NA,NA
Rugarhynchos__mat_z_trans,0.08366836443543434,-0.008822546776609666,0.03531972172673738,NA,NA,NA
Rugarhynchos__map_z_trans,-0.43862184198573234,-0.008014797147069702,0.005478200992932482,NA,NA,NA
Rugarhynchos__wmm_z_trans,-0.2568206824408844,-0.006003349091156749,0.011566929448641244,NA,NA,NA
Rugarhynchos__cmm_z_trans,-0.5232630075328052,-0.01038710250672063,0.020514410251318633,NA,NA,NA
Rugarhynchos__wmmcmm_z_trans,-0.20033921212889255,-0.0072085292146731325,0.018412427452354285,NA,NA,NA
Rugarhynchos__wetmon_z_trans,0.22074832220561802,-0.005087640048464988,0.027312081020741508,NA,NA,NA
Rugarhynchos__drymon_z_trans,0.036136132723186165,-0.0015986643915016805,0.006447784244564101,NA,NA,NA
Rugarhynchos__wetdry_z_trans,0.21399051404558123,-0.0064387015787351586,0.03742212650390874,NA,NA,NA
Rugarhynchos__time,0.15463776436088664,-0.002037153925806013,0.010183310573159207,NA,NA,NA
Ruhuhuaria__lat_range_z_trans,0.2048081212648133,0.0015651926044988097,0.011846617872991426,0.4419372578948969,0.09393199160695076,0.5977147361263633
Ruhuhuaria__Temperate_N,0.2798670837341185,0.000816876873438572,0.021654592502963192,NA,NA,NA
Ruhuhuaria__Tropical,0.22546165286492414,-0.00016655163633545395,0.015136950776845402,NA,NA,NA
Ruhuhuaria__Temperate_S,-0.6347720452751833,-0.01599894606359869,-0.0023596920082477996,NA,NA,NA
Ruhuhuaria__Antarctic,0.05353068695594403,0.0002548187647912211,0.004459092671131163,NA,NA,NA
Ruhuhuaria__mat_z_trans,-0.032257221963148036,-0.0054759969824421705,0.013645884938648791,NA,NA,NA
Ruhuhuaria__map_z_trans,0.3683207792701938,-0.0024311133554378523,0.03742049811291473,NA,NA,NA
Ruhuhuaria__wmm_z_trans,0.20284481707231833,-0.001723324998061772,0.02781654761869912,NA,NA,NA
Ruhuhuaria__cmm_z_trans,0.013194522615864556,-0.004365151227530343,0.011123963430580612,NA,NA,NA
Ruhuhuaria__wmmcmm_z_trans,-0.05701020128490313,-0.005877961781939679,0.008983823527229245,NA,NA,NA
Ruhuhuaria__wetmon_z_trans,-0.29264556455341006,-0.01348348305636603,0.025392017458167097,NA,NA,NA
Ruhuhuaria__drymon_z_trans,0.03479190391745022,-0.0008924907878539614,0.004865818284367787,NA,NA,NA
Ruhuhuaria__wetdry_z_trans,-0.275921307968484,-0.01246559233220994,0.033989037180878694,NA,NA,NA
Ruhuhuaria__time,0.045538654725410466,-0.0009871851002659943,0.005411604052966049,NA,NA,NA
Rutiodon__lat_range_z_trans,-0.8180262005329132,-0.01883459089957328,-0.016716183996456378,0.19045528581598772,0.03637283178977668,0.4037818288197741
Rutiodon__Temperate_N,0.27330737430602314,0.000872328160221432,0.02512091655341538,NA,NA,NA
Rutiodon__Tropical,-0.16204404782736673,-0.0070117539806599264,0.006962348912780653,NA,NA,NA
Rutiodon__Temperate_S,0.3467569174245,0.0018579210549839727,0.02947604765341833,NA,NA,NA
Rutiodon__Antarctic,0.029684088271460497,-0.00016699691221772005,0.003991963193615928,NA,NA,NA
Rutiodon__mat_z_trans,0.08735776713350787,-0.0053723416974086335,0.02412430803219041,NA,NA,NA
Rutiodon__map_z_trans,-0.15677148435846902,-0.00911140178751825,0.00988723339742126,NA,NA,NA
Rutiodon__wmm_z_trans,-0.04572381136647891,-0.004546267371217283,0.01815938356187455,NA,NA,NA
Rutiodon__cmm_z_trans,-0.01492938316310756,-0.006048209862704308,0.014244436360297446,NA,NA,NA
Rutiodon__wmmcmm_z_trans,0.04716746004880406,-0.0026000615077403067,0.013540015807307843,NA,NA,NA
Rutiodon__wetmon_z_trans,0.18853288863319903,-0.0035872857913044997,0.03589725804348431,NA,NA,NA
Rutiodon__drymon_z_trans,0.024280914447735995,-0.0014665131548828707,0.01044658908502789,NA,NA,NA
Rutiodon__wetdry_z_trans,0.1653488311334513,-0.005160513551491022,0.034611414259178706,NA,NA,NA
Rutiodon__time,0.05988204115768894,-5.522177780057713e-05,0.009641025556579164,NA,NA,NA
Sacisaurus__lat_range_z_trans,0.2758161151409149,0.0010176508617641023,0.010688867378201081,0.27968397649223337,0.0213768407702446,1.0376456454396248
Sacisaurus__Temperate_N,0.3661356907710433,0.00043463773976337613,0.021082701674342105,NA,NA,NA
Sacisaurus__Tropical,0.3185228492319584,0.0003608571996703373,0.017750301389831587,NA,NA,NA
Sacisaurus__Temperate_S,-0.5973447495432629,-0.009984768474958692,-0.001095891559812697,NA,NA,NA
Sacisaurus__Antarctic,0.07563851698301732,0.0001565105738770488,0.0037257735175724397,NA,NA,NA
Sacisaurus__mat_z_trans,0.11898921138606966,-0.007488373276989753,0.03198796522207484,NA,NA,NA
Sacisaurus__map_z_trans,-0.38328329668845984,-0.007495535641204747,0.009003829279053188,NA,NA,NA
Sacisaurus__wmm_z_trans,-0.1675181038142182,-0.004701269864555542,0.011096589896036473,NA,NA,NA
Sacisaurus__cmm_z_trans,-0.39610427208943294,-0.012118989435968371,0.013586367419646906,NA,NA,NA
Sacisaurus__wmmcmm_z_trans,-0.17714605732588098,-0.007376437117493157,0.018900258697247218,NA,NA,NA
Sacisaurus__wetmon_z_trans,0.24057982399011962,-0.006085803701615371,0.030154716366599433,NA,NA,NA
Sacisaurus__drymon_z_trans,0.042448541121557354,-0.0011999911954679364,0.00770800256546991,NA,NA,NA
Sacisaurus__wetdry_z_trans,0.22865189848933368,-0.005456586432086566,0.036068484670153514,NA,NA,NA
Sacisaurus__time,0.11999740919331088,-0.0012928103140480089,0.008728789903719497,NA,NA,NA
Saltoposuchus__lat_range_z_trans,-0.24276583824306727,-0.0027042227653485645,-0.001159819831488373,0.1897210439783521,0.007176437880843878,0.42978653497993946
Saltoposuchus__Temperate_N,-0.38837085041217506,-0.008221869636650435,0.0017909135752207177,NA,NA,NA
Saltoposuchus__Tropical,0.2685117691732012,1.797416455090481e-05,0.015603740081949896,NA,NA,NA
Saltoposuchus__Temperate_S,0.4140506230015308,0.0011200020605972806,0.020183341420787513,NA,NA,NA
Saltoposuchus__Antarctic,0.07152057949453593,1.5317996784424822e-05,0.0033538935472280347,NA,NA,NA
Saltoposuchus__mat_z_trans,0.17348735738545656,-0.005421017385778367,0.0416568184065594,NA,NA,NA
Saltoposuchus__map_z_trans,-0.3940943455742672,-0.008266732347136617,0.0061950322507100634,NA,NA,NA
Saltoposuchus__wmm_z_trans,-0.1411221348447725,-0.004678472577735253,0.010987178991515524,NA,NA,NA
Saltoposuchus__cmm_z_trans,-0.33367775146849454,-0.012095363726759581,0.017682113140414082,NA,NA,NA
Saltoposuchus__wmmcmm_z_trans,-0.08385895073413849,-0.00727370352657665,0.02195459933450041,NA,NA,NA
Saltoposuchus__wetmon_z_trans,0.24031344121322035,-0.0047078869782928275,0.03125247909488116,NA,NA,NA
Saltoposuchus__drymon_z_trans,0.05509853217517957,-0.0007922704623427827,0.007898647297177413,NA,NA,NA
Saltoposuchus__wetdry_z_trans,0.20551168356090785,-0.007768277792820302,0.032089065590192895,NA,NA,NA
Saltoposuchus__time,0.13531451324699448,-0.00045438610180450936,0.009898753520486765,NA,NA,NA
Sanchuansaurus__lat_range_z_trans,0.0986383458524245,0.000982679083114301,0.00947853755735364,0.7511702863685786,0.0897243544459343,1.8241144120693207
Sanchuansaurus__Temperate_N,-0.23878423835600934,-0.008446134248980594,-0.0010662618138622994,NA,NA,NA
Sanchuansaurus__Tropical,0.07116256990017483,-0.0005604857344035381,0.011700054946281789,NA,NA,NA
Sanchuansaurus__Temperate_S,0.14883432927573673,0.0011271135435306089,0.016029097544534635,NA,NA,NA
Sanchuansaurus__Antarctic,0.026471251246268784,-0.00011807162477997555,0.003653421331036111,NA,NA,NA
Sanchuansaurus__mat_z_trans,-0.17473219166729562,-0.012504527711663764,0.02989270322541158,NA,NA,NA
Sanchuansaurus__map_z_trans,0.021858210373526515,-0.000854528486374162,0.007119585623797671,NA,NA,NA
Sanchuansaurus__wmm_z_trans,0.005963682441864843,-0.001077760399586377,0.0048912970944043265,NA,NA,NA
Sanchuansaurus__cmm_z_trans,0.14766157651491035,-0.010493516644463479,0.03902083059759699,NA,NA,NA
Sanchuansaurus__wmmcmm_z_trans,0.07377352125914041,-0.010074219249508803,0.03885988308168344,NA,NA,NA
Sanchuansaurus__wetmon_z_trans,-0.0031535902615923814,-0.0026610506089263398,0.009379462851401994,NA,NA,NA
Sanchuansaurus__drymon_z_trans,0.006858200137211785,-0.00784847696960622,0.021217650801174055,NA,NA,NA
Sanchuansaurus__wetdry_z_trans,-0.04091527533536039,-0.006786126244447687,0.02115604303625482,NA,NA,NA
Sanchuansaurus__time,-0.007884510005092178,-0.0019158037832172458,0.00805445054306675,NA,NA,NA
Sanjuansaurus__lat_range_z_trans,0.062341382816249076,0.002090288370092843,0.014145816553141623,0.9270537118933863,0.49624259024858475,1.3613374028354883
Sanjuansaurus__Temperate_N,0.0904700652859439,0.0012644663856577754,0.02682898597732705,NA,NA,NA
Sanjuansaurus__Tropical,0.07370814630988015,0.0008766440693230898,0.022902981219060974,NA,NA,NA
Sanjuansaurus__Temperate_S,-0.14091078178350777,-0.016482332104378338,-0.002124364893618846,NA,NA,NA
Sanjuansaurus__Antarctic,0.012484248066182126,7.12581407216774e-05,0.004061434095033157,NA,NA,NA
Sanjuansaurus__mat_z_trans,0.0217086605471136,-0.005835657282121482,0.024357600688061306,NA,NA,NA
Sanjuansaurus__map_z_trans,-0.06903886692279379,-0.011201804592945312,0.008227091168285848,NA,NA,NA
Sanjuansaurus__wmm_z_trans,-0.03423679896637371,-0.008320953516033762,0.01155881518364206,NA,NA,NA
Sanjuansaurus__cmm_z_trans,-0.017219719299542306,-0.007548880856712855,0.013598945785206533,NA,NA,NA
Sanjuansaurus__wmmcmm_z_trans,-0.0003348226073539167,-0.003206340702540851,0.008806458053422232,NA,NA,NA
Sanjuansaurus__wetmon_z_trans,0.05505985360167753,-0.003764315460947201,0.03065811615379473,NA,NA,NA
Sanjuansaurus__drymon_z_trans,0.006408047431517702,-0.0024066775465742757,0.011026147198705807,NA,NA,NA
Sanjuansaurus__wetdry_z_trans,0.053455734882165706,-0.005993874410713015,0.03585667904126023,NA,NA,NA
Sanjuansaurus__time,0.02185673201475055,-0.0007727295721415686,0.009482050196812796,NA,NA,NA
Santaisaurus__lat_range_z_trans,0.02423082166031839,0.001819965903964276,0.011244575619015935,2.7500255087268304,1.5166008695960045,4.265391863882542
Santaisaurus__Temperate_N,-0.05480163651868837,-0.013034888871406011,-0.007181594443655272,NA,NA,NA
Santaisaurus__Tropical,0.01581134572975053,-0.0014438658567090326,0.013817683260283825,NA,NA,NA
Santaisaurus__Temperate_S,0.03506833258717549,0.0014244522210004747,0.01697571984913319,NA,NA,NA
Santaisaurus__Antarctic,0.0003796481257323177,-0.000580114968467573,0.0018755281166652096,NA,NA,NA
Santaisaurus__mat_z_trans,0.0002688290933166168,-0.010936136286731013,0.023562497078859202,NA,NA,NA
Santaisaurus__map_z_trans,0.039845188926760096,-0.0023620165297522653,0.02881263294646526,NA,NA,NA
Santaisaurus__wmm_z_trans,0.021644909752528498,-0.005865560426785461,0.019786192148348473,NA,NA,NA
Santaisaurus__cmm_z_trans,0.03746616192700853,-0.005862017293365876,0.0368777550266639,NA,NA,NA
Santaisaurus__wmmcmm_z_trans,0.01981966698654471,-0.004770266009341303,0.022922050416368366,NA,NA,NA
Santaisaurus__wetmon_z_trans,-0.003791565342337979,-0.007310747296401784,0.01716756921385955,NA,NA,NA
Santaisaurus__drymon_z_trans,0.005234438511391393,-0.0017725985426330954,0.006958217083688718,NA,NA,NA
Santaisaurus__wetdry_z_trans,-0.0015568142569853752,-0.008076299295360325,0.020835337056982307,NA,NA,NA
Santaisaurus__time,-0.0038674458066059883,-0.0024608158273242892,0.005732593047456826,NA,NA,NA
Sarcosaurus__lat_range_z_trans,0.052008048647578124,0.001600046939548955,0.01103860584501337,0.9737578368904292,0.5875700861215591,1.493650644668378
Sarcosaurus__Temperate_N,-0.060232918251690325,-0.007743521963472137,0.003066695873745197,NA,NA,NA
Sarcosaurus__Tropical,0.056052588981120775,-0.00022362769338098466,0.015787396548580225,NA,NA,NA
Sarcosaurus__Temperate_S,0.08117975052363641,0.0010672847753290342,0.02207782787148731,NA,NA,NA
Sarcosaurus__Antarctic,0.007640611907977656,-0.0002387955505999956,0.002326936170115365,NA,NA,NA
Sarcosaurus__mat_z_trans,0.02765376578944285,-0.007236791976485637,0.0364515448948866,NA,NA,NA
Sarcosaurus__map_z_trans,-0.045459458531644195,-0.00722612593755886,0.0046062139042316675,NA,NA,NA
Sarcosaurus__wmm_z_trans,-0.08977859072642168,-0.014519582494263349,0.022959471914489694,NA,NA,NA
Sarcosaurus__cmm_z_trans,-0.02554188141387235,-0.006053296454290933,0.012660942421912284,NA,NA,NA
Sarcosaurus__wmmcmm_z_trans,0.026924597864521026,-0.002645029701512954,0.01517578733304896,NA,NA,NA
Sarcosaurus__wetmon_z_trans,0.035611545357091406,-0.005471860993666339,0.02259565248268629,NA,NA,NA
Sarcosaurus__drymon_z_trans,0.0076036272432171235,-0.0005644683248369545,0.003642209916054854,NA,NA,NA
Sarcosaurus__wetdry_z_trans,0.036779570324938136,-0.00578152823514714,0.02520561705798649,NA,NA,NA
Sarcosaurus__time,0.025310623660013885,-0.006193611468975981,0.02179185418589719,NA,NA,NA
Sarmatosuchus__lat_range_z_trans,0.03355130979083776,0.002261300616888192,0.01178530905999513,1.7670111631254075,0.8854637742042542,2.834851497784257
Sarmatosuchus__Temperate_N,-0.05813606811866566,-0.01562959197579833,0.003868211574315367,NA,NA,NA
Sarmatosuchus__Tropical,0.03920448785974529,0.0011646872199726317,0.01676856892819366,NA,NA,NA
Sarmatosuchus__Temperate_S,0.05305428900628214,0.002641660940698093,0.021114215103032997,NA,NA,NA
Sarmatosuchus__Antarctic,0.0026198421573396797,-0.00044694658880696124,0.0026132394421515682,NA,NA,NA
Sarmatosuchus__mat_z_trans,0.002731671070630627,-0.003910185418180154,0.01617303681683218,NA,NA,NA
Sarmatosuchus__map_z_trans,0.07161335492375721,-0.002284662124335149,0.03960522991990164,NA,NA,NA
Sarmatosuchus__wmm_z_trans,0.029000839391754,-0.004054366163064389,0.020054670306187492,NA,NA,NA
Sarmatosuchus__cmm_z_trans,0.008276648571578085,-0.0033864697088813464,0.01284246287233116,NA,NA,NA
Sarmatosuchus__wmmcmm_z_trans,-0.007451907712576767,-0.006273010375122434,0.006512417958013249,NA,NA,NA
Sarmatosuchus__wetmon_z_trans,-0.02215769829276324,-0.01442788809292911,0.02188392496134461,NA,NA,NA
Sarmatosuchus__drymon_z_trans,0.003922791422397033,-0.0010460418425498011,0.004129332100239788,NA,NA,NA
Sarmatosuchus__wetdry_z_trans,-0.022134769011580964,-0.014187357228399141,0.03809848699157459,NA,NA,NA
Sarmatosuchus__time,0.0016570903171736393,-0.0016520383388053755,0.0039376503860220685,NA,NA,NA
Saturnalia__lat_range_z_trans,-0.17775049402378498,-0.0031909870600993016,-0.0005008560473097824,0.18661249092197976,0.02390185697004199,0.4506765604019165
Saturnalia__Temperate_N,0.42085597351193427,0.0005862822311889655,0.025763944586706927,NA,NA,NA
Saturnalia__Tropical,0.3364231959171593,0.0008357431012035476,0.023601288620362943,NA,NA,NA
Saturnalia__Temperate_S,-0.806718658329919,-0.015638291530490494,-0.002815067739848606,NA,NA,NA
Saturnalia__Antarctic,0.09225045808125287,0.00034962559907164304,0.005857176417555223,NA,NA,NA
Saturnalia__mat_z_trans,0.04290394906449364,-0.005928152060698048,0.018330914866568782,NA,NA,NA
Saturnalia__map_z_trans,-0.3392353235837072,-0.01041451789446584,0.012225903936896421,NA,NA,NA
Saturnalia__wmm_z_trans,-0.13060036606068023,-0.006696124234602277,0.01461234000663846,NA,NA,NA
Saturnalia__cmm_z_trans,-0.0783960964216385,-0.005686848119417495,0.01916319918315473,NA,NA,NA
Saturnalia__wmmcmm_z_trans,0.0065808903763536365,-0.003243815626328846,0.012534286027057109,NA,NA,NA
Saturnalia__wetmon_z_trans,0.22405812921002508,-0.004665370933999134,0.03159500881431387,NA,NA,NA
Saturnalia__drymon_z_trans,0.05465651164297015,-0.0016776305630034159,0.009960967923591163,NA,NA,NA
Saturnalia__wetdry_z_trans,0.18508848506957293,-0.005879246796781773,0.03835953141738959,NA,NA,NA
Saturnalia__time,0.12332987358560786,1.8424809109194054e-05,0.010698118407058687,NA,NA,NA
Saurodektes__lat_range_z_trans,-1.3818074297904968,-0.01573137456149759,-0.022734167982505982,0.18245079142448958,0.0330749973654747,0.3662633150815964
Saurodektes__Temperate_N,0.36350325293838975,0.0007157554760304432,0.01577553438828667,NA,NA,NA
Saurodektes__Tropical,0.22179429319687188,-0.00020487596758728377,0.014112415671060306,NA,NA,NA
Saurodektes__Temperate_S,-0.5875801962986589,-0.009813376401654935,-0.0007348232472269242,NA,NA,NA
Saurodektes__Antarctic,0.06027113883988932,2.4722757754064528e-05,0.00323759717006423,NA,NA,NA
Saurodektes__mat_z_trans,0.0014188081910833717,-0.01068987411921259,0.02171882395577596,NA,NA,NA
Saurodektes__map_z_trans,0.327231862063054,-0.0010556104936650563,0.023952369221457638,NA,NA,NA
Saurodektes__wmm_z_trans,0.29472659119754097,-0.0014890846516100787,0.022092932264827083,NA,NA,NA
Saurodektes__cmm_z_trans,0.4334010373009369,-0.0039888753644914485,0.056996493196989594,NA,NA,NA
Saurodektes__wmmcmm_z_trans,0.2437558226531837,-0.0038988051722152863,0.02557593168959136,NA,NA,NA
Saurodektes__wetmon_z_trans,-0.07489809034625068,-0.006252692164218509,0.016840562295199975,NA,NA,NA
Saurodektes__drymon_z_trans,0.12286355772288517,-0.0006676252248933868,0.01617350119924802,NA,NA,NA
Saurodektes__wetdry_z_trans,-0.10017818943597376,-0.007583148267565442,0.02028962095149234,NA,NA,NA
Saurodektes__time,0.05776039820164442,-0.0005960449244861738,0.006089965645875223,NA,NA,NA
Sauropareion__lat_range_z_trans,-1.465860135257244,-0.017304994039047332,-0.023195249844477975,0.19207333477621433,0.0330749973654747,0.3662633150815964
Sauropareion__Temperate_N,0.36726446755230424,0.0008083804824953217,0.01757492718407226,NA,NA,NA
Sauropareion__Tropical,0.22299654909409583,-0.00023138870616598695,0.015250836139731126,NA,NA,NA
Sauropareion__Temperate_S,-0.5931225039064885,-0.01108331296949883,-0.001389278305514279,NA,NA,NA
Sauropareion__Antarctic,0.06144689208129421,0.00014334714490820351,0.003931175956984256,NA,NA,NA
Sauropareion__mat_z_trans,0.046695660506375136,-0.007338770215455048,0.036162430981601414,NA,NA,NA
Sauropareion__map_z_trans,0.3889921135082841,-0.0011922157060238656,0.027468606722060977,NA,NA,NA
Sauropareion__wmm_z_trans,0.3075247125327587,-0.0016817852038252998,0.02387512511468859,NA,NA,NA
Sauropareion__cmm_z_trans,0.456227943780832,-0.0026345116776033723,0.047842408336875836,NA,NA,NA
Sauropareion__wmmcmm_z_trans,0.23066982358577662,-0.0033989663787204164,0.021833925283640282,NA,NA,NA
Sauropareion__wetmon_z_trans,-0.08577491424744949,-0.007061845110341412,0.01819905691919947,NA,NA,NA
Sauropareion__drymon_z_trans,0.0911318878410384,-0.0007540217567296808,0.0073058393996131045,NA,NA,NA
Sauropareion__wetdry_z_trans,-0.09922301171347499,-0.008827646602683925,0.018147453911708248,NA,NA,NA
Sauropareion__time,0.06165731951245107,-0.000673178340621633,0.0063794986199522015,NA,NA,NA
Saurorictus__lat_range_z_trans,0.06897221793323072,0.0009442075064661266,0.00929259045988091,0.993037426469964,0.36534002237021923,1.6324196681380272
Saurorictus__Temperate_N,0.09424490017082873,0.0007146623089438076,0.01457177472978161,NA,NA,NA
Saurorictus__Tropical,0.04806495001078129,-0.0012231545430649575,0.011613985112257558,NA,NA,NA
Saurorictus__Temperate_S,-0.16212900023641283,-0.007978386670031418,-0.0017563919180743747,NA,NA,NA
Saurorictus__Antarctic,0.014846107143467503,-3.190179322821488e-05,0.0037549097735144676,NA,NA,NA
Saurorictus__mat_z_trans,-0.08998700169112785,-0.012325798556886723,0.03239674419666337,NA,NA,NA
Saurorictus__map_z_trans,0.018308925254828842,-0.0007843658008122517,0.006023340628108708,NA,NA,NA
Saurorictus__wmm_z_trans,0.0020796637188768164,-0.0015956092096798726,0.0044033116727551285,NA,NA,NA
Saurorictus__cmm_z_trans,0.10852408889403001,-0.010073965139412914,0.040011254436943984,NA,NA,NA
Saurorictus__wmmcmm_z_trans,0.05704909703338387,-0.009206983283990012,0.03583213002535173,NA,NA,NA
Saurorictus__wetmon_z_trans,0.0005924677920073916,-0.0028298291717749205,0.007613676742622295,NA,NA,NA
Saurorictus__drymon_z_trans,-0.0012036469228794502,-0.00895315451674892,0.02497723134943049,NA,NA,NA
Saurorictus__wetdry_z_trans,-0.01821801093667992,-0.005390388258589417,0.022643331152754277,NA,NA,NA
Saurorictus__time,-0.005392876788426308,-0.002496241950503591,0.008008868058145357,NA,NA,NA
Saurosternon__lat_range_z_trans,0.07202727776879501,0.0009400246684586798,0.009239877284673093,0.9568781190301524,0.3000378063879907,1.7840235363692045
Saurosternon__Temperate_N,0.09865879530836887,0.000711496355858423,0.014489114838792541,NA,NA,NA
Saurosternon__Tropical,0.050037868603530836,-0.001217735970053542,0.011548103587108406,NA,NA,NA
Saurosternon__Temperate_S,-0.16916563657890465,-0.007943042427613333,-0.001746428604258839,NA,NA,NA
Saurosternon__Antarctic,0.01579284547237984,-3.1760468326319e-05,0.0037336096615989203,NA,NA,NA
Saurosternon__mat_z_trans,-0.0974430034986025,-0.012271195285547735,0.032212970332919526,NA,NA,NA
Saurosternon__map_z_trans,0.02084605222712933,-0.0010521439077565413,0.005989172608842536,NA,NA,NA
Saurosternon__wmm_z_trans,0.0012438435824169594,-0.0015885406629869317,0.005622827376010799,NA,NA,NA
Saurosternon__cmm_z_trans,0.11205366511757892,-0.010029337487141288,0.03978428648064322,NA,NA,NA
Saurosternon__wmmcmm_z_trans,0.05735806935274068,-0.009166196360193635,0.03562886858213519,NA,NA,NA
Saurosternon__wetmon_z_trans,0.001792367992546928,-0.002817293032278865,0.007570487378166577,NA,NA,NA
Saurosternon__drymon_z_trans,-0.002260082917716657,-0.008913492054056409,0.024835545435474313,NA,NA,NA
Saurosternon__wetdry_z_trans,-0.01939450438181284,-0.005366508845718289,0.022514884527725775,NA,NA,NA
Saurosternon__time,-0.005795676672541857,-0.0024851836019574875,0.007963436930303453,NA,NA,NA
Saurosuchus__lat_range_z_trans,0.062341382816249076,0.002090288370092843,0.014145816553141623,0.9270537118933863,0.49624259024858475,1.3613374028354883
Saurosuchus__Temperate_N,0.0904700652859439,0.0012644663856577754,0.02682898597732705,NA,NA,NA
Saurosuchus__Tropical,0.07370814630988015,0.0008766440693230898,0.022902981219060974,NA,NA,NA
Saurosuchus__Temperate_S,-0.14091078178350777,-0.016482332104378338,-0.002124364893618846,NA,NA,NA
Saurosuchus__Antarctic,0.012484248066182126,7.12581407216774e-05,0.004061434095033157,NA,NA,NA
Saurosuchus__mat_z_trans,0.0217086605471136,-0.005835657282121482,0.024357600688061306,NA,NA,NA
Saurosuchus__map_z_trans,-0.06903886692279379,-0.011201804592945312,0.008227091168285848,NA,NA,NA
Saurosuchus__wmm_z_trans,-0.03423679896637371,-0.008320953516033762,0.01155881518364206,NA,NA,NA
Saurosuchus__cmm_z_trans,-0.017219719299542306,-0.007548880856712855,0.013598945785206533,NA,NA,NA
Saurosuchus__wmmcmm_z_trans,-0.0003348226073539167,-0.003206340702540851,0.008806458053422232,NA,NA,NA
Saurosuchus__wetmon_z_trans,0.05505985360167753,-0.003764315460947201,0.03065811615379473,NA,NA,NA
Saurosuchus__drymon_z_trans,0.006408047431517702,-0.0024066775465742757,0.011026147198705807,NA,NA,NA
Saurosuchus__wetdry_z_trans,0.053455734882165706,-0.005993874410713015,0.03585667904126023,NA,NA,NA
Saurosuchus__time,0.02185673201475055,-0.0007727295721415686,0.009482050196812796,NA,NA,NA
Scelidosaurus__lat_range_z_trans,0.052008048647578124,0.001600046939548955,0.01103860584501337,0.9737578368904292,0.5875700861215591,1.493650644668378
Scelidosaurus__Temperate_N,-0.060232918251690325,-0.007743521963472137,0.003066695873745197,NA,NA,NA
Scelidosaurus__Tropical,0.056052588981120775,-0.00022362769338098466,0.015787396548580225,NA,NA,NA
Scelidosaurus__Temperate_S,0.08117975052363641,0.0010672847753290342,0.02207782787148731,NA,NA,NA
Scelidosaurus__Antarctic,0.007640611907977656,-0.0002387955505999956,0.002326936170115365,NA,NA,NA
Scelidosaurus__mat_z_trans,0.02765376578944285,-0.007236791976485637,0.0364515448948866,NA,NA,NA
Scelidosaurus__map_z_trans,-0.045459458531644195,-0.00722612593755886,0.0046062139042316675,NA,NA,NA
Scelidosaurus__wmm_z_trans,-0.08977859072642168,-0.014519582494263349,0.022959471914489694,NA,NA,NA
Scelidosaurus__cmm_z_trans,-0.02554188141387235,-0.006053296454290933,0.012660942421912284,NA,NA,NA
Scelidosaurus__wmmcmm_z_trans,0.026924597864521026,-0.002645029701512954,0.01517578733304896,NA,NA,NA
Scelidosaurus__wetmon_z_trans,0.035611545357091406,-0.005471860993666339,0.02259565248268629,NA,NA,NA
Scelidosaurus__drymon_z_trans,0.0076036272432171235,-0.0005644683248369545,0.003642209916054854,NA,NA,NA
Scelidosaurus__wetdry_z_trans,0.036779570324938136,-0.00578152823514714,0.02520561705798649,NA,NA,NA
Scelidosaurus__time,0.025310623660013885,-0.006193611468975981,0.02179185418589719,NA,NA,NA
Scharschengia__lat_range_z_trans,0.024344521823567264,0.0022231815741524824,0.012106487994420486,2.749767784093856,1.3374657034873962,4.053047463297844
Scharschengia__Temperate_N,-0.05660549698307512,-0.013078739251520328,-0.007254248088166335,NA,NA,NA
Scharschengia__Tropical,0.0159045582151902,-0.0014487231337656605,0.013957471862304654,NA,NA,NA
Scharschengia__Temperate_S,0.03524352030694688,0.0014292441890764414,0.017147457187535523,NA,NA,NA
Scharschengia__Antarctic,0.000457357063827579,-0.0005820665203471682,0.0018876174643091058,NA,NA,NA
Scharschengia__mat_z_trans,0.001323351491788247,-0.010972926299893849,0.023800870506931682,NA,NA,NA
Scharschengia__map_z_trans,0.04060802203655958,-0.0023699625370936198,0.029104120137498395,NA,NA,NA
Scharschengia__wmm_z_trans,0.023299667519177062,-0.005885292628328219,0.019986362038454664,NA,NA,NA
Scharschengia__cmm_z_trans,0.03722695975899567,-0.005881737575532199,0.03725083419802262,NA,NA,NA
Scharschengia__wmmcmm_z_trans,0.018915838740673898,-0.004786313555263608,0.020562587982969723,NA,NA,NA
Scharschengia__wetmon_z_trans,-0.004134930236100997,-0.007335341218991348,0.01734124742425818,NA,NA,NA
Scharschengia__drymon_z_trans,0.005194794341611222,-0.0015413191426014278,0.0066592392788425835,NA,NA,NA
Scharschengia__wetdry_z_trans,-0.002266384842077163,-0.008531818776016754,0.021046120774119596,NA,NA,NA
Scharschengia__time,-0.003759897861175433,-0.0024690942031880226,0.005790587658634638,NA,NA,NA
Schleitheimia__lat_range_z_trans,0.08623046559081719,0.000980777298004376,0.009440039346588464,0.6591207799557014,0.10466446354985237,1.3334746733307838
Schleitheimia__Temperate_N,-0.10899611971075264,-0.0074513504612041,0.0021184688539166306,NA,NA,NA
Schleitheimia__Tropical,0.09464372875448722,3.1926190629558944e-05,0.01371894040593671,NA,NA,NA
Schleitheimia__Temperate_S,0.13683698878140896,0.0006119414169261537,0.0179008561756962,NA,NA,NA
Schleitheimia__Antarctic,0.018923136957510932,-8.529376554426634e-07,0.003653069220597833,NA,NA,NA
Schleitheimia__mat_z_trans,0.06940244243984194,-0.007037616145151396,0.03793171205177241,NA,NA,NA
Schleitheimia__map_z_trans,-0.13139757840262076,-0.008382340614851564,0.00356439947017299,NA,NA,NA
Schleitheimia__wmm_z_trans,-0.06282281371819473,-0.00597679754198119,0.012232169110365926,NA,NA,NA
Schleitheimia__cmm_z_trans,-0.12015692235819922,-0.010588609779025586,0.0196833697413402,NA,NA,NA
Schleitheimia__wmmcmm_z_trans,-0.05088403638420106,-0.007741041225901325,0.01976589876601097,NA,NA,NA
Schleitheimia__wetmon_z_trans,0.07013713601161681,-0.005738020762088283,0.029762118979783134,NA,NA,NA
Schleitheimia__drymon_z_trans,0.012576599675161929,-0.0014560667326229827,0.0061948327304774415,NA,NA,NA
Schleitheimia__wetdry_z_trans,0.07489714247282513,-0.007266485786660993,0.02959375567995141,NA,NA,NA
Schleitheimia__time,0.046361711266207146,-0.00121637199773051,0.013827125887525174,NA,NA,NA
Schultzsuchus__lat_range_z_trans,0.34603924736380576,0.001563217038890189,0.016217731879796467,0.35480574098124634,0.19299215823411942,0.5372345931828022
Schultzsuchus__Temperate_N,0.497269868189469,0.0010677615170906353,0.02910613097876408,NA,NA,NA
Schultzsuchus__Tropical,0.3432526646507904,-0.00029612784385291054,0.021568683998857658,NA,NA,NA
Schultzsuchus__Temperate_S,-1.2026337776053697,-0.018972470191402524,-0.009995866653222125,NA,NA,NA
Schultzsuchus__Antarctic,0.10570549111813307,0.0003910917959285615,0.005667060560728369,NA,NA,NA
Schultzsuchus__mat_z_trans,-0.01170168020762503,-0.006771156155485398,0.01953769984360036,NA,NA,NA
Schultzsuchus__map_z_trans,0.07916010652668774,-0.0033885134150821393,0.02314492065248488,NA,NA,NA
Schultzsuchus__wmm_z_trans,0.04711729794391431,-0.003619544702910842,0.014423263155258478,NA,NA,NA
Schultzsuchus__cmm_z_trans,0.16118943826062604,-0.003671716293207566,0.025007651484982414,NA,NA,NA
Schultzsuchus__wmmcmm_z_trans,0.083489074613899,-0.005274743112166851,0.02404362176942717,NA,NA,NA
Schultzsuchus__wetmon_z_trans,-0.21543595867871773,-0.009087861708276336,0.021148158789496697,NA,NA,NA
Schultzsuchus__drymon_z_trans,0.026703287167474627,-0.0019872349701143778,0.008134542576305435,NA,NA,NA
Schultzsuchus__wetdry_z_trans,-0.25517806614749133,-0.010613389005308956,0.014174475182901563,NA,NA,NA
Schultzsuchus__time,0.10173143008258194,-0.0005702220334147667,0.00720868220075407,NA,NA,NA
Sclerocormus__lat_range_z_trans,0.024344521823567264,0.0022231815741524824,0.012106487994420486,2.749767784093856,1.3374657034873962,4.053047463297844
Sclerocormus__Temperate_N,-0.05660549698307512,-0.013078739251520328,-0.007254248088166335,NA,NA,NA
Sclerocormus__Tropical,0.0159045582151902,-0.0014487231337656605,0.013957471862304654,NA,NA,NA
Sclerocormus__Temperate_S,0.03524352030694688,0.0014292441890764414,0.017147457187535523,NA,NA,NA
Sclerocormus__Antarctic,0.000457357063827579,-0.0005820665203471682,0.0018876174643091058,NA,NA,NA
Sclerocormus__mat_z_trans,0.001323351491788247,-0.010972926299893849,0.023800870506931682,NA,NA,NA
Sclerocormus__map_z_trans,0.04060802203655958,-0.0023699625370936198,0.029104120137498395,NA,NA,NA
Sclerocormus__wmm_z_trans,0.023299667519177062,-0.005885292628328219,0.019986362038454664,NA,NA,NA
Sclerocormus__cmm_z_trans,0.03722695975899567,-0.005881737575532199,0.03725083419802262,NA,NA,NA
Sclerocormus__wmmcmm_z_trans,0.018915838740673898,-0.004786313555263608,0.020562587982969723,NA,NA,NA
Sclerocormus__wetmon_z_trans,-0.004134930236100997,-0.007335341218991348,0.01734124742425818,NA,NA,NA
Sclerocormus__drymon_z_trans,0.005194794341611222,-0.0015413191426014278,0.0066592392788425835,NA,NA,NA
Sclerocormus__wetdry_z_trans,-0.002266384842077163,-0.008531818776016754,0.021046120774119596,NA,NA,NA
Sclerocormus__time,-0.003759897861175433,-0.0024690942031880226,0.005790587658634638,NA,NA,NA
Sclerosaurus__lat_range_z_trans,-1.238261230016164,-0.03178214309174132,-0.020286786569518166,0.37201361698986146,0.0070484866155311465,0.8935989886522293
Sclerosaurus__Temperate_N,0.18215009622468717,5.530352303241987e-05,0.01727744235104961,NA,NA,NA
Sclerosaurus__Tropical,-0.10122743488866288,-0.006177061454215437,0.0064906719512305595,NA,NA,NA
Sclerosaurus__Temperate_S,0.25832796699041205,0.0013461421950720046,0.018232627010775604,NA,NA,NA
Sclerosaurus__Antarctic,0.02136983996846236,-0.00042320338318314925,0.0033445785186497563,NA,NA,NA
Sclerosaurus__mat_z_trans,0.14447262607854067,-0.0038264055425924802,0.02673436746563332,NA,NA,NA
Sclerosaurus__map_z_trans,0.2511947390299079,-0.0006625987785723221,0.03229796525080058,NA,NA,NA
Sclerosaurus__wmm_z_trans,0.19010690689360504,-0.0010681310927062365,0.024448094121737044,NA,NA,NA
Sclerosaurus__cmm_z_trans,0.26039212956738056,-0.0035151533391355725,0.03374011825586083,NA,NA,NA
Sclerosaurus__wmmcmm_z_trans,0.12437776280448011,-0.0022826294669136436,0.019549688674835877,NA,NA,NA
Sclerosaurus__wetmon_z_trans,-0.01335946956508919,-0.005868246894987354,0.019341184763087025,NA,NA,NA
Sclerosaurus__drymon_z_trans,0.04137035287579075,-0.0008103599364591796,0.006653808643007138,NA,NA,NA
Sclerosaurus__wetdry_z_trans,-0.013324119905529022,-0.005767547099024852,0.025168610833827175,NA,NA,NA
Sclerosaurus__time,0.028161715318087262,-0.0004488747178861515,0.006394385149159132,NA,NA,NA
Sclerostropheus__lat_range_z_trans,0.29351116612553596,0.0008267080854612386,0.010016978909975924,0.2913182566472096,0.12086490960791707,0.4939068406820297
Sclerostropheus__Temperate_N,0.3625648085400462,-0.0003540387514689622,0.017152758525799172,NA,NA,NA
Sclerostropheus__Tropical,-0.4648714838828891,-0.007755752373421691,0.0007423741572663826,NA,NA,NA
Sclerostropheus__Temperate_S,0.46938044738490137,0.0006658645409328187,0.01854078646463162,NA,NA,NA
Sclerostropheus__Antarctic,0.08645174621604383,5.505075287922015e-05,0.0034859805389931917,NA,NA,NA
Sclerostropheus__mat_z_trans,0.0549029402108863,-0.009375342924211794,0.027617026868831395,NA,NA,NA
Sclerostropheus__map_z_trans,-0.46602665410377087,-0.008294974366544007,0.006492919957503554,NA,NA,NA
Sclerostropheus__wmm_z_trans,-0.20498092024121434,-0.005140921316911354,0.01000738783223919,NA,NA,NA
Sclerostropheus__cmm_z_trans,-0.5097333721228643,-0.00993457228496428,0.02040761869843256,NA,NA,NA
Sclerostropheus__wmmcmm_z_trans,-0.22608684299048037,-0.007114852376641124,0.01630100169532978,NA,NA,NA
Sclerostropheus__wetmon_z_trans,0.25328977569937705,-0.005538288430230576,0.030314229095662972,NA,NA,NA
Sclerostropheus__drymon_z_trans,0.033954075773945075,-0.0015307053266660178,0.005682974920505849,NA,NA,NA
Sclerostropheus__wetdry_z_trans,0.23871244091540575,-0.0067963034460583865,0.04039604059036071,NA,NA,NA
Sclerostropheus__time,0.14490051049739122,-0.0009427808614683623,0.012228678164603187,NA,NA,NA
Scoloparia__lat_range_z_trans,-0.505751721560955,-0.014863847786561576,-0.010304266901936178,0.2781559355366335,0.02035857317969203,0.7487847597367363
Scoloparia__Temperate_N,-0.20264662635978312,-0.008769215333771787,0.0009577632406133397,NA,NA,NA
Scoloparia__Tropical,-0.11832440005382523,-0.006714723383937438,0.006512986981874134,NA,NA,NA
Scoloparia__Temperate_S,0.32206019004341213,0.0013896908778353347,0.02995912777275923,NA,NA,NA
Scoloparia__Antarctic,0.01989856587490067,-0.0007101936592874533,0.0035060293937811686,NA,NA,NA
Scoloparia__mat_z_trans,0.1388449758553179,-0.0029510420826287524,0.02917279470400252,NA,NA,NA
Scoloparia__map_z_trans,-0.03770617919974029,-0.007661651862704846,0.016339768086764836,NA,NA,NA
Scoloparia__wmm_z_trans,0.027657339778379537,-0.0029778971748628535,0.013911035818687965,NA,NA,NA
Scoloparia__cmm_z_trans,0.11944690424250438,-0.0043519231321851315,0.0256160717090707,NA,NA,NA
Scoloparia__wmmcmm_z_trans,0.09806130528450012,-0.0015996730470408632,0.018747368423486267,NA,NA,NA
Scoloparia__wetmon_z_trans,0.1048983883143228,-0.0040594379883606944,0.03687426582733706,NA,NA,NA
Scoloparia__drymon_z_trans,0.020281715642195195,-0.0015797153134562716,0.0078093763986961376,NA,NA,NA
Scoloparia__wetdry_z_trans,0.08838827403727918,-0.005852518455503416,0.032441401532173134,NA,NA,NA
Scoloparia__time,0.04744196085433941,-0.0005287607368475327,0.007843033432825183,NA,NA,NA
Scolotosuchus__lat_range_z_trans,0.024344521823567264,0.0022231815741524824,0.012106487994420486,2.749767784093856,1.3374657034873962,4.053047463297844
Scolotosuchus__Temperate_N,-0.05660549698307512,-0.013078739251520328,-0.007254248088166335,NA,NA,NA
Scolotosuchus__Tropical,0.0159045582151902,-0.0014487231337656605,0.013957471862304654,NA,NA,NA
Scolotosuchus__Temperate_S,0.03524352030694688,0.0014292441890764414,0.017147457187535523,NA,NA,NA
Scolotosuchus__Antarctic,0.000457357063827579,-0.0005820665203471682,0.0018876174643091058,NA,NA,NA
Scolotosuchus__mat_z_trans,0.001323351491788247,-0.010972926299893849,0.023800870506931682,NA,NA,NA
Scolotosuchus__map_z_trans,0.04060802203655958,-0.0023699625370936198,0.029104120137498395,NA,NA,NA
Scolotosuchus__wmm_z_trans,0.023299667519177062,-0.005885292628328219,0.019986362038454664,NA,NA,NA
Scolotosuchus__cmm_z_trans,0.03722695975899567,-0.005881737575532199,0.03725083419802262,NA,NA,NA
Scolotosuchus__wmmcmm_z_trans,0.018915838740673898,-0.004786313555263608,0.020562587982969723,NA,NA,NA
Scolotosuchus__wetmon_z_trans,-0.004134930236100997,-0.007335341218991348,0.01734124742425818,NA,NA,NA
Scolotosuchus__drymon_z_trans,0.005194794341611222,-0.0015413191426014278,0.0066592392788425835,NA,NA,NA
Scolotosuchus__wetdry_z_trans,-0.002266384842077163,-0.008531818776016754,0.021046120774119596,NA,NA,NA
Scolotosuchus__time,-0.003759897861175433,-0.0024690942031880226,0.005790587658634638,NA,NA,NA
Scutarx__lat_range_z_trans,-0.5353462417423726,-0.007691152436172408,-0.00843778007963056,0.16582949434634428,0.0035280927550047636,0.4116343464702368
Scutarx__Temperate_N,0.3494868401065469,0.0006255723032597743,0.021428557231843434,NA,NA,NA
Scutarx__Tropical,-0.4406205524969846,-0.012907148075890034,0.0030069088284447733,NA,NA,NA
Scutarx__Temperate_S,0.4149275364400819,0.0012743669247011382,0.02541369203527301,NA,NA,NA
Scutarx__Antarctic,0.06250098715536297,9.179701173586096e-05,0.0040500345215993255,NA,NA,NA
Scutarx__mat_z_trans,0.06360376760363579,-0.0052099154452064375,0.025887296606468057,NA,NA,NA
Scutarx__map_z_trans,-0.3016963884048164,-0.009385812610189042,0.016328678928571573,NA,NA,NA
Scutarx__wmm_z_trans,-0.08222938593578874,-0.006238599881730218,0.013781807216155023,NA,NA,NA
Scutarx__cmm_z_trans,-0.07583168382989243,-0.005353854904059357,0.01878392967825452,NA,NA,NA
Scutarx__wmmcmm_z_trans,-0.009274152414873242,-0.003972117747547163,0.01765545057551184,NA,NA,NA
Scutarx__wetmon_z_trans,0.21907603029161693,-0.0037337437138852234,0.03463842864637664,NA,NA,NA
Scutarx__drymon_z_trans,0.04438682360962048,-0.0009894180619942027,0.008347781379416181,NA,NA,NA
Scutarx__wetdry_z_trans,0.1518828584830044,-0.007768339032155661,0.0296645739969486,NA,NA,NA
Scutarx__time,0.10358533756807446,2.7456589819691175e-05,0.008837396854903088,NA,NA,NA
Scutosaurus__lat_range_z_trans,-0.6578172501921654,-0.006966439340602493,-0.008379584183974801,0.17607508170629443,0.02751246839761734,0.3534707371145487
Scutosaurus__Temperate_N,-0.3465582329686731,-0.005928619760882878,0.0032948927470822426,NA,NA,NA
Scutosaurus__Tropical,0.18342447706032544,-0.00024057333662517901,0.014458377075850723,NA,NA,NA
Scutosaurus__Temperate_S,0.3366193621698767,0.0009222798161007199,0.016339430801800055,NA,NA,NA
Scutosaurus__Antarctic,0.03288935941782256,-0.00015009476128513847,0.0025982861115131702,NA,NA,NA
Scutosaurus__mat_z_trans,-0.2254160128184594,-0.01987939148642342,0.02582033336499357,NA,NA,NA
Scutosaurus__map_z_trans,0.15093390384761732,-0.0009799786653415814,0.01166238102930733,NA,NA,NA
Scutosaurus__wmm_z_trans,0.3992177166417241,-0.005426069059171622,0.03944992534023302,NA,NA,NA
Scutosaurus__cmm_z_trans,0.09569663775153459,-0.0067443154520118705,0.0389617955825833,NA,NA,NA
Scutosaurus__wmmcmm_z_trans,-0.0668765904090833,-0.005405355549759811,0.0283253257724544,NA,NA,NA
Scutosaurus__wetmon_z_trans,0.05263752878992818,-0.0012062985221012912,0.009062485618646959,NA,NA,NA
Scutosaurus__drymon_z_trans,0.11307144525053445,-0.002883878221603726,0.01595583357987166,NA,NA,NA
Scutosaurus__wetdry_z_trans,-0.06342599551659077,-0.0041054319781406775,0.012870282075889892,NA,NA,NA
Scutosaurus__time,0.0010486861364915967,-0.0022367427614643103,0.00896699150388396,NA,NA,NA
Scythosuchus__lat_range_z_trans,0.024344521823567264,0.0022231815741524824,0.012106487994420486,2.749767784093856,1.3374657034873962,4.053047463297844
Scythosuchus__Temperate_N,-0.05660549698307512,-0.013078739251520328,-0.007254248088166335,NA,NA,NA
Scythosuchus__Tropical,0.0159045582151902,-0.0014487231337656605,0.013957471862304654,NA,NA,NA
Scythosuchus__Temperate_S,0.03524352030694688,0.0014292441890764414,0.017147457187535523,NA,NA,NA
Scythosuchus__Antarctic,0.000457357063827579,-0.0005820665203471682,0.0018876174643091058,NA,NA,NA
Scythosuchus__mat_z_trans,0.001323351491788247,-0.010972926299893849,0.023800870506931682,NA,NA,NA
Scythosuchus__map_z_trans,0.04060802203655958,-0.0023699625370936198,0.029104120137498395,NA,NA,NA
Scythosuchus__wmm_z_trans,0.023299667519177062,-0.005885292628328219,0.019986362038454664,NA,NA,NA
Scythosuchus__cmm_z_trans,0.03722695975899567,-0.005881737575532199,0.03725083419802262,NA,NA,NA
Scythosuchus__wmmcmm_z_trans,0.018915838740673898,-0.004786313555263608,0.020562587982969723,NA,NA,NA
Scythosuchus__wetmon_z_trans,-0.004134930236100997,-0.007335341218991348,0.01734124742425818,NA,NA,NA
Scythosuchus__drymon_z_trans,0.005194794341611222,-0.0015413191426014278,0.0066592392788425835,NA,NA,NA
Scythosuchus__wetdry_z_trans,-0.002266384842077163,-0.008531818776016754,0.021046120774119596,NA,NA,NA
Scythosuchus__time,-0.003759897861175433,-0.0024690942031880226,0.005790587658634638,NA,NA,NA
Shansisuchus__lat_range_z_trans,-0.9527608907222748,-0.01062194410137592,-0.01641328745844789,0.2765713528066408,0.03785553202033043,0.558025136590004
Shansisuchus__Temperate_N,-0.8239949979633093,-0.013060738621691072,-0.0006504737051875355,NA,NA,NA
Shansisuchus__Tropical,0.2334098316077143,6.0837348259956125e-05,0.01682990143628222,NA,NA,NA
Shansisuchus__Temperate_S,0.46976762779057024,0.0008645219453368882,0.019597784354323453,NA,NA,NA
Shansisuchus__Antarctic,0.0765535649494268,0.00013558869608263542,0.0038577032439764242,NA,NA,NA
Shansisuchus__mat_z_trans,-0.05876260938122869,-0.011340481421538283,0.02493566629701639,NA,NA,NA
Shansisuchus__map_z_trans,0.46601176431868224,-0.0007114635988871693,0.027798964888463756,NA,NA,NA
Shansisuchus__wmm_z_trans,0.2875383547041565,-0.002063661642834394,0.028008662961289232,NA,NA,NA
Shansisuchus__cmm_z_trans,0.3788055966980755,-0.0023082972458745915,0.03892651879267063,NA,NA,NA
Shansisuchus__wmmcmm_z_trans,0.14101605807431042,-0.0030218931019580716,0.019089161373658212,NA,NA,NA
Shansisuchus__wetmon_z_trans,-0.1599886077735573,-0.009081048123255374,0.016346950495752886,NA,NA,NA
Shansisuchus__drymon_z_trans,0.09777694140560925,-0.00029893028658842187,0.007060444369863527,NA,NA,NA
Shansisuchus__wetdry_z_trans,-0.1577361540310085,-0.009087698527117632,0.025938023727284376,NA,NA,NA
Shansisuchus__time,0.06219751951401122,-0.0006957003978718266,0.008060735643189801,NA,NA,NA
Shihtienfenia__lat_range_z_trans,-0.41489731043577194,-0.0034105701951422257,-0.0032088035841090746,0.09940566374483752,0.012557581532746553,0.1925814263522625
Shihtienfenia__Temperate_N,-0.7307636606134474,-0.008039308086567071,0.0021769207489531804,NA,NA,NA
Shihtienfenia__Tropical,0.2430946563836187,0.00015105788341055566,0.012938048205924695,NA,NA,NA
Shihtienfenia__Temperate_S,0.46433459416031836,0.0009828146350638956,0.01585987597707898,NA,NA,NA
Shihtienfenia__Antarctic,0.0945433539012447,0.00016306456624332427,0.0037306839575858546,NA,NA,NA
Shihtienfenia__mat_z_trans,-0.6550557137280703,-0.014701829154437315,0.026642798237571715,NA,NA,NA
Shihtienfenia__map_z_trans,0.12361031691078096,-0.0006436028139866476,0.008083662374700604,NA,NA,NA
Shihtienfenia__wmm_z_trans,0.06753129738732241,-0.000562843364930428,0.005177098150296971,NA,NA,NA
Shihtienfenia__cmm_z_trans,0.4538390372879803,-0.010555847105454617,0.04014683027764109,NA,NA,NA
Shihtienfenia__wmmcmm_z_trans,0.20235707016079688,-0.010549247116680755,0.041440094504889655,NA,NA,NA
Shihtienfenia__wetmon_z_trans,0.016619732096150985,-0.0023551576715142653,0.009330955549139052,NA,NA,NA
Shihtienfenia__drymon_z_trans,0.07467234623618424,-0.0053363019520394,0.027929717097417667,NA,NA,NA
Shihtienfenia__wetdry_z_trans,-0.1323836372187361,-0.005607944400095802,0.022154350285693805,NA,NA,NA
Shihtienfenia__time,0.057422189253848045,-0.0007651943031825266,0.006984524637351298,NA,NA,NA
Shringasaurus__lat_range_z_trans,0.022523607342661223,0.0015952820431479546,0.01181024022414745,2.7375065051575076,0.19992416352033615,5.176106579601765
Shringasaurus__Temperate_N,0.03162295211828101,0.001045804611471679,0.018037343042772318,NA,NA,NA
Shringasaurus__Tropical,0.019370514051266243,-0.0011420318839192804,0.013940514585943907,NA,NA,NA
Shringasaurus__Temperate_S,-0.051093836296659506,-0.014370929351799167,-0.00532012724901951,NA,NA,NA
Shringasaurus__Antarctic,-0.0007877128489462482,-0.001103077620342864,0.002563875180459461,NA,NA,NA
Shringasaurus__mat_z_trans,0.013349525202330632,-0.007650380060734246,0.02877303171016783,NA,NA,NA
Shringasaurus__map_z_trans,0.039868839283368686,-0.003420395055003481,0.025327654212599627,NA,NA,NA
Shringasaurus__wmm_z_trans,0.026587210963013842,-0.002992327583974753,0.022615831153365587,NA,NA,NA
Shringasaurus__cmm_z_trans,0.03319736631171443,-0.0037628659726786314,0.03259283775837291,NA,NA,NA
Shringasaurus__wmmcmm_z_trans,0.01330929481558929,-0.0042735992296359625,0.020790709380450478,NA,NA,NA
Shringasaurus__wetmon_z_trans,-0.007762900963282649,-0.010731701730545957,0.017221359371768934,NA,NA,NA
Shringasaurus__drymon_z_trans,0.0044304319129486675,-0.0015591960218776586,0.005798626802058844,NA,NA,NA
Shringasaurus__wetdry_z_trans,-0.007326000430920741,-0.010162761042976833,0.02143135811781047,NA,NA,NA
Shringasaurus__time,-0.0015374100854560063,-0.002702730180444081,0.00380350212923717,NA,NA,NA
Shuangbaisaurus__lat_range_z_trans,0.052008048647578124,0.001600046939548955,0.01103860584501337,0.9737578368904292,0.5875700861215591,1.493650644668378
Shuangbaisaurus__Temperate_N,-0.060232918251690325,-0.007743521963472137,0.003066695873745197,NA,NA,NA
Shuangbaisaurus__Tropical,0.056052588981120775,-0.00022362769338098466,0.015787396548580225,NA,NA,NA
Shuangbaisaurus__Temperate_S,0.08117975052363641,0.0010672847753290342,0.02207782787148731,NA,NA,NA
Shuangbaisaurus__Antarctic,0.007640611907977656,-0.0002387955505999956,0.002326936170115365,NA,NA,NA
Shuangbaisaurus__mat_z_trans,0.02765376578944285,-0.007236791976485637,0.0364515448948866,NA,NA,NA
Shuangbaisaurus__map_z_trans,-0.045459458531644195,-0.00722612593755886,0.0046062139042316675,NA,NA,NA
Shuangbaisaurus__wmm_z_trans,-0.08977859072642168,-0.014519582494263349,0.022959471914489694,NA,NA,NA
Shuangbaisaurus__cmm_z_trans,-0.02554188141387235,-0.006053296454290933,0.012660942421912284,NA,NA,NA
Shuangbaisaurus__wmmcmm_z_trans,0.026924597864521026,-0.002645029701512954,0.01517578733304896,NA,NA,NA
Shuangbaisaurus__wetmon_z_trans,0.035611545357091406,-0.005471860993666339,0.02259565248268629,NA,NA,NA
Shuangbaisaurus__drymon_z_trans,0.0076036272432171235,-0.0005644683248369545,0.003642209916054854,NA,NA,NA
Shuangbaisaurus__wetdry_z_trans,0.036779570324938136,-0.00578152823514714,0.02520561705798649,NA,NA,NA
Shuangbaisaurus__time,0.025310623660013885,-0.006193611468975981,0.02179185418589719,NA,NA,NA
Shuvosaurus__lat_range_z_trans,-0.7051155844330788,-0.014034596096842177,-0.02381275884312645,0.1532536594494013,0.0008637681603431702,0.24716132506728172
Shuvosaurus__Temperate_N,0.2705606456100941,0.0004682956032574294,0.023098344651613444,NA,NA,NA
Shuvosaurus__Tropical,-0.178955915607512,-0.0065127940490776895,0.007271804936361897,NA,NA,NA
Shuvosaurus__Temperate_S,0.3450886075943708,0.0014934894261138083,0.028787385480819272,NA,NA,NA
Shuvosaurus__Antarctic,0.03475812011747621,-8.677833829758137e-05,0.004086386370970526,NA,NA,NA
Shuvosaurus__mat_z_trans,0.09025904369540512,-0.004925697889272759,0.03154015604138519,NA,NA,NA
Shuvosaurus__map_z_trans,-0.20229319108650087,-0.009593401519888486,0.008836152895422904,NA,NA,NA
Shuvosaurus__wmm_z_trans,-0.07889400166808627,-0.006137900797767044,0.014923769617599033,NA,NA,NA
Shuvosaurus__cmm_z_trans,-0.07765259454026818,-0.006876321886734062,0.01931795590461656,NA,NA,NA
Shuvosaurus__wmmcmm_z_trans,0.0053611338388873265,-0.00492869401516814,0.013705495304812531,NA,NA,NA
Shuvosaurus__wetmon_z_trans,0.1920371356792748,-0.004198313098852529,0.03637541714762971,NA,NA,NA
Shuvosaurus__drymon_z_trans,0.023312499640742317,-0.0014234632427517085,0.009390260600004634,NA,NA,NA
Shuvosaurus__wetdry_z_trans,0.1950409565103473,-0.00401640040484468,0.03757474781220212,NA,NA,NA
Shuvosaurus__time,0.06862860762455966,-0.000458332769187662,0.008291638499824118,NA,NA,NA
Sigmala__lat_range_z_trans,0.1321876291544084,0.0018084689890163692,0.01574169202712806,0.5673446633853019,0.23379307240247726,1.1943548272829503
Sigmala__Temperate_N,-0.371284858709569,-0.016490598694334984,0.0016810668104275967,NA,NA,NA
Sigmala__Tropical,0.15262056203742805,0.0008312201264477985,0.019997795441672742,NA,NA,NA
Sigmala__Temperate_S,0.2189506508522291,0.0018764314929534795,0.02820811078631146,NA,NA,NA
Sigmala__Antarctic,0.03677052029484504,0.0001274973575568392,0.004893045291194132,NA,NA,NA
Sigmala__mat_z_trans,-0.003260151815709952,-0.0054951963896664,0.019212339363591638,NA,NA,NA
Sigmala__map_z_trans,-0.11903576960025929,-0.01044625129541169,0.010082251314047365,NA,NA,NA
Sigmala__wmm_z_trans,-0.03196887939925493,-0.004680484650413371,0.012091591358031971,NA,NA,NA
Sigmala__cmm_z_trans,0.009052715914647881,-0.006939752350994433,0.020404054841253332,NA,NA,NA
Sigmala__wmmcmm_z_trans,0.009738899167142908,-0.005164684008040843,0.01703561654901848,NA,NA,NA
Sigmala__wetmon_z_trans,0.013237448673447923,-0.006081214886035026,0.026482357737604347,NA,NA,NA
Sigmala__drymon_z_trans,0.016327357969461873,-0.001943964399326861,0.008529638024998676,NA,NA,NA
Sigmala__wetdry_z_trans,0.03311833861192405,-0.008160500400997212,0.028026209046706364,NA,NA,NA
Sigmala__time,0.0392974182251668,-0.00047187997006693756,0.007000987828149343,NA,NA,NA
Sikannisuchus__lat_range_z_trans,0.14639560937125584,0.0011178094894105403,0.009885695907186047,0.49357866401580397,0.14483253471553326,1.0193364806473255
Sikannisuchus__Temperate_N,-0.2307870722816411,-0.008584510860152649,0.0020424005047518217,NA,NA,NA
Sikannisuchus__Tropical,0.15555062641051065,-0.00016458337819278164,0.015456504498538056,NA,NA,NA
Sikannisuchus__Temperate_S,0.23242531381287734,0.0010543253087747066,0.019021790917825257,NA,NA,NA
Sikannisuchus__Antarctic,0.039430612866768515,4.177026171680134e-05,0.004039946948360744,NA,NA,NA
Sikannisuchus__mat_z_trans,0.06950410165439294,-0.0074147506390645004,0.03134114530298086,NA,NA,NA
Sikannisuchus__map_z_trans,-0.24111608824900724,-0.008229092066830972,0.006014104247682808,NA,NA,NA
Sikannisuchus__wmm_z_trans,-0.0897056742650556,-0.006192739527748657,0.010705295088854325,NA,NA,NA
Sikannisuchus__cmm_z_trans,-0.19960796649014392,-0.010307034781747063,0.018288092659127266,NA,NA,NA
Sikannisuchus__wmmcmm_z_trans,-0.07810246345840086,-0.008304680238092946,0.019266124139419753,NA,NA,NA
Sikannisuchus__wetmon_z_trans,0.12341584796390849,-0.004863902302855105,0.031225285977594698,NA,NA,NA
Sikannisuchus__drymon_z_trans,0.018801202596444293,-0.001273718183788434,0.007826464514797415,NA,NA,NA
Sikannisuchus__wetdry_z_trans,0.11572244069538946,-0.007257489751686622,0.03430429740018366,NA,NA,NA
Sikannisuchus__time,0.07382539074861001,-0.0008523124090555976,0.009969608312832796,NA,NA,NA
Silesaurus__lat_range_z_trans,0.2984476424753666,0.0016643088806259998,0.01443709698660635,0.34528604980019734,0.21876524481922388,0.506915807723999
Silesaurus__Temperate_N,-0.80070462689735,-0.01370617237537535,0.001810630293720339,NA,NA,NA
Silesaurus__Tropical,0.35482648061588407,0.0008369783318716452,0.023698149539186225,NA,NA,NA
Silesaurus__Temperate_S,0.490001419163309,0.0011887944328062073,0.02774858455681455,NA,NA,NA
Silesaurus__Antarctic,0.09337063363753259,0.00026046875707048283,0.005270162957133303,NA,NA,NA
Silesaurus__mat_z_trans,0.016388779115950457,-0.004947808252863148,0.020693076235385594,NA,NA,NA
Silesaurus__map_z_trans,-0.4950021566823125,-0.0114132062105242,0.012234428044141992,NA,NA,NA
Silesaurus__wmm_z_trans,-0.1774780132691376,-0.007325350223181213,0.017226432808454435,NA,NA,NA
Silesaurus__cmm_z_trans,-0.15857794507872314,-0.007619845850564568,0.010260589289888784,NA,NA,NA
Silesaurus__wmmcmm_z_trans,-0.03048243781493511,-0.003977146144869663,0.007706824790257429,NA,NA,NA
Silesaurus__wetmon_z_trans,0.21196721081621944,-0.005017196804094432,0.02852341077190688,NA,NA,NA
Silesaurus__drymon_z_trans,0.040501214815303686,-0.00199353757882305,0.009200270826908814,NA,NA,NA
Silesaurus__wetdry_z_trans,0.15239506401121616,-0.008706047163707696,0.03303653009964712,NA,NA,NA
Silesaurus__time,0.11640312070026994,-0.00047514887768429265,0.007540569220083668,NA,NA,NA
Sillosuchus__lat_range_z_trans,0.062341382816249076,0.002090288370092843,0.014145816553141623,0.9270537118933863,0.49624259024858475,1.3613374028354883
Sillosuchus__Temperate_N,0.0904700652859439,0.0012644663856577754,0.02682898597732705,NA,NA,NA
Sillosuchus__Tropical,0.07370814630988015,0.0008766440693230898,0.022902981219060974,NA,NA,NA
Sillosuchus__Temperate_S,-0.14091078178350777,-0.016482332104378338,-0.002124364893618846,NA,NA,NA
Sillosuchus__Antarctic,0.012484248066182126,7.12581407216774e-05,0.004061434095033157,NA,NA,NA
Sillosuchus__mat_z_trans,0.0217086605471136,-0.005835657282121482,0.024357600688061306,NA,NA,NA
Sillosuchus__map_z_trans,-0.06903886692279379,-0.011201804592945312,0.008227091168285848,NA,NA,NA
Sillosuchus__wmm_z_trans,-0.03423679896637371,-0.008320953516033762,0.01155881518364206,NA,NA,NA
Sillosuchus__cmm_z_trans,-0.017219719299542306,-0.007548880856712855,0.013598945785206533,NA,NA,NA
Sillosuchus__wmmcmm_z_trans,-0.0003348226073539167,-0.003206340702540851,0.008806458053422232,NA,NA,NA
Sillosuchus__wetmon_z_trans,0.05505985360167753,-0.003764315460947201,0.03065811615379473,NA,NA,NA
Sillosuchus__drymon_z_trans,0.006408047431517702,-0.0024066775465742757,0.011026147198705807,NA,NA,NA
Sillosuchus__wetdry_z_trans,0.053455734882165706,-0.005993874410713015,0.03585667904126023,NA,NA,NA
Sillosuchus__time,0.02185673201475055,-0.0007727295721415686,0.009482050196812796,NA,NA,NA
Sinosaurosphargis__lat_range_z_trans,0.01647786418536239,0.0018337075219023724,0.010425084188276751,4.03002139171178,0.14732850901782513,8.096351716667414
Sinosaurosphargis__Temperate_N,0.022826496411452422,0.0010494541232769108,0.015945378339830264,NA,NA,NA
Sinosaurosphargis__Tropical,-0.020390206208501852,-0.013349502016512199,0.0027271159947995054,NA,NA,NA
Sinosaurosphargis__Temperate_S,0.025494575331316535,0.0023051330537536808,0.016666491505756047,NA,NA,NA
Sinosaurosphargis__Antarctic,-0.001646451697152185,-0.0018654059143079914,0.0022544754700054917,NA,NA,NA
Sinosaurosphargis__mat_z_trans,0.015292058340676241,-0.007301931763030219,0.026967487553010247,NA,NA,NA
Sinosaurosphargis__map_z_trans,0.029177935760690853,-0.0035187305077664533,0.02780114936584387,NA,NA,NA
Sinosaurosphargis__wmm_z_trans,0.017602317265712764,-0.002262879334109856,0.025566139680318255,NA,NA,NA
Sinosaurosphargis__cmm_z_trans,0.0274207870746688,-0.004255790380029119,0.028696834205940012,NA,NA,NA
Sinosaurosphargis__wmmcmm_z_trans,0.012636168366751705,-0.00610110780430492,0.021639584810426417,NA,NA,NA
Sinosaurosphargis__wetmon_z_trans,-0.005181525205117346,-0.011005985128727323,0.017005618267688403,NA,NA,NA
Sinosaurosphargis__drymon_z_trans,0.0017101806332530162,-0.001905998340502476,0.0029351271448489215,NA,NA,NA
Sinosaurosphargis__wetdry_z_trans,-0.003824672331788401,-0.012638442884498493,0.018333356856228143,NA,NA,NA
Sinosaurosphargis__time,-0.0018436465514160838,-0.002213429704457189,0.002422913037163165,NA,NA,NA
Sinosaurus__lat_range_z_trans,0.052008048647578124,0.001600046939548955,0.01103860584501337,0.9737578368904292,0.5875700861215591,1.493650644668378
Sinosaurus__Temperate_N,-0.060232918251690325,-0.007743521963472137,0.003066695873745197,NA,NA,NA
Sinosaurus__Tropical,0.056052588981120775,-0.00022362769338098466,0.015787396548580225,NA,NA,NA
Sinosaurus__Temperate_S,0.08117975052363641,0.0010672847753290342,0.02207782787148731,NA,NA,NA
Sinosaurus__Antarctic,0.007640611907977656,-0.0002387955505999956,0.002326936170115365,NA,NA,NA
Sinosaurus__mat_z_trans,0.02765376578944285,-0.007236791976485637,0.0364515448948866,NA,NA,NA
Sinosaurus__map_z_trans,-0.045459458531644195,-0.00722612593755886,0.0046062139042316675,NA,NA,NA
Sinosaurus__wmm_z_trans,-0.08977859072642168,-0.014519582494263349,0.022959471914489694,NA,NA,NA
Sinosaurus__cmm_z_trans,-0.02554188141387235,-0.006053296454290933,0.012660942421912284,NA,NA,NA
Sinosaurus__wmmcmm_z_trans,0.026924597864521026,-0.002645029701512954,0.01517578733304896,NA,NA,NA
Sinosaurus__wetmon_z_trans,0.035611545357091406,-0.005471860993666339,0.02259565248268629,NA,NA,NA
Sinosaurus__drymon_z_trans,0.0076036272432171235,-0.0005644683248369545,0.003642209916054854,NA,NA,NA
Sinosaurus__wetdry_z_trans,0.036779570324938136,-0.00578152823514714,0.02520561705798649,NA,NA,NA
Sinosaurus__time,0.025310623660013885,-0.006193611468975981,0.02179185418589719,NA,NA,NA
Skybalonyx__lat_range_z_trans,0.2955311710405405,0.0009444524515834949,0.009932055713241216,0.3591334628142795,0.12086490960791707,1.1078630429692566
Skybalonyx__Temperate_N,0.3785007812061805,-0.0002004065752496077,0.017681810815015832,NA,NA,NA
Skybalonyx__Tropical,-0.5068959991336267,-0.0090921535495202,0.0007850176468070192,NA,NA,NA
Skybalonyx__Temperate_S,0.4817595253827974,0.0007508832823820687,0.018201689500909377,NA,NA,NA
Skybalonyx__Antarctic,0.08377874243983967,0.00012647176474956938,0.003908379158676365,NA,NA,NA
Skybalonyx__mat_z_trans,0.0035114019227159175,-0.010282731399925095,0.025206648069961462,NA,NA,NA
Skybalonyx__map_z_trans,-0.4450171982132527,-0.007577447289100634,0.008625696977165802,NA,NA,NA
Skybalonyx__wmm_z_trans,-0.188002320272751,-0.005383495083552735,0.011834150418865055,NA,NA,NA
Skybalonyx__cmm_z_trans,-0.4534457777903268,-0.01066986022640137,0.02026943298814495,NA,NA,NA
Skybalonyx__wmmcmm_z_trans,-0.1883464974898708,-0.007699612620553607,0.017045215509876917,NA,NA,NA
Skybalonyx__wetmon_z_trans,0.2875583734414731,-0.0035887613631596146,0.03204877877568065,NA,NA,NA
Skybalonyx__drymon_z_trans,0.03912884590178665,-0.0017674668682537754,0.005885375374023141,NA,NA,NA
Skybalonyx__wetdry_z_trans,0.20879985652307406,-0.005689225598352155,0.03697524209335262,NA,NA,NA
Skybalonyx__time,0.13889097641732906,-0.001101556003959615,0.01098726337841508,NA,NA,NA
Smilodonterpeton__lat_range_z_trans,0.059306166708907,0.0013042408733347337,0.010420862003283146,0.8839008330808724,0.3233279623091221,1.4233312960714102
Smilodonterpeton__Temperate_N,-0.07097749772197687,-0.007261073356127402,0.0029563278494648274,NA,NA,NA
Smilodonterpeton__Tropical,0.06427770743599902,-0.00027599961566079326,0.015219220297222896,NA,NA,NA
Smilodonterpeton__Temperate_S,0.09257687600813272,0.0009629818259693646,0.020684325445261005,NA,NA,NA
Smilodonterpeton__Antarctic,0.010148230269450869,-0.00017574094833128703,0.002856779009384397,NA,NA,NA
Smilodonterpeton__mat_z_trans,0.02707032385914443,-0.00969081549234646,0.03026889074540662,NA,NA,NA
Smilodonterpeton__map_z_trans,-0.05991037421717665,-0.0071714236759457175,0.0040200492317972285,NA,NA,NA
Smilodonterpeton__wmm_z_trans,-0.09822301656247528,-0.012755754536906957,0.02305938064887114,NA,NA,NA
Smilodonterpeton__cmm_z_trans,-0.03527900196245088,-0.006599870186011845,0.012205284848366377,NA,NA,NA
Smilodonterpeton__wmmcmm_z_trans,0.02803954128276965,-0.003132407665199909,0.023700603916064555,NA,NA,NA
Smilodonterpeton__wetmon_z_trans,0.04069194494452517,-0.004937110331689004,0.02266400538018255,NA,NA,NA
Smilodonterpeton__drymon_z_trans,0.008749350272295689,-0.0006930953457769338,0.004591270234585361,NA,NA,NA
Smilodonterpeton__wetdry_z_trans,0.041928942914881466,-0.005216514603667066,0.026202010129288703,NA,NA,NA
Smilodonterpeton__time,0.027352688143882503,-0.005588326020954003,0.020537746680956686,NA,NA,NA
Smilosuchus__lat_range_z_trans,-0.5942148929834365,-0.012499401871292455,-0.010407554013288862,0.24093560890047228,0.06136497505940497,0.7058579609874869
Smilosuchus__Temperate_N,0.3736004501581192,0.0007209573667119918,0.024121249375263068,NA,NA,NA
Smilosuchus__Tropical,-0.45448652819992275,-0.011763009374005555,0.015614655673444867,NA,NA,NA
Smilosuchus__Temperate_S,0.4364465855062008,0.0013661517187979692,0.026533819650484267,NA,NA,NA
Smilosuchus__Antarctic,0.06451659896411002,0.00010871094871765734,0.004487111224384763,NA,NA,NA
Smilosuchus__mat_z_trans,0.08794437243137508,-0.004169716363363744,0.025576807179498128,NA,NA,NA
Smilosuchus__map_z_trans,-0.263137497715652,-0.008444964885891519,0.015015061305810021,NA,NA,NA
Smilosuchus__wmm_z_trans,-0.09279744187952019,-0.007163255624014823,0.013994053786097582,NA,NA,NA
Smilosuchus__cmm_z_trans,-0.019287131925811992,-0.004726810521202833,0.02143778108102064,NA,NA,NA
Smilosuchus__wmmcmm_z_trans,0.022546911011449993,-0.0025522364895804997,0.009904998004351602,NA,NA,NA
Smilosuchus__wetmon_z_trans,0.2136942049616482,-0.003988765307119855,0.028712850180803367,NA,NA,NA
Smilosuchus__drymon_z_trans,0.0445270665526914,-0.0017619531305765011,0.00807710701893496,NA,NA,NA
Smilosuchus__wetdry_z_trans,0.12062383629730902,-0.006437085442069665,0.029140719301388313,NA,NA,NA
Smilosuchus__time,0.09759647487662733,8.046989557655465e-05,0.007178096651942798,NA,NA,NA
Sophineta__lat_range_z_trans,0.024344521823567264,0.0022231815741524824,0.012106487994420486,2.749767784093856,1.3374657034873962,4.053047463297844
Sophineta__Temperate_N,-0.05660549698307512,-0.013078739251520328,-0.007254248088166335,NA,NA,NA
Sophineta__Tropical,0.0159045582151902,-0.0014487231337656605,0.013957471862304654,NA,NA,NA
Sophineta__Temperate_S,0.03524352030694688,0.0014292441890764414,0.017147457187535523,NA,NA,NA
Sophineta__Antarctic,0.000457357063827579,-0.0005820665203471682,0.0018876174643091058,NA,NA,NA
Sophineta__mat_z_trans,0.001323351491788247,-0.010972926299893849,0.023800870506931682,NA,NA,NA
Sophineta__map_z_trans,0.04060802203655958,-0.0023699625370936198,0.029104120137498395,NA,NA,NA
Sophineta__wmm_z_trans,0.023299667519177062,-0.005885292628328219,0.019986362038454664,NA,NA,NA
Sophineta__cmm_z_trans,0.03722695975899567,-0.005881737575532199,0.03725083419802262,NA,NA,NA
Sophineta__wmmcmm_z_trans,0.018915838740673898,-0.004786313555263608,0.020562587982969723,NA,NA,NA
Sophineta__wetmon_z_trans,-0.004134930236100997,-0.007335341218991348,0.01734124742425818,NA,NA,NA
Sophineta__drymon_z_trans,0.005194794341611222,-0.0015413191426014278,0.0066592392788425835,NA,NA,NA
Sophineta__wetdry_z_trans,-0.002266384842077163,-0.008531818776016754,0.021046120774119596,NA,NA,NA
Sophineta__time,-0.003759897861175433,-0.0024690942031880226,0.005790587658634638,NA,NA,NA
Soturnia__lat_range_z_trans,0.15161925406438193,0.0013448068328091572,0.011674622808400956,0.4771186981843493,0.04461474297568202,1.316531547345221
Soturnia__Temperate_N,0.20822514092468733,0.0008784688723566817,0.022794410691265393,NA,NA,NA
Soturnia__Tropical,0.17718563955603056,0.00039952171835874273,0.0171653146121506,NA,NA,NA
Soturnia__Temperate_S,-0.33008177623131824,-0.009805536250694444,0.002151788224837958,NA,NA,NA
Soturnia__Antarctic,0.038125044614909724,7.053536874160789e-05,0.0034195752823119444,NA,NA,NA
Soturnia__mat_z_trans,0.06629711581503311,-0.005675956022891923,0.029475810112143012,NA,NA,NA
Soturnia__map_z_trans,-0.2017452894327635,-0.00830803325109959,0.008769436701636567,NA,NA,NA
Soturnia__wmm_z_trans,-0.0848267312342587,-0.005780856442743664,0.008508552075115762,NA,NA,NA
Soturnia__cmm_z_trans,-0.19017889492311058,-0.013174550302151634,0.01083995861967427,NA,NA,NA
Soturnia__wmmcmm_z_trans,-0.051867807475315275,-0.008358606290990568,0.0208016625799773,NA,NA,NA
Soturnia__wetmon_z_trans,0.144726220950802,-0.0035458392489027225,0.03131800909412862,NA,NA,NA
Soturnia__drymon_z_trans,0.023653297668956273,-0.0016720027787574972,0.007306167019557402,NA,NA,NA
Soturnia__wetdry_z_trans,0.12255447206266865,-0.0061715311099374915,0.034848436574474395,NA,NA,NA
Soturnia__time,0.062066195015205564,-0.001431330173409932,0.010313012024461313,NA,NA,NA
Soumyasaurus__lat_range_z_trans,0.2878144933283329,0.0008701959903764737,0.010052713035259843,0.2523545721438859,0.05470803380012512,0.40870679914951324
Soumyasaurus__Temperate_N,0.3554215797409415,-1.9494982423968047e-05,0.015657523772093517,NA,NA,NA
Soumyasaurus__Tropical,-0.4524257696350105,-0.007404573163239476,0.0018115876401413882,NA,NA,NA
Soumyasaurus__Temperate_S,0.4618162994273007,0.0008303108605635103,0.01793929815450851,NA,NA,NA
Soumyasaurus__Antarctic,0.08459581270813941,0.00011437652768158276,0.0034812327013286452,NA,NA,NA
Soumyasaurus__mat_z_trans,0.06640593320131302,-0.01046437074678354,0.02748879657550146,NA,NA,NA
Soumyasaurus__map_z_trans,-0.45463440420106055,-0.007997445321821181,0.005540287644902241,NA,NA,NA
Soumyasaurus__wmm_z_trans,-0.21853257615817712,-0.005661210916766405,0.0083176693847831,NA,NA,NA
Soumyasaurus__cmm_z_trans,-0.537068822804722,-0.010186316524532092,0.020342108097186368,NA,NA,NA
Soumyasaurus__wmmcmm_z_trans,-0.21493325372226535,-0.006876412020441562,0.02175774408196966,NA,NA,NA
Soumyasaurus__wetmon_z_trans,0.22062559597194195,-0.005678872627961194,0.029744213879558206,NA,NA,NA
Soumyasaurus__drymon_z_trans,0.039074086408363656,-0.0010581274366244808,0.007376438834401164,NA,NA,NA
Soumyasaurus__wetdry_z_trans,0.244725001049228,-0.006314239437375838,0.03784624649279085,NA,NA,NA
Soumyasaurus__time,0.14597902761226578,-0.0013847292799651037,0.012030896125710563,NA,NA,NA
Sphenotitan__lat_range_z_trans,0.14289543776096925,0.001360527089843632,0.011556355542583607,0.49599899714972706,0.07230173051357269,1.2171846833080053
Sphenotitan__Temperate_N,0.19664937136830962,0.00026148047553085983,0.020339037760151505,NA,NA,NA
Sphenotitan__Tropical,0.16571018491949627,0.00039439764181418833,0.01757173652071176,NA,NA,NA
Sphenotitan__Temperate_S,-0.30982797584038335,-0.00998005873190544,0.002080711772679645,NA,NA,NA
Sphenotitan__Antarctic,0.03593939215122551,0.00016408040774704307,0.003874944870143316,NA,NA,NA
Sphenotitan__mat_z_trans,0.040536977491601595,-0.006449232526867411,0.02917721173111386,NA,NA,NA
Sphenotitan__map_z_trans,-0.1854385773428753,-0.008388922190536779,0.008680599801423007,NA,NA,NA
Sphenotitan__wmm_z_trans,-0.08325746806073267,-0.005684858677865388,0.008085159957896897,NA,NA,NA
Sphenotitan__cmm_z_trans,-0.15384469547608431,-0.012236063169159303,0.015809898136890592,NA,NA,NA
Sphenotitan__wmmcmm_z_trans,-0.03471496624262351,-0.006472024933774298,0.02280829095240399,NA,NA,NA
Sphenotitan__wetmon_z_trans,0.11790976370958596,-0.005199048236007109,0.030091471456235027,NA,NA,NA
Sphenotitan__drymon_z_trans,0.02328442128577166,-0.001991192283241235,0.00676859249594535,NA,NA,NA
Sphenotitan__wetdry_z_trans,0.12402894140817673,-0.006231618568797913,0.0328711737908436,NA,NA,NA
Sphenotitan__time,0.05588107424347144,-0.0007783753760941289,0.009671571631113325,NA,NA,NA
Sphodrosaurus__lat_range_z_trans,0.28633398935198784,0.0008380605697435949,0.009855151787239612,0.2788932964450214,0.09871987625956535,0.4795599835924804
Sphodrosaurus__Temperate_N,0.35834696400910615,-0.00016986807201076985,0.015389298968649002,NA,NA,NA
Sphodrosaurus__Tropical,-0.4461931372550316,-0.007777285900796654,0.0007273144715781033,NA,NA,NA
Sphodrosaurus__Temperate_S,0.45960901853162794,0.0008992245041244092,0.01899278917262055,NA,NA,NA
Sphodrosaurus__Antarctic,0.08311181400902569,0.00011758448937166342,0.0034215966458035225,NA,NA,NA
Sphodrosaurus__mat_z_trans,0.05806960373185575,-0.00889467018204865,0.03510810441704327,NA,NA,NA
Sphodrosaurus__map_z_trans,-0.4558473771065474,-0.007948665188439638,0.005172459753406646,NA,NA,NA
Sphodrosaurus__wmm_z_trans,-0.23002360491547733,-0.005688550201609585,0.010584217784544733,NA,NA,NA
Sphodrosaurus__cmm_z_trans,-0.48833457356784493,-0.010375193909088408,0.0199936329471285,NA,NA,NA
Sphodrosaurus__wmmcmm_z_trans,-0.20839139171876014,-0.0070692773466927514,0.0196228196960146,NA,NA,NA
Sphodrosaurus__wetmon_z_trans,0.22880501533858477,-0.005112384353044135,0.027646229440128414,NA,NA,NA
Sphodrosaurus__drymon_z_trans,0.03678763194708154,-0.0016682646526575864,0.005398060064392239,NA,NA,NA
Sphodrosaurus__wetdry_z_trans,0.2301187473256141,-0.006889631344268619,0.035494472153756215,NA,NA,NA
Sphodrosaurus__time,0.1448900622560177,-0.001491987491896148,0.011980609117830098,NA,NA,NA
Spinosuchus__lat_range_z_trans,-0.6067711400985718,-0.009961250488496673,-0.009281674805817505,0.2672006640676409,0.05486247455701232,0.9136853814125061
Spinosuchus__Temperate_N,0.4008849588036537,0.0006672927691487853,0.02386810813657753,NA,NA,NA
Spinosuchus__Tropical,-0.5398039075522684,-0.01214859770282315,0.011280940844341345,NA,NA,NA
Spinosuchus__Temperate_S,0.4591319213807583,0.0013279277799533745,0.02661248530750585,NA,NA,NA
Spinosuchus__Antarctic,0.07015490450197831,0.00015592400856341137,0.004678979327400431,NA,NA,NA
Spinosuchus__mat_z_trans,0.06760852325242013,-0.005562904430534699,0.020616997896921372,NA,NA,NA
Spinosuchus__map_z_trans,-0.2577260769205168,-0.010964528141197263,0.015718844352082997,NA,NA,NA
Spinosuchus__wmm_z_trans,-0.06293968011857942,-0.005893406308644249,0.014324317545564303,NA,NA,NA
Spinosuchus__cmm_z_trans,0.05008055968210101,-0.0036571197328371485,0.022334080558057166,NA,NA,NA
Spinosuchus__wmmcmm_z_trans,0.039234148415271196,-0.002546674264740902,0.013370848530887132,NA,NA,NA
Spinosuchus__wetmon_z_trans,0.15849801881238818,-0.0044331543939332895,0.03197219663667232,NA,NA,NA
Spinosuchus__drymon_z_trans,0.04976173338945955,-0.0016397951343011725,0.007985022333218121,NA,NA,NA
Spinosuchus__wetdry_z_trans,0.12754706135950983,-0.006660464216916755,0.02853683535846495,NA,NA,NA
Spinosuchus__time,0.10161561458371579,8.584117744645161e-05,0.0073687743982595,NA,NA,NA
Spondylolestes__lat_range_z_trans,0.06897221793323072,0.0009442075064661266,0.00929259045988091,0.993037426469964,0.36534002237021923,1.6324196681380272
Spondylolestes__Temperate_N,0.09424490017082873,0.0007146623089438076,0.01457177472978161,NA,NA,NA
Spondylolestes__Tropical,0.04806495001078129,-0.0012231545430649575,0.011613985112257558,NA,NA,NA
Spondylolestes__Temperate_S,-0.16212900023641283,-0.007978386670031418,-0.0017563919180743747,NA,NA,NA
Spondylolestes__Antarctic,0.014846107143467503,-3.190179322821488e-05,0.0037549097735144676,NA,NA,NA
Spondylolestes__mat_z_trans,-0.08998700169112785,-0.012325798556886723,0.03239674419666337,NA,NA,NA
Spondylolestes__map_z_trans,0.018308925254828842,-0.0007843658008122517,0.006023340628108708,NA,NA,NA
Spondylolestes__wmm_z_trans,0.0020796637188768164,-0.0015956092096798726,0.0044033116727551285,NA,NA,NA
Spondylolestes__cmm_z_trans,0.10852408889403001,-0.010073965139412914,0.040011254436943984,NA,NA,NA
Spondylolestes__wmmcmm_z_trans,0.05704909703338387,-0.009206983283990012,0.03583213002535173,NA,NA,NA
Spondylolestes__wetmon_z_trans,0.0005924677920073916,-0.0028298291717749205,0.007613676742622295,NA,NA,NA
Spondylolestes__drymon_z_trans,-0.0012036469228794502,-0.00895315451674892,0.02497723134943049,NA,NA,NA
Spondylolestes__wetdry_z_trans,-0.01821801093667992,-0.005390388258589417,0.022643331152754277,NA,NA,NA
Spondylolestes__time,-0.005392876788426308,-0.002496241950503591,0.008008868058145357,NA,NA,NA
Spondylosoma__lat_range_z_trans,0.34335517466068266,0.0014846502786820326,0.013854233921933535,0.36570585823152213,0.19782137870788574,0.5372345931828022
Spondylosoma__Temperate_N,0.4825244321767241,-0.00036280322673253935,0.023796619561644073,NA,NA,NA
Spondylosoma__Tropical,0.35879235092084855,-6.801439527213194e-05,0.019029727012348913,NA,NA,NA
Spondylosoma__Temperate_S,-1.1954603669513018,-0.017334953543777613,-0.009812900259635826,NA,NA,NA
Spondylosoma__Antarctic,0.10356388978660107,0.00033965404632186675,0.00521461429261766,NA,NA,NA
Spondylosoma__mat_z_trans,-0.01193378451280296,-0.006430840134891297,0.017977850731882374,NA,NA,NA
Spondylosoma__map_z_trans,0.19456466904375702,-0.003218207875722175,0.032322511158222635,NA,NA,NA
Spondylosoma__wmm_z_trans,0.12131440340657719,-0.003369407820447123,0.01911135404112148,NA,NA,NA
Spondylosoma__cmm_z_trans,0.1355240760068409,-0.002977344605098517,0.02224870280828552,NA,NA,NA
Spondylosoma__wmmcmm_z_trans,0.02443086700513959,-0.0048290029536470075,0.019840651619420002,NA,NA,NA
Spondylosoma__wetmon_z_trans,-0.2615389882092131,-0.012042084922248154,0.019459734002222027,NA,NA,NA
Spondylosoma__drymon_z_trans,0.0252558075619163,-0.0018873572119464624,0.007603983888045148,NA,NA,NA
Spondylosoma__wetdry_z_trans,-0.2979809332732111,-0.010079963659863647,0.02210651755834577,NA,NA,NA
Spondylosoma__time,0.09764411404263228,-0.0004552330546705041,0.006633156083682175,NA,NA,NA
Stagonolepis__lat_range_z_trans,-0.5116575501672923,-0.015604224389673457,-0.013591368784019823,0.2221930786649682,0.008956779725849628,0.8359972429461777
Stagonolepis__Temperate_N,-0.18425123357214035,-0.008394406782840924,-0.0008703273148704518,NA,NA,NA
Stagonolepis__Tropical,-0.11757615657523274,-0.007250534459993675,0.007047890053281217,NA,NA,NA
Stagonolepis__Temperate_S,0.3200673773139715,0.002156834711781051,0.027860996361196936,NA,NA,NA
Stagonolepis__Antarctic,0.022733695900533347,-0.0005563289622783533,0.0034003499488599216,NA,NA,NA
Stagonolepis__mat_z_trans,0.13645064366981388,-0.0030409677920350425,0.031543171277162385,NA,NA,NA
Stagonolepis__map_z_trans,-0.08925917638000101,-0.009337087908765009,0.015047556491633873,NA,NA,NA
Stagonolepis__wmm_z_trans,0.0018851895199622959,-0.0039012477619741748,0.013392843153792569,NA,NA,NA
Stagonolepis__cmm_z_trans,0.056889328898396346,-0.004077824666489403,0.028219342254748505,NA,NA,NA
Stagonolepis__wmmcmm_z_trans,0.08176024557949858,-0.0014465185664386088,0.021584707981869178,NA,NA,NA
Stagonolepis__wetmon_z_trans,0.1409996301227875,-0.004115205035232166,0.03272947080429057,NA,NA,NA
Stagonolepis__drymon_z_trans,0.022597485324076842,-0.0017977041630185568,0.007348292359960348,NA,NA,NA
Stagonolepis__wetdry_z_trans,0.13106338795274497,-0.0032546762055999335,0.03757467824704933,NA,NA,NA
Stagonolepis__time,0.052235771578270945,-0.0006110170967550308,0.008099153585180945,NA,NA,NA
Stagonosuchus__lat_range_z_trans,0.024995618581460106,0.001658829760641374,0.011680358685442633,2.436559020005225,0.12259983085095882,5.293188579380512
Stagonosuchus__Temperate_N,0.035605823491141206,0.001087464013511945,0.01825709153207194,NA,NA,NA
Stagonosuchus__Tropical,0.021595803382474407,-0.0011875244786861414,0.01230485910137032,NA,NA,NA
Stagonosuchus__Temperate_S,-0.061804629307091186,-0.015062749643051761,-0.006330240037843248,NA,NA,NA
Stagonosuchus__Antarctic,1.7928546176364445e-05,-0.0012737916288608386,0.0026707682349131987,NA,NA,NA
Stagonosuchus__mat_z_trans,0.00683404417805253,-0.007955131307013861,0.024139815894275964,NA,NA,NA
Stagonosuchus__map_z_trans,0.04479106002987087,-0.0015498617840751067,0.028511389947038536,NA,NA,NA
Stagonosuchus__wmm_z_trans,0.027515147799236916,-0.0031298195064586197,0.022480132778685866,NA,NA,NA
Stagonosuchus__cmm_z_trans,0.03975233895102871,-0.002222692499768799,0.03732447805019308,NA,NA,NA
Stagonosuchus__wmmcmm_z_trans,0.013141009438426535,-0.004443837136902254,0.019744320081738324,NA,NA,NA
Stagonosuchus__wetmon_z_trans,-0.010777049682895602,-0.011282625249344076,0.016535328512747437,NA,NA,NA
Stagonosuchus__drymon_z_trans,0.005126321455508296,-0.0015906471996247186,0.00607853308220843,NA,NA,NA
Stagonosuchus__wetdry_z_trans,-0.009945031514368149,-0.011468129563093577,0.022465874035817134,NA,NA,NA
Stagonosuchus__time,-0.00109650397311215,-0.002810392856586841,0.0035240465214759,NA,NA,NA
Staurikosaurus__lat_range_z_trans,0.06298688000672209,0.002090775345872146,0.014045628283464496,0.9208229060046143,0.4681917233392596,1.3613374028354883
Staurikosaurus__Temperate_N,0.09133480109305492,0.0012647609691766658,0.026638968690437848,NA,NA,NA
Staurikosaurus__Tropical,0.07400513869357059,0.0008768483016361704,0.022740770006285427,NA,NA,NA
Staurikosaurus__Temperate_S,-0.14282431909727236,-0.016486172003521486,-0.00210931900057655,NA,NA,NA
Staurikosaurus__Antarctic,0.012707559333775506,8.553974467739654e-05,0.0042743360826501455,NA,NA,NA
Staurikosaurus__mat_z_trans,0.02053268283761709,-0.005837016818821472,0.024185087079019677,NA,NA,NA
Staurikosaurus__map_z_trans,-0.06921454264738947,-0.011204414284315792,0.008168822490367536,NA,NA,NA
Staurikosaurus__wmm_z_trans,-0.03352146747693357,-0.008322892053740323,0.011476949446983003,NA,NA,NA
Staurikosaurus__cmm_z_trans,-0.014289893643790944,-0.007550639524172645,0.014814778331071133,NA,NA,NA
Staurikosaurus__wmmcmm_z_trans,-0.0004124797520264766,-0.003207087685724927,0.008744085988081074,NA,NA,NA
Staurikosaurus__wetmon_z_trans,0.05375911457159356,-0.0037651924358571526,0.030440978910605546,NA,NA,NA
Staurikosaurus__drymon_z_trans,0.00658462323304673,-0.0024072382317364485,0.010948054102779273,NA,NA,NA
Staurikosaurus__wetdry_z_trans,0.052163784392402504,-0.00599527080735568,0.03560272278387372,NA,NA,NA
Staurikosaurus__time,0.02193999983153867,-0.0007729095954297271,0.00941489322509317,NA,NA,NA
Stauromatodon__lat_range_z_trans,0.08129348596321366,0.0022759193189632898,0.018803310013432255,0.8396704190783203,0.3653787113726139,1.4592536193376873
Stauromatodon__Temperate_N,-0.24012608332078417,-0.020588418068909726,-0.007520842794851114,NA,NA,NA
Stauromatodon__Tropical,0.08952399480431632,0.0004637481374428497,0.025307935685861014,NA,NA,NA
Stauromatodon__Temperate_S,0.13464238070771467,0.0023643029060378064,0.03202721737572849,NA,NA,NA
Stauromatodon__Antarctic,0.01982375084590123,0.00010009208724982167,0.005523931366643527,NA,NA,NA
Stauromatodon__mat_z_trans,-0.00926423789799306,-0.008061796674329776,0.021131610946178315,NA,NA,NA
Stauromatodon__map_z_trans,-0.00063085638422472,-0.0033285237062212186,0.011733491150628978,NA,NA,NA
Stauromatodon__wmm_z_trans,0.008243899866703182,-0.0023991993913397183,0.012740903133247694,NA,NA,NA
Stauromatodon__cmm_z_trans,0.04800310024052762,-0.006015413839864038,0.028519609254663653,NA,NA,NA
Stauromatodon__wmmcmm_z_trans,0.03348875888056811,-0.006741963286862001,0.021726844034866744,NA,NA,NA
Stauromatodon__wetmon_z_trans,-0.026443968366693032,-0.00827361166259612,0.015209242696643279,NA,NA,NA
Stauromatodon__drymon_z_trans,0.00729590552404699,-0.0021743788932521075,0.009149491923135715,NA,NA,NA
Stauromatodon__wetdry_z_trans,-0.028736850610767233,-0.00828060211656617,0.017663370418809582,NA,NA,NA
Stauromatodon__time,0.018638601123379266,-0.0005710638890661709,0.007370641215147382,NA,NA,NA
Stegomus__lat_range_z_trans,-0.5421556851267815,-0.007868344312073484,-0.010369963295628854,0.16607540383323793,0.0014204694889485836,0.3042943440377712
Stegomus__Temperate_N,0.3485546200722456,0.0006321591892342094,0.023139031014966362,NA,NA,NA
Stegomus__Tropical,-0.41697467070654964,-0.01086344510163001,0.008861759244214092,NA,NA,NA
Stegomus__Temperate_S,0.41441549219191076,0.001187662290186606,0.025798284019610193,NA,NA,NA
Stegomus__Antarctic,0.06299752315506339,7.795704642851018e-05,0.004170383002858755,NA,NA,NA
Stegomus__mat_z_trans,0.08232873430126347,-0.005059029640117703,0.030621410536405675,NA,NA,NA
Stegomus__map_z_trans,-0.3170551549270749,-0.010146953969035068,0.007279111368344381,NA,NA,NA
Stegomus__wmm_z_trans,-0.11168721312889829,-0.006619051281702353,0.013351892733584041,NA,NA,NA
Stegomus__cmm_z_trans,-0.11902479103882797,-0.007872566866592287,0.012394529995030702,NA,NA,NA
Stegomus__wmmcmm_z_trans,0.011545259580016136,-0.0034709047442731764,0.025646483099879876,NA,NA,NA
Stegomus__wetmon_z_trans,0.19215582048520446,-0.004554206418942351,0.02695838086672101,NA,NA,NA
Stegomus__drymon_z_trans,0.04442025501281023,-0.0014307617207610518,0.008164945757781412,NA,NA,NA
Stegomus__wetdry_z_trans,0.21189930342225125,-0.005182009773882831,0.03557017475076212,NA,NA,NA
Stegomus__time,0.10322265175753273,-6.141377615229019e-05,0.007800333325605714,NA,NA,NA
Stenaulorhynchus__lat_range_z_trans,0.020677559570401318,0.0015629204298217678,0.010663979133356993,3.0546121829006005,0.21805169619619846,5.604935571551323
Stenaulorhynchus__Temperate_N,0.029290349965685334,0.00145380619771795,0.01644340280228308,NA,NA,NA
Stenaulorhynchus__Tropical,0.016405376996895937,-0.001249685472613212,0.013919420675365486,NA,NA,NA
Stenaulorhynchus__Temperate_S,-0.04499869131649894,-0.014211405300720513,-0.0032670226852610923,NA,NA,NA
Stenaulorhynchus__Antarctic,-0.001252429781784543,-0.0015901977987466448,0.0019238054936021177,NA,NA,NA
Stenaulorhynchus__mat_z_trans,0.01255664151031392,-0.010637189426968794,0.0271656032162601,NA,NA,NA
Stenaulorhynchus__map_z_trans,0.036163170208283406,-0.0005202015365794906,0.030446575493718927,NA,NA,NA
Stenaulorhynchus__wmm_z_trans,0.026539143501079936,-0.003896422751039675,0.021222411943635434,NA,NA,NA
Stenaulorhynchus__cmm_z_trans,0.031765501320142255,-0.005777973607985212,0.030772459423088254,NA,NA,NA
Stenaulorhynchus__wmmcmm_z_trans,0.017605200336792737,-0.003972767186830921,0.021410776633345105,NA,NA,NA
Stenaulorhynchus__wetmon_z_trans,-0.006667184991191719,-0.009931944920035062,0.017343155274825123,NA,NA,NA
Stenaulorhynchus__drymon_z_trans,0.004453775702741662,-0.001505644906747365,0.006018900173378737,NA,NA,NA
Stenaulorhynchus__wetdry_z_trans,-0.004037172695011657,-0.007870358305903774,0.022500325391403658,NA,NA,NA
Stenaulorhynchus__time,-0.0027493589519407813,-0.003083844492682329,0.002822963451133584,NA,NA,NA
Stenomyti__lat_range_z_trans,0.2902300660312176,0.0008649632608264559,0.009802005510066311,0.2594491716579068,0.13168713077902794,0.4512922391295433
Stenomyti__Temperate_N,0.3510877051576972,-0.00037042157723505024,0.015877952012859083,NA,NA,NA
Stenomyti__Tropical,-0.4578328704740852,-0.008114642860102866,0.0007019592877333905,NA,NA,NA
Stenomyti__Temperate_S,0.46466332089621576,0.0006966768254995688,0.01753142553972233,NA,NA,NA
Stenomyti__Antarctic,0.08631157469935716,5.759817710600371e-05,0.0034202617207939306,NA,NA,NA
Stenomyti__mat_z_trans,0.03822181318420917,-0.010017155405552675,0.027822886795796385,NA,NA,NA
Stenomyti__map_z_trans,-0.470769309932366,-0.007916717005194147,0.008710729552013415,NA,NA,NA
Stenomyti__wmm_z_trans,-0.18866209354484453,-0.004344210137574439,0.010215237380239946,NA,NA,NA
Stenomyti__cmm_z_trans,-0.5467219222942368,-0.01070824935488558,0.019296627375387013,NA,NA,NA
Stenomyti__wmmcmm_z_trans,-0.22955747784813865,-0.0074440857906510815,0.02063950688261619,NA,NA,NA
Stenomyti__wetmon_z_trans,0.272428396679461,-0.004385059368766553,0.03023474313428723,NA,NA,NA
Stenomyti__drymon_z_trans,0.04011320101213642,-0.00145240234837842,0.005373593609581395,NA,NA,NA
Stenomyti__wetdry_z_trans,0.24418951383326204,-0.007110796293940886,0.03819687902994144,NA,NA,NA
Stenomyti__time,0.14055620648898184,-0.0009864072004636083,0.01156294858909744,NA,NA,NA
Stenoscelida__lat_range_z_trans,0.25727264568209646,0.0010807848238157515,0.01026964171424677,0.11526137761131394,0.038839973509311676,0.22100029373541474
Stenoscelida__Temperate_N,0.32995580381539186,-4.053559180898436e-05,0.0157947441192715,NA,NA,NA
Stenoscelida__Tropical,0.2950360571779311,9.142055382491264e-05,0.014627770309763664,NA,NA,NA
Stenoscelida__Temperate_S,-0.5495431475900113,-0.00867103898996254,0.00015386676937446605,NA,NA,NA
Stenoscelida__Antarctic,0.07585113572888076,0.00014107574098491926,0.003644375039668282,NA,NA,NA
Stenoscelida__mat_z_trans,0.13019623633474112,-0.007793875393569046,0.03579462989223633,NA,NA,NA
Stenoscelida__map_z_trans,-0.3707626718189567,-0.007137523155047737,0.008705660407771137,NA,NA,NA
Stenoscelida__wmm_z_trans,-0.21997595353284852,-0.005364866159219938,0.011113320757904646,NA,NA,NA
Stenoscelida__cmm_z_trans,-0.49827129473211246,-0.012385021219275073,0.018971132677440647,NA,NA,NA
Stenoscelida__wmmcmm_z_trans,-0.15528430099599064,-0.007771336487913741,0.01827436180071148,NA,NA,NA
Stenoscelida__wetmon_z_trans,0.2163531435839832,-0.0049701138217547345,0.030494897289385283,NA,NA,NA
Stenoscelida__drymon_z_trans,0.045838988036848605,-0.001396897479776169,0.006365842708104631,NA,NA,NA
Stenoscelida__wetdry_z_trans,0.20233329719863832,-0.0056791980251040585,0.03460057023403703,NA,NA,NA
Stenoscelida__time,0.14198203154373915,-0.0013337838745068403,0.010575942700219623,NA,NA,NA
Styracocephalus__lat_range_z_trans,0.049591521017090655,0.0005811299375080035,0.00882061157316703,1.1037361908554977,0.06812290288507938,4.616899460554123
Styracocephalus__Temperate_N,0.07361447521518215,0.0004202101893530427,0.012630320856607202,NA,NA,NA
Styracocephalus__Tropical,0.04698782427653043,-0.0001914339466924191,0.010866685029956125,NA,NA,NA
Styracocephalus__Temperate_S,-0.11597014219945996,-0.007458721115034311,0.00542612497778789,NA,NA,NA
Styracocephalus__Antarctic,0.00752008526136102,-0.0006490840520435693,0.003018541967355991,NA,NA,NA
Styracocephalus__mat_z_trans,-0.1089507226711035,-0.017888302702813715,0.0181681664450893,NA,NA,NA
Styracocephalus__map_z_trans,0.04034892218087869,-0.0005851234226918975,0.013772022987907483,NA,NA,NA
Styracocephalus__wmm_z_trans,0.07335916875654597,-0.007439455720248923,0.03823765854584838,NA,NA,NA
Styracocephalus__cmm_z_trans,0.021053560619197248,-0.009684353554862765,0.032040799860478975,NA,NA,NA
Styracocephalus__wmmcmm_z_trans,0.027061156847093495,-0.005322883722755571,0.024922378566629617,NA,NA,NA
Styracocephalus__wetmon_z_trans,0.00465990836231349,-0.0028320623062898145,0.006055708056545057,NA,NA,NA
Styracocephalus__drymon_z_trans,0.03236198302799583,-0.002295006317008987,0.024988677861338213,NA,NA,NA
Styracocephalus__wetdry_z_trans,-0.005577970985610551,-0.004544034525579508,0.011700425610718228,NA,NA,NA
Styracocephalus__time,-0.010307888332106085,-0.0033417878201528394,0.008738634080705998,NA,NA,NA
Suchonosaurus__lat_range_z_trans,0.1062457114838902,0.0008110506721013553,0.008417431794407829,0.6833746248314856,0.10702811554074287,1.8241144120693207
Suchonosaurus__Temperate_N,-0.26286599361503493,-0.007889582034327332,0.0020376437551202485,NA,NA,NA
Suchonosaurus__Tropical,0.08382197999572978,-0.0004447218715577734,0.010097857923387975,NA,NA,NA
Suchonosaurus__Temperate_S,0.16253476204564352,0.0008781868786434063,0.013764013538999906,NA,NA,NA
Suchonosaurus__Antarctic,0.02770925231634997,-0.00011708976119891598,0.003257555696952903,NA,NA,NA
Suchonosaurus__mat_z_trans,-0.21597845513164407,-0.01195301166559151,0.03436553721754151,NA,NA,NA
Suchonosaurus__map_z_trans,0.04100524811797065,-0.001518757560025337,0.008238207467949264,NA,NA,NA
Suchonosaurus__wmm_z_trans,0.062272129857991784,-0.004456523165611514,0.025486213716054137,NA,NA,NA
Suchonosaurus__cmm_z_trans,0.11367747186052453,-0.009774525196483592,0.034792737408413585,NA,NA,NA
Suchonosaurus__wmmcmm_z_trans,0.04936982918939135,-0.008647467832494253,0.033372940278241225,NA,NA,NA
Suchonosaurus__wetmon_z_trans,-0.005277613927513736,-0.002469401860623795,0.006972058170056839,NA,NA,NA
Suchonosaurus__drymon_z_trans,0.0330903942307062,-0.006465241841113867,0.017759239755443298,NA,NA,NA
Suchonosaurus__wetdry_z_trans,-0.04441594361387787,-0.006729693971000852,0.013818847985090844,NA,NA,NA
Suchonosaurus__time,-0.015436891434218523,-0.002454129870029297,0.007006471712475936,NA,NA,NA
Sumidadectes__lat_range_z_trans,0.31025479853153226,0.0006668019600578669,0.007889525994475993,0.2785752209444763,0.10747067630290985,0.47357716015540063
Sumidadectes__Temperate_N,0.26033084782306104,-0.0003748904111040564,0.010786265557002187,NA,NA,NA
Sumidadectes__Tropical,-0.6828400136111304,-0.0065175338563487695,0.0018343096834210313,NA,NA,NA
Sumidadectes__Temperate_S,0.43254147373139856,0.0004568542731273771,0.011936229720564908,NA,NA,NA
Sumidadectes__Antarctic,0.10622962917201222,-4.0513992419330434e-05,0.0031976700016181246,NA,NA,NA
Sumidadectes__mat_z_trans,0.24305679735261948,-0.006556021112063656,0.02614512551178436,NA,NA,NA
Sumidadectes__map_z_trans,0.8698858522996307,-0.003588600957487543,0.038935907774275094,NA,NA,NA
Sumidadectes__wmm_z_trans,-0.16267413812340237,-0.004679358654530692,0.008510863636604719,NA,NA,NA
Sumidadectes__cmm_z_trans,-0.37176988238701597,-0.007859266915418241,0.02258332784427173,NA,NA,NA
Sumidadectes__wmmcmm_z_trans,-0.14004848252050578,-0.0059237407600524665,0.016906095766779095,NA,NA,NA
Sumidadectes__wetmon_z_trans,-0.3665635430836119,-0.009349114641289177,0.019394449855202323,NA,NA,NA
Sumidadectes__drymon_z_trans,-0.16079435689607635,-0.007691076633230767,0.028945216094403578,NA,NA,NA
Sumidadectes__wetdry_z_trans,-0.21592443621717394,-0.005670072172009674,0.015534767373925357,NA,NA,NA
Sumidadectes__time,-0.0879704502254026,-0.0041043752065441546,0.006787001605806981,NA,NA,NA
Syntarsus__lat_range_z_trans,0.051287805774154156,0.0012228400153162437,0.010158955828660075,1.0170371795864594,0.21369943488389254,1.8608534410595894
Syntarsus__Temperate_N,0.06796188582306983,-2.710103509723648e-05,0.01626503502558417,NA,NA,NA
Syntarsus__Tropical,-0.05056136364725448,-0.005759163567428356,0.010661441752520153,NA,NA,NA
Syntarsus__Temperate_S,0.07952162272428366,0.0007995901131088271,0.017425247287207665,NA,NA,NA
Syntarsus__Antarctic,0.00724026551485375,-0.000142630977792889,0.0026821113640127627,NA,NA,NA
Syntarsus__mat_z_trans,0.012740989415730607,-0.010673949744720293,0.02973494974484354,NA,NA,NA
Syntarsus__map_z_trans,-0.044110157240854,-0.006712380146576638,0.00465428474250976,NA,NA,NA
Syntarsus__wmm_z_trans,-0.08515529489342685,-0.014136238853163804,0.016123487450204105,NA,NA,NA
Syntarsus__cmm_z_trans,-0.036653048190486,-0.007100581167854029,0.014187308833029114,NA,NA,NA
Syntarsus__wmmcmm_z_trans,0.02006707926571824,-0.004394636403045807,0.016753680789692738,NA,NA,NA
Syntarsus__wetmon_z_trans,0.04179279429997047,-0.0036219887859073605,0.02609179219882672,NA,NA,NA
Syntarsus__drymon_z_trans,0.0048156017266423575,-0.0009370814739323568,0.004348140515949011,NA,NA,NA
Syntarsus__wetdry_z_trans,0.03600046905750119,-0.005132784054014055,0.02743895643837487,NA,NA,NA
Syntarsus__time,0.03080323174600593,-0.004614802998205526,0.022861364448720792,NA,NA,NA
Syntomiprosopus__lat_range_z_trans,0.2976020950078964,0.0009482094406953296,0.010140600113031622,0.2947476348849159,0.10492435918422416,0.5742633454501629
Syntomiprosopus__Temperate_N,0.37053147027269007,0.0003784314201991213,0.016814714376430007,NA,NA,NA
Syntomiprosopus__Tropical,-0.4593762446055189,-0.0066220296634390986,0.006827276528588052,NA,NA,NA
Syntomiprosopus__Temperate_S,0.4739737216057256,0.000920539969895852,0.017981515699551278,NA,NA,NA
Syntomiprosopus__Antarctic,0.08851113490760326,0.00012037174455316535,0.0036464964886141556,NA,NA,NA
Syntomiprosopus__mat_z_trans,0.05107426123227924,-0.009729374085638646,0.02935589346403288,NA,NA,NA
Syntomiprosopus__map_z_trans,-0.4754136554058641,-0.00860820871250159,0.0052333435739645735,NA,NA,NA
Syntomiprosopus__wmm_z_trans,-0.1848487970046699,-0.004873033060725341,0.007121398382553461,NA,NA,NA
Syntomiprosopus__cmm_z_trans,-0.5281068904529093,-0.011806363889633312,0.016335390505924297,NA,NA,NA
Syntomiprosopus__wmmcmm_z_trans,-0.2454673405061476,-0.0074397280281946684,0.02033736854634597,NA,NA,NA
Syntomiprosopus__wetmon_z_trans,0.2531250100582838,-0.005233569722424032,0.031736713293113804,NA,NA,NA
Syntomiprosopus__drymon_z_trans,0.04158810095046647,-0.0011135907697831513,0.006513754273307882,NA,NA,NA
Syntomiprosopus__wetdry_z_trans,0.25046802567783744,-0.0066452097472243276,0.03815910200859886,NA,NA,NA
Syntomiprosopus__time,0.1338583042371465,-0.0015273539750925767,0.009183189166078671,NA,NA,NA
Tachiraptor__lat_range_z_trans,0.04318795778514072,0.0012938898326068547,0.010482934029402148,1.1757340190175274,0.36568724177777767,2.168377353809774
Tachiraptor__Temperate_N,0.05800830373807114,-2.9631864609345732e-05,0.016928574917363593,NA,NA,NA
Tachiraptor__Tropical,-0.04052524837894803,-0.006296982918948195,0.011096380373651448,NA,NA,NA
Tachiraptor__Temperate_S,0.0670517579178267,0.0008742598166307028,0.018136118593724763,NA,NA,NA
Tachiraptor__Antarctic,0.00479355780165245,-0.00023188927976513295,0.0025765556326351304,NA,NA,NA
Tachiraptor__mat_z_trans,0.010223074439240087,-0.0116707362854478,0.029013353736975965,NA,NA,NA
Tachiraptor__map_z_trans,-0.03250653108708426,-0.006376001224573116,0.006046606019684129,NA,NA,NA
Tachiraptor__wmm_z_trans,-0.07433423612607519,-0.015456351179185646,0.01678125284087107,NA,NA,NA
Tachiraptor__cmm_z_trans,-0.025327377819558055,-0.006854617895043111,0.012490574202900605,NA,NA,NA
Tachiraptor__wmmcmm_z_trans,0.028475039661407225,-0.001884952815663628,0.014851284712205249,NA,NA,NA
Tachiraptor__wetmon_z_trans,0.0349576597423142,-0.0033187980625673666,0.026639877702625967,NA,NA,NA
Tachiraptor__drymon_z_trans,0.004254121474851809,-0.0006212319676061498,0.004391596400035997,NA,NA,NA
Tachiraptor__wetdry_z_trans,0.03229226919937806,-0.0056121089697073,0.026157642500333894,NA,NA,NA
Tachiraptor__time,0.025201533027692003,-0.005045756265434045,0.023794004757725553,NA,NA,NA
Tangasaurus__lat_range_z_trans,0.06897221793323072,0.0009442075064661266,0.00929259045988091,0.993037426469964,0.36534002237021923,1.6324196681380272
Tangasaurus__Temperate_N,0.09424490017082873,0.0007146623089438076,0.01457177472978161,NA,NA,NA
Tangasaurus__Tropical,0.04806495001078129,-0.0012231545430649575,0.011613985112257558,NA,NA,NA
Tangasaurus__Temperate_S,-0.16212900023641283,-0.007978386670031418,-0.0017563919180743747,NA,NA,NA
Tangasaurus__Antarctic,0.014846107143467503,-3.190179322821488e-05,0.0037549097735144676,NA,NA,NA
Tangasaurus__mat_z_trans,-0.08998700169112785,-0.012325798556886723,0.03239674419666337,NA,NA,NA
Tangasaurus__map_z_trans,0.018308925254828842,-0.0007843658008122517,0.006023340628108708,NA,NA,NA
Tangasaurus__wmm_z_trans,0.0020796637188768164,-0.0015956092096798726,0.0044033116727551285,NA,NA,NA
Tangasaurus__cmm_z_trans,0.10852408889403001,-0.010073965139412914,0.040011254436943984,NA,NA,NA
Tangasaurus__wmmcmm_z_trans,0.05704909703338387,-0.009206983283990012,0.03583213002535173,NA,NA,NA
Tangasaurus__wetmon_z_trans,0.0005924677920073916,-0.0028298291717749205,0.007613676742622295,NA,NA,NA
Tangasaurus__drymon_z_trans,-0.0012036469228794502,-0.00895315451674892,0.02497723134943049,NA,NA,NA
Tangasaurus__wetdry_z_trans,-0.01821801093667992,-0.005390388258589417,0.022643331152754277,NA,NA,NA
Tangasaurus__time,-0.005392876788426308,-0.002496241950503591,0.008008868058145357,NA,NA,NA
Tanystropheus__lat_range_z_trans,-1.0574996943204824,-0.027556391186252523,-0.01892243925554775,0.28829301164958454,0.015324200852774084,0.717356531880796
Tanystropheus__Temperate_N,-0.2469771603679202,-0.006240124443228576,-0.0010686742300786082,NA,NA,NA
Tanystropheus__Tropical,-0.15184987035265987,-0.0052654802118412775,0.0050492803577784195,NA,NA,NA
Tanystropheus__Temperate_S,0.3160571252947714,0.0014210096290228798,0.01959451532835295,NA,NA,NA
Tanystropheus__Antarctic,0.012759875699932505,-0.00041842828022323815,0.00260369754914411,NA,NA,NA
Tanystropheus__mat_z_trans,0.16301472080967358,-0.004024913788646835,0.02862247630198302,NA,NA,NA
Tanystropheus__map_z_trans,0.31182047021694076,-0.0007782563095294973,0.03687682826292352,NA,NA,NA
Tanystropheus__wmm_z_trans,0.2356055266663729,-0.0010612154758893536,0.026561259058430767,NA,NA,NA
Tanystropheus__cmm_z_trans,0.3605453196665468,-0.003296944035325201,0.04172598056343345,NA,NA,NA
Tanystropheus__wmmcmm_z_trans,0.1528321364464882,-0.001951146596834905,0.022121924055640868,NA,NA,NA
Tanystropheus__wetmon_z_trans,-0.010416841079539598,-0.004830663990516977,0.02046455208313525,NA,NA,NA
Tanystropheus__drymon_z_trans,0.044468609173393805,-0.00035817773525132277,0.007451253793398354,NA,NA,NA
Tanystropheus__wetdry_z_trans,-0.014439145906442127,-0.005866743062755862,0.023604822165646393,NA,NA,NA
Tanystropheus__time,0.019830809428833064,-0.0010034335920405858,0.004701280385894749,NA,NA,NA
Tanytrachelos__lat_range_z_trans,-0.6685923892259598,-0.013079951707222173,-0.019911553777999018,0.15091263082358636,0.0024616681039333344,0.2768905833363533
Tanytrachelos__Temperate_N,0.2880509891733527,0.0005883507629005691,0.022042453781017393,NA,NA,NA
Tanytrachelos__Tropical,-0.2058923624828458,-0.006634873583669813,0.011288268578447462,NA,NA,NA
Tanytrachelos__Temperate_S,0.35791722051799296,0.001734963809183118,0.026690812719641795,NA,NA,NA
Tanytrachelos__Antarctic,0.04146095491829328,-0.00014226118279562756,0.003843378373549697,NA,NA,NA
Tanytrachelos__mat_z_trans,0.09115357479429803,-0.0051305444841075205,0.026207879799080833,NA,NA,NA
Tanytrachelos__map_z_trans,-0.23772474379977213,-0.01092446704073569,0.009392888346879793,NA,NA,NA
Tanytrachelos__wmm_z_trans,-0.08243151841918006,-0.006579034757509352,0.014686029997997297,NA,NA,NA
Tanytrachelos__cmm_z_trans,-0.08024094917578622,-0.007326973015429384,0.019217635295362252,NA,NA,NA
Tanytrachelos__wmmcmm_z_trans,0.015983945012558252,-0.0029226891101447636,0.013397666648975454,NA,NA,NA
Tanytrachelos__wetmon_z_trans,0.17988124664872884,-0.004949280776071655,0.038284658232442134,NA,NA,NA
Tanytrachelos__drymon_z_trans,0.0251891702854482,-0.0015683599659554546,0.00937437623061258,NA,NA,NA
Tanytrachelos__wetdry_z_trans,0.17093749438790837,-0.004186798578441056,0.03549028989761621,NA,NA,NA
Tanytrachelos__time,0.07677255468210205,-0.00010898944931447287,0.009381972296511602,NA,NA,NA
Tarjadia__lat_range_z_trans,0.33971375033259393,0.0014704608391132624,0.01536511526997293,0.3591804307431448,0.2022004220634699,0.5372345931828022
Tarjadia__Temperate_N,0.4862711867783219,0.0011928214990645858,0.028889935670271878,NA,NA,NA
Tarjadia__Tropical,0.3473195293871686,3.153511260050398e-05,0.020434751192114776,NA,NA,NA
Tarjadia__Temperate_S,-1.1891791643667966,-0.017846705699617747,-0.0094703528513362,NA,NA,NA
Tarjadia__Antarctic,0.1025999702513218,0.0003632454698970518,0.005148970527256538,NA,NA,NA
Tarjadia__mat_z_trans,0.002037898665294051,-0.006369377837149725,0.018439998321886475,NA,NA,NA
Tarjadia__map_z_trans,0.10804323819000274,-0.0035430553683202005,0.033280241083533744,NA,NA,NA
Tarjadia__wmm_z_trans,0.07205771807231941,-0.0034047727274191526,0.013664987347939883,NA,NA,NA
Tarjadia__cmm_z_trans,0.1367275467980653,-0.0034538486257346284,0.022907941453901324,NA,NA,NA
Tarjadia__wmmcmm_z_trans,0.054089305745437744,-0.005402826364696179,0.02042853867128221,NA,NA,NA
Tarjadia__wetmon_z_trans,-0.2350646343891276,-0.011922775235397235,0.020927100045174375,NA,NA,NA
Tarjadia__drymon_z_trans,0.028326123061706312,-0.0019111028212971954,0.007533863974315355,NA,NA,NA
Tarjadia__wetdry_z_trans,-0.2374721642676741,-0.009983625123266322,0.015005966358811153,NA,NA,NA
Tarjadia__time,0.0987937270279508,-0.0004508821970903014,0.0068296993550110725,NA,NA,NA
Tasmaniosaurus__lat_range_z_trans,-0.9378627223615775,-0.02672797290940543,-0.009235580943394276,0.37814101836800545,0.008296415209770203,1.1338931657373905
Tasmaniosaurus__Temperate_N,0.15550297231642143,-8.066815474056598e-05,0.012017401399095922,NA,NA,NA
Tasmaniosaurus__Tropical,0.07969264147548465,-0.0009691033661481383,0.009810372632313524,NA,NA,NA
Tasmaniosaurus__Temperate_S,-0.17413580834964437,-0.00477560590380486,-0.0011779651895101053,NA,NA,NA
Tasmaniosaurus__Antarctic,0.19881661128084657,-0.004978234466145303,0.040149647426571754,NA,NA,NA
Tasmaniosaurus__mat_z_trans,0.07318398549631602,-0.005092557835763929,0.027830457964385658,NA,NA,NA
Tasmaniosaurus__map_z_trans,0.16394855988105161,-0.0011800207257563688,0.020291622753625074,NA,NA,NA
Tasmaniosaurus__wmm_z_trans,0.1251835560904193,-0.001954096159646048,0.015006568593788606,NA,NA,NA
Tasmaniosaurus__cmm_z_trans,0.2677939735231237,-0.0028455212465698433,0.03586754802031665,NA,NA,NA
Tasmaniosaurus__wmmcmm_z_trans,0.14198591262334775,-0.0036642491931063712,0.02625333373540566,NA,NA,NA
Tasmaniosaurus__wetmon_z_trans,0.006273251311677354,-0.003027226422324673,0.01231613107278292,NA,NA,NA
Tasmaniosaurus__drymon_z_trans,0.03244701477726142,-0.00238997009025365,0.006479106336368629,NA,NA,NA
Tasmaniosaurus__wetdry_z_trans,-0.012060054841089851,-0.002743638958362667,0.019897672271170782,NA,NA,NA
Tasmaniosaurus__time,0.014981988152270807,-0.0008020436472854387,0.0038804403472147216,NA,NA,NA
Tawa__lat_range_z_trans,0.29898517472840797,0.0009172026067341231,0.010594667051599968,0.3677315562047443,0.16592155769467354,0.7659281678497791
Tawa__Temperate_N,0.39101767146018024,0.0005383446338706558,0.018684274147577503,NA,NA,NA
Tawa__Tropical,-0.5416028823057244,-0.008166699911802635,0.0024785540968627687,NA,NA,NA
Tawa__Temperate_S,0.4857208718789799,0.0008204344610772041,0.019400157055004613,NA,NA,NA
Tawa__Antarctic,0.08895301143681612,0.00018474388362412425,0.004016249935448405,NA,NA,NA
Tawa__mat_z_trans,0.013623212586990606,-0.00977871750861612,0.026950855281479065,NA,NA,NA
Tawa__map_z_trans,-0.4596096841920141,-0.008651866041312323,0.010298393429875381,NA,NA,NA
Tawa__wmm_z_trans,-0.17835444979942378,-0.0054699289018768265,0.007989064502668036,NA,NA,NA
Tawa__cmm_z_trans,-0.43879921226102525,-0.01036200773976063,0.014125157550020409,NA,NA,NA
Tawa__wmmcmm_z_trans,-0.1675248321699718,-0.0072735518006841185,0.021843695789908843,NA,NA,NA
Tawa__wetmon_z_trans,0.2253193198364749,-0.006006849808617271,0.029861715306848866,NA,NA,NA
Tawa__drymon_z_trans,0.03071753364323183,-0.0015891196518849147,0.006816382154421339,NA,NA,NA
Tawa__wetdry_z_trans,0.24791378796633196,-0.005525077033108619,0.036255777290468826,NA,NA,NA
Tawa__time,0.13939235856665474,-0.0008678162669559282,0.010071812827951459,NA,NA,NA
Taytalura__lat_range_z_trans,0.062341382816249076,0.002090288370092843,0.014145816553141623,0.9270537118933863,0.49624259024858475,1.3613374028354883
Taytalura__Temperate_N,0.0904700652859439,0.0012644663856577754,0.02682898597732705,NA,NA,NA
Taytalura__Tropical,0.07370814630988015,0.0008766440693230898,0.022902981219060974,NA,NA,NA
Taytalura__Temperate_S,-0.14091078178350777,-0.016482332104378338,-0.002124364893618846,NA,NA,NA
Taytalura__Antarctic,0.012484248066182126,7.12581407216774e-05,0.004061434095033157,NA,NA,NA
Taytalura__mat_z_trans,0.0217086605471136,-0.005835657282121482,0.024357600688061306,NA,NA,NA
Taytalura__map_z_trans,-0.06903886692279379,-0.011201804592945312,0.008227091168285848,NA,NA,NA
Taytalura__wmm_z_trans,-0.03423679896637371,-0.008320953516033762,0.01155881518364206,NA,NA,NA
Taytalura__cmm_z_trans,-0.017219719299542306,-0.007548880856712855,0.013598945785206533,NA,NA,NA
Taytalura__wmmcmm_z_trans,-0.0003348226073539167,-0.003206340702540851,0.008806458053422232,NA,NA,NA
Taytalura__wetmon_z_trans,0.05505985360167753,-0.003764315460947201,0.03065811615379473,NA,NA,NA
Taytalura__drymon_z_trans,0.006408047431517702,-0.0024066775465742757,0.011026147198705807,NA,NA,NA
Taytalura__wetdry_z_trans,0.053455734882165706,-0.005993874410713015,0.03585667904126023,NA,NA,NA
Taytalura__time,0.02185673201475055,-0.0007727295721415686,0.009482050196812796,NA,NA,NA
Technosaurus__lat_range_z_trans,0.289508411437273,0.0009769738013195954,0.01059655611484737,0.26906805865794015,0.06616644049063325,0.6467656008899212
Technosaurus__Temperate_N,0.36316477491054683,-0.00016540042693392914,0.01533057849264513,NA,NA,NA
Technosaurus__Tropical,-0.4621658236649819,-0.007418614544728419,0.0007327963149003496,NA,NA,NA
Technosaurus__Temperate_S,0.46259683296084403,0.000938638615519269,0.018711508774102246,NA,NA,NA
Technosaurus__Antarctic,0.08593204516917467,0.00011449193784720254,0.0034253613384140316,NA,NA,NA
Technosaurus__mat_z_trans,0.06920103652402759,-0.009749046719761649,0.03037160220693824,NA,NA,NA
Technosaurus__map_z_trans,-0.45744304509833456,-0.007739609922925494,0.00546865256805917,NA,NA,NA
Technosaurus__wmm_z_trans,-0.2334688466670923,-0.005742370127375064,0.011584285236605778,NA,NA,NA
Technosaurus__cmm_z_trans,-0.4745023776375456,-0.010196594896336003,0.020545191432799877,NA,NA,NA
Technosaurus__wmmcmm_z_trans,-0.20192858112044632,-0.006628771628465971,0.020481176340262433,NA,NA,NA
Technosaurus__wetmon_z_trans,0.20635867451317608,-0.005684602821417943,0.0294550185160831,NA,NA,NA
Technosaurus__drymon_z_trans,0.038661708125146105,-0.001569343632143147,0.005609655237397332,NA,NA,NA
Technosaurus__wetdry_z_trans,0.2207845928799361,-0.006320610739547724,0.037478277144030445,NA,NA,NA
Technosaurus__time,0.1379428518415807,-0.002046047974364,0.009596096703049986,NA,NA,NA
Tecovasaurus__lat_range_z_trans,-0.5694867515563965,-0.010382924902938661,-0.01155944340897306,0.19075610414511174,0.0025377394631505013,0.4116343464702368
Tecovasaurus__Temperate_N,0.36027648754417896,0.0005799094846321267,0.023844046086785784,NA,NA,NA
Tecovasaurus__Tropical,-0.45460932338610294,-0.01044688763767497,0.011638865048354818,NA,NA,NA
Tecovasaurus__Temperate_S,0.4293443626910448,0.0012242522108730262,0.027759220929579855,NA,NA,NA
Tecovasaurus__Antarctic,0.06630171741358935,0.00014784611063055122,0.004657110119808162,NA,NA,NA
Tecovasaurus__mat_z_trans,0.061582304802723226,-0.005593075182285212,0.021468756058324573,NA,NA,NA
Tecovasaurus__map_z_trans,-0.3177462121937424,-0.009643277910569643,0.011551784729480152,NA,NA,NA
Tecovasaurus__wmm_z_trans,-0.07912504763226025,-0.005783221577087446,0.012347791551373137,NA,NA,NA
Tecovasaurus__cmm_z_trans,-0.07897461562184617,-0.009564810124573572,0.012809157718305906,NA,NA,NA
Tecovasaurus__wmmcmm_z_trans,0.03327620813070098,-0.002070979362436984,0.017069443181741646,NA,NA,NA
Tecovasaurus__wetmon_z_trans,0.19766328966245056,-0.0032507682493265423,0.03556668544427957,NA,NA,NA
Tecovasaurus__drymon_z_trans,0.04894772815910983,-0.0014123716295613836,0.007861417426891283,NA,NA,NA
Tecovasaurus__wetdry_z_trans,0.1838865038770018,-0.00509723735513866,0.03519378729016211,NA,NA,NA
Tecovasaurus__time,0.10398033603094518,6.263704614408876e-05,0.009178134244021561,NA,NA,NA
Tecovasuchus__lat_range_z_trans,0.2346171859759133,0.0009794100518403218,0.010667439564063998,0.40129972438247935,0.12086490960791707,1.0020508132874966
Tecovasuchus__Temperate_N,0.31487276406529796,0.00040614719902075765,0.020093734450844777,NA,NA,NA
Tecovasuchus__Tropical,-0.4405353293383959,-0.00872059011308673,0.002548689022068092,NA,NA,NA
Tecovasuchus__Temperate_S,0.384579400058557,0.0007650068214435834,0.01953136787005313,NA,NA,NA
Tecovasuchus__Antarctic,0.0674520282493153,0.00011159179351949203,0.0034887777309463935,NA,NA,NA
Tecovasuchus__mat_z_trans,0.0569097587904504,-0.007912963187879022,0.0263668211604985,NA,NA,NA
Tecovasuchus__map_z_trans,-0.36757821355520903,-0.008706522535294968,0.011444847559838663,NA,NA,NA
Tecovasuchus__wmm_z_trans,-0.1265595690313871,-0.004028546061823085,0.01172763358884225,NA,NA,NA
Tecovasuchus__cmm_z_trans,-0.3506252713661154,-0.010916573150987003,0.01272682767494659,NA,NA,NA
Tecovasuchus__wmmcmm_z_trans,-0.13685877329113025,-0.007984603124491048,0.01799701570359528,NA,NA,NA
Tecovasuchus__wetmon_z_trans,0.2044130361449159,-0.005956086101988576,0.02797454801773926,NA,NA,NA
Tecovasuchus__drymon_z_trans,0.02260753209835889,-0.0014025706071375053,0.007180545599864814,NA,NA,NA
Tecovasuchus__wetdry_z_trans,0.17199290289379232,-0.006937935880794496,0.03728169648736932,NA,NA,NA
Tecovasuchus__time,0.1004644296815453,-0.0009266741816550041,0.010356811989464415,NA,NA,NA
Teleocrater__lat_range_z_trans,0.030778346072072135,0.0015666954304636989,0.01149506679415254,1.922099772574147,0.16145680844783783,4.874767519533634
Teleocrater__Temperate_N,0.04340294126421593,0.0013179976584044256,0.018901849052685216,NA,NA,NA
Teleocrater__Tropical,0.027108586049178096,-0.0012244654060228394,0.012016612520015056,NA,NA,NA
Teleocrater__Temperate_S,-0.07785958407731135,-0.014941216843342953,-0.005709608508959736,NA,NA,NA
Teleocrater__Antarctic,0.0016746381847542776,-0.0010066946238415334,0.002645000898897116,NA,NA,NA
Teleocrater__mat_z_trans,0.00992061924880675,-0.007790778910914613,0.024887160136188517,NA,NA,NA
Teleocrater__map_z_trans,0.0546152124933953,-0.0022695488216532157,0.028059098240176807,NA,NA,NA
Teleocrater__wmm_z_trans,0.03311381383702788,-0.001769383557234711,0.023331437577720725,NA,NA,NA
Teleocrater__cmm_z_trans,0.03191887956349563,-0.005347590207758984,0.031004993289043173,NA,NA,NA
Teleocrater__wmmcmm_z_trans,0.01080617927450647,-0.003353651380033789,0.021167936631363325,NA,NA,NA
Teleocrater__wetmon_z_trans,-0.020309132386539964,-0.011374791243165228,0.017766274803750856,NA,NA,NA
Teleocrater__drymon_z_trans,0.005512792804319779,-0.0013333685425386604,0.005771876318364953,NA,NA,NA
Teleocrater__wetdry_z_trans,-0.015993909740738322,-0.010896323913563582,0.024585781398205858,NA,NA,NA
Teleocrater__time,0.00106249878872622,-0.0028077887181112925,0.00346327726853111,NA,NA,NA
Teraterpeton__lat_range_z_trans,0.058846040382803715,0.001758846458765777,0.014400047584147119,1.0119797987921628,0.25438315235078335,3.2257050797343254
Teraterpeton__Temperate_N,0.09242723274484264,0.001409452177192506,0.025040596754015817,NA,NA,NA
Teraterpeton__Tropical,-0.12370565313650549,-0.013481540948330723,0.0027591906068832124,NA,NA,NA
Teraterpeton__Temperate_S,0.09866598931031476,0.0020276287520951753,0.025508162735849913,NA,NA,NA
Teraterpeton__Antarctic,0.013003745287636183,-0.0006365334521873471,0.004387023514538117,NA,NA,NA
Teraterpeton__mat_z_trans,0.013796109502167784,-0.006335032148472173,0.02101721551044839,NA,NA,NA
Teraterpeton__map_z_trans,-0.054708594933273194,-0.011043183656651098,0.014800798278950492,NA,NA,NA
Teraterpeton__wmm_z_trans,-0.026685472685591616,-0.008171039512949138,0.010841938646751476,NA,NA,NA
Teraterpeton__cmm_z_trans,-0.013390227910193118,-0.006388601970632615,0.018010451534354776,NA,NA,NA
Teraterpeton__wmmcmm_z_trans,-0.0005287801204694345,-0.005451766155817257,0.012881732539491254,NA,NA,NA
Teraterpeton__wetmon_z_trans,0.033146164566532174,-0.004455141878986685,0.024918972522264094,NA,NA,NA
Teraterpeton__drymon_z_trans,0.002150389236316544,-0.0030172546264964828,0.008431729207311445,NA,NA,NA
Teraterpeton__wetdry_z_trans,0.025432951812289748,-0.006778243330933306,0.030377142571101072,NA,NA,NA
Teraterpeton__time,0.017301987319038144,-0.0006684987859099079,0.006011754414028303,NA,NA,NA
Teratophon__lat_range_z_trans,0.025471824765923908,0.0014165668065126778,0.010447710129296319,2.3555103669999515,0.1974657829850912,5.455095402896404
Teratophon__Temperate_N,0.035695792976114915,0.001311590752334149,0.01670052871112437,NA,NA,NA
Teratophon__Tropical,0.021159259453765494,-0.0009184257786900074,0.011255771618813465,NA,NA,NA
Teratophon__Temperate_S,-0.06084085562318533,-0.014094332419262284,-0.0014056253107201685,NA,NA,NA
Teratophon__Antarctic,0.00022877667792374956,-0.0010932249149324348,0.0025359823212561935,NA,NA,NA
Teratophon__mat_z_trans,0.011935106461774696,-0.006418714055585358,0.029877821754375467,NA,NA,NA
Teratophon__map_z_trans,0.04521840429738179,-0.002258516339137395,0.02623116497945806,NA,NA,NA
Teratophon__wmm_z_trans,0.03151369406471612,-0.003799229915883301,0.021686267311237715,NA,NA,NA
Teratophon__cmm_z_trans,0.02909814761493816,-0.005321595087096236,0.03125364915562614,NA,NA,NA
Teratophon__wmmcmm_z_trans,0.01567411313860746,-0.004559799960420004,0.021745577493425133,NA,NA,NA
Teratophon__wetmon_z_trans,-0.013957814001065718,-0.012321397162011244,0.01651352100510762,NA,NA,NA
Teratophon__drymon_z_trans,0.0049601125352394075,-0.0013268869172075133,0.0061130178688407815,NA,NA,NA
Teratophon__wetdry_z_trans,-0.00955531019481716,-0.009384150118165945,0.022784200134604634,NA,NA,NA
Teratophon__time,-0.0008493707914086272,-0.0024627939697683785,0.0036471692476897632,NA,NA,NA
Teratosaurus__lat_range_z_trans,-0.750761067867279,-0.017055692332267013,-0.01396095635750005,0.17065726155725314,0.03601168841123581,0.4012900637462735
Teratosaurus__Temperate_N,-0.23151874573435635,-0.005714173017524763,-0.002728613295052074,NA,NA,NA
Teratosaurus__Tropical,0.1290539433649974,-0.0005182207617204948,0.011750391796486813,NA,NA,NA
Teratosaurus__Temperate_S,-0.26045130640268327,-0.005935774511112098,-0.002005327408918814,NA,NA,NA
Teratosaurus__Antarctic,0.00620433259071433,-0.0003435508583382326,0.0018735543686748722,NA,NA,NA
Teratosaurus__mat_z_trans,0.035033195721916856,-0.006343857694608421,0.03399111917680398,NA,NA,NA
Teratosaurus__map_z_trans,0.1901232929714024,-0.0012830563478828752,0.025523486400546764,NA,NA,NA
Teratosaurus__wmm_z_trans,0.12105289535218616,-0.0015410031004768805,0.01576909585663403,NA,NA,NA
Teratosaurus__cmm_z_trans,0.4159658618737012,-0.003424557594924615,0.05108378424827149,NA,NA,NA
Teratosaurus__wmmcmm_z_trans,0.27704011428635567,-0.005882735806770161,0.04050578088993247,NA,NA,NA
Teratosaurus__wetmon_z_trans,0.029005475394660606,-0.002426350739640301,0.012337163216714433,NA,NA,NA
Teratosaurus__drymon_z_trans,0.08105807938380166,-0.005339792118931232,0.01886533853443102,NA,NA,NA
Teratosaurus__wetdry_z_trans,-0.01992562854429707,-0.0043253475417292615,0.021326323851324484,NA,NA,NA
Teratosaurus__time,0.007005895608308492,-0.0010967966533869267,0.005055615141786059,NA,NA,NA
Termatosaurus__lat_range_z_trans,-0.6023775838763279,-0.00884466946948918,-0.013125588975886428,0.03899051026295638,0.0029337038286030293,0.10897918418049812
Termatosaurus__Temperate_N,-0.16736545122740143,-0.004552543731764225,0.002376029028386569,NA,NA,NA
Termatosaurus__Tropical,0.19088931825226815,-7.97926046010804e-05,0.013439853999110804,NA,NA,NA
Termatosaurus__Temperate_S,0.3044390060013575,0.0011290125475338787,0.01925374917004152,NA,NA,NA
Termatosaurus__Antarctic,0.0453094610616279,7.588517556954886e-05,0.0032171067909281736,NA,NA,NA
Termatosaurus__mat_z_trans,0.13242992022976274,-0.0085236898312924,0.03742299606445442,NA,NA,NA
Termatosaurus__map_z_trans,-0.2372758178232944,-0.006416511147069744,0.011800730276101628,NA,NA,NA
Termatosaurus__wmm_z_trans,-0.15147786254269555,-0.005987309960658843,0.017176439114139058,NA,NA,NA
Termatosaurus__cmm_z_trans,-0.206870371827194,-0.010618681508085053,0.02239132131989493,NA,NA,NA
Termatosaurus__wmmcmm_z_trans,0.0061818819580142965,-0.006315222112126066,0.019809186252886225,NA,NA,NA
Termatosaurus__wetmon_z_trans,0.1833402551528988,-0.0036281660787324675,0.030966904831230345,NA,NA,NA
Termatosaurus__drymon_z_trans,0.03652440359742816,-0.0008875518394385216,0.006065053188406697,NA,NA,NA
Termatosaurus__wetdry_z_trans,0.21398731150376102,-0.004842857626943443,0.03296537853087872,NA,NA,NA
Termatosaurus__time,0.11651364816388585,-0.0017388108922156873,0.015627596829562825,NA,NA,NA
Terrestrisuchus__lat_range_z_trans,0.13345652790696008,0.0015206950355951907,0.01526426054000762,0.5543205514400324,0.19125919789075851,1.2085119178518653
Terrestrisuchus__Temperate_N,-0.35616178063701803,-0.014409081935655243,0.001697412992710924,NA,NA,NA
Terrestrisuchus__Tropical,0.15421760068811904,0.0008521391321222965,0.02259863324175489,NA,NA,NA
Terrestrisuchus__Temperate_S,0.2178133839968706,0.0017263906509956837,0.02996857252937346,NA,NA,NA
Terrestrisuchus__Antarctic,0.03667116348917939,8.596778058107989e-05,0.004813916866851512,NA,NA,NA
Terrestrisuchus__mat_z_trans,-0.012157466235139884,-0.005837618164492054,0.01778341782363959,NA,NA,NA
Terrestrisuchus__map_z_trans,-0.13194116173711254,-0.009808017513062312,0.010468246650415888,NA,NA,NA
Terrestrisuchus__wmm_z_trans,-0.04963428591915211,-0.006693242971940295,0.012117229830774887,NA,NA,NA
Terrestrisuchus__cmm_z_trans,-0.0014011396083247621,-0.006962326459855058,0.02150098323294254,NA,NA,NA
Terrestrisuchus__wmmcmm_z_trans,0.008469462984676407,-0.004726893601291572,0.01648049926467122,NA,NA,NA
Terrestrisuchus__wetmon_z_trans,0.051229025390854686,-0.0068668668685408765,0.022957672968450877,NA,NA,NA
Terrestrisuchus__drymon_z_trans,0.016103161406160204,-0.0016852856510474778,0.00944905373708602,NA,NA,NA
Terrestrisuchus__wetdry_z_trans,0.026809267525510026,-0.007954799049397719,0.02721779343736938,NA,NA,NA
Terrestrisuchus__time,0.0422781221243258,-0.0004719694633249243,0.007069063304086659,NA,NA,NA
Teyujagua__lat_range_z_trans,0.016973166492686896,0.002706421730107614,0.011220619834192634,3.984427303589182,1.7347667180001736,5.604935571551323
Teyujagua__Temperate_N,0.024633216156812823,0.0028006381949333445,0.017495010259362242,NA,NA,NA
Teyujagua__Tropical,0.012748423301107663,-0.001372136806859874,0.014007013542594544,NA,NA,NA
Teyujagua__Temperate_S,-0.034163609848435056,-0.01431831766772818,-0.005054522532803623,NA,NA,NA
Teyujagua__Antarctic,-0.002406370506639033,-0.001471815031689878,0.000629759933485889,NA,NA,NA
Teyujagua__mat_z_trans,0.012424698826805846,-0.011679482121020109,0.027336552362148797,NA,NA,NA
Teyujagua__map_z_trans,0.03098998880433955,-0.0012772453050816457,0.02850236626344621,NA,NA,NA
Teyujagua__wmm_z_trans,0.021627380884100978,-0.004278216550447577,0.021486746991594245,NA,NA,NA
Teyujagua__cmm_z_trans,0.03336048843765941,-0.006344132528005539,0.03382814893699924,NA,NA,NA
Teyujagua__wmmcmm_z_trans,0.01767252371805304,-0.004362041650957921,0.02154551150188994,NA,NA,NA
Teyujagua__wetmon_z_trans,0.00021211649925689428,-0.008312112842896334,0.016361591540156734,NA,NA,NA
Teyujagua__drymon_z_trans,0.0038864034814902,-0.0014336314546575224,0.0072176520966934525,NA,NA,NA
Teyujagua__wetdry_z_trans,0.0010680294895589538,-0.008641541052824846,0.02036140818530629,NA,NA,NA
Teyujagua__time,-0.003274574360889334,-0.0032472959921848146,0.00444889750506891,NA,NA,NA
Teyumbaita__lat_range_z_trans,0.09872572284485708,0.0015538087941809936,0.012963745141767341,0.6356457644427428,0.07230173051357269,1.3170970436185598
Teyumbaita__Temperate_N,0.13669679625220382,0.0005355446869123989,0.02365850279276109,NA,NA,NA
Teyumbaita__Tropical,0.11456035189838379,0.0004475857155562076,0.019947802976640575,NA,NA,NA
Teyumbaita__Temperate_S,-0.21878548106758977,-0.01182810849523305,-0.0019013372735945744,NA,NA,NA
Teyumbaita__Antarctic,0.02330035993977255,0.00015193975070919017,0.004377298474286001,NA,NA,NA
Teyumbaita__mat_z_trans,0.03583145703172594,-0.006073112190853924,0.03105072079246321,NA,NA,NA
Teyumbaita__map_z_trans,-0.11983703698399485,-0.008172866770301514,0.0072922519830699315,NA,NA,NA
Teyumbaita__wmm_z_trans,-0.052281108228839974,-0.006023986845864905,0.008604319245054748,NA,NA,NA
Teyumbaita__cmm_z_trans,-0.08417853489882003,-0.010666376157786076,0.016825073531011227,NA,NA,NA
Teyumbaita__wmmcmm_z_trans,-0.02436412002445948,-0.008738239524811231,0.01287484784698144,NA,NA,NA
Teyumbaita__wetmon_z_trans,0.09581432843854373,-0.0030884170801395677,0.030847829395981647,NA,NA,NA
Teyumbaita__drymon_z_trans,0.014278268383536068,-0.001573856473563408,0.009868561053711894,NA,NA,NA
Teyumbaita__wetdry_z_trans,0.07792421339435732,-0.006861014997817393,0.03268454385722943,NA,NA,NA
Teyumbaita__time,0.038066664396232644,-0.0008938094903010035,0.010292596602771521,NA,NA,NA
Thadeosaurus__lat_range_z_trans,0.06897221793323072,0.0009442075064661266,0.00929259045988091,0.993037426469964,0.36534002237021923,1.6324196681380272
Thadeosaurus__Temperate_N,0.09424490017082873,0.0007146623089438076,0.01457177472978161,NA,NA,NA
Thadeosaurus__Tropical,0.04806495001078129,-0.0012231545430649575,0.011613985112257558,NA,NA,NA
Thadeosaurus__Temperate_S,-0.16212900023641283,-0.007978386670031418,-0.0017563919180743747,NA,NA,NA
Thadeosaurus__Antarctic,0.014846107143467503,-3.190179322821488e-05,0.0037549097735144676,NA,NA,NA
Thadeosaurus__mat_z_trans,-0.08998700169112785,-0.012325798556886723,0.03239674419666337,NA,NA,NA
Thadeosaurus__map_z_trans,0.018308925254828842,-0.0007843658008122517,0.006023340628108708,NA,NA,NA
Thadeosaurus__wmm_z_trans,0.0020796637188768164,-0.0015956092096798726,0.0044033116727551285,NA,NA,NA
Thadeosaurus__cmm_z_trans,0.10852408889403001,-0.010073965139412914,0.040011254436943984,NA,NA,NA
Thadeosaurus__wmmcmm_z_trans,0.05704909703338387,-0.009206983283990012,0.03583213002535173,NA,NA,NA
Thadeosaurus__wetmon_z_trans,0.0005924677920073916,-0.0028298291717749205,0.007613676742622295,NA,NA,NA
Thadeosaurus__drymon_z_trans,-0.0012036469228794502,-0.00895315451674892,0.02497723134943049,NA,NA,NA
Thadeosaurus__wetdry_z_trans,-0.01821801093667992,-0.005390388258589417,0.022643331152754277,NA,NA,NA
Thadeosaurus__time,-0.005392876788426308,-0.002496241950503591,0.008008868058145357,NA,NA,NA
Thecodontosaurus__lat_range_z_trans,-1.1827891337871552,-0.02094875239672101,-0.03131610574100554,0.2201052828614047,0.024854347109794617,0.4908031097147614
Thecodontosaurus__Temperate_N,-0.24746775901236107,-0.0065823446824099,3.7796175564577696e-05,NA,NA,NA
Thecodontosaurus__Tropical,0.16612351464442326,-0.0007570033786345257,0.014617494467056683,NA,NA,NA
Thecodontosaurus__Temperate_S,0.34562106380239127,0.0006671502259898932,0.020799030148592895,NA,NA,NA
Thecodontosaurus__Antarctic,0.022160160448402168,-0.0003459571300567318,0.002550767243547674,NA,NA,NA
Thecodontosaurus__mat_z_trans,0.1152679002378136,-0.006195799764490796,0.027369990572158467,NA,NA,NA
Thecodontosaurus__map_z_trans,0.38934735355898736,-0.0009135029579452241,0.04371284402777597,NA,NA,NA
Thecodontosaurus__wmm_z_trans,0.24671477218624205,-0.001896500723502289,0.02408227340778664,NA,NA,NA
Thecodontosaurus__cmm_z_trans,0.2387233344744891,-0.001699150242710608,0.03495234908109412,NA,NA,NA
Thecodontosaurus__wmmcmm_z_trans,0.0370505998498993,-0.0034059745528785936,0.014465702639803126,NA,NA,NA
Thecodontosaurus__wetmon_z_trans,-0.058396936934441326,-0.007260569788306331,0.024554148080191882,NA,NA,NA
Thecodontosaurus__drymon_z_trans,0.038421965724774056,-0.0010342422815969436,0.005546376186970147,NA,NA,NA
Thecodontosaurus__wetdry_z_trans,-0.08101969908457249,-0.010061920502057831,0.033115439189331464,NA,NA,NA
Thecodontosaurus__time,0.03222627526614815,-0.0007963409039923873,0.004898650941267392,NA,NA,NA
Theledectes__lat_range_z_trans,0.07462927809151862,0.0013718119871955336,0.012430363884762574,0.8410761222633301,0.09393199160695076,4.101762894541025
Theledectes__Temperate_N,0.10361425245166575,-0.0003164415780162047,0.01763910871346046,NA,NA,NA
Theledectes__Tropical,0.07634214572386223,-0.00014597406769959004,0.014375101598942503,NA,NA,NA
Theledectes__Temperate_S,-0.21524527358098444,-0.013911152732248301,-0.002005008764541223,NA,NA,NA
Theledectes__Antarctic,0.014861707818586926,-0.0007872545836246786,0.0036173699648558173,NA,NA,NA
Theledectes__mat_z_trans,-0.005451123887451389,-0.00853904675224038,0.013062401586450953,NA,NA,NA
Theledectes__map_z_trans,0.13269026289791105,-0.0027487816299592593,0.031215696843607824,NA,NA,NA
Theledectes__wmm_z_trans,0.0756253911414433,-0.002185759321017279,0.02363546665405037,NA,NA,NA
Theledectes__cmm_z_trans,0.03118211032974917,-0.003019131421857523,0.034460306096717165,NA,NA,NA
Theledectes__wmmcmm_z_trans,-0.005893988760578747,-0.005952814885260558,0.013602577922719652,NA,NA,NA
Theledectes__wetmon_z_trans,-0.08527686007042891,-0.010503259272858013,0.01937387399304224,NA,NA,NA
Theledectes__drymon_z_trans,0.010784853027311338,-0.0014807706167742503,0.00406774135036025,NA,NA,NA
Theledectes__wetdry_z_trans,-0.08389436698124039,-0.011625310338080964,0.02931356599892877,NA,NA,NA
Theledectes__time,0.011783493174544376,-0.0013870238668718083,0.0045981905767781455,NA,NA,NA
Thelephon__lat_range_z_trans,0.0923042732816162,0.0014080854223174012,0.012501909905630115,0.7173026826453861,0.09393199160695076,4.229262128472328
Thelephon__Temperate_N,0.1251370767868248,0.0007348823486713228,0.021887934359019433,NA,NA,NA
Thelephon__Tropical,0.09485771086244181,0.0003826286052989328,0.016343345094598605,NA,NA,NA
Thelephon__Temperate_S,-0.27278108662402467,-0.014278991255904297,-0.002074671777802502,NA,NA,NA
Thelephon__Antarctic,0.0200927836466901,-0.00065808983845185,0.0037430536507774416,NA,NA,NA
Thelephon__mat_z_trans,-0.0018560765226988932,-0.00536193908489105,0.020037147773139072,NA,NA,NA
Thelephon__map_z_trans,0.15879833210703448,-0.002821464878865946,0.032900586633687154,NA,NA,NA
Thelephon__wmm_z_trans,0.09709357671961408,-0.002243555141190147,0.022235043375167903,NA,NA,NA
Thelephon__cmm_z_trans,0.023490766762475367,-0.004955671403040169,0.018504074604562475,NA,NA,NA
Thelephon__wmmcmm_z_trans,-0.01325907073809468,-0.0062194264535972614,0.01693745370708917,NA,NA,NA
Thelephon__wetmon_z_trans,-0.1157977967714687,-0.011474152873701194,0.02232499064191244,NA,NA,NA
Thelephon__drymon_z_trans,0.016431666470864054,-0.0008833478056763296,0.004844421240736574,NA,NA,NA
Thelephon__wetdry_z_trans,-0.10535248056209698,-0.013582586666948704,0.024450189664246898,NA,NA,NA
Thelephon__time,0.016592205956731918,-0.0012772800533339865,0.0047512775473707095,NA,NA,NA
Thelerpeton__lat_range_z_trans,0.028222756948254907,0.0014402559071999064,0.010360507874779937,2.035355539381562,0.16145680844783783,5.455095402896404
Thelerpeton__Temperate_N,0.03997815534327448,0.0014810443645454268,0.017488231861494133,NA,NA,NA
Thelerpeton__Tropical,0.02591395854671302,-0.0008892002914203982,0.011696099316813166,NA,NA,NA
Thelerpeton__Temperate_S,-0.06883103473165593,-0.013718527896006595,-0.00037596806196587174,NA,NA,NA
Thelerpeton__Antarctic,0.0008823182415238309,-0.0011115068024964785,0.0027814831121104346,NA,NA,NA
Thelerpeton__mat_z_trans,0.014012579931308528,-0.006381439861656982,0.028891730830637154,NA,NA,NA
Thelerpeton__map_z_trans,0.05154706116641258,-0.002387857210458194,0.027468393551654386,NA,NA,NA
Thelerpeton__wmm_z_trans,0.0337088332397481,-0.0032651982383791345,0.022709129603582033,NA,NA,NA
Thelerpeton__cmm_z_trans,0.027675418439800686,-0.004526815820436674,0.028901748189926777,NA,NA,NA
Thelerpeton__wmmcmm_z_trans,0.013683946236240797,-0.0042002557108667266,0.02087647854590553,NA,NA,NA
Thelerpeton__wetmon_z_trans,-0.020500448279215964,-0.012045884614088558,0.01729240368268153,NA,NA,NA
Thelerpeton__drymon_z_trans,0.005493850006139062,-0.0012645297133353636,0.0058225482264074304,NA,NA,NA
Thelerpeton__wetdry_z_trans,-0.016266035265203677,-0.011618464120519143,0.022103066711003976,NA,NA,NA
Thelerpeton__time,0.00023052155256842239,-0.0027425290713943666,0.003370902975104878,NA,NA,NA
Threordatoth__lat_range_z_trans,0.27177720781093034,0.0015157178181537086,0.014100161898856886,0.38551832451878,0.19125919789075851,0.5798761500045657
Threordatoth__Temperate_N,-0.7375149852150713,-0.014346576588003335,0.001768373538261643,NA,NA,NA
Threordatoth__Tropical,0.3221532659315118,0.0008160622817545482,0.023452597058919115,NA,NA,NA
Threordatoth__Temperate_S,0.4437251789971157,0.0018422135328214724,0.03273445107214053,NA,NA,NA
Threordatoth__Antarctic,0.08358666323238095,0.00025395965478029395,0.00529949217072572,NA,NA,NA
Threordatoth__mat_z_trans,0.006858360139512984,-0.006008295288329373,0.01852685565281895,NA,NA,NA
Threordatoth__map_z_trans,-0.4156491718160903,-0.011127990710903958,0.011948899167357292,NA,NA,NA
Threordatoth__wmm_z_trans,-0.1516392404552712,-0.007142290057154307,0.013056101666282776,NA,NA,NA
Threordatoth__cmm_z_trans,-0.1172949688319534,-0.007429426252319337,0.010235038074537363,NA,NA,NA
Threordatoth__wmmcmm_z_trans,0.0023013239705711704,-0.003877757445160923,0.01457516009491152,NA,NA,NA
Threordatoth__wetmon_z_trans,0.19460839541094316,-0.004891817286123983,0.027857727226228524,NA,NA,NA
Threordatoth__drymon_z_trans,0.03580078623131224,-0.0019437191661817851,0.008985553556445145,NA,NA,NA
Threordatoth__wetdry_z_trans,0.09287424624335364,-0.008488483444476495,0.029481758933411043,NA,NA,NA
Threordatoth__time,0.10416481972666296,-0.0004025061281698036,0.007364586309238998,NA,NA,NA
Thuringothyris__lat_range_z_trans,0.03359998887349583,0.00032269816846412005,0.006702818335297025,1.3788101690623262,0.12589259445667267,3.5416124016046524
Thuringothyris__Temperate_N,0.03667104422263922,-0.00018332933650104142,0.009166593398910818,NA,NA,NA
Thuringothyris__Tropical,-0.04964490738034555,-0.004881040844610341,0.0022654535090279038,NA,NA,NA
Thuringothyris__Temperate_S,0.046989236378421576,0.00048762953367889334,0.009484801829989729,NA,NA,NA
Thuringothyris__Antarctic,0.003851768310721516,-0.0005188200140327187,0.0019114643622483644,NA,NA,NA
Thuringothyris__mat_z_trans,0.006429126443352959,-0.003286290982616108,0.011739323879897838,NA,NA,NA
Thuringothyris__map_z_trans,-0.07267372128240401,-0.012216344588439197,0.025741700376286748,NA,NA,NA
Thuringothyris__wmm_z_trans,0.06699116946803588,-0.004654968927365097,0.031189609794180253,NA,NA,NA
Thuringothyris__cmm_z_trans,-0.006536007408695221,-0.004610351822838985,0.010282849925204209,NA,NA,NA
Thuringothyris__wmmcmm_z_trans,-0.02127276258796297,-0.006529370779412717,0.01743687868356956,NA,NA,NA
Thuringothyris__wetmon_z_trans,0.028821732056993288,-0.009075840090655745,0.026852392343744577,NA,NA,NA
Thuringothyris__drymon_z_trans,0.014667636513339102,-0.006015599737821289,0.02456057118396914,NA,NA,NA
Thuringothyris__wetdry_z_trans,0.059214653498172294,-0.006932937568094101,0.02945191628847257,NA,NA,NA
Thuringothyris__time,-0.011357075729855037,-0.0031363420890689543,0.012600382509336766,NA,NA,NA
Tichvinskia__lat_range_z_trans,-0.8351359500506195,-0.007802899735460899,-0.012877551713497278,0.37848088626888055,0.14036079868674278,0.7375943101942539
Tichvinskia__Temperate_N,-1.056718417305007,-0.01288612073716575,-0.005149062762009159,NA,NA,NA
Tichvinskia__Tropical,0.21701772985439954,-0.0018307394966828676,0.014910936189815233,NA,NA,NA
Tichvinskia__Temperate_S,0.49950917748864465,0.0010977370804390479,0.021406726867847174,NA,NA,NA
Tichvinskia__Antarctic,0.09069542765964082,0.000251330287416121,0.004378298836357853,NA,NA,NA
Tichvinskia__mat_z_trans,-0.10206890870259373,-0.010559971016880885,0.026388702490958958,NA,NA,NA
Tichvinskia__map_z_trans,0.4692218656024143,-0.0019327207364357986,0.026382013751501145,NA,NA,NA
Tichvinskia__wmm_z_trans,0.30836375329529114,-0.0033989468064619557,0.026962877159032894,NA,NA,NA
Tichvinskia__cmm_z_trans,0.45489992286583475,-0.003842601438852382,0.041255198658947,NA,NA,NA
Tichvinskia__wmmcmm_z_trans,0.2243060285848709,-0.0032042033140953193,0.022157123858370594,NA,NA,NA
Tichvinskia__wetmon_z_trans,-0.14984083383233063,-0.007232545579323885,0.016515844993846524,NA,NA,NA
Tichvinskia__drymon_z_trans,0.10635550858201286,-0.0004829058590157833,0.006786260787513583,NA,NA,NA
Tichvinskia__wetdry_z_trans,-0.14377831244327682,-0.00841546147574118,0.02207924474794024,NA,NA,NA
Tichvinskia__time,0.052924889776627515,-0.000990860251051737,0.00819014255351074,NA,NA,NA
Ticinosuchus__lat_range_z_trans,0.021029648244838762,0.0014489250424858985,0.011242609660724741,3.072600231778633,0.1940470291301608,8.182142034173012
Ticinosuchus__Temperate_N,0.029361122093615303,0.0010678066248325554,0.016492451415401132,NA,NA,NA
Ticinosuchus__Tropical,-0.03302783689766005,-0.013774194831425904,0.0032451729771323093,NA,NA,NA
Ticinosuchus__Temperate_S,0.031097842378257655,0.002164301600682167,0.017035656631669113,NA,NA,NA
Ticinosuchus__Antarctic,-0.00021107239732788273,-0.0015762832822036233,0.0020258791914764254,NA,NA,NA
Ticinosuchus__mat_z_trans,0.01665257763276549,-0.006879355861287858,0.0278927203095885,NA,NA,NA
Ticinosuchus__map_z_trans,0.0370598709413144,-0.004114208917897439,0.02668923392212555,NA,NA,NA
Ticinosuchus__wmm_z_trans,0.019173432039169956,-0.0026955122789770057,0.020379041965099518,NA,NA,NA
Ticinosuchus__cmm_z_trans,0.026323036192387538,-0.0036550386939526954,0.033631030156364615,NA,NA,NA
Ticinosuchus__wmmcmm_z_trans,0.007315083174524032,-0.004525561059613222,0.018535111394329024,NA,NA,NA
Ticinosuchus__wetmon_z_trans,-0.012169233275940293,-0.014791310999640676,0.015014421695982123,NA,NA,NA
Ticinosuchus__drymon_z_trans,0.0020088934552101767,-0.0008274380799524104,0.0033310333663403476,NA,NA,NA
Ticinosuchus__wetdry_z_trans,-0.008279489288312585,-0.01135559961515485,0.020636531033574324,NA,NA,NA
Ticinosuchus__time,-0.0005819929169336678,-0.0017174387272082142,0.003235862700327778,NA,NA,NA
Tikisuchus__lat_range_z_trans,0.062341382816249076,0.002090288370092843,0.014145816553141623,0.9270537118933863,0.49624259024858475,1.3613374028354883
Tikisuchus__Temperate_N,0.0904700652859439,0.0012644663856577754,0.02682898597732705,NA,NA,NA
Tikisuchus__Tropical,0.07370814630988015,0.0008766440693230898,0.022902981219060974,NA,NA,NA
Tikisuchus__Temperate_S,-0.14091078178350777,-0.016482332104378338,-0.002124364893618846,NA,NA,NA
Tikisuchus__Antarctic,0.012484248066182126,7.12581407216774e-05,0.004061434095033157,NA,NA,NA
Tikisuchus__mat_z_trans,0.0217086605471136,-0.005835657282121482,0.024357600688061306,NA,NA,NA
Tikisuchus__map_z_trans,-0.06903886692279379,-0.011201804592945312,0.008227091168285848,NA,NA,NA
Tikisuchus__wmm_z_trans,-0.03423679896637371,-0.008320953516033762,0.01155881518364206,NA,NA,NA
Tikisuchus__cmm_z_trans,-0.017219719299542306,-0.007548880856712855,0.013598945785206533,NA,NA,NA
Tikisuchus__wmmcmm_z_trans,-0.0003348226073539167,-0.003206340702540851,0.008806458053422232,NA,NA,NA
Tikisuchus__wetmon_z_trans,0.05505985360167753,-0.003764315460947201,0.03065811615379473,NA,NA,NA
Tikisuchus__drymon_z_trans,0.006408047431517702,-0.0024066775465742757,0.011026147198705807,NA,NA,NA
Tikisuchus__wetdry_z_trans,0.053455734882165706,-0.005993874410713015,0.03585667904126023,NA,NA,NA
Tikisuchus__time,0.02185673201475055,-0.0007727295721415686,0.009482050196812796,NA,NA,NA
Timanophon__lat_range_z_trans,-0.24884370945263665,-0.005830883190691054,-0.007053073164187443,0.5848902417480712,0.11692567355930805,1.1717018112540245
Timanophon__Temperate_N,-0.4792889967463466,-0.012330910860711983,-0.010695718277899998,NA,NA,NA
Timanophon__Tropical,0.09795237837161007,-0.001558127712233357,0.013801801186695654,NA,NA,NA
Timanophon__Temperate_S,0.22357490205181052,0.0011774179582354023,0.019732051251381603,NA,NA,NA
Timanophon__Antarctic,0.040183119838865855,0.0002538791289712316,0.0039073547694236386,NA,NA,NA
Timanophon__mat_z_trans,-0.05284376878732371,-0.009444179713567948,0.031895675387857626,NA,NA,NA
Timanophon__map_z_trans,0.20462314451595298,-0.0021793242168398445,0.025031097800808248,NA,NA,NA
Timanophon__wmm_z_trans,0.13063079896414553,-0.0036950690475143037,0.025674290883224742,NA,NA,NA
Timanophon__cmm_z_trans,0.1922507374180726,-0.004666134443828438,0.03859397312179987,NA,NA,NA
Timanophon__wmmcmm_z_trans,0.10021258962616428,-0.003568577501776508,0.026029087950405934,NA,NA,NA
Timanophon__wetmon_z_trans,-0.060095701879100696,-0.007055588395385412,0.017808654758592158,NA,NA,NA
Timanophon__drymon_z_trans,0.037529328432457175,-0.0017452444667869296,0.0068004017587395315,NA,NA,NA
Timanophon__wetdry_z_trans,-0.06231085913714279,-0.008883220461979301,0.020416743977032904,NA,NA,NA
Timanophon__time,0.012177918159380277,-0.0017049461552048313,0.0074444150162610145,NA,NA,NA
Trachelosaurus__lat_range_z_trans,0.029038055803272664,0.0020382982619711327,0.011847957833649229,2.072760864916909,0.772655788809061,3.566713281907141
Trachelosaurus__Temperate_N,-0.05047177224057725,-0.014171606069558754,0.0020783491208296143,NA,NA,NA
Trachelosaurus__Tropical,0.03125368049701173,0.0003210154518171593,0.015338240981975428,NA,NA,NA
Trachelosaurus__Temperate_S,0.04523577294900534,0.0022917237884243842,0.019886719763274822,NA,NA,NA
Trachelosaurus__Antarctic,0.0012988541839344463,-0.000474434178870246,0.002513682489065266,NA,NA,NA
Trachelosaurus__mat_z_trans,0.0010264997209010335,-0.007466654689449144,0.014793506659345847,NA,NA,NA
Trachelosaurus__map_z_trans,0.06008038322339275,-0.0019502460950602352,0.03622697698648712,NA,NA,NA
Trachelosaurus__wmm_z_trans,0.026482229135959427,-0.0035172899139819815,0.020724038538117773,NA,NA,NA
Trachelosaurus__cmm_z_trans,0.014786570402233495,-0.004077447043574647,0.024384215405940598,NA,NA,NA
Trachelosaurus__wmmcmm_z_trans,0.003907329958041157,-0.005928662290097435,0.014467189650571992,NA,NA,NA
Trachelosaurus__wetmon_z_trans,-0.015369847036623193,-0.012516645815474252,0.017534757259626266,NA,NA,NA
Trachelosaurus__drymon_z_trans,0.0036149168035925455,-0.0013658471762655797,0.004018120914194885,NA,NA,NA
Trachelosaurus__wetdry_z_trans,-0.015491267681306485,-0.012307977740173134,0.031712190002255024,NA,NA,NA
Trachelosaurus__time,0.00036047565707118416,-0.0021051355690205405,0.0038608108148016317,NA,NA,NA
Tramuntanasaurus__lat_range_z_trans,0.02112545681472067,0.0012896910012187674,0.009662441066366637,2.413867433138448,0.17647331953048706,5.097193010151386
Tramuntanasaurus__Temperate_N,0.03221971949423739,-8.914257437459374e-05,0.01434584275068361,NA,NA,NA
Tramuntanasaurus__Tropical,0.02679665623266956,0.0008790709088437178,0.012595564763346955,NA,NA,NA
Tramuntanasaurus__Temperate_S,-0.03832866208072055,-0.013838404815401814,0.0026097419550358608,NA,NA,NA
Tramuntanasaurus__Antarctic,-0.0010779858669955305,-0.0013544093518945027,0.0017465590960995612,NA,NA,NA
Tramuntanasaurus__mat_z_trans,0.0131764508435829,-0.0019981582601668914,0.01602725336341232,NA,NA,NA
Tramuntanasaurus__map_z_trans,0.013473151384191785,-0.0009996536717227632,0.011411454565627083,NA,NA,NA
Tramuntanasaurus__wmm_z_trans,0.04762018261162805,-0.00448355361976732,0.04373323378548094,NA,NA,NA
Tramuntanasaurus__cmm_z_trans,-0.0045942037423540895,-0.007071009373761388,0.012552816970563232,NA,NA,NA
Tramuntanasaurus__wmmcmm_z_trans,-0.005681571610873649,-0.013320607404592172,0.027404899257373706,NA,NA,NA
Tramuntanasaurus__wetmon_z_trans,0.008509282105912654,-0.0028219526796831877,0.013792567534996301,NA,NA,NA
Tramuntanasaurus__drymon_z_trans,0.021175757325009367,-0.005558711648727692,0.024719593056237863,NA,NA,NA
Tramuntanasaurus__wetdry_z_trans,0.002275764028788147,-0.0061547926996107435,0.012650852384148648,NA,NA,NA
Tramuntanasaurus__time,-0.0009381161638878673,-0.005709274889672699,0.016133935870762797,NA,NA,NA
Trialestes__lat_range_z_trans,0.06708659530946989,0.0019022090828879012,0.014094517165647004,0.8854373605019645,0.3604629021137953,1.3613374028354883
Trialestes__Temperate_N,0.09714192093969483,0.0011506926404120125,0.026731691449113127,NA,NA,NA
Trialestes__Tropical,0.0784331850124056,0.000797765674337137,0.022819924231581683,NA,NA,NA
Trialestes__Temperate_S,-0.163470503060635,-0.01715174061019128,-0.0021166609468407775,NA,NA,NA
Trialestes__Antarctic,0.014141968121409405,6.484649890888423e-05,0.004289213844537033,NA,NA,NA
Trialestes__mat_z_trans,0.018678826190813895,-0.005664496439236472,0.024269268565879316,NA,NA,NA
Trialestes__map_z_trans,-0.06890114679020082,-0.010193892262094701,0.008541874884586645,NA,NA,NA
Trialestes__wmm_z_trans,-0.03218951922425027,-0.007572253466532183,0.011516897480492384,NA,NA,NA
Trialestes__cmm_z_trans,-0.01565231466396032,-0.006546081532095427,0.01541482198968836,NA,NA,NA
Trialestes__wmmcmm_z_trans,0.0027921592066611767,-0.003080709243632154,0.009063262745381578,NA,NA,NA
Trialestes__wetmon_z_trans,0.048621702815284384,-0.0067444861118138135,0.028601474139172953,NA,NA,NA
Trialestes__drymon_z_trans,0.006384325518628066,-0.002190130296937268,0.010986161200329947,NA,NA,NA
Trialestes__wetdry_z_trans,0.05991335293527535,-0.00529943185133577,0.03572664584978644,NA,NA,NA
Trialestes__time,0.0227713290653126,-0.0007032011619901448,0.009447663820779826,NA,NA,NA
Tricuspisaurus__lat_range_z_trans,0.05201185422565675,0.001600046939548955,0.01103860584501337,0.9751099104313403,0.5875700861215591,1.493650644668378
Tricuspisaurus__Temperate_N,-0.06035360262845361,-0.007743521963472137,0.003066695873745197,NA,NA,NA
Tricuspisaurus__Tropical,0.05608743293417943,-0.00022362769338098466,0.015787396548580225,NA,NA,NA
Tricuspisaurus__Temperate_S,0.08115773122980498,0.0010672847753290342,0.02207782787148731,NA,NA,NA
Tricuspisaurus__Antarctic,0.007664260889502679,-0.0002387955505999956,0.002326936170115365,NA,NA,NA
Tricuspisaurus__mat_z_trans,0.028013262566588853,-0.007236791976485637,0.0364515448948866,NA,NA,NA
Tricuspisaurus__map_z_trans,-0.04574201873172832,-0.00722612593755886,0.0046062139042316675,NA,NA,NA
Tricuspisaurus__wmm_z_trans,-0.08963470977352764,-0.014519582494263349,0.022959471914489694,NA,NA,NA
Tricuspisaurus__cmm_z_trans,-0.025458283351657347,-0.006053296454290933,0.012660942421912284,NA,NA,NA
Tricuspisaurus__wmmcmm_z_trans,0.026662364861140427,-0.002645029701512954,0.01517578733304896,NA,NA,NA
Tricuspisaurus__wetmon_z_trans,0.03579906626741115,-0.005471860993666339,0.02259565248268629,NA,NA,NA
Tricuspisaurus__drymon_z_trans,0.007628401678750475,-0.0005644683248369545,0.003642209916054854,NA,NA,NA
Tricuspisaurus__wetdry_z_trans,0.036901418392735766,-0.00578152823514714,0.02520561705798649,NA,NA,NA
Tricuspisaurus__time,0.025014702815505264,-0.006193611468975981,0.02179185418589719,NA,NA,NA
Trilophosaurus__lat_range_z_trans,-0.562294279038906,-0.009852287946358635,-0.010894686381948047,0.19649937053545727,0.030169326812028885,0.6356981189455837
Trilophosaurus__Temperate_N,0.3619176968187094,0.00128321801594691,0.027090196060072857,NA,NA,NA
Trilophosaurus__Tropical,-0.4627176589507144,-0.011400479517657817,0.010004688450595524,NA,NA,NA
Trilophosaurus__Temperate_S,0.42617100454866885,0.001288491398782445,0.02803008039899055,NA,NA,NA
Trilophosaurus__Antarctic,0.06360217737033963,9.872962317507145e-05,0.004952840073835445,NA,NA,NA
Trilophosaurus__mat_z_trans,0.08316276830388233,-0.005357665205843229,0.023190858694667933,NA,NA,NA
Trilophosaurus__map_z_trans,-0.2820097097847611,-0.011595630709099232,0.008654699841996563,NA,NA,NA
Trilophosaurus__wmm_z_trans,-0.0910661879843974,-0.006709745816514983,0.015413080630814058,NA,NA,NA
Trilophosaurus__cmm_z_trans,-0.05969148841453716,-0.005611359503059152,0.015568158662244981,NA,NA,NA
Trilophosaurus__wmmcmm_z_trans,0.02342042622534791,-0.0024027689286978027,0.011008420864425767,NA,NA,NA
Trilophosaurus__wetmon_z_trans,0.17108034232631325,-0.0037687653481950534,0.036594675357986495,NA,NA,NA
Trilophosaurus__drymon_z_trans,0.04406219291733578,-0.0013607652552476111,0.009132163075976297,NA,NA,NA
Trilophosaurus__wetdry_z_trans,0.17629313333134633,-0.005913860737227702,0.03245194321780941,NA,NA,NA
Trilophosaurus__time,0.10206083164550364,7.198085068351576e-05,0.008189637472667665,NA,NA,NA
Tropidosuchus__lat_range_z_trans,0.34017591312527656,0.001687743719873289,0.01453757743917977,0.3485113351308973,0.2022004220634699,0.5372345931828022
Tropidosuchus__Temperate_N,0.48774283037520944,0.0010145200216290992,0.025678339648145157,NA,NA,NA
Tropidosuchus__Tropical,0.3449304192309501,1.8645321003750953e-06,0.019584535268200885,NA,NA,NA
Tropidosuchus__Temperate_S,-1.1865930938441307,-0.018026451188636813,-0.009950355919661574,NA,NA,NA
Tropidosuchus__Antarctic,0.10261044248938561,0.0003715908945150046,0.0050708442003934324,NA,NA,NA
Tropidosuchus__mat_z_trans,-0.022471233382821084,-0.0055048955065535084,0.01967587977259345,NA,NA,NA
Tropidosuchus__map_z_trans,0.18985805715434254,-0.003219552913394443,0.03814491576068445,NA,NA,NA
Tropidosuchus__wmm_z_trans,0.08570995898917318,-0.0034390643523940553,0.016111023447858433,NA,NA,NA
Tropidosuchus__cmm_z_trans,0.11504727210616693,-0.003488634525198629,0.02212653782590183,NA,NA,NA
Tropidosuchus__wmmcmm_z_trans,0.0684784723399207,-0.005011730063867076,0.016725660294050645,NA,NA,NA
Tropidosuchus__wetmon_z_trans,-0.2597359345853329,-0.012042857064571838,0.01818363946877507,NA,NA,NA
Tropidosuchus__drymon_z_trans,0.047356042985338714,-0.0013807633522492707,0.007710497823426285,NA,NA,NA
Tropidosuchus__wetdry_z_trans,-0.3107727291993797,-0.011891358067709313,0.019067792385476675,NA,NA,NA
Tropidosuchus__time,0.10150877365376801,-0.0003013212128561008,0.0067198690051109965,NA,NA,NA
Tuebingosaurus__lat_range_z_trans,0.0997631473382241,0.0010323998379863932,0.009732079321199174,0.6041175238821598,0.10466446354985237,1.1992809399962425
Tuebingosaurus__Temperate_N,-0.14556183484419896,-0.008312682628990042,0.0020874469191019904,NA,NA,NA
Tuebingosaurus__Tropical,0.108143756424276,-0.00013893170224981474,0.01328745669921015,NA,NA,NA
Tuebingosaurus__Temperate_S,0.15879018120519375,0.0010209401353591184,0.018726206003259117,NA,NA,NA
Tuebingosaurus__Antarctic,0.023515483582264796,-8.701896396042061e-07,0.004006832875572154,NA,NA,NA
Tuebingosaurus__mat_z_trans,0.0581844677547896,-0.007985966713928956,0.03252739642019127,NA,NA,NA
Tuebingosaurus__map_z_trans,-0.15420933453699898,-0.008551886427023526,0.005434508477027235,NA,NA,NA
Tuebingosaurus__wmm_z_trans,-0.05479278366658574,-0.0042841553094271935,0.012796154350338299,NA,NA,NA
Tuebingosaurus__cmm_z_trans,-0.139056897226849,-0.010888543619909152,0.020103919044063896,NA,NA,NA
Tuebingosaurus__wmmcmm_z_trans,-0.06380980618170767,-0.007380768769568263,0.0223629307695122,NA,NA,NA
Tuebingosaurus__wetmon_z_trans,0.09291670077755246,-0.0049225773565971685,0.03113435277278023,NA,NA,NA
Tuebingosaurus__drymon_z_trans,0.01618223245353728,-0.0016148176152418362,0.005128595929056385,NA,NA,NA
Tuebingosaurus__wetdry_z_trans,0.08340890422532839,-0.007149116604048776,0.032613025249919804,NA,NA,NA
Tuebingosaurus__time,0.05227766407108286,-0.002053932116034459,0.009445851588903587,NA,NA,NA
Turfanosuchus__lat_range_z_trans,0.03355130979083776,0.002261300616888192,0.01178530905999513,1.7670111631254075,0.8854637742042542,2.834851497784257
Turfanosuchus__Temperate_N,-0.05813606811866566,-0.01562959197579833,0.003868211574315367,NA,NA,NA
Turfanosuchus__Tropical,0.03920448785974529,0.0011646872199726317,0.01676856892819366,NA,NA,NA
Turfanosuchus__Temperate_S,0.05305428900628214,0.002641660940698093,0.021114215103032997,NA,NA,NA
Turfanosuchus__Antarctic,0.0026198421573396797,-0.00044694658880696124,0.0026132394421515682,NA,NA,NA
Turfanosuchus__mat_z_trans,0.002731671070630627,-0.003910185418180154,0.01617303681683218,NA,NA,NA
Turfanosuchus__map_z_trans,0.07161335492375721,-0.002284662124335149,0.03960522991990164,NA,NA,NA
Turfanosuchus__wmm_z_trans,0.029000839391754,-0.004054366163064389,0.020054670306187492,NA,NA,NA
Turfanosuchus__cmm_z_trans,0.008276648571578085,-0.0033864697088813464,0.01284246287233116,NA,NA,NA
Turfanosuchus__wmmcmm_z_trans,-0.007451907712576767,-0.006273010375122434,0.006512417958013249,NA,NA,NA
Turfanosuchus__wetmon_z_trans,-0.02215769829276324,-0.01442788809292911,0.02188392496134461,NA,NA,NA
Turfanosuchus__drymon_z_trans,0.003922791422397033,-0.0010460418425498011,0.004129332100239788,NA,NA,NA
Turfanosuchus__wetdry_z_trans,-0.022134769011580964,-0.014187357228399141,0.03809848699157459,NA,NA,NA
Turfanosuchus__time,0.0016570903171736393,-0.0016520383388053755,0.0039376503860220685,NA,NA,NA
Typothorax__lat_range_z_trans,-0.7159014973044395,-0.016460971317284908,-0.02429777637702308,0.15923870491038541,0.0739168250001967,0.2708231285214424
Typothorax__Temperate_N,0.2753040362894535,0.0009508594011598554,0.02354138507228036,NA,NA,NA
Typothorax__Tropical,-0.17794799137860537,-0.006461298243289138,0.009591405235236711,NA,NA,NA
Typothorax__Temperate_S,0.34716674230992794,0.0018577747976022804,0.028257668744683297,NA,NA,NA
Typothorax__Antarctic,0.03464013097400311,-9.843315063734148e-05,0.004011192767422774,NA,NA,NA
Typothorax__mat_z_trans,0.06902482956182211,-0.005587246446989571,0.025206544920378764,NA,NA,NA
Typothorax__map_z_trans,-0.2015247922576964,-0.010881848574853425,0.008673558828834936,NA,NA,NA
Typothorax__wmm_z_trans,-0.0800903964729514,-0.005126060917866308,0.02001240052881796,NA,NA,NA
Typothorax__cmm_z_trans,-0.058350818902254104,-0.00601224647444988,0.013328159163225944,NA,NA,NA
Typothorax__wmmcmm_z_trans,0.01931515361124184,-0.0026983235330869807,0.013453300459093404,NA,NA,NA
Typothorax__wetmon_z_trans,0.1911008216626942,-0.0029095341229462184,0.0432830470244819,NA,NA,NA
Typothorax__drymon_z_trans,0.023028894133167343,-0.0016146422546143954,0.009217470396468612,NA,NA,NA
Typothorax__wetdry_z_trans,0.19448856180359145,-0.005580643699281814,0.036883334804741826,NA,NA,NA
Typothorax__time,0.0679758645122638,-0.0006082945427754355,0.008225064851492075,NA,NA,NA
Uatchitodon__lat_range_z_trans,-0.02096335834704242,-0.0028788925178371,0.0030800238544853153,0.7598786636257501,0.0766342282295227,2.6699762563221157
Uatchitodon__Temperate_N,0.13370343126592854,0.001390610554086842,0.024948194194091756,NA,NA,NA
Uatchitodon__Tropical,-0.196545162228863,-0.01434982555998701,0.0069590075326764695,NA,NA,NA
Uatchitodon__Temperate_S,0.14581126780119924,0.0018405184757588411,0.027187343622002882,NA,NA,NA
Uatchitodon__Antarctic,0.021818235516162313,-1.3605696565991733e-05,0.0047348100576597735,NA,NA,NA
Uatchitodon__mat_z_trans,0.012738221364738091,-0.0056160083766254075,0.0219157290242476,NA,NA,NA
Uatchitodon__map_z_trans,-0.059943024791779806,-0.01068055195342879,0.016132703907996832,NA,NA,NA
Uatchitodon__wmm_z_trans,-0.0209995065315456,-0.0062669058530300465,0.010865933244594714,NA,NA,NA
Uatchitodon__cmm_z_trans,0.013916463932965134,-0.006260056650818775,0.025980530900447833,NA,NA,NA
Uatchitodon__wmmcmm_z_trans,0.016743230819498658,-0.003983907628007772,0.017531412926182967,NA,NA,NA
Uatchitodon__wetmon_z_trans,0.019199217739447934,-0.006041123713637292,0.023087416391720267,NA,NA,NA
Uatchitodon__drymon_z_trans,0.010544227866207352,-0.002373848340766137,0.007795496464249412,NA,NA,NA
Uatchitodon__wetdry_z_trans,0.03155966167146701,-0.00581086356198239,0.0229026547774094,NA,NA,NA
Uatchitodon__time,0.028168975297525416,-0.0001864482564722522,0.006265499522370284,NA,NA,NA
Unaysaurus__lat_range_z_trans,0.1961519084386149,0.0010644734957104493,0.010997719170402317,0.4164496218464046,0.03944012150168419,1.239557075779885
Unaysaurus__Temperate_N,0.26281070844716525,0.0004446854388493623,0.019750645104539298,NA,NA,NA
Unaysaurus__Tropical,0.22354923034954663,0.0003691992837177859,0.016359303326518325,NA,NA,NA
Unaysaurus__Temperate_S,-0.41098668157885837,-0.009133676252190682,0.0006737313023646611,NA,NA,NA
Unaysaurus__Antarctic,0.05121506753712561,0.00015016518078173676,0.0037628457074699714,NA,NA,NA
Unaysaurus__mat_z_trans,0.09897938524063282,-0.007494922311005009,0.035023538240251825,NA,NA,NA
Unaysaurus__map_z_trans,-0.2762298962152183,-0.007677479807631575,0.011401324802434469,NA,NA,NA
Unaysaurus__wmm_z_trans,-0.11952778817923736,-0.005342107724966946,0.0075131439985322976,NA,NA,NA
Unaysaurus__cmm_z_trans,-0.25856140612310563,-0.012399149090638828,0.013652748967363437,NA,NA,NA
Unaysaurus__wmmcmm_z_trans,-0.09084626206050275,-0.007724214513769413,0.01878778505402854,NA,NA,NA
Unaysaurus__wetmon_z_trans,0.16999919548966633,-0.0057524597462512315,0.029220948425096257,NA,NA,NA
Unaysaurus__drymon_z_trans,0.03687625569059307,-0.0013592936854493584,0.006487757759773492,NA,NA,NA
Unaysaurus__wetdry_z_trans,0.16827826196048606,-0.005582728581031407,0.034097347729562195,NA,NA,NA
Unaysaurus__time,0.08404390237900063,-0.000793400765438162,0.011657916831798426,NA,NA,NA
Unguinychus__lat_range_z_trans,0.28935662254691125,0.0008553701527715768,0.010450454887503785,0.2643320806287375,0.08562631346285343,0.4512922391295433
Unguinychus__Temperate_N,0.36085095373913645,-0.00018086291130482262,0.016604752347105615,NA,NA,NA
Unguinychus__Tropical,-0.46113004566868765,-0.007278418825060703,0.0018832642334117582,NA,NA,NA
Unguinychus__Temperate_S,0.46381323905661703,0.0007624234802217632,0.019212491493356097,NA,NA,NA
Unguinychus__Antarctic,0.0847788717597723,0.00011242785422873737,0.0036189698413287667,NA,NA,NA
Unguinychus__mat_z_trans,0.027627873718738555,-0.009087287515002393,0.028617550544652804,NA,NA,NA
Unguinychus__map_z_trans,-0.4649121240340173,-0.007861190010481415,0.005759492576159953,NA,NA,NA
Unguinychus__wmm_z_trans,-0.2115170198958367,-0.005786998392175509,0.007811986275015411,NA,NA,NA
Unguinychus__cmm_z_trans,-0.5147362246800913,-0.009622878601994785,0.021146956273468985,NA,NA,NA
Unguinychus__wmmcmm_z_trans,-0.18660770578309893,-0.006387528560466956,0.02261860277767285,NA,NA,NA
Unguinychus__wetmon_z_trans,0.23616869814693928,-0.005582119661627,0.030921062226914778,NA,NA,NA
Unguinychus__drymon_z_trans,0.038828670929651705,-0.0010400997443411673,0.007668292231058181,NA,NA,NA
Unguinychus__wetdry_z_trans,0.23179315159562974,-0.00932729131344125,0.03056597468851163,NA,NA,NA
Unguinychus__time,0.14637685077068455,-0.0008064550306393527,0.012506906023974897,NA,NA,NA
Uralosaurus__lat_range_z_trans,-0.7176464375853538,-0.007643348611826052,-0.010640284284414773,0.2883433902511024,0.035045549273490906,0.7150721233338118
Uralosaurus__Temperate_N,-0.8299416840076447,-0.013656505102389674,0.000559770592743229,NA,NA,NA
Uralosaurus__Tropical,0.27936771865352056,-9.591591394093603e-05,0.015434145670328773,NA,NA,NA
Uralosaurus__Temperate_S,0.5026098698377609,0.001122773143328738,0.01975701170862329,NA,NA,NA
Uralosaurus__Antarctic,0.08798659665510059,0.00026483271498426396,0.003801964724978794,NA,NA,NA
Uralosaurus__mat_z_trans,-0.12531103560933843,-0.010104072733329816,0.020567568246254837,NA,NA,NA
Uralosaurus__map_z_trans,0.5291352402209304,-0.0015979492446420859,0.03216686141006471,NA,NA,NA
Uralosaurus__wmm_z_trans,0.29964365461433773,-0.002775368646124482,0.02033375107001054,NA,NA,NA
Uralosaurus__cmm_z_trans,0.2429796663110028,-0.0029096259481712207,0.03830897784935379,NA,NA,NA
Uralosaurus__wmmcmm_z_trans,0.10129752913024276,-0.0037866210917217847,0.01952681759629321,NA,NA,NA
Uralosaurus__wetmon_z_trans,-0.23895280305994673,-0.009559862978034668,0.01849939543891672,NA,NA,NA
Uralosaurus__drymon_z_trans,0.0862438585748896,-0.00018264351772877225,0.006636087223888097,NA,NA,NA
Uralosaurus__wetdry_z_trans,-0.23752055313321763,-0.009638153970956716,0.02673786226190335,NA,NA,NA
Uralosaurus__time,0.0785729378729593,-0.0006684471787600732,0.007696826911190929,NA,NA,NA
Vallesaurus__lat_range_z_trans,0.2833879989385605,0.0008781564460800899,0.01009465144365543,0.24365804565873986,0.08562631346285343,0.38300539553165436
Vallesaurus__Temperate_N,0.3418602596828714,-0.0006348843877169834,0.015655767816060824,NA,NA,NA
Vallesaurus__Tropical,-0.438378907230217,-0.007634309286116334,0.0005714492196762356,NA,NA,NA
Vallesaurus__Temperate_S,0.4575277758063748,0.000837906451555475,0.01868455335024265,NA,NA,NA
Vallesaurus__Antarctic,0.08326063088141382,6.017827754413411e-05,0.0035130111380644743,NA,NA,NA
Vallesaurus__mat_z_trans,0.08913694259244949,-0.00952716845007164,0.031824631439777956,NA,NA,NA
Vallesaurus__map_z_trans,-0.4500640780106187,-0.008070605058168515,0.006543266628751436,NA,NA,NA
Vallesaurus__wmm_z_trans,-0.26537186266854407,-0.006077554270300086,0.010084985995860097,NA,NA,NA
Vallesaurus__cmm_z_trans,-0.5353137485543266,-0.009615571667655427,0.020565861165040323,NA,NA,NA
Vallesaurus__wmmcmm_z_trans,-0.2009141427348368,-0.0066518108008807395,0.021997068441306604,NA,NA,NA
Vallesaurus__wetmon_z_trans,0.24012937457300723,-0.004085976948482425,0.030888159490549502,NA,NA,NA
Vallesaurus__drymon_z_trans,0.033320223720511424,-0.0015821034112479468,0.006949068512175176,NA,NA,NA
Vallesaurus__wetdry_z_trans,0.22509534921962768,-0.006762973255757555,0.03160227883813065,NA,NA,NA
Vallesaurus__time,0.15816707449885142,-0.0023641927180953256,0.010412002940844146,NA,NA,NA
Vancleavea__lat_range_z_trans,-0.7359717339277267,-0.016764128604479178,-0.02414311160440099,0.1820167832894367,0.06666217721067369,0.26714327558875084
Vancleavea__Temperate_N,0.277932399623096,0.0009553093146525325,0.0234091989505362,NA,NA,NA
Vancleavea__Tropical,-0.17783934905193746,-0.00739972642094399,0.007045302828234394,NA,NA,NA
Vancleavea__Temperate_S,0.35042305395007134,0.0018662906659650167,0.028050477484473868,NA,NA,NA
Vancleavea__Antarctic,0.03314021854661405,-0.00010389277122125374,0.003983602984581955,NA,NA,NA
Vancleavea__mat_z_trans,0.08825974336708896,-0.005409349822567086,0.024916446773429437,NA,NA,NA
Vancleavea__map_z_trans,-0.18182509551756085,-0.010773211057749917,0.008905149549358683,NA,NA,NA
Vancleavea__wmm_z_trans,-0.07151900482713244,-0.005165911210206592,0.01978573411229503,NA,NA,NA
Vancleavea__cmm_z_trans,-0.04363297736388631,-0.005710871978065047,0.02008898626771573,NA,NA,NA
Vancleavea__wmmcmm_z_trans,0.033558233394578564,-0.0030119358412756367,0.013335591059127764,NA,NA,NA
Vancleavea__wetmon_z_trans,0.172509397380054,-0.002917684237314966,0.0401461052487928,NA,NA,NA
Vancleavea__drymon_z_trans,0.021261001194361598,-0.0015965088409817692,0.009134523075703904,NA,NA,NA
Vancleavea__wetdry_z_trans,0.18258061489264946,-0.004582383822525837,0.03665635049391716,NA,NA,NA
Vancleavea__time,0.06369665930280462,-0.0006169044525995553,0.00807239919636957,NA,NA,NA
Variodens__lat_range_z_trans,-0.5508266389369965,-0.006189724788583664,-0.009917504274400326,0.09154679219180252,0.013303178828209639,0.2675256710499525
Variodens__Temperate_N,-0.2570373953459784,-0.006170654558572049,0.0031772720921064137,NA,NA,NA
Variodens__Tropical,0.2382552845729515,-0.0003109689884565751,0.013590779204854866,NA,NA,NA
Variodens__Temperate_S,0.3635387227684259,0.0010151247128342535,0.018792066041212106,NA,NA,NA
Variodens__Antarctic,0.05881296983454377,8.131694624908526e-05,0.0034994979996923223,NA,NA,NA
Variodens__mat_z_trans,0.14690569230006076,-0.00855861056324148,0.03665353645591984,NA,NA,NA
Variodens__map_z_trans,-0.29815552598563955,-0.00777381640411865,0.005301485192345696,NA,NA,NA
Variodens__wmm_z_trans,-0.20790869299322368,-0.007486258383790382,0.018054276624021467,NA,NA,NA
Variodens__cmm_z_trans,-0.20924487307900563,-0.00727287321920476,0.020057830731145657,NA,NA,NA
Variodens__wmmcmm_z_trans,0.008206266951165163,-0.005719785190009338,0.020522944363083225,NA,NA,NA
Variodens__wetmon_z_trans,0.19624191867187618,-0.004170342191430123,0.03112419386175417,NA,NA,NA
Variodens__drymon_z_trans,0.04201904022484086,-0.0009752007285935012,0.005948949488261957,NA,NA,NA
Variodens__wetdry_z_trans,0.2088464427459985,-0.005342570801457994,0.03482339928880656,NA,NA,NA
Variodens__time,0.1560242796060629,-0.0023565449209380983,0.01775802935133155,NA,NA,NA
Vellbergia__lat_range_z_trans,0.08129348596321366,0.0022759193189632898,0.018803310013432255,0.8396704190783203,0.3653787113726139,1.4592536193376873
Vellbergia__Temperate_N,-0.24012608332078417,-0.020588418068909726,-0.007520842794851114,NA,NA,NA
Vellbergia__Tropical,0.08952399480431632,0.0004637481374428497,0.025307935685861014,NA,NA,NA
Vellbergia__Temperate_S,0.13464238070771467,0.0023643029060378064,0.03202721737572849,NA,NA,NA
Vellbergia__Antarctic,0.01982375084590123,0.00010009208724982167,0.005523931366643527,NA,NA,NA
Vellbergia__mat_z_trans,-0.00926423789799306,-0.008061796674329776,0.021131610946178315,NA,NA,NA
Vellbergia__map_z_trans,-0.00063085638422472,-0.0033285237062212186,0.011733491150628978,NA,NA,NA
Vellbergia__wmm_z_trans,0.008243899866703182,-0.0023991993913397183,0.012740903133247694,NA,NA,NA
Vellbergia__cmm_z_trans,0.04800310024052762,-0.006015413839864038,0.028519609254663653,NA,NA,NA
Vellbergia__wmmcmm_z_trans,0.03348875888056811,-0.006741963286862001,0.021726844034866744,NA,NA,NA
Vellbergia__wetmon_z_trans,-0.026443968366693032,-0.00827361166259612,0.015209242696643279,NA,NA,NA
Vellbergia__drymon_z_trans,0.00729590552404699,-0.0021743788932521075,0.009149491923135715,NA,NA,NA
Vellbergia__wetdry_z_trans,-0.028736850610767233,-0.00828060211656617,0.017663370418809582,NA,NA,NA
Vellbergia__time,0.018638601123379266,-0.0005710638890661709,0.007370641215147382,NA,NA,NA
Velocipes__lat_range_z_trans,0.11958223436918893,0.0009793039695618502,0.009510823729562959,0.538747118707106,0.14483253471553326,1.04928233101964
Velocipes__Temperate_N,-0.1697644269792227,-0.007399177684711221,0.001947878896038419,NA,NA,NA
Velocipes__Tropical,0.12780779159508673,-0.00024165043966575236,0.013396956074500102,NA,NA,NA
Velocipes__Temperate_S,0.18703202776439537,0.0003887693850899508,0.017757436719318453,NA,NA,NA
Velocipes__Antarctic,0.030003768902235405,-7.024991217224821e-05,0.003261050845883074,NA,NA,NA
Velocipes__mat_z_trans,0.09445746376858767,-0.008303966729043362,0.030844645384933058,NA,NA,NA
Velocipes__map_z_trans,-0.18347277358007402,-0.00744380462937572,0.0056143544034822955,NA,NA,NA
Velocipes__wmm_z_trans,-0.10120865245077988,-0.007678483220131624,0.01213416647703316,NA,NA,NA
Velocipes__cmm_z_trans,-0.16900837030507138,-0.009998028751981101,0.020210618532905143,NA,NA,NA
Velocipes__wmmcmm_z_trans,-0.07219940508097417,-0.006037030610798716,0.027113216001953308,NA,NA,NA
Velocipes__wetmon_z_trans,0.09921551157126446,-0.00569784435698016,0.027658849931359766,NA,NA,NA
Velocipes__drymon_z_trans,0.015522695935298245,-0.0014458716619984856,0.006905632320442015,NA,NA,NA
Velocipes__wetdry_z_trans,0.09295052513317807,-0.007193593376985374,0.03091415940070048,NA,NA,NA
Velocipes__time,0.06483349073279611,-0.0010892810601213182,0.012116967702023258,NA,NA,NA
Venaticosuchus__lat_range_z_trans,0.062341382816249076,0.002090288370092843,0.014145816553141623,0.9270537118933863,0.49624259024858475,1.3613374028354883
Venaticosuchus__Temperate_N,0.0904700652859439,0.0012644663856577754,0.02682898597732705,NA,NA,NA
Venaticosuchus__Tropical,0.07370814630988015,0.0008766440693230898,0.022902981219060974,NA,NA,NA
Venaticosuchus__Temperate_S,-0.14091078178350777,-0.016482332104378338,-0.002124364893618846,NA,NA,NA
Venaticosuchus__Antarctic,0.012484248066182126,7.12581407216774e-05,0.004061434095033157,NA,NA,NA
Venaticosuchus__mat_z_trans,0.0217086605471136,-0.005835657282121482,0.024357600688061306,NA,NA,NA
Venaticosuchus__map_z_trans,-0.06903886692279379,-0.011201804592945312,0.008227091168285848,NA,NA,NA
Venaticosuchus__wmm_z_trans,-0.03423679896637371,-0.008320953516033762,0.01155881518364206,NA,NA,NA
Venaticosuchus__cmm_z_trans,-0.017219719299542306,-0.007548880856712855,0.013598945785206533,NA,NA,NA
Venaticosuchus__wmmcmm_z_trans,-0.0003348226073539167,-0.003206340702540851,0.008806458053422232,NA,NA,NA
Venaticosuchus__wetmon_z_trans,0.05505985360167753,-0.003764315460947201,0.03065811615379473,NA,NA,NA
Venaticosuchus__drymon_z_trans,0.006408047431517702,-0.0024066775465742757,0.011026147198705807,NA,NA,NA
Venaticosuchus__wetdry_z_trans,0.053455734882165706,-0.005993874410713015,0.03585667904126023,NA,NA,NA
Venaticosuchus__time,0.02185673201475055,-0.0007727295721415686,0.009482050196812796,NA,NA,NA
Venetoraptor__lat_range_z_trans,-0.5789457720518112,-0.008530158649936875,-0.015117942628317562,0.15175616593267477,0.0013422694100881927,0.3381775924935937
Venetoraptor__Temperate_N,0.33441945975646375,0.0010213438725896818,0.024767410024701127,NA,NA,NA
Venetoraptor__Tropical,0.23522018744144588,-0.0001434766185937613,0.02051228301063217,NA,NA,NA
Venetoraptor__Temperate_S,-0.5256975756213069,-0.012895733793473554,-0.0006955401658999112,NA,NA,NA
Venetoraptor__Antarctic,0.0516871234937571,0.00017595439889440706,0.0041382903442771434,NA,NA,NA
Venetoraptor__mat_z_trans,0.0928993521915254,-0.003738577963088888,0.02900455632597748,NA,NA,NA
Venetoraptor__map_z_trans,-0.014136308021843434,-0.009443960459624515,0.024420346455700855,NA,NA,NA
Venetoraptor__wmm_z_trans,0.024552837805822493,-0.00417545458416158,0.011956219861296977,NA,NA,NA
Venetoraptor__cmm_z_trans,0.08111544317565858,-0.005162395987790843,0.023864755211407324,NA,NA,NA
Venetoraptor__wmmcmm_z_trans,0.06952134982682764,-0.0022664604488764444,0.016336627229168486,NA,NA,NA
Venetoraptor__wetmon_z_trans,0.03421967304660939,-0.006968986343022088,0.027586746308686773,NA,NA,NA
Venetoraptor__drymon_z_trans,0.037439952329732476,-0.0009612192443006055,0.007922380007853662,NA,NA,NA
Venetoraptor__wetdry_z_trans,0.03678550060838461,-0.008191624888536215,0.03705643568238706,NA,NA,NA
Venetoraptor__time,0.0817009999603033,4.984163060799876e-05,0.0076341887522639205,NA,NA,NA
Vinitasaura__lat_range_z_trans,0.0808093813276519,0.0016191505818265411,0.01423514022362506,0.7853458690235857,0.25438315235078335,1.9272470064461231
Vinitasaura__Temperate_N,0.12485426197791688,0.0017209832445399982,0.02366165119142257,NA,NA,NA
Vinitasaura__Tropical,-0.1773269703424282,-0.013249104587728183,0.000976801455033638,NA,NA,NA
Vinitasaura__Temperate_S,0.1366243987841693,0.001849142833416448,0.026762785802967374,NA,NA,NA
Vinitasaura__Antarctic,0.020471689002523993,-2.103519197295843e-05,0.0047523072037847875,NA,NA,NA
Vinitasaura__mat_z_trans,0.012020858445391884,-0.0062652798080686765,0.022783027351914127,NA,NA,NA
Vinitasaura__map_z_trans,-0.0976086863307566,-0.012101056507717789,0.008813344370998892,NA,NA,NA
Vinitasaura__wmm_z_trans,-0.04372194438360899,-0.007759385696734604,0.01179305924011726,NA,NA,NA
Vinitasaura__cmm_z_trans,-0.02947605773899745,-0.006990349595705511,0.016604765958825627,NA,NA,NA
Vinitasaura__wmmcmm_z_trans,-0.010933411211409451,-0.004762868936961779,0.011878363822379423,NA,NA,NA
Vinitasaura__wetmon_z_trans,0.049216092469325706,-0.004406088209548891,0.027105015877023613,NA,NA,NA
Vinitasaura__drymon_z_trans,0.004525637738975546,-0.002984032921087748,0.009711101739177181,NA,NA,NA
Vinitasaura__wetdry_z_trans,0.04039787758295364,-0.0072198460530262035,0.03304200969573099,NA,NA,NA
Vinitasaura__time,0.025898754054200675,-0.0006611382305439249,0.0072673824871349515,NA,NA,NA
Vivaron__lat_range_z_trans,0.2973191194236279,0.0009149138660881377,0.00979290766213887,0.2799160277003102,0.11460993438959122,0.48724679939914495
Vivaron__Temperate_N,0.3714071544492617,3.4997669499719644e-05,0.016769065993223725,NA,NA,NA
Vivaron__Tropical,-0.5102936597913503,-0.007812672208719033,0.0017767675853195737,NA,NA,NA
Vivaron__Temperate_S,0.48058368143159896,0.0011308354008635398,0.018952402186214964,NA,NA,NA
Vivaron__Antarctic,0.09047979339957238,0.00012068032814963014,0.00384986658653347,NA,NA,NA
Vivaron__mat_z_trans,0.05963299982715398,-0.008507404991332979,0.030080300589192057,NA,NA,NA
Vivaron__map_z_trans,-0.4732666582602542,-0.008438220195694165,0.006347678893300551,NA,NA,NA
Vivaron__wmm_z_trans,-0.17887272952590139,-0.004319913155962907,0.008671907132251458,NA,NA,NA
Vivaron__cmm_z_trans,-0.5177158238150877,-0.011895261272241057,0.016906163901300137,NA,NA,NA
Vivaron__wmmcmm_z_trans,-0.23592803681036456,-0.007458800427952455,0.01946785566787343,NA,NA,NA
Vivaron__wetmon_z_trans,0.2321482793055475,-0.005991860621702217,0.03111108240227645,NA,NA,NA
Vivaron__drymon_z_trans,0.03705281108152121,-0.0015925800132061123,0.005687144309287572,NA,NA,NA
Vivaron__wetdry_z_trans,0.2660727178119123,-0.006434733189949201,0.03949241572460963,NA,NA,NA
Vivaron__time,0.13193364766229934,-0.0009808902671541787,0.010481197786613602,NA,NA,NA
Vjushkovisaurus__lat_range_z_trans,-0.7162461218237877,-0.008149881391838974,-0.009817374991141282,0.3221829014112882,0.03895757393911481,0.8408155906945467
Vjushkovisaurus__Temperate_N,-0.8965442053414882,-0.013772526677059391,-0.00015942421922651481,NA,NA,NA
Vjushkovisaurus__Tropical,0.2840657349245157,0.00024366931346355854,0.016799642554193566,NA,NA,NA
Vjushkovisaurus__Temperate_S,0.5095688404142856,0.0012693407071318078,0.01953118325546155,NA,NA,NA
Vjushkovisaurus__Antarctic,0.08944649776443839,0.0002613684394473889,0.004249523779472752,NA,NA,NA
Vjushkovisaurus__mat_z_trans,-0.01807215581415221,-0.007243479715196619,0.026951382425351982,NA,NA,NA
Vjushkovisaurus__map_z_trans,0.5231036906852387,-0.0017038470277100663,0.03181880045075655,NA,NA,NA
Vjushkovisaurus__wmm_z_trans,0.27474566961536767,-0.0033788244096496414,0.025331160351313876,NA,NA,NA
Vjushkovisaurus__cmm_z_trans,0.26982901299750667,-0.0033939349539586546,0.031818156432596556,NA,NA,NA
Vjushkovisaurus__wmmcmm_z_trans,0.06289468493079767,-0.0033021920795945083,0.018634246995955648,NA,NA,NA
Vjushkovisaurus__wetmon_z_trans,-0.20893863569712268,-0.0101934051879653,0.018540604678014876,NA,NA,NA
Vjushkovisaurus__drymon_z_trans,0.08981645280960947,-0.00016614445422636617,0.006735565574303831,NA,NA,NA
Vjushkovisaurus__wetdry_z_trans,-0.2424428992718458,-0.010565847820714456,0.021827795047464522,NA,NA,NA
Vjushkovisaurus__time,0.07020033023436553,-0.0011352038214420535,0.007125494085617601,NA,NA,NA
Volcanosuchus__lat_range_z_trans,0.062341382816249076,0.002090288370092843,0.014145816553141623,0.9270537118933863,0.49624259024858475,1.3613374028354883
Volcanosuchus__Temperate_N,0.0904700652859439,0.0012644663856577754,0.02682898597732705,NA,NA,NA
Volcanosuchus__Tropical,0.07370814630988015,0.0008766440693230898,0.022902981219060974,NA,NA,NA
Volcanosuchus__Temperate_S,-0.14091078178350777,-0.016482332104378338,-0.002124364893618846,NA,NA,NA
Volcanosuchus__Antarctic,0.012484248066182126,7.12581407216774e-05,0.004061434095033157,NA,NA,NA
Volcanosuchus__mat_z_trans,0.0217086605471136,-0.005835657282121482,0.024357600688061306,NA,NA,NA
Volcanosuchus__map_z_trans,-0.06903886692279379,-0.011201804592945312,0.008227091168285848,NA,NA,NA
Volcanosuchus__wmm_z_trans,-0.03423679896637371,-0.008320953516033762,0.01155881518364206,NA,NA,NA
Volcanosuchus__cmm_z_trans,-0.017219719299542306,-0.007548880856712855,0.013598945785206533,NA,NA,NA
Volcanosuchus__wmmcmm_z_trans,-0.0003348226073539167,-0.003206340702540851,0.008806458053422232,NA,NA,NA
Volcanosuchus__wetmon_z_trans,0.05505985360167753,-0.003764315460947201,0.03065811615379473,NA,NA,NA
Volcanosuchus__drymon_z_trans,0.006408047431517702,-0.0024066775465742757,0.011026147198705807,NA,NA,NA
Volcanosuchus__wetdry_z_trans,0.053455734882165706,-0.005993874410713015,0.03585667904126023,NA,NA,NA
Volcanosuchus__time,0.02185673201475055,-0.0007727295721415686,0.009482050196812796,NA,NA,NA
Vonhuenia__lat_range_z_trans,0.024344521823567264,0.0022231815741524824,0.012106487994420486,2.749767784093856,1.3374657034873962,4.053047463297844
Vonhuenia__Temperate_N,-0.05660549698307512,-0.013078739251520328,-0.007254248088166335,NA,NA,NA
Vonhuenia__Tropical,0.0159045582151902,-0.0014487231337656605,0.013957471862304654,NA,NA,NA
Vonhuenia__Temperate_S,0.03524352030694688,0.0014292441890764414,0.017147457187535523,NA,NA,NA
Vonhuenia__Antarctic,0.000457357063827579,-0.0005820665203471682,0.0018876174643091058,NA,NA,NA
Vonhuenia__mat_z_trans,0.001323351491788247,-0.010972926299893849,0.023800870506931682,NA,NA,NA
Vonhuenia__map_z_trans,0.04060802203655958,-0.0023699625370936198,0.029104120137498395,NA,NA,NA
Vonhuenia__wmm_z_trans,0.023299667519177062,-0.005885292628328219,0.019986362038454664,NA,NA,NA
Vonhuenia__cmm_z_trans,0.03722695975899567,-0.005881737575532199,0.03725083419802262,NA,NA,NA
Vonhuenia__wmmcmm_z_trans,0.018915838740673898,-0.004786313555263608,0.020562587982969723,NA,NA,NA
Vonhuenia__wetmon_z_trans,-0.004134930236100997,-0.007335341218991348,0.01734124742425818,NA,NA,NA
Vonhuenia__drymon_z_trans,0.005194794341611222,-0.0015413191426014278,0.0066592392788425835,NA,NA,NA
Vonhuenia__wetdry_z_trans,-0.002266384842077163,-0.008531818776016754,0.021046120774119596,NA,NA,NA
Vonhuenia__time,-0.003759897861175433,-0.0024690942031880226,0.005790587658634638,NA,NA,NA
Vritramimosaurus__lat_range_z_trans,0.024344521823567264,0.0022231815741524824,0.012106487994420486,2.749767784093856,1.3374657034873962,4.053047463297844
Vritramimosaurus__Temperate_N,-0.05660549698307512,-0.013078739251520328,-0.007254248088166335,NA,NA,NA
Vritramimosaurus__Tropical,0.0159045582151902,-0.0014487231337656605,0.013957471862304654,NA,NA,NA
Vritramimosaurus__Temperate_S,0.03524352030694688,0.0014292441890764414,0.017147457187535523,NA,NA,NA
Vritramimosaurus__Antarctic,0.000457357063827579,-0.0005820665203471682,0.0018876174643091058,NA,NA,NA
Vritramimosaurus__mat_z_trans,0.001323351491788247,-0.010972926299893849,0.023800870506931682,NA,NA,NA
Vritramimosaurus__map_z_trans,0.04060802203655958,-0.0023699625370936198,0.029104120137498395,NA,NA,NA
Vritramimosaurus__wmm_z_trans,0.023299667519177062,-0.005885292628328219,0.019986362038454664,NA,NA,NA
Vritramimosaurus__cmm_z_trans,0.03722695975899567,-0.005881737575532199,0.03725083419802262,NA,NA,NA
Vritramimosaurus__wmmcmm_z_trans,0.018915838740673898,-0.004786313555263608,0.020562587982969723,NA,NA,NA
Vritramimosaurus__wetmon_z_trans,-0.004134930236100997,-0.007335341218991348,0.01734124742425818,NA,NA,NA
Vritramimosaurus__drymon_z_trans,0.005194794341611222,-0.0015413191426014278,0.0066592392788425835,NA,NA,NA
Vritramimosaurus__wetdry_z_trans,-0.002266384842077163,-0.008531818776016754,0.021046120774119596,NA,NA,NA
Vritramimosaurus__time,-0.003759897861175433,-0.0024690942031880226,0.005790587658634638,NA,NA,NA
Vytshegdosuchus__lat_range_z_trans,0.024344521823567264,0.0022231815741524824,0.012106487994420486,2.749767784093856,1.3374657034873962,4.053047463297844
Vytshegdosuchus__Temperate_N,-0.05660549698307512,-0.013078739251520328,-0.007254248088166335,NA,NA,NA
Vytshegdosuchus__Tropical,0.0159045582151902,-0.0014487231337656605,0.013957471862304654,NA,NA,NA
Vytshegdosuchus__Temperate_S,0.03524352030694688,0.0014292441890764414,0.017147457187535523,NA,NA,NA
Vytshegdosuchus__Antarctic,0.000457357063827579,-0.0005820665203471682,0.0018876174643091058,NA,NA,NA
Vytshegdosuchus__mat_z_trans,0.001323351491788247,-0.010972926299893849,0.023800870506931682,NA,NA,NA
Vytshegdosuchus__map_z_trans,0.04060802203655958,-0.0023699625370936198,0.029104120137498395,NA,NA,NA
Vytshegdosuchus__wmm_z_trans,0.023299667519177062,-0.005885292628328219,0.019986362038454664,NA,NA,NA
Vytshegdosuchus__cmm_z_trans,0.03722695975899567,-0.005881737575532199,0.03725083419802262,NA,NA,NA
Vytshegdosuchus__wmmcmm_z_trans,0.018915838740673898,-0.004786313555263608,0.020562587982969723,NA,NA,NA
Vytshegdosuchus__wetmon_z_trans,-0.004134930236100997,-0.007335341218991348,0.01734124742425818,NA,NA,NA
Vytshegdosuchus__drymon_z_trans,0.005194794341611222,-0.0015413191426014278,0.0066592392788425835,NA,NA,NA
Vytshegdosuchus__wetdry_z_trans,-0.002266384842077163,-0.008531818776016754,0.021046120774119596,NA,NA,NA
Vytshegdosuchus__time,-0.003759897861175433,-0.0024690942031880226,0.005790587658634638,NA,NA,NA
Waluchelys__lat_range_z_trans,0.2668044318258762,0.0010357678516594172,0.010452410279274063,0.1879357913113199,0.019466551020741463,0.8769723633304238
Waluchelys__Temperate_N,0.35217985198833046,-0.0001055847989516241,0.01611903295935876,NA,NA,NA
Waluchelys__Tropical,0.3084828984923661,8.940081893170784e-05,0.0147555872873081,NA,NA,NA
Waluchelys__Temperate_S,-0.5929191266559064,-0.00949912693703791,-0.0005389871376574794,NA,NA,NA
Waluchelys__Antarctic,0.07681216767989099,0.00013795898458025262,0.003535070600977092,NA,NA,NA
Waluchelys__mat_z_trans,0.12996619358542374,-0.007278230443156008,0.035125704728598064,NA,NA,NA
Waluchelys__map_z_trans,-0.3617648088815622,-0.006979835370800483,0.008542970212890522,NA,NA,NA
Waluchelys__wmm_z_trans,-0.21652559407986702,-0.006754716867650879,0.010905636534630746,NA,NA,NA
Waluchelys__cmm_z_trans,-0.47886209458345547,-0.011544387574413008,0.020046741598513124,NA,NA,NA
Waluchelys__wmmcmm_z_trans,-0.12631654071155934,-0.006143188165525942,0.019702103470542454,NA,NA,NA
Waluchelys__wetmon_z_trans,0.23486475513200275,-0.004453974431934605,0.03385145782153195,NA,NA,NA
Waluchelys__drymon_z_trans,0.041881568594835696,-0.0015352963676602174,0.006173218157266964,NA,NA,NA
Waluchelys__wetdry_z_trans,0.21120604954194278,-0.006661074717973236,0.03033750898207272,NA,NA,NA
Waluchelys__time,0.1272571901930496,-0.0015386210593807442,0.010378300924828401,NA,NA,NA
Wannia__lat_range_z_trans,0.29281320944428446,0.0009409665482746155,0.010103614809064548,0.3293001051210013,0.12086490960791707,0.6877705752849579
Wannia__Temperate_N,0.36948709793388845,0.0003755407739478982,0.02040531145022795,NA,NA,NA
Wannia__Tropical,-0.5068175452947616,-0.007987145275806717,0.002480069460611733,NA,NA,NA
Wannia__Temperate_S,0.47596898455638437,0.0011444142430380954,0.01906111382358453,NA,NA,NA
Wannia__Antarctic,0.08394708348438144,9.707836957097203e-05,0.0033948477160079694,NA,NA,NA
Wannia__mat_z_trans,0.0290745282988064,-0.009443970414735338,0.026967332770975395,NA,NA,NA
Wannia__map_z_trans,-0.4371250643103849,-0.008352352904497101,0.006501616866027121,NA,NA,NA
Wannia__wmm_z_trans,-0.20540006496012211,-0.0051051149459988175,0.012168206469620899,NA,NA,NA
Wannia__cmm_z_trans,-0.4463204578886507,-0.010230970287929086,0.017316156379069605,NA,NA,NA
Wannia__wmmcmm_z_trans,-0.2351690616249107,-0.007346064141771716,0.021558410492824146,NA,NA,NA
Wannia__wetmon_z_trans,0.24245367446914315,-0.0059308874746541625,0.0269624959138709,NA,NA,NA
Wannia__drymon_z_trans,0.027202885028673338,-0.0015311161258369254,0.006987220370378676,NA,NA,NA
Wannia__wetdry_z_trans,0.2687780250655487,-0.006415107174335813,0.03627794371833338,NA,NA,NA
Wannia__time,0.14718656567660218,-0.0014461802685791865,0.009202416179538651,NA,NA,NA
Wapitisaurus__lat_range_z_trans,0.024344521823567264,0.0022231815741524824,0.012106487994420486,2.749767784093856,1.3374657034873962,4.053047463297844
Wapitisaurus__Temperate_N,-0.05660549698307512,-0.013078739251520328,-0.007254248088166335,NA,NA,NA
Wapitisaurus__Tropical,0.0159045582151902,-0.0014487231337656605,0.013957471862304654,NA,NA,NA
Wapitisaurus__Temperate_S,0.03524352030694688,0.0014292441890764414,0.017147457187535523,NA,NA,NA
Wapitisaurus__Antarctic,0.000457357063827579,-0.0005820665203471682,0.0018876174643091058,NA,NA,NA
Wapitisaurus__mat_z_trans,0.001323351491788247,-0.010972926299893849,0.023800870506931682,NA,NA,NA
Wapitisaurus__map_z_trans,0.04060802203655958,-0.0023699625370936198,0.029104120137498395,NA,NA,NA
Wapitisaurus__wmm_z_trans,0.023299667519177062,-0.005885292628328219,0.019986362038454664,NA,NA,NA
Wapitisaurus__cmm_z_trans,0.03722695975899567,-0.005881737575532199,0.03725083419802262,NA,NA,NA
Wapitisaurus__wmmcmm_z_trans,0.018915838740673898,-0.004786313555263608,0.020562587982969723,NA,NA,NA
Wapitisaurus__wetmon_z_trans,-0.004134930236100997,-0.007335341218991348,0.01734124742425818,NA,NA,NA
Wapitisaurus__drymon_z_trans,0.005194794341611222,-0.0015413191426014278,0.0066592392788425835,NA,NA,NA
Wapitisaurus__wetdry_z_trans,-0.002266384842077163,-0.008531818776016754,0.021046120774119596,NA,NA,NA
Wapitisaurus__time,-0.003759897861175433,-0.0024690942031880226,0.005790587658634638,NA,NA,NA
Weigeltisaurus__lat_range_z_trans,-0.33536843948066236,-0.0032176888316747935,-0.0025099656603667416,0.20184850036715943,0.025984064675867558,0.3109070744831115
Weigeltisaurus__Temperate_N,-0.5748953838367015,-0.007107220207548682,0.0020589545582327382,NA,NA,NA
Weigeltisaurus__Tropical,0.20769155479065377,-0.00035130773743799313,0.010516310641627441,NA,NA,NA
Weigeltisaurus__Temperate_S,0.4227161553688347,0.0008484208553309059,0.012971152474094479,NA,NA,NA
Weigeltisaurus__Antarctic,0.06873223526636138,-3.527376915665537e-05,0.002810726790954076,NA,NA,NA
Weigeltisaurus__mat_z_trans,-0.8387900121416897,-0.01607960396385883,0.03280127759054297,NA,NA,NA
Weigeltisaurus__map_z_trans,0.22130220007384196,-0.0009656358925907674,0.012516310345659637,NA,NA,NA
Weigeltisaurus__wmm_z_trans,0.2535826869402081,-0.009081283497078225,0.032594702328624214,NA,NA,NA
Weigeltisaurus__cmm_z_trans,0.26626978095853704,-0.009823621176799592,0.035161360047410176,NA,NA,NA
Weigeltisaurus__wmmcmm_z_trans,0.1799811658845283,-0.00441537394029259,0.03278018801324992,NA,NA,NA
Weigeltisaurus__wetmon_z_trans,0.025092006821068935,-0.001916528897447211,0.007898948276784652,NA,NA,NA
Weigeltisaurus__drymon_z_trans,0.14185264926520177,-0.0033127851772067726,0.014560625137562188,NA,NA,NA
Weigeltisaurus__wetdry_z_trans,-0.06477396690053866,-0.00448409350995679,0.019167414226124627,NA,NA,NA
Weigeltisaurus__time,0.02099065638376487,-0.001288913333595285,0.0060587516496351124,NA,NA,NA
Whitakersaurus__lat_range_z_trans,0.04795744709991894,0.001236195419096392,0.010196484707477055,1.0696462932892428,0.15738261118531227,2.168377353809774
Whitakersaurus__Temperate_N,0.06375798885408882,-2.8558152640015085e-05,0.01646599652159804,NA,NA,NA
Whitakersaurus__Tropical,-0.045675947143063576,-0.006848144410315473,0.005680759349807016,NA,NA,NA
Whitakersaurus__Temperate_S,0.0742523800236563,0.0008425809721908851,0.017640543704199124,NA,NA,NA
Whitakersaurus__Antarctic,0.006172271573935074,-0.0002592186491209723,0.0026548314469560085,NA,NA,NA
Whitakersaurus__mat_z_trans,0.012682520624650648,-0.01142595713271712,0.03242260992754253,NA,NA,NA
Whitakersaurus__map_z_trans,-0.04108733793951724,-0.0065317723615717655,0.004711790430217045,NA,NA,NA
Whitakersaurus__wmm_z_trans,-0.07883625671735212,-0.014896289587312844,0.015215636674849467,NA,NA,NA
Whitakersaurus__cmm_z_trans,-0.0325903867634085,-0.006606240502120812,0.014362599129238846,NA,NA,NA
Whitakersaurus__wmmcmm_z_trans,0.020563689400673747,-0.002350572573168051,0.01919603474557995,NA,NA,NA
Whitakersaurus__wetmon_z_trans,0.04009215112815773,-0.0031985412629852686,0.028896014023290725,NA,NA,NA
Whitakersaurus__drymon_z_trans,0.005011598955009774,-0.0008946447396676846,0.004913599143197824,NA,NA,NA
Whitakersaurus__wetdry_z_trans,0.034567135838608765,-0.005406823042591774,0.02544287706001308,NA,NA,NA
Whitakersaurus__time,0.028884626440550492,-0.0048629230563887755,0.021586979556168777,NA,NA,NA
Xenodiphyodon__lat_range_z_trans,0.08804565998695144,0.0016360066281232127,0.014700112891831173,0.737641929637175,0.25438315235078335,1.6104962937533855
Xenodiphyodon__Temperate_N,0.13629184733764485,0.0017388994121721882,0.024434528796827455,NA,NA,NA
Xenodiphyodon__Tropical,-0.19267956644730277,-0.01338703340227257,0.0030992753216793215,NA,NA,NA
Xenodiphyodon__Temperate_S,0.14765934910719725,0.002026179456977397,0.02740903842268321,NA,NA,NA
Xenodiphyodon__Antarctic,0.023243927453205613,0.00013581373844248404,0.0049277471735066575,NA,NA,NA
Xenodiphyodon__mat_z_trans,0.011331576873823723,-0.005256761372645451,0.02639550617344245,NA,NA,NA
Xenodiphyodon__map_z_trans,-0.11379512130255062,-0.012227033653402799,0.010895953583142246,NA,NA,NA
Xenodiphyodon__wmm_z_trans,-0.052970906194790154,-0.007840164202456007,0.013296480625618437,NA,NA,NA
Xenodiphyodon__cmm_z_trans,-0.046630370957830014,-0.007063122108489473,0.011029745742139954,NA,NA,NA
Xenodiphyodon__wmmcmm_z_trans,-0.011550468233339438,-0.004794735566215233,0.009244711755873145,NA,NA,NA
Xenodiphyodon__wetmon_z_trans,0.053066866819642025,-0.0044519574620328645,0.02799036659054818,NA,NA,NA
Xenodiphyodon__drymon_z_trans,0.005162561863017945,-0.0033360495400804433,0.010028302470322234,NA,NA,NA
Xenodiphyodon__wetdry_z_trans,0.05898422571669083,-0.0077429300466807325,0.0291822521941287,NA,NA,NA
Xenodiphyodon__time,0.029592299353548193,-0.0006680209607529807,0.006752734678392331,NA,NA,NA
Xilousuchus__lat_range_z_trans,0.02917281271551436,0.0016765712810918397,0.010851218590864792,2.1766818473909186,1.2518271952867508,3.564426012337208
Xilousuchus__Temperate_N,-0.06555855044860429,-0.013514747934288975,-0.000613396317439247,NA,NA,NA
Xilousuchus__Tropical,0.023993313725176733,-0.001737486281479159,0.013938482183661489,NA,NA,NA
Xilousuchus__Temperate_S,0.04360573359172071,0.001611077398477772,0.017550699305103095,NA,NA,NA
Xilousuchus__Antarctic,0.0018189623631741521,-0.00044022019963834867,0.0019662681525077328,NA,NA,NA
Xilousuchus__mat_z_trans,-0.0021733695980419103,-0.009554426825408378,0.02479257294690765,NA,NA,NA
Xilousuchus__map_z_trans,0.05302966216234657,-0.002344843599566952,0.030492105894121248,NA,NA,NA
Xilousuchus__wmm_z_trans,0.02745191780953997,-0.003145076009408237,0.020819126705360694,NA,NA,NA
Xilousuchus__cmm_z_trans,0.033266297687710444,-0.0041656198395414465,0.03537333428268805,NA,NA,NA
Xilousuchus__wmmcmm_z_trans,0.010523855797048292,-0.004945875897505855,0.017630734917799464,NA,NA,NA
Xilousuchus__wetmon_z_trans,-0.013298178194678835,-0.010290243817531698,0.014712761228956326,NA,NA,NA
Xilousuchus__drymon_z_trans,0.005309988360972986,-0.0009931125815557033,0.0073214695390902895,NA,NA,NA
Xilousuchus__wetdry_z_trans,-0.008510203970270422,-0.010293192356554116,0.020314686879530964,NA,NA,NA
Xilousuchus__time,-0.0028803606256998892,-0.003093712416404019,0.004236692110982953,NA,NA,NA
Xingxiulong__lat_range_z_trans,0.052008048647578124,0.001600046939548955,0.01103860584501337,0.9737578368904292,0.5875700861215591,1.493650644668378
Xingxiulong__Temperate_N,-0.060232918251690325,-0.007743521963472137,0.003066695873745197,NA,NA,NA
Xingxiulong__Tropical,0.056052588981120775,-0.00022362769338098466,0.015787396548580225,NA,NA,NA
Xingxiulong__Temperate_S,0.08117975052363641,0.0010672847753290342,0.02207782787148731,NA,NA,NA
Xingxiulong__Antarctic,0.007640611907977656,-0.0002387955505999956,0.002326936170115365,NA,NA,NA
Xingxiulong__mat_z_trans,0.02765376578944285,-0.007236791976485637,0.0364515448948866,NA,NA,NA
Xingxiulong__map_z_trans,-0.045459458531644195,-0.00722612593755886,0.0046062139042316675,NA,NA,NA
Xingxiulong__wmm_z_trans,-0.08977859072642168,-0.014519582494263349,0.022959471914489694,NA,NA,NA
Xingxiulong__cmm_z_trans,-0.02554188141387235,-0.006053296454290933,0.012660942421912284,NA,NA,NA
Xingxiulong__wmmcmm_z_trans,0.026924597864521026,-0.002645029701512954,0.01517578733304896,NA,NA,NA
Xingxiulong__wetmon_z_trans,0.035611545357091406,-0.005471860993666339,0.02259565248268629,NA,NA,NA
Xingxiulong__drymon_z_trans,0.0076036272432171235,-0.0005644683248369545,0.003642209916054854,NA,NA,NA
Xingxiulong__wetdry_z_trans,0.036779570324938136,-0.00578152823514714,0.02520561705798649,NA,NA,NA
Xingxiulong__time,0.025310623660013885,-0.006193611468975981,0.02179185418589719,NA,NA,NA
Yarasuchus__lat_range_z_trans,0.025037975073818063,0.0017206820906167186,0.011346349801078764,2.440902634600934,0.16145680844783783,5.604935571551323
Yarasuchus__Temperate_N,0.03559683420769333,0.0011838100646163574,0.016463106142648967,NA,NA,NA
Yarasuchus__Tropical,0.020751307911827086,-0.0009743691891222928,0.0137669858840105,NA,NA,NA
Yarasuchus__Temperate_S,-0.059582807000791486,-0.016124051085107265,-0.0032314268629819003,NA,NA,NA
Yarasuchus__Antarctic,-2.5794533302203248e-05,-0.0012072579887141542,0.0025798869828604493,NA,NA,NA
Yarasuchus__mat_z_trans,0.012226542612824761,-0.0060959939764997665,0.028414870839378412,NA,NA,NA
Yarasuchus__map_z_trans,0.04550339363214719,-0.00211545092591175,0.028863807092628268,NA,NA,NA
Yarasuchus__wmm_z_trans,0.02853045351144773,-0.00255596881114753,0.021249926977092486,NA,NA,NA
Yarasuchus__cmm_z_trans,0.029799838676249513,-0.004723562849613015,0.035162535130473654,NA,NA,NA
Yarasuchus__wmmcmm_z_trans,0.013922389376104691,-0.00354063452020052,0.020263275209141684,NA,NA,NA
Yarasuchus__wetmon_z_trans,-0.01009038759642383,-0.012147868138775293,0.013988062770378545,NA,NA,NA
Yarasuchus__drymon_z_trans,0.004576671710034215,-0.0013194894188486186,0.005598634635446388,NA,NA,NA
Yarasuchus__wetdry_z_trans,-0.009380551585644532,-0.01027136909319583,0.021164584912852637,NA,NA,NA
Yarasuchus__time,-0.0011139846200756626,-0.003059385237410317,0.0037561569051266504,NA,NA,NA
Yimenosaurus__lat_range_z_trans,0.052008048647578124,0.001600046939548955,0.01103860584501337,0.9737578368904292,0.5875700861215591,1.493650644668378
Yimenosaurus__Temperate_N,-0.060232918251690325,-0.007743521963472137,0.003066695873745197,NA,NA,NA
Yimenosaurus__Tropical,0.056052588981120775,-0.00022362769338098466,0.015787396548580225,NA,NA,NA
Yimenosaurus__Temperate_S,0.08117975052363641,0.0010672847753290342,0.02207782787148731,NA,NA,NA
Yimenosaurus__Antarctic,0.007640611907977656,-0.0002387955505999956,0.002326936170115365,NA,NA,NA
Yimenosaurus__mat_z_trans,0.02765376578944285,-0.007236791976485637,0.0364515448948866,NA,NA,NA
Yimenosaurus__map_z_trans,-0.045459458531644195,-0.00722612593755886,0.0046062139042316675,NA,NA,NA
Yimenosaurus__wmm_z_trans,-0.08977859072642168,-0.014519582494263349,0.022959471914489694,NA,NA,NA
Yimenosaurus__cmm_z_trans,-0.02554188141387235,-0.006053296454290933,0.012660942421912284,NA,NA,NA
Yimenosaurus__wmmcmm_z_trans,0.026924597864521026,-0.002645029701512954,0.01517578733304896,NA,NA,NA
Yimenosaurus__wetmon_z_trans,0.035611545357091406,-0.005471860993666339,0.02259565248268629,NA,NA,NA
Yimenosaurus__drymon_z_trans,0.0076036272432171235,-0.0005644683248369545,0.003642209916054854,NA,NA,NA
Yimenosaurus__wetdry_z_trans,0.036779570324938136,-0.00578152823514714,0.02520561705798649,NA,NA,NA
Yimenosaurus__time,0.025310623660013885,-0.006193611468975981,0.02179185418589719,NA,NA,NA
Youngetta__lat_range_z_trans,0.024344521823567264,0.0022231815741524824,0.012106487994420486,2.749767784093856,1.3374657034873962,4.053047463297844
Youngetta__Temperate_N,-0.05660549698307512,-0.013078739251520328,-0.007254248088166335,NA,NA,NA
Youngetta__Tropical,0.0159045582151902,-0.0014487231337656605,0.013957471862304654,NA,NA,NA
Youngetta__Temperate_S,0.03524352030694688,0.0014292441890764414,0.017147457187535523,NA,NA,NA
Youngetta__Antarctic,0.000457357063827579,-0.0005820665203471682,0.0018876174643091058,NA,NA,NA
Youngetta__mat_z_trans,0.001323351491788247,-0.010972926299893849,0.023800870506931682,NA,NA,NA
Youngetta__map_z_trans,0.04060802203655958,-0.0023699625370936198,0.029104120137498395,NA,NA,NA
Youngetta__wmm_z_trans,0.023299667519177062,-0.005885292628328219,0.019986362038454664,NA,NA,NA
Youngetta__cmm_z_trans,0.03722695975899567,-0.005881737575532199,0.03725083419802262,NA,NA,NA
Youngetta__wmmcmm_z_trans,0.018915838740673898,-0.004786313555263608,0.020562587982969723,NA,NA,NA
Youngetta__wetmon_z_trans,-0.004134930236100997,-0.007335341218991348,0.01734124742425818,NA,NA,NA
Youngetta__drymon_z_trans,0.005194794341611222,-0.0015413191426014278,0.0066592392788425835,NA,NA,NA
Youngetta__wetdry_z_trans,-0.002266384842077163,-0.008531818776016754,0.021046120774119596,NA,NA,NA
Youngetta__time,-0.003759897861175433,-0.0024690942031880226,0.005790587658634638,NA,NA,NA
Youngina__lat_range_z_trans,-0.4498927365243435,-0.004053000426925921,-0.0033225395258307195,0.23096501487438217,0.013900075107812881,0.5046826004981995
Youngina__Temperate_N,0.37944324519485234,0.0006413954582290855,0.013276830099238733,NA,NA,NA
Youngina__Tropical,0.23163860574364661,-0.00033098130533910794,0.011992178993701861,NA,NA,NA
Youngina__Temperate_S,-0.5601267612911761,-0.007110913879323353,-0.0001771799525247544,NA,NA,NA
Youngina__Antarctic,0.06718071767129004,-0.00010077187929184337,0.003173746476642087,NA,NA,NA
Youngina__mat_z_trans,-0.8216216566041112,-0.018984497668446808,0.023480762552149127,NA,NA,NA
Youngina__map_z_trans,0.2004729173798114,-0.0005847512010082996,0.010724273549612645,NA,NA,NA
Youngina__wmm_z_trans,0.40281759181991217,-0.008598899876235303,0.034806726776879765,NA,NA,NA
Youngina__cmm_z_trans,0.2976691088359803,-0.008312384563703116,0.0412741011541658,NA,NA,NA
Youngina__wmmcmm_z_trans,0.18952696088235826,-0.004375186949691957,0.03115031970490047,NA,NA,NA
Youngina__wetmon_z_trans,0.030353173660114408,-0.001958591527729566,0.009355718525984824,NA,NA,NA
Youngina__drymon_z_trans,0.11138661216362379,-0.0027087543937816027,0.019452457131986817,NA,NA,NA
Youngina__wetdry_z_trans,-0.07292694025090896,-0.003671383336356445,0.015840681005592168,NA,NA,NA
Youngina__time,0.019022029541956725,-0.0010821875297090393,0.008358679927636663,NA,NA,NA
Youngosuchus__lat_range_z_trans,0.033242840157727646,0.002299937542617555,0.011937757640285384,1.7822619681364267,0.8854637742042542,2.780235250480473
Youngosuchus__Temperate_N,-0.057391159662063436,-0.014814191857346445,0.004466309080082753,NA,NA,NA
Youngosuchus__Tropical,0.03878504062915349,0.0011845872426763562,0.01698547834597718,NA,NA,NA
Youngosuchus__Temperate_S,0.052527248240302714,0.0026867967606795896,0.021387337521801518,NA,NA,NA
Youngosuchus__Antarctic,0.0025163356428363664,-0.0004414211040083156,0.002647042937748201,NA,NA,NA
Youngosuchus__mat_z_trans,0.0021703239854863055,-0.003976995440015361,0.016382242743393522,NA,NA,NA
Youngosuchus__map_z_trans,0.07084171135538292,-0.0023236982083283068,0.04011754241358525,NA,NA,NA
Youngosuchus__wmm_z_trans,0.028737639540187928,-0.0035799958100063054,0.021047141276745698,NA,NA,NA
Youngosuchus__cmm_z_trans,0.009078574867306982,-0.004037386485304823,0.012096118254049383,NA,NA,NA
Youngosuchus__wmmcmm_z_trans,-0.007282379793580094,-0.00638019198297812,0.006596659182991042,NA,NA,NA
Youngosuchus__wetmon_z_trans,-0.022042448572556477,-0.014674405179828058,0.022167003943368083,NA,NA,NA
Youngosuchus__drymon_z_trans,0.0042340659274014555,-0.0010639146723180166,0.004449643597318504,NA,NA,NA
Youngosuchus__wetdry_z_trans,-0.02134034445675482,-0.014429764568420978,0.035117893715439844,NA,NA,NA
Youngosuchus__time,0.0016744335150778384,-0.0016802653167320527,0.003988585767349157,NA,NA,NA
Yunnanosaurus__lat_range_z_trans,0.052008048647578124,0.001600046939548955,0.01103860584501337,0.9737578368904292,0.5875700861215591,1.493650644668378
Yunnanosaurus__Temperate_N,-0.060232918251690325,-0.007743521963472137,0.003066695873745197,NA,NA,NA
Yunnanosaurus__Tropical,0.056052588981120775,-0.00022362769338098466,0.015787396548580225,NA,NA,NA
Yunnanosaurus__Temperate_S,0.08117975052363641,0.0010672847753290342,0.02207782787148731,NA,NA,NA
Yunnanosaurus__Antarctic,0.007640611907977656,-0.0002387955505999956,0.002326936170115365,NA,NA,NA
Yunnanosaurus__mat_z_trans,0.02765376578944285,-0.007236791976485637,0.0364515448948866,NA,NA,NA
Yunnanosaurus__map_z_trans,-0.045459458531644195,-0.00722612593755886,0.0046062139042316675,NA,NA,NA
Yunnanosaurus__wmm_z_trans,-0.08977859072642168,-0.014519582494263349,0.022959471914489694,NA,NA,NA
Yunnanosaurus__cmm_z_trans,-0.02554188141387235,-0.006053296454290933,0.012660942421912284,NA,NA,NA
Yunnanosaurus__wmmcmm_z_trans,0.026924597864521026,-0.002645029701512954,0.01517578733304896,NA,NA,NA
Yunnanosaurus__wetmon_z_trans,0.035611545357091406,-0.005471860993666339,0.02259565248268629,NA,NA,NA
Yunnanosaurus__drymon_z_trans,0.0076036272432171235,-0.0005644683248369545,0.003642209916054854,NA,NA,NA
Yunnanosaurus__wetdry_z_trans,0.036779570324938136,-0.00578152823514714,0.02520561705798649,NA,NA,NA
Yunnanosaurus__time,0.025310623660013885,-0.006193611468975981,0.02179185418589719,NA,NA,NA
Zanclodon__lat_range_z_trans,-1.0185792380571366,-0.021648086564266335,-0.030395054599172255,0.21086610118873067,0.04756190022453666,0.43073232006281614
Zanclodon__Temperate_N,-0.2575398670556024,-0.008236003976715001,0.0009980590462179255,NA,NA,NA
Zanclodon__Tropical,0.18282762289745733,-4.4093393042551264e-05,0.0160032365296637,NA,NA,NA
Zanclodon__Temperate_S,0.34489153141155837,0.0017078963243054772,0.023992445250935846,NA,NA,NA
Zanclodon__Antarctic,0.021722892582183705,-0.00041161302695136114,0.002898881615246974,NA,NA,NA
Zanclodon__mat_z_trans,0.12013282533793244,-0.00219446332576201,0.030282331083084868,NA,NA,NA
Zanclodon__map_z_trans,0.28084355425729884,-0.002472261230083338,0.03916618352359277,NA,NA,NA
Zanclodon__wmm_z_trans,0.17821940516878385,-0.0009105522771042666,0.02509677979460398,NA,NA,NA
Zanclodon__cmm_z_trans,0.14711953581921988,-0.002398143494689256,0.021651407240547007,NA,NA,NA
Zanclodon__wmmcmm_z_trans,0.06952374074724503,-0.0032273087792957416,0.017784742819195124,NA,NA,NA
Zanclodon__wetmon_z_trans,-0.04138602514751256,-0.009413300449812817,0.028124493884600345,NA,NA,NA
Zanclodon__drymon_z_trans,0.029154910413053584,-0.0007857551458423345,0.004648685705173116,NA,NA,NA
Zanclodon__wetdry_z_trans,-0.041881441574078054,-0.010762214591745008,0.033264744528668684,NA,NA,NA
Zanclodon__time,0.037938232882879674,-0.00043500914830873566,0.005869819997777416,NA,NA,NA
Zhongjiania__lat_range_z_trans,0.10136061667686695,0.0007345372017479321,0.008478369046241049,0.6978504061244893,0.0897243544459343,1.8241144120693207
Zhongjiania__Temperate_N,-0.24814944374659495,-0.007145289079707887,0.002095468776005976,NA,NA,NA
Zhongjiania__Tropical,0.07974406778930318,-0.0004027673859683672,0.010384418733565787,NA,NA,NA
Zhongjiania__Temperate_S,0.15441268424690685,0.0007968692086598872,0.014310262391947085,NA,NA,NA
Zhongjiania__Antarctic,0.02552145154786189,-0.00012159582859476395,0.002915762655265696,NA,NA,NA
Zhongjiania__mat_z_trans,-0.23359508905448265,-0.01327118891968666,0.0273208875004619,NA,NA,NA
Zhongjiania__map_z_trans,0.04241006547576128,-0.0010002731122035092,0.009424994360817916,NA,NA,NA
Zhongjiania__wmm_z_trans,0.04828047508897879,-0.006685617117710659,0.0292526767411917,NA,NA,NA
Zhongjiania__cmm_z_trans,0.13142940637170333,-0.009424541780191349,0.03578009879690831,NA,NA,NA
Zhongjiania__wmmcmm_z_trans,0.06822484230835228,-0.007831676912896761,0.030830652204363557,NA,NA,NA
Zhongjiania__wetmon_z_trans,-0.008165295087146068,-0.002766839920923434,0.005312284453139996,NA,NA,NA
Zhongjiania__drymon_z_trans,0.021672473277046387,-0.007510055116156176,0.015276873161948167,NA,NA,NA
Zhongjiania__wetdry_z_trans,-0.036379623190728586,-0.004761946448674914,0.020798706584363637,NA,NA,NA
Zhongjiania__time,-0.011014750327919818,-0.001840523867006617,0.00720530101391473,NA,NA,NA
Zupaysaurus__lat_range_z_trans,0.26679285153746607,0.0009643812299854522,0.009776100443790256,0.22183375817519846,0.019466659054160118,1.0581186804920435
Zupaysaurus__Temperate_N,0.3498883404841763,-9.053705423836402e-07,0.01721704278256393,NA,NA,NA
Zupaysaurus__Tropical,0.30893572566099464,0.0003607708780470749,0.016011621833363278,NA,NA,NA
Zupaysaurus__Temperate_S,-0.580945608294569,-0.00938617637743063,-0.0005539007342280339,NA,NA,NA
Zupaysaurus__Antarctic,0.07417856520973146,8.945504256078766e-05,0.0036328855192325395,NA,NA,NA
Zupaysaurus__mat_z_trans,0.15122282318770885,-0.007413975381708738,0.03609762444876571,NA,NA,NA
Zupaysaurus__map_z_trans,-0.36210582210682335,-0.007673673193775274,0.005509157358628707,NA,NA,NA
Zupaysaurus__wmm_z_trans,-0.2261601502308622,-0.005952314664054008,0.011207392849297898,NA,NA,NA
Zupaysaurus__cmm_z_trans,-0.44901359000476077,-0.012168607230873136,0.01913171961323986,NA,NA,NA
Zupaysaurus__wmmcmm_z_trans,-0.15956001318991184,-0.007227853554881957,0.018350292096270288,NA,NA,NA
Zupaysaurus__wetmon_z_trans,0.24250770970247687,-0.004323673162636884,0.03535039905075122,NA,NA,NA
Zupaysaurus__drymon_z_trans,0.041079703466966745,-0.0013724883043993448,0.006498213783797597,NA,NA,NA
Zupaysaurus__wetdry_z_trans,0.20705464750528335,-0.0055799605774019614,0.031004852215182788,NA,NA,NA
Zupaysaurus__time,0.14555326238507404,-0.001545888412202274,0.010153355159479458,NA,NA,NA
