"age","L_mean","L_hpd_m95","L_hpd_M95","M_mean","M_hpd_m95","M_hpd_M95","R_mean","R_hpd_m95","R_hpd_M95"
-175,NA,NA,NA,NA,NA,NA,NA,NA,NA
-175,NA,NA,NA,NA,NA,NA,NA,NA,NA
-175.00001,NA,NA,NA,NA,NA,NA,NA,NA,NA
-175.12405943083,NA,NA,NA,NA,NA,NA,NA,NA,NA
-175.12406943083,NA,NA,NA,NA,NA,NA,NA,NA,NA
-175.24811886166,NA,NA,NA,NA,NA,NA,NA,NA,NA
-175.24812886166,NA,NA,NA,NA,NA,NA,NA,NA,NA
-175.372178292489,NA,NA,NA,NA,NA,NA,NA,NA,NA
-175.372188292489,NA,NA,NA,NA,NA,NA,NA,NA,NA
-175.496237723319,NA,NA,NA,NA,NA,NA,NA,NA,NA
-175.496247723319,NA,NA,NA,NA,NA,NA,NA,NA,NA
-175.620297154149,NA,NA,NA,NA,NA,NA,NA,NA,NA
-175.620307154149,NA,NA,NA,NA,NA,NA,NA,NA,NA
-175.744356584979,NA,NA,NA,NA,NA,NA,NA,NA,NA
-175.744366584979,NA,NA,NA,NA,NA,NA,NA,NA,NA
-175.868416015808,NA,NA,NA,NA,NA,NA,NA,NA,NA
-175.868426015808,NA,NA,NA,NA,NA,NA,NA,NA,NA
-175.992475446638,NA,NA,NA,NA,NA,NA,NA,NA,NA
-175.992485446638,NA,NA,NA,NA,NA,NA,NA,NA,NA
-176.116534877468,NA,NA,NA,NA,NA,NA,NA,NA,NA
-176.116544877468,NA,NA,NA,NA,NA,NA,NA,NA,NA
-176.240594308298,NA,NA,NA,NA,NA,NA,NA,NA,NA
-176.240604308298,NA,NA,NA,NA,NA,NA,NA,NA,NA
-176.364653739127,NA,NA,NA,NA,NA,NA,NA,NA,NA
-176.364663739127,NA,NA,NA,NA,NA,NA,NA,NA,NA
-176.488713169957,NA,NA,NA,NA,NA,NA,NA,NA,NA
-176.488723169957,NA,NA,NA,NA,NA,NA,NA,NA,NA
-176.612772600787,NA,NA,NA,NA,NA,NA,NA,NA,NA
-176.612782600787,NA,NA,NA,NA,NA,NA,NA,NA,NA
-176.736832031617,NA,NA,NA,NA,NA,NA,NA,NA,NA
-176.736842031617,NA,NA,NA,NA,NA,NA,NA,NA,NA
-176.860891462446,NA,NA,NA,NA,NA,NA,NA,NA,NA
-176.860901462446,NA,NA,NA,NA,NA,NA,NA,NA,NA
-176.984950893276,NA,NA,NA,NA,NA,NA,NA,NA,NA
-176.984960893276,NA,NA,NA,NA,NA,NA,NA,NA,NA
-177.109010324106,NA,NA,NA,NA,NA,NA,NA,NA,NA
-177.109020324106,NA,NA,NA,NA,NA,NA,NA,NA,NA
-177.233069754936,NA,NA,NA,NA,NA,NA,NA,NA,NA
-177.233079754936,NA,NA,NA,NA,NA,NA,NA,NA,NA
-177.357129185765,NA,NA,NA,NA,NA,NA,NA,NA,NA
-177.357139185765,NA,NA,NA,NA,NA,NA,NA,NA,NA
-177.481188616595,NA,NA,NA,NA,NA,NA,NA,NA,NA
-177.481198616595,NA,NA,NA,NA,NA,NA,NA,NA,NA
-177.605248047425,NA,NA,NA,NA,NA,NA,NA,NA,NA
-177.605258047425,NA,NA,NA,NA,NA,NA,NA,NA,NA
-177.729307478255,NA,NA,NA,NA,NA,NA,NA,NA,NA
-177.729317478255,NA,NA,NA,NA,NA,NA,NA,NA,NA
-177.853366909084,NA,NA,NA,NA,NA,NA,NA,NA,NA
-177.853376909084,NA,NA,NA,NA,NA,NA,NA,NA,NA
-177.977426339914,NA,NA,NA,NA,NA,NA,NA,NA,NA
-177.977436339914,NA,NA,NA,NA,NA,NA,NA,NA,NA
-178.101485770744,NA,NA,NA,NA,NA,NA,NA,NA,NA
-178.101495770744,NA,NA,NA,NA,NA,NA,NA,NA,NA
-178.225545201574,NA,NA,NA,NA,NA,NA,NA,NA,NA
-178.225555201574,NA,NA,NA,NA,NA,NA,NA,NA,NA
-178.349604632403,NA,NA,NA,NA,NA,NA,NA,NA,NA
-178.349614632403,NA,NA,NA,NA,NA,NA,NA,NA,NA
-178.473664063233,NA,NA,NA,NA,NA,NA,NA,NA,NA
-178.473674063233,NA,NA,NA,NA,NA,NA,NA,NA,NA
-178.597723494063,NA,NA,NA,NA,NA,NA,NA,NA,NA
-178.597733494063,NA,NA,NA,NA,NA,NA,NA,NA,NA
-178.721782924893,NA,NA,NA,NA,NA,NA,NA,NA,NA
-178.721792924893,NA,NA,NA,NA,NA,NA,NA,NA,NA
-178.845842355722,NA,NA,NA,NA,NA,NA,NA,NA,NA
-178.845852355722,NA,NA,NA,NA,NA,NA,NA,NA,NA
-178.969901786552,NA,NA,NA,NA,NA,NA,NA,NA,NA
-178.969911786552,NA,NA,NA,NA,NA,NA,NA,NA,NA
-179.093961217382,NA,NA,NA,NA,NA,NA,NA,NA,NA
-179.093971217382,NA,NA,NA,NA,NA,NA,NA,NA,NA
-179.218020648212,NA,NA,NA,NA,NA,NA,NA,NA,NA
-179.218030648212,NA,NA,NA,NA,NA,NA,NA,NA,NA
-179.342080079041,NA,NA,NA,NA,NA,NA,NA,NA,NA
-179.342090079041,NA,NA,NA,NA,NA,NA,NA,NA,NA
-179.466139509871,NA,NA,NA,NA,NA,NA,NA,NA,NA
-179.466149509871,NA,NA,NA,NA,NA,NA,NA,NA,NA
-179.590198940701,NA,NA,NA,NA,NA,NA,NA,NA,NA
-179.590208940701,NA,NA,NA,NA,NA,NA,NA,NA,NA
-179.714258371531,NA,NA,NA,NA,NA,NA,NA,NA,NA
-179.714268371531,NA,NA,NA,NA,NA,NA,NA,NA,NA
-179.83831780236,NA,NA,NA,NA,NA,NA,NA,NA,NA
-179.83832780236,NA,NA,NA,NA,NA,NA,NA,NA,NA
-179.96237723319,NA,NA,NA,NA,NA,NA,NA,NA,NA
-179.96238723319,NA,NA,NA,NA,NA,NA,NA,NA,NA
-180.08643666402,NA,NA,NA,NA,NA,NA,NA,NA,NA
-180.08644666402,NA,NA,NA,NA,NA,NA,NA,NA,NA
-180.21049609485,NA,NA,NA,NA,NA,NA,NA,NA,NA
-180.21050609485,NA,NA,NA,NA,NA,NA,NA,NA,NA
-180.334555525679,NA,NA,NA,NA,NA,NA,NA,NA,NA
-180.334565525679,NA,NA,NA,NA,NA,NA,NA,NA,NA
-180.458614956509,NA,NA,NA,NA,NA,NA,NA,NA,NA
-180.458624956509,NA,NA,NA,NA,NA,NA,NA,NA,NA
-180.582674387339,NA,NA,NA,NA,NA,NA,NA,NA,NA
-180.582684387339,NA,NA,NA,NA,NA,NA,NA,NA,NA
-180.706733818169,NA,NA,NA,NA,NA,NA,NA,NA,NA
-180.706743818169,NA,NA,NA,NA,NA,NA,NA,NA,NA
-180.830793248999,NA,NA,NA,NA,NA,NA,NA,NA,NA
-180.830803248999,NA,NA,NA,NA,NA,NA,NA,NA,NA
-180.954852679828,NA,NA,NA,NA,NA,NA,NA,NA,NA
-180.954862679828,NA,NA,NA,NA,NA,NA,NA,NA,NA
-181.078912110658,NA,NA,NA,NA,NA,NA,NA,NA,NA
-181.078922110658,NA,NA,NA,NA,NA,NA,NA,NA,NA
-181.202971541488,NA,NA,NA,NA,NA,NA,NA,NA,NA
-181.202981541488,NA,NA,NA,NA,NA,NA,NA,NA,NA
-181.327030972318,NA,NA,NA,NA,NA,NA,NA,NA,NA
-181.327040972318,NA,NA,NA,NA,NA,NA,NA,NA,NA
-181.451090403147,NA,NA,NA,NA,NA,NA,NA,NA,NA
-181.451100403147,NA,NA,NA,NA,NA,NA,NA,NA,NA
-181.575149833977,NA,NA,NA,NA,NA,NA,NA,NA,NA
-181.575159833977,NA,NA,NA,NA,NA,NA,NA,NA,NA
-181.699209264807,NA,NA,NA,NA,NA,NA,NA,NA,NA
-181.699219264807,NA,NA,NA,NA,NA,NA,NA,NA,NA
-181.823268695637,NA,NA,NA,NA,NA,NA,NA,NA,NA
-181.823278695637,NA,NA,NA,NA,NA,NA,NA,NA,NA
-181.947328126466,NA,NA,NA,NA,NA,NA,NA,NA,NA
-181.947338126466,NA,NA,NA,NA,NA,NA,NA,NA,NA
-182.071387557296,NA,NA,NA,NA,NA,NA,NA,NA,NA
-182.071397557296,NA,NA,NA,NA,NA,NA,NA,NA,NA
-182.195446988126,NA,NA,NA,NA,NA,NA,NA,NA,NA
-182.195456988126,NA,NA,NA,NA,NA,NA,NA,NA,NA
-182.319506418956,NA,NA,NA,NA,NA,NA,NA,NA,NA
-182.319516418956,NA,NA,NA,NA,NA,NA,NA,NA,NA
-182.443565849785,NA,NA,NA,NA,NA,NA,NA,NA,NA
-182.443575849785,NA,NA,NA,NA,NA,NA,NA,NA,NA
-182.567625280615,NA,NA,NA,NA,NA,NA,NA,NA,NA
-182.567635280615,NA,NA,NA,NA,NA,NA,NA,NA,NA
-182.691684711445,NA,NA,NA,NA,NA,NA,NA,NA,NA
-182.691694711445,NA,NA,NA,NA,NA,NA,NA,NA,NA
-182.815744142275,NA,NA,NA,NA,NA,NA,NA,NA,NA
-182.815754142275,NA,NA,NA,NA,NA,NA,NA,NA,NA
-182.939803573104,NA,NA,NA,NA,NA,NA,NA,NA,NA
-182.939813573104,NA,NA,NA,NA,NA,NA,NA,NA,NA
-183.063863003934,NA,NA,NA,NA,NA,NA,NA,NA,NA
-183.063873003934,NA,NA,NA,NA,NA,NA,NA,NA,NA
-183.187922434764,NA,NA,NA,NA,NA,NA,NA,NA,NA
-183.187932434764,NA,NA,NA,NA,NA,NA,NA,NA,NA
-183.311981865594,NA,NA,NA,NA,NA,NA,NA,NA,NA
-183.311991865594,NA,NA,NA,NA,NA,NA,NA,NA,NA
-183.436041296423,NA,NA,NA,NA,NA,NA,NA,NA,NA
-183.436051296423,NA,NA,NA,NA,NA,NA,NA,NA,NA
-183.560100727253,NA,NA,NA,NA,NA,NA,NA,NA,NA
-183.560110727253,NA,NA,NA,NA,NA,NA,NA,NA,NA
-183.684160158083,NA,NA,NA,NA,NA,NA,NA,NA,NA
-183.684170158083,NA,NA,NA,NA,NA,NA,NA,NA,NA
-183.808219588913,NA,NA,NA,NA,NA,NA,NA,NA,NA
-183.808229588913,NA,NA,NA,NA,NA,NA,NA,NA,NA
-183.932279019742,NA,NA,NA,NA,NA,NA,NA,NA,NA
-183.932289019742,NA,NA,NA,NA,NA,NA,NA,NA,NA
-184.056338450572,NA,NA,NA,NA,NA,NA,NA,NA,NA
-184.056348450572,NA,NA,NA,NA,NA,NA,NA,NA,NA
-184.180397881402,NA,NA,NA,NA,NA,NA,NA,NA,NA
-184.180407881402,NA,NA,NA,NA,NA,NA,NA,NA,NA
-184.304457312232,NA,NA,NA,NA,NA,NA,NA,NA,NA
-184.304467312232,NA,NA,NA,NA,NA,NA,NA,NA,NA
-184.428516743061,NA,NA,NA,NA,NA,NA,NA,NA,NA
-184.428526743061,NA,NA,NA,NA,NA,NA,NA,NA,NA
-184.552576173891,NA,NA,NA,NA,NA,NA,NA,NA,NA
-184.552586173891,NA,NA,NA,NA,NA,NA,NA,NA,NA
-184.676635604721,NA,NA,NA,NA,NA,NA,NA,NA,NA
-184.676645604721,NA,NA,NA,NA,NA,NA,NA,NA,NA
-184.800695035551,NA,NA,NA,NA,NA,NA,NA,NA,NA
-184.800705035551,NA,NA,NA,NA,NA,NA,NA,NA,NA
-184.92475446638,NA,NA,NA,NA,NA,NA,NA,NA,NA
-184.92476446638,NA,NA,NA,NA,NA,NA,NA,NA,NA
-185.04881389721,NA,NA,NA,NA,NA,NA,NA,NA,NA
-185.04882389721,NA,NA,NA,NA,NA,NA,NA,NA,NA
-185.17287332804,NA,NA,NA,NA,NA,NA,NA,NA,NA
-185.17288332804,NA,NA,NA,NA,NA,NA,NA,NA,NA
-185.29693275887,NA,NA,NA,NA,NA,NA,NA,NA,NA
-185.29694275887,NA,NA,NA,NA,NA,NA,NA,NA,NA
-185.420992189699,NA,NA,NA,NA,NA,NA,NA,NA,NA
-185.421002189699,NA,NA,NA,NA,NA,NA,NA,NA,NA
-185.545051620529,NA,NA,NA,NA,NA,NA,NA,NA,NA
-185.545061620529,NA,NA,NA,NA,NA,NA,NA,NA,NA
-185.669111051359,NA,NA,NA,NA,NA,NA,NA,NA,NA
-185.669121051359,NA,NA,NA,NA,NA,NA,NA,NA,NA
-185.793170482189,NA,NA,NA,NA,NA,NA,NA,NA,NA
-185.793180482189,NA,NA,NA,NA,NA,NA,NA,NA,NA
-185.917229913019,NA,NA,NA,NA,NA,NA,NA,NA,NA
-185.917239913019,NA,NA,NA,NA,NA,NA,NA,NA,NA
-186.041289343848,NA,NA,NA,NA,NA,NA,NA,NA,NA
-186.041299343848,NA,NA,NA,NA,NA,NA,NA,NA,NA
-186.165348774678,NA,NA,NA,NA,NA,NA,NA,NA,NA
-186.165358774678,NA,NA,NA,NA,NA,NA,NA,NA,NA
-186.289408205508,NA,NA,NA,NA,NA,NA,NA,NA,NA
-186.289418205508,NA,NA,NA,NA,NA,NA,NA,NA,NA
-186.413467636338,NA,NA,NA,NA,NA,NA,NA,NA,NA
-186.413477636338,NA,NA,NA,NA,NA,NA,NA,NA,NA
-186.537527067167,NA,NA,NA,NA,NA,NA,NA,NA,NA
-186.537537067167,NA,NA,NA,NA,NA,NA,NA,NA,NA
-186.661586497997,NA,NA,NA,NA,NA,NA,NA,NA,NA
-186.661596497997,NA,NA,NA,NA,NA,NA,NA,NA,NA
-186.785645928827,NA,NA,NA,NA,NA,NA,NA,NA,NA
-186.785655928827,NA,NA,NA,NA,NA,NA,NA,NA,NA
-186.909705359657,NA,NA,NA,NA,NA,NA,NA,NA,NA
-186.909715359657,NA,NA,NA,NA,NA,NA,NA,NA,NA
-187.033764790486,NA,NA,NA,NA,NA,NA,NA,NA,NA
-187.033774790486,NA,NA,NA,NA,NA,NA,NA,NA,NA
-187.157824221316,NA,NA,NA,NA,NA,NA,NA,NA,NA
-187.157834221316,NA,NA,NA,NA,NA,NA,NA,NA,NA
-187.281883652146,NA,NA,NA,NA,NA,NA,NA,NA,NA
-187.281893652146,NA,NA,NA,NA,NA,NA,NA,NA,NA
-187.405943082976,NA,NA,NA,NA,NA,NA,NA,NA,NA
-187.405953082976,NA,NA,NA,NA,NA,NA,NA,NA,NA
-187.530002513805,NA,NA,NA,NA,NA,NA,NA,NA,NA
-187.530012513805,NA,NA,NA,NA,NA,NA,NA,NA,NA
-187.654061944635,NA,NA,NA,NA,NA,NA,NA,NA,NA
-187.654071944635,NA,NA,NA,NA,NA,NA,NA,NA,NA
-187.778121375465,NA,NA,NA,NA,NA,NA,NA,NA,NA
-187.778131375465,NA,NA,NA,NA,NA,NA,NA,NA,NA
-187.902180806295,NA,NA,NA,NA,NA,NA,NA,NA,NA
-187.902190806295,NA,NA,NA,NA,NA,NA,NA,NA,NA
-188.026240237124,NA,NA,NA,NA,NA,NA,NA,NA,NA
-188.026250237124,NA,NA,NA,NA,NA,NA,NA,NA,NA
-188.150299667954,NA,NA,NA,NA,NA,NA,NA,NA,NA
-188.150309667954,NA,NA,NA,NA,NA,NA,NA,NA,NA
-188.274359098784,NA,NA,NA,NA,NA,NA,NA,NA,NA
-188.274369098784,NA,NA,NA,NA,NA,NA,NA,NA,NA
-188.398418529614,NA,NA,NA,NA,NA,NA,NA,NA,NA
-188.398428529614,NA,NA,NA,NA,NA,NA,NA,NA,NA
-188.522477960443,NA,NA,NA,NA,NA,NA,NA,NA,NA
-188.522487960443,NA,NA,NA,NA,NA,NA,NA,NA,NA
-188.646537391273,NA,NA,NA,NA,NA,NA,NA,NA,NA
-188.646547391273,NA,NA,NA,NA,NA,NA,NA,NA,NA
-188.770596822103,NA,NA,NA,NA,NA,NA,NA,NA,NA
-188.770606822103,NA,NA,NA,NA,NA,NA,NA,NA,NA
-188.894656252933,NA,NA,NA,NA,NA,NA,NA,NA,NA
-188.894666252933,NA,NA,NA,NA,NA,NA,NA,NA,NA
-189.018715683762,NA,NA,NA,NA,NA,NA,NA,NA,NA
-189.018725683762,NA,NA,NA,NA,NA,NA,NA,NA,NA
-189.142775114592,NA,NA,NA,NA,NA,NA,NA,NA,NA
-189.142785114592,NA,NA,NA,NA,NA,NA,NA,NA,NA
-189.266834545422,NA,NA,NA,NA,NA,NA,NA,NA,NA
-189.266844545422,NA,NA,NA,NA,NA,NA,NA,NA,NA
-189.390893976252,NA,NA,NA,NA,NA,NA,NA,NA,NA
-189.390903976252,NA,NA,NA,NA,NA,NA,NA,NA,NA
-189.514953407081,NA,NA,NA,NA,NA,NA,NA,NA,NA
-189.514963407081,NA,NA,NA,NA,NA,NA,NA,NA,NA
-189.639012837911,NA,NA,NA,NA,NA,NA,NA,NA,NA
-189.639022837911,NA,NA,NA,NA,NA,NA,NA,NA,NA
-189.763072268741,NA,NA,NA,NA,NA,NA,NA,NA,NA
-189.763082268741,NA,NA,NA,NA,NA,NA,NA,NA,NA
-189.887131699571,NA,NA,NA,NA,NA,NA,NA,NA,NA
-189.887141699571,NA,NA,NA,NA,NA,NA,NA,NA,NA
-190.0111911304,NA,NA,NA,NA,NA,NA,NA,NA,NA
-190.0112011304,NA,NA,NA,NA,NA,NA,NA,NA,NA
-190.13525056123,NA,NA,NA,NA,NA,NA,NA,NA,NA
-190.13526056123,NA,NA,NA,NA,NA,NA,NA,NA,NA
-190.25930999206,NA,NA,NA,NA,NA,NA,NA,NA,NA
-190.25931999206,NA,NA,NA,NA,NA,NA,NA,NA,NA
-190.38336942289,NA,NA,NA,NA,NA,NA,NA,NA,NA
-190.38337942289,NA,NA,NA,NA,NA,NA,NA,NA,NA
-190.507428853719,NA,NA,NA,NA,NA,NA,NA,NA,NA
-190.507438853719,NA,NA,NA,NA,NA,NA,NA,NA,NA
-190.631488284549,NA,NA,NA,NA,NA,NA,NA,NA,NA
-190.631498284549,NA,NA,NA,NA,NA,NA,NA,NA,NA
-190.755547715379,NA,NA,NA,NA,NA,NA,NA,NA,NA
-190.755557715379,NA,NA,NA,NA,NA,NA,NA,NA,NA
-190.879607146209,NA,NA,NA,NA,NA,NA,NA,NA,NA
-190.879617146209,NA,NA,NA,NA,NA,NA,NA,NA,NA
-191.003666577038,NA,NA,NA,NA,NA,NA,NA,NA,NA
-191.003676577038,NA,NA,NA,NA,NA,NA,NA,NA,NA
-191.127726007868,NA,NA,NA,NA,NA,NA,NA,NA,NA
-191.127736007868,NA,NA,NA,NA,NA,NA,NA,NA,NA
-191.251785438698,NA,NA,NA,NA,NA,NA,NA,NA,NA
-191.251795438698,NA,NA,NA,NA,NA,NA,NA,NA,NA
-191.375844869528,NA,NA,NA,NA,NA,NA,NA,NA,NA
-191.375854869528,NA,NA,NA,NA,NA,NA,NA,NA,NA
-191.499904300357,NA,NA,NA,NA,NA,NA,NA,NA,NA
-191.499914300357,NA,NA,NA,NA,NA,NA,NA,NA,NA
-191.623963731187,NA,NA,NA,NA,NA,NA,NA,NA,NA
-191.623973731187,NA,NA,NA,NA,NA,NA,NA,NA,NA
-191.748023162017,NA,NA,NA,NA,NA,NA,NA,NA,NA
-191.748033162017,NA,NA,NA,NA,NA,NA,NA,NA,NA
-191.872082592847,NA,NA,NA,NA,NA,NA,NA,NA,NA
-191.872092592847,NA,NA,NA,NA,NA,NA,NA,NA,NA
-191.996142023676,NA,NA,NA,NA,NA,NA,NA,NA,NA
-191.996152023677,NA,NA,NA,NA,NA,NA,NA,NA,NA
-192.120201454506,NA,NA,NA,NA,NA,NA,NA,NA,NA
-192.120211454506,NA,NA,NA,NA,NA,NA,NA,NA,NA
-192.244260885336,NA,NA,NA,NA,NA,NA,NA,NA,NA
-192.244270885336,NA,NA,NA,NA,NA,NA,NA,NA,NA
-192.368320316166,NA,NA,NA,NA,NA,NA,NA,NA,NA
-192.368330316166,NA,NA,NA,NA,NA,NA,NA,NA,NA
-192.492379746996,NA,NA,NA,NA,NA,NA,NA,NA,NA
-192.492389746996,NA,NA,NA,NA,NA,NA,NA,NA,NA
-192.616439177825,NA,NA,NA,NA,NA,NA,NA,NA,NA
-192.616449177825,NA,NA,NA,NA,NA,NA,NA,NA,NA
-192.740498608655,NA,NA,NA,NA,NA,NA,NA,NA,NA
-192.740508608655,NA,NA,NA,NA,NA,NA,NA,NA,NA
-192.864558039485,NA,NA,NA,NA,NA,NA,NA,NA,NA
-192.864568039485,NA,NA,NA,NA,NA,NA,NA,NA,NA
-192.988617470315,NA,NA,NA,NA,NA,NA,NA,NA,NA
-192.988627470315,NA,NA,NA,NA,NA,NA,NA,NA,NA
-193.112676901144,NA,NA,NA,NA,NA,NA,NA,NA,NA
-193.112686901144,NA,NA,NA,NA,NA,NA,NA,NA,NA
-193.236736331974,NA,NA,NA,NA,NA,NA,NA,NA,NA
-193.236746331974,NA,NA,NA,NA,NA,NA,NA,NA,NA
-193.360795762804,NA,NA,NA,NA,NA,NA,NA,NA,NA
-193.360805762804,NA,NA,NA,NA,NA,NA,NA,NA,NA
-193.484855193634,NA,NA,NA,NA,NA,NA,NA,NA,NA
-193.484865193634,NA,NA,NA,NA,NA,NA,NA,NA,NA
-193.608914624463,NA,NA,NA,NA,NA,NA,NA,NA,NA
-193.608924624463,NA,NA,NA,NA,NA,NA,NA,NA,NA
-193.732974055293,NA,NA,NA,NA,NA,NA,NA,NA,NA
-193.732984055293,NA,NA,NA,NA,NA,NA,NA,NA,NA
-193.857033486123,NA,NA,NA,NA,NA,NA,NA,NA,NA
-193.857043486123,NA,NA,NA,NA,NA,NA,NA,NA,NA
-193.981092916953,NA,NA,NA,NA,NA,NA,NA,NA,NA
-193.981102916953,NA,NA,NA,NA,NA,NA,NA,NA,NA
-194.105152347782,NA,NA,NA,NA,NA,NA,NA,NA,NA
-194.105162347782,NA,NA,NA,NA,NA,NA,NA,NA,NA
-194.229211778612,NA,NA,NA,NA,NA,NA,NA,NA,NA
-194.229221778612,NA,NA,NA,NA,NA,NA,NA,NA,NA
-194.353271209442,NA,NA,NA,NA,NA,NA,NA,NA,NA
-194.353281209442,NA,NA,NA,NA,NA,NA,NA,NA,NA
-194.477330640272,NA,NA,NA,NA,NA,NA,NA,NA,NA
-194.477340640272,NA,NA,NA,NA,NA,NA,NA,NA,NA
-194.601390071101,NA,NA,NA,NA,NA,NA,NA,NA,NA
-194.601400071101,NA,NA,NA,NA,NA,NA,NA,NA,NA
-194.725449501931,NA,NA,NA,NA,NA,NA,NA,NA,NA
-194.725459501931,NA,NA,NA,NA,NA,NA,NA,NA,NA
-194.849508932761,NA,NA,NA,NA,NA,NA,NA,NA,NA
-194.849518932761,NA,NA,NA,NA,NA,NA,NA,NA,NA
-194.973568363591,NA,NA,NA,NA,NA,NA,NA,NA,NA
-194.973578363591,NA,NA,NA,NA,NA,NA,NA,NA,NA
-195.09762779442,NA,NA,NA,NA,NA,NA,NA,NA,NA
-195.09763779442,NA,NA,NA,NA,NA,NA,NA,NA,NA
-195.22168722525,NA,NA,NA,NA,NA,NA,NA,NA,NA
-195.22169722525,NA,NA,NA,NA,NA,NA,NA,NA,NA
-195.34574665608,NA,NA,NA,NA,NA,NA,NA,NA,NA
-195.34575665608,NA,NA,NA,NA,NA,NA,NA,NA,NA
-195.46980608691,NA,NA,NA,NA,NA,NA,NA,NA,NA
-195.46981608691,NA,NA,NA,NA,NA,NA,NA,NA,NA
-195.593865517739,NA,NA,NA,NA,NA,NA,NA,NA,NA
-195.593875517739,NA,NA,NA,NA,NA,NA,NA,NA,NA
-195.717924948569,NA,NA,NA,NA,NA,NA,NA,NA,NA
-195.717934948569,NA,NA,NA,NA,NA,NA,NA,NA,NA
-195.841984379399,NA,NA,NA,NA,NA,NA,NA,NA,NA
-195.841994379399,NA,NA,NA,NA,NA,NA,NA,NA,NA
-195.966043810229,NA,NA,NA,NA,NA,NA,NA,NA,NA
-195.966053810229,NA,NA,NA,NA,NA,NA,NA,NA,NA
-196.090103241058,NA,NA,NA,NA,NA,NA,NA,NA,NA
-196.090113241058,NA,NA,NA,NA,NA,NA,NA,NA,NA
-196.214162671888,NA,NA,NA,NA,NA,NA,NA,NA,NA
-196.214172671888,NA,NA,NA,NA,NA,NA,NA,NA,NA
-196.338222102718,NA,NA,NA,NA,NA,NA,NA,NA,NA
-196.338232102718,NA,NA,NA,NA,NA,NA,NA,NA,NA
-196.462281533548,NA,NA,NA,NA,NA,NA,NA,NA,NA
-196.462291533548,NA,NA,NA,NA,NA,NA,NA,NA,NA
-196.586340964377,NA,NA,NA,NA,NA,NA,NA,NA,NA
-196.586350964377,NA,NA,NA,NA,NA,NA,NA,NA,NA
-196.710400395207,NA,NA,NA,NA,NA,NA,NA,NA,NA
-196.710410395207,NA,NA,NA,NA,NA,NA,NA,NA,NA
-196.834459826037,NA,NA,NA,NA,NA,NA,NA,NA,NA
-196.834469826037,NA,NA,NA,NA,NA,NA,NA,NA,NA
-196.958519256867,NA,NA,NA,NA,NA,NA,NA,NA,NA
-196.958529256867,NA,NA,NA,NA,NA,NA,NA,NA,NA
-197.082578687696,NA,NA,NA,NA,NA,NA,NA,NA,NA
-197.082588687697,NA,NA,NA,NA,NA,NA,NA,NA,NA
-197.206638118526,NA,NA,NA,NA,NA,NA,NA,NA,NA
-197.206648118526,NA,NA,NA,NA,NA,NA,NA,NA,NA
-197.330697549356,NA,NA,NA,NA,NA,NA,NA,NA,NA
-197.330707549356,NA,NA,NA,NA,NA,NA,NA,NA,NA
-197.454756980186,NA,NA,NA,NA,NA,NA,NA,NA,NA
-197.454766980186,NA,NA,NA,NA,NA,NA,NA,NA,NA
-197.578816411016,NA,NA,NA,NA,NA,NA,NA,NA,NA
-197.578826411016,NA,NA,NA,NA,NA,NA,NA,NA,NA
-197.702875841845,NA,NA,NA,NA,NA,NA,NA,NA,NA
-197.702885841845,NA,NA,NA,NA,NA,NA,NA,NA,NA
-197.826935272675,NA,NA,NA,NA,NA,NA,NA,NA,NA
-197.826945272675,NA,NA,NA,NA,NA,NA,NA,NA,NA
-197.950994703505,NA,NA,NA,NA,NA,NA,NA,NA,NA
-197.951004703505,NA,NA,NA,NA,NA,NA,NA,NA,NA
-198.075054134335,NA,NA,NA,NA,NA,NA,NA,NA,NA
-198.075064134335,NA,NA,NA,NA,NA,NA,NA,NA,NA
-198.199113565164,NA,NA,NA,NA,NA,NA,NA,NA,NA
-198.199123565164,NA,NA,NA,NA,NA,NA,NA,NA,NA
-198.323172995994,NA,NA,NA,NA,NA,NA,NA,NA,NA
-198.323182995994,NA,NA,NA,NA,NA,NA,NA,NA,NA
-198.447232426824,NA,NA,NA,NA,NA,NA,NA,NA,NA
-198.447242426824,NA,NA,NA,NA,NA,NA,NA,NA,NA
-198.571291857654,NA,NA,NA,NA,NA,NA,NA,NA,NA
-198.571301857654,NA,NA,NA,NA,NA,NA,NA,NA,NA
-198.695351288483,NA,NA,NA,NA,NA,NA,NA,NA,NA
-198.695361288483,NA,NA,NA,NA,NA,NA,NA,NA,NA
-198.819410719313,NA,NA,NA,NA,NA,NA,NA,NA,NA
-198.819420719313,NA,NA,NA,NA,NA,NA,NA,NA,NA
-198.943470150143,NA,NA,NA,NA,NA,NA,NA,NA,NA
-198.943480150143,NA,NA,NA,NA,NA,NA,NA,NA,NA
-199.067529580973,NA,NA,NA,NA,NA,NA,NA,NA,NA
-199.067539580973,0.0464013250649392,0.000251924150657039,0.180338864585562,0.979135568101666,0.161609560797549,1.69877967282433,-0.932734243036727,-1.63076050454808,-0.0850606120446473
-199.191589011802,0.0464013250649392,0.000251924150657039,0.180338864585562,0.979135568101666,0.161609560797549,1.69877967282433,-0.932734243036727,-1.63076050454808,-0.0850606120446473
-199.191599011802,0.0464013250649392,0.000251924150657039,0.180338864585562,0.979135568101666,0.161609560797549,1.69877967282433,-0.932734243036727,-1.63076050454808,-0.0850606120446473
-199.315648442632,0.0464013250649392,0.000251924150657039,0.180338864585562,0.979135568101666,0.161609560797549,1.69877967282433,-0.932734243036727,-1.63076050454808,-0.0850606120446473
-199.315658442632,0.0464013250649392,0.000251924150657039,0.180338864585562,0.979135568101666,0.161609560797549,1.69877967282433,-0.932734243036727,-1.63076050454808,-0.0850606120446473
-199.439707873462,0.0464013250649392,0.000251924150657039,0.180338864585562,0.979135568101666,0.161609560797549,1.69877967282433,-0.932734243036727,-1.63076050454808,-0.0850606120446473
-199.439717873462,0.0464013250649392,0.000251924150657039,0.180338864585562,0.979135568101666,0.161609560797549,1.69877967282433,-0.932734243036727,-1.63076050454808,-0.0850606120446473
-199.563767304292,0.0464013250649392,0.000251924150657039,0.180338864585562,0.979135568101666,0.161609560797549,1.69877967282433,-0.932734243036727,-1.63076050454808,-0.0850606120446473
-199.563777304292,0.0464013250649392,0.000251924150657039,0.180338864585562,0.979135568101666,0.161609560797549,1.69877967282433,-0.932734243036727,-1.63076050454808,-0.0850606120446473
-199.687826735121,0.0464013250649392,0.000251924150657039,0.180338864585562,0.979135568101666,0.161609560797549,1.69877967282433,-0.932734243036727,-1.63076050454808,-0.0850606120446473
-199.687836735121,0.0464013250649392,0.000251924150657039,0.180338864585562,0.979135568101666,0.161609560797549,1.69877967282433,-0.932734243036727,-1.63076050454808,-0.0850606120446473
-199.811886165951,0.0464013250649392,0.000251924150657039,0.180338864585562,0.979135568101666,0.161609560797549,1.69877967282433,-0.932734243036727,-1.63076050454808,-0.0850606120446473
-199.811896165951,0.0464013250649392,0.000251924150657039,0.180338864585562,0.979135568101666,0.161609560797549,1.69877967282433,-0.932734243036727,-1.63076050454808,-0.0850606120446473
-199.935945596781,0.0464013250649392,0.000251924150657039,0.180338864585562,0.979135568101666,0.161609560797549,1.69877967282433,-0.932734243036727,-1.63076050454808,-0.0850606120446473
-199.935955596781,0.024671640669566,0.000178728763741519,0.0837383253995989,1.05928761614095,0.376519794492904,1.80934766183353,-1.03461597547138,-1.77032182086102,-0.371316513129132
-200.060005027611,0.024671640669566,0.000178728763741519,0.0837383253995989,1.05928761614095,0.376519794492904,1.80934766183353,-1.03461597547138,-1.77032182086102,-0.371316513129132
-200.060015027611,0.024671640669566,0.000178728763741519,0.0837383253995989,1.05928761614095,0.376519794492904,1.80934766183353,-1.03461597547138,-1.77032182086102,-0.371316513129132
-200.18406445844,0.024671640669566,0.000178728763741519,0.0837383253995989,1.05928761614095,0.376519794492904,1.80934766183353,-1.03461597547138,-1.77032182086102,-0.371316513129132
-200.18407445844,0.024671640669566,0.000178728763741519,0.0837383253995989,1.05928761614095,0.376519794492904,1.80934766183353,-1.03461597547138,-1.77032182086102,-0.371316513129132
-200.30812388927,0.024671640669566,0.000178728763741519,0.0837383253995989,1.05928761614095,0.376519794492904,1.80934766183353,-1.03461597547138,-1.77032182086102,-0.371316513129132
-200.30813388927,0.024671640669566,0.000178728763741519,0.0837383253995989,1.05928761614095,0.376519794492904,1.80934766183353,-1.03461597547138,-1.77032182086102,-0.371316513129132
-200.4321833201,0.024671640669566,0.000178728763741519,0.0837383253995989,1.05928761614095,0.376519794492904,1.80934766183353,-1.03461597547138,-1.77032182086102,-0.371316513129132
-200.4321933201,0.024671640669566,0.000178728763741519,0.0837383253995989,1.05928761614095,0.376519794492904,1.80934766183353,-1.03461597547138,-1.77032182086102,-0.371316513129132
-200.55624275093,0.024671640669566,0.000178728763741519,0.0837383253995989,1.05928761614095,0.376519794492904,1.80934766183353,-1.03461597547138,-1.77032182086102,-0.371316513129132
-200.55625275093,0.024671640669566,0.000178728763741519,0.0837383253995989,1.05928761614095,0.376519794492904,1.80934766183353,-1.03461597547138,-1.77032182086102,-0.371316513129132
-200.680302181759,0.024671640669566,0.000178728763741519,0.0837383253995989,1.05928761614095,0.376519794492904,1.80934766183353,-1.03461597547138,-1.77032182086102,-0.371316513129132
-200.680312181759,0.024671640669566,0.000178728763741519,0.0837383253995989,1.05928761614095,0.376519794492904,1.80934766183353,-1.03461597547138,-1.77032182086102,-0.371316513129132
-200.804361612589,0.024671640669566,0.000178728763741519,0.0837383253995989,1.05928761614095,0.376519794492904,1.80934766183353,-1.03461597547138,-1.77032182086102,-0.371316513129132
-200.804371612589,0.024671640669566,0.000178728763741519,0.0837383253995989,1.05928761614095,0.376519794492904,1.80934766183353,-1.03461597547138,-1.77032182086102,-0.371316513129132
-200.928421043419,0.024671640669566,0.000178728763741519,0.0837383253995989,1.05928761614095,0.376519794492904,1.80934766183353,-1.03461597547138,-1.77032182086102,-0.371316513129132
-200.928431043419,0.00523834836216125,9.12489982882793e-05,0.0168688356395337,0.128130178533405,0.000875936884641507,0.476583699314526,-0.122891830171244,-0.480243184725442,0.0194226298401328
-201.052480474249,0.00523834836216125,9.12489982882793e-05,0.0168688356395337,0.128130178533405,0.000875936884641507,0.476583699314526,-0.122891830171244,-0.480243184725442,0.0194226298401328
-201.052490474249,0.00523834836216125,9.12489982882793e-05,0.0168688356395337,0.128130178533405,0.000875936884641507,0.476583699314526,-0.122891830171244,-0.480243184725442,0.0194226298401328
-201.176539905078,0.00523834836216125,9.12489982882793e-05,0.0168688356395337,0.128130178533405,0.000875936884641507,0.476583699314526,-0.122891830171244,-0.480243184725442,0.0194226298401328
-201.176549905078,0.00523834836216125,9.12489982882793e-05,0.0168688356395337,0.128130178533405,0.000875936884641507,0.476583699314526,-0.122891830171244,-0.480243184725442,0.0194226298401328
-201.300599335908,0.00523834836216125,9.12489982882793e-05,0.0168688356395337,0.128130178533405,0.000875936884641507,0.476583699314526,-0.122891830171244,-0.480243184725442,0.0194226298401328
-201.300609335908,0.00523834836216125,9.12489982882793e-05,0.0168688356395337,0.128130178533405,0.000875936884641507,0.476583699314526,-0.122891830171244,-0.480243184725442,0.0194226298401328
-201.424658766738,0.00523834836216125,9.12489982882793e-05,0.0168688356395337,0.128130178533405,0.000875936884641507,0.476583699314526,-0.122891830171244,-0.480243184725442,0.0194226298401328
-201.424668766738,0.00523834836216125,9.12489982882793e-05,0.0168688356395337,0.128130178533405,0.000875936884641507,0.476583699314526,-0.122891830171244,-0.480243184725442,0.0194226298401328
-201.548718197568,0.00523834836216125,9.12489982882793e-05,0.0168688356395337,0.128130178533405,0.000875936884641507,0.476583699314526,-0.122891830171244,-0.480243184725442,0.0194226298401328
-201.548728197568,0.00523834836216125,9.12489982882793e-05,0.0168688356395337,0.128130178533405,0.000875936884641507,0.476583699314526,-0.122891830171244,-0.480243184725442,0.0194226298401328
-201.672777628397,0.00523834836216125,9.12489982882793e-05,0.0168688356395337,0.128130178533405,0.000875936884641507,0.476583699314526,-0.122891830171244,-0.480243184725442,0.0194226298401328
-201.672787628397,0.00523834836216125,9.12489982882793e-05,0.0168688356395337,0.128130178533405,0.000875936884641507,0.476583699314526,-0.122891830171244,-0.480243184725442,0.0194226298401328
-201.796837059227,0.00523834836216125,9.12489982882793e-05,0.0168688356395337,0.128130178533405,0.000875936884641507,0.476583699314526,-0.122891830171244,-0.480243184725442,0.0194226298401328
-201.796847059227,0.00523834836216125,9.12489982882793e-05,0.0168688356395337,0.128130178533405,0.000875936884641507,0.476583699314526,-0.122891830171244,-0.480243184725442,0.0194226298401328
-201.920896490057,0.00523834836216125,9.12489982882793e-05,0.0168688356395337,0.128130178533405,0.000875936884641507,0.476583699314526,-0.122891830171244,-0.480243184725442,0.0194226298401328
-201.920906490057,0.0027345930898517,5.01915218285085e-05,0.0087709166809757,0.00762955875640939,0.000110952279359636,0.0267578219297899,-0.0048949656665577,-0.0243208875139211,0.0105087988361915
-202.044955920887,0.0027345930898517,5.01915218285085e-05,0.0087709166809757,0.00762955875640939,0.000110952279359636,0.0267578219297899,-0.0048949656665577,-0.0243208875139211,0.0105087988361915
-202.044965920887,0.0027345930898517,5.01915218285085e-05,0.0087709166809757,0.00762955875640939,0.000110952279359636,0.0267578219297899,-0.0048949656665577,-0.0243208875139211,0.0105087988361915
-202.169015351716,0.0027345930898517,5.01915218285085e-05,0.0087709166809757,0.00762955875640939,0.000110952279359636,0.0267578219297899,-0.0048949656665577,-0.0243208875139211,0.0105087988361915
-202.169025351716,0.0027345930898517,5.01915218285085e-05,0.0087709166809757,0.00762955875640939,0.000110952279359636,0.0267578219297899,-0.0048949656665577,-0.0243208875139211,0.0105087988361915
-202.293074782546,0.0027345930898517,5.01915218285085e-05,0.0087709166809757,0.00762955875640939,0.000110952279359636,0.0267578219297899,-0.0048949656665577,-0.0243208875139211,0.0105087988361915
-202.293084782546,0.0027345930898517,5.01915218285085e-05,0.0087709166809757,0.00762955875640939,0.000110952279359636,0.0267578219297899,-0.0048949656665577,-0.0243208875139211,0.0105087988361915
-202.417134213376,0.0027345930898517,5.01915218285085e-05,0.0087709166809757,0.00762955875640939,0.000110952279359636,0.0267578219297899,-0.0048949656665577,-0.0243208875139211,0.0105087988361915
-202.417144213376,0.0027345930898517,5.01915218285085e-05,0.0087709166809757,0.00762955875640939,0.000110952279359636,0.0267578219297899,-0.0048949656665577,-0.0243208875139211,0.0105087988361915
-202.541193644206,0.0027345930898517,5.01915218285085e-05,0.0087709166809757,0.00762955875640939,0.000110952279359636,0.0267578219297899,-0.0048949656665577,-0.0243208875139211,0.0105087988361915
-202.541203644206,0.0027345930898517,5.01915218285085e-05,0.0087709166809757,0.00762955875640939,0.000110952279359636,0.0267578219297899,-0.0048949656665577,-0.0243208875139211,0.0105087988361915
-202.665253075035,0.0027345930898517,5.01915218285085e-05,0.0087709166809757,0.00762955875640939,0.000110952279359636,0.0267578219297899,-0.0048949656665577,-0.0243208875139211,0.0105087988361915
-202.665263075035,0.0027345930898517,5.01915218285085e-05,0.0087709166809757,0.00762955875640939,0.000110952279359636,0.0267578219297899,-0.0048949656665577,-0.0243208875139211,0.0105087988361915
-202.789312505865,0.0027345930898517,5.01915218285085e-05,0.0087709166809757,0.00762955875640939,0.000110952279359636,0.0267578219297899,-0.0048949656665577,-0.0243208875139211,0.0105087988361915
-202.789322505865,0.0027345930898517,5.01915218285085e-05,0.0087709166809757,0.00762955875640939,0.000110952279359636,0.0267578219297899,-0.0048949656665577,-0.0243208875139211,0.0105087988361915
-202.913371936695,0.0027345930898517,5.01915218285085e-05,0.0087709166809757,0.00762955875640939,0.000110952279359636,0.0267578219297899,-0.0048949656665577,-0.0243208875139211,0.0105087988361915
-202.913381936695,0.00280683806957317,4.89068366790577e-05,0.00889747706373753,0.00806448355027119,0.000110952207228385,0.0280734129859026,-0.00525764548069803,-0.0263216457653684,0.0106789387203009
-203.037431367525,0.00280683806957317,4.89068366790577e-05,0.00889747706373753,0.00806448355027119,0.000110952207228385,0.0280734129859026,-0.00525764548069803,-0.0263216457653684,0.0106789387203009
-203.037441367525,0.00280683806957317,4.89068366790577e-05,0.00889747706373753,0.00806448355027119,0.000110952207228385,0.0280734129859026,-0.00525764548069803,-0.0263216457653684,0.0106789387203009
-203.161490798355,0.00280683806957317,4.89068366790577e-05,0.00889747706373753,0.00806448355027119,0.000110952207228385,0.0280734129859026,-0.00525764548069803,-0.0263216457653684,0.0106789387203009
-203.161500798355,0.00280683806957317,4.89068366790577e-05,0.00889747706373753,0.00806448355027119,0.000110952207228385,0.0280734129859026,-0.00525764548069803,-0.0263216457653684,0.0106789387203009
-203.285550229184,0.00280683806957317,4.89068366790577e-05,0.00889747706373753,0.00806448355027119,0.000110952207228385,0.0280734129859026,-0.00525764548069803,-0.0263216457653684,0.0106789387203009
-203.285560229184,0.00280683806957317,4.89068366790577e-05,0.00889747706373753,0.00806448355027119,0.000110952207228385,0.0280734129859026,-0.00525764548069803,-0.0263216457653684,0.0106789387203009
-203.409609660014,0.00280683806957317,4.89068366790577e-05,0.00889747706373753,0.00806448355027119,0.000110952207228385,0.0280734129859026,-0.00525764548069803,-0.0263216457653684,0.0106789387203009
-203.409619660014,0.00280683806957317,4.89068366790577e-05,0.00889747706373753,0.00806448355027119,0.000110952207228385,0.0280734129859026,-0.00525764548069803,-0.0263216457653684,0.0106789387203009
-203.533669090844,0.00280683806957317,4.89068366790577e-05,0.00889747706373753,0.00806448355027119,0.000110952207228385,0.0280734129859026,-0.00525764548069803,-0.0263216457653684,0.0106789387203009
-203.533679090844,0.00280683806957317,4.89068366790577e-05,0.00889747706373753,0.00806448355027119,0.000110952207228385,0.0280734129859026,-0.00525764548069803,-0.0263216457653684,0.0106789387203009
-203.657728521674,0.00280683806957317,4.89068366790577e-05,0.00889747706373753,0.00806448355027119,0.000110952207228385,0.0280734129859026,-0.00525764548069803,-0.0263216457653684,0.0106789387203009
-203.657738521674,0.00280683806957317,4.89068366790577e-05,0.00889747706373753,0.00806448355027119,0.000110952207228385,0.0280734129859026,-0.00525764548069803,-0.0263216457653684,0.0106789387203009
-203.781787952503,0.00280683806957317,4.89068366790577e-05,0.00889747706373753,0.00806448355027119,0.000110952207228385,0.0280734129859026,-0.00525764548069803,-0.0263216457653684,0.0106789387203009
-203.781797952503,0.00280683806957317,4.89068366790577e-05,0.00889747706373753,0.00806448355027119,0.000110952207228385,0.0280734129859026,-0.00525764548069803,-0.0263216457653684,0.0106789387203009
-203.905847383333,0.00280683806957317,4.89068366790577e-05,0.00889747706373753,0.00806448355027119,0.000110952207228385,0.0280734129859026,-0.00525764548069803,-0.0263216457653684,0.0106789387203009
-203.905857383333,0.00280062813857253,4.4292611525249e-05,0.00904935388585354,0.00826215677902423,0.000110952207228385,0.0291202257955008,-0.00546152864045169,-0.0302725274809944,0.00847885725823381
-204.029906814163,0.00280062813857253,4.4292611525249e-05,0.00904935388585354,0.00826215677902423,0.000110952207228385,0.0291202257955008,-0.00546152864045169,-0.0302725274809944,0.00847885725823381
-204.029916814163,0.00280062813857253,4.4292611525249e-05,0.00904935388585354,0.00826215677902423,0.000110952207228385,0.0291202257955008,-0.00546152864045169,-0.0302725274809944,0.00847885725823381
-204.153966244993,0.00280062813857253,4.4292611525249e-05,0.00904935388585354,0.00826215677902423,0.000110952207228385,0.0291202257955008,-0.00546152864045169,-0.0302725274809944,0.00847885725823381
-204.153976244993,0.00280062813857253,4.4292611525249e-05,0.00904935388585354,0.00826215677902423,0.000110952207228385,0.0291202257955008,-0.00546152864045169,-0.0302725274809944,0.00847885725823381
-204.278025675822,0.00280062813857253,4.4292611525249e-05,0.00904935388585354,0.00826215677902423,0.000110952207228385,0.0291202257955008,-0.00546152864045169,-0.0302725274809944,0.00847885725823381
-204.278035675822,0.00280062813857253,4.4292611525249e-05,0.00904935388585354,0.00826215677902423,0.000110952207228385,0.0291202257955008,-0.00546152864045169,-0.0302725274809944,0.00847885725823381
-204.402085106652,0.00280062813857253,4.4292611525249e-05,0.00904935388585354,0.00826215677902423,0.000110952207228385,0.0291202257955008,-0.00546152864045169,-0.0302725274809944,0.00847885725823381
-204.402095106652,0.00280062813857253,4.4292611525249e-05,0.00904935388585354,0.00826215677902423,0.000110952207228385,0.0291202257955008,-0.00546152864045169,-0.0302725274809944,0.00847885725823381
-204.526144537482,0.00280062813857253,4.4292611525249e-05,0.00904935388585354,0.00826215677902423,0.000110952207228385,0.0291202257955008,-0.00546152864045169,-0.0302725274809944,0.00847885725823381
-204.526154537482,0.00280062813857253,4.4292611525249e-05,0.00904935388585354,0.00826215677902423,0.000110952207228385,0.0291202257955008,-0.00546152864045169,-0.0302725274809944,0.00847885725823381
-204.650203968312,0.00280062813857253,4.4292611525249e-05,0.00904935388585354,0.00826215677902423,0.000110952207228385,0.0291202257955008,-0.00546152864045169,-0.0302725274809944,0.00847885725823381
-204.650213968312,0.00280062813857253,4.4292611525249e-05,0.00904935388585354,0.00826215677902423,0.000110952207228385,0.0291202257955008,-0.00546152864045169,-0.0302725274809944,0.00847885725823381
-204.774263399141,0.00280062813857253,4.4292611525249e-05,0.00904935388585354,0.00826215677902423,0.000110952207228385,0.0291202257955008,-0.00546152864045169,-0.0302725274809944,0.00847885725823381
-204.774273399141,0.00280062813857253,4.4292611525249e-05,0.00904935388585354,0.00826215677902423,0.000110952207228385,0.0291202257955008,-0.00546152864045169,-0.0302725274809944,0.00847885725823381
-204.898322829971,0.00280062813857253,4.4292611525249e-05,0.00904935388585354,0.00826215677902423,0.000110952207228385,0.0291202257955008,-0.00546152864045169,-0.0302725274809944,0.00847885725823381
-204.898332829971,0.0024449332303728,5.59396917679281e-05,0.00712037702709266,0.00990896859394306,0.000192866319344059,0.0289782914852834,-0.00746403536357027,-0.0280460380360978,0.00598547807036941
-205.022382260801,0.0024449332303728,5.59396917679281e-05,0.00712037702709266,0.00990896859394306,0.000192866319344059,0.0289782914852834,-0.00746403536357027,-0.0280460380360978,0.00598547807036941
-205.022392260801,0.0024449332303728,5.59396917679281e-05,0.00712037702709266,0.00990896859394306,0.000192866319344059,0.0289782914852834,-0.00746403536357027,-0.0280460380360978,0.00598547807036941
-205.146441691631,0.0024449332303728,5.59396917679281e-05,0.00712037702709266,0.00990896859394306,0.000192866319344059,0.0289782914852834,-0.00746403536357027,-0.0280460380360978,0.00598547807036941
-205.146451691631,0.0024449332303728,5.59396917679281e-05,0.00712037702709266,0.00990896859394306,0.000192866319344059,0.0289782914852834,-0.00746403536357027,-0.0280460380360978,0.00598547807036941
-205.27050112246,0.0024449332303728,5.59396917679281e-05,0.00712037702709266,0.00990896859394306,0.000192866319344059,0.0289782914852834,-0.00746403536357027,-0.0280460380360978,0.00598547807036941
-205.27051112246,0.0024449332303728,5.59396917679281e-05,0.00712037702709266,0.00990896859394306,0.000192866319344059,0.0289782914852834,-0.00746403536357027,-0.0280460380360978,0.00598547807036941
-205.39456055329,0.0024449332303728,5.59396917679281e-05,0.00712037702709266,0.00990896859394306,0.000192866319344059,0.0289782914852834,-0.00746403536357027,-0.0280460380360978,0.00598547807036941
-205.39457055329,0.0024449332303728,5.59396917679281e-05,0.00712037702709266,0.00990896859394306,0.000192866319344059,0.0289782914852834,-0.00746403536357027,-0.0280460380360978,0.00598547807036941
-205.51861998412,0.0024449332303728,5.59396917679281e-05,0.00712037702709266,0.00990896859394306,0.000192866319344059,0.0289782914852834,-0.00746403536357027,-0.0280460380360978,0.00598547807036941
-205.51862998412,0.0024449332303728,5.59396917679281e-05,0.00712037702709266,0.00990896859394306,0.000192866319344059,0.0289782914852834,-0.00746403536357027,-0.0280460380360978,0.00598547807036941
-205.64267941495,0.0024449332303728,5.59396917679281e-05,0.00712037702709266,0.00990896859394306,0.000192866319344059,0.0289782914852834,-0.00746403536357027,-0.0280460380360978,0.00598547807036941
-205.64268941495,0.0024449332303728,5.59396917679281e-05,0.00712037702709266,0.00990896859394306,0.000192866319344059,0.0289782914852834,-0.00746403536357027,-0.0280460380360978,0.00598547807036941
-205.766738845779,0.0024449332303728,5.59396917679281e-05,0.00712037702709266,0.00990896859394306,0.000192866319344059,0.0289782914852834,-0.00746403536357027,-0.0280460380360978,0.00598547807036941
-205.766748845779,0.0024449332303728,5.59396917679281e-05,0.00712037702709266,0.00990896859394306,0.000192866319344059,0.0289782914852834,-0.00746403536357027,-0.0280460380360978,0.00598547807036941
-205.890798276609,0.0024449332303728,5.59396917679281e-05,0.00712037702709266,0.00990896859394306,0.000192866319344059,0.0289782914852834,-0.00746403536357027,-0.0280460380360978,0.00598547807036941
-205.890808276609,0.00405079572365796,5.12655327304894e-05,0.0123928477520235,0.0579158441707052,0.00207149476414653,0.166986269181625,-0.0538650484470472,-0.166489313847796,0.00826017508742353
-206.014857707439,0.00405079572365796,5.12655327304894e-05,0.0123928477520235,0.0579158441707052,0.00207149476414653,0.166986269181625,-0.0538650484470472,-0.166489313847796,0.00826017508742353
-206.014867707439,0.00405079572365796,5.12655327304894e-05,0.0123928477520235,0.0579158441707052,0.00207149476414653,0.166986269181625,-0.0538650484470472,-0.166489313847796,0.00826017508742353
-206.138917138269,0.00405079572365796,5.12655327304894e-05,0.0123928477520235,0.0579158441707052,0.00207149476414653,0.166986269181625,-0.0538650484470472,-0.166489313847796,0.00826017508742353
-206.138927138269,0.00405079572365796,5.12655327304894e-05,0.0123928477520235,0.0579158441707052,0.00207149476414653,0.166986269181625,-0.0538650484470472,-0.166489313847796,0.00826017508742353
-206.262976569098,0.00405079572365796,5.12655327304894e-05,0.0123928477520235,0.0579158441707052,0.00207149476414653,0.166986269181625,-0.0538650484470472,-0.166489313847796,0.00826017508742353
-206.262986569098,0.00405079572365796,5.12655327304894e-05,0.0123928477520235,0.0579158441707052,0.00207149476414653,0.166986269181625,-0.0538650484470472,-0.166489313847796,0.00826017508742353
-206.387035999928,0.00405079572365796,5.12655327304894e-05,0.0123928477520235,0.0579158441707052,0.00207149476414653,0.166986269181625,-0.0538650484470472,-0.166489313847796,0.00826017508742353
-206.387045999928,0.00405079572365796,5.12655327304894e-05,0.0123928477520235,0.0579158441707052,0.00207149476414653,0.166986269181625,-0.0538650484470472,-0.166489313847796,0.00826017508742353
-206.511095430758,0.00405079572365796,5.12655327304894e-05,0.0123928477520235,0.0579158441707052,0.00207149476414653,0.166986269181625,-0.0538650484470472,-0.166489313847796,0.00826017508742353
-206.511105430758,0.00405079572365796,5.12655327304894e-05,0.0123928477520235,0.0579158441707052,0.00207149476414653,0.166986269181625,-0.0538650484470472,-0.166489313847796,0.00826017508742353
-206.635154861588,0.00405079572365796,5.12655327304894e-05,0.0123928477520235,0.0579158441707052,0.00207149476414653,0.166986269181625,-0.0538650484470472,-0.166489313847796,0.00826017508742353
-206.635164861588,0.00405079572365796,5.12655327304894e-05,0.0123928477520235,0.0579158441707052,0.00207149476414653,0.166986269181625,-0.0538650484470472,-0.166489313847796,0.00826017508742353
-206.759214292417,0.00405079572365796,5.12655327304894e-05,0.0123928477520235,0.0579158441707052,0.00207149476414653,0.166986269181625,-0.0538650484470472,-0.166489313847796,0.00826017508742353
-206.759224292417,0.00405079572365796,5.12655327304894e-05,0.0123928477520235,0.0579158441707052,0.00207149476414653,0.166986269181625,-0.0538650484470472,-0.166489313847796,0.00826017508742353
-206.883273723247,0.00405079572365796,5.12655327304894e-05,0.0123928477520235,0.0579158441707052,0.00207149476414653,0.166986269181625,-0.0538650484470472,-0.166489313847796,0.00826017508742353
-206.883283723247,0.00446406968901377,7.49207698226163e-05,0.0129091453108125,0.0889090715144601,0.00329548076224888,0.24760138051673,-0.0844450018254463,-0.245098349267591,0.00559115875341326
-207.007333154077,0.00446406968901377,7.49207698226163e-05,0.0129091453108125,0.0889090715144601,0.00329548076224888,0.24760138051673,-0.0844450018254463,-0.245098349267591,0.00559115875341326
-207.007343154077,0.00446406968901377,7.49207698226163e-05,0.0129091453108125,0.0889090715144601,0.00329548076224888,0.24760138051673,-0.0844450018254463,-0.245098349267591,0.00559115875341326
-207.131392584907,0.00446406968901377,7.49207698226163e-05,0.0129091453108125,0.0889090715144601,0.00329548076224888,0.24760138051673,-0.0844450018254463,-0.245098349267591,0.00559115875341326
-207.131402584907,0.00446406968901377,7.49207698226163e-05,0.0129091453108125,0.0889090715144601,0.00329548076224888,0.24760138051673,-0.0844450018254463,-0.245098349267591,0.00559115875341326
-207.255452015736,0.00446406968901377,7.49207698226163e-05,0.0129091453108125,0.0889090715144601,0.00329548076224888,0.24760138051673,-0.0844450018254463,-0.245098349267591,0.00559115875341326
-207.255462015736,0.00446406968901377,7.49207698226163e-05,0.0129091453108125,0.0889090715144601,0.00329548076224888,0.24760138051673,-0.0844450018254463,-0.245098349267591,0.00559115875341326
-207.379511446566,0.00446406968901377,7.49207698226163e-05,0.0129091453108125,0.0889090715144601,0.00329548076224888,0.24760138051673,-0.0844450018254463,-0.245098349267591,0.00559115875341326
-207.379521446566,0.00446406968901377,7.49207698226163e-05,0.0129091453108125,0.0889090715144601,0.00329548076224888,0.24760138051673,-0.0844450018254463,-0.245098349267591,0.00559115875341326
-207.503570877396,0.00446406968901377,7.49207698226163e-05,0.0129091453108125,0.0889090715144601,0.00329548076224888,0.24760138051673,-0.0844450018254463,-0.245098349267591,0.00559115875341326
-207.503580877396,0.00446406968901377,7.49207698226163e-05,0.0129091453108125,0.0889090715144601,0.00329548076224888,0.24760138051673,-0.0844450018254463,-0.245098349267591,0.00559115875341326
-207.627630308226,0.00446406968901377,7.49207698226163e-05,0.0129091453108125,0.0889090715144601,0.00329548076224888,0.24760138051673,-0.0844450018254463,-0.245098349267591,0.00559115875341326
-207.627640308226,0.00446406968901377,7.49207698226163e-05,0.0129091453108125,0.0889090715144601,0.00329548076224888,0.24760138051673,-0.0844450018254463,-0.245098349267591,0.00559115875341326
-207.751689739055,0.00446406968901377,7.49207698226163e-05,0.0129091453108125,0.0889090715144601,0.00329548076224888,0.24760138051673,-0.0844450018254463,-0.245098349267591,0.00559115875341326
-207.751699739055,0.00446406968901377,7.49207698226163e-05,0.0129091453108125,0.0889090715144601,0.00329548076224888,0.24760138051673,-0.0844450018254463,-0.245098349267591,0.00559115875341326
-207.875749169885,0.00446406968901377,7.49207698226163e-05,0.0129091453108125,0.0889090715144601,0.00329548076224888,0.24760138051673,-0.0844450018254463,-0.245098349267591,0.00559115875341326
-207.875759169885,0.00446406968901377,7.49207698226163e-05,0.0129091453108125,0.0889090715144601,0.00329548076224888,0.24760138051673,-0.0844450018254463,-0.245098349267591,0.00559115875341326
-207.999808600715,0.00446406968901377,7.49207698226163e-05,0.0129091453108125,0.0889090715144601,0.00329548076224888,0.24760138051673,-0.0844450018254463,-0.245098349267591,0.00559115875341326
-207.999818600715,0.00239104064377112,6.84615126959001e-05,0.00668247895742071,0.0083197169345773,3.82895289655052e-05,0.0218690740356218,-0.00592867629080618,-0.0206928479351483,0.00692220085296848
-208.123868031545,0.00239104064377112,6.84615126959001e-05,0.00668247895742071,0.0083197169345773,3.82895289655052e-05,0.0218690740356218,-0.00592867629080618,-0.0206928479351483,0.00692220085296848
-208.123878031545,0.00239104064377112,6.84615126959001e-05,0.00668247895742071,0.0083197169345773,3.82895289655052e-05,0.0218690740356218,-0.00592867629080618,-0.0206928479351483,0.00692220085296848
-208.247927462374,0.00239104064377112,6.84615126959001e-05,0.00668247895742071,0.0083197169345773,3.82895289655052e-05,0.0218690740356218,-0.00592867629080618,-0.0206928479351483,0.00692220085296848
-208.247937462374,0.00239104064377112,6.84615126959001e-05,0.00668247895742071,0.0083197169345773,3.82895289655052e-05,0.0218690740356218,-0.00592867629080618,-0.0206928479351483,0.00692220085296848
-208.371986893204,0.00239104064377112,6.84615126959001e-05,0.00668247895742071,0.0083197169345773,3.82895289655052e-05,0.0218690740356218,-0.00592867629080618,-0.0206928479351483,0.00692220085296848
-208.371996893204,0.00239104064377112,6.84615126959001e-05,0.00668247895742071,0.0083197169345773,3.82895289655052e-05,0.0218690740356218,-0.00592867629080618,-0.0206928479351483,0.00692220085296848
-208.496046324034,0.00239104064377112,6.84615126959001e-05,0.00668247895742071,0.0083197169345773,3.82895289655052e-05,0.0218690740356218,-0.00592867629080618,-0.0206928479351483,0.00692220085296848
-208.496056324034,0.00239104064377112,6.84615126959001e-05,0.00668247895742071,0.0083197169345773,3.82895289655052e-05,0.0218690740356218,-0.00592867629080618,-0.0206928479351483,0.00692220085296848
-208.620105754864,0.00239104064377112,6.84615126959001e-05,0.00668247895742071,0.0083197169345773,3.82895289655052e-05,0.0218690740356218,-0.00592867629080618,-0.0206928479351483,0.00692220085296848
-208.620115754864,0.00239104064377112,6.84615126959001e-05,0.00668247895742071,0.0083197169345773,3.82895289655052e-05,0.0218690740356218,-0.00592867629080618,-0.0206928479351483,0.00692220085296848
-208.744165185694,0.00239104064377112,6.84615126959001e-05,0.00668247895742071,0.0083197169345773,3.82895289655052e-05,0.0218690740356218,-0.00592867629080618,-0.0206928479351483,0.00692220085296848
-208.744175185694,0.00239104064377112,6.84615126959001e-05,0.00668247895742071,0.0083197169345773,3.82895289655052e-05,0.0218690740356218,-0.00592867629080618,-0.0206928479351483,0.00692220085296848
-208.868224616523,0.00239104064377112,6.84615126959001e-05,0.00668247895742071,0.0083197169345773,3.82895289655052e-05,0.0218690740356218,-0.00592867629080618,-0.0206928479351483,0.00692220085296848
-208.868234616523,0.00239104064377112,6.84615126959001e-05,0.00668247895742071,0.0083197169345773,3.82895289655052e-05,0.0218690740356218,-0.00592867629080618,-0.0206928479351483,0.00692220085296848
-208.992284047353,0.00239104064377112,6.84615126959001e-05,0.00668247895742071,0.0083197169345773,3.82895289655052e-05,0.0218690740356218,-0.00592867629080618,-0.0206928479351483,0.00692220085296848
-208.992294047353,0.00245279749590436,6.75229152596645e-05,0.00689243847881308,0.00867322972331604,3.87371214202966e-05,0.0231935102338674,-0.00622043222741168,-0.023624912081642,0.00469782901414748
-209.116343478183,0.00245279749590436,6.75229152596645e-05,0.00689243847881308,0.00867322972331604,3.87371214202966e-05,0.0231935102338674,-0.00622043222741168,-0.023624912081642,0.00469782901414748
-209.116353478183,0.00245279749590436,6.75229152596645e-05,0.00689243847881308,0.00867322972331604,3.87371214202966e-05,0.0231935102338674,-0.00622043222741168,-0.023624912081642,0.00469782901414748
-209.240402909013,0.00245279749590436,6.75229152596645e-05,0.00689243847881308,0.00867322972331604,3.87371214202966e-05,0.0231935102338674,-0.00622043222741168,-0.023624912081642,0.00469782901414748
-209.240412909013,0.00245279749590436,6.75229152596645e-05,0.00689243847881308,0.00867322972331604,3.87371214202966e-05,0.0231935102338674,-0.00622043222741168,-0.023624912081642,0.00469782901414748
-209.364462339842,0.00245279749590436,6.75229152596645e-05,0.00689243847881308,0.00867322972331604,3.87371214202966e-05,0.0231935102338674,-0.00622043222741168,-0.023624912081642,0.00469782901414748
-209.364472339842,0.00245279749590436,6.75229152596645e-05,0.00689243847881308,0.00867322972331604,3.87371214202966e-05,0.0231935102338674,-0.00622043222741168,-0.023624912081642,0.00469782901414748
-209.488521770672,0.00245279749590436,6.75229152596645e-05,0.00689243847881308,0.00867322972331604,3.87371214202966e-05,0.0231935102338674,-0.00622043222741168,-0.023624912081642,0.00469782901414748
-209.488531770672,0.00245279749590436,6.75229152596645e-05,0.00689243847881308,0.00867322972331604,3.87371214202966e-05,0.0231935102338674,-0.00622043222741168,-0.023624912081642,0.00469782901414748
-209.612581201502,0.00245279749590436,6.75229152596645e-05,0.00689243847881308,0.00867322972331604,3.87371214202966e-05,0.0231935102338674,-0.00622043222741168,-0.023624912081642,0.00469782901414748
-209.612591201502,0.00245279749590436,6.75229152596645e-05,0.00689243847881308,0.00867322972331604,3.87371214202966e-05,0.0231935102338674,-0.00622043222741168,-0.023624912081642,0.00469782901414748
-209.736640632332,0.00245279749590436,6.75229152596645e-05,0.00689243847881308,0.00867322972331604,3.87371214202966e-05,0.0231935102338674,-0.00622043222741168,-0.023624912081642,0.00469782901414748
-209.736650632332,0.00245279749590436,6.75229152596645e-05,0.00689243847881308,0.00867322972331604,3.87371214202966e-05,0.0231935102338674,-0.00622043222741168,-0.023624912081642,0.00469782901414748
-209.860700063161,0.00245279749590436,6.75229152596645e-05,0.00689243847881308,0.00867322972331604,3.87371214202966e-05,0.0231935102338674,-0.00622043222741168,-0.023624912081642,0.00469782901414748
-209.860710063161,0.00245279749590436,6.75229152596645e-05,0.00689243847881308,0.00867322972331604,3.87371214202966e-05,0.0231935102338674,-0.00622043222741168,-0.023624912081642,0.00469782901414748
-209.984759493991,0.00245279749590436,6.75229152596645e-05,0.00689243847881308,0.00867322972331604,3.87371214202966e-05,0.0231935102338674,-0.00622043222741168,-0.023624912081642,0.00469782901414748
-209.984769493991,0.00253796198940683,1.85019157794239e-05,0.00715187275044377,0.00901089106792013,0.000127404146731256,0.0237945663639428,-0.00647292907851329,-0.023866898463485,0.00519596735572352
-210.108818924821,0.00253796198940683,1.85019157794239e-05,0.00715187275044377,0.00901089106792013,0.000127404146731256,0.0237945663639428,-0.00647292907851329,-0.023866898463485,0.00519596735572352
-210.108828924821,0.00253796198940683,1.85019157794239e-05,0.00715187275044377,0.00901089106792013,0.000127404146731256,0.0237945663639428,-0.00647292907851329,-0.023866898463485,0.00519596735572352
-210.232878355651,0.00253796198940683,1.85019157794239e-05,0.00715187275044377,0.00901089106792013,0.000127404146731256,0.0237945663639428,-0.00647292907851329,-0.023866898463485,0.00519596735572352
-210.232888355651,0.00253796198940683,1.85019157794239e-05,0.00715187275044377,0.00901089106792013,0.000127404146731256,0.0237945663639428,-0.00647292907851329,-0.023866898463485,0.00519596735572352
-210.35693778648,0.00253796198940683,1.85019157794239e-05,0.00715187275044377,0.00901089106792013,0.000127404146731256,0.0237945663639428,-0.00647292907851329,-0.023866898463485,0.00519596735572352
-210.35694778648,0.00253796198940683,1.85019157794239e-05,0.00715187275044377,0.00901089106792013,0.000127404146731256,0.0237945663639428,-0.00647292907851329,-0.023866898463485,0.00519596735572352
-210.48099721731,0.00253796198940683,1.85019157794239e-05,0.00715187275044377,0.00901089106792013,0.000127404146731256,0.0237945663639428,-0.00647292907851329,-0.023866898463485,0.00519596735572352
-210.48100721731,0.00253796198940683,1.85019157794239e-05,0.00715187275044377,0.00901089106792013,0.000127404146731256,0.0237945663639428,-0.00647292907851329,-0.023866898463485,0.00519596735572352
-210.60505664814,0.00253796198940683,1.85019157794239e-05,0.00715187275044377,0.00901089106792013,0.000127404146731256,0.0237945663639428,-0.00647292907851329,-0.023866898463485,0.00519596735572352
-210.60506664814,0.00253796198940683,1.85019157794239e-05,0.00715187275044377,0.00901089106792013,0.000127404146731256,0.0237945663639428,-0.00647292907851329,-0.023866898463485,0.00519596735572352
-210.72911607897,0.00253796198940683,1.85019157794239e-05,0.00715187275044377,0.00901089106792013,0.000127404146731256,0.0237945663639428,-0.00647292907851329,-0.023866898463485,0.00519596735572352
-210.72912607897,0.00253796198940683,1.85019157794239e-05,0.00715187275044377,0.00901089106792013,0.000127404146731256,0.0237945663639428,-0.00647292907851329,-0.023866898463485,0.00519596735572352
-210.853175509799,0.00253796198940683,1.85019157794239e-05,0.00715187275044377,0.00901089106792013,0.000127404146731256,0.0237945663639428,-0.00647292907851329,-0.023866898463485,0.00519596735572352
-210.853185509799,0.00253796198940683,1.85019157794239e-05,0.00715187275044377,0.00901089106792013,0.000127404146731256,0.0237945663639428,-0.00647292907851329,-0.023866898463485,0.00519596735572352
-210.977234940629,0.00253796198940683,1.85019157794239e-05,0.00715187275044377,0.00901089106792013,0.000127404146731256,0.0237945663639428,-0.00647292907851329,-0.023866898463485,0.00519596735572352
-210.977244940629,0.00258716629977615,1.87020964246486e-05,0.00734233737645881,0.00928641589479883,0.000134104943142254,0.0241153981560382,-0.00669924959502268,-0.0252080363801003,0.00517075778407686
-211.101294371459,0.00258716629977615,1.87020964246486e-05,0.00734233737645881,0.00928641589479883,0.000134104943142254,0.0241153981560382,-0.00669924959502268,-0.0252080363801003,0.00517075778407686
-211.101304371459,0.00258716629977615,1.87020964246486e-05,0.00734233737645881,0.00928641589479883,0.000134104943142254,0.0241153981560382,-0.00669924959502268,-0.0252080363801003,0.00517075778407686
-211.225353802289,0.00258716629977615,1.87020964246486e-05,0.00734233737645881,0.00928641589479883,0.000134104943142254,0.0241153981560382,-0.00669924959502268,-0.0252080363801003,0.00517075778407686
-211.225363802289,0.00258716629977615,1.87020964246486e-05,0.00734233737645881,0.00928641589479883,0.000134104943142254,0.0241153981560382,-0.00669924959502268,-0.0252080363801003,0.00517075778407686
-211.349413233118,0.00258716629977615,1.87020964246486e-05,0.00734233737645881,0.00928641589479883,0.000134104943142254,0.0241153981560382,-0.00669924959502268,-0.0252080363801003,0.00517075778407686
-211.349423233118,0.00258716629977615,1.87020964246486e-05,0.00734233737645881,0.00928641589479883,0.000134104943142254,0.0241153981560382,-0.00669924959502268,-0.0252080363801003,0.00517075778407686
-211.473472663948,0.00258716629977615,1.87020964246486e-05,0.00734233737645881,0.00928641589479883,0.000134104943142254,0.0241153981560382,-0.00669924959502268,-0.0252080363801003,0.00517075778407686
-211.473482663948,0.00258716629977615,1.87020964246486e-05,0.00734233737645881,0.00928641589479883,0.000134104943142254,0.0241153981560382,-0.00669924959502268,-0.0252080363801003,0.00517075778407686
-211.597532094778,0.00258716629977615,1.87020964246486e-05,0.00734233737645881,0.00928641589479883,0.000134104943142254,0.0241153981560382,-0.00669924959502268,-0.0252080363801003,0.00517075778407686
-211.597542094778,0.00258716629977615,1.87020964246486e-05,0.00734233737645881,0.00928641589479883,0.000134104943142254,0.0241153981560382,-0.00669924959502268,-0.0252080363801003,0.00517075778407686
-211.721591525608,0.00258716629977615,1.87020964246486e-05,0.00734233737645881,0.00928641589479883,0.000134104943142254,0.0241153981560382,-0.00669924959502268,-0.0252080363801003,0.00517075778407686
-211.721601525608,0.00258716629977615,1.87020964246486e-05,0.00734233737645881,0.00928641589479883,0.000134104943142254,0.0241153981560382,-0.00669924959502268,-0.0252080363801003,0.00517075778407686
-211.845650956437,0.00258716629977615,1.87020964246486e-05,0.00734233737645881,0.00928641589479883,0.000134104943142254,0.0241153981560382,-0.00669924959502268,-0.0252080363801003,0.00517075778407686
-211.845660956437,0.00258716629977615,1.87020964246486e-05,0.00734233737645881,0.00928641589479883,0.000134104943142254,0.0241153981560382,-0.00669924959502268,-0.0252080363801003,0.00517075778407686
-211.969710387267,0.00258716629977615,1.87020964246486e-05,0.00734233737645881,0.00928641589479883,0.000134104943142254,0.0241153981560382,-0.00669924959502268,-0.0252080363801003,0.00517075778407686
-211.969720387267,0.0026208853497967,1.85870758398436e-05,0.00725733507325107,0.00942526817031292,4.2358126543083e-05,0.0245929683796517,-0.00680438282051622,-0.0238889885421132,0.00683230936942626
-212.093769818097,0.0026208853497967,1.85870758398436e-05,0.00725733507325107,0.00942526817031292,4.2358126543083e-05,0.0245929683796517,-0.00680438282051622,-0.0238889885421132,0.00683230936942626
-212.093779818097,0.0026208853497967,1.85870758398436e-05,0.00725733507325107,0.00942526817031292,4.2358126543083e-05,0.0245929683796517,-0.00680438282051622,-0.0238889885421132,0.00683230936942626
-212.217829248927,0.0026208853497967,1.85870758398436e-05,0.00725733507325107,0.00942526817031292,4.2358126543083e-05,0.0245929683796517,-0.00680438282051622,-0.0238889885421132,0.00683230936942626
-212.217839248927,0.0026208853497967,1.85870758398436e-05,0.00725733507325107,0.00942526817031292,4.2358126543083e-05,0.0245929683796517,-0.00680438282051622,-0.0238889885421132,0.00683230936942626
-212.341888679756,0.0026208853497967,1.85870758398436e-05,0.00725733507325107,0.00942526817031292,4.2358126543083e-05,0.0245929683796517,-0.00680438282051622,-0.0238889885421132,0.00683230936942626
-212.341898679756,0.0026208853497967,1.85870758398436e-05,0.00725733507325107,0.00942526817031292,4.2358126543083e-05,0.0245929683796517,-0.00680438282051622,-0.0238889885421132,0.00683230936942626
-212.465948110586,0.0026208853497967,1.85870758398436e-05,0.00725733507325107,0.00942526817031292,4.2358126543083e-05,0.0245929683796517,-0.00680438282051622,-0.0238889885421132,0.00683230936942626
-212.465958110586,0.0026208853497967,1.85870758398436e-05,0.00725733507325107,0.00942526817031292,4.2358126543083e-05,0.0245929683796517,-0.00680438282051622,-0.0238889885421132,0.00683230936942626
-212.590007541416,0.0026208853497967,1.85870758398436e-05,0.00725733507325107,0.00942526817031292,4.2358126543083e-05,0.0245929683796517,-0.00680438282051622,-0.0238889885421132,0.00683230936942626
-212.590017541416,0.0026208853497967,1.85870758398436e-05,0.00725733507325107,0.00942526817031292,4.2358126543083e-05,0.0245929683796517,-0.00680438282051622,-0.0238889885421132,0.00683230936942626
-212.714066972246,0.0026208853497967,1.85870758398436e-05,0.00725733507325107,0.00942526817031292,4.2358126543083e-05,0.0245929683796517,-0.00680438282051622,-0.0238889885421132,0.00683230936942626
-212.714076972246,0.0026208853497967,1.85870758398436e-05,0.00725733507325107,0.00942526817031292,4.2358126543083e-05,0.0245929683796517,-0.00680438282051622,-0.0238889885421132,0.00683230936942626
-212.838126403075,0.0026208853497967,1.85870758398436e-05,0.00725733507325107,0.00942526817031292,4.2358126543083e-05,0.0245929683796517,-0.00680438282051622,-0.0238889885421132,0.00683230936942626
-212.838136403075,0.0026208853497967,1.85870758398436e-05,0.00725733507325107,0.00942526817031292,4.2358126543083e-05,0.0245929683796517,-0.00680438282051622,-0.0238889885421132,0.00683230936942626
-212.962185833905,0.0026208853497967,1.85870758398436e-05,0.00725733507325107,0.00942526817031292,4.2358126543083e-05,0.0245929683796517,-0.00680438282051622,-0.0238889885421132,0.00683230936942626
-212.962195833905,0.00267525341616534,1.8581861374088e-05,0.00758100071846917,0.00974211987671015,4.45871543015109e-05,0.0254225856064432,-0.00706686646054483,-0.0264204312231309,0.00530920379502434
-213.086245264735,0.00267525341616534,1.8581861374088e-05,0.00758100071846917,0.00974211987671015,4.45871543015109e-05,0.0254225856064432,-0.00706686646054483,-0.0264204312231309,0.00530920379502434
-213.086255264735,0.00267525341616534,1.8581861374088e-05,0.00758100071846917,0.00974211987671015,4.45871543015109e-05,0.0254225856064432,-0.00706686646054483,-0.0264204312231309,0.00530920379502434
-213.210304695565,0.00267525341616534,1.8581861374088e-05,0.00758100071846917,0.00974211987671015,4.45871543015109e-05,0.0254225856064432,-0.00706686646054483,-0.0264204312231309,0.00530920379502434
-213.210314695565,0.00267525341616534,1.8581861374088e-05,0.00758100071846917,0.00974211987671015,4.45871543015109e-05,0.0254225856064432,-0.00706686646054483,-0.0264204312231309,0.00530920379502434
-213.334364126394,0.00267525341616534,1.8581861374088e-05,0.00758100071846917,0.00974211987671015,4.45871543015109e-05,0.0254225856064432,-0.00706686646054483,-0.0264204312231309,0.00530920379502434
-213.334374126394,0.00267525341616534,1.8581861374088e-05,0.00758100071846917,0.00974211987671015,4.45871543015109e-05,0.0254225856064432,-0.00706686646054483,-0.0264204312231309,0.00530920379502434
-213.458423557224,0.00267525341616534,1.8581861374088e-05,0.00758100071846917,0.00974211987671015,4.45871543015109e-05,0.0254225856064432,-0.00706686646054483,-0.0264204312231309,0.00530920379502434
-213.458433557224,0.00267525341616534,1.8581861374088e-05,0.00758100071846917,0.00974211987671015,4.45871543015109e-05,0.0254225856064432,-0.00706686646054483,-0.0264204312231309,0.00530920379502434
-213.582482988054,0.00267525341616534,1.8581861374088e-05,0.00758100071846917,0.00974211987671015,4.45871543015109e-05,0.0254225856064432,-0.00706686646054483,-0.0264204312231309,0.00530920379502434
-213.582492988054,0.00267525341616534,1.8581861374088e-05,0.00758100071846917,0.00974211987671015,4.45871543015109e-05,0.0254225856064432,-0.00706686646054483,-0.0264204312231309,0.00530920379502434
-213.706542418884,0.00267525341616534,1.8581861374088e-05,0.00758100071846917,0.00974211987671015,4.45871543015109e-05,0.0254225856064432,-0.00706686646054483,-0.0264204312231309,0.00530920379502434
-213.706552418884,0.00267525341616534,1.8581861374088e-05,0.00758100071846917,0.00974211987671015,4.45871543015109e-05,0.0254225856064432,-0.00706686646054483,-0.0264204312231309,0.00530920379502434
-213.830601849713,0.00267525341616534,1.8581861374088e-05,0.00758100071846917,0.00974211987671015,4.45871543015109e-05,0.0254225856064432,-0.00706686646054483,-0.0264204312231309,0.00530920379502434
-213.830611849713,0.00267525341616534,1.8581861374088e-05,0.00758100071846917,0.00974211987671015,4.45871543015109e-05,0.0254225856064432,-0.00706686646054483,-0.0264204312231309,0.00530920379502434
-213.954661280543,0.00267525341616534,1.8581861374088e-05,0.00758100071846917,0.00974211987671015,4.45871543015109e-05,0.0254225856064432,-0.00706686646054483,-0.0264204312231309,0.00530920379502434
-213.954671280543,0.00273296353061796,6.84961790971735e-05,0.00790011970846369,0.0100480470406608,0.000310786420909674,0.026957868355592,-0.0073150835100428,-0.02721675322344,0.00544141979252164
-214.078720711373,0.00273296353061796,6.84961790971735e-05,0.00790011970846369,0.0100480470406608,0.000310786420909674,0.026957868355592,-0.0073150835100428,-0.02721675322344,0.00544141979252164
-214.078730711373,0.00273296353061796,6.84961790971735e-05,0.00790011970846369,0.0100480470406608,0.000310786420909674,0.026957868355592,-0.0073150835100428,-0.02721675322344,0.00544141979252164
-214.202780142203,0.00273296353061796,6.84961790971735e-05,0.00790011970846369,0.0100480470406608,0.000310786420909674,0.026957868355592,-0.0073150835100428,-0.02721675322344,0.00544141979252164
-214.202790142203,0.00273296353061796,6.84961790971735e-05,0.00790011970846369,0.0100480470406608,0.000310786420909674,0.026957868355592,-0.0073150835100428,-0.02721675322344,0.00544141979252164
-214.326839573033,0.00273296353061796,6.84961790971735e-05,0.00790011970846369,0.0100480470406608,0.000310786420909674,0.026957868355592,-0.0073150835100428,-0.02721675322344,0.00544141979252164
-214.326849573033,0.00273296353061796,6.84961790971735e-05,0.00790011970846369,0.0100480470406608,0.000310786420909674,0.026957868355592,-0.0073150835100428,-0.02721675322344,0.00544141979252164
-214.450899003862,0.00273296353061796,6.84961790971735e-05,0.00790011970846369,0.0100480470406608,0.000310786420909674,0.026957868355592,-0.0073150835100428,-0.02721675322344,0.00544141979252164
-214.450909003862,0.00273296353061796,6.84961790971735e-05,0.00790011970846369,0.0100480470406608,0.000310786420909674,0.026957868355592,-0.0073150835100428,-0.02721675322344,0.00544141979252164
-214.574958434692,0.00273296353061796,6.84961790971735e-05,0.00790011970846369,0.0100480470406608,0.000310786420909674,0.026957868355592,-0.0073150835100428,-0.02721675322344,0.00544141979252164
-214.574968434692,0.00273296353061796,6.84961790971735e-05,0.00790011970846369,0.0100480470406608,0.000310786420909674,0.026957868355592,-0.0073150835100428,-0.02721675322344,0.00544141979252164
-214.699017865522,0.00273296353061796,6.84961790971735e-05,0.00790011970846369,0.0100480470406608,0.000310786420909674,0.026957868355592,-0.0073150835100428,-0.02721675322344,0.00544141979252164
-214.699027865522,0.00273296353061796,6.84961790971735e-05,0.00790011970846369,0.0100480470406608,0.000310786420909674,0.026957868355592,-0.0073150835100428,-0.02721675322344,0.00544141979252164
-214.823077296352,0.00273296353061796,6.84961790971735e-05,0.00790011970846369,0.0100480470406608,0.000310786420909674,0.026957868355592,-0.0073150835100428,-0.02721675322344,0.00544141979252164
-214.823087296352,0.00273296353061796,6.84961790971735e-05,0.00790011970846369,0.0100480470406608,0.000310786420909674,0.026957868355592,-0.0073150835100428,-0.02721675322344,0.00544141979252164
-214.947136727181,0.00273296353061796,6.84961790971735e-05,0.00790011970846369,0.0100480470406608,0.000310786420909674,0.026957868355592,-0.0073150835100428,-0.02721675322344,0.00544141979252164
-214.947146727181,0.00277046908127702,1.88482136421456e-05,0.00767809547241212,0.0103262520319807,4.54788352870283e-05,0.027207492522309,-0.00755578295070368,-0.0281574719302511,0.0053545064933312
-215.071196158011,0.00277046908127702,1.88482136421456e-05,0.00767809547241212,0.0103262520319807,4.54788352870283e-05,0.027207492522309,-0.00755578295070368,-0.0281574719302511,0.0053545064933312
-215.071206158011,0.00277046908127702,1.88482136421456e-05,0.00767809547241212,0.0103262520319807,4.54788352870283e-05,0.027207492522309,-0.00755578295070368,-0.0281574719302511,0.0053545064933312
-215.195255588841,0.00277046908127702,1.88482136421456e-05,0.00767809547241212,0.0103262520319807,4.54788352870283e-05,0.027207492522309,-0.00755578295070368,-0.0281574719302511,0.0053545064933312
-215.195265588841,0.00277046908127702,1.88482136421456e-05,0.00767809547241212,0.0103262520319807,4.54788352870283e-05,0.027207492522309,-0.00755578295070368,-0.0281574719302511,0.0053545064933312
-215.319315019671,0.00277046908127702,1.88482136421456e-05,0.00767809547241212,0.0103262520319807,4.54788352870283e-05,0.027207492522309,-0.00755578295070368,-0.0281574719302511,0.0053545064933312
-215.319325019671,0.00277046908127702,1.88482136421456e-05,0.00767809547241212,0.0103262520319807,4.54788352870283e-05,0.027207492522309,-0.00755578295070368,-0.0281574719302511,0.0053545064933312
-215.4433744505,0.00277046908127702,1.88482136421456e-05,0.00767809547241212,0.0103262520319807,4.54788352870283e-05,0.027207492522309,-0.00755578295070368,-0.0281574719302511,0.0053545064933312
-215.4433844505,0.00277046908127702,1.88482136421456e-05,0.00767809547241212,0.0103262520319807,4.54788352870283e-05,0.027207492522309,-0.00755578295070368,-0.0281574719302511,0.0053545064933312
-215.56743388133,0.00277046908127702,1.88482136421456e-05,0.00767809547241212,0.0103262520319807,4.54788352870283e-05,0.027207492522309,-0.00755578295070368,-0.0281574719302511,0.0053545064933312
-215.56744388133,0.00277046908127702,1.88482136421456e-05,0.00767809547241212,0.0103262520319807,4.54788352870283e-05,0.027207492522309,-0.00755578295070368,-0.0281574719302511,0.0053545064933312
-215.69149331216,0.00277046908127702,1.88482136421456e-05,0.00767809547241212,0.0103262520319807,4.54788352870283e-05,0.027207492522309,-0.00755578295070368,-0.0281574719302511,0.0053545064933312
-215.69150331216,0.00277046908127702,1.88482136421456e-05,0.00767809547241212,0.0103262520319807,4.54788352870283e-05,0.027207492522309,-0.00755578295070368,-0.0281574719302511,0.0053545064933312
-215.81555274299,0.00277046908127702,1.88482136421456e-05,0.00767809547241212,0.0103262520319807,4.54788352870283e-05,0.027207492522309,-0.00755578295070368,-0.0281574719302511,0.0053545064933312
-215.81556274299,0.00277046908127702,1.88482136421456e-05,0.00767809547241212,0.0103262520319807,4.54788352870283e-05,0.027207492522309,-0.00755578295070368,-0.0281574719302511,0.0053545064933312
-215.939612173819,0.00277046908127702,1.88482136421456e-05,0.00767809547241212,0.0103262520319807,4.54788352870283e-05,0.027207492522309,-0.00755578295070368,-0.0281574719302511,0.0053545064933312
-215.939622173819,0.00274355575932752,1.93767058691739e-05,0.00766489925024663,0.0103670928703678,0.000142379403150826,0.0279025815188612,-0.00762353711104028,-0.0264954069048577,0.00746357520724746
-216.063671604649,0.00274355575932752,1.93767058691739e-05,0.00766489925024663,0.0103670928703678,0.000142379403150826,0.0279025815188612,-0.00762353711104028,-0.0264954069048577,0.00746357520724746
-216.063681604649,0.00274355575932752,1.93767058691739e-05,0.00766489925024663,0.0103670928703678,0.000142379403150826,0.0279025815188612,-0.00762353711104028,-0.0264954069048577,0.00746357520724746
-216.187731035479,0.00274355575932752,1.93767058691739e-05,0.00766489925024663,0.0103670928703678,0.000142379403150826,0.0279025815188612,-0.00762353711104028,-0.0264954069048577,0.00746357520724746
-216.187741035479,0.00274355575932752,1.93767058691739e-05,0.00766489925024663,0.0103670928703678,0.000142379403150826,0.0279025815188612,-0.00762353711104028,-0.0264954069048577,0.00746357520724746
-216.311790466309,0.00274355575932752,1.93767058691739e-05,0.00766489925024663,0.0103670928703678,0.000142379403150826,0.0279025815188612,-0.00762353711104028,-0.0264954069048577,0.00746357520724746
-216.311800466309,0.00274355575932752,1.93767058691739e-05,0.00766489925024663,0.0103670928703678,0.000142379403150826,0.0279025815188612,-0.00762353711104028,-0.0264954069048577,0.00746357520724746
-216.435849897138,0.00274355575932752,1.93767058691739e-05,0.00766489925024663,0.0103670928703678,0.000142379403150826,0.0279025815188612,-0.00762353711104028,-0.0264954069048577,0.00746357520724746
-216.435859897138,0.00274355575932752,1.93767058691739e-05,0.00766489925024663,0.0103670928703678,0.000142379403150826,0.0279025815188612,-0.00762353711104028,-0.0264954069048577,0.00746357520724746
-216.559909327968,0.00274355575932752,1.93767058691739e-05,0.00766489925024663,0.0103670928703678,0.000142379403150826,0.0279025815188612,-0.00762353711104028,-0.0264954069048577,0.00746357520724746
-216.559919327968,0.00274355575932752,1.93767058691739e-05,0.00766489925024663,0.0103670928703678,0.000142379403150826,0.0279025815188612,-0.00762353711104028,-0.0264954069048577,0.00746357520724746
-216.683968758798,0.00274355575932752,1.93767058691739e-05,0.00766489925024663,0.0103670928703678,0.000142379403150826,0.0279025815188612,-0.00762353711104028,-0.0264954069048577,0.00746357520724746
-216.683978758798,0.00274355575932752,1.93767058691739e-05,0.00766489925024663,0.0103670928703678,0.000142379403150826,0.0279025815188612,-0.00762353711104028,-0.0264954069048577,0.00746357520724746
-216.808028189628,0.00274355575932752,1.93767058691739e-05,0.00766489925024663,0.0103670928703678,0.000142379403150826,0.0279025815188612,-0.00762353711104028,-0.0264954069048577,0.00746357520724746
-216.808038189628,0.00274355575932752,1.93767058691739e-05,0.00766489925024663,0.0103670928703678,0.000142379403150826,0.0279025815188612,-0.00762353711104028,-0.0264954069048577,0.00746357520724746
-216.932087620457,0.00274355575932752,1.93767058691739e-05,0.00766489925024663,0.0103670928703678,0.000142379403150826,0.0279025815188612,-0.00762353711104028,-0.0264954069048577,0.00746357520724746
-216.932097620457,0.00369946028967241,7.24781907178653e-05,0.00981591416467149,0.00399740782682365,0.00011151515996327,0.00963023248791317,-0.000297947537151242,-0.00907426535621221,0.00951955017887041
-217.056147051287,0.00369946028967241,7.24781907178653e-05,0.00981591416467149,0.00399740782682365,0.00011151515996327,0.00963023248791317,-0.000297947537151242,-0.00907426535621221,0.00951955017887041
-217.056157051287,0.00369946028967241,7.24781907178653e-05,0.00981591416467149,0.00399740782682365,0.00011151515996327,0.00963023248791317,-0.000297947537151242,-0.00907426535621221,0.00951955017887041
-217.180206482117,0.00369946028967241,7.24781907178653e-05,0.00981591416467149,0.00399740782682365,0.00011151515996327,0.00963023248791317,-0.000297947537151242,-0.00907426535621221,0.00951955017887041
-217.180216482117,0.00369946028967241,7.24781907178653e-05,0.00981591416467149,0.00399740782682365,0.00011151515996327,0.00963023248791317,-0.000297947537151242,-0.00907426535621221,0.00951955017887041
-217.304265912947,0.00369946028967241,7.24781907178653e-05,0.00981591416467149,0.00399740782682365,0.00011151515996327,0.00963023248791317,-0.000297947537151242,-0.00907426535621221,0.00951955017887041
-217.304275912947,0.00369946028967241,7.24781907178653e-05,0.00981591416467149,0.00399740782682365,0.00011151515996327,0.00963023248791317,-0.000297947537151242,-0.00907426535621221,0.00951955017887041
-217.428325343776,0.00369946028967241,7.24781907178653e-05,0.00981591416467149,0.00399740782682365,0.00011151515996327,0.00963023248791317,-0.000297947537151242,-0.00907426535621221,0.00951955017887041
-217.428335343776,0.00369946028967241,7.24781907178653e-05,0.00981591416467149,0.00399740782682365,0.00011151515996327,0.00963023248791317,-0.000297947537151242,-0.00907426535621221,0.00951955017887041
-217.552384774606,0.00369946028967241,7.24781907178653e-05,0.00981591416467149,0.00399740782682365,0.00011151515996327,0.00963023248791317,-0.000297947537151242,-0.00907426535621221,0.00951955017887041
-217.552394774606,0.00369946028967241,7.24781907178653e-05,0.00981591416467149,0.00399740782682365,0.00011151515996327,0.00963023248791317,-0.000297947537151242,-0.00907426535621221,0.00951955017887041
-217.676444205436,0.00369946028967241,7.24781907178653e-05,0.00981591416467149,0.00399740782682365,0.00011151515996327,0.00963023248791317,-0.000297947537151242,-0.00907426535621221,0.00951955017887041
-217.676454205436,0.00369946028967241,7.24781907178653e-05,0.00981591416467149,0.00399740782682365,0.00011151515996327,0.00963023248791317,-0.000297947537151242,-0.00907426535621221,0.00951955017887041
-217.800503636266,0.00369946028967241,7.24781907178653e-05,0.00981591416467149,0.00399740782682365,0.00011151515996327,0.00963023248791317,-0.000297947537151242,-0.00907426535621221,0.00951955017887041
-217.800513636266,0.00369946028967241,7.24781907178653e-05,0.00981591416467149,0.00399740782682365,0.00011151515996327,0.00963023248791317,-0.000297947537151242,-0.00907426535621221,0.00951955017887041
-217.924563067095,0.00369946028967241,7.24781907178653e-05,0.00981591416467149,0.00399740782682365,0.00011151515996327,0.00963023248791317,-0.000297947537151242,-0.00907426535621221,0.00951955017887041
-217.924573067095,0.00361809541387107,7.19120970122279e-05,0.00970245302428478,0.00397195072647776,0.000205202957046753,0.0097279676621075,-0.000353855312606693,-0.00919092879555844,0.00909222859175365
-218.048622497925,0.00361809541387107,7.19120970122279e-05,0.00970245302428478,0.00397195072647776,0.000205202957046753,0.0097279676621075,-0.000353855312606693,-0.00919092879555844,0.00909222859175365
-218.048632497925,0.00361809541387107,7.19120970122279e-05,0.00970245302428478,0.00397195072647776,0.000205202957046753,0.0097279676621075,-0.000353855312606693,-0.00919092879555844,0.00909222859175365
-218.172681928755,0.00361809541387107,7.19120970122279e-05,0.00970245302428478,0.00397195072647776,0.000205202957046753,0.0097279676621075,-0.000353855312606693,-0.00919092879555844,0.00909222859175365
-218.172691928755,0.00361809541387107,7.19120970122279e-05,0.00970245302428478,0.00397195072647776,0.000205202957046753,0.0097279676621075,-0.000353855312606693,-0.00919092879555844,0.00909222859175365
-218.296741359585,0.00361809541387107,7.19120970122279e-05,0.00970245302428478,0.00397195072647776,0.000205202957046753,0.0097279676621075,-0.000353855312606693,-0.00919092879555844,0.00909222859175365
-218.296751359585,0.00361809541387107,7.19120970122279e-05,0.00970245302428478,0.00397195072647776,0.000205202957046753,0.0097279676621075,-0.000353855312606693,-0.00919092879555844,0.00909222859175365
-218.420800790414,0.00361809541387107,7.19120970122279e-05,0.00970245302428478,0.00397195072647776,0.000205202957046753,0.0097279676621075,-0.000353855312606693,-0.00919092879555844,0.00909222859175365
-218.420810790414,0.00361809541387107,7.19120970122279e-05,0.00970245302428478,0.00397195072647776,0.000205202957046753,0.0097279676621075,-0.000353855312606693,-0.00919092879555844,0.00909222859175365
-218.544860221244,0.00361809541387107,7.19120970122279e-05,0.00970245302428478,0.00397195072647776,0.000205202957046753,0.0097279676621075,-0.000353855312606693,-0.00919092879555844,0.00909222859175365
-218.544870221244,0.00361809541387107,7.19120970122279e-05,0.00970245302428478,0.00397195072647776,0.000205202957046753,0.0097279676621075,-0.000353855312606693,-0.00919092879555844,0.00909222859175365
-218.668919652074,0.00361809541387107,7.19120970122279e-05,0.00970245302428478,0.00397195072647776,0.000205202957046753,0.0097279676621075,-0.000353855312606693,-0.00919092879555844,0.00909222859175365
-218.668929652074,0.00361809541387107,7.19120970122279e-05,0.00970245302428478,0.00397195072647776,0.000205202957046753,0.0097279676621075,-0.000353855312606693,-0.00919092879555844,0.00909222859175365
-218.792979082904,0.00361809541387107,7.19120970122279e-05,0.00970245302428478,0.00397195072647776,0.000205202957046753,0.0097279676621075,-0.000353855312606693,-0.00919092879555844,0.00909222859175365
-218.792989082904,0.00361809541387107,7.19120970122279e-05,0.00970245302428478,0.00397195072647776,0.000205202957046753,0.0097279676621075,-0.000353855312606693,-0.00919092879555844,0.00909222859175365
-218.917038513733,0.00361809541387107,7.19120970122279e-05,0.00970245302428478,0.00397195072647776,0.000205202957046753,0.0097279676621075,-0.000353855312606693,-0.00919092879555844,0.00909222859175365
-218.917048513733,0.00356001158634611,4.64021015801819e-05,0.00947931462426124,0.00395800334675487,0.000164667990174917,0.00950308064191036,-0.000397991760408761,-0.00912021699347453,0.00903246446914594
-219.041097944563,0.00356001158634611,4.64021015801819e-05,0.00947931462426124,0.00395800334675487,0.000164667990174917,0.00950308064191036,-0.000397991760408761,-0.00912021699347453,0.00903246446914594
-219.041107944563,0.00356001158634611,4.64021015801819e-05,0.00947931462426124,0.00395800334675487,0.000164667990174917,0.00950308064191036,-0.000397991760408761,-0.00912021699347453,0.00903246446914594
-219.165157375393,0.00356001158634611,4.64021015801819e-05,0.00947931462426124,0.00395800334675487,0.000164667990174917,0.00950308064191036,-0.000397991760408761,-0.00912021699347453,0.00903246446914594
-219.165167375393,0.00356001158634611,4.64021015801819e-05,0.00947931462426124,0.00395800334675487,0.000164667990174917,0.00950308064191036,-0.000397991760408761,-0.00912021699347453,0.00903246446914594
-219.289216806223,0.00356001158634611,4.64021015801819e-05,0.00947931462426124,0.00395800334675487,0.000164667990174917,0.00950308064191036,-0.000397991760408761,-0.00912021699347453,0.00903246446914594
-219.289226806223,0.00356001158634611,4.64021015801819e-05,0.00947931462426124,0.00395800334675487,0.000164667990174917,0.00950308064191036,-0.000397991760408761,-0.00912021699347453,0.00903246446914594
-219.413276237052,0.00356001158634611,4.64021015801819e-05,0.00947931462426124,0.00395800334675487,0.000164667990174917,0.00950308064191036,-0.000397991760408761,-0.00912021699347453,0.00903246446914594
-219.413286237052,0.00356001158634611,4.64021015801819e-05,0.00947931462426124,0.00395800334675487,0.000164667990174917,0.00950308064191036,-0.000397991760408761,-0.00912021699347453,0.00903246446914594
-219.537335667882,0.00356001158634611,4.64021015801819e-05,0.00947931462426124,0.00395800334675487,0.000164667990174917,0.00950308064191036,-0.000397991760408761,-0.00912021699347453,0.00903246446914594
-219.537345667882,0.00356001158634611,4.64021015801819e-05,0.00947931462426124,0.00395800334675487,0.000164667990174917,0.00950308064191036,-0.000397991760408761,-0.00912021699347453,0.00903246446914594
-219.661395098712,0.00356001158634611,4.64021015801819e-05,0.00947931462426124,0.00395800334675487,0.000164667990174917,0.00950308064191036,-0.000397991760408761,-0.00912021699347453,0.00903246446914594
-219.661405098712,0.00356001158634611,4.64021015801819e-05,0.00947931462426124,0.00395800334675487,0.000164667990174917,0.00950308064191036,-0.000397991760408761,-0.00912021699347453,0.00903246446914594
-219.785454529542,0.00356001158634611,4.64021015801819e-05,0.00947931462426124,0.00395800334675487,0.000164667990174917,0.00950308064191036,-0.000397991760408761,-0.00912021699347453,0.00903246446914594
-219.785464529542,0.00356001158634611,4.64021015801819e-05,0.00947931462426124,0.00395800334675487,0.000164667990174917,0.00950308064191036,-0.000397991760408761,-0.00912021699347453,0.00903246446914594
-219.909513960371,0.00356001158634611,4.64021015801819e-05,0.00947931462426124,0.00395800334675487,0.000164667990174917,0.00950308064191036,-0.000397991760408761,-0.00912021699347453,0.00903246446914594
-219.909523960372,0.00352176937137642,4.54649994982866e-05,0.00948024433154123,0.00395123266587566,0.000109611716550524,0.00946517486945234,-0.000429463294499227,-0.00931388991734851,0.00891555476339985
-220.033573391201,0.00352176937137642,4.54649994982866e-05,0.00948024433154123,0.00395123266587566,0.000109611716550524,0.00946517486945234,-0.000429463294499227,-0.00931388991734851,0.00891555476339985
-220.033583391201,0.00352176937137642,4.54649994982866e-05,0.00948024433154123,0.00395123266587566,0.000109611716550524,0.00946517486945234,-0.000429463294499227,-0.00931388991734851,0.00891555476339985
-220.157632822031,0.00352176937137642,4.54649994982866e-05,0.00948024433154123,0.00395123266587566,0.000109611716550524,0.00946517486945234,-0.000429463294499227,-0.00931388991734851,0.00891555476339985
-220.157642822031,0.00352176937137642,4.54649994982866e-05,0.00948024433154123,0.00395123266587566,0.000109611716550524,0.00946517486945234,-0.000429463294499227,-0.00931388991734851,0.00891555476339985
-220.281692252861,0.00352176937137642,4.54649994982866e-05,0.00948024433154123,0.00395123266587566,0.000109611716550524,0.00946517486945234,-0.000429463294499227,-0.00931388991734851,0.00891555476339985
-220.281702252861,0.00352176937137642,4.54649994982866e-05,0.00948024433154123,0.00395123266587566,0.000109611716550524,0.00946517486945234,-0.000429463294499227,-0.00931388991734851,0.00891555476339985
-220.405751683691,0.00352176937137642,4.54649994982866e-05,0.00948024433154123,0.00395123266587566,0.000109611716550524,0.00946517486945234,-0.000429463294499227,-0.00931388991734851,0.00891555476339985
-220.405761683691,0.00352176937137642,4.54649994982866e-05,0.00948024433154123,0.00395123266587566,0.000109611716550524,0.00946517486945234,-0.000429463294499227,-0.00931388991734851,0.00891555476339985
-220.52981111452,0.00352176937137642,4.54649994982866e-05,0.00948024433154123,0.00395123266587566,0.000109611716550524,0.00946517486945234,-0.000429463294499227,-0.00931388991734851,0.00891555476339985
-220.52982111452,0.00352176937137642,4.54649994982866e-05,0.00948024433154123,0.00395123266587566,0.000109611716550524,0.00946517486945234,-0.000429463294499227,-0.00931388991734851,0.00891555476339985
-220.65387054535,0.00352176937137642,4.54649994982866e-05,0.00948024433154123,0.00395123266587566,0.000109611716550524,0.00946517486945234,-0.000429463294499227,-0.00931388991734851,0.00891555476339985
-220.65388054535,0.00352176937137642,4.54649994982866e-05,0.00948024433154123,0.00395123266587566,0.000109611716550524,0.00946517486945234,-0.000429463294499227,-0.00931388991734851,0.00891555476339985
-220.77792997618,0.00352176937137642,4.54649994982866e-05,0.00948024433154123,0.00395123266587566,0.000109611716550524,0.00946517486945234,-0.000429463294499227,-0.00931388991734851,0.00891555476339985
-220.77793997618,0.00352176937137642,4.54649994982866e-05,0.00948024433154123,0.00395123266587566,0.000109611716550524,0.00946517486945234,-0.000429463294499227,-0.00931388991734851,0.00891555476339985
-220.90198940701,0.00352176937137642,4.54649994982866e-05,0.00948024433154123,0.00395123266587566,0.000109611716550524,0.00946517486945234,-0.000429463294499227,-0.00931388991734851,0.00891555476339985
-220.90199940701,0.0034798921154703,9.10645409262189e-05,0.00943203697515081,0.00393621284701721,0.000105274174456167,0.00941238920665979,-0.000456320731546914,-0.00875632872965536,0.00910604962690288
-221.026048837839,0.0034798921154703,9.10645409262189e-05,0.00943203697515081,0.00393621284701721,0.000105274174456167,0.00941238920665979,-0.000456320731546914,-0.00875632872965536,0.00910604962690288
-221.026058837839,0.0034798921154703,9.10645409262189e-05,0.00943203697515081,0.00393621284701721,0.000105274174456167,0.00941238920665979,-0.000456320731546914,-0.00875632872965536,0.00910604962690288
-221.150108268669,0.0034798921154703,9.10645409262189e-05,0.00943203697515081,0.00393621284701721,0.000105274174456167,0.00941238920665979,-0.000456320731546914,-0.00875632872965536,0.00910604962690288
-221.150118268669,0.0034798921154703,9.10645409262189e-05,0.00943203697515081,0.00393621284701721,0.000105274174456167,0.00941238920665979,-0.000456320731546914,-0.00875632872965536,0.00910604962690288
-221.274167699499,0.0034798921154703,9.10645409262189e-05,0.00943203697515081,0.00393621284701721,0.000105274174456167,0.00941238920665979,-0.000456320731546914,-0.00875632872965536,0.00910604962690288
-221.274177699499,0.0034798921154703,9.10645409262189e-05,0.00943203697515081,0.00393621284701721,0.000105274174456167,0.00941238920665979,-0.000456320731546914,-0.00875632872965536,0.00910604962690288
-221.398227130329,0.0034798921154703,9.10645409262189e-05,0.00943203697515081,0.00393621284701721,0.000105274174456167,0.00941238920665979,-0.000456320731546914,-0.00875632872965536,0.00910604962690288
-221.398237130329,0.0034798921154703,9.10645409262189e-05,0.00943203697515081,0.00393621284701721,0.000105274174456167,0.00941238920665979,-0.000456320731546914,-0.00875632872965536,0.00910604962690288
-221.522286561158,0.0034798921154703,9.10645409262189e-05,0.00943203697515081,0.00393621284701721,0.000105274174456167,0.00941238920665979,-0.000456320731546914,-0.00875632872965536,0.00910604962690288
-221.522296561158,0.0034798921154703,9.10645409262189e-05,0.00943203697515081,0.00393621284701721,0.000105274174456167,0.00941238920665979,-0.000456320731546914,-0.00875632872965536,0.00910604962690288
-221.646345991988,0.0034798921154703,9.10645409262189e-05,0.00943203697515081,0.00393621284701721,0.000105274174456167,0.00941238920665979,-0.000456320731546914,-0.00875632872965536,0.00910604962690288
-221.646355991988,0.0034798921154703,9.10645409262189e-05,0.00943203697515081,0.00393621284701721,0.000105274174456167,0.00941238920665979,-0.000456320731546914,-0.00875632872965536,0.00910604962690288
-221.770405422818,0.0034798921154703,9.10645409262189e-05,0.00943203697515081,0.00393621284701721,0.000105274174456167,0.00941238920665979,-0.000456320731546914,-0.00875632872965536,0.00910604962690288
-221.770415422818,0.0034798921154703,9.10645409262189e-05,0.00943203697515081,0.00393621284701721,0.000105274174456167,0.00941238920665979,-0.000456320731546914,-0.00875632872965536,0.00910604962690288
-221.894464853648,0.0034798921154703,9.10645409262189e-05,0.00943203697515081,0.00393621284701721,0.000105274174456167,0.00941238920665979,-0.000456320731546914,-0.00875632872965536,0.00910604962690288
-221.894474853648,0.00339941496941247,9.10646381069938e-05,0.0092363520130247,0.00387861569708121,0.000104189135840656,0.00949213885178809,-0.00047920072766874,-0.0086336393257261,0.00921576659643281
-222.018524284477,0.00339941496941247,9.10646381069938e-05,0.0092363520130247,0.00387861569708121,0.000104189135840656,0.00949213885178809,-0.00047920072766874,-0.0086336393257261,0.00921576659643281
-222.018534284477,0.00339941496941247,9.10646381069938e-05,0.0092363520130247,0.00387861569708121,0.000104189135840656,0.00949213885178809,-0.00047920072766874,-0.0086336393257261,0.00921576659643281
-222.142583715307,0.00339941496941247,9.10646381069938e-05,0.0092363520130247,0.00387861569708121,0.000104189135840656,0.00949213885178809,-0.00047920072766874,-0.0086336393257261,0.00921576659643281
-222.142593715307,0.00339941496941247,9.10646381069938e-05,0.0092363520130247,0.00387861569708121,0.000104189135840656,0.00949213885178809,-0.00047920072766874,-0.0086336393257261,0.00921576659643281
-222.266643146137,0.00339941496941247,9.10646381069938e-05,0.0092363520130247,0.00387861569708121,0.000104189135840656,0.00949213885178809,-0.00047920072766874,-0.0086336393257261,0.00921576659643281
-222.266653146137,0.00339941496941247,9.10646381069938e-05,0.0092363520130247,0.00387861569708121,0.000104189135840656,0.00949213885178809,-0.00047920072766874,-0.0086336393257261,0.00921576659643281
-222.390702576967,0.00339941496941247,9.10646381069938e-05,0.0092363520130247,0.00387861569708121,0.000104189135840656,0.00949213885178809,-0.00047920072766874,-0.0086336393257261,0.00921576659643281
-222.390712576967,0.00339941496941247,9.10646381069938e-05,0.0092363520130247,0.00387861569708121,0.000104189135840656,0.00949213885178809,-0.00047920072766874,-0.0086336393257261,0.00921576659643281
-222.514762007796,0.00339941496941247,9.10646381069938e-05,0.0092363520130247,0.00387861569708121,0.000104189135840656,0.00949213885178809,-0.00047920072766874,-0.0086336393257261,0.00921576659643281
-222.514772007796,0.00339941496941247,9.10646381069938e-05,0.0092363520130247,0.00387861569708121,0.000104189135840656,0.00949213885178809,-0.00047920072766874,-0.0086336393257261,0.00921576659643281
-222.638821438626,0.00339941496941247,9.10646381069938e-05,0.0092363520130247,0.00387861569708121,0.000104189135840656,0.00949213885178809,-0.00047920072766874,-0.0086336393257261,0.00921576659643281
-222.638831438626,0.00339941496941247,9.10646381069938e-05,0.0092363520130247,0.00387861569708121,0.000104189135840656,0.00949213885178809,-0.00047920072766874,-0.0086336393257261,0.00921576659643281
-222.762880869456,0.00339941496941247,9.10646381069938e-05,0.0092363520130247,0.00387861569708121,0.000104189135840656,0.00949213885178809,-0.00047920072766874,-0.0086336393257261,0.00921576659643281
-222.762890869456,0.00339941496941247,9.10646381069938e-05,0.0092363520130247,0.00387861569708121,0.000104189135840656,0.00949213885178809,-0.00047920072766874,-0.0086336393257261,0.00921576659643281
-222.886940300286,0.00339941496941247,9.10646381069938e-05,0.0092363520130247,0.00387861569708121,0.000104189135840656,0.00949213885178809,-0.00047920072766874,-0.0086336393257261,0.00921576659643281
-222.886950300286,0.00334606618903621,0.000115895786146922,0.00912208048465507,0.0038521285141414,0.000104165395116433,0.0095382285595981,-0.000506062325105184,-0.0094037973952701,0.00822133442504648
-223.010999731115,0.00334606618903621,0.000115895786146922,0.00912208048465507,0.0038521285141414,0.000104165395116433,0.0095382285595981,-0.000506062325105184,-0.0094037973952701,0.00822133442504648
-223.011009731115,0.00334606618903621,0.000115895786146922,0.00912208048465507,0.0038521285141414,0.000104165395116433,0.0095382285595981,-0.000506062325105184,-0.0094037973952701,0.00822133442504648
-223.135059161945,0.00334606618903621,0.000115895786146922,0.00912208048465507,0.0038521285141414,0.000104165395116433,0.0095382285595981,-0.000506062325105184,-0.0094037973952701,0.00822133442504648
-223.135069161945,0.00334606618903621,0.000115895786146922,0.00912208048465507,0.0038521285141414,0.000104165395116433,0.0095382285595981,-0.000506062325105184,-0.0094037973952701,0.00822133442504648
-223.259118592775,0.00334606618903621,0.000115895786146922,0.00912208048465507,0.0038521285141414,0.000104165395116433,0.0095382285595981,-0.000506062325105184,-0.0094037973952701,0.00822133442504648
-223.259128592775,0.00334606618903621,0.000115895786146922,0.00912208048465507,0.0038521285141414,0.000104165395116433,0.0095382285595981,-0.000506062325105184,-0.0094037973952701,0.00822133442504648
-223.383178023605,0.00334606618903621,0.000115895786146922,0.00912208048465507,0.0038521285141414,0.000104165395116433,0.0095382285595981,-0.000506062325105184,-0.0094037973952701,0.00822133442504648
-223.383188023605,0.00334606618903621,0.000115895786146922,0.00912208048465507,0.0038521285141414,0.000104165395116433,0.0095382285595981,-0.000506062325105184,-0.0094037973952701,0.00822133442504648
-223.507237454434,0.00334606618903621,0.000115895786146922,0.00912208048465507,0.0038521285141414,0.000104165395116433,0.0095382285595981,-0.000506062325105184,-0.0094037973952701,0.00822133442504648
-223.507247454434,0.00334606618903621,0.000115895786146922,0.00912208048465507,0.0038521285141414,0.000104165395116433,0.0095382285595981,-0.000506062325105184,-0.0094037973952701,0.00822133442504648
-223.631296885264,0.00334606618903621,0.000115895786146922,0.00912208048465507,0.0038521285141414,0.000104165395116433,0.0095382285595981,-0.000506062325105184,-0.0094037973952701,0.00822133442504648
-223.631306885264,0.00334606618903621,0.000115895786146922,0.00912208048465507,0.0038521285141414,0.000104165395116433,0.0095382285595981,-0.000506062325105184,-0.0094037973952701,0.00822133442504648
-223.755356316094,0.00334606618903621,0.000115895786146922,0.00912208048465507,0.0038521285141414,0.000104165395116433,0.0095382285595981,-0.000506062325105184,-0.0094037973952701,0.00822133442504648
-223.755366316094,0.00334606618903621,0.000115895786146922,0.00912208048465507,0.0038521285141414,0.000104165395116433,0.0095382285595981,-0.000506062325105184,-0.0094037973952701,0.00822133442504648
-223.879415746924,0.00334606618903621,0.000115895786146922,0.00912208048465507,0.0038521285141414,0.000104165395116433,0.0095382285595981,-0.000506062325105184,-0.0094037973952701,0.00822133442504648
-223.879425746924,0.0032861460701732,4.54696024162831e-05,0.00885998530185544,0.00380031596055102,0.000101998086739014,0.00925199074998569,-0.00051416989037781,-0.00912210359202637,0.00816242306439149
-224.003475177753,0.0032861460701732,4.54696024162831e-05,0.00885998530185544,0.00380031596055102,0.000101998086739014,0.00925199074998569,-0.00051416989037781,-0.00912210359202637,0.00816242306439149
-224.003485177753,0.0032861460701732,4.54696024162831e-05,0.00885998530185544,0.00380031596055102,0.000101998086739014,0.00925199074998569,-0.00051416989037781,-0.00912210359202637,0.00816242306439149
-224.127534608583,0.0032861460701732,4.54696024162831e-05,0.00885998530185544,0.00380031596055102,0.000101998086739014,0.00925199074998569,-0.00051416989037781,-0.00912210359202637,0.00816242306439149
-224.127544608583,0.0032861460701732,4.54696024162831e-05,0.00885998530185544,0.00380031596055102,0.000101998086739014,0.00925199074998569,-0.00051416989037781,-0.00912210359202637,0.00816242306439149
-224.251594039413,0.0032861460701732,4.54696024162831e-05,0.00885998530185544,0.00380031596055102,0.000101998086739014,0.00925199074998569,-0.00051416989037781,-0.00912210359202637,0.00816242306439149
-224.251604039413,0.0032861460701732,4.54696024162831e-05,0.00885998530185544,0.00380031596055102,0.000101998086739014,0.00925199074998569,-0.00051416989037781,-0.00912210359202637,0.00816242306439149
-224.375653470243,0.0032861460701732,4.54696024162831e-05,0.00885998530185544,0.00380031596055102,0.000101998086739014,0.00925199074998569,-0.00051416989037781,-0.00912210359202637,0.00816242306439149
-224.375663470243,0.0032861460701732,4.54696024162831e-05,0.00885998530185544,0.00380031596055102,0.000101998086739014,0.00925199074998569,-0.00051416989037781,-0.00912210359202637,0.00816242306439149
-224.499712901072,0.0032861460701732,4.54696024162831e-05,0.00885998530185544,0.00380031596055102,0.000101998086739014,0.00925199074998569,-0.00051416989037781,-0.00912210359202637,0.00816242306439149
-224.499722901072,0.0032861460701732,4.54696024162831e-05,0.00885998530185544,0.00380031596055102,0.000101998086739014,0.00925199074998569,-0.00051416989037781,-0.00912210359202637,0.00816242306439149
-224.623772331902,0.0032861460701732,4.54696024162831e-05,0.00885998530185544,0.00380031596055102,0.000101998086739014,0.00925199074998569,-0.00051416989037781,-0.00912210359202637,0.00816242306439149
-224.623782331902,0.0032861460701732,4.54696024162831e-05,0.00885998530185544,0.00380031596055102,0.000101998086739014,0.00925199074998569,-0.00051416989037781,-0.00912210359202637,0.00816242306439149
-224.747831762732,0.0032861460701732,4.54696024162831e-05,0.00885998530185544,0.00380031596055102,0.000101998086739014,0.00925199074998569,-0.00051416989037781,-0.00912210359202637,0.00816242306439149
-224.747841762732,0.0032861460701732,4.54696024162831e-05,0.00885998530185544,0.00380031596055102,0.000101998086739014,0.00925199074998569,-0.00051416989037781,-0.00912210359202637,0.00816242306439149
-224.871891193562,0.0032861460701732,4.54696024162831e-05,0.00885998530185544,0.00380031596055102,0.000101998086739014,0.00925199074998569,-0.00051416989037781,-0.00912210359202637,0.00816242306439149
-224.871901193562,0.0032861460701732,4.54696024162831e-05,0.00885998530185544,0.00380031596055102,0.000101998086739014,0.00925199074998569,-0.00051416989037781,-0.00912210359202637,0.00816242306439149
-224.995950624391,0.0032861460701732,4.54696024162831e-05,0.00885998530185544,0.00380031596055102,0.000101998086739014,0.00925199074998569,-0.00051416989037781,-0.00912210359202637,0.00816242306439149
-224.995960624391,0.00318040632339915,4.35951674416304e-05,0.0086097911939083,0.00370866418844941,0.000174589845997775,0.00907081076045965,-0.000528257865050268,-0.00887867778823338,0.00810157571045925
-225.120010055221,0.00318040632339915,4.35951674416304e-05,0.0086097911939083,0.00370866418844941,0.000174589845997775,0.00907081076045965,-0.000528257865050268,-0.00887867778823338,0.00810157571045925
-225.120020055221,0.00318040632339915,4.35951674416304e-05,0.0086097911939083,0.00370866418844941,0.000174589845997775,0.00907081076045965,-0.000528257865050268,-0.00887867778823338,0.00810157571045925
-225.244069486051,0.00318040632339915,4.35951674416304e-05,0.0086097911939083,0.00370866418844941,0.000174589845997775,0.00907081076045965,-0.000528257865050268,-0.00887867778823338,0.00810157571045925
-225.244079486051,0.00318040632339915,4.35951674416304e-05,0.0086097911939083,0.00370866418844941,0.000174589845997775,0.00907081076045965,-0.000528257865050268,-0.00887867778823338,0.00810157571045925
-225.368128916881,0.00318040632339915,4.35951674416304e-05,0.0086097911939083,0.00370866418844941,0.000174589845997775,0.00907081076045965,-0.000528257865050268,-0.00887867778823338,0.00810157571045925
-225.368138916881,0.00318040632339915,4.35951674416304e-05,0.0086097911939083,0.00370866418844941,0.000174589845997775,0.00907081076045965,-0.000528257865050268,-0.00887867778823338,0.00810157571045925
-225.492188347711,0.00318040632339915,4.35951674416304e-05,0.0086097911939083,0.00370866418844941,0.000174589845997775,0.00907081076045965,-0.000528257865050268,-0.00887867778823338,0.00810157571045925
-225.492198347711,0.00318040632339915,4.35951674416304e-05,0.0086097911939083,0.00370866418844941,0.000174589845997775,0.00907081076045965,-0.000528257865050268,-0.00887867778823338,0.00810157571045925
-225.61624777854,0.00318040632339915,4.35951674416304e-05,0.0086097911939083,0.00370866418844941,0.000174589845997775,0.00907081076045965,-0.000528257865050268,-0.00887867778823338,0.00810157571045925
-225.61625777854,0.00318040632339915,4.35951674416304e-05,0.0086097911939083,0.00370866418844941,0.000174589845997775,0.00907081076045965,-0.000528257865050268,-0.00887867778823338,0.00810157571045925
-225.74030720937,0.00318040632339915,4.35951674416304e-05,0.0086097911939083,0.00370866418844941,0.000174589845997775,0.00907081076045965,-0.000528257865050268,-0.00887867778823338,0.00810157571045925
-225.74031720937,0.00318040632339915,4.35951674416304e-05,0.0086097911939083,0.00370866418844941,0.000174589845997775,0.00907081076045965,-0.000528257865050268,-0.00887867778823338,0.00810157571045925
-225.8643666402,0.00318040632339915,4.35951674416304e-05,0.0086097911939083,0.00370866418844941,0.000174589845997775,0.00907081076045965,-0.000528257865050268,-0.00887867778823338,0.00810157571045925
-225.8643766402,0.00318040632339915,4.35951674416304e-05,0.0086097911939083,0.00370866418844941,0.000174589845997775,0.00907081076045965,-0.000528257865050268,-0.00887867778823338,0.00810157571045925
-225.98842607103,0.00318040632339915,4.35951674416304e-05,0.0086097911939083,0.00370866418844941,0.000174589845997775,0.00907081076045965,-0.000528257865050268,-0.00887867778823338,0.00810157571045925
-225.98843607103,0.00311078358078069,4.31268263094867e-05,0.00828589315185521,0.00368598182469764,9.84819071713775e-05,0.00907766021701143,-0.000575198243916955,-0.00880055141355214,0.00806567538347281
-226.112485501859,0.00311078358078069,4.31268263094867e-05,0.00828589315185521,0.00368598182469764,9.84819071713775e-05,0.00907766021701143,-0.000575198243916955,-0.00880055141355214,0.00806567538347281
-226.112495501859,0.00311078358078069,4.31268263094867e-05,0.00828589315185521,0.00368598182469764,9.84819071713775e-05,0.00907766021701143,-0.000575198243916955,-0.00880055141355214,0.00806567538347281
-226.236544932689,0.00311078358078069,4.31268263094867e-05,0.00828589315185521,0.00368598182469764,9.84819071713775e-05,0.00907766021701143,-0.000575198243916955,-0.00880055141355214,0.00806567538347281
-226.236554932689,0.00311078358078069,4.31268263094867e-05,0.00828589315185521,0.00368598182469764,9.84819071713775e-05,0.00907766021701143,-0.000575198243916955,-0.00880055141355214,0.00806567538347281
-226.360604363519,0.00311078358078069,4.31268263094867e-05,0.00828589315185521,0.00368598182469764,9.84819071713775e-05,0.00907766021701143,-0.000575198243916955,-0.00880055141355214,0.00806567538347281
-226.360614363519,0.00311078358078069,4.31268263094867e-05,0.00828589315185521,0.00368598182469764,9.84819071713775e-05,0.00907766021701143,-0.000575198243916955,-0.00880055141355214,0.00806567538347281
-226.484663794349,0.00311078358078069,4.31268263094867e-05,0.00828589315185521,0.00368598182469764,9.84819071713775e-05,0.00907766021701143,-0.000575198243916955,-0.00880055141355214,0.00806567538347281
-226.484673794349,0.00311078358078069,4.31268263094867e-05,0.00828589315185521,0.00368598182469764,9.84819071713775e-05,0.00907766021701143,-0.000575198243916955,-0.00880055141355214,0.00806567538347281
-226.608723225178,0.00311078358078069,4.31268263094867e-05,0.00828589315185521,0.00368598182469764,9.84819071713775e-05,0.00907766021701143,-0.000575198243916955,-0.00880055141355214,0.00806567538347281
-226.608733225178,0.00311078358078069,4.31268263094867e-05,0.00828589315185521,0.00368598182469764,9.84819071713775e-05,0.00907766021701143,-0.000575198243916955,-0.00880055141355214,0.00806567538347281
-226.732782656008,0.00311078358078069,4.31268263094867e-05,0.00828589315185521,0.00368598182469764,9.84819071713775e-05,0.00907766021701143,-0.000575198243916955,-0.00880055141355214,0.00806567538347281
-226.732792656008,0.00311078358078069,4.31268263094867e-05,0.00828589315185521,0.00368598182469764,9.84819071713775e-05,0.00907766021701143,-0.000575198243916955,-0.00880055141355214,0.00806567538347281
-226.856842086838,0.00311078358078069,4.31268263094867e-05,0.00828589315185521,0.00368598182469764,9.84819071713775e-05,0.00907766021701143,-0.000575198243916955,-0.00880055141355214,0.00806567538347281
-226.856852086838,0.00311078358078069,4.31268263094867e-05,0.00828589315185521,0.00368598182469764,9.84819071713775e-05,0.00907766021701143,-0.000575198243916955,-0.00880055141355214,0.00806567538347281
-226.980901517668,0.00311078358078069,4.31268263094867e-05,0.00828589315185521,0.00368598182469764,9.84819071713775e-05,0.00907766021701143,-0.000575198243916955,-0.00880055141355214,0.00806567538347281
-226.980911517668,0.0556516295739189,0.00109744911403624,0.135534866677158,0.00628457638246692,0.000189780680993873,0.0151829578156057,0.049367053191452,-0.00809751975621978,0.131833208777053
-227.104960948497,0.0556516295739189,0.00109744911403624,0.135534866677158,0.00628457638246692,0.000189780680993873,0.0151829578156057,0.049367053191452,-0.00809751975621978,0.131833208777053
-227.104970948497,0.0556516295739189,0.00109744911403624,0.135534866677158,0.00628457638246692,0.000189780680993873,0.0151829578156057,0.049367053191452,-0.00809751975621978,0.131833208777053
-227.229020379327,0.0556516295739189,0.00109744911403624,0.135534866677158,0.00628457638246692,0.000189780680993873,0.0151829578156057,0.049367053191452,-0.00809751975621978,0.131833208777053
-227.229030379327,0.0556516295739189,0.00109744911403624,0.135534866677158,0.00628457638246692,0.000189780680993873,0.0151829578156057,0.049367053191452,-0.00809751975621978,0.131833208777053
-227.353079810157,0.0556516295739189,0.00109744911403624,0.135534866677158,0.00628457638246692,0.000189780680993873,0.0151829578156057,0.049367053191452,-0.00809751975621978,0.131833208777053
-227.353089810157,0.0556516295739189,0.00109744911403624,0.135534866677158,0.00628457638246692,0.000189780680993873,0.0151829578156057,0.049367053191452,-0.00809751975621978,0.131833208777053
-227.477139240987,0.0556516295739189,0.00109744911403624,0.135534866677158,0.00628457638246692,0.000189780680993873,0.0151829578156057,0.049367053191452,-0.00809751975621978,0.131833208777053
-227.477149240987,0.0556516295739189,0.00109744911403624,0.135534866677158,0.00628457638246692,0.000189780680993873,0.0151829578156057,0.049367053191452,-0.00809751975621978,0.131833208777053
-227.601198671816,0.0556516295739189,0.00109744911403624,0.135534866677158,0.00628457638246692,0.000189780680993873,0.0151829578156057,0.049367053191452,-0.00809751975621978,0.131833208777053
-227.601208671816,0.0556516295739189,0.00109744911403624,0.135534866677158,0.00628457638246692,0.000189780680993873,0.0151829578156057,0.049367053191452,-0.00809751975621978,0.131833208777053
-227.725258102646,0.0556516295739189,0.00109744911403624,0.135534866677158,0.00628457638246692,0.000189780680993873,0.0151829578156057,0.049367053191452,-0.00809751975621978,0.131833208777053
-227.725268102646,0.0556516295739189,0.00109744911403624,0.135534866677158,0.00628457638246692,0.000189780680993873,0.0151829578156057,0.049367053191452,-0.00809751975621978,0.131833208777053
-227.849317533476,0.0556516295739189,0.00109744911403624,0.135534866677158,0.00628457638246692,0.000189780680993873,0.0151829578156057,0.049367053191452,-0.00809751975621978,0.131833208777053
-227.849327533476,0.0556516295739189,0.00109744911403624,0.135534866677158,0.00628457638246692,0.000189780680993873,0.0151829578156057,0.049367053191452,-0.00809751975621978,0.131833208777053
-227.973376964306,0.0556516295739189,0.00109744911403624,0.135534866677158,0.00628457638246692,0.000189780680993873,0.0151829578156057,0.049367053191452,-0.00809751975621978,0.131833208777053
-227.973386964306,0.0463361326269475,0.000541976553824352,0.109784175870611,0.00464179301807163,0.000119310469377174,0.0116277749389655,0.0416943396088759,-0.00638571152139874,0.105239293634995
-228.097436395135,0.0463361326269475,0.000541976553824352,0.109784175870611,0.00464179301807163,0.000119310469377174,0.0116277749389655,0.0416943396088759,-0.00638571152139874,0.105239293634995
-228.097446395135,0.0463361326269475,0.000541976553824352,0.109784175870611,0.00464179301807163,0.000119310469377174,0.0116277749389655,0.0416943396088759,-0.00638571152139874,0.105239293634995
-228.221495825965,0.0463361326269475,0.000541976553824352,0.109784175870611,0.00464179301807163,0.000119310469377174,0.0116277749389655,0.0416943396088759,-0.00638571152139874,0.105239293634995
-228.221505825965,0.0463361326269475,0.000541976553824352,0.109784175870611,0.00464179301807163,0.000119310469377174,0.0116277749389655,0.0416943396088759,-0.00638571152139874,0.105239293634995
-228.345555256795,0.0463361326269475,0.000541976553824352,0.109784175870611,0.00464179301807163,0.000119310469377174,0.0116277749389655,0.0416943396088759,-0.00638571152139874,0.105239293634995
-228.345565256795,0.0463361326269475,0.000541976553824352,0.109784175870611,0.00464179301807163,0.000119310469377174,0.0116277749389655,0.0416943396088759,-0.00638571152139874,0.105239293634995
-228.469614687625,0.0463361326269475,0.000541976553824352,0.109784175870611,0.00464179301807163,0.000119310469377174,0.0116277749389655,0.0416943396088759,-0.00638571152139874,0.105239293634995
-228.469624687625,0.0463361326269475,0.000541976553824352,0.109784175870611,0.00464179301807163,0.000119310469377174,0.0116277749389655,0.0416943396088759,-0.00638571152139874,0.105239293634995
-228.593674118454,0.0463361326269475,0.000541976553824352,0.109784175870611,0.00464179301807163,0.000119310469377174,0.0116277749389655,0.0416943396088759,-0.00638571152139874,0.105239293634995
-228.593684118454,0.0463361326269475,0.000541976553824352,0.109784175870611,0.00464179301807163,0.000119310469377174,0.0116277749389655,0.0416943396088759,-0.00638571152139874,0.105239293634995
-228.717733549284,0.0463361326269475,0.000541976553824352,0.109784175870611,0.00464179301807163,0.000119310469377174,0.0116277749389655,0.0416943396088759,-0.00638571152139874,0.105239293634995
-228.717743549284,0.0463361326269475,0.000541976553824352,0.109784175870611,0.00464179301807163,0.000119310469377174,0.0116277749389655,0.0416943396088759,-0.00638571152139874,0.105239293634995
-228.841792980114,0.0463361326269475,0.000541976553824352,0.109784175870611,0.00464179301807163,0.000119310469377174,0.0116277749389655,0.0416943396088759,-0.00638571152139874,0.105239293634995
-228.841802980114,0.0463361326269475,0.000541976553824352,0.109784175870611,0.00464179301807163,0.000119310469377174,0.0116277749389655,0.0416943396088759,-0.00638571152139874,0.105239293634995
-228.965852410944,0.0463361326269475,0.000541976553824352,0.109784175870611,0.00464179301807163,0.000119310469377174,0.0116277749389655,0.0416943396088759,-0.00638571152139874,0.105239293634995
-228.965862410944,0.0468185914890205,0.000520989113604309,0.113394333657325,0.00500587354497272,0.000223275439799741,0.0127431188985727,0.0418127179440478,-0.00737942937846036,0.110287037598131
-229.089911841773,0.0468185914890205,0.000520989113604309,0.113394333657325,0.00500587354497272,0.000223275439799741,0.0127431188985727,0.0418127179440478,-0.00737942937846036,0.110287037598131
-229.089921841773,0.0468185914890205,0.000520989113604309,0.113394333657325,0.00500587354497272,0.000223275439799741,0.0127431188985727,0.0418127179440478,-0.00737942937846036,0.110287037598131
-229.213971272603,0.0468185914890205,0.000520989113604309,0.113394333657325,0.00500587354497272,0.000223275439799741,0.0127431188985727,0.0418127179440478,-0.00737942937846036,0.110287037598131
-229.213981272603,0.0468185914890205,0.000520989113604309,0.113394333657325,0.00500587354497272,0.000223275439799741,0.0127431188985727,0.0418127179440478,-0.00737942937846036,0.110287037598131
-229.338030703433,0.0468185914890205,0.000520989113604309,0.113394333657325,0.00500587354497272,0.000223275439799741,0.0127431188985727,0.0418127179440478,-0.00737942937846036,0.110287037598131
-229.338040703433,0.0468185914890205,0.000520989113604309,0.113394333657325,0.00500587354497272,0.000223275439799741,0.0127431188985727,0.0418127179440478,-0.00737942937846036,0.110287037598131
-229.462090134263,0.0468185914890205,0.000520989113604309,0.113394333657325,0.00500587354497272,0.000223275439799741,0.0127431188985727,0.0418127179440478,-0.00737942937846036,0.110287037598131
-229.462100134263,0.0468185914890205,0.000520989113604309,0.113394333657325,0.00500587354497272,0.000223275439799741,0.0127431188985727,0.0418127179440478,-0.00737942937846036,0.110287037598131
-229.586149565092,0.0468185914890205,0.000520989113604309,0.113394333657325,0.00500587354497272,0.000223275439799741,0.0127431188985727,0.0418127179440478,-0.00737942937846036,0.110287037598131
-229.586159565092,0.0468185914890205,0.000520989113604309,0.113394333657325,0.00500587354497272,0.000223275439799741,0.0127431188985727,0.0418127179440478,-0.00737942937846036,0.110287037598131
-229.710208995922,0.0468185914890205,0.000520989113604309,0.113394333657325,0.00500587354497272,0.000223275439799741,0.0127431188985727,0.0418127179440478,-0.00737942937846036,0.110287037598131
-229.710218995922,0.0468185914890205,0.000520989113604309,0.113394333657325,0.00500587354497272,0.000223275439799741,0.0127431188985727,0.0418127179440478,-0.00737942937846036,0.110287037598131
-229.834268426752,0.0468185914890205,0.000520989113604309,0.113394333657325,0.00500587354497272,0.000223275439799741,0.0127431188985727,0.0418127179440478,-0.00737942937846036,0.110287037598131
-229.834278426752,0.0468185914890205,0.000520989113604309,0.113394333657325,0.00500587354497272,0.000223275439799741,0.0127431188985727,0.0418127179440478,-0.00737942937846036,0.110287037598131
-229.958327857582,0.0468185914890205,0.000520989113604309,0.113394333657325,0.00500587354497272,0.000223275439799741,0.0127431188985727,0.0418127179440478,-0.00737942937846036,0.110287037598131
-229.958337857582,0.0460352736076913,0.000535120132902102,0.112418714081018,0.00517580832548132,0.000133341806093929,0.013084605503217,0.0408594652822099,-0.00601762533947926,0.113884488705216
-230.082387288411,0.0460352736076913,0.000535120132902102,0.112418714081018,0.00517580832548132,0.000133341806093929,0.013084605503217,0.0408594652822099,-0.00601762533947926,0.113884488705216
-230.082397288411,0.0460352736076913,0.000535120132902102,0.112418714081018,0.00517580832548132,0.000133341806093929,0.013084605503217,0.0408594652822099,-0.00601762533947926,0.113884488705216
-230.206446719241,0.0460352736076913,0.000535120132902102,0.112418714081018,0.00517580832548132,0.000133341806093929,0.013084605503217,0.0408594652822099,-0.00601762533947926,0.113884488705216
-230.206456719241,0.0460352736076913,0.000535120132902102,0.112418714081018,0.00517580832548132,0.000133341806093929,0.013084605503217,0.0408594652822099,-0.00601762533947926,0.113884488705216
-230.330506150071,0.0460352736076913,0.000535120132902102,0.112418714081018,0.00517580832548132,0.000133341806093929,0.013084605503217,0.0408594652822099,-0.00601762533947926,0.113884488705216
-230.330516150071,0.0460352736076913,0.000535120132902102,0.112418714081018,0.00517580832548132,0.000133341806093929,0.013084605503217,0.0408594652822099,-0.00601762533947926,0.113884488705216
-230.454565580901,0.0460352736076913,0.000535120132902102,0.112418714081018,0.00517580832548132,0.000133341806093929,0.013084605503217,0.0408594652822099,-0.00601762533947926,0.113884488705216
-230.454575580901,0.0460352736076913,0.000535120132902102,0.112418714081018,0.00517580832548132,0.000133341806093929,0.013084605503217,0.0408594652822099,-0.00601762533947926,0.113884488705216
-230.57862501173,0.0460352736076913,0.000535120132902102,0.112418714081018,0.00517580832548132,0.000133341806093929,0.013084605503217,0.0408594652822099,-0.00601762533947926,0.113884488705216
-230.57863501173,0.0460352736076913,0.000535120132902102,0.112418714081018,0.00517580832548132,0.000133341806093929,0.013084605503217,0.0408594652822099,-0.00601762533947926,0.113884488705216
-230.70268444256,0.0460352736076913,0.000535120132902102,0.112418714081018,0.00517580832548132,0.000133341806093929,0.013084605503217,0.0408594652822099,-0.00601762533947926,0.113884488705216
-230.70269444256,0.0460352736076913,0.000535120132902102,0.112418714081018,0.00517580832548132,0.000133341806093929,0.013084605503217,0.0408594652822099,-0.00601762533947926,0.113884488705216
-230.82674387339,0.0460352736076913,0.000535120132902102,0.112418714081018,0.00517580832548132,0.000133341806093929,0.013084605503217,0.0408594652822099,-0.00601762533947926,0.113884488705216
-230.82675387339,0.0460352736076913,0.000535120132902102,0.112418714081018,0.00517580832548132,0.000133341806093929,0.013084605503217,0.0408594652822099,-0.00601762533947926,0.113884488705216
-230.95080330422,0.0460352736076913,0.000535120132902102,0.112418714081018,0.00517580832548132,0.000133341806093929,0.013084605503217,0.0408594652822099,-0.00601762533947926,0.113884488705216
-230.95081330422,0.0461823586251662,0.000443780122550921,0.115585379602935,0.00548754133494761,0.000224196445128905,0.0137668076796755,0.0406948172902186,-0.00824527339010358,0.111803965529031
-231.07486273505,0.0461823586251662,0.000443780122550921,0.115585379602935,0.00548754133494761,0.000224196445128905,0.0137668076796755,0.0406948172902186,-0.00824527339010358,0.111803965529031
-231.07487273505,0.0461823586251662,0.000443780122550921,0.115585379602935,0.00548754133494761,0.000224196445128905,0.0137668076796755,0.0406948172902186,-0.00824527339010358,0.111803965529031
-231.198922165879,0.0461823586251662,0.000443780122550921,0.115585379602935,0.00548754133494761,0.000224196445128905,0.0137668076796755,0.0406948172902186,-0.00824527339010358,0.111803965529031
-231.198932165879,0.0461823586251662,0.000443780122550921,0.115585379602935,0.00548754133494761,0.000224196445128905,0.0137668076796755,0.0406948172902186,-0.00824527339010358,0.111803965529031
-231.322981596709,0.0461823586251662,0.000443780122550921,0.115585379602935,0.00548754133494761,0.000224196445128905,0.0137668076796755,0.0406948172902186,-0.00824527339010358,0.111803965529031
-231.322991596709,0.0461823586251662,0.000443780122550921,0.115585379602935,0.00548754133494761,0.000224196445128905,0.0137668076796755,0.0406948172902186,-0.00824527339010358,0.111803965529031
-231.447041027539,0.0461823586251662,0.000443780122550921,0.115585379602935,0.00548754133494761,0.000224196445128905,0.0137668076796755,0.0406948172902186,-0.00824527339010358,0.111803965529031
-231.447051027539,0.0461823586251662,0.000443780122550921,0.115585379602935,0.00548754133494761,0.000224196445128905,0.0137668076796755,0.0406948172902186,-0.00824527339010358,0.111803965529031
-231.571100458369,0.0461823586251662,0.000443780122550921,0.115585379602935,0.00548754133494761,0.000224196445128905,0.0137668076796755,0.0406948172902186,-0.00824527339010358,0.111803965529031
-231.571110458369,0.0461823586251662,0.000443780122550921,0.115585379602935,0.00548754133494761,0.000224196445128905,0.0137668076796755,0.0406948172902186,-0.00824527339010358,0.111803965529031
-231.695159889198,0.0461823586251662,0.000443780122550921,0.115585379602935,0.00548754133494761,0.000224196445128905,0.0137668076796755,0.0406948172902186,-0.00824527339010358,0.111803965529031
-231.695169889198,0.0461823586251662,0.000443780122550921,0.115585379602935,0.00548754133494761,0.000224196445128905,0.0137668076796755,0.0406948172902186,-0.00824527339010358,0.111803965529031
-231.819219320028,0.0461823586251662,0.000443780122550921,0.115585379602935,0.00548754133494761,0.000224196445128905,0.0137668076796755,0.0406948172902186,-0.00824527339010358,0.111803965529031
-231.819229320028,0.0461823586251662,0.000443780122550921,0.115585379602935,0.00548754133494761,0.000224196445128905,0.0137668076796755,0.0406948172902186,-0.00824527339010358,0.111803965529031
-231.943278750858,0.0461823586251662,0.000443780122550921,0.115585379602935,0.00548754133494761,0.000224196445128905,0.0137668076796755,0.0406948172902186,-0.00824527339010358,0.111803965529031
-231.943288750858,0.0439716714583675,0.00075467477819222,0.110594595084893,0.00547220261077822,0.000136160697812939,0.0136430072821966,0.0384994688475893,-0.00631205316644698,0.108042955632406
-232.067338181688,0.0439716714583675,0.00075467477819222,0.110594595084893,0.00547220261077822,0.000136160697812939,0.0136430072821966,0.0384994688475893,-0.00631205316644698,0.108042955632406
-232.067348181688,0.0439716714583675,0.00075467477819222,0.110594595084893,0.00547220261077822,0.000136160697812939,0.0136430072821966,0.0384994688475893,-0.00631205316644698,0.108042955632406
-232.191397612517,0.0439716714583675,0.00075467477819222,0.110594595084893,0.00547220261077822,0.000136160697812939,0.0136430072821966,0.0384994688475893,-0.00631205316644698,0.108042955632406
-232.191407612517,0.0439716714583675,0.00075467477819222,0.110594595084893,0.00547220261077822,0.000136160697812939,0.0136430072821966,0.0384994688475893,-0.00631205316644698,0.108042955632406
-232.315457043347,0.0439716714583675,0.00075467477819222,0.110594595084893,0.00547220261077822,0.000136160697812939,0.0136430072821966,0.0384994688475893,-0.00631205316644698,0.108042955632406
-232.315467043347,0.0439716714583675,0.00075467477819222,0.110594595084893,0.00547220261077822,0.000136160697812939,0.0136430072821966,0.0384994688475893,-0.00631205316644698,0.108042955632406
-232.439516474177,0.0439716714583675,0.00075467477819222,0.110594595084893,0.00547220261077822,0.000136160697812939,0.0136430072821966,0.0384994688475893,-0.00631205316644698,0.108042955632406
-232.439526474177,0.0439716714583675,0.00075467477819222,0.110594595084893,0.00547220261077822,0.000136160697812939,0.0136430072821966,0.0384994688475893,-0.00631205316644698,0.108042955632406
-232.563575905007,0.0439716714583675,0.00075467477819222,0.110594595084893,0.00547220261077822,0.000136160697812939,0.0136430072821966,0.0384994688475893,-0.00631205316644698,0.108042955632406
-232.563585905007,0.0439716714583675,0.00075467477819222,0.110594595084893,0.00547220261077822,0.000136160697812939,0.0136430072821966,0.0384994688475893,-0.00631205316644698,0.108042955632406
-232.687635335836,0.0439716714583675,0.00075467477819222,0.110594595084893,0.00547220261077822,0.000136160697812939,0.0136430072821966,0.0384994688475893,-0.00631205316644698,0.108042955632406
-232.687645335836,0.0439716714583675,0.00075467477819222,0.110594595084893,0.00547220261077822,0.000136160697812939,0.0136430072821966,0.0384994688475893,-0.00631205316644698,0.108042955632406
-232.811694766666,0.0439716714583675,0.00075467477819222,0.110594595084893,0.00547220261077822,0.000136160697812939,0.0136430072821966,0.0384994688475893,-0.00631205316644698,0.108042955632406
-232.811704766666,0.0439716714583675,0.00075467477819222,0.110594595084893,0.00547220261077822,0.000136160697812939,0.0136430072821966,0.0384994688475893,-0.00631205316644698,0.108042955632406
-232.935754197496,0.0439716714583675,0.00075467477819222,0.110594595084893,0.00547220261077822,0.000136160697812939,0.0136430072821966,0.0384994688475893,-0.00631205316644698,0.108042955632406
-232.935764197496,0.0427128122878286,0.000401664711950702,0.111815164428357,0.00544519389969613,0.000236121873474878,0.0136623077617443,0.0372676183881323,-0.0080214418995981,0.107933356482331
-233.059813628326,0.0427128122878286,0.000401664711950702,0.111815164428357,0.00544519389969613,0.000236121873474878,0.0136623077617443,0.0372676183881323,-0.0080214418995981,0.107933356482331
-233.059823628326,0.0427128122878286,0.000401664711950702,0.111815164428357,0.00544519389969613,0.000236121873474878,0.0136623077617443,0.0372676183881323,-0.0080214418995981,0.107933356482331
-233.183873059155,0.0427128122878286,0.000401664711950702,0.111815164428357,0.00544519389969613,0.000236121873474878,0.0136623077617443,0.0372676183881323,-0.0080214418995981,0.107933356482331
-233.183883059155,0.0427128122878286,0.000401664711950702,0.111815164428357,0.00544519389969613,0.000236121873474878,0.0136623077617443,0.0372676183881323,-0.0080214418995981,0.107933356482331
-233.307932489985,0.0427128122878286,0.000401664711950702,0.111815164428357,0.00544519389969613,0.000236121873474878,0.0136623077617443,0.0372676183881323,-0.0080214418995981,0.107933356482331
-233.307942489985,0.0427128122878286,0.000401664711950702,0.111815164428357,0.00544519389969613,0.000236121873474878,0.0136623077617443,0.0372676183881323,-0.0080214418995981,0.107933356482331
-233.431991920815,0.0427128122878286,0.000401664711950702,0.111815164428357,0.00544519389969613,0.000236121873474878,0.0136623077617443,0.0372676183881323,-0.0080214418995981,0.107933356482331
-233.432001920815,0.0427128122878286,0.000401664711950702,0.111815164428357,0.00544519389969613,0.000236121873474878,0.0136623077617443,0.0372676183881323,-0.0080214418995981,0.107933356482331
-233.556051351645,0.0427128122878286,0.000401664711950702,0.111815164428357,0.00544519389969613,0.000236121873474878,0.0136623077617443,0.0372676183881323,-0.0080214418995981,0.107933356482331
-233.556061351645,0.0427128122878286,0.000401664711950702,0.111815164428357,0.00544519389969613,0.000236121873474878,0.0136623077617443,0.0372676183881323,-0.0080214418995981,0.107933356482331
-233.680110782474,0.0427128122878286,0.000401664711950702,0.111815164428357,0.00544519389969613,0.000236121873474878,0.0136623077617443,0.0372676183881323,-0.0080214418995981,0.107933356482331
-233.680120782474,0.0427128122878286,0.000401664711950702,0.111815164428357,0.00544519389969613,0.000236121873474878,0.0136623077617443,0.0372676183881323,-0.0080214418995981,0.107933356482331
-233.804170213304,0.0427128122878286,0.000401664711950702,0.111815164428357,0.00544519389969613,0.000236121873474878,0.0136623077617443,0.0372676183881323,-0.0080214418995981,0.107933356482331
-233.804180213304,0.0427128122878286,0.000401664711950702,0.111815164428357,0.00544519389969613,0.000236121873474878,0.0136623077617443,0.0372676183881323,-0.0080214418995981,0.107933356482331
-233.928229644134,0.0427128122878286,0.000401664711950702,0.111815164428357,0.00544519389969613,0.000236121873474878,0.0136623077617443,0.0372676183881323,-0.0080214418995981,0.107933356482331
-233.928239644134,0.040840959093133,0.000387611570811032,0.105901160626934,0.00544569002541337,0.000133706117479235,0.0138599637364505,0.0353952690677196,-0.00847046147580891,0.10265332354404
-234.052289074964,0.040840959093133,0.000387611570811032,0.105901160626934,0.00544569002541337,0.000133706117479235,0.0138599637364505,0.0353952690677196,-0.00847046147580891,0.10265332354404
-234.052299074964,0.040840959093133,0.000387611570811032,0.105901160626934,0.00544569002541337,0.000133706117479235,0.0138599637364505,0.0353952690677196,-0.00847046147580891,0.10265332354404
-234.176348505793,0.040840959093133,0.000387611570811032,0.105901160626934,0.00544569002541337,0.000133706117479235,0.0138599637364505,0.0353952690677196,-0.00847046147580891,0.10265332354404
-234.176358505793,0.040840959093133,0.000387611570811032,0.105901160626934,0.00544569002541337,0.000133706117479235,0.0138599637364505,0.0353952690677196,-0.00847046147580891,0.10265332354404
-234.300407936623,0.040840959093133,0.000387611570811032,0.105901160626934,0.00544569002541337,0.000133706117479235,0.0138599637364505,0.0353952690677196,-0.00847046147580891,0.10265332354404
-234.300417936623,0.040840959093133,0.000387611570811032,0.105901160626934,0.00544569002541337,0.000133706117479235,0.0138599637364505,0.0353952690677196,-0.00847046147580891,0.10265332354404
-234.424467367453,0.040840959093133,0.000387611570811032,0.105901160626934,0.00544569002541337,0.000133706117479235,0.0138599637364505,0.0353952690677196,-0.00847046147580891,0.10265332354404
-234.424477367453,0.040840959093133,0.000387611570811032,0.105901160626934,0.00544569002541337,0.000133706117479235,0.0138599637364505,0.0353952690677196,-0.00847046147580891,0.10265332354404
-234.548526798283,0.040840959093133,0.000387611570811032,0.105901160626934,0.00544569002541337,0.000133706117479235,0.0138599637364505,0.0353952690677196,-0.00847046147580891,0.10265332354404
-234.548536798283,0.040840959093133,0.000387611570811032,0.105901160626934,0.00544569002541337,0.000133706117479235,0.0138599637364505,0.0353952690677196,-0.00847046147580891,0.10265332354404
-234.672586229112,0.040840959093133,0.000387611570811032,0.105901160626934,0.00544569002541337,0.000133706117479235,0.0138599637364505,0.0353952690677196,-0.00847046147580891,0.10265332354404
-234.672596229112,0.040840959093133,0.000387611570811032,0.105901160626934,0.00544569002541337,0.000133706117479235,0.0138599637364505,0.0353952690677196,-0.00847046147580891,0.10265332354404
-234.796645659942,0.040840959093133,0.000387611570811032,0.105901160626934,0.00544569002541337,0.000133706117479235,0.0138599637364505,0.0353952690677196,-0.00847046147580891,0.10265332354404
-234.796655659942,0.040840959093133,0.000387611570811032,0.105901160626934,0.00544569002541337,0.000133706117479235,0.0138599637364505,0.0353952690677196,-0.00847046147580891,0.10265332354404
-234.920705090772,0.040840959093133,0.000387611570811032,0.105901160626934,0.00544569002541337,0.000133706117479235,0.0138599637364505,0.0353952690677196,-0.00847046147580891,0.10265332354404
-234.920715090772,0.039128261872163,0.000366525157173611,0.102490620124473,0.00547511954486891,0.000131147818127433,0.0141268339033236,0.0336531423272941,-0.0079735247052938,0.0987069440847173
-235.044764521602,0.039128261872163,0.000366525157173611,0.102490620124473,0.00547511954486891,0.000131147818127433,0.0141268339033236,0.0336531423272941,-0.0079735247052938,0.0987069440847173
-235.044774521602,0.039128261872163,0.000366525157173611,0.102490620124473,0.00547511954486891,0.000131147818127433,0.0141268339033236,0.0336531423272941,-0.0079735247052938,0.0987069440847173
-235.168823952431,0.039128261872163,0.000366525157173611,0.102490620124473,0.00547511954486891,0.000131147818127433,0.0141268339033236,0.0336531423272941,-0.0079735247052938,0.0987069440847173
-235.168833952431,0.039128261872163,0.000366525157173611,0.102490620124473,0.00547511954486891,0.000131147818127433,0.0141268339033236,0.0336531423272941,-0.0079735247052938,0.0987069440847173
-235.292883383261,0.039128261872163,0.000366525157173611,0.102490620124473,0.00547511954486891,0.000131147818127433,0.0141268339033236,0.0336531423272941,-0.0079735247052938,0.0987069440847173
-235.292893383261,0.039128261872163,0.000366525157173611,0.102490620124473,0.00547511954486891,0.000131147818127433,0.0141268339033236,0.0336531423272941,-0.0079735247052938,0.0987069440847173
-235.416942814091,0.039128261872163,0.000366525157173611,0.102490620124473,0.00547511954486891,0.000131147818127433,0.0141268339033236,0.0336531423272941,-0.0079735247052938,0.0987069440847173
-235.416952814091,0.039128261872163,0.000366525157173611,0.102490620124473,0.00547511954486891,0.000131147818127433,0.0141268339033236,0.0336531423272941,-0.0079735247052938,0.0987069440847173
-235.541002244921,0.039128261872163,0.000366525157173611,0.102490620124473,0.00547511954486891,0.000131147818127433,0.0141268339033236,0.0336531423272941,-0.0079735247052938,0.0987069440847173
-235.541012244921,0.039128261872163,0.000366525157173611,0.102490620124473,0.00547511954486891,0.000131147818127433,0.0141268339033236,0.0336531423272941,-0.0079735247052938,0.0987069440847173
-235.66506167575,0.039128261872163,0.000366525157173611,0.102490620124473,0.00547511954486891,0.000131147818127433,0.0141268339033236,0.0336531423272941,-0.0079735247052938,0.0987069440847173
-235.66507167575,0.039128261872163,0.000366525157173611,0.102490620124473,0.00547511954486891,0.000131147818127433,0.0141268339033236,0.0336531423272941,-0.0079735247052938,0.0987069440847173
-235.78912110658,0.039128261872163,0.000366525157173611,0.102490620124473,0.00547511954486891,0.000131147818127433,0.0141268339033236,0.0336531423272941,-0.0079735247052938,0.0987069440847173
-235.78913110658,0.039128261872163,0.000366525157173611,0.102490620124473,0.00547511954486891,0.000131147818127433,0.0141268339033236,0.0336531423272941,-0.0079735247052938,0.0987069440847173
-235.91318053741,0.039128261872163,0.000366525157173611,0.102490620124473,0.00547511954486891,0.000131147818127433,0.0141268339033236,0.0336531423272941,-0.0079735247052938,0.0987069440847173
-235.91319053741,0.0411010023204424,0.000400641613458898,0.108635936131465,0.00614134707670065,0.000128397277225395,0.015472026537774,0.0349596552437418,-0.00882889551949466,0.105922602413136
-236.03723996824,0.0411010023204424,0.000400641613458898,0.108635936131465,0.00614134707670065,0.000128397277225395,0.015472026537774,0.0349596552437418,-0.00882889551949466,0.105922602413136
-236.03724996824,0.0411010023204424,0.000400641613458898,0.108635936131465,0.00614134707670065,0.000128397277225395,0.015472026537774,0.0349596552437418,-0.00882889551949466,0.105922602413136
-236.161299399069,0.0411010023204424,0.000400641613458898,0.108635936131465,0.00614134707670065,0.000128397277225395,0.015472026537774,0.0349596552437418,-0.00882889551949466,0.105922602413136
-236.161309399069,0.0411010023204424,0.000400641613458898,0.108635936131465,0.00614134707670065,0.000128397277225395,0.015472026537774,0.0349596552437418,-0.00882889551949466,0.105922602413136
-236.285358829899,0.0411010023204424,0.000400641613458898,0.108635936131465,0.00614134707670065,0.000128397277225395,0.015472026537774,0.0349596552437418,-0.00882889551949466,0.105922602413136
-236.285368829899,0.0411010023204424,0.000400641613458898,0.108635936131465,0.00614134707670065,0.000128397277225395,0.015472026537774,0.0349596552437418,-0.00882889551949466,0.105922602413136
-236.409418260729,0.0411010023204424,0.000400641613458898,0.108635936131465,0.00614134707670065,0.000128397277225395,0.015472026537774,0.0349596552437418,-0.00882889551949466,0.105922602413136
-236.409428260729,0.0411010023204424,0.000400641613458898,0.108635936131465,0.00614134707670065,0.000128397277225395,0.015472026537774,0.0349596552437418,-0.00882889551949466,0.105922602413136
-236.533477691559,0.0411010023204424,0.000400641613458898,0.108635936131465,0.00614134707670065,0.000128397277225395,0.015472026537774,0.0349596552437418,-0.00882889551949466,0.105922602413136
-236.533487691559,0.0411010023204424,0.000400641613458898,0.108635936131465,0.00614134707670065,0.000128397277225395,0.015472026537774,0.0349596552437418,-0.00882889551949466,0.105922602413136
-236.657537122389,0.0411010023204424,0.000400641613458898,0.108635936131465,0.00614134707670065,0.000128397277225395,0.015472026537774,0.0349596552437418,-0.00882889551949466,0.105922602413136
-236.657547122389,0.0411010023204424,0.000400641613458898,0.108635936131465,0.00614134707670065,0.000128397277225395,0.015472026537774,0.0349596552437418,-0.00882889551949466,0.105922602413136
-236.781596553218,0.0411010023204424,0.000400641613458898,0.108635936131465,0.00614134707670065,0.000128397277225395,0.015472026537774,0.0349596552437418,-0.00882889551949466,0.105922602413136
-236.781606553218,0.0411010023204424,0.000400641613458898,0.108635936131465,0.00614134707670065,0.000128397277225395,0.015472026537774,0.0349596552437418,-0.00882889551949466,0.105922602413136
-236.905655984048,0.0411010023204424,0.000400641613458898,0.108635936131465,0.00614134707670065,0.000128397277225395,0.015472026537774,0.0349596552437418,-0.00882889551949466,0.105922602413136
-236.905665984048,0.116193517344214,0.00259058489047371,0.235291134565218,0.0307250824186259,0.000310664342347251,0.0942067285771592,0.0854684349255877,-0.0390988102865154,0.246633884628096
-237.029715414878,0.116193517344214,0.00259058489047371,0.235291134565218,0.0307250824186259,0.000310664342347251,0.0942067285771592,0.0854684349255877,-0.0390988102865154,0.246633884628096
-237.029725414878,0.116193517344214,0.00259058489047371,0.235291134565218,0.0307250824186259,0.000310664342347251,0.0942067285771592,0.0854684349255877,-0.0390988102865154,0.246633884628096
-237.153774845708,0.116193517344214,0.00259058489047371,0.235291134565218,0.0307250824186259,0.000310664342347251,0.0942067285771592,0.0854684349255877,-0.0390988102865154,0.246633884628096
-237.153784845708,0.116193517344214,0.00259058489047371,0.235291134565218,0.0307250824186259,0.000310664342347251,0.0942067285771592,0.0854684349255877,-0.0390988102865154,0.246633884628096
-237.277834276537,0.116193517344214,0.00259058489047371,0.235291134565218,0.0307250824186259,0.000310664342347251,0.0942067285771592,0.0854684349255877,-0.0390988102865154,0.246633884628096
-237.277844276537,0.116193517344214,0.00259058489047371,0.235291134565218,0.0307250824186259,0.000310664342347251,0.0942067285771592,0.0854684349255877,-0.0390988102865154,0.246633884628096
-237.401893707367,0.116193517344214,0.00259058489047371,0.235291134565218,0.0307250824186259,0.000310664342347251,0.0942067285771592,0.0854684349255877,-0.0390988102865154,0.246633884628096
-237.401903707367,0.116193517344214,0.00259058489047371,0.235291134565218,0.0307250824186259,0.000310664342347251,0.0942067285771592,0.0854684349255877,-0.0390988102865154,0.246633884628096
-237.525953138197,0.116193517344214,0.00259058489047371,0.235291134565218,0.0307250824186259,0.000310664342347251,0.0942067285771592,0.0854684349255877,-0.0390988102865154,0.246633884628096
-237.525963138197,0.116193517344214,0.00259058489047371,0.235291134565218,0.0307250824186259,0.000310664342347251,0.0942067285771592,0.0854684349255877,-0.0390988102865154,0.246633884628096
-237.650012569027,0.116193517344214,0.00259058489047371,0.235291134565218,0.0307250824186259,0.000310664342347251,0.0942067285771592,0.0854684349255877,-0.0390988102865154,0.246633884628096
-237.650022569027,0.116193517344214,0.00259058489047371,0.235291134565218,0.0307250824186259,0.000310664342347251,0.0942067285771592,0.0854684349255877,-0.0390988102865154,0.246633884628096
-237.774071999856,0.116193517344214,0.00259058489047371,0.235291134565218,0.0307250824186259,0.000310664342347251,0.0942067285771592,0.0854684349255877,-0.0390988102865154,0.246633884628096
-237.774081999856,0.116193517344214,0.00259058489047371,0.235291134565218,0.0307250824186259,0.000310664342347251,0.0942067285771592,0.0854684349255877,-0.0390988102865154,0.246633884628096
-237.898131430686,0.116193517344214,0.00259058489047371,0.235291134565218,0.0307250824186259,0.000310664342347251,0.0942067285771592,0.0854684349255877,-0.0390988102865154,0.246633884628096
-237.898141430686,0.103016486338502,0.00200676278077256,0.210735984033058,0.0356005483891225,0.000689279673292205,0.104613672300297,0.0674159379493791,-0.0700225829386693,0.203934793714954
-238.022190861516,0.103016486338502,0.00200676278077256,0.210735984033058,0.0356005483891225,0.000689279673292205,0.104613672300297,0.0674159379493791,-0.0700225829386693,0.203934793714954
-238.022200861516,0.103016486338502,0.00200676278077256,0.210735984033058,0.0356005483891225,0.000689279673292205,0.104613672300297,0.0674159379493791,-0.0700225829386693,0.203934793714954
-238.146250292346,0.103016486338502,0.00200676278077256,0.210735984033058,0.0356005483891225,0.000689279673292205,0.104613672300297,0.0674159379493791,-0.0700225829386693,0.203934793714954
-238.146260292346,0.103016486338502,0.00200676278077256,0.210735984033058,0.0356005483891225,0.000689279673292205,0.104613672300297,0.0674159379493791,-0.0700225829386693,0.203934793714954
-238.270309723175,0.103016486338502,0.00200676278077256,0.210735984033058,0.0356005483891225,0.000689279673292205,0.104613672300297,0.0674159379493791,-0.0700225829386693,0.203934793714954
-238.270319723175,0.103016486338502,0.00200676278077256,0.210735984033058,0.0356005483891225,0.000689279673292205,0.104613672300297,0.0674159379493791,-0.0700225829386693,0.203934793714954
-238.394369154005,0.103016486338502,0.00200676278077256,0.210735984033058,0.0356005483891225,0.000689279673292205,0.104613672300297,0.0674159379493791,-0.0700225829386693,0.203934793714954
-238.394379154005,0.103016486338502,0.00200676278077256,0.210735984033058,0.0356005483891225,0.000689279673292205,0.104613672300297,0.0674159379493791,-0.0700225829386693,0.203934793714954
-238.518428584835,0.103016486338502,0.00200676278077256,0.210735984033058,0.0356005483891225,0.000689279673292205,0.104613672300297,0.0674159379493791,-0.0700225829386693,0.203934793714954
-238.518438584835,0.103016486338502,0.00200676278077256,0.210735984033058,0.0356005483891225,0.000689279673292205,0.104613672300297,0.0674159379493791,-0.0700225829386693,0.203934793714954
-238.642488015665,0.103016486338502,0.00200676278077256,0.210735984033058,0.0356005483891225,0.000689279673292205,0.104613672300297,0.0674159379493791,-0.0700225829386693,0.203934793714954
-238.642498015665,0.103016486338502,0.00200676278077256,0.210735984033058,0.0356005483891225,0.000689279673292205,0.104613672300297,0.0674159379493791,-0.0700225829386693,0.203934793714954
-238.766547446494,0.103016486338502,0.00200676278077256,0.210735984033058,0.0356005483891225,0.000689279673292205,0.104613672300297,0.0674159379493791,-0.0700225829386693,0.203934793714954
-238.766557446494,0.103016486338502,0.00200676278077256,0.210735984033058,0.0356005483891225,0.000689279673292205,0.104613672300297,0.0674159379493791,-0.0700225829386693,0.203934793714954
-238.890606877324,0.103016486338502,0.00200676278077256,0.210735984033058,0.0356005483891225,0.000689279673292205,0.104613672300297,0.0674159379493791,-0.0700225829386693,0.203934793714954
-238.890616877324,0.0958635131055587,0.00165228047783822,0.204845610155386,0.0377541479787101,0.000652127015109891,0.112308938693725,0.0581093651268486,-0.0887665812826785,0.188440349856455
-239.014666308154,0.0958635131055587,0.00165228047783822,0.204845610155386,0.0377541479787101,0.000652127015109891,0.112308938693725,0.0581093651268486,-0.0887665812826785,0.188440349856455
-239.014676308154,0.0958635131055587,0.00165228047783822,0.204845610155386,0.0377541479787101,0.000652127015109891,0.112308938693725,0.0581093651268486,-0.0887665812826785,0.188440349856455
-239.138725738984,0.0958635131055587,0.00165228047783822,0.204845610155386,0.0377541479787101,0.000652127015109891,0.112308938693725,0.0581093651268486,-0.0887665812826785,0.188440349856455
-239.138735738984,0.0958635131055587,0.00165228047783822,0.204845610155386,0.0377541479787101,0.000652127015109891,0.112308938693725,0.0581093651268486,-0.0887665812826785,0.188440349856455
-239.262785169813,0.0958635131055587,0.00165228047783822,0.204845610155386,0.0377541479787101,0.000652127015109891,0.112308938693725,0.0581093651268486,-0.0887665812826785,0.188440349856455
-239.262795169813,0.0958635131055587,0.00165228047783822,0.204845610155386,0.0377541479787101,0.000652127015109891,0.112308938693725,0.0581093651268486,-0.0887665812826785,0.188440349856455
-239.386844600643,0.0958635131055587,0.00165228047783822,0.204845610155386,0.0377541479787101,0.000652127015109891,0.112308938693725,0.0581093651268486,-0.0887665812826785,0.188440349856455
-239.386854600643,0.0958635131055587,0.00165228047783822,0.204845610155386,0.0377541479787101,0.000652127015109891,0.112308938693725,0.0581093651268486,-0.0887665812826785,0.188440349856455
-239.510904031473,0.0958635131055587,0.00165228047783822,0.204845610155386,0.0377541479787101,0.000652127015109891,0.112308938693725,0.0581093651268486,-0.0887665812826785,0.188440349856455
-239.510914031473,0.0958635131055587,0.00165228047783822,0.204845610155386,0.0377541479787101,0.000652127015109891,0.112308938693725,0.0581093651268486,-0.0887665812826785,0.188440349856455
-239.634963462303,0.0958635131055587,0.00165228047783822,0.204845610155386,0.0377541479787101,0.000652127015109891,0.112308938693725,0.0581093651268486,-0.0887665812826785,0.188440349856455
-239.634973462303,0.0958635131055587,0.00165228047783822,0.204845610155386,0.0377541479787101,0.000652127015109891,0.112308938693725,0.0581093651268486,-0.0887665812826785,0.188440349856455
-239.759022893132,0.0958635131055587,0.00165228047783822,0.204845610155386,0.0377541479787101,0.000652127015109891,0.112308938693725,0.0581093651268486,-0.0887665812826785,0.188440349856455
-239.759032893132,0.0958635131055587,0.00165228047783822,0.204845610155386,0.0377541479787101,0.000652127015109891,0.112308938693725,0.0581093651268486,-0.0887665812826785,0.188440349856455
-239.883082323962,0.0958635131055587,0.00165228047783822,0.204845610155386,0.0377541479787101,0.000652127015109891,0.112308938693725,0.0581093651268486,-0.0887665812826785,0.188440349856455
-239.883092323962,0.087409465559689,0.00169664058123195,0.181676470738564,0.0381230913962867,0.000847145990803006,0.116025764372902,0.0492863741634022,-0.0745689027957375,0.188704947258333
-240.007141754792,0.087409465559689,0.00169664058123195,0.181676470738564,0.0381230913962867,0.000847145990803006,0.116025764372902,0.0492863741634022,-0.0745689027957375,0.188704947258333
-240.007151754792,0.087409465559689,0.00169664058123195,0.181676470738564,0.0381230913962867,0.000847145990803006,0.116025764372902,0.0492863741634022,-0.0745689027957375,0.188704947258333
-240.131201185622,0.087409465559689,0.00169664058123195,0.181676470738564,0.0381230913962867,0.000847145990803006,0.116025764372902,0.0492863741634022,-0.0745689027957375,0.188704947258333
-240.131211185622,0.087409465559689,0.00169664058123195,0.181676470738564,0.0381230913962867,0.000847145990803006,0.116025764372902,0.0492863741634022,-0.0745689027957375,0.188704947258333
-240.255260616451,0.087409465559689,0.00169664058123195,0.181676470738564,0.0381230913962867,0.000847145990803006,0.116025764372902,0.0492863741634022,-0.0745689027957375,0.188704947258333
-240.255270616451,0.087409465559689,0.00169664058123195,0.181676470738564,0.0381230913962867,0.000847145990803006,0.116025764372902,0.0492863741634022,-0.0745689027957375,0.188704947258333
-240.379320047281,0.087409465559689,0.00169664058123195,0.181676470738564,0.0381230913962867,0.000847145990803006,0.116025764372902,0.0492863741634022,-0.0745689027957375,0.188704947258333
-240.379330047281,0.087409465559689,0.00169664058123195,0.181676470738564,0.0381230913962867,0.000847145990803006,0.116025764372902,0.0492863741634022,-0.0745689027957375,0.188704947258333
-240.503379478111,0.087409465559689,0.00169664058123195,0.181676470738564,0.0381230913962867,0.000847145990803006,0.116025764372902,0.0492863741634022,-0.0745689027957375,0.188704947258333
-240.503389478111,0.087409465559689,0.00169664058123195,0.181676470738564,0.0381230913962867,0.000847145990803006,0.116025764372902,0.0492863741634022,-0.0745689027957375,0.188704947258333
-240.627438908941,0.087409465559689,0.00169664058123195,0.181676470738564,0.0381230913962867,0.000847145990803006,0.116025764372902,0.0492863741634022,-0.0745689027957375,0.188704947258333
-240.627448908941,0.087409465559689,0.00169664058123195,0.181676470738564,0.0381230913962867,0.000847145990803006,0.116025764372902,0.0492863741634022,-0.0745689027957375,0.188704947258333
-240.75149833977,0.087409465559689,0.00169664058123195,0.181676470738564,0.0381230913962867,0.000847145990803006,0.116025764372902,0.0492863741634022,-0.0745689027957375,0.188704947258333
-240.75150833977,0.087409465559689,0.00169664058123195,0.181676470738564,0.0381230913962867,0.000847145990803006,0.116025764372902,0.0492863741634022,-0.0745689027957375,0.188704947258333
-240.8755577706,0.087409465559689,0.00169664058123195,0.181676470738564,0.0381230913962867,0.000847145990803006,0.116025764372902,0.0492863741634022,-0.0745689027957375,0.188704947258333
-240.8755677706,0.087409465559689,0.00169664058123195,0.181676470738564,0.0381230913962867,0.000847145990803006,0.116025764372902,0.0492863741634022,-0.0745689027957375,0.188704947258333
-240.99961720143,0.087409465559689,0.00169664058123195,0.181676470738564,0.0381230913962867,0.000847145990803006,0.116025764372902,0.0492863741634022,-0.0745689027957375,0.188704947258333
-240.99962720143,0.169148081241445,0.00102489043762334,0.402241571808535,0.0758819337355125,0.00220722106435772,0.209424748815867,0.0932661475059324,-0.133158487518709,0.417495485194227
-241.12367663226,0.169148081241445,0.00102489043762334,0.402241571808535,0.0758819337355125,0.00220722106435772,0.209424748815867,0.0932661475059324,-0.133158487518709,0.417495485194227
-241.12368663226,0.169148081241445,0.00102489043762334,0.402241571808535,0.0758819337355125,0.00220722106435772,0.209424748815867,0.0932661475059324,-0.133158487518709,0.417495485194227
-241.247736063089,0.169148081241445,0.00102489043762334,0.402241571808535,0.0758819337355125,0.00220722106435772,0.209424748815867,0.0932661475059324,-0.133158487518709,0.417495485194227
-241.247746063089,0.169148081241445,0.00102489043762334,0.402241571808535,0.0758819337355125,0.00220722106435772,0.209424748815867,0.0932661475059324,-0.133158487518709,0.417495485194227
-241.371795493919,0.169148081241445,0.00102489043762334,0.402241571808535,0.0758819337355125,0.00220722106435772,0.209424748815867,0.0932661475059324,-0.133158487518709,0.417495485194227
-241.371805493919,0.169148081241445,0.00102489043762334,0.402241571808535,0.0758819337355125,0.00220722106435772,0.209424748815867,0.0932661475059324,-0.133158487518709,0.417495485194227
-241.495854924749,0.169148081241445,0.00102489043762334,0.402241571808535,0.0758819337355125,0.00220722106435772,0.209424748815867,0.0932661475059324,-0.133158487518709,0.417495485194227
-241.495864924749,0.169148081241445,0.00102489043762334,0.402241571808535,0.0758819337355125,0.00220722106435772,0.209424748815867,0.0932661475059324,-0.133158487518709,0.417495485194227
-241.619914355579,0.169148081241445,0.00102489043762334,0.402241571808535,0.0758819337355125,0.00220722106435772,0.209424748815867,0.0932661475059324,-0.133158487518709,0.417495485194227
-241.619924355579,0.169148081241445,0.00102489043762334,0.402241571808535,0.0758819337355125,0.00220722106435772,0.209424748815867,0.0932661475059324,-0.133158487518709,0.417495485194227
-241.743973786408,0.169148081241445,0.00102489043762334,0.402241571808535,0.0758819337355125,0.00220722106435772,0.209424748815867,0.0932661475059324,-0.133158487518709,0.417495485194227
-241.743983786408,0.169148081241445,0.00102489043762334,0.402241571808535,0.0758819337355125,0.00220722106435772,0.209424748815867,0.0932661475059324,-0.133158487518709,0.417495485194227
-241.868033217238,0.169148081241445,0.00102489043762334,0.402241571808535,0.0758819337355125,0.00220722106435772,0.209424748815867,0.0932661475059324,-0.133158487518709,0.417495485194227
-241.868043217238,0.169148081241445,0.00102489043762334,0.402241571808535,0.0758819337355125,0.00220722106435772,0.209424748815867,0.0932661475059324,-0.133158487518709,0.417495485194227
-241.992092648068,0.169148081241445,0.00102489043762334,0.402241571808535,0.0758819337355125,0.00220722106435772,0.209424748815867,0.0932661475059324,-0.133158487518709,0.417495485194227
-241.992102648068,0.0607943265941426,0.000486327847184772,0.150442636585485,0.106800996966915,0.00910243714087694,0.201836434061823,-0.0460066703727721,-0.182979852882605,0.0814735361883616
-242.116152078898,0.0607943265941426,0.000486327847184772,0.150442636585485,0.106800996966915,0.00910243714087694,0.201836434061823,-0.0460066703727721,-0.182979852882605,0.0814735361883616
-242.116162078898,0.0607943265941426,0.000486327847184772,0.150442636585485,0.106800996966915,0.00910243714087694,0.201836434061823,-0.0460066703727721,-0.182979852882605,0.0814735361883616
-242.240211509727,0.0607943265941426,0.000486327847184772,0.150442636585485,0.106800996966915,0.00910243714087694,0.201836434061823,-0.0460066703727721,-0.182979852882605,0.0814735361883616
-242.240221509727,0.0607943265941426,0.000486327847184772,0.150442636585485,0.106800996966915,0.00910243714087694,0.201836434061823,-0.0460066703727721,-0.182979852882605,0.0814735361883616
-242.364270940557,0.0607943265941426,0.000486327847184772,0.150442636585485,0.106800996966915,0.00910243714087694,0.201836434061823,-0.0460066703727721,-0.182979852882605,0.0814735361883616
-242.364280940557,0.0607943265941426,0.000486327847184772,0.150442636585485,0.106800996966915,0.00910243714087694,0.201836434061823,-0.0460066703727721,-0.182979852882605,0.0814735361883616
-242.488330371387,0.0607943265941426,0.000486327847184772,0.150442636585485,0.106800996966915,0.00910243714087694,0.201836434061823,-0.0460066703727721,-0.182979852882605,0.0814735361883616
-242.488340371387,0.0607943265941426,0.000486327847184772,0.150442636585485,0.106800996966915,0.00910243714087694,0.201836434061823,-0.0460066703727721,-0.182979852882605,0.0814735361883616
-242.612389802217,0.0607943265941426,0.000486327847184772,0.150442636585485,0.106800996966915,0.00910243714087694,0.201836434061823,-0.0460066703727721,-0.182979852882605,0.0814735361883616
-242.612399802217,0.0607943265941426,0.000486327847184772,0.150442636585485,0.106800996966915,0.00910243714087694,0.201836434061823,-0.0460066703727721,-0.182979852882605,0.0814735361883616
-242.736449233047,0.0607943265941426,0.000486327847184772,0.150442636585485,0.106800996966915,0.00910243714087694,0.201836434061823,-0.0460066703727721,-0.182979852882605,0.0814735361883616
-242.736459233047,0.0607943265941426,0.000486327847184772,0.150442636585485,0.106800996966915,0.00910243714087694,0.201836434061823,-0.0460066703727721,-0.182979852882605,0.0814735361883616
-242.860508663876,0.0607943265941426,0.000486327847184772,0.150442636585485,0.106800996966915,0.00910243714087694,0.201836434061823,-0.0460066703727721,-0.182979852882605,0.0814735361883616
-242.860518663876,0.0607943265941426,0.000486327847184772,0.150442636585485,0.106800996966915,0.00910243714087694,0.201836434061823,-0.0460066703727721,-0.182979852882605,0.0814735361883616
-242.984568094706,0.0607943265941426,0.000486327847184772,0.150442636585485,0.106800996966915,0.00910243714087694,0.201836434061823,-0.0460066703727721,-0.182979852882605,0.0814735361883616
-242.984578094706,0.0596088887752451,0.000481833149273698,0.150827564015799,0.109739191641095,0.00966241125048138,0.204440412473724,-0.0501303028658496,-0.185298053391614,0.0747245019814641
-243.108627525536,0.0596088887752451,0.000481833149273698,0.150827564015799,0.109739191641095,0.00966241125048138,0.204440412473724,-0.0501303028658496,-0.185298053391614,0.0747245019814641
-243.108637525536,0.0596088887752451,0.000481833149273698,0.150827564015799,0.109739191641095,0.00966241125048138,0.204440412473724,-0.0501303028658496,-0.185298053391614,0.0747245019814641
-243.232686956366,0.0596088887752451,0.000481833149273698,0.150827564015799,0.109739191641095,0.00966241125048138,0.204440412473724,-0.0501303028658496,-0.185298053391614,0.0747245019814641
-243.232696956366,0.0596088887752451,0.000481833149273698,0.150827564015799,0.109739191641095,0.00966241125048138,0.204440412473724,-0.0501303028658496,-0.185298053391614,0.0747245019814641
-243.356746387195,0.0596088887752451,0.000481833149273698,0.150827564015799,0.109739191641095,0.00966241125048138,0.204440412473724,-0.0501303028658496,-0.185298053391614,0.0747245019814641
-243.356756387195,0.0596088887752451,0.000481833149273698,0.150827564015799,0.109739191641095,0.00966241125048138,0.204440412473724,-0.0501303028658496,-0.185298053391614,0.0747245019814641
-243.480805818025,0.0596088887752451,0.000481833149273698,0.150827564015799,0.109739191641095,0.00966241125048138,0.204440412473724,-0.0501303028658496,-0.185298053391614,0.0747245019814641
-243.480815818025,0.0596088887752451,0.000481833149273698,0.150827564015799,0.109739191641095,0.00966241125048138,0.204440412473724,-0.0501303028658496,-0.185298053391614,0.0747245019814641
-243.604865248855,0.0596088887752451,0.000481833149273698,0.150827564015799,0.109739191641095,0.00966241125048138,0.204440412473724,-0.0501303028658496,-0.185298053391614,0.0747245019814641
-243.604875248855,0.0596088887752451,0.000481833149273698,0.150827564015799,0.109739191641095,0.00966241125048138,0.204440412473724,-0.0501303028658496,-0.185298053391614,0.0747245019814641
-243.728924679685,0.0596088887752451,0.000481833149273698,0.150827564015799,0.109739191641095,0.00966241125048138,0.204440412473724,-0.0501303028658496,-0.185298053391614,0.0747245019814641
-243.728934679685,0.0596088887752451,0.000481833149273698,0.150827564015799,0.109739191641095,0.00966241125048138,0.204440412473724,-0.0501303028658496,-0.185298053391614,0.0747245019814641
-243.852984110514,0.0596088887752451,0.000481833149273698,0.150827564015799,0.109739191641095,0.00966241125048138,0.204440412473724,-0.0501303028658496,-0.185298053391614,0.0747245019814641
-243.852994110514,0.0596088887752451,0.000481833149273698,0.150827564015799,0.109739191641095,0.00966241125048138,0.204440412473724,-0.0501303028658496,-0.185298053391614,0.0747245019814641
-243.977043541344,0.0596088887752451,0.000481833149273698,0.150827564015799,0.109739191641095,0.00966241125048138,0.204440412473724,-0.0501303028658496,-0.185298053391614,0.0747245019814641
-243.977053541344,0.0587540173076205,0.000502143241999084,0.144822497915177,0.113339543984195,0.0105063566615994,0.210525808573331,-0.0545855266765744,-0.18339253382798,0.0761264728641852
-244.101102972174,0.0587540173076205,0.000502143241999084,0.144822497915177,0.113339543984195,0.0105063566615994,0.210525808573331,-0.0545855266765744,-0.18339253382798,0.0761264728641852
-244.101112972174,0.0587540173076205,0.000502143241999084,0.144822497915177,0.113339543984195,0.0105063566615994,0.210525808573331,-0.0545855266765744,-0.18339253382798,0.0761264728641852
-244.225162403004,0.0587540173076205,0.000502143241999084,0.144822497915177,0.113339543984195,0.0105063566615994,0.210525808573331,-0.0545855266765744,-0.18339253382798,0.0761264728641852
-244.225172403004,0.0587540173076205,0.000502143241999084,0.144822497915177,0.113339543984195,0.0105063566615994,0.210525808573331,-0.0545855266765744,-0.18339253382798,0.0761264728641852
-244.349221833833,0.0587540173076205,0.000502143241999084,0.144822497915177,0.113339543984195,0.0105063566615994,0.210525808573331,-0.0545855266765744,-0.18339253382798,0.0761264728641852
-244.349231833833,0.0587540173076205,0.000502143241999084,0.144822497915177,0.113339543984195,0.0105063566615994,0.210525808573331,-0.0545855266765744,-0.18339253382798,0.0761264728641852
-244.473281264663,0.0587540173076205,0.000502143241999084,0.144822497915177,0.113339543984195,0.0105063566615994,0.210525808573331,-0.0545855266765744,-0.18339253382798,0.0761264728641852
-244.473291264663,0.0587540173076205,0.000502143241999084,0.144822497915177,0.113339543984195,0.0105063566615994,0.210525808573331,-0.0545855266765744,-0.18339253382798,0.0761264728641852
-244.597340695493,0.0587540173076205,0.000502143241999084,0.144822497915177,0.113339543984195,0.0105063566615994,0.210525808573331,-0.0545855266765744,-0.18339253382798,0.0761264728641852
-244.597350695493,0.0587540173076205,0.000502143241999084,0.144822497915177,0.113339543984195,0.0105063566615994,0.210525808573331,-0.0545855266765744,-0.18339253382798,0.0761264728641852
-244.721400126323,0.0587540173076205,0.000502143241999084,0.144822497915177,0.113339543984195,0.0105063566615994,0.210525808573331,-0.0545855266765744,-0.18339253382798,0.0761264728641852
-244.721410126323,0.0587540173076205,0.000502143241999084,0.144822497915177,0.113339543984195,0.0105063566615994,0.210525808573331,-0.0545855266765744,-0.18339253382798,0.0761264728641852
-244.845459557152,0.0587540173076205,0.000502143241999084,0.144822497915177,0.113339543984195,0.0105063566615994,0.210525808573331,-0.0545855266765744,-0.18339253382798,0.0761264728641852
-244.845469557152,0.0587540173076205,0.000502143241999084,0.144822497915177,0.113339543984195,0.0105063566615994,0.210525808573331,-0.0545855266765744,-0.18339253382798,0.0761264728641852
-244.969518987982,0.0587540173076205,0.000502143241999084,0.144822497915177,0.113339543984195,0.0105063566615994,0.210525808573331,-0.0545855266765744,-0.18339253382798,0.0761264728641852
-244.969528987982,0.0564274150890308,0.000536923379224814,0.141135936089773,0.115017391952152,0.0120474043005645,0.21313148456611,-0.0585899768631214,-0.18496121032854,0.0768864561042408
-245.093578418812,0.0564274150890308,0.000536923379224814,0.141135936089773,0.115017391952152,0.0120474043005645,0.21313148456611,-0.0585899768631214,-0.18496121032854,0.0768864561042408
-245.093588418812,0.0564274150890308,0.000536923379224814,0.141135936089773,0.115017391952152,0.0120474043005645,0.21313148456611,-0.0585899768631214,-0.18496121032854,0.0768864561042408
-245.217637849642,0.0564274150890308,0.000536923379224814,0.141135936089773,0.115017391952152,0.0120474043005645,0.21313148456611,-0.0585899768631214,-0.18496121032854,0.0768864561042408
-245.217647849642,0.0564274150890308,0.000536923379224814,0.141135936089773,0.115017391952152,0.0120474043005645,0.21313148456611,-0.0585899768631214,-0.18496121032854,0.0768864561042408
-245.341697280471,0.0564274150890308,0.000536923379224814,0.141135936089773,0.115017391952152,0.0120474043005645,0.21313148456611,-0.0585899768631214,-0.18496121032854,0.0768864561042408
-245.341707280471,0.0564274150890308,0.000536923379224814,0.141135936089773,0.115017391952152,0.0120474043005645,0.21313148456611,-0.0585899768631214,-0.18496121032854,0.0768864561042408
-245.465756711301,0.0564274150890308,0.000536923379224814,0.141135936089773,0.115017391952152,0.0120474043005645,0.21313148456611,-0.0585899768631214,-0.18496121032854,0.0768864561042408
-245.465766711301,0.0564274150890308,0.000536923379224814,0.141135936089773,0.115017391952152,0.0120474043005645,0.21313148456611,-0.0585899768631214,-0.18496121032854,0.0768864561042408
-245.589816142131,0.0564274150890308,0.000536923379224814,0.141135936089773,0.115017391952152,0.0120474043005645,0.21313148456611,-0.0585899768631214,-0.18496121032854,0.0768864561042408
-245.589826142131,0.0564274150890308,0.000536923379224814,0.141135936089773,0.115017391952152,0.0120474043005645,0.21313148456611,-0.0585899768631214,-0.18496121032854,0.0768864561042408
-245.713875572961,0.0564274150890308,0.000536923379224814,0.141135936089773,0.115017391952152,0.0120474043005645,0.21313148456611,-0.0585899768631214,-0.18496121032854,0.0768864561042408
-245.713885572961,0.0564274150890308,0.000536923379224814,0.141135936089773,0.115017391952152,0.0120474043005645,0.21313148456611,-0.0585899768631214,-0.18496121032854,0.0768864561042408
-245.83793500379,0.0564274150890308,0.000536923379224814,0.141135936089773,0.115017391952152,0.0120474043005645,0.21313148456611,-0.0585899768631214,-0.18496121032854,0.0768864561042408
-245.83794500379,0.0564274150890308,0.000536923379224814,0.141135936089773,0.115017391952152,0.0120474043005645,0.21313148456611,-0.0585899768631214,-0.18496121032854,0.0768864561042408
-245.96199443462,0.0564274150890308,0.000536923379224814,0.141135936089773,0.115017391952152,0.0120474043005645,0.21313148456611,-0.0585899768631214,-0.18496121032854,0.0768864561042408
-245.96200443462,0.0467470826540875,0.000489064933160728,0.118675229979548,0.111796317295954,0.0117996713391104,0.205283177259601,-0.0650492346418667,-0.185120232568035,0.0616059480538869
-246.08605386545,0.0467470826540875,0.000489064933160728,0.118675229979548,0.111796317295954,0.0117996713391104,0.205283177259601,-0.0650492346418667,-0.185120232568035,0.0616059480538869
-246.08606386545,0.0467470826540875,0.000489064933160728,0.118675229979548,0.111796317295954,0.0117996713391104,0.205283177259601,-0.0650492346418667,-0.185120232568035,0.0616059480538869
-246.21011329628,0.0467470826540875,0.000489064933160728,0.118675229979548,0.111796317295954,0.0117996713391104,0.205283177259601,-0.0650492346418667,-0.185120232568035,0.0616059480538869
-246.21012329628,0.0467470826540875,0.000489064933160728,0.118675229979548,0.111796317295954,0.0117996713391104,0.205283177259601,-0.0650492346418667,-0.185120232568035,0.0616059480538869
-246.334172727109,0.0467470826540875,0.000489064933160728,0.118675229979548,0.111796317295954,0.0117996713391104,0.205283177259601,-0.0650492346418667,-0.185120232568035,0.0616059480538869
-246.334182727109,0.0467470826540875,0.000489064933160728,0.118675229979548,0.111796317295954,0.0117996713391104,0.205283177259601,-0.0650492346418667,-0.185120232568035,0.0616059480538869
-246.458232157939,0.0467470826540875,0.000489064933160728,0.118675229979548,0.111796317295954,0.0117996713391104,0.205283177259601,-0.0650492346418667,-0.185120232568035,0.0616059480538869
-246.458242157939,0.0467470826540875,0.000489064933160728,0.118675229979548,0.111796317295954,0.0117996713391104,0.205283177259601,-0.0650492346418667,-0.185120232568035,0.0616059480538869
-246.582291588769,0.0467470826540875,0.000489064933160728,0.118675229979548,0.111796317295954,0.0117996713391104,0.205283177259601,-0.0650492346418667,-0.185120232568035,0.0616059480538869
-246.582301588769,0.0780919101170542,5.70737189569689e-05,0.239345639699873,0.0803521009497839,0.000608599544248686,0.25028608657612,-0.00226019083272967,-0.243593389145461,0.222176622241445
-246.706351019599,0.0780919101170542,5.70737189569689e-05,0.239345639699873,0.0803521009497839,0.000608599544248686,0.25028608657612,-0.00226019083272967,-0.243593389145461,0.222176622241445
-246.706361019599,0.0780919101170542,5.70737189569689e-05,0.239345639699873,0.0803521009497839,0.000608599544248686,0.25028608657612,-0.00226019083272967,-0.243593389145461,0.222176622241445
-246.830410450428,0.0780919101170542,5.70737189569689e-05,0.239345639699873,0.0803521009497839,0.000608599544248686,0.25028608657612,-0.00226019083272967,-0.243593389145461,0.222176622241445
-246.830420450428,0.0780919101170542,5.70737189569689e-05,0.239345639699873,0.0803521009497839,0.000608599544248686,0.25028608657612,-0.00226019083272967,-0.243593389145461,0.222176622241445
-246.954469881258,0.0780919101170542,5.70737189569689e-05,0.239345639699873,0.0803521009497839,0.000608599544248686,0.25028608657612,-0.00226019083272967,-0.243593389145461,0.222176622241445
-246.954479881258,0.0506332195235127,4.17057352472682e-05,0.159241660673707,0.0678229595979898,0.000335474632310876,0.210815975616682,-0.0171897400744771,-0.212105926145868,0.138283110697396
-247.078529312088,0.0506332195235127,4.17057352472682e-05,0.159241660673707,0.0678229595979898,0.000335474632310876,0.210815975616682,-0.0171897400744771,-0.212105926145868,0.138283110697396
-247.078539312088,0.0506332195235127,4.17057352472682e-05,0.159241660673707,0.0678229595979898,0.000335474632310876,0.210815975616682,-0.0171897400744771,-0.212105926145868,0.138283110697396
-247.202588742918,0.0506332195235127,4.17057352472682e-05,0.159241660673707,0.0678229595979898,0.000335474632310876,0.210815975616682,-0.0171897400744771,-0.212105926145868,0.138283110697396
-247.202598742918,0.0506332195235127,4.17057352472682e-05,0.159241660673707,0.0678229595979898,0.000335474632310876,0.210815975616682,-0.0171897400744771,-0.212105926145868,0.138283110697396
-247.326648173747,0.0506332195235127,4.17057352472682e-05,0.159241660673707,0.0678229595979898,0.000335474632310876,0.210815975616682,-0.0171897400744771,-0.212105926145868,0.138283110697396
-247.326658173747,0.0506332195235127,4.17057352472682e-05,0.159241660673707,0.0678229595979898,0.000335474632310876,0.210815975616682,-0.0171897400744771,-0.212105926145868,0.138283110697396
-247.450707604577,0.0506332195235127,4.17057352472682e-05,0.159241660673707,0.0678229595979898,0.000335474632310876,0.210815975616682,-0.0171897400744771,-0.212105926145868,0.138283110697396
-247.450717604577,0.0506332195235127,4.17057352472682e-05,0.159241660673707,0.0678229595979898,0.000335474632310876,0.210815975616682,-0.0171897400744771,-0.212105926145868,0.138283110697396
-247.574767035407,0.0506332195235127,4.17057352472682e-05,0.159241660673707,0.0678229595979898,0.000335474632310876,0.210815975616682,-0.0171897400744771,-0.212105926145868,0.138283110697396
-247.574777035407,0.0506332195235127,4.17057352472682e-05,0.159241660673707,0.0678229595979898,0.000335474632310876,0.210815975616682,-0.0171897400744771,-0.212105926145868,0.138283110697396
-247.698826466237,0.0506332195235127,4.17057352472682e-05,0.159241660673707,0.0678229595979898,0.000335474632310876,0.210815975616682,-0.0171897400744771,-0.212105926145868,0.138283110697396
-247.698836466237,0.0506332195235127,4.17057352472682e-05,0.159241660673707,0.0678229595979898,0.000335474632310876,0.210815975616682,-0.0171897400744771,-0.212105926145868,0.138283110697396
-247.822885897066,0.0506332195235127,4.17057352472682e-05,0.159241660673707,0.0678229595979898,0.000335474632310876,0.210815975616682,-0.0171897400744771,-0.212105926145868,0.138283110697396
-247.822895897067,0.0506332195235127,4.17057352472682e-05,0.159241660673707,0.0678229595979898,0.000335474632310876,0.210815975616682,-0.0171897400744771,-0.212105926145868,0.138283110697396
-247.946945327896,0.0506332195235127,4.17057352472682e-05,0.159241660673707,0.0678229595979898,0.000335474632310876,0.210815975616682,-0.0171897400744771,-0.212105926145868,0.138283110697396
-247.946955327896,0.0465133639828835,3.07298396946702e-05,0.148942831120588,0.0765212421644092,0.000300567335521937,0.238833384049956,-0.0300078781815258,-0.238117874441479,0.125522541787093
-248.071004758726,0.0465133639828835,3.07298396946702e-05,0.148942831120588,0.0765212421644092,0.000300567335521937,0.238833384049956,-0.0300078781815258,-0.238117874441479,0.125522541787093
-248.071014758726,0.0465133639828835,3.07298396946702e-05,0.148942831120588,0.0765212421644092,0.000300567335521937,0.238833384049956,-0.0300078781815258,-0.238117874441479,0.125522541787093
-248.195064189556,0.0465133639828835,3.07298396946702e-05,0.148942831120588,0.0765212421644092,0.000300567335521937,0.238833384049956,-0.0300078781815258,-0.238117874441479,0.125522541787093
-248.195074189556,0.0465133639828835,3.07298396946702e-05,0.148942831120588,0.0765212421644092,0.000300567335521937,0.238833384049956,-0.0300078781815258,-0.238117874441479,0.125522541787093
-248.319123620386,0.0465133639828835,3.07298396946702e-05,0.148942831120588,0.0765212421644092,0.000300567335521937,0.238833384049956,-0.0300078781815258,-0.238117874441479,0.125522541787093
-248.319133620386,0.0465133639828835,3.07298396946702e-05,0.148942831120588,0.0765212421644092,0.000300567335521937,0.238833384049956,-0.0300078781815258,-0.238117874441479,0.125522541787093
-248.443183051215,0.0465133639828835,3.07298396946702e-05,0.148942831120588,0.0765212421644092,0.000300567335521937,0.238833384049956,-0.0300078781815258,-0.238117874441479,0.125522541787093
-248.443193051215,0.0465133639828835,3.07298396946702e-05,0.148942831120588,0.0765212421644092,0.000300567335521937,0.238833384049956,-0.0300078781815258,-0.238117874441479,0.125522541787093
-248.567242482045,0.0465133639828835,3.07298396946702e-05,0.148942831120588,0.0765212421644092,0.000300567335521937,0.238833384049956,-0.0300078781815258,-0.238117874441479,0.125522541787093
-248.567252482045,0.0465133639828835,3.07298396946702e-05,0.148942831120588,0.0765212421644092,0.000300567335521937,0.238833384049956,-0.0300078781815258,-0.238117874441479,0.125522541787093
-248.691301912875,0.0465133639828835,3.07298396946702e-05,0.148942831120588,0.0765212421644092,0.000300567335521937,0.238833384049956,-0.0300078781815258,-0.238117874441479,0.125522541787093
-248.691311912875,0.0465133639828835,3.07298396946702e-05,0.148942831120588,0.0765212421644092,0.000300567335521937,0.238833384049956,-0.0300078781815258,-0.238117874441479,0.125522541787093
-248.815361343705,0.0465133639828835,3.07298396946702e-05,0.148942831120588,0.0765212421644092,0.000300567335521937,0.238833384049956,-0.0300078781815258,-0.238117874441479,0.125522541787093
-248.815371343705,0.0465133639828835,3.07298396946702e-05,0.148942831120588,0.0765212421644092,0.000300567335521937,0.238833384049956,-0.0300078781815258,-0.238117874441479,0.125522541787093
-248.939420774534,0.0465133639828835,3.07298396946702e-05,0.148942831120588,0.0765212421644092,0.000300567335521937,0.238833384049956,-0.0300078781815258,-0.238117874441479,0.125522541787093
-248.939430774534,0.0640198193009384,0.000553082184150712,0.199471178123412,0.041465062734292,0.000119570517646927,0.121129984019163,0.0225547565666463,-0.131993704688141,0.202136156538485
-249.063480205364,0.0640198193009384,0.000553082184150712,0.199471178123412,0.041465062734292,0.000119570517646927,0.121129984019163,0.0225547565666463,-0.131993704688141,0.202136156538485
-249.063490205364,0.0640198193009384,0.000553082184150712,0.199471178123412,0.041465062734292,0.000119570517646927,0.121129984019163,0.0225547565666463,-0.131993704688141,0.202136156538485
-249.187539636194,0.0640198193009384,0.000553082184150712,0.199471178123412,0.041465062734292,0.000119570517646927,0.121129984019163,0.0225547565666463,-0.131993704688141,0.202136156538485
-249.187549636194,0.0640198193009384,0.000553082184150712,0.199471178123412,0.041465062734292,0.000119570517646927,0.121129984019163,0.0225547565666463,-0.131993704688141,0.202136156538485
-249.311599067024,0.0640198193009384,0.000553082184150712,0.199471178123412,0.041465062734292,0.000119570517646927,0.121129984019163,0.0225547565666463,-0.131993704688141,0.202136156538485
-249.311609067024,0.0640198193009384,0.000553082184150712,0.199471178123412,0.041465062734292,0.000119570517646927,0.121129984019163,0.0225547565666463,-0.131993704688141,0.202136156538485
-249.435658497853,0.0640198193009384,0.000553082184150712,0.199471178123412,0.041465062734292,0.000119570517646927,0.121129984019163,0.0225547565666463,-0.131993704688141,0.202136156538485
-249.435668497853,0.0640198193009384,0.000553082184150712,0.199471178123412,0.041465062734292,0.000119570517646927,0.121129984019163,0.0225547565666463,-0.131993704688141,0.202136156538485
-249.559717928683,0.0640198193009384,0.000553082184150712,0.199471178123412,0.041465062734292,0.000119570517646927,0.121129984019163,0.0225547565666463,-0.131993704688141,0.202136156538485
-249.559727928683,0.0640198193009384,0.000553082184150712,0.199471178123412,0.041465062734292,0.000119570517646927,0.121129984019163,0.0225547565666463,-0.131993704688141,0.202136156538485
-249.683777359513,0.0640198193009384,0.000553082184150712,0.199471178123412,0.041465062734292,0.000119570517646927,0.121129984019163,0.0225547565666463,-0.131993704688141,0.202136156538485
-249.683787359513,0.0640198193009384,0.000553082184150712,0.199471178123412,0.041465062734292,0.000119570517646927,0.121129984019163,0.0225547565666463,-0.131993704688141,0.202136156538485
-249.807836790343,0.0640198193009384,0.000553082184150712,0.199471178123412,0.041465062734292,0.000119570517646927,0.121129984019163,0.0225547565666463,-0.131993704688141,0.202136156538485
-249.807846790343,0.0640198193009384,0.000553082184150712,0.199471178123412,0.041465062734292,0.000119570517646927,0.121129984019163,0.0225547565666463,-0.131993704688141,0.202136156538485
-249.931896221172,0.0640198193009384,0.000553082184150712,0.199471178123412,0.041465062734292,0.000119570517646927,0.121129984019163,0.0225547565666463,-0.131993704688141,0.202136156538485
-249.931906221172,0.100193845072983,0.000531824627193663,0.33399277659589,0.0412652413016052,0.00011741849476599,0.138147655240328,0.0589286037713776,-0.166094692541929,0.326323156348355
-250.055955652002,0.100193845072983,0.000531824627193663,0.33399277659589,0.0412652413016052,0.00011741849476599,0.138147655240328,0.0589286037713776,-0.166094692541929,0.326323156348355
-250.055965652002,0.100193845072983,0.000531824627193663,0.33399277659589,0.0412652413016052,0.00011741849476599,0.138147655240328,0.0589286037713776,-0.166094692541929,0.326323156348355
-250.180015082832,0.100193845072983,0.000531824627193663,0.33399277659589,0.0412652413016052,0.00011741849476599,0.138147655240328,0.0589286037713776,-0.166094692541929,0.326323156348355
-250.180025082832,0.100193845072983,0.000531824627193663,0.33399277659589,0.0412652413016052,0.00011741849476599,0.138147655240328,0.0589286037713776,-0.166094692541929,0.326323156348355
-250.304074513662,0.100193845072983,0.000531824627193663,0.33399277659589,0.0412652413016052,0.00011741849476599,0.138147655240328,0.0589286037713776,-0.166094692541929,0.326323156348355
-250.304084513662,0.100193845072983,0.000531824627193663,0.33399277659589,0.0412652413016052,0.00011741849476599,0.138147655240328,0.0589286037713776,-0.166094692541929,0.326323156348355
-250.428133944491,0.100193845072983,0.000531824627193663,0.33399277659589,0.0412652413016052,0.00011741849476599,0.138147655240328,0.0589286037713776,-0.166094692541929,0.326323156348355
-250.428143944491,0.100193845072983,0.000531824627193663,0.33399277659589,0.0412652413016052,0.00011741849476599,0.138147655240328,0.0589286037713776,-0.166094692541929,0.326323156348355
-250.552193375321,0.100193845072983,0.000531824627193663,0.33399277659589,0.0412652413016052,0.00011741849476599,0.138147655240328,0.0589286037713776,-0.166094692541929,0.326323156348355
-250.552203375321,0.100193845072983,0.000531824627193663,0.33399277659589,0.0412652413016052,0.00011741849476599,0.138147655240328,0.0589286037713776,-0.166094692541929,0.326323156348355
-250.676252806151,0.100193845072983,0.000531824627193663,0.33399277659589,0.0412652413016052,0.00011741849476599,0.138147655240328,0.0589286037713776,-0.166094692541929,0.326323156348355
-250.676262806151,0.100193845072983,0.000531824627193663,0.33399277659589,0.0412652413016052,0.00011741849476599,0.138147655240328,0.0589286037713776,-0.166094692541929,0.326323156348355
-250.800312236981,0.100193845072983,0.000531824627193663,0.33399277659589,0.0412652413016052,0.00011741849476599,0.138147655240328,0.0589286037713776,-0.166094692541929,0.326323156348355
-250.800322236981,0.100193845072983,0.000531824627193663,0.33399277659589,0.0412652413016052,0.00011741849476599,0.138147655240328,0.0589286037713776,-0.166094692541929,0.326323156348355
-250.92437166781,0.100193845072983,0.000531824627193663,0.33399277659589,0.0412652413016052,0.00011741849476599,0.138147655240328,0.0589286037713776,-0.166094692541929,0.326323156348355
-250.92438166781,0.755592691069072,0.0942890429056437,1.45199779758215,0.175564198062398,0.00360388262041684,0.459865398799064,0.580028493006674,-0.123893557829791,1.4103990741268
-251.04843109864,0.755592691069072,0.0942890429056437,1.45199779758215,0.175564198062398,0.00360388262041684,0.459865398799064,0.580028493006674,-0.123893557829791,1.4103990741268
-251.04844109864,0.755592691069072,0.0942890429056437,1.45199779758215,0.175564198062398,0.00360388262041684,0.459865398799064,0.580028493006674,-0.123893557829791,1.4103990741268
-251.17249052947,0.755592691069072,0.0942890429056437,1.45199779758215,0.175564198062398,0.00360388262041684,0.459865398799064,0.580028493006674,-0.123893557829791,1.4103990741268
-251.17250052947,0.755592691069072,0.0942890429056437,1.45199779758215,0.175564198062398,0.00360388262041684,0.459865398799064,0.580028493006674,-0.123893557829791,1.4103990741268
-251.2965499603,0.755592691069072,0.0942890429056437,1.45199779758215,0.175564198062398,0.00360388262041684,0.459865398799064,0.580028493006674,-0.123893557829791,1.4103990741268
-251.2965599603,0.755592691069072,0.0942890429056437,1.45199779758215,0.175564198062398,0.00360388262041684,0.459865398799064,0.580028493006674,-0.123893557829791,1.4103990741268
-251.420609391129,0.755592691069072,0.0942890429056437,1.45199779758215,0.175564198062398,0.00360388262041684,0.459865398799064,0.580028493006674,-0.123893557829791,1.4103990741268
-251.420619391129,0.755592691069072,0.0942890429056437,1.45199779758215,0.175564198062398,0.00360388262041684,0.459865398799064,0.580028493006674,-0.123893557829791,1.4103990741268
-251.544668821959,0.755592691069072,0.0942890429056437,1.45199779758215,0.175564198062398,0.00360388262041684,0.459865398799064,0.580028493006674,-0.123893557829791,1.4103990741268
-251.544678821959,0.755592691069072,0.0942890429056437,1.45199779758215,0.175564198062398,0.00360388262041684,0.459865398799064,0.580028493006674,-0.123893557829791,1.4103990741268
-251.668728252789,0.755592691069072,0.0942890429056437,1.45199779758215,0.175564198062398,0.00360388262041684,0.459865398799064,0.580028493006674,-0.123893557829791,1.4103990741268
-251.668738252789,0.755592691069072,0.0942890429056437,1.45199779758215,0.175564198062398,0.00360388262041684,0.459865398799064,0.580028493006674,-0.123893557829791,1.4103990741268
-251.792787683619,0.755592691069072,0.0942890429056437,1.45199779758215,0.175564198062398,0.00360388262041684,0.459865398799064,0.580028493006674,-0.123893557829791,1.4103990741268
-251.792797683619,0.755592691069072,0.0942890429056437,1.45199779758215,0.175564198062398,0.00360388262041684,0.459865398799064,0.580028493006674,-0.123893557829791,1.4103990741268
-251.916847114448,0.755592691069072,0.0942890429056437,1.45199779758215,0.175564198062398,0.00360388262041684,0.459865398799064,0.580028493006674,-0.123893557829791,1.4103990741268
-251.916857114448,0.0429055029046855,0.00019085449134296,0.147063790063388,0.162269514012951,0.001567503239242,0.407958048533957,-0.119364011108265,-0.396046707226474,0.145525919713624
-252.040906545278,0.0429055029046855,0.00019085449134296,0.147063790063388,0.162269514012951,0.001567503239242,0.407958048533957,-0.119364011108265,-0.396046707226474,0.145525919713624
-252.040916545278,0.0429055029046855,0.00019085449134296,0.147063790063388,0.162269514012951,0.001567503239242,0.407958048533957,-0.119364011108265,-0.396046707226474,0.145525919713624
-252.164965976108,0.0429055029046855,0.00019085449134296,0.147063790063388,0.162269514012951,0.001567503239242,0.407958048533957,-0.119364011108265,-0.396046707226474,0.145525919713624
-252.164975976108,0.0429055029046855,0.00019085449134296,0.147063790063388,0.162269514012951,0.001567503239242,0.407958048533957,-0.119364011108265,-0.396046707226474,0.145525919713624
-252.289025406938,0.0429055029046855,0.00019085449134296,0.147063790063388,0.162269514012951,0.001567503239242,0.407958048533957,-0.119364011108265,-0.396046707226474,0.145525919713624
-252.289035406938,0.0429055029046855,0.00019085449134296,0.147063790063388,0.162269514012951,0.001567503239242,0.407958048533957,-0.119364011108265,-0.396046707226474,0.145525919713624
-252.413084837767,0.0429055029046855,0.00019085449134296,0.147063790063388,0.162269514012951,0.001567503239242,0.407958048533957,-0.119364011108265,-0.396046707226474,0.145525919713624
-252.413094837767,0.0429055029046855,0.00019085449134296,0.147063790063388,0.162269514012951,0.001567503239242,0.407958048533957,-0.119364011108265,-0.396046707226474,0.145525919713624
-252.537144268597,0.0429055029046855,0.00019085449134296,0.147063790063388,0.162269514012951,0.001567503239242,0.407958048533957,-0.119364011108265,-0.396046707226474,0.145525919713624
-252.537154268597,0.0429055029046855,0.00019085449134296,0.147063790063388,0.162269514012951,0.001567503239242,0.407958048533957,-0.119364011108265,-0.396046707226474,0.145525919713624
-252.661203699427,0.0429055029046855,0.00019085449134296,0.147063790063388,0.162269514012951,0.001567503239242,0.407958048533957,-0.119364011108265,-0.396046707226474,0.145525919713624
-252.661213699427,0.0429055029046855,0.00019085449134296,0.147063790063388,0.162269514012951,0.001567503239242,0.407958048533957,-0.119364011108265,-0.396046707226474,0.145525919713624
-252.785263130257,0.0429055029046855,0.00019085449134296,0.147063790063388,0.162269514012951,0.001567503239242,0.407958048533957,-0.119364011108265,-0.396046707226474,0.145525919713624
-252.785273130257,0.0429055029046855,0.00019085449134296,0.147063790063388,0.162269514012951,0.001567503239242,0.407958048533957,-0.119364011108265,-0.396046707226474,0.145525919713624
-252.909322561086,0.0429055029046855,0.00019085449134296,0.147063790063388,0.162269514012951,0.001567503239242,0.407958048533957,-0.119364011108265,-0.396046707226474,0.145525919713624
-252.909332561086,0.041046321616109,0.000184808539526152,0.140869405523817,0.180177283371292,0.00173039324200327,0.459077981232142,-0.139130961755183,-0.47099256522493,0.10740343922581
-253.033381991916,0.041046321616109,0.000184808539526152,0.140869405523817,0.180177283371292,0.00173039324200327,0.459077981232142,-0.139130961755183,-0.47099256522493,0.10740343922581
-253.033391991916,0.041046321616109,0.000184808539526152,0.140869405523817,0.180177283371292,0.00173039324200327,0.459077981232142,-0.139130961755183,-0.47099256522493,0.10740343922581
-253.157441422746,0.041046321616109,0.000184808539526152,0.140869405523817,0.180177283371292,0.00173039324200327,0.459077981232142,-0.139130961755183,-0.47099256522493,0.10740343922581
-253.157451422746,0.041046321616109,0.000184808539526152,0.140869405523817,0.180177283371292,0.00173039324200327,0.459077981232142,-0.139130961755183,-0.47099256522493,0.10740343922581
-253.281500853576,0.041046321616109,0.000184808539526152,0.140869405523817,0.180177283371292,0.00173039324200327,0.459077981232142,-0.139130961755183,-0.47099256522493,0.10740343922581
-253.281510853576,0.041046321616109,0.000184808539526152,0.140869405523817,0.180177283371292,0.00173039324200327,0.459077981232142,-0.139130961755183,-0.47099256522493,0.10740343922581
-253.405560284406,0.041046321616109,0.000184808539526152,0.140869405523817,0.180177283371292,0.00173039324200327,0.459077981232142,-0.139130961755183,-0.47099256522493,0.10740343922581
-253.405570284406,0.041046321616109,0.000184808539526152,0.140869405523817,0.180177283371292,0.00173039324200327,0.459077981232142,-0.139130961755183,-0.47099256522493,0.10740343922581
-253.529619715235,0.041046321616109,0.000184808539526152,0.140869405523817,0.180177283371292,0.00173039324200327,0.459077981232142,-0.139130961755183,-0.47099256522493,0.10740343922581
-253.529629715235,0.041046321616109,0.000184808539526152,0.140869405523817,0.180177283371292,0.00173039324200327,0.459077981232142,-0.139130961755183,-0.47099256522493,0.10740343922581
-253.653679146065,0.041046321616109,0.000184808539526152,0.140869405523817,0.180177283371292,0.00173039324200327,0.459077981232142,-0.139130961755183,-0.47099256522493,0.10740343922581
-253.653689146065,0.041046321616109,0.000184808539526152,0.140869405523817,0.180177283371292,0.00173039324200327,0.459077981232142,-0.139130961755183,-0.47099256522493,0.10740343922581
-253.777738576895,0.041046321616109,0.000184808539526152,0.140869405523817,0.180177283371292,0.00173039324200327,0.459077981232142,-0.139130961755183,-0.47099256522493,0.10740343922581
-253.777748576895,0.041046321616109,0.000184808539526152,0.140869405523817,0.180177283371292,0.00173039324200327,0.459077981232142,-0.139130961755183,-0.47099256522493,0.10740343922581
-253.901798007725,0.041046321616109,0.000184808539526152,0.140869405523817,0.180177283371292,0.00173039324200327,0.459077981232142,-0.139130961755183,-0.47099256522493,0.10740343922581
-253.901808007725,0.0364409596988202,8.40080434420032e-05,0.12394118344436,0.170202067910139,0.000819974465883026,0.53727631921943,-0.133761108211318,-0.522362454878156,0.0939084241621671
-254.025857438554,0.0364409596988202,8.40080434420032e-05,0.12394118344436,0.170202067910139,0.000819974465883026,0.53727631921943,-0.133761108211318,-0.522362454878156,0.0939084241621671
-254.025867438554,0.0364409596988202,8.40080434420032e-05,0.12394118344436,0.170202067910139,0.000819974465883026,0.53727631921943,-0.133761108211318,-0.522362454878156,0.0939084241621671
-254.149916869384,0.0364409596988202,8.40080434420032e-05,0.12394118344436,0.170202067910139,0.000819974465883026,0.53727631921943,-0.133761108211318,-0.522362454878156,0.0939084241621671
-254.149926869384,0.0364409596988202,8.40080434420032e-05,0.12394118344436,0.170202067910139,0.000819974465883026,0.53727631921943,-0.133761108211318,-0.522362454878156,0.0939084241621671
-254.273976300214,0.0364409596988202,8.40080434420032e-05,0.12394118344436,0.170202067910139,0.000819974465883026,0.53727631921943,-0.133761108211318,-0.522362454878156,0.0939084241621671
-254.273986300214,0.0364409596988202,8.40080434420032e-05,0.12394118344436,0.170202067910139,0.000819974465883026,0.53727631921943,-0.133761108211318,-0.522362454878156,0.0939084241621671
-254.398035731044,0.0364409596988202,8.40080434420032e-05,0.12394118344436,0.170202067910139,0.000819974465883026,0.53727631921943,-0.133761108211318,-0.522362454878156,0.0939084241621671
-254.398045731044,0.0364409596988202,8.40080434420032e-05,0.12394118344436,0.170202067910139,0.000819974465883026,0.53727631921943,-0.133761108211318,-0.522362454878156,0.0939084241621671
-254.522095161873,0.0364409596988202,8.40080434420032e-05,0.12394118344436,0.170202067910139,0.000819974465883026,0.53727631921943,-0.133761108211318,-0.522362454878156,0.0939084241621671
-254.522105161873,0.0364409596988202,8.40080434420032e-05,0.12394118344436,0.170202067910139,0.000819974465883026,0.53727631921943,-0.133761108211318,-0.522362454878156,0.0939084241621671
-254.646154592703,0.0364409596988202,8.40080434420032e-05,0.12394118344436,0.170202067910139,0.000819974465883026,0.53727631921943,-0.133761108211318,-0.522362454878156,0.0939084241621671
-254.646164592703,0.0364409596988202,8.40080434420032e-05,0.12394118344436,0.170202067910139,0.000819974465883026,0.53727631921943,-0.133761108211318,-0.522362454878156,0.0939084241621671
-254.770214023533,0.0364409596988202,8.40080434420032e-05,0.12394118344436,0.170202067910139,0.000819974465883026,0.53727631921943,-0.133761108211318,-0.522362454878156,0.0939084241621671
-254.770224023533,0.0364409596988202,8.40080434420032e-05,0.12394118344436,0.170202067910139,0.000819974465883026,0.53727631921943,-0.133761108211318,-0.522362454878156,0.0939084241621671
-254.894273454363,0.0364409596988202,8.40080434420032e-05,0.12394118344436,0.170202067910139,0.000819974465883026,0.53727631921943,-0.133761108211318,-0.522362454878156,0.0939084241621671
-254.894283454363,0.0333296533896482,0.000157098802413124,0.106099065161454,0.0400038751735049,0.000695687029156522,0.102587944319867,-0.00667422178385669,-0.0903337803186287,0.0848753037984651
-255.018332885192,0.0333296533896482,0.000157098802413124,0.106099065161454,0.0400038751735049,0.000695687029156522,0.102587944319867,-0.00667422178385669,-0.0903337803186287,0.0848753037984651
-255.018342885192,0.0333296533896482,0.000157098802413124,0.106099065161454,0.0400038751735049,0.000695687029156522,0.102587944319867,-0.00667422178385669,-0.0903337803186287,0.0848753037984651
-255.142392316022,0.0333296533896482,0.000157098802413124,0.106099065161454,0.0400038751735049,0.000695687029156522,0.102587944319867,-0.00667422178385669,-0.0903337803186287,0.0848753037984651
-255.142402316022,0.0333296533896482,0.000157098802413124,0.106099065161454,0.0400038751735049,0.000695687029156522,0.102587944319867,-0.00667422178385669,-0.0903337803186287,0.0848753037984651
-255.266451746852,0.0333296533896482,0.000157098802413124,0.106099065161454,0.0400038751735049,0.000695687029156522,0.102587944319867,-0.00667422178385669,-0.0903337803186287,0.0848753037984651
-255.266461746852,0.0333296533896482,0.000157098802413124,0.106099065161454,0.0400038751735049,0.000695687029156522,0.102587944319867,-0.00667422178385669,-0.0903337803186287,0.0848753037984651
-255.390511177682,0.0333296533896482,0.000157098802413124,0.106099065161454,0.0400038751735049,0.000695687029156522,0.102587944319867,-0.00667422178385669,-0.0903337803186287,0.0848753037984651
-255.390521177682,0.0333296533896482,0.000157098802413124,0.106099065161454,0.0400038751735049,0.000695687029156522,0.102587944319867,-0.00667422178385669,-0.0903337803186287,0.0848753037984651
-255.514570608511,0.0333296533896482,0.000157098802413124,0.106099065161454,0.0400038751735049,0.000695687029156522,0.102587944319867,-0.00667422178385669,-0.0903337803186287,0.0848753037984651
-255.514580608511,0.0333296533896482,0.000157098802413124,0.106099065161454,0.0400038751735049,0.000695687029156522,0.102587944319867,-0.00667422178385669,-0.0903337803186287,0.0848753037984651
-255.638630039341,0.0333296533896482,0.000157098802413124,0.106099065161454,0.0400038751735049,0.000695687029156522,0.102587944319867,-0.00667422178385669,-0.0903337803186287,0.0848753037984651
-255.638640039341,0.0333296533896482,0.000157098802413124,0.106099065161454,0.0400038751735049,0.000695687029156522,0.102587944319867,-0.00667422178385669,-0.0903337803186287,0.0848753037984651
-255.762689470171,0.0333296533896482,0.000157098802413124,0.106099065161454,0.0400038751735049,0.000695687029156522,0.102587944319867,-0.00667422178385669,-0.0903337803186287,0.0848753037984651
-255.762699470171,0.0333296533896482,0.000157098802413124,0.106099065161454,0.0400038751735049,0.000695687029156522,0.102587944319867,-0.00667422178385669,-0.0903337803186287,0.0848753037984651
-255.886748901001,0.0333296533896482,0.000157098802413124,0.106099065161454,0.0400038751735049,0.000695687029156522,0.102587944319867,-0.00667422178385669,-0.0903337803186287,0.0848753037984651
-255.886758901001,0.0331884053206377,9.81838951756519e-05,0.104912584685634,0.0411776287013318,0.000671716236624508,0.111053543733391,-0.00798922338069414,-0.095222180343573,0.0843296148925869
-256.01080833183,0.0331884053206377,9.81838951756519e-05,0.104912584685634,0.0411776287013318,0.000671716236624508,0.111053543733391,-0.00798922338069414,-0.095222180343573,0.0843296148925869
-256.01081833183,0.0331884053206377,9.81838951756519e-05,0.104912584685634,0.0411776287013318,0.000671716236624508,0.111053543733391,-0.00798922338069414,-0.095222180343573,0.0843296148925869
-256.13486776266,0.0331884053206377,9.81838951756519e-05,0.104912584685634,0.0411776287013318,0.000671716236624508,0.111053543733391,-0.00798922338069414,-0.095222180343573,0.0843296148925869
-256.13487776266,0.0331884053206377,9.81838951756519e-05,0.104912584685634,0.0411776287013318,0.000671716236624508,0.111053543733391,-0.00798922338069414,-0.095222180343573,0.0843296148925869
-256.25892719349,0.0331884053206377,9.81838951756519e-05,0.104912584685634,0.0411776287013318,0.000671716236624508,0.111053543733391,-0.00798922338069414,-0.095222180343573,0.0843296148925869
-256.25893719349,0.0331884053206377,9.81838951756519e-05,0.104912584685634,0.0411776287013318,0.000671716236624508,0.111053543733391,-0.00798922338069414,-0.095222180343573,0.0843296148925869
-256.38298662432,0.0331884053206377,9.81838951756519e-05,0.104912584685634,0.0411776287013318,0.000671716236624508,0.111053543733391,-0.00798922338069414,-0.095222180343573,0.0843296148925869
-256.38299662432,0.0331884053206377,9.81838951756519e-05,0.104912584685634,0.0411776287013318,0.000671716236624508,0.111053543733391,-0.00798922338069414,-0.095222180343573,0.0843296148925869
-256.507046055149,0.0331884053206377,9.81838951756519e-05,0.104912584685634,0.0411776287013318,0.000671716236624508,0.111053543733391,-0.00798922338069414,-0.095222180343573,0.0843296148925869
-256.507056055149,0.0331884053206377,9.81838951756519e-05,0.104912584685634,0.0411776287013318,0.000671716236624508,0.111053543733391,-0.00798922338069414,-0.095222180343573,0.0843296148925869
-256.631105485979,0.0331884053206377,9.81838951756519e-05,0.104912584685634,0.0411776287013318,0.000671716236624508,0.111053543733391,-0.00798922338069414,-0.095222180343573,0.0843296148925869
-256.631115485979,0.0331884053206377,9.81838951756519e-05,0.104912584685634,0.0411776287013318,0.000671716236624508,0.111053543733391,-0.00798922338069414,-0.095222180343573,0.0843296148925869
-256.755164916809,0.0331884053206377,9.81838951756519e-05,0.104912584685634,0.0411776287013318,0.000671716236624508,0.111053543733391,-0.00798922338069414,-0.095222180343573,0.0843296148925869
-256.755174916809,0.0331884053206377,9.81838951756519e-05,0.104912584685634,0.0411776287013318,0.000671716236624508,0.111053543733391,-0.00798922338069414,-0.095222180343573,0.0843296148925869
-256.879224347639,0.0331884053206377,9.81838951756519e-05,0.104912584685634,0.0411776287013318,0.000671716236624508,0.111053543733391,-0.00798922338069414,-0.095222180343573,0.0843296148925869
-256.879234347639,0.0331976741077292,8.83515626017844e-05,0.101664234884467,0.0424493317125145,0.000695665820210977,0.109679092924982,-0.00925165760478533,-0.101098547733322,0.075778282289074
-257.003283778468,0.0331976741077292,8.83515626017844e-05,0.101664234884467,0.0424493317125145,0.000695665820210977,0.109679092924982,-0.00925165760478533,-0.101098547733322,0.075778282289074
-257.003293778468,0.0331976741077292,8.83515626017844e-05,0.101664234884467,0.0424493317125145,0.000695665820210977,0.109679092924982,-0.00925165760478533,-0.101098547733322,0.075778282289074
-257.127343209298,0.0331976741077292,8.83515626017844e-05,0.101664234884467,0.0424493317125145,0.000695665820210977,0.109679092924982,-0.00925165760478533,-0.101098547733322,0.075778282289074
-257.127353209298,0.0331976741077292,8.83515626017844e-05,0.101664234884467,0.0424493317125145,0.000695665820210977,0.109679092924982,-0.00925165760478533,-0.101098547733322,0.075778282289074
-257.251402640128,0.0331976741077292,8.83515626017844e-05,0.101664234884467,0.0424493317125145,0.000695665820210977,0.109679092924982,-0.00925165760478533,-0.101098547733322,0.075778282289074
-257.251412640128,0.0331976741077292,8.83515626017844e-05,0.101664234884467,0.0424493317125145,0.000695665820210977,0.109679092924982,-0.00925165760478533,-0.101098547733322,0.075778282289074
-257.375462070958,0.0331976741077292,8.83515626017844e-05,0.101664234884467,0.0424493317125145,0.000695665820210977,0.109679092924982,-0.00925165760478533,-0.101098547733322,0.075778282289074
-257.375472070958,0.0331976741077292,8.83515626017844e-05,0.101664234884467,0.0424493317125145,0.000695665820210977,0.109679092924982,-0.00925165760478533,-0.101098547733322,0.075778282289074
-257.499521501787,0.0331976741077292,8.83515626017844e-05,0.101664234884467,0.0424493317125145,0.000695665820210977,0.109679092924982,-0.00925165760478533,-0.101098547733322,0.075778282289074
-257.499531501787,0.0331976741077292,8.83515626017844e-05,0.101664234884467,0.0424493317125145,0.000695665820210977,0.109679092924982,-0.00925165760478533,-0.101098547733322,0.075778282289074
-257.623580932617,0.0331976741077292,8.83515626017844e-05,0.101664234884467,0.0424493317125145,0.000695665820210977,0.109679092924982,-0.00925165760478533,-0.101098547733322,0.075778282289074
-257.623590932617,0.0331976741077292,8.83515626017844e-05,0.101664234884467,0.0424493317125145,0.000695665820210977,0.109679092924982,-0.00925165760478533,-0.101098547733322,0.075778282289074
-257.747640363447,0.0331976741077292,8.83515626017844e-05,0.101664234884467,0.0424493317125145,0.000695665820210977,0.109679092924982,-0.00925165760478533,-0.101098547733322,0.075778282289074
-257.747650363447,0.0331976741077292,8.83515626017844e-05,0.101664234884467,0.0424493317125145,0.000695665820210977,0.109679092924982,-0.00925165760478533,-0.101098547733322,0.075778282289074
-257.871699794277,0.0331976741077292,8.83515626017844e-05,0.101664234884467,0.0424493317125145,0.000695665820210977,0.109679092924982,-0.00925165760478533,-0.101098547733322,0.075778282289074
-257.871709794277,0.0331976741077292,8.83515626017844e-05,0.101664234884467,0.0424493317125145,0.000695665820210977,0.109679092924982,-0.00925165760478533,-0.101098547733322,0.075778282289074
-257.995759225106,0.0331976741077292,8.83515626017844e-05,0.101664234884467,0.0424493317125145,0.000695665820210977,0.109679092924982,-0.00925165760478533,-0.101098547733322,0.075778282289074
-257.995769225106,0.0329354558188125,9.16542536613816e-05,0.108675230434902,0.0449290214665266,0.000649654010864099,0.116137668485711,-0.0119935656477141,-0.100034363187452,0.0818130305962926
-258.119818655936,0.0329354558188125,9.16542536613816e-05,0.108675230434902,0.0449290214665266,0.000649654010864099,0.116137668485711,-0.0119935656477141,-0.100034363187452,0.0818130305962926
-258.119828655936,0.0329354558188125,9.16542536613816e-05,0.108675230434902,0.0449290214665266,0.000649654010864099,0.116137668485711,-0.0119935656477141,-0.100034363187452,0.0818130305962926
-258.243878086766,0.0329354558188125,9.16542536613816e-05,0.108675230434902,0.0449290214665266,0.000649654010864099,0.116137668485711,-0.0119935656477141,-0.100034363187452,0.0818130305962926
-258.243888086766,0.0329354558188125,9.16542536613816e-05,0.108675230434902,0.0449290214665266,0.000649654010864099,0.116137668485711,-0.0119935656477141,-0.100034363187452,0.0818130305962926
-258.367937517596,0.0329354558188125,9.16542536613816e-05,0.108675230434902,0.0449290214665266,0.000649654010864099,0.116137668485711,-0.0119935656477141,-0.100034363187452,0.0818130305962926
-258.367947517596,0.0329354558188125,9.16542536613816e-05,0.108675230434902,0.0449290214665266,0.000649654010864099,0.116137668485711,-0.0119935656477141,-0.100034363187452,0.0818130305962926
-258.491996948425,0.0329354558188125,9.16542536613816e-05,0.108675230434902,0.0449290214665266,0.000649654010864099,0.116137668485711,-0.0119935656477141,-0.100034363187452,0.0818130305962926
-258.492006948425,0.0329354558188125,9.16542536613816e-05,0.108675230434902,0.0449290214665266,0.000649654010864099,0.116137668485711,-0.0119935656477141,-0.100034363187452,0.0818130305962926
-258.616056379255,0.0329354558188125,9.16542536613816e-05,0.108675230434902,0.0449290214665266,0.000649654010864099,0.116137668485711,-0.0119935656477141,-0.100034363187452,0.0818130305962926
-258.616066379255,0.0329354558188125,9.16542536613816e-05,0.108675230434902,0.0449290214665266,0.000649654010864099,0.116137668485711,-0.0119935656477141,-0.100034363187452,0.0818130305962926
-258.740115810085,0.0329354558188125,9.16542536613816e-05,0.108675230434902,0.0449290214665266,0.000649654010864099,0.116137668485711,-0.0119935656477141,-0.100034363187452,0.0818130305962926
-258.740125810085,0.0329354558188125,9.16542536613816e-05,0.108675230434902,0.0449290214665266,0.000649654010864099,0.116137668485711,-0.0119935656477141,-0.100034363187452,0.0818130305962926
-258.864175240915,0.0329354558188125,9.16542536613816e-05,0.108675230434902,0.0449290214665266,0.000649654010864099,0.116137668485711,-0.0119935656477141,-0.100034363187452,0.0818130305962926
-258.864185240915,0.0329354558188125,9.16542536613816e-05,0.108675230434902,0.0449290214665266,0.000649654010864099,0.116137668485711,-0.0119935656477141,-0.100034363187452,0.0818130305962926
-258.988234671745,0.0329354558188125,9.16542536613816e-05,0.108675230434902,0.0449290214665266,0.000649654010864099,0.116137668485711,-0.0119935656477141,-0.100034363187452,0.0818130305962926
-258.988244671744,0.0340021327834066,9.82052887575947e-05,0.109764099137067,0.0490929559403612,0.00181274390832189,0.130130384669679,-0.0150908231569546,-0.117467649055312,0.0794606192210794
-259.112294102574,0.0340021327834066,9.82052887575947e-05,0.109764099137067,0.0490929559403612,0.00181274390832189,0.130130384669679,-0.0150908231569546,-0.117467649055312,0.0794606192210794
-259.112304102574,0.0340021327834066,9.82052887575947e-05,0.109764099137067,0.0490929559403612,0.00181274390832189,0.130130384669679,-0.0150908231569546,-0.117467649055312,0.0794606192210794
-259.236353533404,0.0340021327834066,9.82052887575947e-05,0.109764099137067,0.0490929559403612,0.00181274390832189,0.130130384669679,-0.0150908231569546,-0.117467649055312,0.0794606192210794
-259.236363533404,0.0340021327834066,9.82052887575947e-05,0.109764099137067,0.0490929559403612,0.00181274390832189,0.130130384669679,-0.0150908231569546,-0.117467649055312,0.0794606192210794
-259.360412964234,0.0340021327834066,9.82052887575947e-05,0.109764099137067,0.0490929559403612,0.00181274390832189,0.130130384669679,-0.0150908231569546,-0.117467649055312,0.0794606192210794
-259.360422964234,0.0340021327834066,9.82052887575947e-05,0.109764099137067,0.0490929559403612,0.00181274390832189,0.130130384669679,-0.0150908231569546,-0.117467649055312,0.0794606192210794
-259.484472395064,0.0340021327834066,9.82052887575947e-05,0.109764099137067,0.0490929559403612,0.00181274390832189,0.130130384669679,-0.0150908231569546,-0.117467649055312,0.0794606192210794
-259.484482395063,0.127866826160332,0.0105324677025725,0.249666569878775,0.0479280044079907,0.000267793088780797,0.109081542764148,0.0799388217523415,-0.0543094835816963,0.218811876165069
-259.608531825893,0.127866826160332,0.0105324677025725,0.249666569878775,0.0479280044079907,0.000267793088780797,0.109081542764148,0.0799388217523415,-0.0543094835816963,0.218811876165069
-259.608541825893,0.127866826160332,0.0105324677025725,0.249666569878775,0.0479280044079907,0.000267793088780797,0.109081542764148,0.0799388217523415,-0.0543094835816963,0.218811876165069
-259.732591256723,0.127866826160332,0.0105324677025725,0.249666569878775,0.0479280044079907,0.000267793088780797,0.109081542764148,0.0799388217523415,-0.0543094835816963,0.218811876165069
-259.732601256723,0.127866826160332,0.0105324677025725,0.249666569878775,0.0479280044079907,0.000267793088780797,0.109081542764148,0.0799388217523415,-0.0543094835816963,0.218811876165069
-259.856650687553,0.127866826160332,0.0105324677025725,0.249666569878775,0.0479280044079907,0.000267793088780797,0.109081542764148,0.0799388217523415,-0.0543094835816963,0.218811876165069
-259.856660687553,0.127866826160332,0.0105324677025725,0.249666569878775,0.0479280044079907,0.000267793088780797,0.109081542764148,0.0799388217523415,-0.0543094835816963,0.218811876165069
-259.980710118383,0.127866826160332,0.0105324677025725,0.249666569878775,0.0479280044079907,0.000267793088780797,0.109081542764148,0.0799388217523415,-0.0543094835816963,0.218811876165069
-259.980720118383,0.125723243482346,0.012715775373003,0.249482275551224,0.0497994082675339,0.000532513588294582,0.113251262630354,0.0759238352148118,-0.0550475742734802,0.215418060724763
-260.104769549212,0.125723243482346,0.012715775373003,0.249482275551224,0.0497994082675339,0.000532513588294582,0.113251262630354,0.0759238352148118,-0.0550475742734802,0.215418060724763
-260.104779549212,0.125723243482346,0.012715775373003,0.249482275551224,0.0497994082675339,0.000532513588294582,0.113251262630354,0.0759238352148118,-0.0550475742734802,0.215418060724763
-260.228828980042,0.125723243482346,0.012715775373003,0.249482275551224,0.0497994082675339,0.000532513588294582,0.113251262630354,0.0759238352148118,-0.0550475742734802,0.215418060724763
-260.228838980042,0.125723243482346,0.012715775373003,0.249482275551224,0.0497994082675339,0.000532513588294582,0.113251262630354,0.0759238352148118,-0.0550475742734802,0.215418060724763
-260.352888410872,0.125723243482346,0.012715775373003,0.249482275551224,0.0497994082675339,0.000532513588294582,0.113251262630354,0.0759238352148118,-0.0550475742734802,0.215418060724763
-260.352898410872,0.125723243482346,0.012715775373003,0.249482275551224,0.0497994082675339,0.000532513588294582,0.113251262630354,0.0759238352148118,-0.0550475742734802,0.215418060724763
-260.476947841702,0.125723243482346,0.012715775373003,0.249482275551224,0.0497994082675339,0.000532513588294582,0.113251262630354,0.0759238352148118,-0.0550475742734802,0.215418060724763
-260.476957841702,0.125723243482346,0.012715775373003,0.249482275551224,0.0497994082675339,0.000532513588294582,0.113251262630354,0.0759238352148118,-0.0550475742734802,0.215418060724763
-260.601007272531,0.125723243482346,0.012715775373003,0.249482275551224,0.0497994082675339,0.000532513588294582,0.113251262630354,0.0759238352148118,-0.0550475742734802,0.215418060724763
-260.601017272531,0.125723243482346,0.012715775373003,0.249482275551224,0.0497994082675339,0.000532513588294582,0.113251262630354,0.0759238352148118,-0.0550475742734802,0.215418060724763
-260.725066703361,0.125723243482346,0.012715775373003,0.249482275551224,0.0497994082675339,0.000532513588294582,0.113251262630354,0.0759238352148118,-0.0550475742734802,0.215418060724763
-260.725076703361,0.125723243482346,0.012715775373003,0.249482275551224,0.0497994082675339,0.000532513588294582,0.113251262630354,0.0759238352148118,-0.0550475742734802,0.215418060724763
-260.849126134191,0.125723243482346,0.012715775373003,0.249482275551224,0.0497994082675339,0.000532513588294582,0.113251262630354,0.0759238352148118,-0.0550475742734802,0.215418060724763
-260.849136134191,0.125723243482346,0.012715775373003,0.249482275551224,0.0497994082675339,0.000532513588294582,0.113251262630354,0.0759238352148118,-0.0550475742734802,0.215418060724763
-260.973185565021,0.125723243482346,0.012715775373003,0.249482275551224,0.0497994082675339,0.000532513588294582,0.113251262630354,0.0759238352148118,-0.0550475742734802,0.215418060724763
-260.973195565021,0.122176238010273,0.0114074907262789,0.245291235035483,0.050050978230312,0.000358296179203374,0.113980905206936,0.0721252597799608,-0.0577856704361845,0.21241384975848
-261.09724499585,0.122176238010273,0.0114074907262789,0.245291235035483,0.050050978230312,0.000358296179203374,0.113980905206936,0.0721252597799608,-0.0577856704361845,0.21241384975848
-261.09725499585,0.122176238010273,0.0114074907262789,0.245291235035483,0.050050978230312,0.000358296179203374,0.113980905206936,0.0721252597799608,-0.0577856704361845,0.21241384975848
-261.22130442668,0.122176238010273,0.0114074907262789,0.245291235035483,0.050050978230312,0.000358296179203374,0.113980905206936,0.0721252597799608,-0.0577856704361845,0.21241384975848
-261.22131442668,0.122176238010273,0.0114074907262789,0.245291235035483,0.050050978230312,0.000358296179203374,0.113980905206936,0.0721252597799608,-0.0577856704361845,0.21241384975848
-261.34536385751,0.122176238010273,0.0114074907262789,0.245291235035483,0.050050978230312,0.000358296179203374,0.113980905206936,0.0721252597799608,-0.0577856704361845,0.21241384975848
-261.34537385751,0.122176238010273,0.0114074907262789,0.245291235035483,0.050050978230312,0.000358296179203374,0.113980905206936,0.0721252597799608,-0.0577856704361845,0.21241384975848
-261.46942328834,0.122176238010273,0.0114074907262789,0.245291235035483,0.050050978230312,0.000358296179203374,0.113980905206936,0.0721252597799608,-0.0577856704361845,0.21241384975848
-261.46943328834,0.122176238010273,0.0114074907262789,0.245291235035483,0.050050978230312,0.000358296179203374,0.113980905206936,0.0721252597799608,-0.0577856704361845,0.21241384975848
-261.593482719169,0.122176238010273,0.0114074907262789,0.245291235035483,0.050050978230312,0.000358296179203374,0.113980905206936,0.0721252597799608,-0.0577856704361845,0.21241384975848
-261.593492719169,0.122176238010273,0.0114074907262789,0.245291235035483,0.050050978230312,0.000358296179203374,0.113980905206936,0.0721252597799608,-0.0577856704361845,0.21241384975848
-261.717542149999,0.122176238010273,0.0114074907262789,0.245291235035483,0.050050978230312,0.000358296179203374,0.113980905206936,0.0721252597799608,-0.0577856704361845,0.21241384975848
-261.717552149999,0.122176238010273,0.0114074907262789,0.245291235035483,0.050050978230312,0.000358296179203374,0.113980905206936,0.0721252597799608,-0.0577856704361845,0.21241384975848
-261.841601580829,0.122176238010273,0.0114074907262789,0.245291235035483,0.050050978230312,0.000358296179203374,0.113980905206936,0.0721252597799608,-0.0577856704361845,0.21241384975848
-261.841611580829,0.122176238010273,0.0114074907262789,0.245291235035483,0.050050978230312,0.000358296179203374,0.113980905206936,0.0721252597799608,-0.0577856704361845,0.21241384975848
-261.965661011659,0.122176238010273,0.0114074907262789,0.245291235035483,0.050050978230312,0.000358296179203374,0.113980905206936,0.0721252597799608,-0.0577856704361845,0.21241384975848
-261.965671011659,0.119382220914782,0.00681665754117704,0.239457442693092,0.0502466633640462,0.00035824722994688,0.115717195973311,0.0691355575507354,-0.0550339368379173,0.210455496198899
-262.089720442488,0.119382220914782,0.00681665754117704,0.239457442693092,0.0502466633640462,0.00035824722994688,0.115717195973311,0.0691355575507354,-0.0550339368379173,0.210455496198899
-262.089730442488,0.119382220914782,0.00681665754117704,0.239457442693092,0.0502466633640462,0.00035824722994688,0.115717195973311,0.0691355575507354,-0.0550339368379173,0.210455496198899
-262.213779873318,0.119382220914782,0.00681665754117704,0.239457442693092,0.0502466633640462,0.00035824722994688,0.115717195973311,0.0691355575507354,-0.0550339368379173,0.210455496198899
-262.213789873318,0.119382220914782,0.00681665754117704,0.239457442693092,0.0502466633640462,0.00035824722994688,0.115717195973311,0.0691355575507354,-0.0550339368379173,0.210455496198899
-262.337839304148,0.119382220914782,0.00681665754117704,0.239457442693092,0.0502466633640462,0.00035824722994688,0.115717195973311,0.0691355575507354,-0.0550339368379173,0.210455496198899
-262.337849304148,0.119382220914782,0.00681665754117704,0.239457442693092,0.0502466633640462,0.00035824722994688,0.115717195973311,0.0691355575507354,-0.0550339368379173,0.210455496198899
-262.461898734978,0.119382220914782,0.00681665754117704,0.239457442693092,0.0502466633640462,0.00035824722994688,0.115717195973311,0.0691355575507354,-0.0550339368379173,0.210455496198899
-262.461908734978,0.119382220914782,0.00681665754117704,0.239457442693092,0.0502466633640462,0.00035824722994688,0.115717195973311,0.0691355575507354,-0.0550339368379173,0.210455496198899
-262.585958165807,0.119382220914782,0.00681665754117704,0.239457442693092,0.0502466633640462,0.00035824722994688,0.115717195973311,0.0691355575507354,-0.0550339368379173,0.210455496198899
-262.585968165807,0.119382220914782,0.00681665754117704,0.239457442693092,0.0502466633640462,0.00035824722994688,0.115717195973311,0.0691355575507354,-0.0550339368379173,0.210455496198899
-262.710017596637,0.119382220914782,0.00681665754117704,0.239457442693092,0.0502466633640462,0.00035824722994688,0.115717195973311,0.0691355575507354,-0.0550339368379173,0.210455496198899
-262.710027596637,0.119382220914782,0.00681665754117704,0.239457442693092,0.0502466633640462,0.00035824722994688,0.115717195973311,0.0691355575507354,-0.0550339368379173,0.210455496198899
-262.834077027467,0.119382220914782,0.00681665754117704,0.239457442693092,0.0502466633640462,0.00035824722994688,0.115717195973311,0.0691355575507354,-0.0550339368379173,0.210455496198899
-262.834087027467,0.119382220914782,0.00681665754117704,0.239457442693092,0.0502466633640462,0.00035824722994688,0.115717195973311,0.0691355575507354,-0.0550339368379173,0.210455496198899
-262.958136458297,0.119382220914782,0.00681665754117704,0.239457442693092,0.0502466633640462,0.00035824722994688,0.115717195973311,0.0691355575507354,-0.0550339368379173,0.210455496198899
-262.958146458297,0.116177726580732,0.00387286397392625,0.235102509372029,0.0505284070025109,0.000676279711996642,0.113656302671299,0.0656493195782209,-0.0526014229208063,0.214802530618801
-263.082195889126,0.116177726580732,0.00387286397392625,0.235102509372029,0.0505284070025109,0.000676279711996642,0.113656302671299,0.0656493195782209,-0.0526014229208063,0.214802530618801
-263.082205889126,0.116177726580732,0.00387286397392625,0.235102509372029,0.0505284070025109,0.000676279711996642,0.113656302671299,0.0656493195782209,-0.0526014229208063,0.214802530618801
-263.206255319956,0.116177726580732,0.00387286397392625,0.235102509372029,0.0505284070025109,0.000676279711996642,0.113656302671299,0.0656493195782209,-0.0526014229208063,0.214802530618801
-263.206265319956,0.116177726580732,0.00387286397392625,0.235102509372029,0.0505284070025109,0.000676279711996642,0.113656302671299,0.0656493195782209,-0.0526014229208063,0.214802530618801
-263.330314750786,0.116177726580732,0.00387286397392625,0.235102509372029,0.0505284070025109,0.000676279711996642,0.113656302671299,0.0656493195782209,-0.0526014229208063,0.214802530618801
-263.330324750786,0.116177726580732,0.00387286397392625,0.235102509372029,0.0505284070025109,0.000676279711996642,0.113656302671299,0.0656493195782209,-0.0526014229208063,0.214802530618801
-263.454374181616,0.116177726580732,0.00387286397392625,0.235102509372029,0.0505284070025109,0.000676279711996642,0.113656302671299,0.0656493195782209,-0.0526014229208063,0.214802530618801
-263.454384181616,0.116177726580732,0.00387286397392625,0.235102509372029,0.0505284070025109,0.000676279711996642,0.113656302671299,0.0656493195782209,-0.0526014229208063,0.214802530618801
-263.578433612445,0.116177726580732,0.00387286397392625,0.235102509372029,0.0505284070025109,0.000676279711996642,0.113656302671299,0.0656493195782209,-0.0526014229208063,0.214802530618801
-263.578443612445,0.116177726580732,0.00387286397392625,0.235102509372029,0.0505284070025109,0.000676279711996642,0.113656302671299,0.0656493195782209,-0.0526014229208063,0.214802530618801
-263.702493043275,0.116177726580732,0.00387286397392625,0.235102509372029,0.0505284070025109,0.000676279711996642,0.113656302671299,0.0656493195782209,-0.0526014229208063,0.214802530618801
-263.702503043275,0.116177726580732,0.00387286397392625,0.235102509372029,0.0505284070025109,0.000676279711996642,0.113656302671299,0.0656493195782209,-0.0526014229208063,0.214802530618801
-263.826552474105,0.116177726580732,0.00387286397392625,0.235102509372029,0.0505284070025109,0.000676279711996642,0.113656302671299,0.0656493195782209,-0.0526014229208063,0.214802530618801
-263.826562474105,0.116177726580732,0.00387286397392625,0.235102509372029,0.0505284070025109,0.000676279711996642,0.113656302671299,0.0656493195782209,-0.0526014229208063,0.214802530618801
-263.950611904935,0.116177726580732,0.00387286397392625,0.235102509372029,0.0505284070025109,0.000676279711996642,0.113656302671299,0.0656493195782209,-0.0526014229208063,0.214802530618801
-263.950621904935,0.213949627334128,7.37345452681144e-05,0.683529255221413,0.110934705863436,0.000337180561343072,0.34608870136946,0.103014921470692,-0.41286047251665,0.656669589352443
-264.074671335764,0.213949627334128,7.37345452681144e-05,0.683529255221413,0.110934705863436,0.000337180561343072,0.34608870136946,0.103014921470692,-0.41286047251665,0.656669589352443
-264.074681335764,0.213949627334128,7.37345452681144e-05,0.683529255221413,0.110934705863436,0.000337180561343072,0.34608870136946,0.103014921470692,-0.41286047251665,0.656669589352443
-264.198730766594,0.213949627334128,7.37345452681144e-05,0.683529255221413,0.110934705863436,0.000337180561343072,0.34608870136946,0.103014921470692,-0.41286047251665,0.656669589352443
-264.198740766594,0.106782779368107,0.000251493488185209,0.309217151210604,0.0594873923202927,0.000557563496524791,0.176583343949739,0.0472953870478141,-0.16719242963176,0.281769316696025
-264.322790197424,0.106782779368107,0.000251493488185209,0.309217151210604,0.0594873923202927,0.000557563496524791,0.176583343949739,0.0472953870478141,-0.16719242963176,0.281769316696025
-264.322800197424,0.106782779368107,0.000251493488185209,0.309217151210604,0.0594873923202927,0.000557563496524791,0.176583343949739,0.0472953870478141,-0.16719242963176,0.281769316696025
-264.446849628254,0.106782779368107,0.000251493488185209,0.309217151210604,0.0594873923202927,0.000557563496524791,0.176583343949739,0.0472953870478141,-0.16719242963176,0.281769316696025
-264.446859628254,0.106782779368107,0.000251493488185209,0.309217151210604,0.0594873923202927,0.000557563496524791,0.176583343949739,0.0472953870478141,-0.16719242963176,0.281769316696025
-264.570909059084,0.106782779368107,0.000251493488185209,0.309217151210604,0.0594873923202927,0.000557563496524791,0.176583343949739,0.0472953870478141,-0.16719242963176,0.281769316696025
-264.570919059084,0.106782779368107,0.000251493488185209,0.309217151210604,0.0594873923202927,0.000557563496524791,0.176583343949739,0.0472953870478141,-0.16719242963176,0.281769316696025
-264.694968489913,0.106782779368107,0.000251493488185209,0.309217151210604,0.0594873923202927,0.000557563496524791,0.176583343949739,0.0472953870478141,-0.16719242963176,0.281769316696025
-264.694978489913,0.106782779368107,0.000251493488185209,0.309217151210604,0.0594873923202927,0.000557563496524791,0.176583343949739,0.0472953870478141,-0.16719242963176,0.281769316696025
-264.819027920743,0.106782779368107,0.000251493488185209,0.309217151210604,0.0594873923202927,0.000557563496524791,0.176583343949739,0.0472953870478141,-0.16719242963176,0.281769316696025
-264.819037920743,0.106782779368107,0.000251493488185209,0.309217151210604,0.0594873923202927,0.000557563496524791,0.176583343949739,0.0472953870478141,-0.16719242963176,0.281769316696025
-264.943087351573,0.106782779368107,0.000251493488185209,0.309217151210604,0.0594873923202927,0.000557563496524791,0.176583343949739,0.0472953870478141,-0.16719242963176,0.281769316696025
-264.943097351573,0.0983907469853406,0.000280405437784359,0.279152277179052,0.0624459946602853,0.000139822938280735,0.177751438605865,0.0359447523250554,-0.151385117695108,0.271115131471964
-265.067146782403,0.0983907469853406,0.000280405437784359,0.279152277179052,0.0624459946602853,0.000139822938280735,0.177751438605865,0.0359447523250554,-0.151385117695108,0.271115131471964
-265.067156782402,0.0983907469853406,0.000280405437784359,0.279152277179052,0.0624459946602853,0.000139822938280735,0.177751438605865,0.0359447523250554,-0.151385117695108,0.271115131471964
-265.191206213232,0.0983907469853406,0.000280405437784359,0.279152277179052,0.0624459946602853,0.000139822938280735,0.177751438605865,0.0359447523250554,-0.151385117695108,0.271115131471964
-265.191216213232,0.0983907469853406,0.000280405437784359,0.279152277179052,0.0624459946602853,0.000139822938280735,0.177751438605865,0.0359447523250554,-0.151385117695108,0.271115131471964
-265.315265644062,0.0983907469853406,0.000280405437784359,0.279152277179052,0.0624459946602853,0.000139822938280735,0.177751438605865,0.0359447523250554,-0.151385117695108,0.271115131471964
-265.315275644062,0.0983907469853406,0.000280405437784359,0.279152277179052,0.0624459946602853,0.000139822938280735,0.177751438605865,0.0359447523250554,-0.151385117695108,0.271115131471964
-265.439325074892,0.0983907469853406,0.000280405437784359,0.279152277179052,0.0624459946602853,0.000139822938280735,0.177751438605865,0.0359447523250554,-0.151385117695108,0.271115131471964
-265.439335074892,0.0983907469853406,0.000280405437784359,0.279152277179052,0.0624459946602853,0.000139822938280735,0.177751438605865,0.0359447523250554,-0.151385117695108,0.271115131471964
-265.563384505722,0.0983907469853406,0.000280405437784359,0.279152277179052,0.0624459946602853,0.000139822938280735,0.177751438605865,0.0359447523250554,-0.151385117695108,0.271115131471964
-265.563394505722,0.0983907469853406,0.000280405437784359,0.279152277179052,0.0624459946602853,0.000139822938280735,0.177751438605865,0.0359447523250554,-0.151385117695108,0.271115131471964
-265.687443936551,0.0983907469853406,0.000280405437784359,0.279152277179052,0.0624459946602853,0.000139822938280735,0.177751438605865,0.0359447523250554,-0.151385117695108,0.271115131471964
-265.687453936551,0.0983907469853406,0.000280405437784359,0.279152277179052,0.0624459946602853,0.000139822938280735,0.177751438605865,0.0359447523250554,-0.151385117695108,0.271115131471964
-265.811503367381,0.0983907469853406,0.000280405437784359,0.279152277179052,0.0624459946602853,0.000139822938280735,0.177751438605865,0.0359447523250554,-0.151385117695108,0.271115131471964
-265.811513367381,0.0983907469853406,0.000280405437784359,0.279152277179052,0.0624459946602853,0.000139822938280735,0.177751438605865,0.0359447523250554,-0.151385117695108,0.271115131471964
-265.935562798211,0.0983907469853406,0.000280405437784359,0.279152277179052,0.0624459946602853,0.000139822938280735,0.177751438605865,0.0359447523250554,-0.151385117695108,0.271115131471964
-265.935572798211,0.0800317772247667,0.000130843189803636,0.236477260643891,0.0346449342758855,0.000256633789221707,0.108523120321218,0.0453868429488812,-0.0960362564817931,0.245461415380924
-266.059622229041,0.0800317772247667,0.000130843189803636,0.236477260643891,0.0346449342758855,0.000256633789221707,0.108523120321218,0.0453868429488812,-0.0960362564817931,0.245461415380924
-266.059632229041,0.0800317772247667,0.000130843189803636,0.236477260643891,0.0346449342758855,0.000256633789221707,0.108523120321218,0.0453868429488812,-0.0960362564817931,0.245461415380924
-266.18368165987,0.0800317772247667,0.000130843189803636,0.236477260643891,0.0346449342758855,0.000256633789221707,0.108523120321218,0.0453868429488812,-0.0960362564817931,0.245461415380924
-266.18369165987,0.0800317772247667,0.000130843189803636,0.236477260643891,0.0346449342758855,0.000256633789221707,0.108523120321218,0.0453868429488812,-0.0960362564817931,0.245461415380924
-266.3077410907,0.0800317772247667,0.000130843189803636,0.236477260643891,0.0346449342758855,0.000256633789221707,0.108523120321218,0.0453868429488812,-0.0960362564817931,0.245461415380924
-266.3077510907,0.0800317772247667,0.000130843189803636,0.236477260643891,0.0346449342758855,0.000256633789221707,0.108523120321218,0.0453868429488812,-0.0960362564817931,0.245461415380924
-266.43180052153,0.0800317772247667,0.000130843189803636,0.236477260643891,0.0346449342758855,0.000256633789221707,0.108523120321218,0.0453868429488812,-0.0960362564817931,0.245461415380924
-266.43181052153,0.0800317772247667,0.000130843189803636,0.236477260643891,0.0346449342758855,0.000256633789221707,0.108523120321218,0.0453868429488812,-0.0960362564817931,0.245461415380924
-266.55585995236,0.0800317772247667,0.000130843189803636,0.236477260643891,0.0346449342758855,0.000256633789221707,0.108523120321218,0.0453868429488812,-0.0960362564817931,0.245461415380924
-266.55586995236,0.0800317772247667,0.000130843189803636,0.236477260643891,0.0346449342758855,0.000256633789221707,0.108523120321218,0.0453868429488812,-0.0960362564817931,0.245461415380924
-266.679919383189,0.0800317772247667,0.000130843189803636,0.236477260643891,0.0346449342758855,0.000256633789221707,0.108523120321218,0.0453868429488812,-0.0960362564817931,0.245461415380924
-266.679929383189,0.0800317772247667,0.000130843189803636,0.236477260643891,0.0346449342758855,0.000256633789221707,0.108523120321218,0.0453868429488812,-0.0960362564817931,0.245461415380924
-266.803978814019,0.0800317772247667,0.000130843189803636,0.236477260643891,0.0346449342758855,0.000256633789221707,0.108523120321218,0.0453868429488812,-0.0960362564817931,0.245461415380924
-266.803988814019,0.0800317772247667,0.000130843189803636,0.236477260643891,0.0346449342758855,0.000256633789221707,0.108523120321218,0.0453868429488812,-0.0960362564817931,0.245461415380924
-266.928038244849,0.0800317772247667,0.000130843189803636,0.236477260643891,0.0346449342758855,0.000256633789221707,0.108523120321218,0.0453868429488812,-0.0960362564817931,0.245461415380924
-266.928048244849,0.0579720714661598,0.000139163533392011,0.158588155011597,0.0230369946132814,0.000418764407806194,0.0679772147296758,0.0349350768528785,-0.0571678345414567,0.14462845969509
-267.052097675679,0.0579720714661598,0.000139163533392011,0.158588155011597,0.0230369946132814,0.000418764407806194,0.0679772147296758,0.0349350768528785,-0.0571678345414567,0.14462845969509
-267.052107675679,0.0579720714661598,0.000139163533392011,0.158588155011597,0.0230369946132814,0.000418764407806194,0.0679772147296758,0.0349350768528785,-0.0571678345414567,0.14462845969509
-267.176157106508,0.0579720714661598,0.000139163533392011,0.158588155011597,0.0230369946132814,0.000418764407806194,0.0679772147296758,0.0349350768528785,-0.0571678345414567,0.14462845969509
-267.176167106508,0.0579720714661598,0.000139163533392011,0.158588155011597,0.0230369946132814,0.000418764407806194,0.0679772147296758,0.0349350768528785,-0.0571678345414567,0.14462845969509
-267.300216537338,0.0579720714661598,0.000139163533392011,0.158588155011597,0.0230369946132814,0.000418764407806194,0.0679772147296758,0.0349350768528785,-0.0571678345414567,0.14462845969509
-267.300226537338,0.0579720714661598,0.000139163533392011,0.158588155011597,0.0230369946132814,0.000418764407806194,0.0679772147296758,0.0349350768528785,-0.0571678345414567,0.14462845969509
-267.424275968168,0.0579720714661598,0.000139163533392011,0.158588155011597,0.0230369946132814,0.000418764407806194,0.0679772147296758,0.0349350768528785,-0.0571678345414567,0.14462845969509
-267.424285968168,0.0579720714661598,0.000139163533392011,0.158588155011597,0.0230369946132814,0.000418764407806194,0.0679772147296758,0.0349350768528785,-0.0571678345414567,0.14462845969509
-267.548335398998,0.0579720714661598,0.000139163533392011,0.158588155011597,0.0230369946132814,0.000418764407806194,0.0679772147296758,0.0349350768528785,-0.0571678345414567,0.14462845969509
-267.548345398998,0.0579720714661598,0.000139163533392011,0.158588155011597,0.0230369946132814,0.000418764407806194,0.0679772147296758,0.0349350768528785,-0.0571678345414567,0.14462845969509
-267.672394829827,0.0579720714661598,0.000139163533392011,0.158588155011597,0.0230369946132814,0.000418764407806194,0.0679772147296758,0.0349350768528785,-0.0571678345414567,0.14462845969509
-267.672404829827,0.0579720714661598,0.000139163533392011,0.158588155011597,0.0230369946132814,0.000418764407806194,0.0679772147296758,0.0349350768528785,-0.0571678345414567,0.14462845969509
-267.796454260657,0.0579720714661598,0.000139163533392011,0.158588155011597,0.0230369946132814,0.000418764407806194,0.0679772147296758,0.0349350768528785,-0.0571678345414567,0.14462845969509
-267.796464260657,0.0579720714661598,0.000139163533392011,0.158588155011597,0.0230369946132814,0.000418764407806194,0.0679772147296758,0.0349350768528785,-0.0571678345414567,0.14462845969509
-267.920513691487,0.0579720714661598,0.000139163533392011,0.158588155011597,0.0230369946132814,0.000418764407806194,0.0679772147296758,0.0349350768528785,-0.0571678345414567,0.14462845969509
-267.920523691487,0.0533267702892955,0.000139163533392011,0.148259124309482,0.023160885036706,0.000478660964649088,0.0670101692783614,0.0301658852525895,-0.0467775398152207,0.150833047124216
-268.044573122317,0.0533267702892955,0.000139163533392011,0.148259124309482,0.023160885036706,0.000478660964649088,0.0670101692783614,0.0301658852525895,-0.0467775398152207,0.150833047124216
-268.044583122317,0.0533267702892955,0.000139163533392011,0.148259124309482,0.023160885036706,0.000478660964649088,0.0670101692783614,0.0301658852525895,-0.0467775398152207,0.150833047124216
-268.168632553146,0.0533267702892955,0.000139163533392011,0.148259124309482,0.023160885036706,0.000478660964649088,0.0670101692783614,0.0301658852525895,-0.0467775398152207,0.150833047124216
-268.168642553146,0.0533267702892955,0.000139163533392011,0.148259124309482,0.023160885036706,0.000478660964649088,0.0670101692783614,0.0301658852525895,-0.0467775398152207,0.150833047124216
-268.292691983976,0.0533267702892955,0.000139163533392011,0.148259124309482,0.023160885036706,0.000478660964649088,0.0670101692783614,0.0301658852525895,-0.0467775398152207,0.150833047124216
-268.292701983976,0.0533267702892955,0.000139163533392011,0.148259124309482,0.023160885036706,0.000478660964649088,0.0670101692783614,0.0301658852525895,-0.0467775398152207,0.150833047124216
-268.416751414806,0.0533267702892955,0.000139163533392011,0.148259124309482,0.023160885036706,0.000478660964649088,0.0670101692783614,0.0301658852525895,-0.0467775398152207,0.150833047124216
-268.416761414806,0.0533267702892955,0.000139163533392011,0.148259124309482,0.023160885036706,0.000478660964649088,0.0670101692783614,0.0301658852525895,-0.0467775398152207,0.150833047124216
-268.540810845636,0.0533267702892955,0.000139163533392011,0.148259124309482,0.023160885036706,0.000478660964649088,0.0670101692783614,0.0301658852525895,-0.0467775398152207,0.150833047124216
-268.540820845636,0.0533267702892955,0.000139163533392011,0.148259124309482,0.023160885036706,0.000478660964649088,0.0670101692783614,0.0301658852525895,-0.0467775398152207,0.150833047124216
-268.664870276465,0.0533267702892955,0.000139163533392011,0.148259124309482,0.023160885036706,0.000478660964649088,0.0670101692783614,0.0301658852525895,-0.0467775398152207,0.150833047124216
-268.664880276465,0.0533267702892955,0.000139163533392011,0.148259124309482,0.023160885036706,0.000478660964649088,0.0670101692783614,0.0301658852525895,-0.0467775398152207,0.150833047124216
-268.788929707295,0.0533267702892955,0.000139163533392011,0.148259124309482,0.023160885036706,0.000478660964649088,0.0670101692783614,0.0301658852525895,-0.0467775398152207,0.150833047124216
-268.788939707295,0.0533267702892955,0.000139163533392011,0.148259124309482,0.023160885036706,0.000478660964649088,0.0670101692783614,0.0301658852525895,-0.0467775398152207,0.150833047124216
-268.912989138125,0.0533267702892955,0.000139163533392011,0.148259124309482,0.023160885036706,0.000478660964649088,0.0670101692783614,0.0301658852525895,-0.0467775398152207,0.150833047124216
-268.912999138125,0.0515500186262546,0.000126530037291763,0.145111812760791,0.0242915856194796,0.000385175157368407,0.0702813718733759,0.0272584330067751,-0.0490979731507219,0.143332516266472
-269.037048568955,0.0515500186262546,0.000126530037291763,0.145111812760791,0.0242915856194796,0.000385175157368407,0.0702813718733759,0.0272584330067751,-0.0490979731507219,0.143332516266472
-269.037058568955,0.0515500186262546,0.000126530037291763,0.145111812760791,0.0242915856194796,0.000385175157368407,0.0702813718733759,0.0272584330067751,-0.0490979731507219,0.143332516266472
-269.161107999784,0.0515500186262546,0.000126530037291763,0.145111812760791,0.0242915856194796,0.000385175157368407,0.0702813718733759,0.0272584330067751,-0.0490979731507219,0.143332516266472
-269.161117999784,0.0515500186262546,0.000126530037291763,0.145111812760791,0.0242915856194796,0.000385175157368407,0.0702813718733759,0.0272584330067751,-0.0490979731507219,0.143332516266472
-269.285167430614,0.0515500186262546,0.000126530037291763,0.145111812760791,0.0242915856194796,0.000385175157368407,0.0702813718733759,0.0272584330067751,-0.0490979731507219,0.143332516266472
-269.285177430614,0.0515500186262546,0.000126530037291763,0.145111812760791,0.0242915856194796,0.000385175157368407,0.0702813718733759,0.0272584330067751,-0.0490979731507219,0.143332516266472
-269.409226861444,0.0515500186262546,0.000126530037291763,0.145111812760791,0.0242915856194796,0.000385175157368407,0.0702813718733759,0.0272584330067751,-0.0490979731507219,0.143332516266472
-269.409236861444,0.0515500186262546,0.000126530037291763,0.145111812760791,0.0242915856194796,0.000385175157368407,0.0702813718733759,0.0272584330067751,-0.0490979731507219,0.143332516266472
-269.533286292274,0.0515500186262546,0.000126530037291763,0.145111812760791,0.0242915856194796,0.000385175157368407,0.0702813718733759,0.0272584330067751,-0.0490979731507219,0.143332516266472
-269.533296292274,0.0515500186262546,0.000126530037291763,0.145111812760791,0.0242915856194796,0.000385175157368407,0.0702813718733759,0.0272584330067751,-0.0490979731507219,0.143332516266472
-269.657345723104,0.0515500186262546,0.000126530037291763,0.145111812760791,0.0242915856194796,0.000385175157368407,0.0702813718733759,0.0272584330067751,-0.0490979731507219,0.143332516266472
-269.657355723103,0.0515500186262546,0.000126530037291763,0.145111812760791,0.0242915856194796,0.000385175157368407,0.0702813718733759,0.0272584330067751,-0.0490979731507219,0.143332516266472
-269.781405153933,0.0515500186262546,0.000126530037291763,0.145111812760791,0.0242915856194796,0.000385175157368407,0.0702813718733759,0.0272584330067751,-0.0490979731507219,0.143332516266472
-269.781415153933,0.0515500186262546,0.000126530037291763,0.145111812760791,0.0242915856194796,0.000385175157368407,0.0702813718733759,0.0272584330067751,-0.0490979731507219,0.143332516266472
-269.905464584763,0.0515500186262546,0.000126530037291763,0.145111812760791,0.0242915856194796,0.000385175157368407,0.0702813718733759,0.0272584330067751,-0.0490979731507219,0.143332516266472
-269.905474584763,0.0508920268607752,0.000126530037291763,0.144393789024637,0.0261767150928266,0.000705598561102622,0.0749807806403002,0.0247153117679487,-0.058770296170772,0.134947770205846
-270.029524015593,0.0508920268607752,0.000126530037291763,0.144393789024637,0.0261767150928266,0.000705598561102622,0.0749807806403002,0.0247153117679487,-0.058770296170772,0.134947770205846
-270.029534015593,0.0508920268607752,0.000126530037291763,0.144393789024637,0.0261767150928266,0.000705598561102622,0.0749807806403002,0.0247153117679487,-0.058770296170772,0.134947770205846
-270.153583446422,0.0508920268607752,0.000126530037291763,0.144393789024637,0.0261767150928266,0.000705598561102622,0.0749807806403002,0.0247153117679487,-0.058770296170772,0.134947770205846
-270.153593446422,0.0508920268607752,0.000126530037291763,0.144393789024637,0.0261767150928266,0.000705598561102622,0.0749807806403002,0.0247153117679487,-0.058770296170772,0.134947770205846
-270.277642877252,0.0508920268607752,0.000126530037291763,0.144393789024637,0.0261767150928266,0.000705598561102622,0.0749807806403002,0.0247153117679487,-0.058770296170772,0.134947770205846
-270.277652877252,0.0508920268607752,0.000126530037291763,0.144393789024637,0.0261767150928266,0.000705598561102622,0.0749807806403002,0.0247153117679487,-0.058770296170772,0.134947770205846
-270.401702308082,0.0508920268607752,0.000126530037291763,0.144393789024637,0.0261767150928266,0.000705598561102622,0.0749807806403002,0.0247153117679487,-0.058770296170772,0.134947770205846
-270.401712308082,0.0508920268607752,0.000126530037291763,0.144393789024637,0.0261767150928266,0.000705598561102622,0.0749807806403002,0.0247153117679487,-0.058770296170772,0.134947770205846
-270.525761738912,0.0508920268607752,0.000126530037291763,0.144393789024637,0.0261767150928266,0.000705598561102622,0.0749807806403002,0.0247153117679487,-0.058770296170772,0.134947770205846
-270.525771738912,0.0508920268607752,0.000126530037291763,0.144393789024637,0.0261767150928266,0.000705598561102622,0.0749807806403002,0.0247153117679487,-0.058770296170772,0.134947770205846
-270.649821169742,0.0508920268607752,0.000126530037291763,0.144393789024637,0.0261767150928266,0.000705598561102622,0.0749807806403002,0.0247153117679487,-0.058770296170772,0.134947770205846
-270.649831169742,0.0508920268607752,0.000126530037291763,0.144393789024637,0.0261767150928266,0.000705598561102622,0.0749807806403002,0.0247153117679487,-0.058770296170772,0.134947770205846
-270.773880600571,0.0508920268607752,0.000126530037291763,0.144393789024637,0.0261767150928266,0.000705598561102622,0.0749807806403002,0.0247153117679487,-0.058770296170772,0.134947770205846
-270.773890600571,0.0508920268607752,0.000126530037291763,0.144393789024637,0.0261767150928266,0.000705598561102622,0.0749807806403002,0.0247153117679487,-0.058770296170772,0.134947770205846
-270.897940031401,0.0508920268607752,0.000126530037291763,0.144393789024637,0.0261767150928266,0.000705598561102622,0.0749807806403002,0.0247153117679487,-0.058770296170772,0.134947770205846
-270.897950031401,0.0495036538767565,0.000153820305286739,0.141068663306153,0.0274928363191992,0.000917745080619738,0.0765711800395702,0.0220108175575573,-0.0584776655470133,0.137404492939299
-271.021999462231,0.0495036538767565,0.000153820305286739,0.141068663306153,0.0274928363191992,0.000917745080619738,0.0765711800395702,0.0220108175575573,-0.0584776655470133,0.137404492939299
-271.022009462231,0.0495036538767565,0.000153820305286739,0.141068663306153,0.0274928363191992,0.000917745080619738,0.0765711800395702,0.0220108175575573,-0.0584776655470133,0.137404492939299
-271.146058893061,0.0495036538767565,0.000153820305286739,0.141068663306153,0.0274928363191992,0.000917745080619738,0.0765711800395702,0.0220108175575573,-0.0584776655470133,0.137404492939299
-271.14606889306,0.0495036538767565,0.000153820305286739,0.141068663306153,0.0274928363191992,0.000917745080619738,0.0765711800395702,0.0220108175575573,-0.0584776655470133,0.137404492939299
-271.27011832389,0.0495036538767565,0.000153820305286739,0.141068663306153,0.0274928363191992,0.000917745080619738,0.0765711800395702,0.0220108175575573,-0.0584776655470133,0.137404492939299
-271.27012832389,0.0495036538767565,0.000153820305286739,0.141068663306153,0.0274928363191992,0.000917745080619738,0.0765711800395702,0.0220108175575573,-0.0584776655470133,0.137404492939299
-271.39417775472,0.0495036538767565,0.000153820305286739,0.141068663306153,0.0274928363191992,0.000917745080619738,0.0765711800395702,0.0220108175575573,-0.0584776655470133,0.137404492939299
-271.39418775472,0.0495036538767565,0.000153820305286739,0.141068663306153,0.0274928363191992,0.000917745080619738,0.0765711800395702,0.0220108175575573,-0.0584776655470133,0.137404492939299
-271.51823718555,0.0495036538767565,0.000153820305286739,0.141068663306153,0.0274928363191992,0.000917745080619738,0.0765711800395702,0.0220108175575573,-0.0584776655470133,0.137404492939299
-271.51824718555,0.0495036538767565,0.000153820305286739,0.141068663306153,0.0274928363191992,0.000917745080619738,0.0765711800395702,0.0220108175575573,-0.0584776655470133,0.137404492939299
-271.64229661638,0.0495036538767565,0.000153820305286739,0.141068663306153,0.0274928363191992,0.000917745080619738,0.0765711800395702,0.0220108175575573,-0.0584776655470133,0.137404492939299
-271.64230661638,0.0495036538767565,0.000153820305286739,0.141068663306153,0.0274928363191992,0.000917745080619738,0.0765711800395702,0.0220108175575573,-0.0584776655470133,0.137404492939299
-271.766356047209,0.0495036538767565,0.000153820305286739,0.141068663306153,0.0274928363191992,0.000917745080619738,0.0765711800395702,0.0220108175575573,-0.0584776655470133,0.137404492939299
-271.766366047209,0.0495036538767565,0.000153820305286739,0.141068663306153,0.0274928363191992,0.000917745080619738,0.0765711800395702,0.0220108175575573,-0.0584776655470133,0.137404492939299
-271.890415478039,0.0495036538767565,0.000153820305286739,0.141068663306153,0.0274928363191992,0.000917745080619738,0.0765711800395702,0.0220108175575573,-0.0584776655470133,0.137404492939299
-271.890425478039,0.0466103752260036,0.000151796704484651,0.133687333663926,0.0300951753197363,0.000905310910532583,0.086849323328398,0.0165151999062673,-0.0704374617849763,0.120377588048599
-272.014474908869,0.0466103752260036,0.000151796704484651,0.133687333663926,0.0300951753197363,0.000905310910532583,0.086849323328398,0.0165151999062673,-0.0704374617849763,0.120377588048599
-272.014484908869,0.0466103752260036,0.000151796704484651,0.133687333663926,0.0300951753197363,0.000905310910532583,0.086849323328398,0.0165151999062673,-0.0704374617849763,0.120377588048599
-272.138534339699,0.0466103752260036,0.000151796704484651,0.133687333663926,0.0300951753197363,0.000905310910532583,0.086849323328398,0.0165151999062673,-0.0704374617849763,0.120377588048599
-272.138544339699,0.0466103752260036,0.000151796704484651,0.133687333663926,0.0300951753197363,0.000905310910532583,0.086849323328398,0.0165151999062673,-0.0704374617849763,0.120377588048599
-272.262593770528,0.0466103752260036,0.000151796704484651,0.133687333663926,0.0300951753197363,0.000905310910532583,0.086849323328398,0.0165151999062673,-0.0704374617849763,0.120377588048599
-272.262603770528,0.0466103752260036,0.000151796704484651,0.133687333663926,0.0300951753197363,0.000905310910532583,0.086849323328398,0.0165151999062673,-0.0704374617849763,0.120377588048599
-272.386653201358,0.0466103752260036,0.000151796704484651,0.133687333663926,0.0300951753197363,0.000905310910532583,0.086849323328398,0.0165151999062673,-0.0704374617849763,0.120377588048599
-272.386663201358,0.0466103752260036,0.000151796704484651,0.133687333663926,0.0300951753197363,0.000905310910532583,0.086849323328398,0.0165151999062673,-0.0704374617849763,0.120377588048599
-272.510712632188,0.0466103752260036,0.000151796704484651,0.133687333663926,0.0300951753197363,0.000905310910532583,0.086849323328398,0.0165151999062673,-0.0704374617849763,0.120377588048599
-272.510722632188,0.0466103752260036,0.000151796704484651,0.133687333663926,0.0300951753197363,0.000905310910532583,0.086849323328398,0.0165151999062673,-0.0704374617849763,0.120377588048599
-272.634772063018,0.0466103752260036,0.000151796704484651,0.133687333663926,0.0300951753197363,0.000905310910532583,0.086849323328398,0.0165151999062673,-0.0704374617849763,0.120377588048599
-272.634782063018,0.0466103752260036,0.000151796704484651,0.133687333663926,0.0300951753197363,0.000905310910532583,0.086849323328398,0.0165151999062673,-0.0704374617849763,0.120377588048599
-272.758831493847,0.0466103752260036,0.000151796704484651,0.133687333663926,0.0300951753197363,0.000905310910532583,0.086849323328398,0.0165151999062673,-0.0704374617849763,0.120377588048599
-272.758841493847,0.0466103752260036,0.000151796704484651,0.133687333663926,0.0300951753197363,0.000905310910532583,0.086849323328398,0.0165151999062673,-0.0704374617849763,0.120377588048599
-272.882890924677,0.0466103752260036,0.000151796704484651,0.133687333663926,0.0300951753197363,0.000905310910532583,0.086849323328398,0.0165151999062673,-0.0704374617849763,0.120377588048599
-272.882900924677,0.0444052595187122,0.000164115175196556,0.12426003387781,0.0367478268187843,0.000918991545883558,0.102623054817488,0.00765743269992791,-0.0861021872021394,0.109754699177831
-273.006950355507,0.0444052595187122,0.000164115175196556,0.12426003387781,0.0367478268187843,0.000918991545883558,0.102623054817488,0.00765743269992791,-0.0861021872021394,0.109754699177831
-273.006960355507,0.0444052595187122,0.000164115175196556,0.12426003387781,0.0367478268187843,0.000918991545883558,0.102623054817488,0.00765743269992791,-0.0861021872021394,0.109754699177831
-273.131009786337,0.0444052595187122,0.000164115175196556,0.12426003387781,0.0367478268187843,0.000918991545883558,0.102623054817488,0.00765743269992791,-0.0861021872021394,0.109754699177831
-273.131019786337,0.0444052595187122,0.000164115175196556,0.12426003387781,0.0367478268187843,0.000918991545883558,0.102623054817488,0.00765743269992791,-0.0861021872021394,0.109754699177831
-273.255069217166,0.0444052595187122,0.000164115175196556,0.12426003387781,0.0367478268187843,0.000918991545883558,0.102623054817488,0.00765743269992791,-0.0861021872021394,0.109754699177831
-273.255079217166,0.0444052595187122,0.000164115175196556,0.12426003387781,0.0367478268187843,0.000918991545883558,0.102623054817488,0.00765743269992791,-0.0861021872021394,0.109754699177831
-273.379128647996,0.0444052595187122,0.000164115175196556,0.12426003387781,0.0367478268187843,0.000918991545883558,0.102623054817488,0.00765743269992791,-0.0861021872021394,0.109754699177831
-273.379138647996,0.0444052595187122,0.000164115175196556,0.12426003387781,0.0367478268187843,0.000918991545883558,0.102623054817488,0.00765743269992791,-0.0861021872021394,0.109754699177831
-273.503188078826,0.0444052595187122,0.000164115175196556,0.12426003387781,0.0367478268187843,0.000918991545883558,0.102623054817488,0.00765743269992791,-0.0861021872021394,0.109754699177831
-273.503198078826,0.0444052595187122,0.000164115175196556,0.12426003387781,0.0367478268187843,0.000918991545883558,0.102623054817488,0.00765743269992791,-0.0861021872021394,0.109754699177831
-273.627247509656,0.0444052595187122,0.000164115175196556,0.12426003387781,0.0367478268187843,0.000918991545883558,0.102623054817488,0.00765743269992791,-0.0861021872021394,0.109754699177831
-273.627257509656,0.0444052595187122,0.000164115175196556,0.12426003387781,0.0367478268187843,0.000918991545883558,0.102623054817488,0.00765743269992791,-0.0861021872021394,0.109754699177831
-273.751306940485,0.0444052595187122,0.000164115175196556,0.12426003387781,0.0367478268187843,0.000918991545883558,0.102623054817488,0.00765743269992791,-0.0861021872021394,0.109754699177831
-273.751316940485,0.0444052595187122,0.000164115175196556,0.12426003387781,0.0367478268187843,0.000918991545883558,0.102623054817488,0.00765743269992791,-0.0861021872021394,0.109754699177831
-273.875366371315,0.0444052595187122,0.000164115175196556,0.12426003387781,0.0367478268187843,0.000918991545883558,0.102623054817488,0.00765743269992791,-0.0861021872021394,0.109754699177831
-273.875376371315,0.0444052595187122,0.000164115175196556,0.12426003387781,0.0367478268187843,0.000918991545883558,0.102623054817488,0.00765743269992791,-0.0861021872021394,0.109754699177831
-273.999425802145,0.0444052595187122,0.000164115175196556,0.12426003387781,0.0367478268187843,0.000918991545883558,0.102623054817488,0.00765743269992791,-0.0861021872021394,0.109754699177831
-273.999435802145,0.0425004076701364,0.00015382031683981,0.12905403052002,0.0447962165672918,0.00124322737394851,0.125116814958424,-0.00229580889715532,-0.102658616412971,0.110937685330911
-274.123485232975,0.0425004076701364,0.00015382031683981,0.12905403052002,0.0447962165672918,0.00124322737394851,0.125116814958424,-0.00229580889715532,-0.102658616412971,0.110937685330911
-274.123495232975,0.0425004076701364,0.00015382031683981,0.12905403052002,0.0447962165672918,0.00124322737394851,0.125116814958424,-0.00229580889715532,-0.102658616412971,0.110937685330911
-274.247544663804,0.0425004076701364,0.00015382031683981,0.12905403052002,0.0447962165672918,0.00124322737394851,0.125116814958424,-0.00229580889715532,-0.102658616412971,0.110937685330911
-274.247554663804,0.0425004076701364,0.00015382031683981,0.12905403052002,0.0447962165672918,0.00124322737394851,0.125116814958424,-0.00229580889715532,-0.102658616412971,0.110937685330911
-274.371604094634,0.0425004076701364,0.00015382031683981,0.12905403052002,0.0447962165672918,0.00124322737394851,0.125116814958424,-0.00229580889715532,-0.102658616412971,0.110937685330911
-274.371614094634,0.0671519626437452,0.000335165423693364,0.195410979512033,0.0485679445648344,0.000280166975687102,0.131559427679553,0.0185840180789109,-0.125631045138535,0.164512880729032
-274.495663525464,0.0671519626437452,0.000335165423693364,0.195410979512033,0.0485679445648344,0.000280166975687102,0.131559427679553,0.0185840180789109,-0.125631045138535,0.164512880729032
-274.495673525464,0.0671519626437452,0.000335165423693364,0.195410979512033,0.0485679445648344,0.000280166975687102,0.131559427679553,0.0185840180789109,-0.125631045138535,0.164512880729032
-274.619722956294,0.0671519626437452,0.000335165423693364,0.195410979512033,0.0485679445648344,0.000280166975687102,0.131559427679553,0.0185840180789109,-0.125631045138535,0.164512880729032
-274.619732956294,0.0671519626437452,0.000335165423693364,0.195410979512033,0.0485679445648344,0.000280166975687102,0.131559427679553,0.0185840180789109,-0.125631045138535,0.164512880729032
-274.743782387123,0.0671519626437452,0.000335165423693364,0.195410979512033,0.0485679445648344,0.000280166975687102,0.131559427679553,0.0185840180789109,-0.125631045138535,0.164512880729032
-274.743792387123,0.0671519626437452,0.000335165423693364,0.195410979512033,0.0485679445648344,0.000280166975687102,0.131559427679553,0.0185840180789109,-0.125631045138535,0.164512880729032
-274.867841817953,0.0671519626437452,0.000335165423693364,0.195410979512033,0.0485679445648344,0.000280166975687102,0.131559427679553,0.0185840180789109,-0.125631045138535,0.164512880729032
-274.867851817953,0.0671519626437452,0.000335165423693364,0.195410979512033,0.0485679445648344,0.000280166975687102,0.131559427679553,0.0185840180789109,-0.125631045138535,0.164512880729032
-274.991901248783,0.0671519626437452,0.000335165423693364,0.195410979512033,0.0485679445648344,0.000280166975687102,0.131559427679553,0.0185840180789109,-0.125631045138535,0.164512880729032
-274.991911248783,0.0439532071691737,0.000236704883101537,0.118279095648423,0.0386237317211321,0.000240147418620454,0.0972621010189194,0.0053294754480416,-0.0891020906215546,0.104629912785532
-275.115960679613,0.0439532071691737,0.000236704883101537,0.118279095648423,0.0386237317211321,0.000240147418620454,0.0972621010189194,0.0053294754480416,-0.0891020906215546,0.104629912785532
-275.115970679613,0.0439532071691737,0.000236704883101537,0.118279095648423,0.0386237317211321,0.000240147418620454,0.0972621010189194,0.0053294754480416,-0.0891020906215546,0.104629912785532
-275.240020110442,0.0439532071691737,0.000236704883101537,0.118279095648423,0.0386237317211321,0.000240147418620454,0.0972621010189194,0.0053294754480416,-0.0891020906215546,0.104629912785532
-275.240030110442,0.0439532071691737,0.000236704883101537,0.118279095648423,0.0386237317211321,0.000240147418620454,0.0972621010189194,0.0053294754480416,-0.0891020906215546,0.104629912785532
-275.364079541272,0.0439532071691737,0.000236704883101537,0.118279095648423,0.0386237317211321,0.000240147418620454,0.0972621010189194,0.0053294754480416,-0.0891020906215546,0.104629912785532
-275.364089541272,0.0439532071691737,0.000236704883101537,0.118279095648423,0.0386237317211321,0.000240147418620454,0.0972621010189194,0.0053294754480416,-0.0891020906215546,0.104629912785532
-275.488138972102,0.0439532071691737,0.000236704883101537,0.118279095648423,0.0386237317211321,0.000240147418620454,0.0972621010189194,0.0053294754480416,-0.0891020906215546,0.104629912785532
-275.488148972102,0.0439532071691737,0.000236704883101537,0.118279095648423,0.0386237317211321,0.000240147418620454,0.0972621010189194,0.0053294754480416,-0.0891020906215546,0.104629912785532
-275.612198402932,0.0439532071691737,0.000236704883101537,0.118279095648423,0.0386237317211321,0.000240147418620454,0.0972621010189194,0.0053294754480416,-0.0891020906215546,0.104629912785532
-275.612208402932,0.0439532071691737,0.000236704883101537,0.118279095648423,0.0386237317211321,0.000240147418620454,0.0972621010189194,0.0053294754480416,-0.0891020906215546,0.104629912785532
-275.736257833761,0.0439532071691737,0.000236704883101537,0.118279095648423,0.0386237317211321,0.000240147418620454,0.0972621010189194,0.0053294754480416,-0.0891020906215546,0.104629912785532
-275.736267833761,0.0439532071691737,0.000236704883101537,0.118279095648423,0.0386237317211321,0.000240147418620454,0.0972621010189194,0.0053294754480416,-0.0891020906215546,0.104629912785532
-275.860317264591,0.0439532071691737,0.000236704883101537,0.118279095648423,0.0386237317211321,0.000240147418620454,0.0972621010189194,0.0053294754480416,-0.0891020906215546,0.104629912785532
-275.860327264591,0.0439532071691737,0.000236704883101537,0.118279095648423,0.0386237317211321,0.000240147418620454,0.0972621010189194,0.0053294754480416,-0.0891020906215546,0.104629912785532
-275.984376695421,0.0439532071691737,0.000236704883101537,0.118279095648423,0.0386237317211321,0.000240147418620454,0.0972621010189194,0.0053294754480416,-0.0891020906215546,0.104629912785532
-275.984386695421,0.038656004095353,0.000213293918394663,0.105252570797173,0.0359056451053659,0.000240147418620454,0.0917025965826839,0.00275035898998712,-0.0843751361134163,0.091774362317343
-276.108436126251,0.038656004095353,0.000213293918394663,0.105252570797173,0.0359056451053659,0.000240147418620454,0.0917025965826839,0.00275035898998712,-0.0843751361134163,0.091774362317343
-276.108446126251,0.038656004095353,0.000213293918394663,0.105252570797173,0.0359056451053659,0.000240147418620454,0.0917025965826839,0.00275035898998712,-0.0843751361134163,0.091774362317343
-276.232495557081,0.038656004095353,0.000213293918394663,0.105252570797173,0.0359056451053659,0.000240147418620454,0.0917025965826839,0.00275035898998712,-0.0843751361134163,0.091774362317343
-276.232505557081,0.038656004095353,0.000213293918394663,0.105252570797173,0.0359056451053659,0.000240147418620454,0.0917025965826839,0.00275035898998712,-0.0843751361134163,0.091774362317343
-276.35655498791,0.038656004095353,0.000213293918394663,0.105252570797173,0.0359056451053659,0.000240147418620454,0.0917025965826839,0.00275035898998712,-0.0843751361134163,0.091774362317343
-276.35656498791,0.038656004095353,0.000213293918394663,0.105252570797173,0.0359056451053659,0.000240147418620454,0.0917025965826839,0.00275035898998712,-0.0843751361134163,0.091774362317343
-276.48061441874,0.038656004095353,0.000213293918394663,0.105252570797173,0.0359056451053659,0.000240147418620454,0.0917025965826839,0.00275035898998712,-0.0843751361134163,0.091774362317343
-276.48062441874,0.038656004095353,0.000213293918394663,0.105252570797173,0.0359056451053659,0.000240147418620454,0.0917025965826839,0.00275035898998712,-0.0843751361134163,0.091774362317343
-276.60467384957,0.038656004095353,0.000213293918394663,0.105252570797173,0.0359056451053659,0.000240147418620454,0.0917025965826839,0.00275035898998712,-0.0843751361134163,0.091774362317343
-276.60468384957,0.038656004095353,0.000213293918394663,0.105252570797173,0.0359056451053659,0.000240147418620454,0.0917025965826839,0.00275035898998712,-0.0843751361134163,0.091774362317343
-276.7287332804,0.038656004095353,0.000213293918394663,0.105252570797173,0.0359056451053659,0.000240147418620454,0.0917025965826839,0.00275035898998712,-0.0843751361134163,0.091774362317343
-276.728743280399,0.038656004095353,0.000213293918394663,0.105252570797173,0.0359056451053659,0.000240147418620454,0.0917025965826839,0.00275035898998712,-0.0843751361134163,0.091774362317343
-276.852792711229,0.038656004095353,0.000213293918394663,0.105252570797173,0.0359056451053659,0.000240147418620454,0.0917025965826839,0.00275035898998712,-0.0843751361134163,0.091774362317343
-276.852802711229,0.038656004095353,0.000213293918394663,0.105252570797173,0.0359056451053659,0.000240147418620454,0.0917025965826839,0.00275035898998712,-0.0843751361134163,0.091774362317343
-276.976852142059,0.038656004095353,0.000213293918394663,0.105252570797173,0.0359056451053659,0.000240147418620454,0.0917025965826839,0.00275035898998712,-0.0843751361134163,0.091774362317343
-276.976862142059,0.0384265294542517,0.000236488651604757,0.103029931440196,0.0359632936189096,0.000279917746826152,0.0896974638714794,0.00246323583534215,-0.081797326408114,0.0898682129751192
-277.100911572889,0.0384265294542517,0.000236488651604757,0.103029931440196,0.0359632936189096,0.000279917746826152,0.0896974638714794,0.00246323583534215,-0.081797326408114,0.0898682129751192
-277.100921572889,0.0384265294542517,0.000236488651604757,0.103029931440196,0.0359632936189096,0.000279917746826152,0.0896974638714794,0.00246323583534215,-0.081797326408114,0.0898682129751192
-277.224971003719,0.0384265294542517,0.000236488651604757,0.103029931440196,0.0359632936189096,0.000279917746826152,0.0896974638714794,0.00246323583534215,-0.081797326408114,0.0898682129751192
-277.224981003719,0.0384265294542517,0.000236488651604757,0.103029931440196,0.0359632936189096,0.000279917746826152,0.0896974638714794,0.00246323583534215,-0.081797326408114,0.0898682129751192
-277.349030434548,0.0384265294542517,0.000236488651604757,0.103029931440196,0.0359632936189096,0.000279917746826152,0.0896974638714794,0.00246323583534215,-0.081797326408114,0.0898682129751192
-277.349040434548,0.0384265294542517,0.000236488651604757,0.103029931440196,0.0359632936189096,0.000279917746826152,0.0896974638714794,0.00246323583534215,-0.081797326408114,0.0898682129751192
-277.473089865378,0.0384265294542517,0.000236488651604757,0.103029931440196,0.0359632936189096,0.000279917746826152,0.0896974638714794,0.00246323583534215,-0.081797326408114,0.0898682129751192
-277.473099865378,0.0384265294542517,0.000236488651604757,0.103029931440196,0.0359632936189096,0.000279917746826152,0.0896974638714794,0.00246323583534215,-0.081797326408114,0.0898682129751192
-277.597149296208,0.0384265294542517,0.000236488651604757,0.103029931440196,0.0359632936189096,0.000279917746826152,0.0896974638714794,0.00246323583534215,-0.081797326408114,0.0898682129751192
-277.597159296208,0.0384265294542517,0.000236488651604757,0.103029931440196,0.0359632936189096,0.000279917746826152,0.0896974638714794,0.00246323583534215,-0.081797326408114,0.0898682129751192
-277.721208727038,0.0384265294542517,0.000236488651604757,0.103029931440196,0.0359632936189096,0.000279917746826152,0.0896974638714794,0.00246323583534215,-0.081797326408114,0.0898682129751192
-277.721218727038,0.0384265294542517,0.000236488651604757,0.103029931440196,0.0359632936189096,0.000279917746826152,0.0896974638714794,0.00246323583534215,-0.081797326408114,0.0898682129751192
-277.845268157867,0.0384265294542517,0.000236488651604757,0.103029931440196,0.0359632936189096,0.000279917746826152,0.0896974638714794,0.00246323583534215,-0.081797326408114,0.0898682129751192
-277.845278157867,0.0384265294542517,0.000236488651604757,0.103029931440196,0.0359632936189096,0.000279917746826152,0.0896974638714794,0.00246323583534215,-0.081797326408114,0.0898682129751192
-277.969327588697,0.0384265294542517,0.000236488651604757,0.103029931440196,0.0359632936189096,0.000279917746826152,0.0896974638714794,0.00246323583534215,-0.081797326408114,0.0898682129751192
-277.969337588697,0.0408452328448252,0.000236488651604757,0.114262226806667,0.038231001667416,0.000279917746826152,0.0964775503305347,0.00261423117740923,-0.0820992751334936,0.106470491771946
-278.093387019527,0.0408452328448252,0.000236488651604757,0.114262226806667,0.038231001667416,0.000279917746826152,0.0964775503305347,0.00261423117740923,-0.0820992751334936,0.106470491771946
-278.093397019527,0.0408452328448252,0.000236488651604757,0.114262226806667,0.038231001667416,0.000279917746826152,0.0964775503305347,0.00261423117740923,-0.0820992751334936,0.106470491771946
-278.217446450357,0.0408452328448252,0.000236488651604757,0.114262226806667,0.038231001667416,0.000279917746826152,0.0964775503305347,0.00261423117740923,-0.0820992751334936,0.106470491771946
-278.217456450357,0.0408452328448252,0.000236488651604757,0.114262226806667,0.038231001667416,0.000279917746826152,0.0964775503305347,0.00261423117740923,-0.0820992751334936,0.106470491771946
-278.341505881186,0.0408452328448252,0.000236488651604757,0.114262226806667,0.038231001667416,0.000279917746826152,0.0964775503305347,0.00261423117740923,-0.0820992751334936,0.106470491771946
-278.341515881186,0.0408452328448252,0.000236488651604757,0.114262226806667,0.038231001667416,0.000279917746826152,0.0964775503305347,0.00261423117740923,-0.0820992751334936,0.106470491771946
-278.465565312016,0.0408452328448252,0.000236488651604757,0.114262226806667,0.038231001667416,0.000279917746826152,0.0964775503305347,0.00261423117740923,-0.0820992751334936,0.106470491771946
-278.465575312016,0.0408452328448252,0.000236488651604757,0.114262226806667,0.038231001667416,0.000279917746826152,0.0964775503305347,0.00261423117740923,-0.0820992751334936,0.106470491771946
-278.589624742846,0.0408452328448252,0.000236488651604757,0.114262226806667,0.038231001667416,0.000279917746826152,0.0964775503305347,0.00261423117740923,-0.0820992751334936,0.106470491771946
-278.589634742846,0.0408452328448252,0.000236488651604757,0.114262226806667,0.038231001667416,0.000279917746826152,0.0964775503305347,0.00261423117740923,-0.0820992751334936,0.106470491771946
-278.713684173676,0.0408452328448252,0.000236488651604757,0.114262226806667,0.038231001667416,0.000279917746826152,0.0964775503305347,0.00261423117740923,-0.0820992751334936,0.106470491771946
-278.713694173676,0.0408452328448252,0.000236488651604757,0.114262226806667,0.038231001667416,0.000279917746826152,0.0964775503305347,0.00261423117740923,-0.0820992751334936,0.106470491771946
-278.837743604505,0.0408452328448252,0.000236488651604757,0.114262226806667,0.038231001667416,0.000279917746826152,0.0964775503305347,0.00261423117740923,-0.0820992751334936,0.106470491771946
-278.837753604505,0.0408452328448252,0.000236488651604757,0.114262226806667,0.038231001667416,0.000279917746826152,0.0964775503305347,0.00261423117740923,-0.0820992751334936,0.106470491771946
-278.961803035335,0.0408452328448252,0.000236488651604757,0.114262226806667,0.038231001667416,0.000279917746826152,0.0964775503305347,0.00261423117740923,-0.0820992751334936,0.106470491771946
-278.961813035335,0.0415669389047837,0.000243761177842585,0.112065088585387,0.0399316093255611,0.000613443825109801,0.105913654457228,0.00163532957922267,-0.0955942082185241,0.0963154742728064
-279.085862466165,0.0415669389047837,0.000243761177842585,0.112065088585387,0.0399316093255611,0.000613443825109801,0.105913654457228,0.00163532957922267,-0.0955942082185241,0.0963154742728064
-279.085872466165,0.0415669389047837,0.000243761177842585,0.112065088585387,0.0399316093255611,0.000613443825109801,0.105913654457228,0.00163532957922267,-0.0955942082185241,0.0963154742728064
-279.209921896995,0.0415669389047837,0.000243761177842585,0.112065088585387,0.0399316093255611,0.000613443825109801,0.105913654457228,0.00163532957922267,-0.0955942082185241,0.0963154742728064
-279.209931896995,0.0415669389047837,0.000243761177842585,0.112065088585387,0.0399316093255611,0.000613443825109801,0.105913654457228,0.00163532957922267,-0.0955942082185241,0.0963154742728064
-279.333981327824,0.0415669389047837,0.000243761177842585,0.112065088585387,0.0399316093255611,0.000613443825109801,0.105913654457228,0.00163532957922267,-0.0955942082185241,0.0963154742728064
-279.333991327824,0.0415669389047837,0.000243761177842585,0.112065088585387,0.0399316093255611,0.000613443825109801,0.105913654457228,0.00163532957922267,-0.0955942082185241,0.0963154742728064
-279.458040758654,0.0415669389047837,0.000243761177842585,0.112065088585387,0.0399316093255611,0.000613443825109801,0.105913654457228,0.00163532957922267,-0.0955942082185241,0.0963154742728064
-279.458050758654,0.0415669389047837,0.000243761177842585,0.112065088585387,0.0399316093255611,0.000613443825109801,0.105913654457228,0.00163532957922267,-0.0955942082185241,0.0963154742728064
-279.582100189484,0.0415669389047837,0.000243761177842585,0.112065088585387,0.0399316093255611,0.000613443825109801,0.105913654457228,0.00163532957922267,-0.0955942082185241,0.0963154742728064
-279.582110189484,0.0415669389047837,0.000243761177842585,0.112065088585387,0.0399316093255611,0.000613443825109801,0.105913654457228,0.00163532957922267,-0.0955942082185241,0.0963154742728064
-279.706159620314,0.0415669389047837,0.000243761177842585,0.112065088585387,0.0399316093255611,0.000613443825109801,0.105913654457228,0.00163532957922267,-0.0955942082185241,0.0963154742728064
-279.706169620314,0.0415669389047837,0.000243761177842585,0.112065088585387,0.0399316093255611,0.000613443825109801,0.105913654457228,0.00163532957922267,-0.0955942082185241,0.0963154742728064
-279.830219051143,0.0415669389047837,0.000243761177842585,0.112065088585387,0.0399316093255611,0.000613443825109801,0.105913654457228,0.00163532957922267,-0.0955942082185241,0.0963154742728064
-279.830229051143,0.0415669389047837,0.000243761177842585,0.112065088585387,0.0399316093255611,0.000613443825109801,0.105913654457228,0.00163532957922267,-0.0955942082185241,0.0963154742728064
-279.954278481973,0.0415669389047837,0.000243761177842585,0.112065088585387,0.0399316093255611,0.000613443825109801,0.105913654457228,0.00163532957922267,-0.0955942082185241,0.0963154742728064
-279.954288481973,0.040089282471697,0.000243761177842585,0.109116334140052,0.0386047111314774,0.000536820042417433,0.0973933267418419,0.00148457134021964,-0.0820992751334936,0.098474000938128
-280.078337912803,0.040089282471697,0.000243761177842585,0.109116334140052,0.0386047111314774,0.000536820042417433,0.0973933267418419,0.00148457134021964,-0.0820992751334936,0.098474000938128
-280.078347912803,0.040089282471697,0.000243761177842585,0.109116334140052,0.0386047111314774,0.000536820042417433,0.0973933267418419,0.00148457134021964,-0.0820992751334936,0.098474000938128
-280.202397343633,0.040089282471697,0.000243761177842585,0.109116334140052,0.0386047111314774,0.000536820042417433,0.0973933267418419,0.00148457134021964,-0.0820992751334936,0.098474000938128
-280.202407343633,0.040089282471697,0.000243761177842585,0.109116334140052,0.0386047111314774,0.000536820042417433,0.0973933267418419,0.00148457134021964,-0.0820992751334936,0.098474000938128
-280.326456774462,0.040089282471697,0.000243761177842585,0.109116334140052,0.0386047111314774,0.000536820042417433,0.0973933267418419,0.00148457134021964,-0.0820992751334936,0.098474000938128
-280.326466774462,0.040089282471697,0.000243761177842585,0.109116334140052,0.0386047111314774,0.000536820042417433,0.0973933267418419,0.00148457134021964,-0.0820992751334936,0.098474000938128
-280.450516205292,0.040089282471697,0.000243761177842585,0.109116334140052,0.0386047111314774,0.000536820042417433,0.0973933267418419,0.00148457134021964,-0.0820992751334936,0.098474000938128
-280.450526205292,0.040089282471697,0.000243761177842585,0.109116334140052,0.0386047111314774,0.000536820042417433,0.0973933267418419,0.00148457134021964,-0.0820992751334936,0.098474000938128
-280.574575636122,0.040089282471697,0.000243761177842585,0.109116334140052,0.0386047111314774,0.000536820042417433,0.0973933267418419,0.00148457134021964,-0.0820992751334936,0.098474000938128
-280.574585636122,0.040089282471697,0.000243761177842585,0.109116334140052,0.0386047111314774,0.000536820042417433,0.0973933267418419,0.00148457134021964,-0.0820992751334936,0.098474000938128
-280.698635066952,0.040089282471697,0.000243761177842585,0.109116334140052,0.0386047111314774,0.000536820042417433,0.0973933267418419,0.00148457134021964,-0.0820992751334936,0.098474000938128
-280.698645066952,0.040089282471697,0.000243761177842585,0.109116334140052,0.0386047111314774,0.000536820042417433,0.0973933267418419,0.00148457134021964,-0.0820992751334936,0.098474000938128
-280.822694497781,0.040089282471697,0.000243761177842585,0.109116334140052,0.0386047111314774,0.000536820042417433,0.0973933267418419,0.00148457134021964,-0.0820992751334936,0.098474000938128
-280.822704497781,0.040089282471697,0.000243761177842585,0.109116334140052,0.0386047111314774,0.000536820042417433,0.0973933267418419,0.00148457134021964,-0.0820992751334936,0.098474000938128
-280.946753928611,0.040089282471697,0.000243761177842585,0.109116334140052,0.0386047111314774,0.000536820042417433,0.0973933267418419,0.00148457134021964,-0.0820992751334936,0.098474000938128
-280.946763928611,0.0375951290879188,0.000243761177842585,0.0983702308319773,0.0367247735860268,0.000279917746826152,0.093566725461752,0.000870355501892005,-0.0736561305906466,0.0968153696625357
-281.070813359441,0.0375951290879188,0.000243761177842585,0.0983702308319773,0.0367247735860268,0.000279917746826152,0.093566725461752,0.000870355501892005,-0.0736561305906466,0.0968153696625357
-281.070823359441,0.0375951290879188,0.000243761177842585,0.0983702308319773,0.0367247735860268,0.000279917746826152,0.093566725461752,0.000870355501892005,-0.0736561305906466,0.0968153696625357
-281.194872790271,0.0375951290879188,0.000243761177842585,0.0983702308319773,0.0367247735860268,0.000279917746826152,0.093566725461752,0.000870355501892005,-0.0736561305906466,0.0968153696625357
-281.194882790271,0.0375951290879188,0.000243761177842585,0.0983702308319773,0.0367247735860268,0.000279917746826152,0.093566725461752,0.000870355501892005,-0.0736561305906466,0.0968153696625357
-281.318932221101,0.0375951290879188,0.000243761177842585,0.0983702308319773,0.0367247735860268,0.000279917746826152,0.093566725461752,0.000870355501892005,-0.0736561305906466,0.0968153696625357
-281.3189422211,0.0375951290879188,0.000243761177842585,0.0983702308319773,0.0367247735860268,0.000279917746826152,0.093566725461752,0.000870355501892005,-0.0736561305906466,0.0968153696625357
-281.44299165193,0.0375951290879188,0.000243761177842585,0.0983702308319773,0.0367247735860268,0.000279917746826152,0.093566725461752,0.000870355501892005,-0.0736561305906466,0.0968153696625357
-281.44300165193,0.0375951290879188,0.000243761177842585,0.0983702308319773,0.0367247735860268,0.000279917746826152,0.093566725461752,0.000870355501892005,-0.0736561305906466,0.0968153696625357
-281.56705108276,0.0375951290879188,0.000243761177842585,0.0983702308319773,0.0367247735860268,0.000279917746826152,0.093566725461752,0.000870355501892005,-0.0736561305906466,0.0968153696625357
-281.56706108276,0.0375951290879188,0.000243761177842585,0.0983702308319773,0.0367247735860268,0.000279917746826152,0.093566725461752,0.000870355501892005,-0.0736561305906466,0.0968153696625357
-281.69111051359,0.0375951290879188,0.000243761177842585,0.0983702308319773,0.0367247735860268,0.000279917746826152,0.093566725461752,0.000870355501892005,-0.0736561305906466,0.0968153696625357
-281.69112051359,0.0375951290879188,0.000243761177842585,0.0983702308319773,0.0367247735860268,0.000279917746826152,0.093566725461752,0.000870355501892005,-0.0736561305906466,0.0968153696625357
-281.815169944419,0.0375951290879188,0.000243761177842585,0.0983702308319773,0.0367247735860268,0.000279917746826152,0.093566725461752,0.000870355501892005,-0.0736561305906466,0.0968153696625357
-281.815179944419,0.0375951290879188,0.000243761177842585,0.0983702308319773,0.0367247735860268,0.000279917746826152,0.093566725461752,0.000870355501892005,-0.0736561305906466,0.0968153696625357
-281.939229375249,0.0375951290879188,0.000243761177842585,0.0983702308319773,0.0367247735860268,0.000279917746826152,0.093566725461752,0.000870355501892005,-0.0736561305906466,0.0968153696625357
-281.939239375249,0.0401711000801556,0.000330469266358229,0.109770959106712,0.0392534177692279,0.000240145278512825,0.104917192965604,0.000917682310927765,-0.0819866629030632,0.110418248090401
-282.063288806079,0.0401711000801556,0.000330469266358229,0.109770959106712,0.0392534177692279,0.000240145278512825,0.104917192965604,0.000917682310927765,-0.0819866629030632,0.110418248090401
-282.063298806079,0.0401711000801556,0.000330469266358229,0.109770959106712,0.0392534177692279,0.000240145278512825,0.104917192965604,0.000917682310927765,-0.0819866629030632,0.110418248090401
-282.187348236909,0.0401711000801556,0.000330469266358229,0.109770959106712,0.0392534177692279,0.000240145278512825,0.104917192965604,0.000917682310927765,-0.0819866629030632,0.110418248090401
-282.187358236909,0.0401711000801556,0.000330469266358229,0.109770959106712,0.0392534177692279,0.000240145278512825,0.104917192965604,0.000917682310927765,-0.0819866629030632,0.110418248090401
-282.311407667739,0.0401711000801556,0.000330469266358229,0.109770959106712,0.0392534177692279,0.000240145278512825,0.104917192965604,0.000917682310927765,-0.0819866629030632,0.110418248090401
-282.311417667739,0.0401711000801556,0.000330469266358229,0.109770959106712,0.0392534177692279,0.000240145278512825,0.104917192965604,0.000917682310927765,-0.0819866629030632,0.110418248090401
-282.435467098568,0.0401711000801556,0.000330469266358229,0.109770959106712,0.0392534177692279,0.000240145278512825,0.104917192965604,0.000917682310927765,-0.0819866629030632,0.110418248090401
-282.435477098568,0.0401711000801556,0.000330469266358229,0.109770959106712,0.0392534177692279,0.000240145278512825,0.104917192965604,0.000917682310927765,-0.0819866629030632,0.110418248090401
-282.559526529398,0.0401711000801556,0.000330469266358229,0.109770959106712,0.0392534177692279,0.000240145278512825,0.104917192965604,0.000917682310927765,-0.0819866629030632,0.110418248090401
-282.559536529398,0.0401711000801556,0.000330469266358229,0.109770959106712,0.0392534177692279,0.000240145278512825,0.104917192965604,0.000917682310927765,-0.0819866629030632,0.110418248090401
-282.683585960228,0.0401711000801556,0.000330469266358229,0.109770959106712,0.0392534177692279,0.000240145278512825,0.104917192965604,0.000917682310927765,-0.0819866629030632,0.110418248090401
-282.683595960228,0.0401711000801556,0.000330469266358229,0.109770959106712,0.0392534177692279,0.000240145278512825,0.104917192965604,0.000917682310927765,-0.0819866629030632,0.110418248090401
-282.807645391058,0.0401711000801556,0.000330469266358229,0.109770959106712,0.0392534177692279,0.000240145278512825,0.104917192965604,0.000917682310927765,-0.0819866629030632,0.110418248090401
-282.807655391058,0.0401711000801556,0.000330469266358229,0.109770959106712,0.0392534177692279,0.000240145278512825,0.104917192965604,0.000917682310927765,-0.0819866629030632,0.110418248090401
-282.931704821887,0.0401711000801556,0.000330469266358229,0.109770959106712,0.0392534177692279,0.000240145278512825,0.104917192965604,0.000917682310927765,-0.0819866629030632,0.110418248090401
-282.931714821887,0.251203143661109,0.000863162142669365,0.726626254114695,0.140847932495671,0.0020499324456924,0.41525496975363,0.110355211165438,-0.454168724067141,0.723071981747223
-283.055764252717,0.251203143661109,0.000863162142669365,0.726626254114695,0.140847932495671,0.0020499324456924,0.41525496975363,0.110355211165438,-0.454168724067141,0.723071981747223
-283.055774252717,0.251203143661109,0.000863162142669365,0.726626254114695,0.140847932495671,0.0020499324456924,0.41525496975363,0.110355211165438,-0.454168724067141,0.723071981747223
-283.179823683547,0.251203143661109,0.000863162142669365,0.726626254114695,0.140847932495671,0.0020499324456924,0.41525496975363,0.110355211165438,-0.454168724067141,0.723071981747223
-283.179833683547,0.251203143661109,0.000863162142669365,0.726626254114695,0.140847932495671,0.0020499324456924,0.41525496975363,0.110355211165438,-0.454168724067141,0.723071981747223
-283.303883114377,0.251203143661109,0.000863162142669365,0.726626254114695,0.140847932495671,0.0020499324456924,0.41525496975363,0.110355211165438,-0.454168724067141,0.723071981747223
-283.303893114377,0.251203143661109,0.000863162142669365,0.726626254114695,0.140847932495671,0.0020499324456924,0.41525496975363,0.110355211165438,-0.454168724067141,0.723071981747223
-283.427942545206,0.251203143661109,0.000863162142669365,0.726626254114695,0.140847932495671,0.0020499324456924,0.41525496975363,0.110355211165438,-0.454168724067141,0.723071981747223
-283.427952545206,0.112101444973836,0.00171905298059592,0.231639125110413,0.0625036387960311,0.00230087282622006,0.146448180235663,0.0495978061778051,-0.114803042811485,0.196753876015296
-283.552001976036,0.112101444973836,0.00171905298059592,0.231639125110413,0.0625036387960311,0.00230087282622006,0.146448180235663,0.0495978061778051,-0.114803042811485,0.196753876015296
-283.552011976036,0.112101444973836,0.00171905298059592,0.231639125110413,0.0625036387960311,0.00230087282622006,0.146448180235663,0.0495978061778051,-0.114803042811485,0.196753876015296
-283.676061406866,0.112101444973836,0.00171905298059592,0.231639125110413,0.0625036387960311,0.00230087282622006,0.146448180235663,0.0495978061778051,-0.114803042811485,0.196753876015296
-283.676071406866,0.112101444973836,0.00171905298059592,0.231639125110413,0.0625036387960311,0.00230087282622006,0.146448180235663,0.0495978061778051,-0.114803042811485,0.196753876015296
-283.800120837696,0.112101444973836,0.00171905298059592,0.231639125110413,0.0625036387960311,0.00230087282622006,0.146448180235663,0.0495978061778051,-0.114803042811485,0.196753876015296
-283.800130837696,0.112101444973836,0.00171905298059592,0.231639125110413,0.0625036387960311,0.00230087282622006,0.146448180235663,0.0495978061778051,-0.114803042811485,0.196753876015296
-283.924180268525,0.112101444973836,0.00171905298059592,0.231639125110413,0.0625036387960311,0.00230087282622006,0.146448180235663,0.0495978061778051,-0.114803042811485,0.196753876015296
-283.924190268525,0.118607922610804,0.000813004015100517,0.239831734266029,0.0696543247783468,0.00326591177672757,0.158508528493679,0.0489535978324571,-0.123418617137911,0.200870407900826
-284.048239699355,0.118607922610804,0.000813004015100517,0.239831734266029,0.0696543247783468,0.00326591177672757,0.158508528493679,0.0489535978324571,-0.123418617137911,0.200870407900826
-284.048249699355,0.118607922610804,0.000813004015100517,0.239831734266029,0.0696543247783468,0.00326591177672757,0.158508528493679,0.0489535978324571,-0.123418617137911,0.200870407900826
-284.172299130185,0.118607922610804,0.000813004015100517,0.239831734266029,0.0696543247783468,0.00326591177672757,0.158508528493679,0.0489535978324571,-0.123418617137911,0.200870407900826
-284.172309130185,0.118607922610804,0.000813004015100517,0.239831734266029,0.0696543247783468,0.00326591177672757,0.158508528493679,0.0489535978324571,-0.123418617137911,0.200870407900826
-284.296358561015,0.118607922610804,0.000813004015100517,0.239831734266029,0.0696543247783468,0.00326591177672757,0.158508528493679,0.0489535978324571,-0.123418617137911,0.200870407900826
-284.296368561015,0.118607922610804,0.000813004015100517,0.239831734266029,0.0696543247783468,0.00326591177672757,0.158508528493679,0.0489535978324571,-0.123418617137911,0.200870407900826
-284.420417991844,0.118607922610804,0.000813004015100517,0.239831734266029,0.0696543247783468,0.00326591177672757,0.158508528493679,0.0489535978324571,-0.123418617137911,0.200870407900826
-284.420427991844,0.118607922610804,0.000813004015100517,0.239831734266029,0.0696543247783468,0.00326591177672757,0.158508528493679,0.0489535978324571,-0.123418617137911,0.200870407900826
-284.544477422674,0.118607922610804,0.000813004015100517,0.239831734266029,0.0696543247783468,0.00326591177672757,0.158508528493679,0.0489535978324571,-0.123418617137911,0.200870407900826
-284.544487422674,0.118607922610804,0.000813004015100517,0.239831734266029,0.0696543247783468,0.00326591177672757,0.158508528493679,0.0489535978324571,-0.123418617137911,0.200870407900826
-284.668536853504,0.118607922610804,0.000813004015100517,0.239831734266029,0.0696543247783468,0.00326591177672757,0.158508528493679,0.0489535978324571,-0.123418617137911,0.200870407900826
-284.668546853504,0.118607922610804,0.000813004015100517,0.239831734266029,0.0696543247783468,0.00326591177672757,0.158508528493679,0.0489535978324571,-0.123418617137911,0.200870407900826
-284.792596284334,0.118607922610804,0.000813004015100517,0.239831734266029,0.0696543247783468,0.00326591177672757,0.158508528493679,0.0489535978324571,-0.123418617137911,0.200870407900826
-284.792606284334,0.118607922610804,0.000813004015100517,0.239831734266029,0.0696543247783468,0.00326591177672757,0.158508528493679,0.0489535978324571,-0.123418617137911,0.200870407900826
-284.916655715163,0.118607922610804,0.000813004015100517,0.239831734266029,0.0696543247783468,0.00326591177672757,0.158508528493679,0.0489535978324571,-0.123418617137911,0.200870407900826
-284.916665715163,0.121309367588776,0.00233273527092455,0.242797950364211,0.0719473880027202,0.00326591177672757,0.160462060512537,0.0493619795860559,-0.119379104833713,0.207471209734781
-285.040715145993,0.121309367588776,0.00233273527092455,0.242797950364211,0.0719473880027202,0.00326591177672757,0.160462060512537,0.0493619795860559,-0.119379104833713,0.207471209734781
-285.040725145993,0.121309367588776,0.00233273527092455,0.242797950364211,0.0719473880027202,0.00326591177672757,0.160462060512537,0.0493619795860559,-0.119379104833713,0.207471209734781
-285.164774576823,0.121309367588776,0.00233273527092455,0.242797950364211,0.0719473880027202,0.00326591177672757,0.160462060512537,0.0493619795860559,-0.119379104833713,0.207471209734781
-285.164784576823,0.121309367588776,0.00233273527092455,0.242797950364211,0.0719473880027202,0.00326591177672757,0.160462060512537,0.0493619795860559,-0.119379104833713,0.207471209734781
-285.288834007653,0.121309367588776,0.00233273527092455,0.242797950364211,0.0719473880027202,0.00326591177672757,0.160462060512537,0.0493619795860559,-0.119379104833713,0.207471209734781
-285.288844007653,0.121309367588776,0.00233273527092455,0.242797950364211,0.0719473880027202,0.00326591177672757,0.160462060512537,0.0493619795860559,-0.119379104833713,0.207471209734781
-285.412893438482,0.121309367588776,0.00233273527092455,0.242797950364211,0.0719473880027202,0.00326591177672757,0.160462060512537,0.0493619795860559,-0.119379104833713,0.207471209734781
-285.412903438482,0.121309367588776,0.00233273527092455,0.242797950364211,0.0719473880027202,0.00326591177672757,0.160462060512537,0.0493619795860559,-0.119379104833713,0.207471209734781
-285.536952869312,0.121309367588776,0.00233273527092455,0.242797950364211,0.0719473880027202,0.00326591177672757,0.160462060512537,0.0493619795860559,-0.119379104833713,0.207471209734781
-285.536962869312,0.121309367588776,0.00233273527092455,0.242797950364211,0.0719473880027202,0.00326591177672757,0.160462060512537,0.0493619795860559,-0.119379104833713,0.207471209734781
-285.661012300142,0.121309367588776,0.00233273527092455,0.242797950364211,0.0719473880027202,0.00326591177672757,0.160462060512537,0.0493619795860559,-0.119379104833713,0.207471209734781
-285.661022300142,0.121309367588776,0.00233273527092455,0.242797950364211,0.0719473880027202,0.00326591177672757,0.160462060512537,0.0493619795860559,-0.119379104833713,0.207471209734781
-285.785071730972,0.121309367588776,0.00233273527092455,0.242797950364211,0.0719473880027202,0.00326591177672757,0.160462060512537,0.0493619795860559,-0.119379104833713,0.207471209734781
-285.785081730972,0.121309367588776,0.00233273527092455,0.242797950364211,0.0719473880027202,0.00326591177672757,0.160462060512537,0.0493619795860559,-0.119379104833713,0.207471209734781
-285.909131161801,0.121309367588776,0.00233273527092455,0.242797950364211,0.0719473880027202,0.00326591177672757,0.160462060512537,0.0493619795860559,-0.119379104833713,0.207471209734781
-285.909141161801,0.122341836539639,0.00173288063800976,0.241957235629538,0.0726668617828558,0.00353520091513026,0.161310897180487,0.0496749747567828,-0.0987081408870371,0.229479172622657
-286.033190592631,0.122341836539639,0.00173288063800976,0.241957235629538,0.0726668617828558,0.00353520091513026,0.161310897180487,0.0496749747567828,-0.0987081408870371,0.229479172622657
-286.033200592631,0.122341836539639,0.00173288063800976,0.241957235629538,0.0726668617828558,0.00353520091513026,0.161310897180487,0.0496749747567828,-0.0987081408870371,0.229479172622657
-286.157250023461,0.122341836539639,0.00173288063800976,0.241957235629538,0.0726668617828558,0.00353520091513026,0.161310897180487,0.0496749747567828,-0.0987081408870371,0.229479172622657
-286.157260023461,0.122341836539639,0.00173288063800976,0.241957235629538,0.0726668617828558,0.00353520091513026,0.161310897180487,0.0496749747567828,-0.0987081408870371,0.229479172622657
-286.281309454291,0.122341836539639,0.00173288063800976,0.241957235629538,0.0726668617828558,0.00353520091513026,0.161310897180487,0.0496749747567828,-0.0987081408870371,0.229479172622657
-286.281319454291,0.122341836539639,0.00173288063800976,0.241957235629538,0.0726668617828558,0.00353520091513026,0.161310897180487,0.0496749747567828,-0.0987081408870371,0.229479172622657
-286.40536888512,0.122341836539639,0.00173288063800976,0.241957235629538,0.0726668617828558,0.00353520091513026,0.161310897180487,0.0496749747567828,-0.0987081408870371,0.229479172622657
-286.40537888512,0.122341836539639,0.00173288063800976,0.241957235629538,0.0726668617828558,0.00353520091513026,0.161310897180487,0.0496749747567828,-0.0987081408870371,0.229479172622657
-286.52942831595,0.122341836539639,0.00173288063800976,0.241957235629538,0.0726668617828558,0.00353520091513026,0.161310897180487,0.0496749747567828,-0.0987081408870371,0.229479172622657
-286.52943831595,0.122341836539639,0.00173288063800976,0.241957235629538,0.0726668617828558,0.00353520091513026,0.161310897180487,0.0496749747567828,-0.0987081408870371,0.229479172622657
-286.65348774678,0.122341836539639,0.00173288063800976,0.241957235629538,0.0726668617828558,0.00353520091513026,0.161310897180487,0.0496749747567828,-0.0987081408870371,0.229479172622657
-286.65349774678,0.122341836539639,0.00173288063800976,0.241957235629538,0.0726668617828558,0.00353520091513026,0.161310897180487,0.0496749747567828,-0.0987081408870371,0.229479172622657
-286.77754717761,0.122341836539639,0.00173288063800976,0.241957235629538,0.0726668617828558,0.00353520091513026,0.161310897180487,0.0496749747567828,-0.0987081408870371,0.229479172622657
-286.77755717761,0.122341836539639,0.00173288063800976,0.241957235629538,0.0726668617828558,0.00353520091513026,0.161310897180487,0.0496749747567828,-0.0987081408870371,0.229479172622657
-286.901606608439,0.122341836539639,0.00173288063800976,0.241957235629538,0.0726668617828558,0.00353520091513026,0.161310897180487,0.0496749747567828,-0.0987081408870371,0.229479172622657
-286.901616608439,0.121083652057797,0.000739470177561305,0.241250694681469,0.0718418089373407,0.00353520091513026,0.161594766959016,0.0492418431204562,-0.122683058063691,0.203870937701391
-287.025666039269,0.121083652057797,0.000739470177561305,0.241250694681469,0.0718418089373407,0.00353520091513026,0.161594766959016,0.0492418431204562,-0.122683058063691,0.203870937701391
-287.025676039269,0.121083652057797,0.000739470177561305,0.241250694681469,0.0718418089373407,0.00353520091513026,0.161594766959016,0.0492418431204562,-0.122683058063691,0.203870937701391
-287.149725470099,0.121083652057797,0.000739470177561305,0.241250694681469,0.0718418089373407,0.00353520091513026,0.161594766959016,0.0492418431204562,-0.122683058063691,0.203870937701391
-287.149735470099,0.121083652057797,0.000739470177561305,0.241250694681469,0.0718418089373407,0.00353520091513026,0.161594766959016,0.0492418431204562,-0.122683058063691,0.203870937701391
-287.273784900929,0.121083652057797,0.000739470177561305,0.241250694681469,0.0718418089373407,0.00353520091513026,0.161594766959016,0.0492418431204562,-0.122683058063691,0.203870937701391
-287.273794900929,0.121083652057797,0.000739470177561305,0.241250694681469,0.0718418089373407,0.00353520091513026,0.161594766959016,0.0492418431204562,-0.122683058063691,0.203870937701391
-287.397844331759,0.121083652057797,0.000739470177561305,0.241250694681469,0.0718418089373407,0.00353520091513026,0.161594766959016,0.0492418431204562,-0.122683058063691,0.203870937701391
-287.397854331758,0.121083652057797,0.000739470177561305,0.241250694681469,0.0718418089373407,0.00353520091513026,0.161594766959016,0.0492418431204562,-0.122683058063691,0.203870937701391
-287.521903762588,0.121083652057797,0.000739470177561305,0.241250694681469,0.0718418089373407,0.00353520091513026,0.161594766959016,0.0492418431204562,-0.122683058063691,0.203870937701391
-287.521913762588,0.121083652057797,0.000739470177561305,0.241250694681469,0.0718418089373407,0.00353520091513026,0.161594766959016,0.0492418431204562,-0.122683058063691,0.203870937701391
-287.645963193418,0.121083652057797,0.000739470177561305,0.241250694681469,0.0718418089373407,0.00353520091513026,0.161594766959016,0.0492418431204562,-0.122683058063691,0.203870937701391
-287.645973193418,0.121083652057797,0.000739470177561305,0.241250694681469,0.0718418089373407,0.00353520091513026,0.161594766959016,0.0492418431204562,-0.122683058063691,0.203870937701391
-287.770022624248,0.121083652057797,0.000739470177561305,0.241250694681469,0.0718418089373407,0.00353520091513026,0.161594766959016,0.0492418431204562,-0.122683058063691,0.203870937701391
-287.770032624248,0.121083652057797,0.000739470177561305,0.241250694681469,0.0718418089373407,0.00353520091513026,0.161594766959016,0.0492418431204562,-0.122683058063691,0.203870937701391
-287.894082055078,0.121083652057797,0.000739470177561305,0.241250694681469,0.0718418089373407,0.00353520091513026,0.161594766959016,0.0492418431204562,-0.122683058063691,0.203870937701391
-287.894092055078,0.119945238684896,0.00233273527092455,0.246158757956737,0.0719752524861,0.00299405136961769,0.159275826750232,0.0479699861987966,-0.114295670826188,0.20746250601972
-288.018141485907,0.119945238684896,0.00233273527092455,0.246158757956737,0.0719752524861,0.00299405136961769,0.159275826750232,0.0479699861987966,-0.114295670826188,0.20746250601972
-288.018151485907,0.119945238684896,0.00233273527092455,0.246158757956737,0.0719752524861,0.00299405136961769,0.159275826750232,0.0479699861987966,-0.114295670826188,0.20746250601972
-288.142200916737,0.119945238684896,0.00233273527092455,0.246158757956737,0.0719752524861,0.00299405136961769,0.159275826750232,0.0479699861987966,-0.114295670826188,0.20746250601972
-288.142210916737,0.119945238684896,0.00233273527092455,0.246158757956737,0.0719752524861,0.00299405136961769,0.159275826750232,0.0479699861987966,-0.114295670826188,0.20746250601972
-288.266260347567,0.119945238684896,0.00233273527092455,0.246158757956737,0.0719752524861,0.00299405136961769,0.159275826750232,0.0479699861987966,-0.114295670826188,0.20746250601972
-288.266270347567,0.119945238684896,0.00233273527092455,0.246158757956737,0.0719752524861,0.00299405136961769,0.159275826750232,0.0479699861987966,-0.114295670826188,0.20746250601972
-288.390319778397,0.119945238684896,0.00233273527092455,0.246158757956737,0.0719752524861,0.00299405136961769,0.159275826750232,0.0479699861987966,-0.114295670826188,0.20746250601972
-288.390329778397,0.119945238684896,0.00233273527092455,0.246158757956737,0.0719752524861,0.00299405136961769,0.159275826750232,0.0479699861987966,-0.114295670826188,0.20746250601972
-288.514379209226,0.119945238684896,0.00233273527092455,0.246158757956737,0.0719752524861,0.00299405136961769,0.159275826750232,0.0479699861987966,-0.114295670826188,0.20746250601972
-288.514389209226,0.119945238684896,0.00233273527092455,0.246158757956737,0.0719752524861,0.00299405136961769,0.159275826750232,0.0479699861987966,-0.114295670826188,0.20746250601972
-288.638438640056,0.119945238684896,0.00233273527092455,0.246158757956737,0.0719752524861,0.00299405136961769,0.159275826750232,0.0479699861987966,-0.114295670826188,0.20746250601972
-288.638448640056,0.119945238684896,0.00233273527092455,0.246158757956737,0.0719752524861,0.00299405136961769,0.159275826750232,0.0479699861987966,-0.114295670826188,0.20746250601972
-288.762498070886,0.119945238684896,0.00233273527092455,0.246158757956737,0.0719752524861,0.00299405136961769,0.159275826750232,0.0479699861987966,-0.114295670826188,0.20746250601972
-288.762508070886,0.119945238684896,0.00233273527092455,0.246158757956737,0.0719752524861,0.00299405136961769,0.159275826750232,0.0479699861987966,-0.114295670826188,0.20746250601972
-288.886557501716,0.119945238684896,0.00233273527092455,0.246158757956737,0.0719752524861,0.00299405136961769,0.159275826750232,0.0479699861987966,-0.114295670826188,0.20746250601972
-288.886567501716,0.115298914961172,0.00125395016497129,0.237585122834048,0.0693812371793493,0.00282215116508904,0.158783574291585,0.0459176777818227,-0.114550042978941,0.207232806479147
-289.010616932545,0.115298914961172,0.00125395016497129,0.237585122834048,0.0693812371793493,0.00282215116508904,0.158783574291585,0.0459176777818227,-0.114550042978941,0.207232806479147
-289.010626932545,0.115298914961172,0.00125395016497129,0.237585122834048,0.0693812371793493,0.00282215116508904,0.158783574291585,0.0459176777818227,-0.114550042978941,0.207232806479147
-289.134676363375,0.115298914961172,0.00125395016497129,0.237585122834048,0.0693812371793493,0.00282215116508904,0.158783574291585,0.0459176777818227,-0.114550042978941,0.207232806479147
-289.134686363375,0.115298914961172,0.00125395016497129,0.237585122834048,0.0693812371793493,0.00282215116508904,0.158783574291585,0.0459176777818227,-0.114550042978941,0.207232806479147
-289.258735794205,0.115298914961172,0.00125395016497129,0.237585122834048,0.0693812371793493,0.00282215116508904,0.158783574291585,0.0459176777818227,-0.114550042978941,0.207232806479147
-289.258745794205,0.115298914961172,0.00125395016497129,0.237585122834048,0.0693812371793493,0.00282215116508904,0.158783574291585,0.0459176777818227,-0.114550042978941,0.207232806479147
-289.382795225035,0.115298914961172,0.00125395016497129,0.237585122834048,0.0693812371793493,0.00282215116508904,0.158783574291585,0.0459176777818227,-0.114550042978941,0.207232806479147
-289.382805225035,0.115298914961172,0.00125395016497129,0.237585122834048,0.0693812371793493,0.00282215116508904,0.158783574291585,0.0459176777818227,-0.114550042978941,0.207232806479147
-289.506854655864,0.115298914961172,0.00125395016497129,0.237585122834048,0.0693812371793493,0.00282215116508904,0.158783574291585,0.0459176777818227,-0.114550042978941,0.207232806479147
-289.506864655864,0.115298914961172,0.00125395016497129,0.237585122834048,0.0693812371793493,0.00282215116508904,0.158783574291585,0.0459176777818227,-0.114550042978941,0.207232806479147
-289.630914086694,0.115298914961172,0.00125395016497129,0.237585122834048,0.0693812371793493,0.00282215116508904,0.158783574291585,0.0459176777818227,-0.114550042978941,0.207232806479147
-289.630924086694,0.115298914961172,0.00125395016497129,0.237585122834048,0.0693812371793493,0.00282215116508904,0.158783574291585,0.0459176777818227,-0.114550042978941,0.207232806479147
-289.754973517524,0.115298914961172,0.00125395016497129,0.237585122834048,0.0693812371793493,0.00282215116508904,0.158783574291585,0.0459176777818227,-0.114550042978941,0.207232806479147
-289.754983517524,0.115298914961172,0.00125395016497129,0.237585122834048,0.0693812371793493,0.00282215116508904,0.158783574291585,0.0459176777818227,-0.114550042978941,0.207232806479147
-289.879032948354,0.115298914961172,0.00125395016497129,0.237585122834048,0.0693812371793493,0.00282215116508904,0.158783574291585,0.0459176777818227,-0.114550042978941,0.207232806479147
-289.879042948354,0.106673268402661,0.000740041464725624,0.221602934287816,0.0633144314911815,0.00142883018975866,0.149170799922895,0.0433588369114792,-0.109549771638907,0.20564428518947
-290.003092379183,0.106673268402661,0.000740041464725624,0.221602934287816,0.0633144314911815,0.00142883018975866,0.149170799922895,0.0433588369114792,-0.109549771638907,0.20564428518947
-290.003102379183,0.107896752648147,0.000740041464725624,0.230492306654106,0.0635927240691802,0.00200777461210423,0.150641335759223,0.0443040285789668,-0.112369263504113,0.206096055982067
-290.127151810013,0.107896752648147,0.000740041464725624,0.230492306654106,0.0635927240691802,0.00200777461210423,0.150641335759223,0.0443040285789668,-0.112369263504113,0.206096055982067
-290.127161810013,0.107896752648147,0.000740041464725624,0.230492306654106,0.0635927240691802,0.00200777461210423,0.150641335759223,0.0443040285789668,-0.112369263504113,0.206096055982067
-290.251211240843,0.107896752648147,0.000740041464725624,0.230492306654106,0.0635927240691802,0.00200777461210423,0.150641335759223,0.0443040285789668,-0.112369263504113,0.206096055982067
-290.251221240843,0.107896752648147,0.000740041464725624,0.230492306654106,0.0635927240691802,0.00200777461210423,0.150641335759223,0.0443040285789668,-0.112369263504113,0.206096055982067
-290.375270671673,0.107896752648147,0.000740041464725624,0.230492306654106,0.0635927240691802,0.00200777461210423,0.150641335759223,0.0443040285789668,-0.112369263504113,0.206096055982067
-290.375280671673,0.107896752648147,0.000740041464725624,0.230492306654106,0.0635927240691802,0.00200777461210423,0.150641335759223,0.0443040285789668,-0.112369263504113,0.206096055982067
-290.499330102502,0.107896752648147,0.000740041464725624,0.230492306654106,0.0635927240691802,0.00200777461210423,0.150641335759223,0.0443040285789668,-0.112369263504113,0.206096055982067
-290.499340102502,0.107896752648147,0.000740041464725624,0.230492306654106,0.0635927240691802,0.00200777461210423,0.150641335759223,0.0443040285789668,-0.112369263504113,0.206096055982067
-290.623389533332,0.107896752648147,0.000740041464725624,0.230492306654106,0.0635927240691802,0.00200777461210423,0.150641335759223,0.0443040285789668,-0.112369263504113,0.206096055982067
-290.623399533332,0.107896752648147,0.000740041464725624,0.230492306654106,0.0635927240691802,0.00200777461210423,0.150641335759223,0.0443040285789668,-0.112369263504113,0.206096055982067
-290.747448964162,0.107896752648147,0.000740041464725624,0.230492306654106,0.0635927240691802,0.00200777461210423,0.150641335759223,0.0443040285789668,-0.112369263504113,0.206096055982067
-290.747458964162,0.107896752648147,0.000740041464725624,0.230492306654106,0.0635927240691802,0.00200777461210423,0.150641335759223,0.0443040285789668,-0.112369263504113,0.206096055982067
-290.871508394992,0.107896752648147,0.000740041464725624,0.230492306654106,0.0635927240691802,0.00200777461210423,0.150641335759223,0.0443040285789668,-0.112369263504113,0.206096055982067
-290.871518394992,0.107896752648147,0.000740041464725624,0.230492306654106,0.0635927240691802,0.00200777461210423,0.150641335759223,0.0443040285789668,-0.112369263504113,0.206096055982067
-290.995567825821,0.107896752648147,0.000740041464725624,0.230492306654106,0.0635927240691802,0.00200777461210423,0.150641335759223,0.0443040285789668,-0.112369263504113,0.206096055982067
-290.995577825821,0.596808846875484,0.000592614798500117,2.00258553058971,0.204786861348988,0.000594454218172245,0.785084402622898,0.392021985526495,-0.990662744804083,1.97182817569433
-291.119627256651,0.596808846875484,0.000592614798500117,2.00258553058971,0.204786861348988,0.000594454218172245,0.785084402622898,0.392021985526495,-0.990662744804083,1.97182817569433
-291.119637256651,0.596808846875484,0.000592614798500117,2.00258553058971,0.204786861348988,0.000594454218172245,0.785084402622898,0.392021985526495,-0.990662744804083,1.97182817569433
-291.243686687481,0.596808846875484,0.000592614798500117,2.00258553058971,0.204786861348988,0.000594454218172245,0.785084402622898,0.392021985526495,-0.990662744804083,1.97182817569433
-291.243696687481,0.596808846875484,0.000592614798500117,2.00258553058971,0.204786861348988,0.000594454218172245,0.785084402622898,0.392021985526495,-0.990662744804083,1.97182817569433
-291.367746118311,0.596808846875484,0.000592614798500117,2.00258553058971,0.204786861348988,0.000594454218172245,0.785084402622898,0.392021985526495,-0.990662744804083,1.97182817569433
-291.367756118311,0.596808846875484,0.000592614798500117,2.00258553058971,0.204786861348988,0.000594454218172245,0.785084402622898,0.392021985526495,-0.990662744804083,1.97182817569433
-291.49180554914,0.596808846875484,0.000592614798500117,2.00258553058971,0.204786861348988,0.000594454218172245,0.785084402622898,0.392021985526495,-0.990662744804083,1.97182817569433
-291.49181554914,0.596808846875484,0.000592614798500117,2.00258553058971,0.204786861348988,0.000594454218172245,0.785084402622898,0.392021985526495,-0.990662744804083,1.97182817569433
-291.61586497997,0.596808846875484,0.000592614798500117,2.00258553058971,0.204786861348988,0.000594454218172245,0.785084402622898,0.392021985526495,-0.990662744804083,1.97182817569433
-291.61587497997,0.596808846875484,0.000592614798500117,2.00258553058971,0.204786861348988,0.000594454218172245,0.785084402622898,0.392021985526495,-0.990662744804083,1.97182817569433
-291.7399244108,0.596808846875484,0.000592614798500117,2.00258553058971,0.204786861348988,0.000594454218172245,0.785084402622898,0.392021985526495,-0.990662744804083,1.97182817569433
-291.7399344108,0.596808846875484,0.000592614798500117,2.00258553058971,0.204786861348988,0.000594454218172245,0.785084402622898,0.392021985526495,-0.990662744804083,1.97182817569433
-291.86398384163,0.596808846875484,0.000592614798500117,2.00258553058971,0.204786861348988,0.000594454218172245,0.785084402622898,0.392021985526495,-0.990662744804083,1.97182817569433
-291.86399384163,0.596808846875484,0.000592614798500117,2.00258553058971,0.204786861348988,0.000594454218172245,0.785084402622898,0.392021985526495,-0.990662744804083,1.97182817569433
-291.988043272459,0.596808846875484,0.000592614798500117,2.00258553058971,0.204786861348988,0.000594454218172245,0.785084402622898,0.392021985526495,-0.990662744804083,1.97182817569433
-291.988053272459,0.395311198116816,0.000246908475018872,1.28588839012633,0.154203946807797,0.000279545869000001,0.533415540012931,0.231263558458301,-0.596240241172074,1.37265415939955
-292.112102703289,0.395311198116816,0.000246908475018872,1.28588839012633,0.154203946807797,0.000279545869000001,0.533415540012931,0.231263558458301,-0.596240241172074,1.37265415939955
-292.112112703289,0.395311198116816,0.000246908475018872,1.28588839012633,0.154203946807797,0.000279545869000001,0.533415540012931,0.231263558458301,-0.596240241172074,1.37265415939955
-292.236162134119,0.395311198116816,0.000246908475018872,1.28588839012633,0.154203946807797,0.000279545869000001,0.533415540012931,0.231263558458301,-0.596240241172074,1.37265415939955
-292.236172134119,0.395311198116816,0.000246908475018872,1.28588839012633,0.154203946807797,0.000279545869000001,0.533415540012931,0.231263558458301,-0.596240241172074,1.37265415939955
-292.360221564949,0.395311198116816,0.000246908475018872,1.28588839012633,0.154203946807797,0.000279545869000001,0.533415540012931,0.231263558458301,-0.596240241172074,1.37265415939955
-292.360231564949,0.395311198116816,0.000246908475018872,1.28588839012633,0.154203946807797,0.000279545869000001,0.533415540012931,0.231263558458301,-0.596240241172074,1.37265415939955
-292.484280995778,0.395311198116816,0.000246908475018872,1.28588839012633,0.154203946807797,0.000279545869000001,0.533415540012931,0.231263558458301,-0.596240241172074,1.37265415939955
-292.484290995778,0.395311198116816,0.000246908475018872,1.28588839012633,0.154203946807797,0.000279545869000001,0.533415540012931,0.231263558458301,-0.596240241172074,1.37265415939955
-292.608340426608,0.395311198116816,0.000246908475018872,1.28588839012633,0.154203946807797,0.000279545869000001,0.533415540012931,0.231263558458301,-0.596240241172074,1.37265415939955
-292.608350426608,0.395311198116816,0.000246908475018872,1.28588839012633,0.154203946807797,0.000279545869000001,0.533415540012931,0.231263558458301,-0.596240241172074,1.37265415939955
-292.732399857438,0.395311198116816,0.000246908475018872,1.28588839012633,0.154203946807797,0.000279545869000001,0.533415540012931,0.231263558458301,-0.596240241172074,1.37265415939955
-292.732409857438,0.395311198116816,0.000246908475018872,1.28588839012633,0.154203946807797,0.000279545869000001,0.533415540012931,0.231263558458301,-0.596240241172074,1.37265415939955
-292.856459288268,0.395311198116816,0.000246908475018872,1.28588839012633,0.154203946807797,0.000279545869000001,0.533415540012931,0.231263558458301,-0.596240241172074,1.37265415939955
-292.856469288268,0.395311198116816,0.000246908475018872,1.28588839012633,0.154203946807797,0.000279545869000001,0.533415540012931,0.231263558458301,-0.596240241172074,1.37265415939955
-292.980518719098,0.395311198116816,0.000246908475018872,1.28588839012633,0.154203946807797,0.000279545869000001,0.533415540012931,0.231263558458301,-0.596240241172074,1.37265415939955
-292.980528719097,0.147638427677965,0.000111476821856773,0.642465959162867,0.588376157418878,0.00045766800052605,2.28475960898798,-0.391441105717671,-2.27212868817157,0.754526369694065
-293.104578149927,0.147638427677965,0.000111476821856773,0.642465959162867,0.588376157418878,0.00045766800052605,2.28475960898798,-0.391441105717671,-2.27212868817157,0.754526369694065
-293.104588149927,0.147638427677965,0.000111476821856773,0.642465959162867,0.588376157418878,0.00045766800052605,2.28475960898798,-0.391441105717671,-2.27212868817157,0.754526369694065
-293.228637580757,0.147638427677965,0.000111476821856773,0.642465959162867,0.588376157418878,0.00045766800052605,2.28475960898798,-0.391441105717671,-2.27212868817157,0.754526369694065
-293.228647580757,0.147638427677965,0.000111476821856773,0.642465959162867,0.588376157418878,0.00045766800052605,2.28475960898798,-0.391441105717671,-2.27212868817157,0.754526369694065
-293.352697011587,0.147638427677965,0.000111476821856773,0.642465959162867,0.588376157418878,0.00045766800052605,2.28475960898798,-0.391441105717671,-2.27212868817157,0.754526369694065
-293.352707011587,0.147638427677965,0.000111476821856773,0.642465959162867,0.588376157418878,0.00045766800052605,2.28475960898798,-0.391441105717671,-2.27212868817157,0.754526369694065
-293.476756442417,0.147638427677965,0.000111476821856773,0.642465959162867,0.588376157418878,0.00045766800052605,2.28475960898798,-0.391441105717671,-2.27212868817157,0.754526369694065
-293.476766442417,0.147638427677965,0.000111476821856773,0.642465959162867,0.588376157418878,0.00045766800052605,2.28475960898798,-0.391441105717671,-2.27212868817157,0.754526369694065
-293.600815873246,0.147638427677965,0.000111476821856773,0.642465959162867,0.588376157418878,0.00045766800052605,2.28475960898798,-0.391441105717671,-2.27212868817157,0.754526369694065
-293.600825873246,0.147638427677965,0.000111476821856773,0.642465959162867,0.588376157418878,0.00045766800052605,2.28475960898798,-0.391441105717671,-2.27212868817157,0.754526369694065
-293.724875304076,0.147638427677965,0.000111476821856773,0.642465959162867,0.588376157418878,0.00045766800052605,2.28475960898798,-0.391441105717671,-2.27212868817157,0.754526369694065
-293.724885304076,0.147638427677965,0.000111476821856773,0.642465959162867,0.588376157418878,0.00045766800052605,2.28475960898798,-0.391441105717671,-2.27212868817157,0.754526369694065
-293.848934734906,0.147638427677965,0.000111476821856773,0.642465959162867,0.588376157418878,0.00045766800052605,2.28475960898798,-0.391441105717671,-2.27212868817157,0.754526369694065
-293.848944734906,0.147638427677965,0.000111476821856773,0.642465959162867,0.588376157418878,0.00045766800052605,2.28475960898798,-0.391441105717671,-2.27212868817157,0.754526369694065
-293.972994165736,0.147638427677965,0.000111476821856773,0.642465959162867,0.588376157418878,0.00045766800052605,2.28475960898798,-0.391441105717671,-2.27212868817157,0.754526369694065
-293.973004165736,0.299436826536787,0.0113235075089769,0.774478624305104,0.177590046139374,9.82903337120007e-05,0.763377290170637,0.121846780397412,-0.47326384487218,0.813885645080438
-294.097053596565,0.299436826536787,0.0113235075089769,0.774478624305104,0.177590046139374,9.82903337120007e-05,0.763377290170637,0.121846780397412,-0.47326384487218,0.813885645080438
-294.097063596565,0.299436826536787,0.0113235075089769,0.774478624305104,0.177590046139374,9.82903337120007e-05,0.763377290170637,0.121846780397412,-0.47326384487218,0.813885645080438
-294.221113027395,0.299436826536787,0.0113235075089769,0.774478624305104,0.177590046139374,9.82903337120007e-05,0.763377290170637,0.121846780397412,-0.47326384487218,0.813885645080438
-294.221123027395,0.299436826536787,0.0113235075089769,0.774478624305104,0.177590046139374,9.82903337120007e-05,0.763377290170637,0.121846780397412,-0.47326384487218,0.813885645080438
-294.345172458225,0.299436826536787,0.0113235075089769,0.774478624305104,0.177590046139374,9.82903337120007e-05,0.763377290170637,0.121846780397412,-0.47326384487218,0.813885645080438
-294.345182458225,0.299436826536787,0.0113235075089769,0.774478624305104,0.177590046139374,9.82903337120007e-05,0.763377290170637,0.121846780397412,-0.47326384487218,0.813885645080438
-294.469231889055,0.299436826536787,0.0113235075089769,0.774478624305104,0.177590046139374,9.82903337120007e-05,0.763377290170637,0.121846780397412,-0.47326384487218,0.813885645080438
-294.469241889055,0.299436826536787,0.0113235075089769,0.774478624305104,0.177590046139374,9.82903337120007e-05,0.763377290170637,0.121846780397412,-0.47326384487218,0.813885645080438
-294.593291319884,0.299436826536787,0.0113235075089769,0.774478624305104,0.177590046139374,9.82903337120007e-05,0.763377290170637,0.121846780397412,-0.47326384487218,0.813885645080438
-294.593301319884,0.299436826536787,0.0113235075089769,0.774478624305104,0.177590046139374,9.82903337120007e-05,0.763377290170637,0.121846780397412,-0.47326384487218,0.813885645080438
-294.717350750714,0.299436826536787,0.0113235075089769,0.774478624305104,0.177590046139374,9.82903337120007e-05,0.763377290170637,0.121846780397412,-0.47326384487218,0.813885645080438
-294.717360750714,0.299436826536787,0.0113235075089769,0.774478624305104,0.177590046139374,9.82903337120007e-05,0.763377290170637,0.121846780397412,-0.47326384487218,0.813885645080438
-294.841410181544,0.299436826536787,0.0113235075089769,0.774478624305104,0.177590046139374,9.82903337120007e-05,0.763377290170637,0.121846780397412,-0.47326384487218,0.813885645080438
-294.841420181544,0.299436826536787,0.0113235075089769,0.774478624305104,0.177590046139374,9.82903337120007e-05,0.763377290170637,0.121846780397412,-0.47326384487218,0.813885645080438
-294.965469612374,0.299436826536787,0.0113235075089769,0.774478624305104,0.177590046139374,9.82903337120007e-05,0.763377290170637,0.121846780397412,-0.47326384487218,0.813885645080438
-294.965479612374,0.308638604105679,0.0123340685167895,0.781472215636416,0.188473170495987,0.000131051132466075,0.763377290170637,0.120165433609692,-0.488115970277157,0.81391384898111
-295.089529043203,0.308638604105679,0.0123340685167895,0.781472215636416,0.188473170495987,0.000131051132466075,0.763377290170637,0.120165433609692,-0.488115970277157,0.81391384898111
-295.089539043203,0.308638604105679,0.0123340685167895,0.781472215636416,0.188473170495987,0.000131051132466075,0.763377290170637,0.120165433609692,-0.488115970277157,0.81391384898111
-295.213588474033,0.308638604105679,0.0123340685167895,0.781472215636416,0.188473170495987,0.000131051132466075,0.763377290170637,0.120165433609692,-0.488115970277157,0.81391384898111
-295.213598474033,0.308638604105679,0.0123340685167895,0.781472215636416,0.188473170495987,0.000131051132466075,0.763377290170637,0.120165433609692,-0.488115970277157,0.81391384898111
-295.337647904863,0.308638604105679,0.0123340685167895,0.781472215636416,0.188473170495987,0.000131051132466075,0.763377290170637,0.120165433609692,-0.488115970277157,0.81391384898111
-295.337657904863,0.308638604105679,0.0123340685167895,0.781472215636416,0.188473170495987,0.000131051132466075,0.763377290170637,0.120165433609692,-0.488115970277157,0.81391384898111
-295.461707335693,0.308638604105679,0.0123340685167895,0.781472215636416,0.188473170495987,0.000131051132466075,0.763377290170637,0.120165433609692,-0.488115970277157,0.81391384898111
-295.461717335693,0.308638604105679,0.0123340685167895,0.781472215636416,0.188473170495987,0.000131051132466075,0.763377290170637,0.120165433609692,-0.488115970277157,0.81391384898111
-295.585766766522,0.308638604105679,0.0123340685167895,0.781472215636416,0.188473170495987,0.000131051132466075,0.763377290170637,0.120165433609692,-0.488115970277157,0.81391384898111
-295.585776766522,0.308638604105679,0.0123340685167895,0.781472215636416,0.188473170495987,0.000131051132466075,0.763377290170637,0.120165433609692,-0.488115970277157,0.81391384898111
-295.709826197352,0.308638604105679,0.0123340685167895,0.781472215636416,0.188473170495987,0.000131051132466075,0.763377290170637,0.120165433609692,-0.488115970277157,0.81391384898111
-295.709836197352,0.308638604105679,0.0123340685167895,0.781472215636416,0.188473170495987,0.000131051132466075,0.763377290170637,0.120165433609692,-0.488115970277157,0.81391384898111
-295.833885628182,0.308638604105679,0.0123340685167895,0.781472215636416,0.188473170495987,0.000131051132466075,0.763377290170637,0.120165433609692,-0.488115970277157,0.81391384898111
-295.833895628182,0.308638604105679,0.0123340685167895,0.781472215636416,0.188473170495987,0.000131051132466075,0.763377290170637,0.120165433609692,-0.488115970277157,0.81391384898111
-295.957945059012,0.308638604105679,0.0123340685167895,0.781472215636416,0.188473170495987,0.000131051132466075,0.763377290170637,0.120165433609692,-0.488115970277157,0.81391384898111
-295.957955059012,0.31644043801844,0.0113235075089769,0.807054926747853,0.197406251130363,0.000230213964095614,0.765946101317427,0.119034186888077,-0.555395131834734,0.813978697740353
-296.082004489841,0.31644043801844,0.0113235075089769,0.807054926747853,0.197406251130363,0.000230213964095614,0.765946101317427,0.119034186888077,-0.555395131834734,0.813978697740353
-296.082014489841,0.31644043801844,0.0113235075089769,0.807054926747853,0.197406251130363,0.000230213964095614,0.765946101317427,0.119034186888077,-0.555395131834734,0.813978697740353
-296.206063920671,0.31644043801844,0.0113235075089769,0.807054926747853,0.197406251130363,0.000230213964095614,0.765946101317427,0.119034186888077,-0.555395131834734,0.813978697740353
-296.206073920671,0.31644043801844,0.0113235075089769,0.807054926747853,0.197406251130363,0.000230213964095614,0.765946101317427,0.119034186888077,-0.555395131834734,0.813978697740353
-296.330123351501,0.31644043801844,0.0113235075089769,0.807054926747853,0.197406251130363,0.000230213964095614,0.765946101317427,0.119034186888077,-0.555395131834734,0.813978697740353
-296.330133351501,0.31644043801844,0.0113235075089769,0.807054926747853,0.197406251130363,0.000230213964095614,0.765946101317427,0.119034186888077,-0.555395131834734,0.813978697740353
-296.454182782331,0.31644043801844,0.0113235075089769,0.807054926747853,0.197406251130363,0.000230213964095614,0.765946101317427,0.119034186888077,-0.555395131834734,0.813978697740353
-296.454192782331,0.31644043801844,0.0113235075089769,0.807054926747853,0.197406251130363,0.000230213964095614,0.765946101317427,0.119034186888077,-0.555395131834734,0.813978697740353
-296.57824221316,0.31644043801844,0.0113235075089769,0.807054926747853,0.197406251130363,0.000230213964095614,0.765946101317427,0.119034186888077,-0.555395131834734,0.813978697740353
-296.57825221316,0.31644043801844,0.0113235075089769,0.807054926747853,0.197406251130363,0.000230213964095614,0.765946101317427,0.119034186888077,-0.555395131834734,0.813978697740353
-296.70230164399,0.31644043801844,0.0113235075089769,0.807054926747853,0.197406251130363,0.000230213964095614,0.765946101317427,0.119034186888077,-0.555395131834734,0.813978697740353
-296.70231164399,0.31644043801844,0.0113235075089769,0.807054926747853,0.197406251130363,0.000230213964095614,0.765946101317427,0.119034186888077,-0.555395131834734,0.813978697740353
-296.82636107482,0.31644043801844,0.0113235075089769,0.807054926747853,0.197406251130363,0.000230213964095614,0.765946101317427,0.119034186888077,-0.555395131834734,0.813978697740353
-296.82637107482,0.31644043801844,0.0113235075089769,0.807054926747853,0.197406251130363,0.000230213964095614,0.765946101317427,0.119034186888077,-0.555395131834734,0.813978697740353
-296.95042050565,0.31644043801844,0.0113235075089769,0.807054926747853,0.197406251130363,0.000230213964095614,0.765946101317427,0.119034186888077,-0.555395131834734,0.813978697740353
-296.95043050565,0.307048224762684,0.00671592043905166,0.811646378106719,0.18705636732465,0.000230213964095614,0.78313553779158,0.119991857438033,-0.571353463340306,0.787656009643027
-297.074479936479,0.307048224762684,0.00671592043905166,0.811646378106719,0.18705636732465,0.000230213964095614,0.78313553779158,0.119991857438033,-0.571353463340306,0.787656009643027
-297.074489936479,0.307048224762684,0.00671592043905166,0.811646378106719,0.18705636732465,0.000230213964095614,0.78313553779158,0.119991857438033,-0.571353463340306,0.787656009643027
-297.198539367309,0.307048224762684,0.00671592043905166,0.811646378106719,0.18705636732465,0.000230213964095614,0.78313553779158,0.119991857438033,-0.571353463340306,0.787656009643027
-297.198549367309,0.307048224762684,0.00671592043905166,0.811646378106719,0.18705636732465,0.000230213964095614,0.78313553779158,0.119991857438033,-0.571353463340306,0.787656009643027
-297.322598798139,0.307048224762684,0.00671592043905166,0.811646378106719,0.18705636732465,0.000230213964095614,0.78313553779158,0.119991857438033,-0.571353463340306,0.787656009643027
-297.322608798139,0.307048224762684,0.00671592043905166,0.811646378106719,0.18705636732465,0.000230213964095614,0.78313553779158,0.119991857438033,-0.571353463340306,0.787656009643027
-297.446658228969,0.307048224762684,0.00671592043905166,0.811646378106719,0.18705636732465,0.000230213964095614,0.78313553779158,0.119991857438033,-0.571353463340306,0.787656009643027
-297.446668228969,0.307048224762684,0.00671592043905166,0.811646378106719,0.18705636732465,0.000230213964095614,0.78313553779158,0.119991857438033,-0.571353463340306,0.787656009643027
-297.570717659798,0.307048224762684,0.00671592043905166,0.811646378106719,0.18705636732465,0.000230213964095614,0.78313553779158,0.119991857438033,-0.571353463340306,0.787656009643027
-297.570727659798,0.307048224762684,0.00671592043905166,0.811646378106719,0.18705636732465,0.000230213964095614,0.78313553779158,0.119991857438033,-0.571353463340306,0.787656009643027
-297.694777090628,0.307048224762684,0.00671592043905166,0.811646378106719,0.18705636732465,0.000230213964095614,0.78313553779158,0.119991857438033,-0.571353463340306,0.787656009643027
-297.694787090628,0.307048224762684,0.00671592043905166,0.811646378106719,0.18705636732465,0.000230213964095614,0.78313553779158,0.119991857438033,-0.571353463340306,0.787656009643027
-297.818836521458,0.307048224762684,0.00671592043905166,0.811646378106719,0.18705636732465,0.000230213964095614,0.78313553779158,0.119991857438033,-0.571353463340306,0.787656009643027
-297.818846521458,0.307048224762684,0.00671592043905166,0.811646378106719,0.18705636732465,0.000230213964095614,0.78313553779158,0.119991857438033,-0.571353463340306,0.787656009643027
-297.942895952288,0.307048224762684,0.00671592043905166,0.811646378106719,0.18705636732465,0.000230213964095614,0.78313553779158,0.119991857438033,-0.571353463340306,0.787656009643027
-297.942905952288,0.323570214235244,0.0169312464569676,0.848564130836111,0.200582144382991,0.000230213964095614,0.794205484733197,0.122988069852253,-0.584504429179848,0.81391384898111
-298.066955383117,0.323570214235244,0.0169312464569676,0.848564130836111,0.200582144382991,0.000230213964095614,0.794205484733197,0.122988069852253,-0.584504429179848,0.81391384898111
-298.066965383117,0.323570214235244,0.0169312464569676,0.848564130836111,0.200582144382991,0.000230213964095614,0.794205484733197,0.122988069852253,-0.584504429179848,0.81391384898111
-298.191014813947,0.323570214235244,0.0169312464569676,0.848564130836111,0.200582144382991,0.000230213964095614,0.794205484733197,0.122988069852253,-0.584504429179848,0.81391384898111
-298.191024813947,0.323570214235244,0.0169312464569676,0.848564130836111,0.200582144382991,0.000230213964095614,0.794205484733197,0.122988069852253,-0.584504429179848,0.81391384898111
-298.315074244777,0.323570214235244,0.0169312464569676,0.848564130836111,0.200582144382991,0.000230213964095614,0.794205484733197,0.122988069852253,-0.584504429179848,0.81391384898111
-298.315084244777,0.323570214235244,0.0169312464569676,0.848564130836111,0.200582144382991,0.000230213964095614,0.794205484733197,0.122988069852253,-0.584504429179848,0.81391384898111
-298.439133675607,0.323570214235244,0.0169312464569676,0.848564130836111,0.200582144382991,0.000230213964095614,0.794205484733197,0.122988069852253,-0.584504429179848,0.81391384898111
-298.439143675607,0.323570214235244,0.0169312464569676,0.848564130836111,0.200582144382991,0.000230213964095614,0.794205484733197,0.122988069852253,-0.584504429179848,0.81391384898111
-298.563193106437,0.323570214235244,0.0169312464569676,0.848564130836111,0.200582144382991,0.000230213964095614,0.794205484733197,0.122988069852253,-0.584504429179848,0.81391384898111
-298.563203106437,0.323570214235244,0.0169312464569676,0.848564130836111,0.200582144382991,0.000230213964095614,0.794205484733197,0.122988069852253,-0.584504429179848,0.81391384898111
-298.687252537266,0.323570214235244,0.0169312464569676,0.848564130836111,0.200582144382991,0.000230213964095614,0.794205484733197,0.122988069852253,-0.584504429179848,0.81391384898111
-298.687262537266,0.323570214235244,0.0169312464569676,0.848564130836111,0.200582144382991,0.000230213964095614,0.794205484733197,0.122988069852253,-0.584504429179848,0.81391384898111
-298.811311968096,0.323570214235244,0.0169312464569676,0.848564130836111,0.200582144382991,0.000230213964095614,0.794205484733197,0.122988069852253,-0.584504429179848,0.81391384898111
-298.811321968096,0.323570214235244,0.0169312464569676,0.848564130836111,0.200582144382991,0.000230213964095614,0.794205484733197,0.122988069852253,-0.584504429179848,0.81391384898111
-298.935371398926,0.323570214235244,0.0169312464569676,0.848564130836111,0.200582144382991,0.000230213964095614,0.794205484733197,0.122988069852253,-0.584504429179848,0.81391384898111
-298.935381398926,0.323570214235244,0.0169312464569676,0.848564130836111,0.200582144382991,0.000230213964095614,0.794205484733197,0.122988069852253,-0.584504429179848,0.81391384898111
-298.935371398926,0.323570214235244,0.0169312464569676,0.848564130836111,0.200582144382991,0.000230213964095614,0.794205484733197,0.122988069852253,-0.584504429179848,0.81391384898111
